name,affiliation,homepage,scholarid,orcid
A Min Tjoa,TU Wien,http://www.ifs.tuwien.ac.at/tjoa,x8qCMhcAAAAJ,0000-0002-8295-9252
A. Akbari Azirani,IUST,http://ce.iust.ac.ir/page.php?slct_pg_id=6537&sid=14&slc_lang=en,pCil4_cAAAAJ,0000-0000-0000-0000
A. Akbariazirani,IUST,http://ce.iust.ac.ir/page.php?slct_pg_id=6537&sid=14&slc_lang=en,pCil4_cAAAAJ,0000-0000-0000-0000
A. Aldo Faisal,Imperial College London,https://www.imperial.ac.uk/people/a.faisal,WjHjbrwAAAAJ,0000-0003-0813-7207
A. Antony Franklin,IIT Hyderabad,http://www.iith.ac.in/~antony/index.html,LVfqLuoAAAAJ,0000-0002-1809-2025
A. B. M. Alim Al Islam,BUET,https://sites.google.com/site/abmalimalislam,K-AIPzQAAAAJ,0000-0000-0000-0000
A. B. Siddique 0001,University of Kentucky,http://cs.uky.edu/~siddique,pVnchfsAAAAJ,0000-0002-3587-7289
A. Baskar,BITS Pilani-Goa,https://www.bits-pilani.ac.in/goa/abaskar/profile,mNpOTuEAAAAJ,0000-0000-0000-0000
A. C. Cem Say,Boğaziçi University,https://www.cmpe.boun.edu.tr/~say,rOum2XsAAAAJ,0000-0000-0000-0000
A. C. W. Finkelstein,City University of London,https://finkelstein.uk,n8xuCVkAAAAJ,0000-0000-0000-0000
A. Cüneyd Tantug,Istanbul Technical University,http://tantug.com,TTawdWMAAAAJ,0000-0000-0000-0000
A. David Marshall,Cardiff University,https://www.cardiff.ac.uk/people/view/118142-marshall-david,7HJzGQYAAAAJ,0000-0000-0000-0000
A. E. Eiben,VU Amsterdam,http://www.cs.vu.nl/~gusz,NMuDAe0AAAAJ,0000-0000-0000-0000
A. Ercüment Çiçek,Bilkent University,http://ciceklab.cs.bilkent.edu.tr/ercumentcicek,n25sJzkAAAAJ,0000-0001-8613-6619
A. Giray Yaglikçi,CISPA Helmholtz Center,https://agyaglikci.github.io,mt15O64AAAAJ,0000-0002-9333-6077
A. J. Field,Imperial College London,http://wp.doc.ic.ac.uk/ajf,rn3Lg2wAAAAJ,0000-0000-0000-0000
A. J. H. Hidders,Birkbeck University of London,https://www.dcs.bbk.ac.uk/about/people/academic-staff/hidders-jan,EHD4dXkAAAAJ,0000-0000-0000-0000
A. J. Jansen 0001,CWI,http://homepages.cwi.nl/~jack,qHiBTg0AAAAJ,0000-0000-0000-0000
A. J. Kfoury,Boston University,http://www.cs.bu.edu/~kfoury,VpdYemsAAAAJ,0000-0000-0000-0000
A. Jefferson Offutt,University at Albany - SUNY,https://www.albany.edu/faculty/offutt,fAeRp3kAAAAJ,0000-0000-0000-0000
A. John Power,University of Bath,http://www.bath.ac.uk/comp-sci/contacts/academics/john_power,mCvZPDn8heUC,0000-0000-0000-0000
A. K. McIver,Macquarie University,https://researchers.mq.edu.au/en/persons/annabelle-mciver,9fvUO9QAAAAJ,0000-0000-0000-0000
A. Lynn Abbott,Virginia Tech,https://ece.vt.edu/people/profile/abbott.html,UJVd84YAAAAJ,0000-0000-0000-0000
A. M. A. Hemmatyar,Sharif University of Technology,http://sharif.edu/~hemmatyar,NOSCHOLARPAGE,0000-0000-0000-0000
A. Mokhade,VNIT Nagpur,https://vnit.ac.in/engineering/cse/dr-a-s-mokhade,OS8D5xkAAAAJ,0000-0000-0000-0000
A. Murat Ozbayoglu,TOBB ETÜ,http://mozbayoglu.etu.edu.tr,rNLLqKoAAAAJ,0000-0000-0000-0000
A. Neil Arnason,University of Manitoba,http://www.cs.umanitoba.ca/~arnason,NOSCHOLARPAGE,0000-0000-0000-0000
A. P. Sarath Chandar,Polytechnique Montreal,http://sarathchandar.in,yxWtZLAAAAAJ,0000-0000-0000-0000
A. P. Vinod 0001,Nanyang Technological University,http://www.ntu.edu.sg/home/asvinod,NOSCHOLARPAGE,0000-0000-0000-0000
A. Pavan 0001,Iowa State University,http://www.cs.iastate.edu/people/pavan-aduri,4QIV0FUAAAAJ,0000-0003-1665-5266
A. Prasad Sistla,University of Illinois at Chicago,https://www.cs.uic.edu/Sistla,NOSCHOLARPAGE,0009-0005-8331-7912
A. Prasad Vinod 0001,Nanyang Technological University,http://www.ntu.edu.sg/home/asvinod,NOSCHOLARPAGE,0000-0001-9408-1275
A. Robert Calderbank,Duke University,https://ece.duke.edu/faculty/robert-calderbank,XtUBAtwAAAAJ,0000-0000-0000-0000
A. Rupam Mahmood,University of Alberta,https://armahmood.github.io,YwB8XM4AAAAJ,0000-0000-0000-0000
A. S. M. Hoque,BUET,https://cse.buet.ac.bd/faculty_list/detail/asmlatifulhoque,3-Sb7tMAAAAJ,0000-0000-0000-0000
A. S. M. Latiful Hoque,BUET,https://cse.buet.ac.bd/faculty_list/detail/asmlatifulhoque,3-Sb7tMAAAAJ,0000-0000-0000-0000
A. S. Madhukumar,Nanyang Technological University,http://www3.ntu.edu.sg/home/asmadhukumar,mF-F-zkAAAAJ,0000-0000-0000-0000
A. Selcuk Uluagac,Florida International University,http://nweb.eng.fiu.edu/selcuk,tcK62uAAAAAJ,0000-0002-9823-3464
A. Sima Etaner-Uyar,Istanbul Technical University,http://akademi.itu.edu.tr/en/etaner,qvxemZwAAAAJ,0000-0000-0000-0000
A. T. Chamillard,UCCS,http://www.uccs.edu/cs/about/faculty/tim-chamillard.html,NOSCHOLARPAGE,0000-0000-0000-0000
A. Taufiq Asyhari,Monash University Indonesia,https://www.monash.edu/indonesia/about/academic-staff/taufiq-asyhari,jxIKzgYAAAAJ,0000-0002-3023-8285
A. Taylan Cemgil,Boğaziçi University,https://www.cmpe.boun.edu.tr/~cemgil,X3ZFZ7AAAAAJ,0000-0000-0000-0000
A. Th. Schreiber,VU Amsterdam,http://www.cs.vu.nl/~guus,lRZKdMYAAAAJ,0000-0000-0000-0000
A. V. Sreejith,IIT Goa,https://www.iitgoa.ac.in/~sreejithav,6LVNqAMAAAAJ,0000-0000-0000-0000
A. Venkata Subramanyam,IIIT Delhi,http://www.iiitd.ac.in/subramanyam,aPDRgKAAAAAJ,0000-0000-0000-0000
A. W. Roscoe 0001,University of Oxford,http://www.cs.ox.ac.uk/bill.roscoe,miixtKcAAAAJ,0000-0000-0000-0000
Aaditeshwar Seth,IIT Delhi,http://www.cse.iitd.ernet.in/~aseth,XpOIYBoAAAAJ,0000-0000-0000-0000
Aakash Gautam,University of Pittsburgh,https://aakash.xyz,b3DcFdsAAAAJ,0000-0001-8023-4648
Aamena Al Shamsi,Masdar Institute,https://www.masdar.ac.ae/aboutus/management/faculty-directory/item/6602-aamena-ali-al-shamsi,45uuU3gAAAAJ,0000-0000-0000-0000
Aamena Alshamsi,Masdar Institute,https://www.masdar.ac.ae/aboutus/management/faculty-directory/item/6602-aamena-ali-al-shamsi,45uuU3gAAAAJ,0000-0000-0000-0000
Aamir Cheema,Monash University,https://research.monash.edu/en/persons/aamir-cheema,chWbG70AAAAJ,0000-0000-0000-0000
Aamir Saeed Malik,Brno University of Technology,https://www.fit.vut.cz/person/malik,wgdxIH0AAAAJ,0000-0000-0000-0000
Aanjhan Ranganathan,Northeastern University,https://www.aanjhan.com,Jid_EAkAAAAJ,0000-0003-0464-5861
Aapo Hyvärinen,University of Helsinki,https://www.cs.helsinki.fi/u/ahyvarin,UnrY-40AAAAJ,0000-0000-0000-0000
Aarne Ranta,Chalmers/GU,https://www.chalmers.se/en/staff/Pages/aarne-ranta.aspx,NOSCHOLARPAGE,0000-0000-0000-0000
Aaron Bernstein,New York University,https://wp.nyu.edu/tandonschoolofengineering-aaronbernstein,N94spO0AAAAJ,0000-0002-7599-2679
Aaron C. Courville,University of Montreal,https://aaroncourville.wordpress.com,km6CP8cAAAAJ,0000-0001-6223-0301
Aaron Clauset,University of Colorado Boulder,https://www.colorado.edu/faculty/clauset,e7VI_HcAAAAJ,0000-0002-3529-8746
Aaron D. Ames,California Inst. of Technology,http://ames.caltech.edu,TjWwqmwAAAAJ,0000-0003-0848-3177
Aaron D. Striegel,University of Notre Dame,https://engineering.nd.edu/profiles/astriegel,w88NouMAAAAJ,0000-0000-0000-0000
Aaron F. Bobick,Washington University in St. Louis,https://engineering.washu.edu/faculty/Aaron-Bobick.html,rynvwScAAAAJ,0000-0000-0000-0000
Aaron Henry Potechin,University of Chicago,http://www.potechin.org/aaronpotechin,z28rttMAAAAJ,0000-0000-0000-0000
Aaron J. Elmore,University of Chicago,http://people.cs.uchicago.edu/~aelmore,bEXfdkoAAAAJ,0000-0002-4062-8826
Aaron Leon Roth,University of Pennsylvania,http://www.cis.upenn.edu/~aaroth,kLUQrrYAAAAJ,0000-0002-0586-0515
Aaron M. Dollar,Yale University,https://seas.yale.edu/faculty-research/faculty-directory/aaron-m-dollar,jFekO3IAAAAJ,0000-0002-2409-4668
Aaron McFadyen,Queensland Univ. of Technology,https://research.qut.edu.au/qcr/people/aaron-mcfadyen,vXjZnIkAAAAJ,0000-0002-9158-0412
Aaron Mueller,Boston University,https://aaronmueller.github.io,lhwxXg4AAAAJ,0009-0005-1148-5001
Aaron Potechin,University of Chicago,http://www.potechin.org/aaronpotechin,z28rttMAAAAJ,0009-0008-8205-1608
Aaron Roth 0001,University of Pennsylvania,http://www.cis.upenn.edu/~aaroth,kLUQrrYAAAAJ,0000-0002-0586-0515
Aaron Schulman,Univ. of California - San Diego,http://cseweb.ucsd.edu/~schulman,OP27m34AAAAJ,0000-0002-9280-8925
Aaron Sidford,Stanford University,http://www.aaronsidford.com,SWqd2rgAAAAJ,0000-0003-2675-7610
Aaron Steven White,University of Rochester,http://aaronstevenwhite.io,R-ZVWNEAAAAJ,0000-0003-0057-9246
Aaron Striegel,University of Notre Dame,https://engineering.nd.edu/profiles/astriegel,w88NouMAAAAJ,0000-0002-3157-2859
Aaron Stump,University of Iowa,https://www.cs.uiowa.edu/~astump,568MtVQAAAAJ,0000-0002-9720-0003
Aaron Visaggio,University of Sannio,https://www.unisannio.it/it/users/corrado-aaron-visaggio,bNMLhsIAAAAJ,0000-0000-0000-0000
Aart Middeldorp,University of Innsbruck,http://cl-informatik.uibk.ac.at/users/ami,R9MO_3AAAAAJ,0000-0001-7366-8464
Aarti Gupta,Princeton University,https://www.cs.princeton.edu/people/profile/aartig,S_jYB2sAAAAJ,0000-0001-6676-9400
Aarti Sathyanarayana,Northeastern University,https://www.aartisathyanarayana.org,gIvDmmEAAAAJ,0000-0000-0000-0000
Aarti Singh,Carnegie Mellon University,http://www.cs.cmu.edu/~aarti,6jP3ZSEAAAAJ,0000-0000-0000-0000
Aarushi Goel,Rutgers University,https://aarushigoel.github.io,e-9_xpYAAAAJ,0000-0002-8903-6354
Aasa Feragen,DTU,http://www2.compute.dtu.dk/~afhar,MNDVpoUAAAAJ,0000-0002-9945-981X
Aashish Yadavally,University of Central Florida,https://aashishyadavally.github.io,6c3v-nUAAAAJ,0000-0001-8785-6319
Aastha Mehta,University of British Columbia,https://aasthakm.github.io,l1jObzoAAAAJ,0009-0005-3416-5254
Aayush Jain,Carnegie Mellon University,https://sites.google.com/view/aayushjain,VZ6S70MAAAAJ,0009-0001-7138-2777
Abani K. Patra,Tufts University,https://engineering.tufts.edu/cs/people/faculty/abani-patra,J1dycZQAAAAJ,0000-0000-0000-0000
Abbas Edalat,Imperial College London,https://www.doc.ic.ac.uk/~ae,KP1AXgwAAAAJ,0000-0002-6211-1991
Abbas Heydarnoori,Sharif University of Technology,http://sharif.edu/~heydarnoori,s5vgK3kAAAAJ,0000-0001-9785-2880
Abbe Mowshowitz,CUNY,https://www.ccny.cuny.edu/profiles/abbe-mowshowitz,KwmExSIAAAAJ,0000-0000-0000-0000
Abbes Amira,Qatar University,http://www.qu.edu.qa/engineering/computer/faculty/abbes.php,yp_wQZMAAAAJ,0000-0000-0000-0000
Abby Stylianou,Saint Louis University,https://cs.slu.edu/people/stylianou,mNoB9SgAAAAJ,0000-0000-0000-0000
Abdalla Swikir,MBZUAI,https://mbzuai.ac.ae/study/faculty/abdalla-swikir,SRX1SmMAAAAJ,0000-0000-0000-0000
Abdallah Saffidine,UNSW,http://www.cse.unsw.edu.au/~abdallahs,yWzT7LAAAAAJ,0000-0001-9805-8291
Abdel Latif Abu Dalhoum,University of Jordan,http://eacademic.ju.edu.jo/a.latif,zXiv9G8AAAAJ,0000-0000-0000-0000
AbdelRahman Abdou,Carleton University,http://people.scs.carleton.ca/~abdou,qEl1DpQAAAAJ,0000-0002-2783-107X
Abdelaziz Bouras,Qatar University,http://www.qu.edu.qa/engineering/computer/faculty/abdelaziz_bouras.php,QKaJ_JgAAAAJ,0000-0000-0000-0000
Abdelfattah Amamra,University of Connecticut,http://www.cse.uconn.edu/people/faculty,cXl_OFIAAAAJ,0000-0000-0000-0000
Abdelhakim Hafid,University of Montreal,http://www.iro.umontreal.ca/~ahafid,NOSCHOLARPAGE,0000-0000-0000-0000
Abdelhakim Senhaji Hafid,University of Montreal,http://www.iro.umontreal.ca/~ahafid,NOSCHOLARPAGE,0000-0000-0000-0000
Abdelkarim Erradi,Qatar University,http://www.qu.edu.qa/engineering/computer/faculty/erradi.php,2VhGiuAAAAAJ,0000-0002-8333-3454
Abdelmounaam Rezgui,New Mexico Tech,http://nmt.edu/academics/compsci/faculty/arezgui.php,QUuC8lAAAAAJ,0000-0000-0000-0000
Abdelsalam Helal,University of Florida,http://www.cise.ufl.edu/~helal,NOSCHOLARPAGE,0000-0000-0000-0000
Abdeltawab M. Hendawi,University of Rhode Island,https://homepage.cs.uri.edu/~ahendawi,ad3Gki4AAAAJ,0000-0000-0000-0000
Abderrahmane Lakas,UAEU,https://research.uaeu.ac.ae/en/persons/abderrahmane-lakas,qTlcPukAAAAJ,0000-0000-0000-0000
Abdeslam Boularias,Rutgers University,http://www.abdeslam.net,8AF3RCsAAAAJ,0000-0000-0000-0000
Abdol-Hossein Esfahanian,Michigan State University,http://www.cse.msu.edu/~esfahani,NOSCHOLARPAGE,0000-0001-6018-5471
Abdolreza Abhari,Toronto Metropolitan University,https://www.scs.torontomu.ca/~aabhari,V8hkFhcAAAAJ,0009-0009-6316-1294
Abdou S. Youssef,George Washington University,https://www.seas.gwu.edu/~ayoussef,NOSCHOLARPAGE,0000-0000-0000-0000
Abdou Youssef,George Washington University,https://www.seas.gwu.edu/~ayoussef,NOSCHOLARPAGE,0000-0000-0000-0000
Abdoulaye Baniré Diallo,Université du Québec à Montréal,https://professeurs.uqam.ca/professeur/diallo.abdoulaye,NOSCHOLARPAGE,0000-0000-0000-0000
Abdul Mohsen Almalawi,King Abdulaziz University,http://balmalowy.kau.edu.sa/CVEn.aspx?Site_ID=0008859&Lng=EN,XxBxuykAAAAJ,0000-0000-0000-0000
Abdul Sattar 0001,Griffith University,https://experts.griffith.edu.au/18511-abdul-sattar,NgPmzMsAAAAJ,0000-0002-2567-2052
Abdul Serwadda,Texas Tech University,https://www.depts.ttu.edu/cs/faculty/Abdul_Serwadda,0YfFzzUAAAAJ,0000-0000-0000-0000
Abdulaziz Ali,Qatar University,http://www.qu.edu.qa/engineering/computer/faculty/abdulla_alali.php,S42RixYAAAAJ,0000-0000-0000-0000
Abdulhakim Ali Qahtan,Utrecht University,https://www.uu.nl/staff/AAAQahtan,8eKzXa8AAAAJ,0000-0001-8254-1764
Abdulla K. Al-Ali,Qatar University,http://www.qu.edu.qa/engineering/computer/faculty/abdulla_alali.php,s1LawbAAAAAJ,0000-0000-0000-0000
Abdullah Al Arafat,Florida International University,https://abdullahaarafat.github.io,TM7bqtYAAAAJ,0000-0002-7017-0158
Abdullah Al Redwan Newaz,University of New Orleans,https://www.uno.edu/profile/faculty/abdullah-al_redwan-newaz,L_ctqf0AAAAJ,0000-0000-0000-0000
Abdullah Al-Mamun 0001,Augusta University,https://www.augusta.edu/faculty/directory/view.php?id=AALMAMUN,PpBDA1cAAAAJ,0000-0000-0000-0000
Abdullah Algarni,King Abdulaziz University,https://www.facebook.com/public/Abdullah-Algarni/school/King-Abdulaziz-University-103095679730320,fQldSpoAAAAJ,0000-0000-0000-0000
Abdullah Basuhail,King Abdulaziz University,http://abasuhail.kau.edu.sa/Default.aspx?Site_ID=0012375&lng=EN,NOSCHOLARPAGE,0000-0000-0000-0000
Abdullah Ercument Cicek,Bilkent University,http://ciceklab.cs.bilkent.edu.tr/ercumentcicek,n25sJzkAAAAJ,0000-0000-0000-0000
Abdullah Mueen,University of New Mexico,http://www.cs.unm.edu/~mueen,OImDWloAAAAJ,0000-0002-4839-1624
Abdullah Muzahid,Texas A&M University,http://people.tamu.edu/~abdullah.muzahid/index.html,hN7mpGMAAAAJ,0000-0001-8145-815X
Abdullah Uz Tansel,CUNY,https://www.gc.cuny.edu/Page-Elements/Academics-Research-Centers-Initiatives/Doctoral-Programs/Computer-Science/Faculty-Bios/Abdullah-Uz-Tansel,emeq3i8AAAAJ,0000-0000-0000-0000
Abdullah Yasin Nur,University of New Orleans,https://ayasinnur.com,hxKxyYYAAAAJ,0000-0003-4554-2471
Abdullah-Al-Zubaer Imran,University of Kentucky,https://aaz-imran.github.io,HI7UKCIAAAAJ,0000-0001-5215-339X
Abdulmohsen Almalawi,King Abdulaziz University,http://balmalowy.kau.edu.sa/CVEn.aspx?Site_ID=0008859&Lng=EN,XxBxuykAAAAJ,0000-0002-4389-1339
Abdulrahman Mahmoud,MBZUAI,https://mbzuai.ac.ae/study/faculty/abdulrahman-mahmoud,LRZKQpkAAAAJ,0000-0000-0000-0000
Abe Davis,Cornell University,http://abedavis.com,-Gp8ghkAAAAJ,0000-0003-1469-2696
Abedelaziz Mohaisen,University of Central Florida,http://cs.ucf.edu/~mohaisen,q387AywAAAAJ,0000-0003-3227-2505
Abel Armas-Cervantes,University of Melbourne,https://findanexpert.unimelb.edu.au/profile/822941-abel-armas-cervantes,W9Wf9LoAAAAJ,0000-0003-0628-2451
Abel G. da Silva Filho,UFPE,https://www.cin.ufpe.br/~agsf,vzHzlxkAAAAJ,0000-0000-0000-0000
Abel Guilhermino Silva-Filho,UFPE,https://www.cin.ufpe.br/~agsf,vzHzlxkAAAAJ,0000-0000-0000-0000
Abel Guilhermino da Silva Filho,UFPE,https://www.cin.ufpe.br/~agsf,vzHzlxkAAAAJ,0000-0000-0000-0000
Abel Souza,Univ. of California - Santa Cruz,https://asouza.io,Ino3cIwAAAAJ,0000-0001-6952-1195
Abhaya Kumar Sahoo,KIIT Bhubaneswar,https://cse.kiit.ac.in/profiles/abhaya-kumar-sahoo,xaOLqGMAAAAJ,0000-0000-0000-0000
Abhi Shelat,Northeastern University,https://shelat.khoury.northeastern.edu,Te94nKAAAAAJ,0000-0000-0000-0000
Abhijeet Ghosh,Imperial College London,http://www.doc.ic.ac.uk/~ghosh,EG_UZvwAAAAJ,0000-0003-1015-1091
Abhijit Das 0004,IIT Kharagpur,http://cse.iitkgp.ac.in/~abhij,vpWPul0AAAAJ,0000-0000-0000-0000
Abhijit Mahalanobis,University of Central Florida,https://www.crcv.ucf.edu/person/abhijit-mahalanobis,L9Y5FbwAAAAJ,0000-0002-2782-8655
Abhijit S. Pandya,Florida Atlantic University,http://pire.fiu.edu/faculty/Dr_Pandya.php,NOSCHOLARPAGE,0000-0000-0000-0000
Abhijnan Chakraborty,IIT Kharagpur,https://cse.iitkgp.ac.in/~abhijnan,21oQO9oAAAAJ,0000-0003-0908-1639
Abhik Roychoudhury,National University of Singapore,https://www.comp.nus.edu.sg/~abhik,UxFWSJIAAAAJ,0000-0002-7127-1137
Abhilash Jindal,IIT Delhi,http://abhilash-jindal.com,_af8suQAAAAJ,0000-0000-0000-0000
Abhinav Bhatele,Univ. of Maryland - College Park,http://www.cs.umd.edu/~bhatele,3x65qtwAAAAJ,0000-0003-3069-3701
Abhinav Dhall,IIT Ropar,http://www.iitrpr.ac.in/cse/abhinavdhall,ypusncAAAAAJ,0000-0000-0000-0000
Abhinav Gupta 0001,Carnegie Mellon University,http://www.cs.cmu.edu/~abhinavg,NOSCHOLARPAGE,0000-0000-0000-0000
Abhinav Kumar Singh,University of Southampton,https://www.ecs.soton.ac.uk/people/aks1a19,tkp3t2gAAAAJ,0000-0000-0000-0000
Abhinav Shrivastava,Univ. of Maryland - College Park,http://abhinavsh.info,mIF9BowAAAAJ,0000-0001-8928-8554
Abhinav Verma 0001,Pennsylvania State University,https://averma8053.github.io,jM1HeCIAAAAJ,0000-0002-9820-8285
Abhir Bhalerao,University of Warwick,https://warwick.ac.uk/fac/sci/dcs/people/abhir_bhalerao,XfBoSP4AAAAJ,0000-0000-0000-0000
Abhir H. Bhalerao,University of Warwick,https://warwick.ac.uk/fac/sci/dcs/people/abhir_bhalerao,XfBoSP4AAAAJ,0000-0000-0000-0000
Abhiram G. Ranade,IIT Bombay,https://www.cse.iitb.ac.in/~ranade,lb5ffQ8AAAAJ,0000-0000-0000-0000
Abhiram Ranade,IIT Bombay,https://www.cse.iitb.ac.in/~ranade,lb5ffQ8AAAAJ,0000-0000-0000-0000
Abhisek Chakrabarty,BITS Pilani-Goa,https://abhisek-chakrabarty.github.io,V1Wxp0MAAAAJ,0000-0002-5947-4775
Abhishek Bhattacharjee,Yale University,https://cpsc.yale.edu/people/abhishek-bhattacharjee,AopgnHAAAAAJ,0000-0003-2742-2679
Abhishek Bichhawat,IIT Gandhinagar,https://iitgn.ac.in/faculty/cse/abhishek,qJavKW4AAAAJ,0000-0002-3075-2743
Abhishek Chandra,University of Minnesota,http://www-users.cs.umn.edu/~chandra,hSklLfsAAAAJ,0000-0003-2319-6221
Abhishek Dubey,Vanderbilt University,https://engineering.vanderbilt.edu/bio/?pid=abhishek-dubey,5J3w9OoAAAAJ,0000-0002-0168-4948
Abhishek Gupta 0004,University of Washington,https://abhishekunique.github.io,1wLVDP4AAAAJ,0000-0000-0000-0000
Abhishek Jain 0002,Johns Hopkins University,https://www.cs.jhu.edu/faculty/abhishek-jain,xjkmJsgAAAAJ,0000-0002-3572-7643
Abhishek Kr Singh,Tel Aviv University,https://sites.google.com/view/abhishek-singh/home,ps296UkAAAAJ,0000-0002-2760-5419
Abhishek Mishra,BITS Pilani,http://www.bits-pilani.ac.in/pilani/abhishekmisra/profile,Ayz2rOwAAAAJ,0009-0009-9489-2217
Abhishek Moitra,Washington State University,https://school.eecs.wsu.edu/directory/wsu-profile/abhishek.moitra,Mv7T17QAAAAJ,0000-0002-0534-5206
Abhishek Ray,KIIT Bhubaneswar,https://cse.kiit.ac.in/profiles/abhishek-ray,EdzCjnAAAAAJ,0000-0000-0000-0000
Abhishek Sahu,NISER,https://sites.google.com/view/abhisheksahu1,L8LNMS8AAAAJ,0000-0000-0000-0000
Abhishek Sarkar,IIIT Hyderabad,https://www.iiit.ac.in/people/faculty/abhishek.sarkar,SV0gEjQAAAAJ,0000-0002-7828-7705
Abhishek Sinha,Tata Inst. of Fundamental Research,https://abhishek-sinha-tifr.github.io,Oc7BRX0AAAAJ,0000-0001-7220-0691
Abhishek Srivastava,IIT Indore,http://cse.iiti.ac.in/faculty.html,8DUQgIIAAAAJ,0000-0000-0000-0000
Abhradeep Guha Thakurta,Univ. of California - Santa Cruz,https://aguhatha.github.io,1rV69hMAAAAJ,0000-0000-0000-0000
Abhradeep Thakurta,Univ. of California - Santa Cruz,https://aguhatha.github.io,1rV69hMAAAAJ,0000-0000-0000-0000
Abhranil Chatterjee 0001,IIT Kanpur,https://cabhranil.bitbucket.io,I-O309QAAAAJ,0000-0001-7855-7886
Abilio Lucena,UFRJ,http://www.cos.ufrj.br/index.php/pt-BR/pessoas/details/18/2201-abiliolucena,_YS2DcIAAAAJ,0000-0000-0000-0000
Abir Das,IIT Kharagpur,http://cse.iitkgp.ac.in/~adas,L4yEk2UAAAAJ,0000-0000-0000-0000
Abir De,IIT Bombay,https://abir-de.github.io,_9ZKKbIAAAAJ,0000-0002-9062-3636
Abiy Tasissa,Tufts University,https://engineering.tufts.edu/cs/people/faculty/abiy-tasissa,QpCV5uIAAAAJ,0000-0000-0000-0000
Abolfazl Asudeh,University of Illinois at Chicago,https://asudeh.github.io,cJXIgasAAAAJ,0000-0002-5251-6186
Abolfazl Razi,Clemson University,https://arazi.people.clemson.edu,DhwC8gsAAAAJ,0000-0002-3330-6132
Abolfazl S. Motahari,Sharif University of Technology,http://ce.sharif.edu/faculty/abolfazl-motahari,rJ-biB0AAAAJ,0000-0000-0000-0000
Abolfazl Seyed Motahari,Sharif University of Technology,http://ce.sharif.edu/faculty/abolfazl-motahari,rJ-biB0AAAAJ,0000-0000-0000-0000
Aboubaker Lasebae,Middlesex University,https://www.mdx.ac.uk/about-us/our-people/staff-directory/profile/lasebae-aboubaker,NOSCHOLARPAGE,0000-0003-2312-9694
Abraham Bernstein,University of Zurich,http://www.ifi.uzh.ch/ddis/people/bernstein.html,ZYNjTykAAAAJ,0000-0002-0128-4602
Abraham Duarte,Universidad Rey Juan Carlos,http://grafo.etsii.urjc.es/group-member/abrahamduarte,wsBEPbYAAAAJ,0000-0002-4532-3124
Abraham G. Campbell,University College Dublin,https://people.ucd.ie/abey.campbell,TWRYXGMAAAAJ,0000-0000-0000-0000
Abraham Matta,Boston University,https://sites.bu.edu/matta,_mj1-BQAAAAJ,0000-0003-4528-0344
Abraham Silberschatz,Yale University,http://www.cs.yale.edu/~avi,-YvgZDEAAAAJ,0000-0000-0000-0000
Abram Hindle,University of Alberta,http://softwareprocess.es,vuT1ZlUAAAAJ,0000-0002-4373-4958
Abtin Rahimian,University of Colorado Boulder,http://home.cs.colorado.edu/~abra3237,2iXwFdsAAAAJ,0000-0000-0000-0000
Abu Ahmed Ferdaus,University of Dhaka,https://du.ac.bd/body/faculty_details/CSE/1775,yCbjQIYAAAAJ,0000-0000-0000-0000
Abu Asaduzzaman,Wichita State University,https://www.wichita.edu/profiles/academics/engineering/ECE/Asaduzzaman-Abu.php,WYv3oSEAAAAJ,0000-0002-5041-1575
Abu Sayed Md. Latiful Hoque,BUET,https://cse.buet.ac.bd/faculty_list/detail/asmlatifulhoque,3-Sb7tMAAAAJ,0000-0000-0000-0000
Abul Kashem,BUET,https://cse.buet.ac.bd/faculty_list/detail/kashem,NOSCHOLARPAGE,0000-0000-0000-0000
Abulhair Saparov,Purdue University,https://asaparov.org,TVNS71sAAAAJ,0009-0001-1489-9294
Abusayeed M. Saifullah,University of Texas at Dallas,https://www.abusayeedsaifullah.com,CYwffSUAAAAJ,0000-0000-0000-0000
Abusayeed Saifullah,University of Texas at Dallas,https://www.abusayeedsaifullah.com,CYwffSUAAAAJ,0000-0002-7922-0836
Abuzer Yakaryilmaz,University of Latvia,http://home.lu.lv/~abuzer,nHzCrIEAAAAJ,0000-0000-0000-0000
Abyayananda Maiti,IIT Patna,https://iitp.ac.in/index.php/departments/computer-center/people/head/1095-dr-abyayananda-maiti.html,N49XT94AAAAJ,0000-0000-0000-0000
Achi Brandt,Weizmann Institute of Science,https://www.weizmann.ac.il/pages/search/people?language=english&single=1&person_id=2041,NOSCHOLARPAGE,0000-0000-0000-0000
Achille Pattavina,Politecnico di Milano,http://home.deib.polimi.it/pattavina,NOSCHOLARPAGE,0000-0000-0000-0000
Achim Blumensath,Masaryk University,https://www.muni.cz/en/people/237782,NOSCHOLARPAGE,0009-0006-6315-1019
Achim D. Brucker,University of Exeter,http://emps.exeter.ac.uk/computer-science/staff/ab1185,ZWePF1QAAAAJ,0000-0000-0000-0000
Achim Ebert,TU Kaiserslautern,https://hci.uni-kl.de/people/achim-ebert,tnoNj9gAAAAJ,0000-0000-0000-0000
Achim J. Lilienthal,TU Munich,https://campus.tum.de/tumonline/ee/ui/ca2/app/desktop/#/pl/ui/$ctx/visitenkarte.show_vcard?$ctx=design=ca2;header=max;lang=de&pPersonenGruppe=3&pPersonenId=6F846EED5618D470,_CdZ5cgAAAAJ,0000-0003-0217-9326
Achim Jung,University of Birmingham,https://www.birmingham.ac.uk/staff/profiles/computer-science/jung-achim.aspx,hCqqihQAAAAJ,0000-0002-9899-5637
Achim Schweikard,University of Lübeck,https://www.rob.uni-luebeck.de/institut/mitarbeiter/schweikard-achim,NOSCHOLARPAGE,0009-0005-6861-7298
Achim Streit,Karlsruhe Inst. of Technology,http://www.scc.kit.edu/personen/achim.streit.php,i72A44MAAAAJ,0000-0000-0000-0000
Achraf EL Allali,Mohammed VI Polytechnic University,https://cc.um6p.ma/people/Achraf.EL,NOSCHOLARPAGE,0000-0000-0000-0000
Achuta Kadambi,Univ. of California - Los Angeles,https://www.ee.ucla.edu/achuta-kadambi,UMzWJikAAAAJ,0000-0002-2444-2503
Achutavarrier Prasad Vinod,Nanyang Technological University,http://www.ntu.edu.sg/home/asvinod,NOSCHOLARPAGE,0000-0000-0000-0000
Achyut Mani Tripathi,IIT Dharwad,https://achyutmani.github.io,NOSCHOLARPAGE,0000-0000-0000-0000
Ada Gavrilovska,Georgia Institute of Technology,http://www.cc.gatech.edu/home/ada,OlRjTCIAAAAJ,0000-0003-4199-2512
Ada Lerner,Northeastern University,https://www.khoury.northeastern.edu/people/ada-lerner,BkZor8wAAAAJ,0000-0002-3238-2109
Ada Wai-Chee Fu,Chinese University of Hong Kong,http://www.cse.cuhk.edu.hk/~adafu,tcwyqtUAAAAJ,0000-0000-0000-0000
Adalbert Gerald Soosai Raj,Univ. of California - San Diego,https://adalbertgerald.github.io,0TxoLzMAAAAJ,0000-0002-6848-2208
Adalberto L. Simeone,KU Leuven,https://www.adalsimeone.me,NwkRNhkAAAAJ,0000-0002-6096-0447
Adalberto Lafcadio Simeone,KU Leuven,https://www.adalsimeone.me,NwkRNhkAAAAJ,0000-0002-6096-0447
Adam A. Porter,Univ. of Maryland - College Park,https://www.cs.umd.edu/users/aporter,j7F7yq0AAAAJ,0000-0000-0000-0000
Adam Bargteil,Univ. of Maryland - Baltimore County,http://www.csee.umbc.edu/~adamb,fArWdfAAAAAJ,0009-0002-8488-8133
Adam Bates 0001,Univ. of Illinois at Urbana-Champaign,http://adambates.org,1dVglBkAAAAJ,0000-0003-1511-4951
Adam Belay,Massachusetts Inst. of Technology,https://engineering.mit.edu/faculty-research/year-2017,AKQec5wAAAAJ,0000-0003-2222-3611
Adam Belloum,University of Amsterdam,https://www.uva.nl/profiel/b/e/a.s.z.belloum/a.s.z.belloum.html,tzFsIF4AAAAJ,0000-0001-6306-6937
Adam Breuer,Dartmouth College,https://www.adambreuer.com,1b3CsE4AAAAJ,0000-0002-5978-1070
Adam Charles,Johns Hopkins University,https://www.bme.jhu.edu/ascharles,c8RKLp0AAAAJ,0000-0002-9045-3489
Adam Chlipala,Massachusetts Inst. of Technology,http://adam.chlipala.net,Imh0w3AAAAAJ,0000-0001-7085-9417
Adam Czajka,University of Notre Dame,https://engineering.nd.edu/profiles/aczajka,_OObpEkAAAAJ,0000-0003-2379-2533
Adam D. Smith 0001,Boston University,http://cs-people.bu.edu/ads22,fkGi-JMAAAAJ,0000-0001-9393-1127
Adam Doupé,Arizona State University,http://adamdoupe.com,hsJqhNAAAAAJ,0000-0003-2634-3901
Adam Dziedzic,CISPA Helmholtz Center,https://adam-dziedzic.com,MRk-A4YAAAAJ,0000-0001-9786-2296
Adam Finkelstein,Princeton University,https://www.cs.princeton.edu/~af,a959F6AAAAAJ,0000-0001-9130-8411
Adam Hahn,Washington State University,http://www.eecs.wsu.edu/~ahahn/index.html,nGBlVWwAAAAJ,0000-0000-0000-0000
Adam Herout,Brno University of Technology,https://www.fit.vut.cz/person/herout,qQDbJDMAAAAJ,0000-0003-2143-9314
Adam J. Aviv,George Washington University,https://adamaviv.com,ExgxufEAAAAJ,0000-0002-3792-2485
Adam J. Lee,University of Pittsburgh,http://people.cs.pitt.edu/~adamlee,1IoFK0oAAAAJ,0000-0002-2596-7256
Adam Jatowt,University of Innsbruck,https://adammo12.github.io/adamjatowt,l2vn9GoAAAAJ,0000-0001-7235-0665
Adam Kortylewski,CISPA Helmholtz Center,https://cispa.de/de/people/c01adko,tRLUOBIAAAAJ,0000-0002-9146-4403
Adam Krzyzak,Concordia University,http://users.encs.concordia.ca/~krzyzak,fYbg3F8AAAAJ,0000-0000-0000-0000
Adam Lopez,University of Edinburgh,http://alopez.github.io,u4sxKZwAAAAJ,0000-0002-1533-9424
Adam M. Bates,Univ. of Illinois at Urbana-Champaign,http://adambates.org,1dVglBkAAAAJ,0000-0000-0000-0000
Adam M. Smith 0001,Univ. of California - Santa Cruz,https://adamsmith.as,78OLNd4AAAAJ,0000-0000-0000-0000
Adam Morrison 0001,Tel Aviv University,http://www.cs.tau.ac.il/~mad,GMEoZR0AAAAJ,0000-0002-5586-2615
Adam O'Neill,Univ. of Massachusetts Amherst,https://groups.cs.umass.edu/oneill,SIFRrBIAAAAJ,0009-0006-0233-6466
Adam P. Chester,University of Warwick,https://warwick.ac.uk/fac/sci/dcs/people/adam_chester,ogEgU6HzEJQC,0000-0000-0000-0000
Adam Perer,Carnegie Mellon University,https://perer.org,wAxr6b8AAAAJ,0000-0002-8369-3847
Adam Polak 0001,Bocconi University,https://adampolak.github.io,2oYJahUAAAAJ,0000-0003-4925-774X
Adam Przepiórkowski,IPI PAN,https://ipipan.waw.pl/instytut/pracownicy/adam-przepiorkowski,volQDFMAAAAJ,0000-0000-0000-0000
Adam Prügel-Bennett,University of Southampton,https://www.ecs.soton.ac.uk/people/apb1,oQgxYjkAAAAJ,0000-0000-0000-0000
Adam R. Klivans,University of Texas at Austin,https://www.cs.utexas.edu/~klivans,UD87zMYAAAAJ,0000-0001-6960-2235
Adam Richard Klivans,University of Texas at Austin,https://www.cs.utexas.edu/~klivans,UD87zMYAAAAJ,0000-0000-0000-0000
Adam Rogalewicz,Brno University of Technology,https://www.fit.vut.cz/person/rogalew,NOSCHOLARPAGE,0000-0002-7911-0549
Adam Runions,University of Calgary,https://profiles.ucalgary.ca/adam-runions,LvaJVncAAAAJ,0000-0002-7758-7423
Adam Smith 0006,Boston University,http://cs-people.bu.edu/ads22,fkGi-JMAAAAJ,0000-0001-9393-1127
Adam Steele,DePaul University,http://facweb.cs.depaul.edu/asteele,NOSCHOLARPAGE,0000-0000-0000-0000
Adam W. Bargteil,Univ. of Maryland - Baltimore County,http://www.csee.umbc.edu/~adamb,fArWdfAAAAAJ,0000-0000-0000-0000
Adam Wade Bargteil,Univ. of Maryland - Baltimore County,http://www.csee.umbc.edu/~adamb,fArWdfAAAAAJ,0000-0000-0000-0000
Adam White 0001,University of Alberta,https://sites.ualberta.ca/~amw8,1GqGhcsAAAAJ,0000-0000-0000-0000
Adam Wierman,California Inst. of Technology,https://adamwierman.com,4OvOdSgAAAAJ,0000-0002-5923-0199
Adam Wolisz,TU Berlin,https://www.tkn.tu-berlin.de/menue/team/wolisz/parameter/de,Gq8gWX4AAAAJ,0000-0000-0000-0000
Adams Wai-Kin Kong,Nanyang Technological University,https://www3.ntu.edu.sg/home/adamskong,NOSCHOLARPAGE,0000-0002-9728-9511
Adarsh Barik,IIT Delhi,https://adarsh-barik.github.io,GJt7n0oAAAAJ,0000-0000-0000-0000
Adarsh S. Sethi,University of Delaware,https://www.eecis.udel.edu/~sethi,NOSCHOLARPAGE,0000-0000-0000-0000
Adarshpal S. Sethi,University of Delaware,https://www.eecis.udel.edu/~sethi,NOSCHOLARPAGE,0000-0000-0000-0000
Adel Abusitta,Polytechnique Montreal,https://www.polymtl.ca/expertises/en/abusitta-adel,BiKkFU8AAAAJ,0000-0000-0000-0000
Adel Cherif,Qatar University,http://www.qu.edu.qa/engineering/computer/faculty/adel_ch.php,obJnqXUAAAAJ,0000-0000-0000-0000
Adel Elmaghraby,University of Louisville,http://louisville.edu/speed/people/faculty/elmaghrabyAdel,84U09_IAAAAJ,0000-0001-5274-8596
Adel Nadjaran Toosi,University of Melbourne,https://findanexpert.unimelb.edu.au/profile/689244-adel-nadjaran-toosi,qIh_I-gAAAAJ,0000-0000-0000-0000
Adel Rahmani,IUST,http://www.iust.ac.ir/content/18919/Dr.Torkaman-Rahmani,NOSCHOLARPAGE,0000-0000-0000-0000
Adel Said Elmaghraby,University of Louisville,http://louisville.edu/speed/people/faculty/elmaghrabyAdel,84U09_IAAAAJ,0000-0000-0000-0000
Adel Torkaman Rahmani,IUST,http://www.iust.ac.ir/content/18919/Dr.Torkaman-Rahmani,NOSCHOLARPAGE,0000-0000-0000-0000
Adele A. Rescigno,University of Salerno,http://old.di.unisa.it/professori/rescigno/MMI/lo.htm,PtEkQRAAAAAJ,0000-0001-9124-610X
Adele Anna Rescigno,University of Salerno,http://old.di.unisa.it/professori/rescigno/MMI/lo.htm,PtEkQRAAAAAJ,0000-0000-0000-0000
Adelinde M. Uhrmacher,University of Rostock,https://mosi.informatik.uni-rostock.de/team/staff/prof-dr-rer-nat-adelinde-m-uhrmacher,NIyd6aoAAAAJ,0000-0000-0000-0000
Adenilso Simão,USP-ICMC,http://icmc.usp.br/pessoas?id=6078529,gdT5wnMAAAAJ,0000-0000-0000-0000
Adenilso da Silva Simão,USP-ICMC,http://icmc.usp.br/pessoas?id=6078529,gdT5wnMAAAAJ,0000-0000-0000-0000
Adenilton José da Silva,UFPE,https://www.cin.ufpe.br/~ajsilva,dsUDyCMAAAAJ,0000-0000-0000-0000
Adi Akavia,University of Haifa,https://sites.google.com/view/akavia,ogugwmEAAAAJ,0000-0003-0853-3576
Adi Shamir,Weizmann Institute of Science,https://www.weizmann.ac.il/pages/search/people?language=english&single=1&person_id=1486,EHLBP20AAAAJ,0000-0002-5422-905X
Adiel Teixeira de Almeida Filho,UFPE,https://www.cin.ufpe.br/~adielfilho,Nu7-rIYAAAAJ,0000-0000-0000-0000
Adil Ahmad,Arizona State University,https://adil-ahmad.net,BYJEZ4kAAAAJ,0009-0002-4097-3205
Adilson Elias Xavier,UFRJ,http://www.cos.ufrj.br/index.php/pt-BR/pessoas/details/18/1001-adilson,uTO_O_8AAAAJ,0000-0000-0000-0000
Adish Singla [SWS],Max Planck Society,https://people.mpi-sws.org/~adishs,kXz2seUAAAAJ,0000-0000-0000-0000
Adithya Kumar Pediredla,Dartmouth College,https://sites.google.com/view/adithyapediredla,ey6n20kAAAAJ,0000-0000-0000-0000
Adithya Murali,University of Wisconsin - Madison,https://muraliadithya.github.io,Yw5Q_CgAAAAJ,0000-0002-6311-1467
Adithya Pediredla,Dartmouth College,https://sites.google.com/view/adithyapediredla,ey6n20kAAAAJ,0000-0002-6623-020X
Adithya Vadapalli,IIT Kanpur,https://avadapal.github.io,jeOME6wAAAAJ,0009-0007-2417-9059
Aditi Kar,Royal Holloway Univ. of London,https://pure.royalholloway.ac.uk/en/persons/aditi-kar,NOSCHOLARPAGE,0000-0000-0000-0000
Aditi Majumder,Univ. of California - Irvine,http://www.ics.uci.edu/~majumder,tXhqJv0AAAAJ,0000-0001-7436-856X
Aditi Raghunathan,Carnegie Mellon University,https://www.cs.cmu.edu/~aditirag,Ch9iRwQAAAAJ,0009-0009-0012-2490
Aditya Akella,University of Texas at Austin,http://pages.cs.wisc.edu/~akella,d_rxnzAAAAAJ,0000-0002-5920-170X
Aditya Bhaskara,University of Utah,http://www.cs.utah.edu/~bhaskara,tqxTaiAAAAAJ,0000-0001-5505-3140
Aditya Challa,BITS Pilani-Goa,https://www.bits-pilani.ac.in/goa/adityac/Profile,_XkD5AkAAAAJ,0000-0000-0000-0000
Aditya G. Parameswaran,Univ. of California - Berkeley,https://cs.illinois.edu/directory/profile/adityagp,VeB3UbcAAAAJ,0000-0002-4538-4752
Aditya Gilra,University of Sheffield,https://www.sheffield.ac.uk/dcs/people/academic/aditya-gilra,VpxnuTgAAAAJ,0000-0002-8628-1864
Aditya Grover,Univ. of California - Los Angeles,https://aditya-grover.github.io,oOhnPUgAAAAJ,0000-0002-4217-6624
Aditya Johri,George Mason University,https://cs.gmu.edu/directory/detail/183,Mv2dCeEAAAAJ,0000-0001-9018-7574
Aditya Joshi,UNSW,https://research.unsw.edu.au/people/dr-aditya-joshi,SbYRrvgAAAAJ,0000-0000-0000-0000
Aditya Mathur,SUTD,https://istd.sutd.edu.sg/people/faculty/aditya-p-mathur,DdQMeHoAAAAJ,0000-0000-0000-0000
Aditya Nigam,IIT Mandi,http://faculty.iitmandi.ac.in/~aditya,ffSpknUAAAAJ,0000-0003-4755-0619
Aditya P. Mathur,SUTD,https://istd.sutd.edu.sg/people/faculty/aditya-p-mathur,DdQMeHoAAAAJ,0000-0000-0000-0000
Aditya Shekhar Nittala,University of Calgary,https://profiles.ucalgary.ca/aditya-shekhar-nittala,pDSbjBsAAAAJ,0000-0002-3698-9733
Aditya Tatu,DAIICT,http://www.daiict.ac.in/daiict/people/faculty.html,f0nqLS8AAAAJ,0000-0000-0000-0000
Aditya Thakur 0001,Univ. of California - Davis,http://thakur.cs.ucdavis.edu,x8952qgAAAAJ,0000-0003-3166-1517
Aditya V. Thakur,Univ. of California - Davis,http://thakur.cs.ucdavis.edu,x8952qgAAAAJ,0000-0003-3166-1517
Adji Bousso Dieng,Princeton University,https://www.cs.princeton.edu/people/profile/ad6725,ZCniP_MAAAAJ,0000-0001-5687-3554
Adlen Ksentini,EURECOM,http://www.eurecom.fr/en/people/ksentini-adlen,U6YFwO4AAAAJ,0000-0000-0000-0000
Adnan Darwiche,Univ. of California - Los Angeles,http://www.cs.ucla.edu/~darwiche,pygPWvEAAAAJ,0000-0000-0000-0000
Adnan Ozsoy,Hacettepe University,https://web.cs.hacettepe.edu.tr/~aozsoy,Ic73aUUAAAAJ,0000-0002-0302-3721
Adnan Siraj Rakin,Binghamton University,https://www.binghamton.edu/computer-science/people/profile.html?id=arakin,ZCEVPxUAAAAJ,0000-0002-6056-2625
Adnan Yazici,Middle East Technical University,http://user.ceng.metu.edu.tr/~yazici,ebJH_QwAAAAJ,0000-0000-0000-0000
Adnane Saoud,Mohammed VI Polytechnic University,https://cc.um6p.ma/people/Adnane.SAOUD,vezWFn4AAAAJ,0000-0000-0000-0000
Adolfo Muñoz,Universidad de Zaragoza,http://giga.cps.unizar.es/~amunoz/index.php/en,H8bBlDkAAAAJ,0000-0000-0000-0000
Adolfo Piperno,Sapienza University of Rome,http://pallini.di.uniroma1.it/Personal.html,4y2zqO8AAAAJ,0000-0000-0000-0000
Adrian Dumitrescu,Univ. of Wisconsin - Milwaukee,https://uwm.edu/engineering/people/dumitrescu-ph-d-adrian,cjVwVpsAAAAJ,0000-0000-0000-0000
Adrian F. Clark,University of Essex,https://www.essex.ac.uk/people/clark65804/adrian-clark,FESbZq0AAAAJ,0000-0000-0000-0000
Adrian Fiech,Memorial Univ. of Newfoundland,https://www.mun.ca/computerscience/people/afiech.php,NOSCHOLARPAGE,0000-0000-0000-0000
Adrian Francalanza,University of Malta,http://staff.um.edu.mt/afra1,2KyiwjEAAAAJ,0000-0003-3829-7391
Adrian Friday,Lancaster University,https://www.lancaster.ac.uk/scc/about-us/people/adrian-friday,co0YRmIAAAAJ,0000-0002-9228-7365
Adrian G. Bors,University of York,https://www-users.cs.york.ac.uk/~adrian,cvdyalUAAAAJ,0000-0001-7838-0021
Adrian Hilton 0001,University of Surrey,https://www.surrey.ac.uk/people/adrian-hilton,vTIYTNQAAAAJ,0000-0003-4223-238X
Adrian Johnstone,Royal Holloway Univ. of London,https://pure.royalholloway.ac.uk/portal/en/persons/adrian-johnstone_7cc2e828-2b0f-4cb7-a169-337193b854b8.html,NOSCHOLARPAGE,0000-0002-9446-9701
Adrian P. Lauf,University of Louisville,http://louisville.edu/speed/people/faculty/laufAdrian,fU0XrdEAAAAJ,0000-0002-9640-9462
Adrian Paschke,Freie Universitaet Berlin,https://www.mi.fu-berlin.de/en/inf/groups/ag-csw/Members/members/Paschke.html,D_ZARycAAAAJ,0000-0003-3156-9040
Adrian Perrig,ETH Zurich,http://www.netsec.ethz.ch/people/aperrig,n-Oret4AAAAJ,0000-0002-5280-5412
Adrian R. Pearce,University of Melbourne,http://people.eng.unimelb.edu.au/adrianrp,GIBSIRAAAAAJ,0000-0003-0089-8474
Adrian R. Vetta,McGill University,http://www.math.mcgill.ca/vetta,DJmwoRYAAAAJ,0000-0000-0000-0000
Adrian S. Poulton,Open University UK,http://stem.open.ac.uk/people/asp2,NOSCHOLARPAGE,0000-0000-0000-0000
Adrian Sampson,Cornell University,http://adriansampson.net,Bq50aCUAAAAJ,0000-0003-0837-8924
Adrian Sandu,Virginia Tech,http://people.cs.vt.edu/~asandu,A7fZNg0AAAAJ,0000-0002-5380-0103
Adrian Segall,Technion,http://webee.technion.ac.il/people/segall,dwJenMwAAAAJ,0000-0000-0000-0000
Adrian Vetta,McGill University,http://www.math.mcgill.ca/vetta,DJmwoRYAAAAJ,0000-0002-2213-4937
Adrian Weller,University of Cambridge,https://mlg.eng.cam.ac.uk/adrian,Ek4hM10AAAAJ,0000-0003-1915-7158
Adriana Emitzá Guzmán Ortega,VU Amsterdam,https://research.vu.nl/en/persons/emitza-guzman-ortega,cMs97_YAAAAJ,0000-0000-0000-0000
Adriana Ferraro,University of Auckland,https://www.cs.auckland.ac.nz/people/a-ferraro,f5QpDogAAAAJ,0000-0000-0000-0000
Adriana Iamnitchi,University of South Florida,http://www.cse.usf.edu/~anda,BfrPSGIAAAAJ,0000-0002-2397-8963
Adriana Kovashka,University of Pittsburgh,http://people.cs.pitt.edu/~kovashka,Dl949GoAAAAJ,0000-0003-1901-9660
Adriana Schulz,Brown University,https://www.computationaldesign.group/adriana,q_krEZgAAAAJ,0000-0002-2464-0876
Adriana Sejfia,University of Edinburgh,http://www.inf.ed.ac.uk/people/staff/Adriana_Sejfia.html,4-pYLKAAAAAJ,0009-0000-0655-5451
Adriane Chapman,University of Southampton,https://www.ecs.soton.ac.uk/people/ac1n16,sHXqNl4AAAAJ,0000-0002-3814-2587
Adriane P. Chapman,University of Southampton,https://www.ecs.soton.ac.uk/people/ac1n16,sHXqNl4AAAAJ,0000-0000-0000-0000
Adriano Alonso Veloso,UFMG,http://homepages.dcc.ufmg.br/~adrianov,j2BEVSoAAAAJ,0000-0000-0000-0000
Adriano C. M. Pereira,UFMG,http://homepages.dcc.ufmg.br/~adrianoc,MT9oSSwAAAAJ,0000-0003-2389-0512
Adriano César Machado Pereira,UFMG,http://homepages.dcc.ufmg.br/~adrianoc,MT9oSSwAAAAJ,0000-0000-0000-0000
Adriano Fazzone,Sapienza University of Rome,http://www.diag.uniroma1.it/users/adriano%20fazzone,ivW-SnEAAAAJ,0000-0002-3062-4485
Adriano L. I. Oliveira,UFPE,https://www.cin.ufpe.br/~alio,paz29H4AAAAJ,0000-0000-0000-0000
Adriano L. I. de Oliveira,UFPE,https://www.cin.ufpe.br/~alio,paz29H4AAAAJ,0000-0000-0000-0000
Adriano Lorena Inacio de Oliveira,UFPE,https://www.cin.ufpe.br/~alio,paz29H4AAAAJ,0000-0000-0000-0000
Adriano Sarmento,UFPE,https://www.cin.ufpe.br/~aams,NOSCHOLARPAGE,0000-0000-0000-0000
Adriano Velasque Werhli,Federal University of Rio Grande,http://www.werhli.c3.furg.br,NOSCHOLARPAGE,0000-0001-7107-5024
Adriano Veloso,UFMG,http://homepages.dcc.ufmg.br/~adrianov,j2BEVSoAAAAJ,0000-0000-0000-0000
Adrien Basso-Blandin,Ecole Normale Superieure de Lyon,http://www.ens-lyon.fr/recherche/laboratoire-de-l-informatique-du-parallelisme-umr-5668-83273.kjsp,zVizzZIAAAAJ,0000-0000-0000-0000
Adrien Durand Petiteville,UFPE,https://portal.cin.ufpe.br/staff/?alias=ajsd,KhbEKv0AAAAJ,0000-0000-0000-0000
Adrien Poteaux,CRIStAL,https://www.cristal.univ-lille.fr/profil/poteaux,NOSCHOLARPAGE,0000-0000-0000-0000
Adrienne Decker,University at Buffalo,https://engineering.buffalo.edu/engineering-education/people/directory/decker-adrienne.html,JjLxdewAAAAJ,0000-0002-0822-4813
Adrián Carballal,University of A Coruña,https://pdi.udc.es/en/File/Pdi/XW7GH,wnN2ca8AAAAJ,0000-0000-0000-0000
Adrián Jarabo,Universidad de Zaragoza,http://giga.cps.unizar.es/~ajarabo,pXKBhbkAAAAJ,0000-0001-9000-0466
Aduri Pavan,Iowa State University,http://www.cs.iastate.edu/people/pavan-aduri,4QIV0FUAAAAJ,0000-0003-1665-5266
Adwait Jog,University of Virginia,https://engineering.virginia.edu/faculty/adwait-jog,9RgqL8gAAAAJ,0000-0002-5525-7204
Adwait Nadkarni,College of William and Mary,https://www.adwaitnadkarni.com,Al2MvLoAAAAJ,0000-0001-6866-4565
Adway Mitra,IIT Kharagpur,https://sites.google.com/site/adwayresearch,rUDRq94AAAAJ,0000-0000-0000-0000
Adyasha Dash,KIIT Bhubaneswar,https://cse.kiit.ac.in/profiles/adyasha-dash,cbN-7SwAAAAJ,0000-0000-0000-0000
Adélaïde Genay,University of Melbourne,https://findanexpert.unimelb.edu.au/profile/1051140-adelaide-genay,p-UZw0sAAAAJ,0000-0003-3151-1164
Afra Alishahi,Tilburg University,https://ilk.uvt.nl/~aalishah,IuAwLqUAAAAJ,0009-0009-9237-3253
Afsaneh Doryab,University of Virginia,https://www.afsanehdoryab.com,O0lONMkAAAAJ,0000-0003-1575-385X
Afsaneh Razi,Drexel University,https://www.afsanehrazi.com,sV43f5AAAAAJ,0000-0001-5829-8004
Afzel Noore,West Virginia University,https://www.statler.wvu.edu/faculty-staff/adjunct-faculty/afzel-noore,rEopbiMAAAAJ,0000-0000-0000-0000
Agata Ciabattoni,TU Wien,https://www.logic.at/staff/agata,pAyqI0wAAAAJ,0000-0001-6947-8772
Agata Rozga,Georgia Institute of Technology,http://www.agatarozga.org,LAuxzv0AAAAJ,0000-0002-5558-9786
Agathoniki Trigoni,University of Oxford,https://www.cs.ox.ac.uk/niki.trigoni,185g9ckAAAAJ,0000-0000-0000-0000
Aggeliki Arapoyanni,University of Athens,http://www.di.uoa.gr/eng/staff/1012,NOSCHOLARPAGE,0000-0000-0000-0000
Aggelos K. Katsaggelos,Northwestern University,http://www.mccormick.northwestern.edu/research-faculty/directory/profiles/katsaggelos-aggelos.html,aucB85kAAAAJ,0000-0003-4554-0070
Aggelos Kiayias,University of Edinburgh,http://www.inf.ed.ac.uk/people/staff/Aggelos_Kiayias.html,P_L_vZAAAAAJ,0000-0003-2451-1430
Aggelos Pikrakis,University of Piraeus,https://www.unipi.gr/unipi/en/pikrakis.html,hPZSYsgAAAAJ,0000-0001-7355-327X
Agha Ali Raza,LUMS,http://aghaaliraza.com,V5tf_UcAAAAJ,0000-0003-0124-9783
Agma J. M. Traina,USP-ICMC,http://icmc.usp.br/pessoas?id=4170385,v2-C4i4AAAAJ,0000-0003-4929-7258
Agma Juci Machado Traina,USP-ICMC,http://icmc.usp.br/pessoas?id=4170385,v2-C4i4AAAAJ,0000-0000-0000-0000
Agnar Aamodt,NTNU,https://www.ntnu.edu/employees/agnar,-3L6uJMAAAAJ,0000-0003-0114-8931
Agnes Koschmider,University of Kiel,https://www.pa.informatik.uni-kiel.de/en/team/prof-dr-agnes-koschmider,n1JYiwQAAAAJ,0000-0001-8206-7636
Agneta Nilsson,Chalmers/GU,https://www.chalmers.se/en/staff/Pages/agneta-nilsson.aspx,NOSCHOLARPAGE,0000-0000-0000-0000
Agnieszka Mykowiecka 0001,IPI PAN,https://ipipan.waw.pl/instytut/pracownicy/agnieszka-mykowiecka,5kj-eF0AAAAJ,0000-0000-0000-0000
Agnès Voisard,Freie Universitaet Berlin,https://www.mi.fu-berlin.de/en/inf/groups/ag-db/members/Professors/voisard_agnes.html,NOSCHOLARPAGE,0009-0004-4896-7840
Agoritsa Polyzou,Florida International University,https://apolyzou123.github.io/apolyzou,ydxk7hoAAAAJ,0000-0000-0000-0000
Agustín Fernández,Polytechnic Univ. of Catalonia,http://engineering.academickeys.com/browse_whoswho_by_institution/Polytechnic_University_of_Catalonia?&start=104,HdZWRU8AAAAJ,0000-0000-0000-0000
Agustín Gravano,University of Buenos Aires,http://habla.dc.uba.ar/gravano,GrKOwHIAAAAJ,0000-0000-0000-0000
Ah-Hwee Tan,Singapore Management University,https://sis.smu.edu.sg/faculty/profile/165181/TAN-Ah-Hwee,G0hdDqYAAAAJ,0000-0003-0378-4069
Ahad N. Zehmakan,Australian National University,https://comp.anu.edu.au/people/ahad-zehmakan,bB3qVuEAAAAJ,0000-0002-8569-6347
Aharon Bar-Hillel,Ben-Gurion University of the Negev,https://sites.google.com/site/aharonbarhillel,x4GlT3IAAAAJ,0000-0002-7303-0687
Ahmad Akbari,IUST,http://ce.iust.ac.ir/page.php?slct_pg_id=6537&sid=14&slc_lang=en,pCil4_cAAAAJ,0000-0000-0000-0000
Ahmad Akbari Azirani,IUST,http://ce.iust.ac.ir/page.php?slct_pg_id=6537&sid=14&slc_lang=en,pCil4_cAAAAJ,0000-0002-0387-1616
Ahmad Alzahrani,King Abdulaziz University,http://asalzahrani.kau.edu.sa/Default.aspx?Site_ID=0005199&lng=EN,10GPVtsAAAAJ,0000-0000-0000-0000
Ahmad Azab,University of Sydney,https://www.sydney.edu.au/engineering/about/our-people/academic-staff/ahmad-azab.html,4Hpg1a0AAAAJ,0000-0002-9807-1602
Ahmad Biniaz,University of Windsor,http://www.uwindsor.ca/science/computerscience/1151/dr-ahmad-biniaz,ZbHrRcEAAAAJ,0000-0002-6396-4494
Ahmad Elkhateb,Queen's University Belfast,https://www.qub.ac.uk/schools/eeecs/Connect/Staff/BusinessCard/?name=a.elkhateb,-taHBjsAAAAJ,0000-0002-5405-3963
Ahmad Hemmati,University of Bergen,https://www.uib.no/en/persons/Ahmad.Hemmati,NOSCHOLARPAGE,0000-0003-2815-8216
Ahmad Jbara,Augusta University,https://www.augusta.edu/faculty/directory/view.php?id=AJBARA,58rYtv0AAAAJ,0000-0002-6642-6499
Ahmad R. Dhaini,American University of Beirut,http://staff.aub.edu.lb/~ad57,SoP_HnYAAAAJ,0000-0000-0000-0000
Ahmad Sharieh,University of Jordan,http://eacademic.ju.edu.jo/sharieh,lXeTzzAAAAAJ,0000-0002-0290-2468
Ahmad-Reza Sadeghi,TU Darmstadt,https://www.trust.informatik.tu-darmstadt.de/people/ahmad-reza-sadeghi,p66Ie-YAAAAJ,0000-0001-6833-3598
Ahmed Abdelali,Qatar Computing Research Inst.,http://www.qcri.org/our-people/bio?pid=103&amp;par=acc&amp;name=AhmedAbdelali,ib1BYugAAAAJ,0000-0002-4160-8181
Ahmed Abu-Hajar,Washington State University,https://school.eecs.wsu.edu/people/faculty/ahmed-abu-hajar,NOSCHOLARPAGE,0000-0000-0000-0000
Ahmed AlEroud,Augusta University,https://www.augusta.edu/faculty/directory/view.php?id=AALEROUD,vW6NVIQAAAAJ,0000-0003-4337-1488
Ahmed Aleroud,Augusta University,https://www.augusta.edu/faculty/directory/view.php?id=AALEROUD,vW6NVIQAAAAJ,0000-0003-4337-1488
Ahmed Ali 0002,Qatar Computing Research Inst.,http://www.qcri.org/our-people/bio?pid=4&amp;par=acc&amp;name=AhmedAli,t0gYEjAAAAAJ,0000-0000-0000-0000
Ahmed Ali-Eldin,Chalmers/GU,http://www.chalmers.se/en/Staff/Pages/ahmh.aspx,wwQ_TPYAAAAJ,0000-0003-2774-9284
Ahmed Arafa,UNC - Charlotte,https://ece.charlotte.edu/directory/dr-ahmed-arafa-phd,coEGR2MAAAAJ,0000-0000-0000-0000
Ahmed Awad,University of Tartu,https://www.ut.ee/en/ahmed-mahmoud-hany-aly-awad,_Ty6jFcAAAAJ,0000-0000-0000-0000
Ahmed Desoky,University of Louisville,http://louisville.edu/speed/people/faculty/desokyAhmed,NOSCHOLARPAGE,0000-0000-0000-0000
Ahmed E. Hassan,Queen’s University,http://www.cs.queensu.ca/~ahmed,9hwXx34AAAAJ,0000-0000-0000-0000
Ahmed El Alaoui,Cornell University,https://elalaoui.stat.cornell.edu,Oa3Aze8AAAAJ,0000-0000-0000-0000
Ahmed El-Roby,Carleton University,https://people.scs.carleton.ca/~ahmedelroby,DA68vjUAAAAJ,0000-0003-0737-3400
Ahmed Eldawy,Univ. of California - Riverside,https://www.cs.ucr.edu/~eldawy,bshz1DEAAAAJ,0000-0002-6584-1455
Ahmed Elgammal,Rutgers University,http://www.cs.rutgers.edu/~elgammal/Home.html,DxQiCiIAAAAJ,0000-0003-2761-4822
Ahmed F. Al-Eroud,Augusta University,https://www.augusta.edu/faculty/directory/view.php?id=AALEROUD,vW6NVIQAAAAJ,0000-0000-0000-0000
Ahmed Helmy,UNC - Charlotte,https://sites.google.com/uncc.edu/helmy,QcO9p8AAAAAJ,0000-0003-1878-3536
Ahmed Hussain Qureshi,Purdue University,https://www.cs.purdue.edu/people/faculty/qureshi7.html,Lkrx2SkAAAAJ,0000-0000-0000-0000
Ahmed Imteaj,SIU Carbondale,https://sites.google.com/view/ahmedimteaj,I5IZ4GQAAAAJ,0000-0002-6975-3997
Ahmed K. Elmagarmid,Qatar Computing Research Inst.,https://www.cs.purdue.edu/homes/ake,Cb9BDJkAAAAJ,0000-0000-0000-0000
Ahmed Karmouch,University of Ottawa,http://www.site.uottawa.ca/~karmouch,kQpPzdgAAAAJ,0000-0000-0000-0000
Ahmed M. Abdel-Moniem,Queen Mary University of London,https://eecs.qmul.ac.uk/~ahmed,CzfuSJgAAAAJ,0000-0000-0000-0000
Ahmed M. Abdelmoniem,Queen Mary University of London,https://eecs.qmul.ac.uk/~ahmed,CzfuSJgAAAAJ,0000-0002-1374-1882
Ahmed M. Ali 0002,Qatar Computing Research Inst.,http://www.qcri.org/our-people/bio?pid=4&amp;par=acc&amp;name=AhmedAli,t0gYEjAAAAAJ,0000-0002-4007-136X
Ahmed M. Elgammal,Rutgers University,http://www.cs.rutgers.edu/~elgammal/Home.html,DxQiCiIAAAAJ,0000-0003-2761-4822
Ahmed Mohamed Abdelmoniem,Queen Mary University of London,https://eecs.qmul.ac.uk/~ahmed,CzfuSJgAAAAJ,0000-0000-0000-0000
Ahmed Rafea,American University in Cairo,https://www.aucegypt.edu/fac/ahmedrafea,szDaQLYAAAAJ,0000-0001-8109-1845
Ahmed Sabbir Arif,Univ. of California - Merced,http://www.asarif.com,l9kbH78AAAAJ,0000-0002-8384-4764
Ahmed Saeed 0001,Georgia Institute of Technology,https://www.cc.gatech.edu/~amsmti3,nuiUbpsAAAAJ,0000-0003-0498-0854
Ahmet Burak Can,Hacettepe University,https://web.cs.hacettepe.edu.tr/~abc,SbRj1qwAAAAJ,0000-0000-0000-0000
Ahmet Celal Cem Say,Boğaziçi University,https://www.cmpe.boun.edu.tr/~say,rOum2XsAAAAJ,0000-0000-0000-0000
Ahmet Cüneyd Tantug,Istanbul Technical University,http://tantug.com,TTawdWMAAAAJ,0000-0000-0000-0000
Ahmet Erdem Sariyüce,University at Buffalo,https://sariyuce.com,sK4Ck6gAAAAJ,0000-0002-4945-6821
Ahmet Oguz Akyüz,Middle East Technical University,http://user.ceng.metu.edu.tr/~akyuz,F_kPcyEAAAAJ,0000-0001-7685-5572
Ahmet Teoman Naskali,Galatasaray University,https://avesis.gsu.edu.tr/tnaskali,c9hcikgAAAAJ,0000-0002-1553-9127
Ahti Peder,University of Tartu,http://www.ut.ee/en/ahti-peder,NOSCHOLARPAGE,0000-0000-0000-0000
Ahto Buldas,Tallinn University of Technology,https://taltech.ee/en/contacts/ahto-buldas,YRNrRYwAAAAJ,0000-0000-0000-0000
Ai-Chun Pang,National Taiwan University,https://www.csie.ntu.edu.tw/~acpang,s3BI_wcAAAAJ,0000-0000-0000-0000
Aibek Musaev,The University of Alabama,http://aibek.cs.ua.edu,cQPdjdgAAAAJ,0000-0000-0000-0000
Aibek Musave,The University of Alabama,http://aibek.cs.ua.edu,cQPdjdgAAAAJ,0000-0000-0000-0000
Aidan Hogan,Universidad de Chile,http://aidanhogan.com,CP-fgY4AAAAJ,0000-0001-9482-1982
Aidong Lu,UNC - Charlotte,https://webpages.uncc.edu/alu1,8GNkuKYAAAAJ,0000-0000-0000-0000
Aidong Zhang,University of Virginia,https://engineering.virginia.edu/faculty/aidong-zhang,O8XxkE4AAAAJ,0000-0001-9723-3246
Aiiad Ahmad Albeshri,King Abdulaziz University,http://fcit2.kau.edu.sa:9002/reports/rwservlet?cmdkey=FCVKEY+p_fac_id=00005664,JWxNSb4AAAAJ,0000-0000-0000-0000
Aiiad Albeshri,King Abdulaziz University,http://fcit2.kau.edu.sa:9002/reports/rwservlet?cmdkey=FCVKEY+p_fac_id=00005664,JWxNSb4AAAAJ,0000-0003-3796-0294
Aiichiro Nakano,University of Southern California,http://physics.usc.edu/Faculty/Nakano,iqvLgJIAAAAJ,0000-0003-3228-3896
Aijun An,York University,http://www.cse.yorku.ca/~aan,2eUL7eEAAAAJ,0000-0003-1765-5751
Aikaterini Bourazeri,University of Essex,https://www.essex.ac.uk/people/boura96709/katerina-bourazeri,NOSCHOLARPAGE,0000-0002-0258-7648
Aikaterini Mitrokotsa,Chalmers/GU,https://www.chalmers.se/en/staff/Pages/aikmitr.aspx,NOSCHOLARPAGE,0000-0000-0000-0000
Aiman Erbad,Qatar University,http://www.qu.edu.qa/engineering/computer/faculty/aiman.php,6Pmbv8IAAAAJ,0000-0001-7565-5253
Aiman Hanna,Concordia University,http://aimanhanna.com/concordia,NOSCHOLARPAGE,0000-0000-0000-0000
Aimin Hao,Beihang University,http://scse.buaa.edu.cn/info/1078/2654.htm,NOSCHOLARPAGE,0000-0002-5774-6706
Ainesh Bakshi,New York University,https://www.aineshbakshi.com,hr81fHoAAAAJ,0009-0001-0225-8588
Aisha I. Ali-Gombe,Louisiana State University,https://csc.lsu.edu/~aligombe,Qmc4CvYAAAAJ,0000-0000-0000-0000
Aishwarya Agrawal,University of Montreal,https://www.cc.gatech.edu/grads/a/aagrawal307,pLurJcoAAAAJ,0000-0000-0000-0000
Aishwarya Ganesan,Univ. of Illinois at Urbana-Champaign,https://aishwaryaganesan.github.io,b90eMekAAAAJ,0000-0002-5078-8436
Aishwarya Thiruvengadam,IIT Madras,https://sites.google.com/view/aishwaryat,NOSCHOLARPAGE,0000-0000-0000-0000
Aisling Ann O'Kane,University of Bristol,https://research-information.bris.ac.uk/en/persons/aisling-a-okane,iclMxTUAAAAJ,0000-0001-8219-8126
Aisling Kelliher,Virginia Tech,http://people.cs.vt.edu/~aislingk,71RtIxoAAAAJ,0000-0001-9175-2176
Aiswarya Cyriac,CMI,http://www.cmi.ac.in/~aiswarya,NLwqvCwAAAAJ,0000-0000-0000-0000
Aivar Annamaa,University of Tartu,http://www.ut.ee/en/kontakt/arvutiteaduse-instituut,sQ5LoEcAAAAJ,0000-0000-0000-0000
Aixia Jia,Peking University,http://59.108.48.38:8080/ICSTWIPWeb/jiaaixia.php,NOSCHOLARPAGE,0000-0000-0000-0000
Aixin Sun,Nanyang Technological University,https://www3.ntu.edu.sg/home/axsun,wyKGVKUAAAAJ,0000-0003-0764-4258
Ajai Jain,IIT Kanpur,http://www.iitk.ac.in/new/dr-ajai-jain,y7TbKJMAAAAJ,0000-0000-0000-0000
Ajay D. Kshemkalyani,University of Illinois at Chicago,https://www.cs.uic.edu/~ajayk,2jRpisYAAAAJ,0000-0003-2451-7306
Ajay Gupta 0001,Western Michigan University,https://www.cs.wmich.edu/~gupta,1NjXIr0AAAAJ,0000-0001-7881-4010
Ajay K. Gupta 0001,Western Michigan University,https://www.cs.wmich.edu/~gupta,1NjXIr0AAAAJ,0000-0000-0000-0000
Ajay Kapur,Victoria University of Wellington,https://ecs.victoria.ac.nz/Main/AjayKapur,lk_XVf0AAAAJ,0000-0000-0000-0000
Ajay Kumar 0001,The Hong Kong Polytechnic Univ.,https://www4.comp.polyu.edu.hk/~csajaykr,ksn2yhIAAAAJ,0000-0002-3761-2436
Ajay Kumar Jena,KIIT Bhubaneswar,https://cse.kiit.ac.in/profiles/ajay-kumar-jena,Zb0nKggAAAAJ,0000-0000-0000-0000
Ajin George Joseph,IIT Tirupati,https://iittp.ac.in/dr-ajin-george-joseph,NOSCHOLARPAGE,0000-0000-0000-0000
Ajin Joseph 0001,IIT Tirupati,https://iittp.ac.in/dr-ajin-george-joseph,NOSCHOLARPAGE,0000-0000-0000-0000
Ajit A. Diwan,IIT Bombay,https://www.cse.iitb.ac.in/~aad,XpPk_GwAAAAJ,0000-0000-0000-0000
Ajit Arvind Diwan,IIT Bombay,https://www.cse.iitb.ac.in/~aad,XpPk_GwAAAAJ,0000-0000-0000-0000
Ajit Kumar Pasayat,KIIT Bhubaneswar,https://cse.kiit.ac.in/profiles/ajit-kumar-pasayat,g4J0EM8AAAAJ,0000-0000-0000-0000
Ajit Rajwade 0001,IIT Bombay,https://www.cse.iitb.ac.in/~ajitvr,CkTW7PwAAAAJ,0000-0001-6463-3315
Ajit V. Rajwade 0001,IIT Bombay,https://www.cse.iitb.ac.in/~ajitvr,CkTW7PwAAAAJ,0000-0000-0000-0000
Ajita Rattani,University of North Texas,https://computerscience.engineering.unt.edu/people/faculty/ajita-rattani,9esyU2EAAAAJ,0000-0000-0000-0000
Ajitha Rajan,University of Edinburgh,http://homepages.inf.ed.ac.uk/arajan,Y8ROiBEAAAAJ,0000-0003-3765-3075
Ajmal Mian,University of Western Australia,http://staffhome.ecm.uwa.edu.au/~00053650,X589yaIAAAAJ,0000-0002-5206-3842
Ajmal S. Mian,University of Western Australia,http://staffhome.ecm.uwa.edu.au/~00053650,X589yaIAAAAJ,0000-0002-5206-3842
Ajmal Saeed Mian,University of Western Australia,http://staffhome.ecm.uwa.edu.au/~00053650,X589yaIAAAAJ,0000-0002-5206-3842
Ajoy K. Datta,University of Nevada Las Vegas,http://www.egr.unlv.edu/~datta,hmPxInwAAAAJ,0000-0000-0000-0000
Ajoy Kumar Datta,University of Nevada Las Vegas,http://www.egr.unlv.edu/~datta,hmPxInwAAAAJ,0000-0000-0000-0000
Akane Sano,Rice University,http://akane.sano.web.rice.edu,cNLW5O4AAAAJ,0000-0003-4484-8946
Akanksha Agrawal 0001,IIT Madras,https://akanksha-agrawal.weebly.com,V_2z1BEAAAAJ,0000-0002-0656-7572
Akarsh Prabhakara,University of Wisconsin - Madison,https://akarsh-prabhakara.github.io,JGr8fywAAAAJ,0000-0003-3689-3261
Akash Kumar 0001,Ruhr-University Bochum,https://etit.ruhr-uni-bochum.de/fakultaet/professorinnen/prof-dr-akash-kumar,XcwvWcUAAAAJ,0000-0001-7125-1737
Akash Kumar 0003,IIT Bombay,https://sites.google.com/view/kumarakash/home,L358DvgAAAAJ,0000-0000-0000-0000
Akbar Siami Namin,Texas Tech University,https://www.depts.ttu.edu/cs/faculty/akbar_siami-namin,7XR_zpwAAAAJ,0000-0000-0000-0000
Akhil Arora 0001,Aarhus University,https://cs.au.dk/~clan/people/aarora,uCrGCckAAAAJ,0000-0002-8650-8213
Aki Vehtari,Aalto University,https://users.aalto.fi/~ave,tYgN0GsAAAAJ,0000-0003-2164-9469
Akihiko Konagaya,Tokyo Institute of Technology,http://konagaya-lab.com/en,7CCZCO8AAAAJ,0000-0000-0000-0000
Akihiko Takano,University of Tokyo,http://www.nii.ac.jp/en/faculty/digital_content/takano_akihiko,v59zRTYAAAAJ,0000-0000-0000-0000
Akihiro Sato,Kyoto University,http://ssuopt.amp.i.kyoto-u.ac.jp/akihiro/wiki_eng,NOSCHOLARPAGE,0000-0000-0000-0000
Akihiro Sugimoto,National Inst. of Informatics,http://www.dgcv.nii.ac.jp,r7ZaWDUAAAAJ,0000-0000-0000-0000
Akihiro Yamamoto,Kyoto University,http://www.iip.ist.i.kyoto-u.ac.jp/member/akihiro/index-e.html,NOSCHOLARPAGE,0000-0000-0000-0000
Akihisa Ohya,University of Tsukuba,http://www.cs.tsukuba.ac.jp/~ohya/index_eng.html,FcWCsSgAAAAJ,0000-0003-3665-0980
Akihito Soeda,National Inst. of Informatics,https://www.nii.ac.jp/en/faculty/informatics/soeda_akihito,NOSCHOLARPAGE,0000-0000-0000-0000
Akiko Aizawa,National Inst. of Informatics,http://www-al.nii.ac.jp/ja,JQy5hPoAAAAJ,0000-0001-6544-5076
Akiko N. Aizawa,National Inst. of Informatics,http://www-al.nii.ac.jp/ja,JQy5hPoAAAAJ,0000-0000-0000-0000
Akiko Nakahara,University of Tokyo,http://research.nii.ac.jp/~akiko/index_e.html,NOSCHOLARPAGE,0000-0000-0000-0000
Akira Imakura,University of Tsukuba,https://researchmap.jp/imakura?lang=en,wPEcfhkAAAAJ,0000-0003-4994-2499
Akira Kawaguchi,CUNY,https://www.ccny.cuny.edu/profiles/akira-kawaguchi,7cF0q3YAAAAJ,0000-0000-0000-0000
Akira Nukada,University of Tsukuba,https://www.hpcs.cs.tsukuba.ac.jp/~nukada,vjE9JnYAAAAJ,0000-0001-7959-6975
Akiya Kamimura,University of Tsukuba,https://staff.aist.go.jp/kamimura.a/dsysdl/index.html,6NFwDKEAAAAJ,0000-0002-0046-5639
Akond Ashfaque Ur Rahman,Auburn University,https://akondrahman.github.io,q2sPEkcAAAAJ,0000-0000-0000-0000
Akond Rahman,Auburn University,https://akondrahman.github.io,q2sPEkcAAAAJ,0000-0002-5056-757X
Akramul Azim,Ontario Tech University,https://engineering.ontariotechu.ca/people/ecse/akramul.azim.php,rcOhpJ0AAAAJ,0000-0002-6292-6939
Akshat Dave,Stony Brook University,https://www.cs.stonybrook.edu/people/faculty/akshatdave,mMnHusUAAAAJ,0000-0003-0560-632X
Akshat Kumar,Singapore Management University,http://www.smu.edu.sg/faculty/profile/102291/Akshat-KUMAR,zsYC3R0AAAAJ,0000-0000-0000-0000
Akshay Narayan 0001,Brown University,https://akshayn.xyz,ygnUXEUAAAAJ,0000-0002-6626-141X
Akshay Rangamani,NJIT,https://akshay-r.github.io,xaldisgAAAAJ,0000-0000-0000-0000
Akshayaram Srinivasan,University of Toronto,https://www.cs.toronto.edu/~akshayaram,4t2RKBUAAAAJ,0000-0003-2434-9912
Akshitha Sriraman,Carnegie Mellon University,http://akshithasriraman.com,y0OuVvAAAAAJ,0000-0000-0000-0000
Al Hero,University of Michigan,http://web.eecs.umich.edu/~hero,NOSCHOLARPAGE,0000-0000-0000-0000
Ala Al-Fuqaha Senior,Western Michigan University,https://www.cs.wmich.edu/~alfuqaha,NOSCHOLARPAGE,0000-0000-0000-0000
Ala I. Al-Fuqaha,Western Michigan University,https://www.cs.wmich.edu/~alfuqaha,NOSCHOLARPAGE,0000-0000-0000-0000
Alaa Marshan,University of Surrey,https://www.surrey.ac.uk/people/alaa-marshan,R1JMHhQAAAAJ,0000-0000-0000-0000
Alaa R. Alameldeen,Simon Fraser University,https://www.sfu.ca/computing/people/faculty/alaa-alameldeen.html,D3voHY0AAAAJ,0000-0002-9064-4621
Alain Darte,Ecole Normale Superieure de Lyon,http://perso.ens-lyon.fr/alain.darte,_ZLsV6QAAAAJ,0000-0000-0000-0000
Alain Desire Bigirimana,Queen's University Belfast,https://pure.qub.ac.uk/en/persons/alain-desire-bigirimana,mJNy94kAAAAJ,0000-0000-0000-0000
Alain Finkel,Ecole Normale Superieure de Cachan,http://www.lsv.ens-cachan.fr/~finkel,jq7H21IAAAAJ,0000-0003-2482-6141
Alain J. Martin,California Inst. of Technology,http://www.eas.caltech.edu/people/3119/profile,nwfZfqoAAAAJ,0000-0000-0000-0000
Alain Tapp,University of Montreal,http://diro.umontreal.ca/repertoire-departement/vue/tapp-alain,tAM57M8AAAAJ,0000-0000-0000-0000
Alain Trémeau,Université Jean Monnet,http://www.create.uwe.ac.uk/membership/tremeau.htm,NOSCHOLARPAGE,0000-0000-0000-0000
Alain Wegmann,EPFL,https://people.epfl.ch/alain.wegmann,NOSCHOLARPAGE,0000-0002-8847-0191
Alan Akbik,Humboldt University of Berlin,https://www.informatik.hu-berlin.de/de/forschung/gebiete/ml,adKmg3IAAAAJ,0009-0003-9551-6447
Alan Blair,UNSW,http://www.cse.unsw.edu.au/~blair,oYi8fBIAAAAJ,0000-0000-0000-0000
Alan Blair 0001,UNSW,http://www.cse.unsw.edu.au/~blair,oYi8fBIAAAAJ,0000-0002-1039-4766
Alan Bundy,University of Edinburgh,https://sweb.inf.ed.ac.uk/bundy,n7STZEYAAAAJ,0000-0002-0578-6474
Alan Burns 0001,University of York,https://www-users.cs.york.ac.uk/~burns,Io7KbYcAAAAJ,0000-0001-5621-8816
Alan C. H. Ling,University of Vermont,http://www.emba.uvm.edu/~aling,NOSCHOLARPAGE,0000-0000-0000-0000
Alan C. Lin,Air Force Inst. of Technology,https://scholar.afit.edu/etd/index.26.html,NOSCHOLARPAGE,0000-0000-0000-0000
Alan C. Wright,Massey University,http://www.massey.ac.nz/massey/expertise/profile.cfm?stref=110200,gVSfxdgAAAAJ,0000-0000-0000-0000
Alan Chi Hung Ling,University of Vermont,http://www.emba.uvm.edu/~aling,NOSCHOLARPAGE,0000-0000-0000-0000
Alan D. Blair,UNSW,http://www.cse.unsw.edu.au/~blair,oYi8fBIAAAAJ,0000-0002-1039-4766
Alan D. Fekete,University of Sydney,https://sydney.edu.au/engineering/it/~fekete,Hs9cVRgAAAAJ,0000-0003-3804-5450
Alan David Fekete,University of Sydney,https://sydney.edu.au/engineering/it/~fekete,Hs9cVRgAAAAJ,0000-0003-3804-5450
Alan Dearle,University of St Andrews,https://al.host.cs.st-andrews.ac.uk,NOSCHOLARPAGE,0000-0002-1157-2421
Alan Dorin,Monash University,https://research.monash.edu/en/persons/alan-dorin.html,akGqM2IAAAAJ,0000-0002-5456-4835
Alan Edwin Serrano-Rico,Brunel University London,https://www.brunel.ac.uk/people/alan-serrano,EbUlFxwAAAAJ,0000-0000-0000-0000
Alan F. Blackwell,University of Cambridge,http://www.cl.cam.ac.uk/~afb21,0kWwkEUAAAAJ,0000-0001-5557-574X
Alan Fern,Oregon State University,http://eecs.oregonstate.edu/~afern,GaKxFrcAAAAJ,0000-0003-1615-6774
Alan H. Barr,California Inst. of Technology,http://www.eas.caltech.edu/people/2923/profile,NOSCHOLARPAGE,0000-0000-0000-0000
Alan Hanjalic,TU Delft,https://www.tudelft.nl/ewi/over-de-faculteit/afdelingen/intelligent-systems/multimedia-computing/people/alan-hanjalic,EoYbukgAAAAJ,0000-0002-5771-2549
Alan Hayes,University of Bath,http://www.bath.ac.uk/comp-sci/contacts/academics/alan_hayes,NOSCHOLARPAGE,0000-0002-2192-9113
Alan J. Hu,University of British Columbia,http://www.cs.ubc.ca/~ajh,6-JE5-cAAAAJ,0000-0002-4276-0169
Alan K. Mackworth,University of British Columbia,http://www.cs.ubc.ca/~mack,6Jf5GeYAAAAJ,0000-0000-0000-0000
Alan Kaminsky,Rochester Inst. of Technology,https://www.cs.rit.edu/~ark,NOSCHOLARPAGE,0000-0000-0000-0000
Alan Kuhnle,Texas A&M University,http://www.alankuhnle.com,-zrlrKgAAAAJ,0000-0001-6506-1902
Alan Kuntz,University of Utah,http://www.cs.utah.edu/~adk,7uZPiGoAAAAJ,0000-0003-0017-3932
Alan L. Cox,Rice University,https://www.cs.rice.edu/~alc,z28ApZkAAAAJ,0000-0000-0000-0000
Alan L. Yuille,Johns Hopkins University,http://www.cs.jhu.edu/~ayuille,FJ-huxgAAAAJ,0000-0001-5207-9249
Alan Loddon Yuille,Johns Hopkins University,http://www.cs.jhu.edu/~ayuille,FJ-huxgAAAAJ,0000-0000-0000-0000
Alan M. Durham,USP,http://www.ime.usp.br/~durham,sX7BGkIAAAAJ,0000-0002-9846-6911
Alan M. Frieze,Carnegie Mellon University,https://www.math.cmu.edu/~af1p,EqKRQ4YAAAAJ,0000-0002-8481-5615
Alan M. Moses,University of Toronto,http://www.moseslab.csb.utoronto.ca,o5gmOHMAAAAJ,0000-0000-0000-0000
Alan Marshall 0001,University of Liverpool,https://liverpool.ac.uk/electrical-engineering-and-electronics/staff/alan-marshall,RuXsbeYAAAAJ,0000-0002-8058-5242
Alan Miller,University of St Andrews,https://alanr.host.cs.st-andrews.ac.uk,EH74mBQAAAAJ,0000-0003-0744-0044
Alan Mislove,Northeastern University,http://www.ccs.neu.edu/home/amislove,oAqKi9MAAAAJ,0000-0002-4824-9302
Alan Mitchell Durham,USP,http://www.ime.usp.br/~durham,sX7BGkIAAAAJ,0000-0000-0000-0000
Alan P. Sprague,University of Alabama - Birmingham,https://www.uab.edu/cas/computerscience/images/Documents/Faculty/CV-AlanSprague-2016.pdf,NOSCHOLARPAGE,0000-0000-0000-0000
Alan Paul Fern,Oregon State University,http://eecs.oregonstate.edu/~afern,GaKxFrcAAAAJ,0000-0001-5851-8935
Alan R. Siegel,New York University,https://cs.nyu.edu/~siegel,NOSCHOLARPAGE,0000-0000-0000-0000
Alan Richard Bundy,University of Edinburgh,https://sweb.inf.ed.ac.uk/bundy,n7STZEYAAAAJ,0000-0000-0000-0000
Alan Ritter,Georgia Institute of Technology,http://aritter.github.io,unXtH3IAAAAJ,0009-0001-4602-138X
Alan Serrano,Brunel University London,https://www.brunel.ac.uk/people/alan-serrano,EbUlFxwAAAAJ,0000-0001-8902-5359
Alan Siegel,New York University,https://cs.nyu.edu/~siegel,NOSCHOLARPAGE,0000-0000-0000-0000
Alan Sussman,Univ. of Maryland - College Park,https://www.cs.umd.edu/~als,4Ts9jNQAAAAJ,0000-0003-1672-2879
Alan T. Sherman,Univ. of Maryland - Baltimore County,http://www.csee.umbc.edu/~sherman,ZzWjYkEAAAAJ,0000-0003-1130-4678
Alan Wagner,University of British Columbia,https://www.cs.ubc.ca/people/alan-wagner,YqBZgfgAAAAJ,0000-0002-9598-1926
Alan Wang,Oregon State University,http://eecs.oregonstate.edu/people/wang-alan,mZOzE7wAAAAJ,0000-0000-0000-0000
Alan Wassyng,McMaster University,http://www.cas.mcmaster.ca/~wassyng,Tv4yA0QAAAAJ,0000-0000-0000-0000
Alan Wee-Chung Liew,Griffith University,https://experts.griffith.edu.au/7401-alan-weechung-liew,CNgJ3LYAAAAJ,0000-0001-6718-7584
Alana Maurushat,Western Sydney University,https://www.westernsydney.edu.au/staff_profiles/WSU/professor_alana_maurushat,FS5WDjEAAAAJ,0000-0000-0000-0000
Alane Suhr,Univ. of California - Berkeley,https://www2.eecs.berkeley.edu/Faculty/Homepages/suhr.html,daslsUkAAAAJ,0000-0003-1016-6787
Alanson P. Sample,University of Michigan,http://www.alansonsample.com,tSyVwBwAAAAJ,0000-0002-8046-0538
Alasdair J. G. Gray,Heriot-Watt University,https://www.hw.ac.uk/staff/uk/macs/alasdair-j-g-gray.htm,3XRqgLcAAAAJ,0000-0002-5711-4872
Alastair F. Donaldson,Imperial College London,http://multicore.doc.ic.ac.uk,ZIUuqNwAAAAJ,0000-0002-7448-7961
Alastair Kay,Royal Holloway Univ. of London,https://pure.royalholloway.ac.uk/portal/en/persons/alastair-kay,ehRVTSAAAAAJ,0000-0000-0000-0000
Alastair R. Beresford,University of Cambridge,https://www.cl.cam.ac.uk/~arb33,KJmh8GAAAAAJ,0000-0003-0818-6535
Alba C. M. A. Melo,Universidade de Brasília,http://cic.unb.br/~alba/alba.html,vM_I8f4AAAAJ,0000-0001-5191-5209
Alba Cristina Magalhaes Alves de Melo,Universidade de Brasília,http://cic.unb.br/~alba/alba.html,vM_I8f4AAAAJ,0000-0001-5191-5209
Alba Garcia Seco de Herrera,University of Essex,https://www.essex.ac.uk/people/garci58409/alba-garcia-seco-de-herrera,80OVgTwAAAAJ,0000-0002-6509-5325
Alba García Seco de Herrera,University of Essex,https://www.essex.ac.uk/people/garci58409/alba-garcia-seco-de-herrera,80OVgTwAAAAJ,0000-0000-0000-0000
Alba de Melo,Universidade de Brasília,http://cic.unb.br/~alba/alba.html,vM_I8f4AAAAJ,0000-0000-0000-0000
Alban Grastien,Australian National University,https://cs.anu.edu.au/people/alban-grastien,87u0x6UAAAAJ,0000-0001-8466-8777
Alban Ponse,VU Amsterdam,https://staff.fnwi.uva.nl/a.ponse,v709bGQAAAAJ,0000-0000-0000-0000
Albert Ali Salah,Utrecht University,http://www.staff.science.uu.nl/~salah006,0ee8P-cAAAAJ,0000-0001-6342-428X
Albert Banchs,IMDEA Networks Institute,https://networks.imdea.org/team/imdea-networks-team/people/albert-banchs,f17UAkMAAAAJ,0000-0003-3544-8537
Albert Bifet,University of Waikato,https://www.cms.waikato.ac.nz/people/abifet,UYvAL8EAAAAJ,0000-0002-8339-7773
Albert Burger,Heriot-Watt University,https://www.hw.ac.uk/staff/uk/macs/albert-g-burger.htm,djg93PMAAAAJ,0000-0000-0000-0000
Albert C. S. Chung,HKUST,https://www.cse.ust.hk/~achung,MVf7Lq0AAAAJ,0000-0000-0000-0000
Albert Cabellos,Polytechnic Univ. of Catalonia,http://personals.ac.upc.edu/acabello,G5f_Mp8AAAAJ,0000-0000-0000-0000
Albert Cabellos-Aparicio,Polytechnic Univ. of Catalonia,http://personals.ac.upc.edu/acabello,G5f_Mp8AAAAJ,0000-0000-0000-0000
Albert Chern,Univ. of California - San Diego,https://page.math.tu-berlin.de/~chern/projects,f3o6lHUAAAAJ,0000-0002-9802-3619
Albert Chi-shing Chung,HKUST,https://www.cse.ust.hk/~achung,MVf7Lq0AAAAJ,0000-0000-0000-0000
Albert Cohen 0001,Ecole Normale Superieure,https://who.rocq.inria.fr/Albert.Cohen,MkKZKAMAAAAJ,0000-0002-8866-5343
Albert Gatt,University of Malta,http://staff.um.edu.mt/albert.gatt,uF5HKZQAAAAJ,0000-0001-6388-8244
Albert Levi,Sabancı University,http://people.sabanciuniv.edu/levi,ls6NkwEAAAAJ,0000-0000-0000-0000
Albert M. K. Cheng,University of Houston,http://www2.cs.uh.edu/~acheng/acheng.html,cBzNurgAAAAJ,0000-0003-2134-3056
Albert M. Lai,Washington University in St. Louis,https://i2db.wustl.edu/people/albert-lai,sxe41PcAAAAJ,0000-0000-0000-0000
Albert Mo Kim Cheng,University of Houston,http://www2.cs.uh.edu/~acheng/acheng.html,cBzNurgAAAAJ,0000-0003-2134-3056
Albert No,Yonsei University,https://albert-no.github.io/team,Kzj3HC8AAAAJ,0000-0002-6346-4182
Albert Park,UNC - Charlotte,https://cci.charlotte.edu/people/albert-park,2yOn5RgAAAAJ,0000-0000-0000-0000
Albert Sunny,IIT Palakkad,https://albert-sunny.github.io,UR7w_HgAAAAJ,0000-0000-0000-0000
Albert Y. Zomaya,University of Sydney,https://www.sydney.edu.au/engineering/about/our-people/academic-staff/albert-zomaya.html,ak35bjgAAAAJ,0000-0002-3090-1059
Albert Zündorf,University of Kassel,http://forschung.uni-kassel.de/converis/portal/Person/951793?auxfun=&lang=de_DE,WUWph3oAAAAJ,0000-0000-0000-0000
Albert-László Barabási,Northeastern University,http://www.ccis.northeastern.edu/people/albert-laszlo-barabasi,vsj2slIAAAAJ,0000-0000-0000-0000
Alberto Abad,Universidade de Lisboa,https://www.l2f.inesc-id.pt/wiki/index.php/Alberto_Abad_Gareta,iQTrDUIAAAAJ,0000-0000-0000-0000
Alberto Bacchelli,University of Zurich,https://sback.it,Jv-sW70AAAAJ,0000-0003-0193-6823
Alberto Barbosa Raposo,PUC-RIO,http://www.inf.puc-rio.br/~abraposo,bbNfBlwAAAAJ,0000-0000-0000-0000
Alberto Barrón-Cedeño,Qatar Computing Research Inst.,http://www.qcri.org/our-people/bio?pid=208&amp;par=acc&amp;name=AlbertoBarrón-Cedeño,0q0QVG4AAAAJ,0000-0000-0000-0000
Alberto Bartesaghi,Duke University,http://cryoem.cs.duke.edu,vpf-lMkAAAAJ,0000-0002-7360-1523
Alberto Cano 0001,Virginia Tech,https://canoalberto.github.io,8f_w4HQAAAAJ,0000-0001-9027-298X
Alberto Cano Rojas,Virginia Tech,https://canoalberto.github.io,8f_w4HQAAAAJ,0000-0000-0000-0000
Alberto Cerpa,Univ. of California - Merced,http://www.andes.ucmerced.edu/~acerpa,NOSCHOLARPAGE,0000-0003-4531-9704
Alberto Dainotti,Georgia Institute of Technology,https://www.cc.gatech.edu/~adainotti6,oZNdAREAAAAJ,0000-0001-6444-5656
Alberto Del Pia,University of Wisconsin - Madison,https://directory.engr.wisc.edu/ie/Faculty/Del-pia_Alberto,P29s_F0AAAAJ,0000-0001-8428-3914
Alberto E. Cerpa,Univ. of California - Merced,http://www.andes.ucmerced.edu/~acerpa,NOSCHOLARPAGE,0000-0000-0000-0000
Alberto E. Schaeffer Filho,UFRGS,http://inf.ufrgs.br/~alberto,y6oOiqYAAAAJ,0000-0003-1780-9060
Alberto E. Schaeffer-Filho,UFRGS,http://inf.ufrgs.br/~alberto,y6oOiqYAAAAJ,0000-0000-0000-0000
Alberto Egon Schaeffer Filho,UFRGS,http://inf.ufrgs.br/~alberto,y6oOiqYAAAAJ,0000-0000-0000-0000
Alberto H. F. Laender,UFMG,http://homepages.dcc.ufmg.br/~laender,HJhu4csAAAAJ,0000-0000-0000-0000
Alberto L. Sangiovanni-Vincentelli,Univ. of California - Berkeley,https://www2.eecs.berkeley.edu/Faculty/Homepages/sangiovanni-vicentelli.html,AhgjQ2QAAAAJ,0000-0003-1298-8389
Alberto Lluch-Lafuente,DTU,https://www.compute.dtu.dk/english,NOSCHOLARPAGE,0000-0001-7405-0818
Alberto M. Segre,University of Iowa,https://www.cs.uiowa.edu/people/alberto-maria-segre,IXnzCb8AAAAJ,0000-0000-0000-0000
Alberto Manuel Rodrigues da Silva,Universidade de Lisboa,http://isg.inesc-id.pt/alb,NjZqNwEAAAAJ,0000-0000-0000-0000
Alberto Marchetti-Spaccamela,Sapienza University of Rome,http://www.diag.uniroma1.it/users/alberto%20marchetti-spaccamela,xITAf6EAAAAJ,0000-0002-7991-4416
Alberto Maria Metelli,Politecnico di Milano,https://metelli.faculty.polimi.it,R31IsPwAAAAJ,0000-0000-0000-0000
Alberto Maria Segre,University of Iowa,https://www.cs.uiowa.edu/people/alberto-maria-segre,IXnzCb8AAAAJ,0000-0000-0000-0000
Alberto Montresor,University of Trento,https://cricca.disi.unitn.it/montresor,1Z5aqBAAAAAJ,0000-0001-5820-8216
Alberto Moraglio,University of Exeter,http://emps.exeter.ac.uk/computer-science/staff/am666,0y4XRI0AAAAJ,0000-0000-0000-0000
Alberto Nannarelli,DTU,https://www.compute.dtu.dk/english,NOSCHOLARPAGE,0000-0002-8303-6329
Alberto Negro,University of Salerno,http://www.unisa.it/docenti/albertonegro/en/index,NOSCHOLARPAGE,0000-0001-8739-7984
Alberto Paccanaro,Royal Holloway Univ. of London,https://pure.royalholloway.ac.uk/portal/en/persons/alberto-paccanaro_55db2ad3-6851-4385-93ba-7536ae499cb9.html,uXTtbXUAAAAJ,0000-0001-8059-1346
Alberto Pan,University of A Coruña,https://pdi.udc.es/es/File/Pdi/VZ59E,TF4nbKAAAAAJ,0000-0000-0000-0000
Alberto Postiglione,University of Salerno,http://www.unisa.it/docenti/postiglionea/index,EW1w6DkAAAAJ,0000-0000-0000-0000
Alberto Quattrini Li,Dartmouth College,https://web.cs.dartmouth.edu/people/alberto-quattrini-li,06ldpDMAAAAJ,0000-0002-4094-9793
Alberto Raposo 0001,PUC-RIO,http://www.inf.puc-rio.br/~abraposo,bbNfBlwAAAAJ,0000-0001-7279-1823
Alberto Rodrigues da Silva,Universidade de Lisboa,http://isg.inesc-id.pt/alb,NjZqNwEAAAAJ,0000-0000-0000-0000
Alberto Ros 0001,University of Murcia,http://ditec.um.es/~aros,ZfekP88AAAAJ,0000-0001-5757-1064
Alberto Sardinha,PUC-RIO,https://www-di.inf.puc-rio.br/~sardinha/Publications.html,ki58SvAAAAAJ,0000-0002-5782-3142
Alberto Schaeffer-Filho,UFRGS,http://inf.ufrgs.br/~alberto,y6oOiqYAAAAJ,0000-0003-1780-9060
Alberto Valderruten,University of A Coruña,https://pdi.udc.es/en/File/Pdi/AB28E,NOSCHOLARPAGE,0000-0000-0000-0000
Albrecht Jander,Oregon State University,http://eecs.oregonstate.edu/people/jander-albrecht,FWDxXyAAAAAJ,0000-0003-1307-9638
Albrecht Schmidt 0001,LMU Munich,https://www.en.um.informatik.uni-muenchen.de/people/professors/schmidt/index.html,qM5jR7YAAAAJ,0000-0003-3890-1990
Alcherio Martinoli,EPFL,https://people.epfl.ch/alcherio.martinoli,uVTR_eoAAAAJ,0000-0002-5201-7862
Alcides Fonseca,Universidade de Lisboa,https://ciencias.ulisboa.pt/en/perfil/amfonseca,0nKEYVsAAAAJ,0000-0002-0879-4015
Alcione P. Oliveira,Universidade Federal de Viçosa,http://www2.dpi.ufv.br/?page_id=517,i1mML_MAAAAJ,0000-0000-0000-0000
Alcione de Paiva Oliveira,Universidade Federal de Viçosa,http://www2.dpi.ufv.br/?page_id=517,i1mML_MAAAAJ,0000-0000-0000-0000
Aldeida Aleti,Monash University,https://research.monash.edu/en/persons/aldeida-aleti,BfyTWc8AAAAJ,0000-0002-1716-690X
Aldo A. Faisal,Imperial College London,https://www.imperial.ac.uk/people/a.faisal,WjHjbrwAAAAJ,0000-0000-0000-0000
Aldo Faisal,Imperial College London,https://www.imperial.ac.uk/people/a.faisal,WjHjbrwAAAAJ,0000-0003-0813-7207
Aldo Pacchiano,Boston University,https://www.bu.edu/cs/profiles/aldo-pacchiano,no_BfYgAAAAJ,0000-0000-0000-0000
Alejandra Beghelli,Goldsmiths University of London,https://www.gold.ac.uk/computing/people/beghelli-alejandra,kP8pBuEAAAAJ,0000-0000-0000-0000
Alejandro Cabrera Aldaya,Tampere University,https://www.tuni.fi/en/alejandro-cabreraaldaya,0Xps-GQAAAAJ,0000-0002-1544-6772
Alejandro F. Frangi,University of Leeds,https://eps.leeds.ac.uk/computing/staff/1535/professor-alejandro-f-frangi,9fGrB0sAAAAJ,0000-0002-2675-528X
Alejandro Federico Frangi,University of Leeds,https://eps.leeds.ac.uk/computing/staff/1535/professor-alejandro-f-frangi,9fGrB0sAAAAJ,0000-0000-0000-0000
Alejandro Frangi,University of Leeds,https://eps.leeds.ac.uk/computing/staff/1535/professor-alejandro-f-frangi,9fGrB0sAAAAJ,0000-0000-0000-0000
Alejandro Hevia,Universidad de Chile,https://www.dcc.uchile.cl/~ahevia,klAKNOcAAAAJ,0000-0002-4774-0693
Alejandro Martínez-Ríos,University of Buenos Aires,https://www.facebook.com/public/Alj-Rios,NOSCHOLARPAGE,0000-0000-0000-0000
Alejandro Masrur,TU Chemnitz,https://www.tu-chemnitz.de/informatik/CAS/people/masrur.php,UrRzVz4AAAAJ,0000-0003-2524-1751
Alejandro P. Buchmann,TU Darmstadt,http://www.dvs.tu-darmstadt.de/staff/buchmann,ppMxk_YAAAAJ,0000-0000-0000-0000
Alejandro Paz-Lopez,University of A Coruña,https://pdi.udc.es/en/File/Pdi/QP8LF,NOSCHOLARPAGE,0000-0003-4952-7308
Alejandro Pazos,University of A Coruña,https://pdi.udc.es/en/File/Pdi/4649E,bPAk6fYAAAAJ,0000-0000-0000-0000
Alejandro Pazos Sierra,University of A Coruña,https://pdi.udc.es/en/File/Pdi/4649E,bPAk6fYAAAAJ,0000-0000-0000-0000
Alejandro Quintero,Polytechnique Montreal,https://www.polymtl.ca/expertises/en/quintero-alejandro,NOSCHOLARPAGE,0000-0000-0000-0000
Alejandro Russo,Chalmers/GU,https://www.chalmers.se/en/staff/Pages/russo.aspx,8sz4s7YAAAAJ,0000-0002-4338-6316
Alek Vainshtein,University of Haifa,http://cs.haifa.ac.il/VAIN/vainshtein.html,NOSCHOLARPAGE,0000-0001-5452-1977
Aleks Kissinger,University of Oxford,https://www.cs.ox.ac.uk/people/aleks.kissinger,znjzEpUAAAAJ,0000-0002-6090-9684
Aleksandar Bojchevski,University of Cologne,https://abojchevski.github.io,F1APiN4AAAAJ,0000-0002-2589-9126
Aleksandar D. Rakic,University of Queensland,http://researchers.uq.edu.au/researcher/473,H5V1zOoAAAAJ,0000-0002-4615-2240
Aleksandar Ignjatovic,UNSW,http://www.cse.unsw.com/~ignjat,oywWs1sAAAAJ,0000-0000-0000-0000
Aleksandar Ilic,Universidade de Lisboa,http://sips.inesc-id.pt/~ilic,qnL0jnwAAAAJ,0000-0002-8594-3539
Aleksandar Kuzmanovic,Northwestern University,https://networks.cs.northwestern.edu/website/index-b.html,Q_zh52YAAAAJ,0000-0003-2622-6019
Aleksandar Nanevski,IMDEA Software Institute,http://software.imdea.org/~aleks,JGza54YAAAAJ,0000-0002-4851-1075
Aleksandar Nikolov,University of Toronto,http://www.cs.toronto.edu/~anikolov,glV_LWsAAAAJ,0000-0003-3435-7502
Aleksandra Korolova,Princeton University,https://www.cs.princeton.edu/people/profile/korolova,oK_XUmsAAAAJ,0000-0001-8237-9058
Aleksandrs Belovs,University of Latvia,http://home.lu.lv/~belovs,29rPpcUAAAAJ,0009-0004-1625-108X
Aleksey Charapko,University of New Hampshire,http://charap.co,lZEtYhgAAAAJ,0000-0002-8072-0125
Aleksy Schubert,University of Warsaw,http://www.mimuw.edu.pl/~alx,0vbRwBQAAAAJ,0000-0000-0000-0000
Alena Denisova,City University of London,https://www.city.ac.uk/people/academics/alena-denisova,32v5DP4AAAAJ,0000-0002-1497-5808
Alena Naiakshina,Ruhr-University Bochum,https://www.besec.uni-bonn.de/index.php/team/alena-naiakshina,6HPZRskAAAAJ,0009-0008-1843-2027
Ales Horák,Masaryk University,https://www.muni.cz/en/people/1648,lBJuYA8AAAAJ,0000-0000-0000-0000
Ales Leonardis,University of Birmingham,https://www.birmingham.ac.uk/staff/profiles/computer-science/academic-staff/leonardis-ales.aspx,BEFl4j0AAAAJ,0000-0003-0773-3277
Alessandra Cavarra,University of Oxford,http://www.cs.ox.ac.uk/people/alessandra.cavarra,NOSCHOLARPAGE,0000-0000-0000-0000
Alessandra Gorla,IMDEA Software Institute,http://software.imdea.org/~alessandra.gorla,6uUwTrwAAAAJ,0000-0002-6711-3080
Alessandra Russo,Imperial College London,http://www.imperial.ac.uk/people/a.russo,_6zceo4AAAAJ,0000-0002-3318-8711
Alessandra Scafuro,North Carolina State University,http://www.ascafuro.com,gM1DWK8AAAAJ,0000-0003-1797-9457
Alessandro Abate,University of Oxford,https://www.cs.ox.ac.uk/people/alessandro.abate,yskbfM4AAAAJ,0000-0002-5627-9093
Alessandro Acquisti,Carnegie Mellon University,http://www.heinz.cmu.edu/~acquisti,2XCryp4AAAAJ,0000-0001-6582-6178
Alessandro Barenghi,Politecnico di Milano,http://home.deib.polimi.it/barenghi,UdTX7n0AAAAJ,0000-0003-0840-6358
Alessandro Biondi 0001,Scuola Superiore Sant'Anna,http://retis.sssup.it/~a.biondi,j8JFI7UAAAAJ,0000-0002-6625-9336
Alessandro Bozzon,TU Delft,http://www.wis.ewi.tudelft.nl/bozzon,402ZM7UAAAAJ,0000-0002-3300-2913
Alessandro Bruni,IT University of Copenhagen,https://pure.itu.dk/portal/en/persons/alessandro-bruni(5c50bbc9-ed3d-417f-ba4d-e484eaf536b3).html,lbZ6n5IAAAAJ,0000-0003-2946-9462
Alessandro Campi,Politecnico di Milano,http://home.deib.polimi.it/campi,NOSCHOLARPAGE,0000-0001-8138-4146
Alessandro Chiesa,EPFL,https://people.epfl.ch/alessandro.chiesa,rW1Bio0AAAAJ,0000-0000-0000-0000
Alessandro Chiumento,University of Twente,https://research.utwente.nl/en/persons/a116746b-c2dc-4753-96ca-0ae6c1533ea9,hA19KNwAAAAJ,0000-0003-1248-5327
Alessandro E. C. Redondi,Politecnico di Milano,http://home.deib.polimi.it/redondi,8ka5NmUAAAAJ,0000-0001-7267-7908
Alessandro Enrico Cesare Redondi,Politecnico di Milano,http://home.deib.polimi.it/redondi,8ka5NmUAAAAJ,0000-0000-0000-0000
Alessandro Enrico Redondi,Politecnico di Milano,http://home.deib.polimi.it/redondi,8ka5NmUAAAAJ,0000-0000-0000-0000
Alessandro F. Garcia 0001,PUC-RIO,http://www.inf.puc-rio.br/~afgarcia,rP1LYboAAAAJ,0000-0000-0000-0000
Alessandro Fabricio Garcia,PUC-RIO,http://www.inf.puc-rio.br/~afgarcia,rP1LYboAAAAJ,0000-0000-0000-0000
Alessandro Flammini,Indiana University,http://cnets.indiana.edu/aflammin,aOzxhScAAAAJ,0000-0003-1670-9156
Alessandro Foi,Tampere University,https://www.tuni.fi/en/alessandro-foi,zBmF3ZAAAAAJ,0000-0001-8228-3187
Alessandro Garcia 0001,PUC-RIO,http://www.inf.puc-rio.br/~afgarcia,rP1LYboAAAAJ,0000-0001-5788-5215
Alessandro Gianola,Universidade de Lisboa,https://arsr.inesc-id.pt/~agianola,7D8gWSUAAAAJ,0000-0003-4216-5199
Alessandro L. Koerich,ETS Montreal,http://etsmtl.ca/Professeurs/akoerich/Home,kaUy9GEAAAAJ,0000-0001-5879-7014
Alessandro Lameiras Koerich,ETS Montreal,http://etsmtl.ca/Professeurs/akoerich/Home,kaUy9GEAAAAJ,0000-0000-0000-0000
Alessandro Margara,Politecnico di Milano,http://home.deib.polimi.it/margara,evbpVlMAAAAJ,0000-0002-0023-8639
Alessandro Mei,Sapienza University of Rome,http://wwwusers.di.uniroma1.it/~mei,eCiUVHcAAAAJ,0000-0003-1215-9644
Alessandro Moschitti,University of Trento,http://disi.unitn.it/moschitti,vYUDlsEAAAAJ,0000-0003-2216-8034
Alessandro Orso,University of Georgia,https://engineering.uga.edu/team_member/alex-orso,wCfYkMkAAAAJ,0000-0003-4516-9320
Alessandro Ortis,University of Catania,https://www.dmi.unict.it/ortis/homepage.php,gcztqXgAAAAJ,0000-0003-3461-4679
Alessandro Panconesi,Sapienza University of Rome,http://www.di.uniroma1.it/a/di.uniroma1.it/panco,kzYoaFYAAAAJ,0000-0000-0000-0000
Alessandro Pandini,Brunel University London,https://www.brunel.ac.uk/people/alessandro-pandini,6hPiNCgAAAAJ,0000-0002-4158-233X
Alessandro Provetti,Birkbeck University of London,https://www.dcs.bbk.ac.uk/about/people/academic-staff/alessandro,pwOBPBQAAAAJ,0000-0001-9542-4110
Alessandro Redondi,Politecnico di Milano,http://home.deib.polimi.it/redondi,8ka5NmUAAAAJ,0000-0001-7267-7908
Alessandro Roncone,University of Colorado Boulder,https://alessandro.ronc.one,nV-XGVIAAAAJ,0000-0001-7385-1875
Alessandro Sanzeni,Bocconi University,https://cs.unibocconi.eu/people/alessandro-sanzeni,oV4DZIgAAAAJ,0000-0001-8758-1810
Alessandro Sebastian Podda,University of Cagliari,https://aibd.unica.it/people/sebastian-podda,4k_xAbEAAAAJ,0000-0002-7862-8362
Alessandro Siro Campi,Politecnico di Milano,http://home.deib.polimi.it/campi,NOSCHOLARPAGE,0000-0000-0000-0000
Alessandro Sperduti,University of Padova,https://www.math.unipd.it/~sperduti,JsExaWMAAAAJ,0000-0000-0000-0000
Alessandro Suglia,Heriot-Watt University,https://www.edinburgh-robotics.org/academics/alessandro-suglia,429MAoUAAAAJ,0000-0002-3177-5197
Alessandro Veneziani,Emory University,https://www.math.emory.edu/~ale,xjvr4yEAAAAJ,0000-0000-0000-0000
Alessandro Vespignani,Northeastern University,http://www.mobs-lab.org/alessandro-vespignani.html,U3CXAPsAAAAJ,0000-0003-3419-4205
Alessandro Vinciarelli,University of Glasgow,http://www.dcs.gla.ac.uk/vincia,XOnfkHIAAAAJ,0000-0002-9048-0524
Alessandro Vittorio Papadopoulos,Mälardalen University,http://www.idt.mdh.se/~aps01,3T1ESO8AAAAJ,0000-0002-1364-8127
Alessia Saggese,University of Salerno,https://docenti.unisa.it/024950/home,OwHN05YAAAAJ,0000-0000-0000-0000
Alessio Benavoli,Trinity College Dublin,https://www.scss.tcd.ie/Alessio.Benavoli,H6fNzsMAAAAJ,0000-0002-2522-7178
Alessio Gaspar,University of South Florida,http://cereal.forest.usf.edu/alessio,8UtfjnIAAAAJ,0000-0003-3206-7093
Alessio Guglielmi,University of Bath,http://alessio.guglielmi.name,1fq1YrMAAAAJ,0000-0002-7234-2347
Alessio Lomuscio,Imperial College London,http://www.doc.ic.ac.uk/~alessio,xdWZkEEAAAAJ,0000-0003-3420-723X
Alessio Malizia,University of Pisa,https://alessiomalizia.wordpress.com,46Vso-sAAAAJ,0000-0000-0000-0000
Alessio Mansutti,IMDEA Software Institute,https://alessiomansutti.github.io,NW2gmOwAAAAJ,0000-0002-1104-7299
Alessio Micheli,University of Pisa,http://www.di.unipi.it/~micheli,rnaNixYAAAAJ,0000-0001-5764-5238
Alessio R. Lomuscio,Imperial College London,http://www.doc.ic.ac.uk/~alessio,xdWZkEEAAAAJ,0000-0000-0000-0000
Alex Aiken,Stanford University,https://theory.stanford.edu/~aiken,3vKjkoQAAAAJ,0000-0002-3723-9555
Alex Alves Freitas,University of Kent,https://www.cs.kent.ac.uk/people/staff/aaf,NOSCHOLARPAGE,0000-0001-9825-4700
Alex Biryukov,University of Luxembourg,http://wwwen.uni.lu/snt/people/alex_biryukov,tP5rH0wAAAAJ,0000-0003-1404-6686
Alex Brodsky,Dalhousie University,https://www.dal.ca/faculty/computerscience/faculty-staff/alex-brodksy.html,NOSCHOLARPAGE,0009-0009-8827-8691
Alex C. Snoeren,Univ. of California - San Diego,http://cseweb.ucsd.edu/~snoeren,lBzZU1IAAAAJ,0000-0001-5679-3888
Alex Conway 0001 [Tech],Cornell University,https://ajhconway.com,RAYmM1wAAAAJ,0000-0000-0000-0000
Alex David Groce,Northern Arizona University,https://agroce.github.io,ewrrvq8AAAAJ,0000-0000-0000-0000
Alex Davidson,Universidade NOVA de Lisboa,https://alxdavids.xyz,HKAfgQUAAAAJ,0000-0001-9157-3821
Alex Delis,University of Athens,http://cgi.di.uoa.gr/~ad,NOSCHOLARPAGE,0000-0000-0000-0000
Alex Dimakis,Univ. of California - Berkeley,https://people.eecs.berkeley.edu/~alexdimakis,JSFmVQEAAAAJ,0000-0000-0000-0000
Alex Endert,Georgia Institute of Technology,http://va.gatech.edu/endert,_ZIAy3cAAAAJ,0000-0002-6914-610X
Alex Gammerman,Royal Holloway Univ. of London,https://pure.royalholloway.ac.uk/portal/en/persons/alex-gammerman_66fed543-6231-42fe-920c-92ba917c2ce1.html,uoWoR4gAAAAJ,0000-0000-0000-0000
Alex Gerdes,Chalmers/GU,https://www.chalmers.se/en/staff/Pages/alexg.aspx,NOSCHOLARPAGE,0000-0002-7445-211X
Alex Gittens,Rensselaer Polytechnic Institute,http://www.cs.rpi.edu/~gittea,ysiqoUoAAAAJ,0000-0003-3482-0157
Alex Groce,Northern Arizona University,https://agroce.github.io,ewrrvq8AAAAJ,0000-0003-0273-4668
Alex H. Ihler,Univ. of California - Irvine,http://www.ics.uci.edu/~ihler,ffdt7gMAAAAJ,0000-0000-0000-0000
Alex J. Gammerman,Royal Holloway Univ. of London,https://pure.royalholloway.ac.uk/portal/en/persons/alex-gammerman_66fed543-6231-42fe-920c-92ba917c2ce1.html,uoWoR4gAAAAJ,0000-0002-9671-8441
Alex Jung,Aalto University,https://users.aalto.fi/~junga1,mHjdZdwAAAAJ,0000-0000-0000-0000
Alex Kale,University of Chicago,https://people.cs.uchicago.edu/~kalea,zqj99EYAAAAJ,0000-0001-7668-2800
Alex Lamb,Tsinghua University,https://collegeai.tsinghua.edu.cn/rydw/qzpi/AlexLamb.htm,BFzFy1YAAAAJ,0000-0000-0000-0000
Alex Lascarides,University of Edinburgh,http://homepages.inf.ed.ac.uk/alex,fVRKVf4AAAAJ,0000-0003-1704-1864
Alex Liu,Michigan State University,http://www.cse.msu.edu/~alexliu,qRjO51UAAAAJ,0000-0000-0000-0000
Alex Lombardi,Princeton University,https://www.cs.princeton.edu/people/profile/al2201,DGhtIxUAAAAJ,0009-0007-0471-5379
Alex Lopez-Lorca,University of Melbourne,http://people.eng.unimelb.edu.au/tmiller,NOSCHOLARPAGE,0000-0000-0000-0000
Alex M. Bronstein,Technion,http://www.cs.technion.ac.il/~bron,lafKN0sAAAAJ,0000-0000-0000-0000
Alex Mariakakis,University of Toronto,https://mariakakis.github.io,YeGQtewAAAAJ,0000-0002-9986-3345
Alex Mihailidis,University of Toronto,http://www.iatsl.org/people/amihailidis.htm,FgKrtn0AAAAJ,0000-0003-2233-0919
Alex Nicolau,Univ. of California - Irvine,http://www.ics.uci.edu/~nicolau,oD0ISLcAAAAJ,0009-0003-9833-8455
Alex Olshevsky,Boston University,https://sites.bu.edu/aolshevsky,YKwHoFMAAAAJ,0000-0000-0000-0000
Alex Orailoglu,Univ. of California - San Diego,http://cseweb.ucsd.edu/~alex,RJhla18AAAAJ,0000-0002-6104-3923
Alex Pang,Univ. of California - Santa Cruz,https://users.soe.ucsc.edu/~pang,wYggXHoAAAAJ,0000-0003-0720-7162
Alex Potanin,Australian National University,https://comp.anu.edu.au/people/alex-potanin,NUl2HRkAAAAJ,0000-0002-4242-2725
Alex Pothen,Purdue University,https://www.cs.purdue.edu/people/faculty/apothen,_Fah5fwAAAAJ,0000-0002-3421-3325
Alex Psomas 0001,Purdue University,https://www.alexpsomas.com,FrTxJzcAAAAJ,0000-0000-0000-0000
Alex Rasin,DePaul University,http://www.cdm.depaul.edu/about/Pages/People/facultyinfo.aspx?fid=1041,FGs9EMwAAAAJ,0000-0000-0000-0000
Alex Rogers,University of Oxford,https://www.cs.ox.ac.uk/people/alex.rogers,0Z4sWCoAAAAJ,0000-0001-6324-0536
Alex S. Taylor,University of Edinburgh,http://www.inf.ed.ac.uk/people/staff/Alex_Taylor.html,ecxxlucAAAAJ,0000-0001-6311-3967
Alex S. Weddell,University of Southampton,https://www.ecs.soton.ac.uk/people/asw1v08,epnvd-AAAAAJ,0000-0002-6763-5460
Alex Samorodnitsky,Hebrew University of Jerusalem,http://www.cs.huji.ac.il/~salex,NOSCHOLARPAGE,0000-0001-8643-7948
Alex Sandro Gomes,UFPE,http://www.cin.ufpe.br/~asg,i9a7THIAAAAJ,0000-0000-0000-0000
Alex Szalay,Johns Hopkins University,https://physics-astronomy.jhu.edu/directory/alexander-s-szalay,rUiWchkAAAAJ,0000-0000-0000-0000
Alex T. Pang,Univ. of California - Santa Cruz,https://users.soe.ucsc.edu/~pang,wYggXHoAAAAJ,0000-0000-0000-0000
Alex Thomo,University of Victoria,http://www.cs.uvic.ca/~thomo,szORzAoAAAAJ,0000-0002-3020-2258
Alex Tuzhilin,New York University,https://www.stern.nyu.edu/faculty/bio/alexander-tuzhilin,vs4zs0cAAAAJ,0000-0000-0000-0000
Alex Wong 0001,Yale University,https://seas.yale.edu/faculty-research/faculty-directory/alex-wong,9_XuM8AAAAJ,0000-0002-3157-6016
Alex Zelikovsky,Georgia State University,http://cs.gsu.edu/profile/alex-zelikovsky,UzCRNJwAAAAJ,0000-0003-4424-4691
Alexander A. Razborov,University of Chicago,https://people.cs.uchicago.edu/~razborov,TtRVMCgAAAAJ,0000-0000-0000-0000
Alexander A. Schwarzmann,Augusta University,https://www.augusta.edu/faculty/directory/view.php?id=ASCHWARZMANN,gQo0AHYAAAAJ,0000-0003-4447-3267
Alexander A. Sherstov,Univ. of California - Los Angeles,http://www.cs.ucla.edu/~sherstov,JinbAIQAAAAJ,0000-0002-2488-7852
Alexander A. Shvartsman,Augusta University,https://www.augusta.edu/faculty/directory/view.php?id=ASCHWARZMANN,gQo0AHYAAAAJ,0000-0003-4447-3267
Alexander Afanasyev,Florida International University,https://users.cs.fiu.edu/~afanasyev,goyNhdoAAAAJ,0000-0003-0420-1267
Alexander Aiken,Stanford University,https://theory.stanford.edu/~aiken,3vKjkoQAAAAJ,0000-0000-0000-0000
Alexander Barg,Univ. of Maryland - College Park,https://www.cs.umd.edu/people/abarg,nvU3IvEAAAAJ,0000-0002-8972-4413
Alexander Binder,University of Magdeburg,https://isgwww.cs.uni-magdeburg.de/agcv_binder,5B8CTlEAAAAJ,0000-0001-9605-6209
Alexander Brodsky 0001,George Mason University,https://cs.gmu.edu/~brodsky,AsyAUTIAAAAJ,0000-0002-0312-2105
Alexander Brodsky 0003,Dalhousie University,https://www.dal.ca/faculty/computerscience/faculty-staff/alex-brodksy.html,NOSCHOLARPAGE,0000-0000-0000-0000
Alexander C. Berg,Univ. of California - Irvine,http://acberg.com,jjEht8wAAAAJ,0009-0009-3617-5842
Alexander C. Russell,University of Connecticut,http://www.engr.uconn.edu/~acr,EsJmgf4AAAAJ,0000-0000-0000-0000
Alexander Conway 0001 [Tech],Cornell University,https://ajhconway.com,RAYmM1wAAAAJ,0000-0000-0000-0000
Alexander Egyed,JKU Linz,https://www.jku.at/en/institute-for-software-systems-engineering/about-us/team/alexander-egyed,tN-tEGIAAAAJ,0000-0003-3128-5427
Alexander Endert,Georgia Institute of Technology,http://va.gatech.edu/endert,_ZIAy3cAAAAJ,0000-0000-0000-0000
Alexander Felfernig,Graz University of Technology,http://www.ist.tugraz.at/felfernig,ZD0F-a0AAAAJ,0000-0000-0000-0000
Alexander Ferworn,Toronto Metropolitan University,http://www.scs.torontomu.ca/aferworn,NOSCHOLARPAGE,0000-0002-5486-1979
Alexander Fraser 0001,TU Munich,https://www.professoren.tum.de/en/fraser-alexander,4ZIZK08AAAAJ,0000-0000-0000-0000
Alexander G. Ororbia II,Rochester Inst. of Technology,http://www.personal.psu.edu/ago109,IAFscrMAAAAJ,0000-0000-0000-0000
Alexander G. Schwing,Univ. of Illinois at Urbana-Champaign,http://www.alexander-schwing.de,3B2c31wAAAAJ,0000-0000-0000-0000
Alexander Gamero-Garrido,Univ. of California - Davis,https://www.gamero-garrido.com,K9AHcLAAAAAJ,0000-0003-4462-4520
Alexander Gammerman,Royal Holloway Univ. of London,https://pure.royalholloway.ac.uk/portal/en/persons/alex-gammerman_66fed543-6231-42fe-920c-92ba917c2ce1.html,uoWoR4gAAAAJ,0000-0002-9671-8441
Alexander Gerhard Schwing,Univ. of Illinois at Urbana-Champaign,http://www.alexander-schwing.de,3B2c31wAAAAJ,0000-0000-0000-0000
Alexander Golovnev,Georgetown University,https://golovnev.org,zA9SpgkAAAAJ,0000-0000-0000-0000
Alexander Gumennik,Indiana University,https://fames.indiana.edu,Z-D4ddAAAAAJ,0000-0002-8076-5235
Alexander H. Nelson 0001,University of Arkansas,https://computer-science-and-computer-engineering.uark.edu/directory/index/uid/ahnelson/name/Alexander+H.+Nelson,USYVMjwAAAAJ,0000-0000-0000-0000
Alexander Herzog,Clemson University,http://www.alexherzog.net,jrfFYAIAAAAJ,0000-0002-2125-6721
Alexander Hinneburg,University of Halle-Wittenberg,https://www.informatik.uni-halle.de/arbeitsgruppen/dbs/mitarbeiter/hinneburg,NOSCHOLARPAGE,0000-0000-0000-0000
Alexander Hoover 0001,Stevens Institute of Technology,https://axhoover.com,ko3G0roAAAAJ,0009-0003-9818-1419
Alexander Ihler,Univ. of California - Irvine,http://www.ics.uci.edu/~ihler,ffdt7gMAAAAJ,0000-0002-4331-1015
Alexander J. Hartemink,Duke University,https://users.cs.duke.edu/~amink,HLRZ3oAAAAAJ,0000-0000-0000-0000
Alexander J. Summers,University of British Columbia,http://people.inf.ethz.ch/summersa,q1bbqYEAAAAJ,0000-0001-5554-9381
Alexander Jung 0001,Aalto University,https://users.aalto.fi/~junga1,mHjdZdwAAAAJ,0000-0000-0000-0000
Alexander K. Lew,Yale University,https://engineering.yale.edu/research-and-faculty/faculty-directory/alex-lew,TiF1WEsAAAAJ,0000-0000-0000-0000
Alexander Kain,OHSU,http://www.ohsu.edu/xd/education/schools/school-of-medicine/departments/basic-science-departments/csee/csee-people/kain.cfm,gK85itIAAAAJ,0000-0001-5807-9311
Alexander Kemper,TU Munich,https://www-db.in.tum.de/~kemper,dliZB7MAAAAJ,0000-0000-0000-0000
Alexander Knapp,University of Augsburg,https://www.uni-augsburg.de/de/fakultaet/fai/informatik/prof/swtsse/mitarbeiter,r5d4ZJsAAAAJ,0000-0000-0000-0000
Alexander Koller,Saarland University,http://www.coli.uni-saarland.de/~koller,yni3K9wAAAAJ,0000-0002-5317-6689
Alexander Konovalov 0001,University of St Andrews,https://alex-konovalov.github.io,EH74mBQAAAAJ,0000-0000-0000-0000
Alexander Kotov 0001,Wayne State University,http://www.cs.wayne.edu/kotov,83gsCFsAAAAJ,0000-0002-9872-6605
Alexander Krull,University of Birmingham,https://www.birmingham.ac.uk/staff/profiles/computer-science/academic-staff/krull-alexander.aspx,NOSCHOLARPAGE,0000-0002-7778-7169
Alexander L. Wijesinha,Towson University,https://www.towson.edu/fcsm/departments/computerinfosci/facultystaff/awijesinha.html,NOSCHOLARPAGE,0000-0000-0000-0000
Alexander L. Wolf,Univ. of California - Santa Cruz,https://users.soe.ucsc.edu/~alw,21FXjJgAAAAJ,0000-0000-0000-0000
Alexander Leitsch,TU Wien,https://www.logic.at/staff/leitsch,NOSCHOLARPAGE,0000-0000-0000-0000
Alexander Lex,Graz University of Technology,http://alexander-lex.net,JFNLCUcAAAAJ,0000-0001-6930-5468
Alexander M. Barg,Univ. of Maryland - College Park,https://www.cs.umd.edu/people/abarg,nvU3IvEAAAAJ,0000-0000-0000-0000
Alexander M. Bronstein,Technion,http://www.cs.technion.ac.il/~bron,lafKN0sAAAAJ,0000-0000-0000-0000
Alexander M. Fraser,LMU Munich,https://www.cis.uni-muenchen.de/~fraser,4ZIZK08AAAAJ,0000-0000-0000-0000
Alexander M. Rush [Tech],Cornell University,http://rush.seas.harvard.edu,LIjnUGgAAAAJ,0000-0000-0000-0000
Alexander Marder,Johns Hopkins University,https://alexmarder.github.io,htWC_lMAAAAJ,0000-0003-3327-1571
Alexander May 0001,Ruhr-University Bochum,http://www.cits.rub.de/personen/may.html,oD5v0XoAAAAJ,0000-0001-5965-5675
Alexander Medvedev,Uppsala University,http://user.it.uu.se/~am/am.new.html,Zj8zOuUAAAAJ,0000-0000-0000-0000
Alexander Mehler,Goethe University Frankfurt,https://www.texttechnologylab.org/team/alexander-mehler,crMx0oUAAAAJ,0000-0000-0000-0000
Alexander Meschtscherjakov,University of Salzburg,https://hci.sbg.ac.at/person/meschtscherjakov,YzdqhHIAAAAJ,0000-0001-8116-4522
Alexander Moshe Rabinovich,Tel Aviv University,http://www.cs.tau.ac.il/~rabinoa,NOSCHOLARPAGE,0000-0000-0000-0000
Alexander Nelson 0001,University of Arkansas,https://computer-science-and-computer-engineering.uark.edu/directory/index/uid/ahnelson/name/Alexander+H.+Nelson,USYVMjwAAAAJ,0000-0000-0000-0000
Alexander Nolte,TU Eindhoven,https://research.tue.nl/nl/persons/alexander-nolte,0Vmn0QQAAAAJ,0000-0003-1255-824X
Alexander Ollongren,Leiden University,https://www.universiteitleiden.nl/en/staffmembers/alexander-ollongren#tab-2,NOSCHOLARPAGE,0000-0000-0000-0000
Alexander Olshevsky,Boston University,https://sites.bu.edu/aolshevsky,YKwHoFMAAAAJ,0000-0002-6058-3258
Alexander Ororbia,Rochester Inst. of Technology,http://www.personal.psu.edu/ago109,IAFscrMAAAAJ,0000-0000-0000-0000
Alexander P. Turner,University of Nottingham,https://www.nottingham.ac.uk/computerscience/people/alexander.turner,XJ8sNiIAAAAJ,0000-0000-0000-0000
Alexander Phillip Turner,University of Nottingham,https://www.nottingham.ac.uk/computerscience/people/alexander.turner,XJ8sNiIAAAAJ,0000-0000-0000-0000
Alexander Poremba,Boston University,https://scc1.bu.edu/poremba,tCNcD28AAAAJ,0000-0000-0000-0000
Alexander Pretschner,TU Munich,https://www22.in.tum.de/en/mitarbeiter/pretschner,pBIEpNcAAAAJ,0000-0002-5573-1201
Alexander Pudmenzky,University of Queensland,http://researchers.uq.edu.au/researcher/804,NOSCHOLARPAGE,0000-0000-0000-0000
Alexander Raake,TU Ilmenau,https://www.tu-ilmenau.de/en/university/departments/department-of-electrical-engineering-and-information-technology/profile/institutes-and-groups/audiovisual-technology-group/team,MoOhyrQAAAAJ,0000-0002-9357-1763
Alexander Rabinovich,Tel Aviv University,http://www.cs.tau.ac.il/~rabinoa,NOSCHOLARPAGE,0000-0002-1460-2358
Alexander Rakhlin,Massachusetts Inst. of Technology,https://www.mit.edu/~rakhlin,fds2VpgAAAAJ,0000-0000-0000-0000
Alexander Rasin,DePaul University,http://www.cdm.depaul.edu/about/Pages/People/facultyinfo.aspx?fid=1041,FGs9EMwAAAAJ,0000-0001-7282-5763
Alexander Rivosh,University of Latvia,https://www.linkedin.com/in/alexander-rivosh-567425108,VBngPxsAAAAJ,0009-0006-0807-3222
Alexander Rodríguez,University of Michigan,https://alrodri.engin.umich.edu,ILkESaUAAAAJ,0000-0002-4313-9913
Alexander Russell,University of Connecticut,http://www.engr.uconn.edu/~acr,EsJmgf4AAAAJ,0000-0002-8228-6238
Alexander S. Ecker,University of Göttingen,https://eckerlab.org,VgYU_m8AAAAJ,0000-0003-2392-5105
Alexander S. Kotov,Wayne State University,http://www.cs.wayne.edu/kotov,83gsCFsAAAAJ,0000-0000-0000-0000
Alexander S. Szalay,Johns Hopkins University,https://physics-astronomy.jhu.edu/directory/alexander-s-szalay,rUiWchkAAAAJ,0000-0002-4108-3282
Alexander Schill,TU Dresden,http://www.rn.inf.tu-dresden.de,TABb2iQAAAAJ,0000-0000-0000-0000
Alexander Schlaefer,Hamburg University of Technology,https://mtec.et8.tuhh.de/staff/alexander-schlaefer.html,NOSCHOLARPAGE,0000-0001-9201-8854
Alexander Schliep,Chalmers/GU,https://schlieplab.org,NOSCHOLARPAGE,0000-0002-3555-3188
Alexander Serebrenik,TU Eindhoven,http://www.win.tue.nl/~aserebre,Mcn2e18AAAAJ,0000-0002-1418-0095
Alexander T. Ihler,Univ. of California - Irvine,http://www.ics.uci.edu/~ihler,ffdt7gMAAAAJ,0000-0000-0000-0000
Alexander Tiskin,University of Warwick,https://warwick.ac.uk/fac/sci/dcs/people/alexander_tiskin,P9lIbS0AAAAJ,0000-0003-0680-4192
Alexander Tong 0001,Duke University,https://www.alextong.net,CS80pt4AAAAJ,0000-0002-2031-4096
Alexander Travis Adams,Georgia Institute of Technology,https://www.alexandertadams.com,assJWZYAAAAJ,0000-0000-0000-0000
Alexander Tropsha,University of North Carolina,http://cs.unc.edu/people/alexander-tropsha,inPIy48AAAAJ,0000-0003-3802-8896
Alexander Tuzhilin,New York University,https://www.stern.nyu.edu/faculty/bio/alexander-tuzhilin,vs4zs0cAAAAJ,0000-0003-3354-8462
Alexander V. Medvedev,Uppsala University,http://user.it.uu.se/~am/am.new.html,Zj8zOuUAAAAJ,0000-0000-0000-0000
Alexander V. Veidenbaum,Univ. of California - Irvine,http://www.ics.uci.edu/~alexv,NOSCHOLARPAGE,0000-0000-0000-0000
Alexander Vainshtein,University of Haifa,http://cs.haifa.ac.il/VAIN/vainshtein.html,NOSCHOLARPAGE,0000-0000-0000-0000
Alexander Volfovsky,Duke University,https://volfovsky.github.io,9qHFzDoAAAAJ,0000-0003-4462-1020
Alexander Voss,University of St Andrews,http://www.alexandervoss.de,1lTK7Y0AAAAJ,0000-0002-8053-2175
Alexander Wiethoff,LMU Munich,http://www.mmi.ifi.lmu.de/team/alexander.wiethoff,i4x6QwkAAAAJ,0000-0003-2938-7272
Alexander Wilkie,Charles University,https://cgg.mff.cuni.cz/members/wilkie,74Eltb0AAAAJ,0000-0002-3536-6577
Alexander Wolff 0001,University of Würzburg,http://www1.informatik.uni-wuerzburg.de/mitarbeiterinnen/wolff-alexander,7XqwgZoAAAAJ,0000-0001-5872-718X
Alexander Wong,University of Waterloo,https://www.eng.uwaterloo.ca/~a28wong,i7h8-dYAAAAJ,0000-0002-5295-2797
Alexander Zelikovsky,Georgia State University,http://cs.gsu.edu/profile/alex-zelikovsky,UzCRNJwAAAAJ,0000-0003-4424-4691
Alexander Zipf,Heidelberg University,https://www.geog.uni-heidelberg.de/de/personen-am-institut/prof-dr-alexander-zipf,1TAZiPwAAAAJ,0000-0000-0000-0000
Alexandr Andoni,Columbia University,http://datascience.columbia.edu/alex-andoni,Evgx6UkAAAAJ,0009-0004-8042-0976
Alexandra (Sasha) Fedorova,University of British Columbia,https://www.ece.ubc.ca/faculty/alexandra-sasha-fedorova,orMwSjoAAAAJ,0000-0000-0000-0000
Alexandra Birch,University of Edinburgh,http://www.inf.ed.ac.uk/people/staff/Alexandra_Birch-Mayne.html,gZOV9kMAAAAJ,0000-0002-9022-3405
Alexandra Boldyreva,Georgia Institute of Technology,http://www.cc.gatech.edu/~aboldyre,8mHLyRoAAAAJ,0009-0000-7019-884X
Alexandra Dmitrienko,University of Würzburg,https://se.informatik.uni-wuerzburg.de/secure-software-systems-group/staff0/alexandra-dmitrienko,CrDmeeIAAAAJ,0000-0001-5637-7016
Alexandra Fedorova,University of British Columbia,https://www.ece.ubc.ca/faculty/alexandra-sasha-fedorova,orMwSjoAAAAJ,0000-0001-6805-7300
Alexandra I. Cristea,Durham University,https://www.dur.ac.uk/computer.science/staff/profile/?id=17167,jQMxCKYAAAAJ,0000-0002-1454-8822
Alexandra Ioana Cristea,Durham University,https://www.dur.ac.uk/computer.science/staff/profile/?id=17167,jQMxCKYAAAAJ,0000-0000-0000-0000
Alexandra Ion,Carnegie Mellon University,http://www.alexandraion.com,pP920LoAAAAJ,0000-0001-5933-1363
Alexandra Jimborean,University of Murcia,http://webs.um.es/alexandra.jimborean,UVlbY84AAAAJ,0000-0001-8642-2447
Alexandra Kitson,University of Victoria,https://alexandrakitson.com,-7griPcAAAAJ,0000-0003-3479-5297
Alexandra Kolla,Univ. of California - Santa Cruz,https://people.ucsc.edu/~akolla,wOb0lqUAAAAJ,0000-0000-0000-0000
Alexandra L. Uitdenbogerd,RMIT University,https://sites.rmit.edu.au/alu,elwlPD0AAAAJ,0000-0000-0000-0000
Alexandra Meliou,Univ. of Massachusetts Amherst,http://people.cs.umass.edu/~ameli,sOzdfjYAAAAJ,0000-0001-7346-6002
Alexandra Mendes,Universidade de Lisboa,https://archimendes.com,zEyAqMUAAAAJ,0000-0001-8060-5920
Alexandra Poulovassilis,Birkbeck University of London,https://www.dcs.bbk.ac.uk/about/people/academic-staff/ap,mlh3EiwAAAAJ,0000-0001-8981-4104
Alexandra Silva 0001,Cornell University,https://alexandrasilva.org/#/main.html,Vgu38TgAAAAJ,0000-0001-5014-9784
Alexandra To,Northeastern University,https://www.khoury.northeastern.edu/people/alexandra-to,FB_pYfIAAAAJ,0000-0001-7298-7607
Alexandre A. B. Lima,UFRJ,http://www.cos.ufrj.br/index.php/pt-BR/pessoas/details/18/1573-assis,CjlmBWMAAAAJ,0000-0000-0000-0000
Alexandre Alahi,EPFL,https://people.epfl.ch/alexandre.alahi,UIhXQ64AAAAJ,0000-0002-5004-1498
Alexandre Allauzen,Université Paris Dauphine,https://allauzen.github.io,B2-gXkkAAAAJ,0000-0000-0000-0000
Alexandre Bergel,Universidad de Chile,https://www.dcc.uchile.cl/alexandre_bergel,5pG4GQ8AAAAJ,0000-0001-8087-1903
Alexandre Bernardino,Universidade de Lisboa,http://users.isr.ist.utl.pt/~alex/pmwiki/index.php,auFmh9MAAAAJ,0000-0003-3991-1269
Alexandre Blondin Massé,Université du Québec à Montréal,https://professeurs.uqam.ca/professeur/blondin_masse.alexandre,v8C9a9QAAAAJ,0000-0000-0000-0000
Alexandre C. B. Delbem,USP-ICMC,http://icmc.usp.br/pessoas?id=470689,LYsCAa4AAAAJ,0000-0000-0000-0000
Alexandre Cabral Mota,UFPE,http://www.cin.ufpe.br/~acm,LiCue78AAAAJ,0000-0000-0000-0000
Alexandre Cláudio Botazzo Delbem,USP-ICMC,http://icmc.usp.br/pessoas?id=470689,LYsCAa4AAAAJ,0000-0000-0000-0000
Alexandre M. Amory,PUC-RS,http://www.inf.pucrs.br/alexandre.amory,UgvODPkAAAAJ,0000-0001-8432-3162
Alexandre M. Bayen,Univ. of California - Berkeley,http://www.ce.berkeley.edu/people/faculty/bayen,a5nY-pYAAAAJ,0000-0000-0000-0000
Alexandre M. L. de Vasconcelos,UFPE,https://www.cin.ufpe.br/~amlv,uTLN0mUAAAAJ,0000-0000-0000-0000
Alexandre Marcos Lins de Vasconcelos,UFPE,http://www.cin.ufpe.br/~amlv,uTLN0mUAAAAJ,0000-0000-0000-0000
Alexandre Megretski,Massachusetts Inst. of Technology,https://lids.mit.edu/people/facultypi/alexandre-megretski,NOSCHOLARPAGE,0000-0000-0000-0000
Alexandre Mendes,University of Newcastle,https://www.newcastle.edu.au/profile/alexandre-mendes,wt2mmpIAAAAJ,0000-0003-1759-3765
Alexandre Miguel Pinto,Universidade de Lisboa,https://ciencias.ulisboa.pt/perfil/amdpinto,CnhikhoAAAAJ,0000-0003-0577-0939
Alexandre Mota 0001,UFPE,http://www.cin.ufpe.br/~acm,LiCue78AAAAJ,0000-0000-0000-0000
Alexandre N. Delbem,USP-ICMC,http://icmc.usp.br/pessoas?id=470689,LYsCAa4AAAAJ,0000-0000-0000-0000
Alexandre P. Francisco,Universidade de Lisboa,https://web.ist.utl.pt/aplf,hJ_H818AAAAJ,0000-0003-4852-1641
Alexandre P. de Carvalho 0001,UFF,http://www.ic.uff.br/index.php/en-GB/people/317-faculty-ic?docente=5,axlvTZoAAAAJ,0000-0000-0000-0000
Alexandre Paulo Francisco,Universidade de Lisboa,https://web.ist.utl.pt/aplf,hJ_H818AAAAJ,0000-0000-0000-0000
Alexandre Plastino 0001,UFF,http://www.ic.uff.br/index.php/en-GB/people/317-faculty-ic?docente=5,axlvTZoAAAAJ,0000-0000-0000-0000
Alexandre Salles da Cunha,UFMG,http://homepages.dcc.ufmg.br/~acunha,NOSCHOLARPAGE,0000-0000-0000-0000
Alexandre Sedoglavic,CRIStAL,https://www.cristal.univ-lille.fr/profil/sedoglav,NOSCHOLARPAGE,0000-0000-0000-0000
Alexandre Tiskin,University of Warwick,https://warwick.ac.uk/fac/sci/dcs/people/alexander_tiskin,P9lIbS0AAAAJ,0000-0000-0000-0000
Alexandre X. Falcão,UNICAMP,http://www.ic.unicamp.br/~afalcao,NOSCHOLARPAGE,0000-0002-2914-5380
Alexandre Xavier Falcão,UNICAMP,http://www.ic.unicamp.br/~afalcao,NOSCHOLARPAGE,0000-0000-0000-0000
Alexandre d'Aspremont,Ecole Normale Superieure,http://www.di.ens.fr/~aspremon,JEEwSlQAAAAJ,0000-0003-3851-216X
Alexandre de Morais Amory,PUC-RS,http://www.inf.pucrs.br/alexandre.amory,UgvODPkAAAAJ,0000-0000-0000-0000
Alexandros A. Voudouris,University of Essex,https://www.essex.ac.uk/people/voudo18000/alexandros-voudouris,YL5djpEAAAAJ,0000-0003-1105-3856
Alexandros Daglis,Georgia Institute of Technology,https://www.cc.gatech.edu/~adaglis3,Mm-dHpMAAAAJ,0000-0000-0000-0000
Alexandros Eleftheriadis,University of Athens,http://itmb.di.uoa.gr/education/didaskontesEng/edu_didakt7.html,NOSCHOLARPAGE,0000-0000-0000-0000
Alexandros G. Dimakis,Univ. of California - Berkeley,https://people.eecs.berkeley.edu/~alexdimakis,JSFmVQEAAAAJ,0000-0002-4244-7033
Alexandros Kapravelos,North Carolina State University,https://www.kapravelos.com,wW03D_AAAAAJ,0000-0002-8839-8521
Alexandros Labrinidis,University of Pittsburgh,http://labrinidis.cs.pitt.edu,UR4eDW4AAAAJ,0000-0003-1349-0056
Alexandros Potamianos,NTUA,http://cvsp.cs.ntua.gr/potam,pBQViyUAAAAJ,0000-0000-0000-0000
Alexandros Psomas 0001,Purdue University,https://www.alexpsomas.com,FrTxJzcAAAAJ,0000-0002-7709-5058
Alexandros Stamatakis,Karlsruhe Inst. of Technology,http://www.exelixis-lab.org,WbMNvJwAAAAJ,0000-0003-0353-0691
Alexandros Stergiou,University of Twente,https://research.utwente.nl/en/persons/1bdc86df-c2d0-4b8b-a717-b420be101f63,_E_Zs3kAAAAJ,0000-0003-4706-4231
Alexandros V. Gerbessiotis,NJIT,http://cs.njit.edu/~alexg,NOSCHOLARPAGE,0000-0000-0000-0000
Alexandru Cojocaru,University of Edinburgh,http://www.inf.ed.ac.uk/people/staff/Alexandru_Cojocaru.html,NOSCHOLARPAGE,0000-0003-2710-1170
Alexandru G. Bardas,University of Kansas,https://www.ittc.ku.edu/~alexbardas,ulpPgb0AAAAJ,0000-0000-0000-0000
Alexandru I. Tomescu,University of Helsinki,https://www.cs.helsinki.fi/u/tomescu,-7R4K78AAAAJ,0000-0002-5747-8350
Alexandru Iosup,VU Amsterdam,http://www.ds.ewi.tudelft.nl/~iosup,7wwQ7twAAAAJ,0000-0001-8030-9398
Alexandru Nicolau,Univ. of California - Irvine,http://www.ics.uci.edu/~nicolau,oD0ISLcAAAAJ,0009-0003-9833-8455
Alexandru Paler,Aalto University,https://research.aalto.fi/en/persons/alexandru-paler,WmghO7UAAAAJ,0000-0002-1536-8858
Alexei A. Efros,Univ. of California - Berkeley,http://www.eecs.berkeley.edu/~efros,d97bGd8AAAAJ,0000-0001-5720-8070
Alexei J. Drummond,University of Auckland,https://www.compevol.auckland.ac.nz/dr-alexei-drummond,qh4gZBMAAAAJ,0000-0003-4454-2576
Alexei Lisitsa 0001,University of Liverpool,https://www.csc.liv.ac.uk/~alexei,S0VAEqUAAAAJ,0000-0000-0000-0000
Alexei P. Lisitsa,University of Liverpool,https://www.csc.liv.ac.uk/~alexei,S0VAEqUAAAAJ,0000-0000-0000-0000
Alexei Sourin,Nanyang Technological University,http://www.ntu.edu.sg/home/assourin,8A7kHCYAAAAJ,0000-0003-4051-2927
Alexei Y. Kitaev,California Inst. of Technology,https://iqim.caltech.edu/profile/alexei-y-kitaev,kbwqzOUAAAAJ,0000-0000-0000-0000
Alexey A. Gurevich,Saarland University,https://saarland-informatics-campus.de/forschung-research/computational-biology-and-life-sciences,K6dV2vEAAAAJ,0000-0002-5855-3519
Alexey A. Koloydenko,Royal Holloway Univ. of London,https://pure.royalholloway.ac.uk/portal/en/persons/alexey-koloydenko,uqLaaVoAAAAJ,0000-0000-0000-0000
Alexey A. Neznanov,HSE University,https://www.hse.ru/en/staff/aneznanov,ezWeReQAAAAJ,0000-0000-0000-0000
Alexey Gotsman,IMDEA Software Institute,http://software.imdea.org/~gotsman,NOSCHOLARPAGE,0000-0002-2454-4171
Alexey Ignatiev,Monash University,https://research.monash.edu/en/persons/aleksei-ignatiev,CkHZ6fMAAAAJ,0000-0002-4535-2902
Alexey L. Lastovetsky,University College Dublin,https://people.ucd.ie/alexey.lastovetsky,28VrkNcAAAAJ,0000-0001-9460-3897
Alexey Naumov,HSE University,https://www.hse.ru/staff/anaumov,5723KoYAAAAJ,0000-0000-0000-0000
Alexey Neznanov,HSE University,https://www.hse.ru/en/staff/aneznanov,ezWeReQAAAAJ,0000-0000-0000-0000
Alexey Onufriev,Virginia Tech,http://people.cs.vt.edu/onufriev,b7TXx40AAAAJ,0000-0002-4930-6612
Alexey Ovchinnikov,CUNY,http://qcpages.qc.cuny.edu/~aovchinnikov,JmOotdkAAAAJ,0000-0000-0000-0000
Alexey Tumanov,Georgia Institute of Technology,https://www.cc.gatech.edu/~atumanov,7P-gZioAAAAJ,0009-0005-7862-1477
Alexey V. Onufriev,Virginia Tech,http://people.cs.vt.edu/onufriev,b7TXx40AAAAJ,0000-0000-0000-0000
Alexia Briassouli,University of Twente,https://people.utwente.nl/a.briassouli,t7KC74oAAAAJ,0000-0002-0545-3215
Alexia Zoumpoulaki,Cardiff University,https://www.cardiff.ac.uk/people/view/978549-zoumpoulaki-alexia,HVvcecAAAAAJ,0000-0002-0810-0319
Alexios Voulimeneas,TU Delft,https://alexios-voulimeneas.github.io,eN134ocAAAAJ,0000-0002-6985-8684
Alexis Hiniker,University of Washington,http://alexishiniker.com,tY-tZTkAAAAJ,0000-0003-1607-0778
Alexis J. Battle,Johns Hopkins University,https://battlelab.jhu.edu,yPOT9K0AAAAJ,0000-0000-0000-0000
Alexis Palmer,University of Colorado Boulder,https://www.colorado.edu/cs/alexis-palmer,NVxAbD8AAAAJ,0000-0000-0000-0000
Alexis Tsoukiàs,Université Paris Dauphine,https://www.lamsade.dauphine.fr/~tsoukias,dD54LqIAAAAJ,0000-0001-5772-3988
Alf Inge Wang,NTNU,http://www.idi.ntnu.no/~alfw,EObDw_AAAAAJ,0000-0000-0000-0000
Alf Weaver,University of Virginia,https://engineering.virginia.edu/faculty/alfred-c-weaver,0skgDnMAAAAJ,0000-0000-0000-0000
Alfie Abdul-Rahman,King's College London,https://www.kcl.ac.uk/people/alfie-abdul-rahman,odURYTkAAAAJ,0000-0002-6257-876X
Alfons Kemper,TU Munich,https://db.in.tum.de/~kemper,5n3YivwAAAAJ,0000-0000-0000-0000
Alfons Laarman,Leiden University,https://alfons.laarman.com,InHyqKgAAAAJ,0000-0002-2433-4174
Alfonso Baños,University of Murcia,http://www.um.es/iindus/abanos,VOrE_H0AAAAJ,0000-0000-0000-0000
Alfonso Baños Torrico,University of Murcia,http://www.um.es/iindus/abanos,VOrE_H0AAAAJ,0000-0000-0000-0000
Alfonso Bueno-Orovio,University of Oxford,https://www.cs.ox.ac.uk/people/alfonso.bueno-orovio,TmlWPsIAAAAJ,0000-0002-1634-3601
Alfonso Castro Martínez,University of A Coruña,https://pdi.udc.es/en/File/Pdi/5259E,NOSCHOLARPAGE,0000-0000-0000-0000
Alfonso Fuggetta,Politecnico di Milano,http://home.deib.polimi.it/fuggetta,ZJXTUa8AAAAJ,0000-0000-0000-0000
Alfonso Pierantonio,University of L'Aquila,https://www.disim.univaq.it/main/home.php?users_username=alfonso,JVTAEMMAAAAJ,0000-0002-5231-3952
Alfred C. Weaver,University of Virginia,https://engineering.virginia.edu/faculty/alfred-c-weaver,0skgDnMAAAAJ,0000-0002-8527-7142
Alfred Hero,University of Michigan,http://web.eecs.umich.edu/~hero,NOSCHOLARPAGE,0000-0002-2531-9670
Alfred J. Menezes,University of Waterloo,http://www.math.uwaterloo.ca/~ajmeneze,hkJ7xKwAAAAJ,0000-0000-0000-0000
Alfred Krzywicki,Adelaide University,http://www.adelaide.edu.au/directory/alfred.krzywicki,4CC8XrIAAAAJ,0000-0000-0000-0000
Alfred M. Bruckstein,Technion,http://www.cs.technion.ac.il/~freddy,P1OaUP8AAAAJ,0000-0001-5669-0037
Alfred Marcel Bruckstein,Technion,http://www.cs.technion.ac.il/~freddy,P1OaUP8AAAAJ,0000-0000-0000-0000
Alfred Menezes,University of Waterloo,http://www.math.uwaterloo.ca/~ajmeneze,hkJ7xKwAAAAJ,0000-0000-0000-0000
Alfred Mertins,University of Lübeck,https://www.isip.uni-luebeck.de/people/alfred-mertins,-uVFF9QAAAAJ,0000-0000-0000-0000
Alfred O. Hero III,University of Michigan,http://web.eecs.umich.edu/~hero,NOSCHOLARPAGE,0000-0000-0000-0000
Alfred Olivier Hero,University of Michigan,http://web.eecs.umich.edu/~hero,NOSCHOLARPAGE,0000-0000-0000-0000
Alfred Ultsch,University of Marburg,https://www.uni-marburg.de/fb12/arbeitsgruppen/datenbionik/mitarbeiter,NOSCHOLARPAGE,0000-0002-7845-3283
Alfredo De Santis,University of Salerno,http://www.di.unisa.it/~ads/curriculum.htm,Wt7Y3-oAAAAJ,0000-0001-8962-1919
Alfredo Ferreira,Universidade de Lisboa,https://fenix.tecnico.ulisboa.pt/homepage/ist14275,YtEBFw0AAAAJ,0000-0001-9278-142X
Alfredo Goldman,USP,http://www.ime.usp.br/~gold,Cgl09uMAAAAJ,0000-0001-5746-4154
Alfredo Goldman vel Lejbman,USP,http://www.ime.usp.br/~gold,Cgl09uMAAAAJ,0000-0000-0000-0000
Alfredo Pulvirenti,University of Catania,https://www.dmi.unict.it/~apulvirenti/site,eU40mWYAAAAJ,0000-0002-9764-0295
Alfredo Weitzenfeld,University of South Florida,http://robolat.org,0QFPg3oAAAAJ,0000-0001-7016-3751
Alfredo Weitzenfeld Ridel,University of South Florida,http://robolat.org,0QFPg3oAAAAJ,0000-0000-0000-0000
Alham Fikri Aji,MBZUAI,https://mbzuai.ac.ae/study/faculty/alham-fikri-aji,0Cyfqv4AAAAJ,0000-0000-0000-0000
Ali A. Al-Ataby,University of Liverpool,https://liverpool.ac.uk/electrical-engineering-and-electronics/staff/ali-alataby,o0C1omgAAAAJ,0000-0000-0000-0000
Ali A. Ghorbani 0001,University of New Brunswick,http://www.cs.unb.ca/~ghorbani,tMc1RhUAAAAJ,0000-0000-0000-0000
Ali A. Minai,University of Cincinnati,http://www.ece.uc.edu/~aminai,Sm-_3WQAAAAJ,0000-0000-0000-0000
Ali A. Nazari Shirehjini,Sharif University of Technology,http://ce.sharif.edu/faculty/aliasghar-nazari,USZyRusAAAAJ,0000-0000-0000-0000
Ali Abbasi 0002,CISPA Helmholtz Center,https://ali-abbasi.info,7BgdiU4AAAAJ,0000-0003-4220-6560
Ali Abedi 0002,University of Wisconsin - Madison,https://pages.cs.wisc.edu/~abedi,TOjDxhMAAAAJ,0000-0000-0000-0000
Ali Akbar Ghorbani,University of New Brunswick,http://www.cs.unb.ca/~ghorbani,tMc1RhUAAAAJ,0000-0000-0000-0000
Ali Al-Ataby,University of Liverpool,https://liverpool.ac.uk/electrical-engineering-and-electronics/staff/ali-alataby,o0C1omgAAAAJ,0000-0001-9159-0883
Ali Anaissi,University of Sydney,https://www.sydney.edu.au/engineering/about/our-people/academic-staff/ali-anaissi.html,1U3G_aUAAAAJ,0000-0002-8864-0314
Ali Anwar 0001,University of Minnesota,https://cse.umn.edu/cs/ali-anwar,o3eOVbgAAAAJ,0000-0003-4487-2436
Ali Arya,Carleton University,http://www.csit.carleton.ca/~arya,Per9R0UAAAAJ,0000-0002-2550-1296
Ali Asghar Nazari Shirehjini,Sharif University of Technology,http://ce.sharif.edu/faculty/aliasghar-nazari,USZyRusAAAAJ,0000-0000-0000-0000
Ali Aydin Selçuk,TOBB ETÜ,http://aselcuk.etu.edu.tr,gobiPJIAAAAJ,0000-0000-0000-0000
Ali Ayub,Concordia University,https://sites.google.com/view/aliayub,kyzvf0wAAAAJ,0000-0001-9458-477X
Ali Babar 0001,Adelaide University,http://www.adelaide.edu.au/directory/ali.babar,BjzKrCsAAAAJ,0000-0000-0000-0000
Ali C. Begen,Özyeğin University,https://ali.begen.net,ZIZWsXoAAAAJ,0000-0000-0000-0000
Ali Chehab,American University of Beirut,https://website.aub.edu.lb/fea/publicprofile/Pages/profile.aspx?MemberId=chehab,pu2imbMAAAAJ,0000-0002-1939-2740
Ali Dehghan Tanha,University of Guelph,https://www.uoguelph.ca/computing/people/ali-dehghantanha,r6Lj9FcAAAAJ,0000-0000-0000-0000
Ali Dehghantanha,University of Guelph,https://www.uoguelph.ca/computing/people/ali-dehghantanha,r6Lj9FcAAAAJ,0000-0000-0000-0000
Ali Ebnenasir,Michigan Technological University,https://www.mtu.edu/cs/department/faculty-staff/faculty/ebnenasir,qeaGCqAAAAAJ,0000-0000-0000-0000
Ali Emami,Emory University,https://ali-emami.com,Pjdq8cUAAAAJ,0000-0000-0000-0000
Ali Eslami,Wichita State University,https://www.wichita.edu/profiles/academics/engineering/EECS/Eslami-Ali.php,puRMzV0AAAAJ,0000-0000-0000-0000
Ali Ghanbari 0001,Auburn University,https://ali-ghanbari.github.io,jq5ncEwAAAAJ,0000-0003-1471-2546
Ali Ghodsi 0001,University of Waterloo,https://uwaterloo.ca/data-analytics,WXbhp_4AAAAJ,0000-0000-0000-0000
Ali Ghodsi Boushehri,University of Waterloo,https://uwaterloo.ca/data-analytics,WXbhp_4AAAAJ,0000-0000-0000-0000
Ali Ghrayeb,Texas A&M at Qatar,https://www.qatar.tamu.edu/programs/ecen/faculty-and-staff/duplicate-of-dr.-marcelo-castier,ieLdP8EAAAAJ,0000-0002-6808-5886
Ali Gooya,University of Leeds,https://eps.leeds.ac.uk/computing/staff/1670/dr-ali-gooya,H7w9icgAAAAJ,0000-0001-5135-4800
Ali Grami,Ontario Tech University,https://engineering.ontariotechu.ca/people/ecse/ali.grami.php,NOSCHOLARPAGE,0000-0000-0000-0000
Ali Gökhan Yavuz,Yıldız Technical University,https://www.ce.yildiz.edu.tr/personal/gokhan?lang=en,NOSCHOLARPAGE,0000-0000-0000-0000
Ali H. Dogru,Middle East Technical University,http://user.ceng.metu.edu.tr/~dogru,tS3i4GMAAAAJ,0000-0000-0000-0000
Ali H. Sayed,EPFL,https://people.epfl.ch/ali.sayed,uDG9sXQAAAAJ,0000-0000-0000-0000
Ali Hikmet Dogru,Middle East Technical University,http://user.ceng.metu.edu.tr/~dogru,tS3i4GMAAAAJ,0000-0000-0000-0000
Ali Ismail Awad,UAEU,https://www.uaeu.ac.ae/en/cit/profile.shtml?email=ali.awad@uaeu.ac.ae,-JinZTsAAAAJ,0000-0000-0000-0000
Ali Jannesari,Iowa State University,https://www.cs.iastate.edu/swapp/people/ali-jannesari,YhWnhQEAAAAJ,0000-0001-8672-5317
Ali Jannesari Ladani,Iowa State University,https://www.cs.iastate.edu/swapp/people/ali-jannesari,YhWnhQEAAAAJ,0000-0000-0000-0000
Ali Jaoua,Qatar University,http://www.qu.edu.qa/engineering/computer/faculty/ali.php,rWJLBq8AAAAJ,0000-0001-6578-8191
Ali Javey,Univ. of California - Berkeley,http://nano.eecs.berkeley.edu,1gqyKqcAAAAJ,0000-0000-0000-0000
Ali José Mashtizadeh,University of Waterloo,https://cs.uwaterloo.ca/~mashti,djMOD-IAAAAJ,0000-0002-8672-5138
Ali Kafash Hoshiar,University of Essex,https://www.essex.ac.uk/people/kafas38100/ali-kafash-hoshiar,wueVtfMAAAAJ,0000-0002-0561-5018
Ali M. Niknejad,Univ. of California - Berkeley,http://rfic.eecs.berkeley.edu/~niknejad,urhvgT0AAAAJ,0000-0002-9246-9791
Ali Mahdavi-Amiri,Simon Fraser University,https://www.sfu.ca/~amahdavi,M9eTADwAAAAJ,0000-0002-4693-3565
Ali Makhdoumi,Duke University,https://cs.duke.edu/people/appointed-faculty/secondary-faculty,Fm5_a0oAAAAJ,0000-0001-5422-0314
Ali Mehrizi-Sani,Washington State University,http://eecs.wsu.edu/~mehrizi,dxRTf9YAAAAJ,0000-0001-9072-4819
Ali Mesbah 0001,University of British Columbia,https://www.ece.ubc.ca/~amesbah,6CdatVEAAAAJ,0000-0002-8783-7967
Ali Mili 0001,NJIT,https://web.njit.edu/~mili,GPRauj0AAAAJ,0000-0000-0000-0000
Ali Miri,Toronto Metropolitan University,https://www.scs.torontomu.ca/~samiri,MUNTuIUAAAAJ,0000-0000-0000-0000
Ali Mohammad Afshin Hemmatyar,Sharif University of Technology,http://sharif.edu/~hemmatyar,NOSCHOLARPAGE,0000-0002-5721-0143
Ali Niknejad,Univ. of California - Berkeley,http://rfic.eecs.berkeley.edu/~niknejad,urhvgT0AAAAJ,0000-0002-9246-9791
Ali Orooji,University of Central Florida,https://www.cecs.ucf.edu/faculty/ali-orooji,NOSCHOLARPAGE,0000-0000-0000-0000
Ali Ouni 0001,ETS Montreal,https://ouniali.github.io,RHH5rtcAAAAJ,0000-0003-4708-0362
Ali Raza Butt,Virginia Tech,http://people.cs.vt.edu/butta,oqux_wcAAAAJ,0000-0002-0871-7263
Ali Reza Ejlali,Sharif University of Technology,http://sharif.edu/~ejlali,H7G8s68AAAAJ,0000-0000-0000-0000
Ali Reza Pedram,University of Oklahoma,https://alirezapedram.github.io,OIFfnsEAAAAJ,0000-0003-4619-2231
Ali Reza Sadeghian,Toronto Metropolitan University,https://www.scs.torontomu.ca/~asadeghi,NOSCHOLARPAGE,0000-0000-0000-0000
Ali Ridha Mahjoub,Université Paris Dauphine,https://www.lamsade.dauphine.fr/~mahjoub,yDXNzfIAAAAJ,0000-0000-0000-0000
Ali Saberi,Washington State University,https://school.eecs.wsu.edu/people/faculty/ali-saberi,xcV_89kAAAAJ,0000-0000-0000-0000
Ali Saman Tosun,University of Texas at San Antonio,http://www.cs.utsa.edu/~tosun,MPRuFPsAAAAJ,0000-0000-0000-0000
Ali Seydi Keçeli,Hacettepe University,https://sites.google.com/view/aliseydikeceli,1RYMZ5YAAAAJ,0000-0001-6531-8464
Ali Shokoufandeh,Drexel University,http://drexel.edu/cci/contact/Faculty/Shokoufandeh-Ali,YrsoRK0AAAAJ,0000-0000-0000-0000
Ali Shokri,University of Houston,https://a-shokri.github.io,2bRaz-QAAAAJ,0000-0000-0000-0000
Ali Siahkoohi,University of Central Florida,https://alisiahkoohi.github.io,sxRMqYIAAAAJ,0000-0000-0000-0000
Ali Sunyaev,TU Munich,https://www.professoren.tum.de/en/sunyaev-ali,Uc8sVecAAAAJ,0000-0002-4353-8519
Ali Taylan Cemgil,Boğaziçi University,https://www.cmpe.boun.edu.tr/~cemgil,X3ZFZ7AAAAAJ,0000-0003-4463-8455
Ali Vakilian,Virginia Tech,https://website.cs.vt.edu/people/faculty/ali-vakilian.html,uXZaVaAAAAAJ,0000-0001-5049-7594
Ali Zilouchian,Florida Atlantic University,http://www.eng.fau.edu/directory/faculty/zilouchian,NOSCHOLARPAGE,0000-0000-0000-0000
Ali Zulfiqar,University of Essex,https://www.essex.ac.uk/people/alizu48900/zulfiqar-ali,e1-m8fAAAAAJ,0000-0000-0000-0000
Alia Asheralieva,SUSTech,https://faculty.sustech.edu.cn/asheralievaa/en,sZ6ghiYAAAAJ,0000-0002-4430-5928
Alia I. Abdelmoty,Cardiff University,https://www.cardiff.ac.uk/people/view/118100-abdelmoty-alia,i-r88O4AAAAJ,0000-0000-0000-0000
Alia Madain,JUST,http://www.just.edu.jo/eportfolio/Pages/Default.aspx?email=asmadain,_4GIY9QAAAAJ,0000-0000-0000-0000
Alice A. Miller,University of Glasgow,http://www.dcs.gla.ac.uk/~alice,aqR9WqQAAAAJ,0000-0000-0000-0000
Alice E. Koniges,University of Hawaii at Manoa,https://datascience.hawaii.edu/profile/alice-koniges,m8fLTt0AAAAJ,0000-0001-8303-3104
Alice H. Oh,KAIST,http://uilab.kaist.ac.kr/members/aliceoh,KcB5NH4AAAAJ,0000-0000-0000-0000
Alice Hae Yun Oh,KAIST,http://uilab.kaist.ac.kr/members/aliceoh,KcB5NH4AAAAJ,0000-0000-0000-0000
Alice Hutchings,University of Cambridge,https://www.cl.cam.ac.uk/~ah793,kITQ0T8AAAAJ,0000-0003-3037-2684
Alice Miller 0001,University of Glasgow,http://www.dcs.gla.ac.uk/~alice,aqR9WqQAAAAJ,0000-0002-0941-1717
Alice Oh,KAIST,http://uilab.kaist.ac.kr/members/aliceoh,KcB5NH4AAAAJ,0000-0000-0000-0000
Alice Toniolo,University of St Andrews,https://at258.host.cs.st-andrews.ac.uk,BNdwyiUAAAAJ,0000-0002-6816-6360
Alim Al Islam,BUET,https://sites.google.com/site/abmalimalislam,K-AIPzQAAAAJ,0000-0000-0000-0000
Alin Achim,University of Bristol,https://www.bristol.ac.uk/people/person/Alin-Achim-a515a426-727d-480b-8d4e-a4a756d6d8f9,I0f9BuIAAAAJ,0000-0002-0982-7798
Alin Albu-Schäffer,TU Munich,https://www.professoren.tum.de/en/albu-schaeffer-alin,yP_zL3gAAAAJ,0000-0001-5343-9074
Alin Deutsch,Univ. of California - San Diego,https://jacobsschool.ucsd.edu/faculty/profile?id=179,2lZr6WsAAAAJ,0000-0000-0000-0000
Alin Dobra,University of Florida,http://www.cise.ufl.edu/~adobra,smEOOBsAAAAJ,0000-0003-2033-9952
Alin Olimpiu Albu-Schäffer,TU Munich,https://www.professoren.tum.de/en/albu-schaeffer-alin,yP_zL3gAAAAJ,0000-0000-0000-0000
Alina Dana Miron,Brunel University London,https://www.brunel.ac.uk/people/alina-miron,inx-Sz8AAAAJ,0000-0000-0000-0000
Alina Ene,Boston University,https://cs-people.bu.edu/aene,v1_kfR8AAAAJ,0000-0002-5818-1807
Alina Oprea,Northeastern University,http://www.ccs.neu.edu/home/alina,16J3izoAAAAJ,0000-0002-4979-5292
Alina Roitberg,University of Stuttgart,https://www.ki.uni-stuttgart.de/institute/team/Roitberg,UuEFRDoAAAAJ,0000-0003-4724-9164
Alina Sîrbu,University of Pisa,http://kdd.isti.cnr.it/people/s%C3%AErbu-alina,o-G11bQAAAAJ,0000-0000-0000-0000
Alina Zare,University of Florida,https://faculty.eng.ufl.edu/machine-learning/people/faculty,OviqAJsAAAAJ,0000-0002-4847-7604
Aline Villavicencio,University of Exeter,https://www.exeter.ac.uk/research/institutes/idsai/about,zbwPYqwAAAAJ,0000-0002-3731-9168
Alioune Ngom,University of Windsor,http://www.uwindsor.ca/science/computerscience/1061/dr-alioune-ngom,vUU3s6cAAAAJ,0000-0000-0000-0000
Alireza Ejlali,Sharif University of Technology,http://sharif.edu/~ejlali,H7G8s68AAAAJ,0000-0002-5661-3629
Alireza Entezari,University of Florida,https://www.cise.ufl.edu/people/faculty/entezari,NOSCHOLARPAGE,0000-0000-0000-0000
Alireza Fallah 0001,Rice University,http://afallah.com,2qkqvm4AAAAJ,0000-0002-9295-704X
Alireza Jolfaei,Macquarie University,https://researchers.mq.edu.au/en/persons/alireza-jolfaei,i9FJ-icAAAAJ,0000-0000-0000-0000
Alireza Mousavi,Brunel University London,https://www.brunel.ac.uk/people/ali-mousavi,XkuYCeYAAAAJ,0000-0000-0000-0000
Alireza Sadeghian,Toronto Metropolitan University,https://www.scs.torontomu.ca/~asadeghi,NOSCHOLARPAGE,0000-0000-0000-0000
Alireza Tamaddoni-Nezhad,University of Surrey,https://www.surrey.ac.uk/people/alireza-tamaddoni-nezhad,a8_fGh4AAAAJ,0000-0000-0000-0000
Alireza Tavakkoli,University of Nevada,https://www.cse.unr.edu/~alit,BEVcZZYAAAAJ,0000-0001-9460-1269
Alisha Pradhan,NJIT,https://www.alishapradhan.net,8h5Fj6sAAAAJ,0000-0003-3419-9735
Alison M. Hill,OHSU,http://www.ohsu.edu/xd/education/schools/school-of-medicine/departments/basic-science-departments/csee/csee-people/hill.cfm,35wY-0QAAAAJ,0000-0000-0000-0000
Alison Pease,University of Dundee,https://www.computing.dundee.ac.uk/about/staff/22,6g0XkjAAAAAJ,0000-0003-1856-9599
Alistair Baron,Lancaster University,https://www.lancaster.ac.uk/scc/about-us/people/alistair-baron,TbzxWckAAAAJ,0000-0003-1224-4355
Alistair Knott,University of Otago,http://www.cs.otago.ac.nz/staffpriv/alik,_4c7Z18AAAAJ,0000-0003-3036-4668
Alistair Moffat,University of Melbourne,http://people.eng.unimelb.edu.au/ammoffat,r3xSME0AAAAJ,0000-0002-6638-0232
Alistair Morrison,University of Glasgow,https://www.gla.ac.uk/schools/computing/staff/alistairmorrison,uVgyTLUAAAAJ,0000-0001-7766-8373
Alistair Sinclair,Univ. of California - Berkeley,http://www.cs.berkeley.edu/~sinclair,NOSCHOLARPAGE,0009-0002-9210-268X
Alistair Willis,Open University UK,http://stem.open.ac.uk/people/agw96,NOSCHOLARPAGE,0000-0001-7233-8623
Aljosa Smolic,Trinity College Dublin,https://www.scss.tcd.ie/Aljosa.Smolic,HZRejX4AAAAJ,0000-0000-0000-0000
Alke Martens,University of Rostock,https://pidi.informatik.uni-rostock.de/pi-team/alke-martens,LaewcHMAAAAJ,0000-0000-0000-0000
Alkida Balliu,GSSI,https://alkida.net,G04_86AAAAAJ,0000-0001-5293-8365
Alkmini Sgouritsa,University of Liverpool,https://www.liverpool.ac.uk/computer-science/staff/alkmini-sgouritsa,Mb_AoIgAAAAJ,0000-0003-3997-5131
Alla Rozovskaya,CUNY,https://www.cs.qc.cuny.edu/rozovskaya.html,SL4bZHEAAAAJ,0000-0000-0000-0000
Alla Sheffer,University of British Columbia,http://www.cs.ubc.ca/~sheffa,IgkGxLsAAAAJ,0000-0001-9251-3716
Allan Aasbjerg Nielsen,DTU,https://www.compute.dtu.dk/english,NOSCHOLARPAGE,0000-0000-0000-0000
Allan Borodin,University of Toronto,http://www.cs.toronto.edu/~bor,VIFfuYgAAAAJ,0000-0000-0000-0000
Allan D. Jepson,University of Toronto,http://www.cs.toronto.edu/~jepson,mYVIS8QAAAAJ,0000-0000-0000-0000
Allan Hanbury,TU Wien,http://allan.hanbury.eu/doku.php,_hR4cSAAAAAJ,0000-0002-7149-5843
Allan Jones,Open University UK,http://stem.open.ac.uk/people/acj5#tab2,NOSCHOLARPAGE,0000-0000-0000-0000
Allan Knight,Univ. of California - Riverside,https://profiles.ucr.edu/app/home/profile/aknig007,NOSCHOLARPAGE,0000-0002-8419-3924
Allan P. Engsig-Karup,DTU,https://www.compute.dtu.dk/english,NOSCHOLARPAGE,0000-0000-0000-0000
Allan Peter Engsig-Karup,DTU,https://www.compute.dtu.dk/english,NOSCHOLARPAGE,0000-0000-0000-0000
Allan Ramsay,University of Manchester,http://www.manchester.ac.uk/research/allan.ramsay,VIzhI7MAAAAJ,0000-0002-9903-0722
Allan Tucker,Brunel University London,http://people.brunel.ac.uk/~cssrajt,F55XS58AAAAJ,0000-0001-5105-3506
Allen B. Riddell,Indiana University,https://www.ariddell.org,zDIvI1UAAAAJ,0000-0000-0000-0000
Allen D. Malony,University of Oregon,https://www.cs.uoregon.edu/People/Faculty/Allen_Malony.php,SYBxenEAAAAJ,0000-0000-0000-0000
Allen Liu,New York University,https://aliu42.github.io,GNYqvgQAAAAJ,0000-0001-7987-5755
Allen Parrish,The University of Alabama,http://cs.ua.edu/people/aparrish,NOSCHOLARPAGE,0000-0000-0000-0000
Allen Riddell,Indiana University,https://www.ariddell.org,zDIvI1UAAAAJ,0000-0002-4967-0879
Allen S. Parrish,The University of Alabama,http://cs.ua.edu/people/aparrish,NOSCHOLARPAGE,0000-0000-0000-0000
Allen Van Gelder,Univ. of California - Santa Cruz,https://users.soe.ucsc.edu/~avg,NOSCHOLARPAGE,0000-0000-0000-0000
Allison K. Sullivan,University of Texas at Arlington,https://allisonius.github.io,omg10AMAAAAJ,0000-0001-7400-2218
Allison Lahnala,McMaster University,https://allielahnala.com,hm4EdRIAAAAJ,0009-0004-8626-1013
Allison McDonald,Boston University,https://www.bu.edu/cs/profiles/allison-mcdonald,YHAxUZQAAAAJ,0000-0001-7477-6782
Allison Sullivan,University of Texas at Arlington,https://allisonius.github.io,omg10AMAAAAJ,0000-0001-7400-2218
Alneu de Andrade Lopes,USP-ICMC,http://conteudo.icmc.usp.br/pessoas/alneu,3ejEglwAAAAJ,0000-0000-0000-0000
Alois C. Knoll,TU Munich,http://www6.in.tum.de/Main/Knoll,NOSCHOLARPAGE,0000-0003-4840-076X
Alois Knoll,TU Munich,http://www6.in.tum.de/Main/Knoll,NOSCHOLARPAGE,0000-0003-4840-076X
Alois Zoitl,JKU Linz,https://www.jku.at/linz-institute-of-technology/forschung/research-labs/cyber-physical-systems-lab/team/univ-prof-di-dr-alois-zoitl,OG52DQ8AAAAJ,0000-0002-1306-3209
Alok N. Choudhary,Northwestern University,http://www.eecs.northwestern.edu/~choudhar,6nvFl5sAAAAJ,0000-0001-8152-6319
Alok Ranjan Tripathy,Ravenshaw University,https://ravenshawuniversity.ac.in/?page_id=31450,NOSCHOLARPAGE,0000-0000-0000-0000
Alon Cohen,Tel Aviv University,https://english.tau.ac.il/profile/alonco,shoYR_AAAAAJ,0000-0002-4757-5763
Alon Eden,Hebrew University of Jerusalem,https://www.cs.huji.ac.il/~aloneden,6I6LNdQAAAAJ,0000-0002-0907-3914
Alon Efrat,University of Arizona,http://www.cs.arizona.edu/people/alon,QH90248AAAAJ,0000-0001-9834-4132
Alon Keinan,Cornell University,http://keinanlab.cb.bscb.cornell.edu,rS0EX5EAAAAJ,0000-0000-0000-0000
Alon Orlitsky,Univ. of California - San Diego,http://jacobsdev.ucsd.edu/faculty/faculty_bios/index.sfe?fmp_recid=54,NOSCHOLARPAGE,0000-0000-0000-0000
Alon Rosen,Bocconi University,https://www.alonrosen.net,lfJmfM0AAAAJ,0000-0002-3021-7150
Alona Fyshe,University of Alberta,http://webdocs.cs.ualberta.ca/~alona,Vw8z7qwAAAAJ,0000-0003-4367-0306
Aloni Cohen,University of Chicago,https://aloni.net,g7Op2tgAAAAJ,0000-0002-3492-2447
Aloysius K. Mok,University of Texas at Austin,https://www.cs.utexas.edu/users/mok,M6urChQAAAAJ,0000-0003-1309-8425
Aloysius Ka-Lau Mok,University of Texas at Austin,https://www.cs.utexas.edu/users/mok,M6urChQAAAAJ,0000-0000-0000-0000
Alper Sen 0001,Boğaziçi University,https://www.cmpe.boun.edu.tr/~sen,yfdctbkAAAAJ,0000-0002-5508-6484
Alper Üngör,University of Florida,https://www.cise.ufl.edu/people/faculty/ungor,8JZZclQAAAAJ,0000-0000-0000-0000
Alptekin Küpçü,Koç University,http://home.ku.edu.tr/~akupcu,lr806D4AAAAJ,0000-0003-2099-2206
Alun D. Preece,Cardiff University,https://www.cardiff.ac.uk/people/view/91745-preece-alun,jKz-U3wAAAAJ,0000-0000-0000-0000
Alun David Preece,Cardiff University,https://www.cardiff.ac.uk/people/view/91745-preece-alun,jKz-U3wAAAAJ,0000-0000-0000-0000
Aluízio F. R. Araújo,UFPE,https://www.cin.ufpe.br/~aluizioa/aluizio-homepage.htm,oAGSArYAAAAJ,0000-0000-0000-0000
Aluízio Fausto Ribeiro Araújo,UFPE,https://www.cin.ufpe.br/~aluizioa/aluizio-homepage.htm,oAGSArYAAAAJ,0000-0000-0000-0000
Alva L. Couch,Tufts University,http://www.cs.tufts.edu/~couch,7oJoP0IAAAAJ,0000-0000-0000-0000
Alvaro A. A. Fernandes,University of Manchester,http://www.cs.man.ac.uk/~alvaro,49SnpokAAAAJ,0000-0000-0000-0000
Alvaro A. Cárdenas,Univ. of California - Santa Cruz,https://users.soe.ucsc.edu/~alacarde,zbubH9oAAAAJ,0000-0002-5142-9750
Alvaro A. Cárdenas-Mora,Univ. of California - Santa Cruz,https://users.soe.ucsc.edu/~alacarde,zbubH9oAAAAJ,0000-0000-0000-0000
Alvaro Adolfo Antunes Fernandes,University of Manchester,http://www.cs.man.ac.uk/~alvaro,49SnpokAAAAJ,0000-0002-6100-7199
Alvaro Barreiro,University of A Coruña,https://www.dc.fi.udc.es/~barreiro,73tqFdsAAAAJ,0000-0002-6698-2946
Alvaro Soto,UC Chile,https://asoto.ing.puc.cl,gOVVRk4AAAAJ,0000-0000-0000-0000
Alvaro Velasquez,University of Colorado Boulder,https://www.colorado.edu/cs/alvaro-velasquez,1g3pA4cAAAAJ,0000-0001-6757-105X
Alvin Cheung,Univ. of California - Berkeley,https://homes.cs.washington.edu/~akcheung,NOSCHOLARPAGE,0000-0001-6261-6263
Alvin S. Lim,Auburn University,http://www.eng.auburn.edu/~lim,8yA8n4sAAAAJ,0000-0000-0000-0000
Alvin W. Y. Su,National Cheng Kung University,http://www.csie.ncku.edu.tw/ncku_csie/depmember/teacherdetail/id/12,NOSCHOLARPAGE,0000-0000-0000-0000
Alvin Wen-Yu Su,National Cheng Kung University,http://www.csie.ncku.edu.tw/ncku_csie/depmember/teacherdetail/id/12,NOSCHOLARPAGE,0000-0000-0000-0000
Alvitta Ottley,Washington University in St. Louis,https://www.cse.wustl.edu/~alvitta/index.html,yepPD_cAAAAJ,0000-0002-9485-276X
Alwen Fernanto Tiu,Australian National University,https://cecs.anu.edu.au/people/alwen-tiu,92pa9z8AAAAJ,0000-0000-0000-0000
Alwen Tiu,Australian National University,https://cecs.anu.edu.au/people/alwen-tiu,92pa9z8AAAAJ,0000-0002-2695-5636
Aly E. Fathy,University of Tennessee,http://web.eecs.utk.edu/~fathy,D_b0_TYAAAAJ,0000-0002-7855-5546
Alyosha A. Efros,Univ. of California - Berkeley,http://www.eecs.berkeley.edu/~efros,d97bGd8AAAAJ,0000-0000-0000-0000
Alyson K. Fletcher,Univ. of California - Los Angeles,http://www.stat.ucla.edu/~akfletcher,MCClSvsAAAAJ,0000-0000-0000-0000
Alyssa Friend Wise,Vanderbilt University,https://lab.vanderbilt.edu/live/person/alyssa-wise,oJK9RqEAAAAJ,0000-0000-0000-0000
Alysson Bessani,Universidade de Lisboa,https://ciencias.ulisboa.pt/perfil/anbessani,-mFXT_oAAAAJ,0000-0002-8386-1628
Alysson Neves Bessani,Universidade de Lisboa,https://ciencias.ulisboa.pt/perfil/anbessani,-mFXT_oAAAAJ,0000-0002-8386-1628
Alán Aspuru-Guzik,University of Toronto,http://matter.toronto.edu/about-us,Ag_6KEgAAAAJ,0000-0000-0000-0000
Amal Ahmed 0001,Northeastern University,http://www.ccs.neu.edu/home/amal,Y1C007wAAAAJ,0000-0001-7424-572X
Amal J. Ahmed 0001,Northeastern University,http://www.ccs.neu.edu/home/amal,Y1C007wAAAAJ,0000-0001-7424-572X
Amal Zouaq,Polytechnique Montreal,https://www.polymtl.ca/expertises/zouaq-amal,lqDGv9YAAAAJ,0000-0000-0000-0000
Amaldev Manuel,IIT Goa,https://www.iitgoa.ac.in/~amal,Lb4wzNYAAAAJ,0000-0000-0000-0000
Amali Weerasinghe,Adelaide University,http://www.adelaide.edu.au/directory/amali.weerasinghe,cW9YyJAAAAAJ,0009-0005-8538-7965
Amalka J. Pinidiyaarachchi,University of Peradeniya,https://sci.pdn.ac.lk/scs/staff/Amalka-Pinidiyaarachchi,2ppMBnEAAAAJ,0000-0000-0000-0000
Aman Arora 0001,Arizona State University,https://search.asu.edu/profile/4860216,xrJ1UEQAAAAJ,0000-0003-2547-4424
Amanda Clare,Aberystwyth University,https://www.aber.ac.uk/en/cs/staff-profiles/listing/profile/afc,dsmbrisAAAAJ,0000-0001-8315-3659
Amanda F. Mejia,Indiana University,https://mandymejia.com,HS9XWtAAAAAJ,0000-0000-0000-0000
Amanda Jane Coles,King's College London,https://www.kcl.ac.uk/people/amanda-coles,EArg5moAAAAJ,0000-0002-1838-8301
Amanda Lazar,Univ. of Maryland - College Park,https://amandalazar.net,WrnEVwQAAAAJ,0000-0001-8110-4239
Amanda Lee Hughes,Brigham Young University,https://cs.byu.edu/department/directory/faculty-directory/amanda-hughes,74SEAxMAAAAJ,0000-0002-7506-3343
Amanda Prorok,University of Cambridge,https://www.proroklab.org,o7xMDgEAAAAJ,0000-0001-7313-5983
Amanda Randles,Duke University,http://randleslab.pratt.duke.edu,CSrcYkIAAAAJ,0000-0001-6318-3885
Amanda Raybuck,Univ. of California - Davis,https://cs.ucdavis.edu/people/amanda-raybuck,7wf31WYAAAAJ,0009-0009-2181-8243
Amanda S. Barnard,Australian National University,https://cs.anu.edu.au/people/amanda-s-barnard,lGtwfOQAAAAJ,0000-0002-4784-2382
Amanda S. Fernandez,University of Texas at San Antonio,https://sites.google.com/view/amandafernandez,2UJTwuwAAAAJ,0000-0003-2397-0838
Amanda Smith,King's College London,https://www.kcl.ac.uk/people/amanda-coles,EArg5moAAAAJ,0000-0000-0000-0000
Amanda Watson,University of Virginia,https://engineering.virginia.edu/faculty/amanda-watson,2UFPsQYAAAAJ,0000-0001-6148-5847
Amar Hadzihasanovic,Tallinn University of Technology,https://ioc.ee/~amar,t8FvX0gAAAAJ,0000-0000-0000-0000
Amarda Shehu,George Mason University,https://cs.gmu.edu/~ashehu,HkB_Gz0AAAAJ,0000-0001-5230-4610
Amartya Sanyal,University of Copenhagen,https://amartya18x.github.io,cRLqsyYAAAAJ,0000-0002-4190-0449
Amaury Habrard,Université Jean Monnet,http://perso.univ-st-etienne.fr/habrarda,oPemAuMAAAAJ,0000-0003-3038-9347
Ambedkar Dukkipati,IISc Bangalore,http://www.csa.iisc.ac.in/~ad,NOSCHOLARPAGE,0000-0000-0000-0000
Amber Settle,DePaul University,http://www.cdm.depaul.edu/about/Pages/People/facultyinfo.aspx?fid=768,eB03rP4AAAAJ,0000-0001-6369-8475
Ambika Prasad Mishra,KIIT Bhubaneswar,https://cse.kiit.ac.in/profiles/ambika-prasad-mishra,yrBAhrEAAAAJ,0000-0000-0000-0000
Ambra Demontis,University of Cagliari,https://www.saiferlab.ai/people/ambrademontis,n_GuF3EAAAAJ,0000-0001-9318-6913
Ambuj K. Singh,Univ. of California - Santa Barbara,https://www.cs.ucsb.edu/~ambuj,NOSCHOLARPAGE,0000-0002-1997-7140
Ambuj Tewari,University of Michigan,https://ambujtewari.github.io,ttbl4FsAAAAJ,0000-0001-6969-7844
Ambuj Varshney,National University of Singapore,http://ambuj.se,Gjj5a2wAAAAJ,0000-0002-9282-4108
Ameet Talwalkar,Carnegie Mellon University,https://www.cs.cmu.edu/~atalwalk,TW7U1W0AAAAJ,0000-0001-6650-1893
Ameeta Agrawal,Portland State University,https://web.cecs.pdx.edu/~ameeta,1XYgV6kAAAAJ,0000-0002-7167-9474
Amel Bennaceur,Open University UK,http://stem.open.ac.uk/people/ab33792,rViNPo0AAAAJ,0000-0002-6124-9622
Amelia G. Nobile,University of Salerno,http://www.unisa.it/docenti/ameliagiuseppinanobile/index,ONLO21oAAAAJ,0000-0000-0000-0000
Amelie Chi Zhou,Hong Kong Baptist University,https://www.comp.hkbu.edu.hk/~amelieczhou,pR-IEhcAAAAJ,0000-0002-9773-9332
Amer Al-Badarneh,JUST,http://www.just.edu.jo/eportfolio/Pages/Default.aspx?email=amerb,fOFSAMkAAAAJ,0000-0000-0000-0000
Amer Dawoud,University of Southern Mississippi,https://www.usm.edu/computing/faculty/amer-dawoud,2O9BsM0AAAAJ,0000-0000-0000-0000
Amer E. Mouawad,American University of Beirut,http://www.aub.edu.lb/pages/profile.aspx?memberId=aa368,MK6WseUAAAAJ,0000-0003-2481-4968
Amey Bhangale,Univ. of California - Riverside,https://sites.google.com/view/amey-bhangale/home,ygJHy5UAAAAJ,0000-0002-3878-9241
Amey Karkare,IIT Kanpur,http://www.cse.iitk.ac.in/users/karkare,WPLq_rQAAAAJ,0000-0002-3664-6490
Ami Wiesel,Hebrew University of Jerusalem,http://www.cs.huji.ac.il/~amiw,X7bG7YYAAAAJ,0000-0002-3071-048X
Amiangshu Bosu,Wayne State University,https://amiangshu.com,mPJAsAMAAAAJ,0000-0002-3178-6232
Amihood Amir,Bar-Ilan University,http://u.cs.biu.ac.il/~amir,otHomQ8AAAAJ,0000-0002-3939-337X
Amin Alipour,University of Houston,http://alipourm.github.io,hwlkAZYAAAAJ,0009-0008-1935-0605
Amin Beheshti,Macquarie University,https://researchers.mq.edu.au/en/persons/amin-beheshti,Uw1OLAgAAAAJ,0000-0002-5988-5494
Amin Coja-Oghlan,TU Dortmund,https://www.cs.tu-dortmund.de/nps/en/Home/Personen/C/Coja-Oghlan__Amin.html,1SdgKVAAAAAJ,0000-0002-7350-1418
Amin Gohari,TeIAS,https://teias.institute/~aminzadehgohari,_21CagYAAAAJ,0000-0000-0000-0000
Amin Karbasi,Yale University,http://seas.yale.edu/faculty-research/faculty-directory/amin-karbasi,VusVB38AAAAJ,0000-0000-0000-0000
Amin Kharraz,Florida International University,https://kharraz.org,LNCtnsAAAAJ,0000-0002-7841-3409
Amin M. Abbosh,University of Queensland,http://researchers.uq.edu.au/researcher/1576,B3nuBzwAAAAJ,0000-0000-0000-0000
Amin Sakzad,Monash University,https://research.monash.edu/en/persons/amin-sakzad,b8k6e8IAAAAJ,0000-0003-4569-3384
Amin Shokrollahi,EPFL,https://people.epfl.ch/amin.shokrollahi,ho_asq8AAAAJ,0000-0000-0000-0000
Amin Timany,Aarhus University,https://cs.au.dk/~timany,Cgs2hEgAAAAJ,0000-0002-2237-851X
Amin Y. Noaman,King Abdulaziz University,http://anoaman.kau.edu.sa/CVEn.aspx?Site_ID=0002639&Lng=EN,btssDVcAAAAJ,0000-0000-0000-0000
Amina Benaceur,Mohammed VI Polytechnic University,https://cc.um6p.ma/people/Amina.BENACEUR,NOSCHOLARPAGE,0000-0000-0000-0000
Amine Mhedhbi,Polytechnique Montreal,https://amine.io,nEfng1oAAAAJ,0009-0000-9342-5144
Amine Trabelsi,Université de Sherbrooke,https://www.usherbrooke.ca/informatique/nous-joindre/personnel/corps-professoral/professeurs/amine-trabelsi,YSrvU5AAAAAJ,0000-0000-0000-0000
Aming Wu,Xidian University,https://amingwu.github.io,xjGiOx0AAAAJ,0000-0000-0000-0000
Aminul Islam,Univ. of Louisiana - Lafayette,http://www.ucs.louisiana.edu/~axi1977,GZWObWoAAAAJ,0000-0000-0000-0000
Amir Abboud,Weizmann Institute of Science,https://www.weizmann.ac.il/math/AmirAbboud/home,LDttuSAAAAAJ,0000-0002-0502-4517
Amir Ahmad,UAEU,https://www.uaeu.ac.ae/en/cit/profile.shtml?email=amirahmad@uaeu.ac.ae,qD63RCUAAAAJ,0000-0000-0000-0000
Amir Ali Ahmadi,Princeton University,http://aaa.princeton.edu,CmoKVuUAAAAJ,0009-0001-5743-354X
Amir Aminifar,Lund University,https://www.eit.lth.se/staff/amir.aminifar,4eSC97MAAAAJ,0000-0002-1673-4733
Amir Ghalamzan,University of Surrey,https://www.surrey.ac.uk/people/amir-ghalamzan,CyMunvwAAAAJ,0000-0003-4589-0185
Amir Gilad,Hebrew University of Jerusalem,https://www.cs.huji.ac.il/~amirg,AsfcoM0AAAAJ,0000-0002-3764-1958
Amir Globerson,Tel Aviv University,http://www.cs.tau.ac.il/~gamir,5JserkUAAAAJ,0000-0003-2557-1742
Amir H. Chinaei,University of Toronto,http://www.cs.toronto.edu/~ahchinaei,NOSCHOLARPAGE,0000-0000-0000-0000
Amir H. Payberah,KTH Royal Inst. of Technology,https://www.kth.se/profile/payberah,bw8NeMMAAAAJ,0000-0002-2748-8929
Amir Herzberg,University of Connecticut,https://sites.google.com/site/amirherzberg,p-POZjgAAAAJ,0000-0001-5586-5261
Amir Hossein Jahangir,Sharif University of Technology,http://sina.sharif.ac.ir/~jahangir,1R13EcIAAAAJ,0000-0002-8837-0668
Amir Houman Sadr,Univ. of Massachusetts Amherst,https://people.cs.umass.edu/~amir,cTTFHNwAAAAJ,0000-0000-0000-0000
Amir Houmansadr,Univ. of Massachusetts Amherst,https://people.cs.umass.edu/~amir,cTTFHNwAAAAJ,0000-0002-7553-6657
Amir Javed,Cardiff University,https://www.cardiff.ac.uk/people/view/473246-javed-amir,NOSCHOLARPAGE,0000-0001-9761-0945
Amir Kafshdar Goharshady,University of Oxford,https://amir.goharshady.com,4o8gvAYAAAAJ,0000-0003-1702-6584
Amir Mahdi Hosseini Monazzah,IUST,http://ce.iust.ac.ir/page.php?slct_pg_id=18700&sid=14&slc_lang=en,C4yrITAAAAAJ,0000-0002-0613-6844
Amir Masoumzadeh 0001,University at Albany - SUNY,https://www.albany.edu/ceas/amirreza-masoumzadeh.php,Ld-xtdcAAAAJ,0000-0003-0647-7785
Amir Moradi 0001,TU Darmstadt,https://www.informatik.tu-darmstadt.de/impsec/start_impsec/index.en.jsp,CumYJ2IAAAAJ,0000-0002-4032-7433
Amir Nayyeri,Oregon State University,https://web.engr.oregonstate.edu/~nayyeria,i4dDFK8AAAAJ,0009-0008-8397-9280
Amir R. Zamir,EPFL,https://cs.stanford.edu/~amirz,RKjEFukAAAAJ,0000-0000-0000-0000
Amir Rahmati,Stony Brook University,https://amir.rahmati.com,_Y_YRLAAAAAJ,0000-0001-7361-1898
Amir Roshan Zamir,EPFL,https://cs.stanford.edu/~amirz,RKjEFukAAAAJ,0000-0000-0000-0000
Amir Sabbagh Molahosseini,Queen's University Belfast,https://pure.qub.ac.uk/en/persons/amir-sabbagh-molahosseini,Uf8GhTAAAAAJ,0000-0000-0000-0000
Amir Sadovnik,University of Tennessee,http://uvu.eecs.utk.edu,NOSCHOLARPAGE,0000-0001-9011-7365
Amir Salman Avestimehr,University of Southern California,https://www.avestimehr.com,Qhe5ua0AAAAJ,0000-0000-0000-0000
Amir Shaikhha,University of Edinburgh,https://amirsh.github.io,97wlbikAAAAJ,0000-0002-9062-759X
Amir Shpilka,Tel Aviv University,http://www.cs.tau.ac.il/~shpilka,NOSCHOLARPAGE,0000-0003-2384-425X
Amir Vaxman,University of Edinburgh,http://www.inf.ed.ac.uk/people/staff/Amir_Vaxman.html,-1btDzYAAAAJ,0000-0001-6998-6689
Amir Yehudayoff,University of Copenhagen,https://di.ku.dk/english/staff/vip/researchers_ml/?pure=en/persons/786711,FUb-ZJIAAAAJ,0000-0002-0177-1814
Amir Zamir,EPFL,https://cs.stanford.edu/~amirz,RKjEFukAAAAJ,0000-0002-5559-1843
Amir-Hossein Jahangir,Sharif University of Technology,http://sina.sharif.ac.ir/~jahangir,1R13EcIAAAAJ,0000-0002-8837-0668
Amir-massoud Farahmand,Polytechnique Montreal,https://academic.sologen.net,G5SAV7gAAAAJ,0000-0000-0000-0000
Amirreza Masoumzadeh 0001,University at Albany - SUNY,https://www.albany.edu/ceas/amirreza-masoumzadeh.php,Ld-xtdcAAAAJ,0000-0000-0000-0000
Amirreza Yousefzadeh,University of Twente,https://research.utwente.nl/en/persons/60bba3e4-9efd-4500-afac-2442c8725914,EKhnUnQAAAAJ,0000-0002-2967-5090
Amit A. Levy,Princeton University,https://www.amitlevy.com,r6-jCnUAAAAJ,0000-0003-1479-8917
Amit Awekar,IIT Guwahati,https://www.iitg.ernet.in/awekar,xl5njIIAAAAJ,0000-0003-1559-8247
Amit Banerjee,South Asian University,http://sau.int/faculty/faculty-profile.html?staff_id=2,LORErKcAAAAJ,0000-0000-0000-0000
Amit Bermano,Tel Aviv University,http://en-exact-sciences.tau.ac.il/profile/amberman,EPO5_f4AAAAJ,0000-0002-3592-1112
Amit Chakrabarti,Dartmouth College,https://www.cs.dartmouth.edu/~ac,LjP106QAAAAJ,0000-0003-3633-9180
Amit Chattopadhyay,IIIT Bangalore,http://amitchattopadhyay.weebly.com,sooauB0AAAAJ,0000-0003-4691-3019
Amit Daniely,Hebrew University of Jerusalem,http://amitdaniely.com,jUtYwE0AAAAJ,0000-0002-3258-3509
Amit Dua,BITS Pilani,http://www.bits-pilani.ac.in/pilani/amitdua/profile,NOSCHOLARPAGE,0000-0000-0000-0000
Amit Dvir,Ariel University,https://www.ariel.ac.il/wp/amitd,fYOS6GcAAAAJ,0000-0002-3670-0784
Amit H. Bermano,Tel Aviv University,http://en-exact-sciences.tau.ac.il/profile/amberman,EPO5_f4AAAAJ,0000-0002-3592-1112
Amit Jain,Boise State University,https://www.boisestate.edu/coen-cs/people/faculty/amit-jain,NOSCHOLARPAGE,0000-0000-0000-0000
Amit K. Chopra,Lancaster University,https://www.lancaster.ac.uk/scc/about-us/people/amit-chopra,xXhZVgwAAAAJ,0000-0003-4629-7594
Amit K. Roy-Chowdhury,Univ. of California - Riverside,https://vcg.ece.ucr.edu/amit,hfgwx0oAAAAJ,0000-0001-6690-9725
Amit Klein 0001,Hebrew University of Jerusalem,https://www.securitygalore.com,ejfc7VcAAAAJ,0000-0002-8024-8756
Amit Kumar 0001,IIT Delhi,http://www.cse.iitd.ernet.in/~amitk,btq_vjcAAAAJ,0000-0002-3965-6627
Amit Kumar Dhar,IIT Bhilai,https://www.iitbhilai.ac.in/index.php?pid=amitkdhar,AWtUkCgAAAAJ,0009-0007-8350-0148
Amit Kumar Sikder,Iowa State University,https://www.cs.iastate.edu/people/amit-kumar-sikder,qPPzq3sAAAAJ,0000-0002-0207-7154
Amit Kumar Singh 0002,University of Essex,https://www.essex.ac.uk/people/singh42308/amit-singh,u7D-NSUAAAAJ,0000-0003-2056-0569
Amit Levy,Princeton University,https://www.amitlevy.com,r6-jCnUAAAAJ,0000-0003-1479-8917
Amit P. Sheth,University of South Carolina,https://www.linkedin.com/in/amitsheth,2T3H4ekAAAAJ,0000-0002-0021-5293
Amit Ranjan Trivedi,University of Illinois at Chicago,https://aeon.lab.uic.edu/Faculty.html,wlzmWLsAAAAJ,0000-0001-5436-7922
Amit Sahai,Univ. of California - Los Angeles,http://www.cs.ucla.edu/~sahai,gqB23VMAAAAJ,0000-0003-2216-9600
Amit Sengupta,DAIICT,http://www.daiict.ac.in/daiict/people/faculty.html,NOSCHOLARPAGE,0000-0000-0000-0000
Amit Somech,Bar-Ilan University,http://www.cs.biu.ac.il/~somecha,GFIUo14AAAAJ,0000-0002-2314-6542
Amit Z. Dvir,Ariel University,https://www.ariel.ac.il/wp/amitd,fYOS6GcAAAAJ,0000-0000-0000-0000
Amit Zoran,Hebrew University of Jerusalem,http://amitz.co,NOSCHOLARPAGE,0000-0002-9673-9779
Amitabh Basu,Johns Hopkins University,https://www.ams.jhu.edu/~abasu9,jV2sAB0AAAAJ,0000-0002-1070-2626
Amitabh Trehan,Loughborough University,https://www.lboro.ac.uk/departments/compsci/staff/academic-teaching/amitabh-trehan,DN_F0ekAAAAJ,0000-0002-2998-0933
Amitabh Varshney,Univ. of Maryland - College Park,https://www.cs.umd.edu/~varshney,b053OdAAAAAJ,0000-0002-9873-2212
Amitabha Bagchi,IIT Delhi,http://www.cse.iitd.ernet.in/~bagchi,U4g_OxEAAAAJ,0000-0003-0694-0602
Amitabha Mukerjee,IIT Kanpur,http://www.cse.iitk.ac.in/users/amit,6lD1AscAAAAJ,0000-0000-0000-0000
Amitangshu Pal,IIT Kanpur,https://www.cse.iitk.ac.in/users/amitangshu,ggI0kmMAAAAJ,0000-0001-5478-4590
Amitava Das 0001,BITS Pilani-Goa,https://www.bits-pilani.ac.in/goa/amitava-das,HYpfhaEAAAAJ,0000-0000-0000-0000
Amitava Datta,University of Western Australia,http://uwa.edu.au/people/amitava.datta,s5F1rbEAAAAJ,0000-0001-6916-7907
Amiya Nayak,University of Ottawa,http://www.site.uottawa.ca/~anayak,ttUIYysAAAAJ,0000-0002-4605-0500
Amiya R. Nayak,University of Ottawa,http://www.site.uottawa.ca/~anayak,ttUIYysAAAAJ,0000-0000-0000-0000
Amiya Ranjan Panda,KIIT Bhubaneswar,https://cse.kiit.ac.in/profiles/amiya-ranjan-panda,0LwzlT8AAAAJ,0000-0000-0000-0000
Amjad Hudaib,University of Jordan,http://eacademic.ju.edu.jo/ahudaib,WezwTlcAAAAJ,0000-0003-0404-4070
Amjed Tahir,Massey University,http://www.massey.ac.nz/massey/expertise/profile.cfm?stref=481450,bEw-I00AAAAJ,0000-0001-9454-1366
Amlan Ganguly,Rochester Inst. of Technology,https://people.rit.edu/axgeec,tuWDm5kAAAAJ,0000-0001-7354-7873
Ammar Huneiti,University of Jordan,http://eacademic.ju.edu.jo/a.huneiti,NOSCHOLARPAGE,0000-0002-8717-6193
Ammar Nayfeh,Masdar Institute,https://www.masdar.ac.ae/aboutus/management/faculty-directory/item/6269-ammar-nayfeh,skuHLHgAAAAJ,0000-0000-0000-0000
Amnir Hadachi,University of Tartu,http://www.ut.ee/en/amnir-hadachi,nJNX__cAAAAJ,0000-0001-9257-3858
Amnon Shashua,Hebrew University of Jerusalem,http://www.cs.huji.ac.il/~shashua,dwi5wvYAAAAJ,0009-0009-5709-0936
Amnon Ta-Shma,Tel Aviv University,http://www.cs.tau.ac.il/~amnon,NOSCHOLARPAGE,0000-0001-8186-3622
Amol Dattatraya Mali,Univ. of Wisconsin - Milwaukee,http://www.cs.uwm.edu/faculty/mali/conferences/distributed-ictai.pdf,NOSCHOLARPAGE,0000-0000-0000-0000
Amol Deshpande,Univ. of Maryland - College Park,https://www.cs.umd.edu/~amol,Zmvi6PMAAAAJ,0000-0001-9545-4459
Amos Azaria,Ariel University,http://www.ariel.ac.il/projects/trp/GeneralInformation.asp?numRec=548&numtafrit=1&id_lang=1&d=,sdfKs_sAAAAJ,0000-0002-5057-1309
Amos J. Storkey,University of Edinburgh,http://homepages.inf.ed.ac.uk/amos,3Rlc8EAAAAAJ,0000-0000-0000-0000
Amos Ron,University of Wisconsin - Madison,http://pages.cs.wisc.edu/~amos,xhaTxtcAAAAJ,0000-0000-0000-0000
Amos Tanay,Weizmann Institute of Science,https://www.weizmann.ac.il/pages/search/people?language=english&single=1&person_id=33264,NOSCHOLARPAGE,0000-0000-0000-0000
Amotz Bar-Noy,CUNY,http://www.sci.brooklyn.cuny.edu/~amotz,MfLLOyMAAAAJ,0000-0000-0000-0000
Amotz Barnoy,CUNY,http://www.sci.brooklyn.cuny.edu/~amotz,MfLLOyMAAAAJ,0000-0000-0000-0000
Amparo Alonso-Betanzos,University of A Coruña,https://pdi.udc.es/es/File/Pdi/AF2AF,4SX-5-oAAAAJ,0000-0000-0000-0000
Amr Al-Anwar 0001,TU Munich,https://www.professoren.tum.de/en/alanwar-amr,4wQKdXcAAAAJ,0000-0000-0000-0000
Amr El Abbadi,Univ. of California - Santa Barbara,https://www.cs.ucsb.edu/~amr,tNmIw4MAAAAJ,0000-0003-4692-3268
Amr El-Kadi,American University in Cairo,https://www.aucegypt.edu/fac/amrel-kadi,NOSCHOLARPAGE,0009-0004-5166-3282
Amr Goneid,American University in Cairo,https://www.aucegypt.edu/fac/amrgoneid,NOSCHOLARPAGE,0000-0000-0000-0000
Amr M. Youssef,Concordia University,https://users.encs.concordia.ca/~youssef,X41djJQAAAAJ,0000-0002-4284-8646
Amr Magdy 0001,Univ. of California - Riverside,https://www.cs.ucr.edu/~amr,11CMsKsAAAAJ,0000-0001-6345-9730
Amr Magdy Ahmed,Univ. of California - Riverside,https://www.cs.ucr.edu/~amr,11CMsKsAAAAJ,0000-0000-0000-0000
Amr Mohamed 0001,Qatar University,http://www.qu.edu.qa/engineering/computer/faculty/amr.php,j8NhbUUAAAAJ,0000-0000-0000-0000
Amr Mohammad 0001,Qatar University,http://www.qu.edu.qa/engineering/computer/faculty/amr.php,j8NhbUUAAAAJ,0000-0000-0000-0000
Amr Sabry,Indiana University,http://www.cs.indiana.edu/~sabry,dYGSG4EAAAAJ,0000-0002-1025-7331
Amrit S. Bedi,University of Central Florida,https://www.cecs.ucf.edu/faculty/21197,91WLA6QAAAAJ,0000-0000-0000-0000
Amrit Singh Bedi,University of Central Florida,https://www.cecs.ucf.edu/faculty/21197,91WLA6QAAAAJ,0000-0002-8807-2695
Amrita Chaturvedi,IIT (BHU) Varanasi,http://www.iitbhu.ac.in/cse/index.php/people/faculty.html,zoVJnasAAAAJ,0000-0000-0000-0000
Amrita Roy Chowdhury 0001,University of Michigan,https://sites.google.com/wisc.edu/amrita-roy-chowdhury/,lWWAZ4YAAAAJ,0000-0003-3808-4652
Amro Awad,North Carolina State University,https://sacagroup.github.io,jDmd7AoAAAAJ,0000-0003-3987-463X
Amy Babay,University of Pittsburgh,https://people.cs.pitt.edu/~babay,oe8ReQUAAAAJ,0000-0002-9982-1364
Amy Banic,University of Wyoming,http://www.uwyo.edu/cosc/cosc-directory/abanic/index.html,hautN88AAAAJ,0000-0003-4803-1925
Amy Catherine Ulinski,University of Wyoming,http://www.uwyo.edu/cosc/cosc-directory/abanic/index.html,hautN88AAAAJ,0000-0000-0000-0000
Amy Cook,University of Memphis,https://www.memphis.edu/cs/people/faculty_pages/amy-cook.php,F5Xp8zAAAAAJ,0000-0000-0000-0000
Amy E. Ogan,Carnegie Mellon University,https://www.hcii.cmu.edu/people/amy-ogan,I0ZGaCQAAAAJ,0000-0000-0000-0000
Amy Greenwald,Brown University,http://cs.brown.edu/~amygreen,aQCRuYQAAAAJ,0000-0003-3160-7676
Amy J. Ko,University of Washington,http://faculty.washington.edu/ajko,otmdDLoAAAAJ,0000-0001-7461-4783
Amy McGovern,University of Oklahoma,https://mcgovern-fagg.org/amy,y_4QsYAAAAAJ,0000-0001-6675-7119
Amy Ogan,Carnegie Mellon University,https://www.hcii.cmu.edu/people/amy-ogan,I0ZGaCQAAAAJ,0000-0003-2671-6149
Amy Ousterhout,Univ. of California - San Diego,https://amyousterhout.com,_AdiLO4AAAAJ,0000-0001-6590-8392
Amy P. Felty,University of Ottawa,http://www.site.uottawa.ca/~afelty,NOSCHOLARPAGE,0000-0000-0000-0000
Amy Pavel,Univ. of California - Berkeley,https://amypavel.com,bM4pEGoAAAAJ,0000-0002-3908-4366
Amy R. Greenwald,Brown University,http://cs.brown.edu/~amygreen,aQCRuYQAAAAJ,0000-0000-0000-0000
Amy S. Bruckman,Georgia Institute of Technology,http://www.cc.gatech.edu/fac/Amy.Bruckman,IdWa_JkAAAAJ,0000-0003-3731-7047
Amy Ulinski Banic,University of Wyoming,http://www.uwyo.edu/cosc/cosc-directory/abanic/index.html,hautN88AAAAJ,0000-0003-4803-1925
Amy Voida,University of Colorado Boulder,http://amy.voida.com,J2FI8YoAAAAJ,0000-0002-2490-2063
Amy W. Apon,Clemson University,https://people.cs.clemson.edu/~aapon,jN87wQ4AAAAJ,0000-0000-0000-0000
Amy X. Zhang,University of Washington,https://people.csail.mit.edu/axz,thZJZaYAAAAJ,0000-0001-9462-9835
Amy Zhang,University of Texas at Austin,https://amyzhang.github.io,mXtH1UYAAAAJ,0000-0000-0000-0000
Amélie Marian,Rutgers University,https://www.cs.rutgers.edu/~amelie,hcqjUUQAAAAJ,0000-0000-0000-0000
An Liu 0002,Soochow University,http://web.suda.edu.cn/anliu,89cdhB4AAAAJ,0000-0002-6368-576X
An Wang 0002,Case Western Reserve University,http://engineering.case.edu/groups/an-wang,oiuMtQ4AAAAJ,0000-0000-0000-0000
An Zhang 0003,USTC,https://anzhang314.github.io/index.html,BcX7GJcAAAAJ,0000-0000-0000-0000
An-I Andy Wang,Florida State University,http://www.cs.fsu.edu/~awang,QK-cRZ0AAAAJ,0009-0002-3339-7211
An-I Wang,Florida State University,http://www.cs.fsu.edu/~awang,QK-cRZ0AAAAJ,0009-0002-3339-7211
AnHai Doan,University of Wisconsin - Madison,http://pages.cs.wisc.edu/~anhai,Qa_TAw4AAAAJ,0000-0000-0000-0000
Ana Almeida Matos,Universidade de Lisboa,http://web.ist.utl.pt/~ist24690,D6nVmPQAAAAJ,0000-0001-5252-0399
Ana Bove,Chalmers/GU,https://www.chalmers.se/en/staff/Pages/bove.aspx,TlzYOeYAAAAJ,0000-0000-0000-0000
Ana Busic,Ecole Normale Superieure,http://www.di.ens.fr/~busic,627OFsIAAAAJ,0000-0002-4133-3739
Ana C. Arias,Univ. of California - Berkeley,https://www2.eecs.berkeley.edu/Faculty/Homepages/acarias.html,LbYsy_QAAAAJ,0000-0000-0000-0000
Ana C. V. de Melo,USP,http://www.ime.usp.br/~acvm,NOSCHOLARPAGE,0000-0000-0000-0000
Ana Carolina Salgado,UFPE,https://www.cin.ufpe.br/~acs,Bw2KP8wAAAAJ,0000-0000-0000-0000
Ana Cavalcanti 0001,University of York,https://www-users.cs.york.ac.uk/~alcc,fu6TM4wAAAAJ,0000-0002-0831-1976
Ana Claudia Arias,Univ. of California - Berkeley,https://www2.eecs.berkeley.edu/Faculty/Homepages/acarias.html,LbYsy_QAAAAJ,0000-0001-6866-5250
Ana Cristina Bicharra Garcia,UFF,http://www.addlabs.uff.br/bicharra,qN-wg74AAAAJ,0000-0002-3797-5157
Ana Cristina Vieira de Melo,USP,http://www.ime.usp.br/~acvm,NOSCHOLARPAGE,0000-0000-0000-0000
Ana Gualdina Almeida Matos,Universidade de Lisboa,http://web.ist.utl.pt/~ist24690,D6nVmPQAAAAJ,0000-0000-0000-0000
Ana Guerberof,University of Groningen,https://research.rug.nl/en/persons/ana-guerberof-arenas,i6bqaTsAAAAJ,0000-0001-9820-7074
Ana Hol,Western Sydney University,https://www.westernsydney.edu.au/staff_profiles/WSU/associate_professor_ana_hol,NOSCHOLARPAGE,0000-0002-2679-9688
Ana Klimovic,ETH Zurich,https://anakli.inf.ethz.ch,i7jievkAAAAJ,0000-0001-8559-0529
Ana L. C. Bazzan,UFRGS,http://www.inf.ufrgs.br/~bazzan,NOSCHOLARPAGE,0000-0000-0000-0000
Ana L. Milanova,Rensselaer Polytechnic Institute,http://www.cs.rpi.edu/~milanova,PsGxHG0AAAAJ,0009-0005-9667-5276
Ana Lucia Varbanescu,University of Twente,https://people.utwente.nl/a.l.varbanescu,UypyD2wAAAAJ,0000-0002-4932-1900
Ana Lúcia C. Bazzan,UFRGS,http://www.inf.ufrgs.br/~bazzan,NOSCHOLARPAGE,0000-0000-0000-0000
Ana Lúcia Cetertich Bazzan,UFRGS,http://www.inf.ufrgs.br/~bazzan,NOSCHOLARPAGE,0000-0000-0000-0000
Ana M. D. Moreira,Universidade NOVA de Lisboa,http://nova-lincs.di.fct.unl.pt/person/12,uB4MBw4AAAAJ,0000-0000-0000-0000
Ana Marasovic,University of Utah,https://www.anamarasovic.com,3W6OnfAAAAAJ,0009-0000-2502-9262
Ana Maria Dinis Moreira,Universidade NOVA de Lisboa,http://nova-lincs.di.fct.unl.pt/person/12,uB4MBw4AAAAJ,0000-0000-0000-0000
Ana Maria Paiva,Universidade de Lisboa,https://ana-paiva.com,dTG0kWAAAAAJ,0000-0002-8876-1538
Ana Matran-Fernandez,University of Essex,https://www.essex.ac.uk/people/matra32701/ana-matran-fernandez,_g01zM4AAAAJ,0000-0002-8409-3747
Ana Moreira 0001,Universidade NOVA de Lisboa,http://nova-lincs.di.fct.unl.pt/person/12,uB4MBw4AAAAJ,0000-0002-3677-1697
Ana Oprescu,University of Amsterdam,https://cci-research.nl/author/ana-oprescu,cWSfzoUAAAAJ,0000-0000-0000-0000
Ana Paiva 0001,Universidade de Lisboa,https://ana-paiva.com,dTG0kWAAAAAJ,0000-0003-3998-5188
Ana Paula Cláudio,Universidade de Lisboa,https://ciencias.ulisboa.pt/perfil/apclaudio,q8mWLdoAAAAJ,0000-0002-4594-8087
Ana Paula Couto da Silva,UFMG,http://homepages.dcc.ufmg.br/~ana.coutosilva,XDMj6u8AAAAJ,0000-0001-5951-3562
Ana Porto Pazos,University of A Coruña,https://pdi.udc.es/en/File/Pdi/5L5AF,UhjMSZgAAAAJ,0000-0000-0000-0000
Ana Regina Cavalcanti da Rocha,UFRJ,http://www.cos.ufrj.br/index.php/pt-BR/pessoas/details/18/1002-darocha,BzLsFoAAAAAJ,0000-0000-0000-0000
Ana Regina Rocha,UFRJ,http://www.cos.ufrj.br/index.php/pt-BR/pessoas/details/18/1002-darocha,BzLsFoAAAAAJ,0000-0000-0000-0000
Ana Salagean,Loughborough University,https://www.lboro.ac.uk/departments/compsci/staff/academic-teaching/ana-salagean,XxVc2Q0AAAAJ,0000-0002-8942-375X
Ana Serrano,Universidad de Zaragoza,http://webdiis.unizar.es/~aserrano,-tzn_AsAAAAJ,0000-0002-7796-3177
Ana Sokolova,University of Salzburg,http://cs.uni-salzburg.at/~anas,TqOx714AAAAJ,0000-0002-8384-3438
Ana T. Freitas,Universidade de Lisboa,http://web.tecnico.ulisboa.pt/ana.freitas,INpn7mMAAAAJ,0000-0002-2997-5990
Ana Teresa Freitas,Universidade de Lisboa,http://web.tecnico.ulisboa.pt/ana.freitas,INpn7mMAAAAJ,0000-0000-0000-0000
Ana Vladan Stankovic,Cleveland State University,https://academic.csuohio.edu/stankovica,Tz7AVLMAAAAJ,0000-0000-0000-0000
Ana-Maria Oprescu,University of Amsterdam,https://cci-research.nl/author/ana-oprescu,cWSfzoUAAAAJ,0000-0000-0000-0000
Anamaria Crisan,University of Waterloo,https://uwaterloo.ca/computer-science/about/people/amcrisan,tfnXxxIAAAAJ,0000-0003-3445-3414
Anamay Tengse,NISER,https://www.niser.ac.in/~anamay,4yMeCs0AAAAJ,0000-0002-7305-8110
Anamika Dubey,Washington State University,https://school.eecs.wsu.edu/people/faculty/anamika-dubey,y-3RPK0AAAAJ,0000-0000-0000-0000
Anand Bhattad,Johns Hopkins University,https://anandbhattad.github.io,XUsauXIAAAAJ,0000-0000-0000-0000
Anand Bhojan,National University of Singapore,http://www.comp.nus.edu.sg/~bhojan,FDxsgEgAAAAJ,0000-0001-8105-1739
Anand Konjengbam,IIT Dharwad,https://sites.google.com/view/drkonjengbamanand,OpK0OmcAAAAJ,0000-0000-0000-0000
Anand Louis,IISc Bangalore,http://www.csa.iisc.ac.in/~anand,PedG3PYAAAAJ,0000-0002-4727-9219
Anand M. Baswade,IIT Bhilai,https://anandbaswade08.wixsite.com/home,FQVooqcAAAAJ,0000-0000-0000-0000
Anand Mishra 0001,IIT Jodhpur,https://anandmishra22.github.io,vhUg2zIAAAAJ,0000-0002-7806-2557
Anand Padmanabha Iyer,Georgia Institute of Technology,https://www.anand-iyer.com,FqzVlc4AAAAJ,0000-0002-5952-3346
Anand Paul 0001,Kyungpook National University,https://connectedcomputing.weebly.com,QrOVUgwAAAAJ,0000-0003-3115-2325
Anand R. Tripathi,University of Minnesota,http://www-users.cs.umn.edu/~tripathi,vnR_Q4IAAAAJ,0000-0000-0000-0000
Anand Rangarajan 0001,University of Florida,https://www.cise.ufl.edu/~anand,6JEDxqcAAAAJ,0000-0001-8695-8436
Anand Sivasubramaniam,Pennsylvania State University,http://www.cse.psu.edu/~axs53,JWXlepgAAAAJ,0000-0001-6173-687X
Anand Subramoney,Royal Holloway Univ. of London,https://anandsubramoney.com,gmu6TWwAAAAJ,0000-0002-7333-9860
Anand Tripathi,University of Minnesota,http://www-users.cs.umn.edu/~tripathi,vnR_Q4IAAAAJ,0000-0000-0000-0000
Ananda Mohan Mondal,Florida International University,https://www.cis.fiu.edu/faculty-staff/mondal-ananda,NOSCHOLARPAGE,0000-0000-0000-0000
Ananda Mondal,Florida International University,https://www.cis.fiu.edu/faculty-staff/mondal-ananda,NOSCHOLARPAGE,0000-0002-4005-9942
Anant Agarwal,Massachusetts Inst. of Technology,https://www.csail.mit.edu/user/723,qvYAEucAAAAJ,0000-0000-0000-0000
Anant Sahai,Univ. of California - Berkeley,https://people.eecs.berkeley.edu/~sahai,4gWt4fgAAAAJ,0000-0000-0000-0000
Anantaa Kotal,University of Texas - El Paso,https://hb2504.utep.edu/Home/Profile?username=akotal,-PYqhi8AAAAJ,0000-0003-1818-9705
Ananth Grama,Purdue University,https://www.cs.purdue.edu/homes/ayg,bpsZlEQAAAAJ,0000-0000-0000-0000
Ananth Kalyanaraman,Washington State University,http://www.eecs.wsu.edu/~ananth,NOSCHOLARPAGE,0000-0001-6721-233X
Ananth Y. Grama,Purdue University,https://www.cs.purdue.edu/homes/ayg,bpsZlEQAAAAJ,0000-0000-0000-0000
Anantha Padmanabha,IIT Madras,https://padmanabha-anantha.github.io/website,10ihAiIAAAAJ,0000-0002-4265-5772
Anantharaman Kalyanaraman,Washington State University,http://www.eecs.wsu.edu/~ananth,NOSCHOLARPAGE,0000-0001-6721-233X
Anarosa A. F. Brandão,USP,https://www2.pcs.usp.br/pcsv6/index.php/menucolaboradores/117-colaboradores/211,0YlNxKgAAAAJ,0000-0000-0000-0000
Anarosa Alves Franco Brandão,USP,https://www2.pcs.usp.br/pcsv6/index.php/menucolaboradores/117-colaboradores/211,0YlNxKgAAAAJ,0000-0000-0000-0000
Anarosa Brandão,USP,https://www2.pcs.usp.br/pcsv6/index.php/menucolaboradores/117-colaboradores/211,0YlNxKgAAAAJ,0000-0000-0000-0000
Anas Mahmoud 0001,Louisiana State University,https://csc.lsu.edu/~mahmoud,t6_z3zYAAAAJ,0000-0001-8353-5286
Anas Motii,Mohammed VI Polytechnic University,https://cc.um6p.ma/people/Anas.MOTII,NOSCHOLARPAGE,0000-0000-0000-0000
Anastasia Ailamaki,EPFL,https://people.epfl.ch/anastasia.ailamaki,YdrkeNwAAAAJ,0000-0002-9949-3639
Anastasia Anagnostou,Brunel University London,https://www.brunel.ac.uk/people/anastasia-anagnostou,KabR3MQAAAAJ,0000-0000-0000-0000
Anastasija Nikiforova,University of Tartu,https://www.etis.ee/CV/Anastasija_Nikiforova/eng,1Wj0-A8AAAAJ,0000-0002-0532-3488
Anastasios Kyrillidis,Rice University,http://akyrillidis.github.io,TEGzkZMAAAAJ,0009-0004-6509-7322
Anastasios Roussos,University of Exeter,http://emps.exeter.ac.uk/computer-science/staff/ar577,Baj1CKYAAAAJ,0000-0001-6015-3357
Anastasios Sidiropoulos,University of Illinois at Chicago,http://sidiropo.people.uic.edu,YR_MYrAAAAAJ,0000-0000-0000-0000
Anastassia Ailamaki,EPFL,https://people.epfl.ch/anastasia.ailamaki,YdrkeNwAAAAJ,0000-0000-0000-0000
Anat Bremler-Barr,Tel Aviv University,https://english.tau.ac.il/profile/anatbr,FyH0iNgAAAAJ,0000-0002-8165-2558
Anat Paskin,Ariel University,http://www.ariel.ac.il/Projects/trp/GeneralInformation.asp?numRec=483&numtafrit=1&id_lang=1&d=,XcyQbAYAAAAJ,0000-0001-6566-2644
Anat Paskin-Cherniavsky,Ariel University,http://www.ariel.ac.il/Projects/trp/GeneralInformation.asp?numRec=483&numtafrit=1&id_lang=1&d=,XcyQbAYAAAAJ,0000-0001-6566-2644
Anca D. Dragan,Univ. of California - Berkeley,http://www.eecs.berkeley.edu/~anca,UgHB5oAAAAAJ,0000-0000-0000-0000
Anca D. Jurcut,University College Dublin,https://people.ucd.ie/anca.jurcut,rzHu7gYAAAAJ,0000-0000-0000-0000
Anca Delia Jurcut,University College Dublin,https://people.ucd.ie/anca.jurcut,rzHu7gYAAAAJ,0000-0000-0000-0000
Anca Jurcut,University College Dublin,https://people.ucd.ie/anca.jurcut,rzHu7gYAAAAJ,0000-0000-0000-0000
Anca L. Ralescu,University of Cincinnati,http://uc.academia.edu/AncaRalescu,eFiFA9cAAAAJ,0000-0000-0000-0000
Anders Andersen,UiT The Arctic Univ. of Norway,https://uit.no/ansatte/anders.andersen,InL6bSoAAAAJ,0000-0000-0000-0000
Anders B. Dahl,DTU,https://www.compute.dtu.dk/english,NOSCHOLARPAGE,0000-0002-0068-8170
Anders Berglund,Uppsala University,http://www.it.uu.se/katalog/andersb,F9TIbzAAAAAJ,0000-0002-0393-3530
Anders Bjorholm Dahl,DTU,https://www.compute.dtu.dk/english,NOSCHOLARPAGE,0000-0002-0068-8170
Anders Bruun,Aalborg University,http://personprofil.aau.dk/120220,X32A-C4AAAAJ,0000-0003-1208-5155
Anders Drachen,University of York,https://www.cs.york.ac.uk/people/?group=Academic%20and%20Teaching%20Staff&username=adrachen,rOcL0NgAAAAJ,0000-0002-1002-0414
Anders Hast,Uppsala University,https://andershast.com,Jffvy8AAAAAJ,0000-0000-0000-0000
Anders Krogh,University of Copenhagen,https://di.ku.dk/english/staff/vip/researchers_ml/?pure=en/persons/8330,-vGMjmwAAAAJ,0000-0002-5147-6282
Anders Miltner,Simon Fraser University,https://www.cs.sfu.ca/~miltner,SzgX3_MAAAAJ,0000-0002-8338-4008
Anders Møller,Aarhus University,https://cs.au.dk/~amoeller,Wx0bdN0AAAAJ,0000-0003-1333-2314
Anders Nymark Christensen,DTU,https://www.compute.dtu.dk/english,NOSCHOLARPAGE,0000-0002-3668-3128
Anders Robertsson,Lund University,http://www.control.lth.se/Staff/AndersRobertsson.html,YZNvXjAAAAAJ,0000-0003-1063-4771
Anders Stockmarr,DTU,https://www.compute.dtu.dk/english,NOSCHOLARPAGE,0000-0000-0000-0000
Anders Sundnes Løvlie,IT University of Copenhagen,https://pure.itu.dk/portal/en/persons/anders-sundnes-loevlie(22ec9269-2fff-4dbf-a9c7-5037559a15ee).html,UhP1dScAAAAJ,0000-0003-0484-4668
Anders Søgaard,University of Copenhagen,http://www.diku.dk/Ansatte/?pure=da/persons/221553,x3I4CrYAAAAJ,0000-0001-5250-4276
Anders Tungeland Gjerdrum,UiT The Arctic Univ. of Norway,https://uit.no/ansatte/person?p_document_id=790108&p_dimension_id=88131,v5KGD_gAAAAJ,0000-0000-0000-0000
Anders Tychsen,University of York,https://www.cs.york.ac.uk/people/?group=Academic%20and%20Teaching%20Staff&username=adrachen,rOcL0NgAAAAJ,0000-0000-0000-0000
Anders Vastberg,KTH Royal Inst. of Technology,https://www.kth.se/profile/vastberg,8FRcZh4AAAAJ,0000-0000-0000-0000
Anders Västberg,KTH Royal Inst. of Technology,https://www.kth.se/profile/vastberg,8FRcZh4AAAAJ,0000-0002-4226-9652
Anderson Maciel,UFRGS,http://inf.ufrgs.br/~amaciel,GC-IHBoAAAAJ,0000-0002-0780-6555
Anderson R. Rocha 0001,UNICAMP,http://www.ic.unicamp.br/~rocha,JX1fykMAAAAJ,0000-0000-0000-0000
Anderson Rocha 0001,UNICAMP,http://www.ic.unicamp.br/~rocha,JX1fykMAAAAJ,0000-0000-0000-0000
Anderson de Rezende Rocha,UNICAMP,http://www.ic.unicamp.br/~rocha,JX1fykMAAAAJ,0000-0000-0000-0000
Andranik Mirzaian,York University,http://www.eecs.yorku.ca/~andy,NOSCHOLARPAGE,0000-0000-0000-0000
Andras Farago,University of Texas at Dallas,http://www.utdallas.edu/~farago,NOSCHOLARPAGE,0000-0000-0000-0000
Andre A. J. Unger,University of Waterloo,https://uwaterloo.ca/earth-environmental-sciences/people-profiles/andre-unger,D0ix3KsAAAAJ,0000-0000-0000-0000
Andre Gregio,UFPR,https://sites.google.com/view/andregregio,aUQ9ARUAAAAJ,0000-0003-1766-5757
Andre Luís de Medeiros Santos,UFPE,https://www.cin.ufpe.br/~alms,paFR9XYAAAAJ,0000-0001-6661-5970
Andre Rosendo,ShanghaiTech University,http://lima.sist.shanghaitech.edu.cn,peev-tcAAAAJ,0000-0003-4062-5390
Andre Scedrov,University of Pennsylvania,https://www.cis.upenn.edu/~scedrov,F-kvxQoAAAAJ,0000-0002-4536-0419
Andre Wibisono,Yale University,http://www.cs.yale.edu/homes/wibisono,Py_StfUAAAAJ,0000-0000-0000-0000
Andrea Bianchi,KAIST,http://make.kaist.ac.kr/andrea,wVDtZB0AAAAJ,0000-0002-7500-7974
Andrea Bonarini,Politecnico di Milano,http://home.deib.polimi.it/bonarini,WgxMfwMAAAAJ,0000-0002-4880-4521
Andrea Bunt,University of Manitoba,https://www.cs.umanitoba.ca/~bunt,NoBlw7EAAAAJ,0000-0002-7374-7629
Andrea Burattin,DTU,https://www.compute.dtu.dk/english,NOSCHOLARPAGE,0000-0000-0000-0000
Andrea C. Arpaci-Dusseau,University of Wisconsin - Madison,http://pages.cs.wisc.edu/~dusseau,8VkvOEEAAAAJ,0000-0001-8618-2738
Andrea C. Dusseau,University of Wisconsin - Madison,http://pages.cs.wisc.edu/~dusseau,8VkvOEEAAAAJ,0000-0000-0000-0000
Andrea Calvagna,University of Catania,https://web.dmi.unict.it/docenti/andrea.calvagna,inoCd6MAAAAJ,0000-0000-0000-0000
Andrea Calì,Birkbeck University of London,https://www.dcs.bbk.ac.uk/about/people/academic-staff/andrea,GfDVWmEAAAAJ,0000-0000-0000-0000
Andrea Capiluppi,Brunel University London,https://www.brunel.ac.uk/people/andrea-capiluppi,pWVTJ3YAAAAJ,0000-0001-9469-6050
Andrea Cavallaro,Queen Mary University of London,http://www.eecs.qmul.ac.uk/~andrea,KZmcljoAAAAJ,0000-0000-0000-0000
Andrea Celli,Bocconi University,https://andcelli.github.io,9wQscqEAAAAJ,0000-0002-2046-4019
Andrea Coladangelo,University of Washington,https://www.andreacoladangelo.com,IMZujucAAAAJ,0000-0002-6773-2711
Andrea Continella,University of Twente,https://research.utwente.nl/en/persons/886dc4d3-abfe-4d59-b08c-6e2ce274539b,U3IPwFYAAAAJ,0000-0002-0329-1830
Andrea Corradini 0001,University of Pisa,http://pages.di.unipi.it/corradini,_oy9y88AAAAJ,0000-0001-6123-4175
Andrea De Lucia,University of Salerno,http://www.unisa.it/docenti/andreadelucia/english/index,iyx0u6kAAAAJ,0000-0002-4238-1425
Andrea Di Sorbo,University of Sannio,https://www.unisannio.it/it/users/disorbo,inYit-8AAAAJ,0000-0002-3192-739X
Andrea F. Abate,University of Salerno,http://www.unisa.it/docenti/andreafrancescoabate/cv,AwaMdEsAAAAJ,0000-0002-0472-0318
Andrea Francesco Abate,University of Salerno,http://www.unisa.it/docenti/andreafrancescoabate/cv,AwaMdEsAAAAJ,0000-0000-0000-0000
Andrea G. Parker,Georgia Institute of Technology,https://www.cc.gatech.edu/~andrea,zh8E4voAAAAJ,0000-0002-2362-7717
Andrea Grimes Parker,Georgia Institute of Technology,https://www.cc.gatech.edu/~andrea,zh8E4voAAAAJ,0000-0000-0000-0000
Andrea Herrera,Universidad de los Andes,https://profesores.virtual.uniandes.edu.co/aherrer/es/inicio,BvuaquwAAAAJ,0000-0003-2898-7161
Andrea Herrera 0001,Universidad de los Andes,https://profesores.virtual.uniandes.edu.co/aherrer/es/inicio,BvuaquwAAAAJ,0000-0003-2898-7161
Andrea Kleinsmith,Univ. of Maryland - Baltimore County,http://www.andisplanet.com,dXHpxgMAAAAJ,0000-0003-1007-2553
Andrea Lincoln,Boston University,https://andrealincoln.github.io,o_3wS3AAAAAJ,0000-0003-4653-8730
Andrea Lockerd,University of Texas at Austin,https://sim.ece.utexas.edu/people.html,jIs-Y2gAAAAJ,0000-0000-0000-0000
Andrea Lockerd Thomaz,University of Texas at Austin,https://sim.ece.utexas.edu/people.html,jIs-Y2gAAAAJ,0000-0000-0000-0000
Andrea Lodi 0001 [Tech],Cornell University,https://tech.cornell.edu/people/andrea-lodi,udwtIesAAAAJ,0000-0000-0000-0000
Andrea M. Tonello,University of Klagenfurt,http://www.andreatonello.com,qBiseEsAAAAJ,0000-0000-0000-0000
Andrea Marongiu,Univ. of Modena and Reggio Emilia,https://personale.unimore.it/rubrica/dettaglio/amarongiu,Hwl6xgwAAAAJ,0000-0003-1010-4762
Andrea Marrella,Sapienza University of Rome,http://www.diag.uniroma1.it/marrella,8zZvFawAAAAJ,0000-0000-0000-0000
Andrea Massa,University of Trento,http://www.soi.unitn.it/staff/andrea-massa,NOSCHOLARPAGE,0000-0000-0000-0000
Andrea Papenmeier,University of Twente,https://people.utwente.nl/a.papenmeier,Hs-rcbMAAAAJ,0000-0000-0000-0000
Andrea Passerini,University of Trento,http://disi.unitn.it/~passerini,IIXgkLoAAAAJ,0000-0002-2765-5395
Andrea Paudice,Aarhus University,https://www.au.dk/apaudice@cs.au.dk,-r_VHXUAAAAJ,0000-0000-0000-0000
Andrea Schalk,University of Manchester,https://www.research.manchester.ac.uk/portal/andrea.schalk.html,odEJK7EAAAAJ,0000-0003-2300-0962
Andrea Soltoggio,Loughborough University,https://www.lboro.ac.uk/departments/compsci/staff/academic-teaching/andrea-soltoggio,mlt7uksAAAAJ,0000-0002-9750-8358
Andrea Sterbini,Sapienza University of Rome,https://twiki.di.uniroma1.it/twiki/view/Users/AndreaSterbini,W0PMB90AAAAJ,0000-0000-0000-0000
Andrea Stocco 0001,TU Munich,https://www.cs.cit.tum.de/en/sse/stocco,gl_lrrcAAAAJ,0000-0001-8956-3894
Andrea Tagliasacchi,Simon Fraser University,https://taiya.github.io,1RmD-YsAAAAJ,0000-0002-2209-7187
Andrea Tangherloni,Bocconi University,https://cs.unibocconi.eu/people/andrea-tangherloni,YZk27IkAAAAJ,0000-0002-5856-4453
Andrea Thomaz,University of Texas at Austin,https://sim.ece.utexas.edu/people.html,jIs-Y2gAAAAJ,0000-0000-0000-0000
Andrea Vandin,DTU,https://www.compute.dtu.dk/english,NOSCHOLARPAGE,0000-0002-2606-7241
Andrea Vitaletti,Sapienza University of Rome,https://andreavitaletti.github.io,tN4xL-IAAAAJ,0000-0003-1074-5068
Andrea Volkamer,Saarland University,https://volkamerlab.org/team,ksE3fxQAAAAJ,0000-0002-3760-580X
Andrea Zisman,Open University UK,http://stem.open.ac.uk/people/az2276,NOSCHOLARPAGE,0000-0002-7459-3967
Andreagiovanni Reina,University of Konstanz,https://www.informatik.uni-konstanz.de/en/department/staff/lecturers-and-junior-research-groups,OTeSCfEAAAAJ,0000-0003-4745-992X
Andreas Abel 0001,Chalmers/GU,http://www.cse.chalmers.se/~abela,diMIMosAAAAJ,0000-0003-0420-4492
Andreas Bartel,University of Wuppertal,https://www-num.math.uni-wuppertal.de/de/amna/mitarbeiter/bartel/details.html,DdWFAgsAAAAJ,0000-0003-1979-179X
Andreas Baum,DTU,https://www.compute.dtu.dk/english,NOSCHOLARPAGE,0000-0000-0000-0000
Andreas Birk 0002,Jacobs University Bremen,http://robotics.jacobs-university.de/people/birk,CR5fEFYAAAAJ,0000-0003-4577-2525
Andreas Bollin,University of Klagenfurt,https://www.aau.at/en/informatics-didactics/team/bollin-andreas,74bbbQ8AAAAJ,0000-0000-0000-0000
Andreas Breiter,University of Bremen,https://agim.uni-bremen.de/team/breiter,NOSCHOLARPAGE,0000-0002-0577-8685
Andreas Bulling,University of Stuttgart,https://www.vis.uni-stuttgart.de/institut/team/Bulling,QURZIzUAAAAJ,0000-0001-6317-7303
Andreas Burg 0001,EPFL,https://people.epfl.ch/andreas.burg,Uf6DIFMAAAAJ,0000-0002-7270-5558
Andreas Butz,LMU Munich,http://www.medien.ifi.lmu.de/team/andreas.butz,8_z5YpQAAAAJ,0000-0000-0000-0000
Andreas Dengel 0001,TU Kaiserslautern,https://www.dfki.uni-kl.de/~dengel,p3YP0DMAAAAJ,0000-0000-0000-0000
Andreas Diavastos,Cyprus University of Technology,https://carl.cut.ac.cy/index.html,S7OhT80AAAAJ,0000-0002-7139-4444
Andreas Dräger,University of Tübingen,https://uni-tuebingen.de/en/faculties/faculty-of-science/departments/computer-science/lehrstuehle/systems-biology/team/jun-prof-dr-andreas-draeger,Q2FPugYAAAAJ,0000-0002-1240-5553
Andreas Emil Feldmann,Charles University,https://sites.google.com/site/aefeldmann,Bpw0hqAAAAAJ,0000-0001-6229-5332
Andreas Frommer,University of Wuppertal,http://www-ai.math.uni-wuppertal.de/~frommer,ui_XMO8AAAAJ,0000-0000-0000-0000
Andreas G. Veneris,University of Toronto,http://www.eecg.utoronto.ca/~veneris/AndreasVeneris.htm,NOSCHOLARPAGE,0000-0002-6309-8821
Andreas Galanis,University of Oxford,https://www.cs.ox.ac.uk/people/andreas.galanis,JwVBL5wAAAAJ,0000-0003-3579-6531
Andreas Geiger 0001,University of Tübingen,http://www.cvlibs.net,SrVnrPcAAAAJ,0000-0002-8151-3726
Andreas Goerdt,TU Chemnitz,https://www.tu-chemnitz.de/informatik/TI/professur/professor.php,NOSCHOLARPAGE,0000-0000-0000-0000
Andreas Haeberlen,University of Pennsylvania,http://www.cis.upenn.edu/~ahae,kqPhodQAAAAJ,0000-0002-3271-8354
Andreas Hellander,Uppsala University,https://andreashellander.se,NOSCHOLARPAGE,0000-0001-7273-7923
Andreas Henrich,University of Bamberg,https://www.uni-bamberg.de/minf/team/henrich,WImTL5AAAAAJ,0000-0002-5074-3254
Andreas Henschel,Masdar Institute,https://www2.masdar.ac.ae/aboutus/management/faculty-directory/item/5665-andreas-henschel,jenl24IAAAAJ,0000-0000-0000-0000
Andreas Heuer 0001,University of Rostock,https://dbis.informatik.uni-rostock.de/mitarbeiter/heuer/andreas-heuer,NOSCHOLARPAGE,0000-0002-6163-6649
Andreas Hildebrandt 0001,University of Mainz,https://www.bio.informatik.uni-mainz.de/andreas-hildebrandt,xlsRe_wAAAAJ,0000-0003-2180-6516
Andreas Hotho,University of Würzburg,http://www.dmir.uni-wuerzburg.de/staff/hotho,eWTzXFAAAAAJ,0000-0000-0000-0000
Andreas Jacobsson,Malmö University,https://mau.se/en/persons/andreas.jacobsson,0YbO-FgAAAAJ,0000-0002-8512-2976
Andreas Jakoby,Bauhaus University Weimar,https://www.uni-weimar.de/de/medien/struktur/fachbereich-medieninformatik/professuren,NOSCHOLARPAGE,0000-0000-0000-0000
Andreas K. Maier,University of Erlangen–Nuremberg,https://lme.tf.fau.de/person/maier,MA6SDuEAAAAJ,0000-0000-0000-0000
Andreas Karcher,Bundeswehr University Munich,https://www.unibw.de/ia,NOSCHOLARPAGE,0000-0000-0000-0000
Andreas Karrenbauer [INF],Max Planck Society,https://people.mpi-inf.mpg.de/~karrenba,Cw5djYoAAAAJ,0000-0000-0000-0000
Andreas Keller,Saarland University,http://www.ccb.uni-saarland.de/people/prof-dr-andreas-keller,QooMeTMAAAAJ,0000-0002-5361-0895
Andreas Klappenecker,Texas A&M University,http://faculty.cs.tamu.edu/klappi,QKzwvNgAAAAJ,0000-0002-9882-2015
Andreas Klöckner,Univ. of Illinois at Urbana-Champaign,https://mathema.tician.de/aboutme,n5dYy5sAAAAJ,0000-0003-1228-519X
Andreas Koch 0001,TU Darmstadt,https://www.esa.informatik.tu-darmstadt.de/team/ahk,qPCj3mkAAAAJ,0000-0002-1164-3082
Andreas Kolb 0001,University of Siegen,https://www.cg.informatik.uni-siegen.de/de/kolb-andreas,T_Fwt_oAAAAJ,0000-0003-4753-7801
Andreas Krall,TU Wien,http://www.complang.tuwien.ac.at/andi,rOiruA4AAAAJ,0000-0000-0000-0000
Andreas Krause 0001,ETH Zurich,https://las.inf.ethz.ch/krausea,eDHv58AAAAAJ,0000-0001-7260-9673
Andreas L. Opdahl,University of Bergen,https://www.uib.no/en/persons/Andreas.Lothe.Opdahl,NOSCHOLARPAGE,0000-0002-3141-1385
Andreas Lanitis,Cyprus University of Technology,https://www.cut.ac.cy/faculties/aac/mga/staff/elected-staff/andreas.lanitis/?languageId=1,LV7ud3IAAAAJ,0000-0001-6841-8065
Andreas Lehrmann,THWS,https://fiw.thws.de/fakultaet/personen/person/prof-dr-andreas-lehrmann,DM49PecAAAAJ,0000-0000-0000-0000
Andreas Maier 0001,University of Erlangen–Nuremberg,https://lme.tf.fau.de/person/maier,MA6SDuEAAAAJ,0000-0000-0000-0000
Andreas Maletti,University of Leipzig,http://www.informatik.uni-leipzig.de/alg,NOSCHOLARPAGE,0000-0000-0000-0000
Andreas Michael Mühling,University of Kiel,https://www.ddi.inf.uni-kiel.de/de/personen/prof.-dr.-andreas-muehling,CRgmx1oAAAAJ,0000-0000-0000-0000
Andreas Miroslaus Wichert,Universidade de Lisboa,http://web.tecnico.ulisboa.pt/~andreas.wichert,yHp58QgAAAAJ,0000-0000-0000-0000
Andreas Mitschele-Thiel,TU Ilmenau,https://www.tu-ilmenau.de/iks/personen/mitarbeiter/?no_cache=1&staff_id=1,KZi1MesAAAAJ,0000-0000-0000-0000
Andreas Moshovos,University of Toronto,https://www.eecg.utoronto.ca/~moshovos/000/doku.php,D2VLt-8AAAAJ,0000-0001-7768-367X
Andreas Mühling,University of Kiel,https://www.ddi.inf.uni-kiel.de/de/personen/prof.-dr.-andreas-muehling,CRgmx1oAAAAJ,0000-0000-0000-0000
Andreas Naderlinger,University of Salzburg,http://www.cs.uni-salzburg.at/~andreas.naderlinger,NOSCHOLARPAGE,0000-0002-4379-0749
Andreas Nüchter,University of Würzburg,http://www7.informatik.uni-wuerzburg.de/mitarbeiter/nuechter,0KilZDkAAAAJ,0000-0003-3870-783X
Andreas Nürnberger,University of Magdeburg,http://www.findke.ovgu.de,LuMoBX0AAAAJ,0000-0003-4311-0624
Andreas Pavlogiannis,Aarhus University,https://cs.au.dk/~pavlogiannis,9QvqaqUAAAAJ,0000-0002-8943-0722
Andreas Peter 0001,University of Oldenburg,https://uol.de/informatik/ssi/team/prof-dr-andreas-peter,ipKtYWgAAAAJ,0000-0000-0000-0000
Andreas Peter Burg,EPFL,https://people.epfl.ch/andreas.burg,Uf6DIFMAAAAJ,0000-0002-7270-5558
Andreas Pieris,University of Edinburgh,http://www.inf.ed.ac.uk/people/staff/Andreas_Pieris.html,T1vZCrcAAAAJ,0000-0003-4779-3469
Andreas Podelski,University of Freiburg,https://swt.informatik.uni-freiburg.de/podelski,UAF-ud8AAAAJ,0000-0003-2540-9489
Andreas Polze,Hasso Plattner Institute,https://hpi.de/en/research/research-groups/operating-systems-and-middleware,NOSCHOLARPAGE,0000-0000-0000-0000
Andreas R. Dengel,TU Kaiserslautern,https://www.dfki.uni-kl.de/~dengel,p3YP0DMAAAAJ,0000-0000-0000-0000
Andreas R. Pfenning,Carnegie Mellon University,http://people.csail.mit.edu/apfenning,Q6VLB4gAAAAJ,0000-0002-7390-5041
Andreas Rauber,TU Wien,http://www.ifs.tuwien.ac.at/~andi,ZF9JHnUAAAAJ,0000-0000-0000-0000
Andreas Rauh,University of Oldenburg,https://uol.de/informatik/dcis/team/prof-dr-ing-habil-andreas-rauh,Z6wxka8AAAAJ,0000-0000-0000-0000
Andreas Rausch 0001,TU Clausthal,https://www.isse.tu-clausthal.de/en/get-in-touch/team-1/faculty/prof-dr-andreas-rausch,m1kadkkAAAAJ,0000-0002-6850-6409
Andreas Reinhardt 0001,TU Clausthal,https://www.in.tu-clausthal.de/abteilungen/energieinformationsnetze-und-systeme,VfpMFXQAAAAJ,0000-0000-0000-0000
Andreas Rößler,University of Lübeck,https://www.math.uni-luebeck.de/mitarbeiter/roessler,KySV244AAAAJ,0000-0000-0000-0000
Andreas S. Andreou,Cyprus University of Technology,https://www.cut.ac.cy/faculties/fet/eecei/staff/andreas.andreou/?languageId=1,CqlJG_IAAAAJ,0000-0001-7104-2097
Andreas Savva,University of Nicosia,https://www.unic.ac.cy/savva-andreas,NOSCHOLARPAGE,0000-0000-0000-0000
Andreas Schilling 0001,University of Tübingen,https://uni-tuebingen.de/en/faculties/faculty-of-science/departments/computer-science/department/groups/media-informatics-vc,0uEkSPQAAAAJ,0000-0002-5339-2023
Andreas Schrader,University of Lübeck,https://www.itm.uni-luebeck.de/mitarbeitende/andreas-schrader.html,yMDaoqQAAAAJ,0000-0001-7926-0611
Andreas Schwill,University of Potsdam,http://ddi.cs.uni-potsdam.de/Personen/schwill,NOSCHOLARPAGE,0000-0000-0000-0000
Andreas Speck,University of Kiel,https://www.bit.informatik.uni-kiel.de/de/team/prof.-dr.-andreas-speck,NOSCHOLARPAGE,0000-0000-0000-0000
Andreas Stafylopatis,NTUA,http://www2.islab.ntua.gr/andreas,NOSCHOLARPAGE,0000-0000-0000-0000
Andreas Stathopoulos,College of William and Mary,http://www.cs.wm.edu/~andreas,2M8BWDkAAAAJ,0000-0001-7253-9935
Andreas Stefik,University of Nevada Las Vegas,http://web.cs.unlv.edu/stefika,o_SzoF0AAAAJ,0000-0002-2554-5862
Andreas Steininger,TU Wien,https://ti.tuwien.ac.at/ecs/people/steininger,vcRJrxIAAAAJ,0000-0002-3847-1647
Andreas Timm-Giel,Hamburg University of Technology,https://www.tuhh.de/et6/homepage.html,nR635b_VvW4C,0000-0002-5998-6113
Andreas Uhl,University of Salzburg,https://www.cosy.sbg.ac.at/~uhl,NOSCHOLARPAGE,0000-0002-5921-8755
Andreas Vlachos 0001,University of Cambridge,https://www.cl.cam.ac.uk/~av308,XjWnyM4AAAAJ,0000-0003-2123-5071
Andreas Vogelsang,University of Cologne,https://cs.uni-koeln.de/sse,knNRUtEAAAAJ,0000-0003-1041-0815
Andreas Weisshaar,Oregon State University,http://eecs.oregonstate.edu/people/weisshaar-andreas,NOSCHOLARPAGE,0000-0000-0000-0000
Andreas Wichert,Universidade de Lisboa,http://web.tecnico.ulisboa.pt/~andreas.wichert,yHp58QgAAAAJ,0000-0000-0000-0000
Andreas Willig,University of Canterbury,http://www.cosc.canterbury.ac.nz/andreas.willig,NOSCHOLARPAGE,0000-0000-0000-0000
Andreas Winter 0001,University of Oldenburg,https://uol.de//en/computingscience/se/group/andreas-winter,NOSCHOLARPAGE,0000-0000-0000-0000
Andreas Zell,University of Tübingen,https://uni-tuebingen.de/fakultaeten/mathematisch-naturwissenschaftliche-fakultaet/fachbereiche/informatik/lehrstuehle/kognitive-systeme/the-chair/staff/prof-dr-andreas-zell,u7w1MYcAAAAJ,0000-0000-0000-0000
Andreas Zeller,CISPA Helmholtz Center,https://andreas-zeller.info,-Qytr_YAAAAJ,0000-0003-4719-8803
Andreas Züfle,Emory University,https://www.zuefle.org,s-FDyf4AAAAJ,0000-0001-7001-4123
Andreas van Cranenburgh,University of Groningen,http://andreasvc.github.io,Y745fFYAAAAJ,0000-0002-4545-1548
Andreas-Georgios Stafylopatis,NTUA,http://www2.islab.ntua.gr/andreas,NOSCHOLARPAGE,0000-0000-0000-0000
Andreea Costea,TU Delft,https://andrecostea.github.io,wUiTGu8AAAAJ,0000-0002-9089-9392
Andrei A. Bulatov,Simon Fraser University,http://www.cs.sfu.ca/~abulatov,81iwpTgAAAAJ,0000-0000-0000-0000
Andrei A. Krokhin,Durham University,https://www.dur.ac.uk/computer.science/staff/profile/?id=2381,QhiPV08AAAAJ,0000-0003-4373-8227
Andrei Bulatov 0001,Simon Fraser University,http://www.cs.sfu.ca/~abulatov,81iwpTgAAAAJ,0000-0000-0000-0000
Andrei C. Jalba,TU Eindhoven,https://www.tue.nl/en/university/departments/mathematics-and-computer-science/the-department/staff/detail/ep/e/d/ep-uid/20080992,3ab6LGQAAAAJ,0000-0000-0000-0000
Andrei Jalba,TU Eindhoven,https://www.tue.nl/en/university/departments/mathematics-and-computer-science/the-department/staff/detail/ep/e/d/ep-uid/20080992,3ab6LGQAAAAJ,0000-0000-0000-0000
Andrei Popescu 0001,University of Sheffield,https://www.sheffield.ac.uk/cs/people/academic/andrei-popescu,nxOkXN0AAAAJ,0000-0001-8747-0619
Andrei Sabelfeld,Chalmers/GU,https://www.chalmers.se/en/staff/Pages/andrei.aspx,dQge5-AAAAAJ,0000-0001-9344-9058
Andreia Mordido,Universidade de Lisboa,https://ciencias.ulisboa.pt/en/perfil/afmordido,0TEUBAwAAAAJ,0000-0002-1547-0692
Andreia Sofia Teixeira,Universidade de Lisboa,https://ciencias.ulisboa.pt/en/perfil/asteixeira,hk3GDWIAAAAJ,0000-0002-2758-1891
Andrej Bogdanov,University of Ottawa,https://andrejb.net,MCZpAkEAAAAJ,0000-0000-0000-0000
Andrej Risteski,Carnegie Mellon University,https://www.andrew.cmu.edu/user/aristesk,NWPDSEsAAAAJ,0000-0000-0000-0000
Andrej Scedrov,University of Pennsylvania,https://www.cis.upenn.edu/~scedrov,F-kvxQoAAAAJ,0000-0000-0000-0000
Andres Goens,University of Amsterdam,https://www.uva.nl/en/profile/g/o/a.w.goens-jokisch/a.w.goens-jokisch.html,vjVhbJoAAAAJ,0000-0002-0409-1363
Andres Wilhelm Goens Jokisch,University of Amsterdam,https://www.uva.nl/en/profile/g/o/a.w.goens-jokisch/a.w.goens-jokisch.html,vjVhbJoAAAAJ,0000-0000-0000-0000
Andrew A. Chien,University of Chicago,http://people.cs.uchicago.edu/~aachien,zkqz0_0AAAAJ,0000-0000-0000-0000
Andrew B. Kahng,Univ. of California - San Diego,http://vlsicad.ucsd.edu/~abk,zCO_h3cAAAAJ,0000-0002-4490-5018
Andrew Begel,Carnegie Mellon University,https://s3d.cmu.edu/people/core-faculty/begel-andrew1.html,H_oWiFsAAAAJ,0000-0002-7425-4818
Andrew Butterfield,Trinity College Dublin,https://www.tcd.ie/research/profiles/?profile=butrfeld,eI1SMl4AAAAJ,0000-0002-2337-2101
Andrew C. Doxey,University of Waterloo,http://doxey.uwaterloo.ca,NOSCHOLARPAGE,0000-0003-2015-099X
Andrew C. Dwyer,Royal Holloway Univ. of London,https://pure.royalholloway.ac.uk/en/persons/andrew-dwyer,-SNkVkEAAAAJ,0000-0003-2207-6834
Andrew C. Freeman,Baylor University,https://acfreeman.dev,UB1UXuQAAAAJ,0000-0000-0000-0000
Andrew C. Lee,Syracuse University,http://eng-cs.syr.edu/our-departments/electrical-engineering-and-computer-science/people/faculty,NOSCHOLARPAGE,0000-0000-0000-0000
Andrew C. Myers,Cornell University,http://www.cs.cornell.edu/andru,ovlpa_IAAAAJ,0000-0001-5819-7588
Andrew C. Rice,University of Cambridge,https://www.cl.cam.ac.uk/~acr31,bxvOPw8AAAAJ,0000-0000-0000-0000
Andrew C. Robb,Clemson University,http://arobb.people.clemson.edu,wkdrAV8AAAAJ,0000-0002-0398-5576
Andrew C. Simpson,University of Oxford,http://www.cs.ox.ac.uk/andrew.simpson,rrydyHwAAAAJ,0000-0003-3597-2232
Andrew C. Yao,Tsinghua University,http://iiis.tsinghua.edu.cn/yao,NOSCHOLARPAGE,0000-0000-0000-0000
Andrew Calway,University of Bristol,http://people.cs.bris.ac.uk/~andrew,jtlbdOoAAAAJ,0000-0000-0000-0000
Andrew Campbell 0001,Dartmouth College,https://www.cs.dartmouth.edu/~campbell,rthco5oAAAAJ,0000-0001-7394-7682
Andrew Carl Dwyer,Royal Holloway Univ. of London,https://pure.royalholloway.ac.uk/en/persons/andrew-dwyer,-SNkVkEAAAAJ,0000-0003-2207-6834
Andrew Chi-Chih Yao,Tsinghua University,http://iiis.tsinghua.edu.cn/yao,NOSCHOLARPAGE,0000-0000-0000-0000
Andrew Clive Simpson,University of Oxford,http://www.cs.ox.ac.uk/andrew.simpson,rrydyHwAAAAJ,0000-0000-0000-0000
Andrew Cobley,University of Dundee,https://www.computing.dundee.ac.uk/about/staff/1,NOSCHOLARPAGE,0000-0000-0000-0000
Andrew Coles,King's College London,https://www.kcl.ac.uk/people/andrew-coles,EMiUE40AAAAJ,0000-0002-4954-9235
Andrew Colin Rice,University of Cambridge,https://www.cl.cam.ac.uk/~acr31,bxvOPw8AAAAJ,0000-0000-0000-0000
Andrew Crabtree,University of Nottingham,https://www.nottingham.ac.uk/computerscience/people/andy.crabtree,LX_P5GYAAAAJ,0000-0001-5553-6767
Andrew Cropper,University of Helsinki,https://andrewcropper.com,AtZc544AAAAJ,0000-0000-0000-0000
Andrew Crotty,Northwestern University,https://andrewcrotty.com,7rnfEFwAAAAJ,0000-0002-8544-0982
Andrew D. Calway,University of Bristol,http://people.cs.bris.ac.uk/~andrew,jtlbdOoAAAAJ,0000-0000-0000-0000
Andrew D. Ker,University of Oxford,http://www.cs.ox.ac.uk/andrew.ker/home.html,9fTPyU0AAAAJ,0000-0000-0000-0000
Andrew D. Miller 0001,IUPUI,https://soic.iupui.edu/people/andrew-miller,U5QeuUcAAAAJ,0000-0002-6152-6968
Andrew D. Richardson,Northern Arizona University,https://nau.edu/siccs/faculty,GlGy7vgAAAAJ,0000-0000-0000-0000
Andrew David Ker,University of Oxford,http://www.cs.ox.ac.uk/andrew.ker/home.html,9fTPyU0AAAAJ,0000-0000-0000-0000
Andrew Dekker,University of Queensland,http://researchers.uq.edu.au/researcher/15139,JKSGdVIAAAAJ,0000-0000-0000-0000
Andrew Delong,Concordia University,http://explore.concordia.ca/andrew-delong,-FEYIEMAAAAJ,0000-0000-0000-0000
Andrew E. Johnson 0001,University of Illinois at Chicago,https://www.evl.uic.edu/aej,Bv6qOYsAAAAJ,0000-0002-0814-6093
Andrew Edward Johnson,University of Illinois at Chicago,https://www.evl.uic.edu/aej,Bv6qOYsAAAAJ,0000-0000-0000-0000
Andrew Gordon Wilson,New York University,https://cims.nyu.edu/~andrewgw,twWX2LIAAAAJ,0000-0000-0000-0000
Andrew H. Fagg,University of Oklahoma,https://symbiotic-computing.org/fagg_html,bv_o8b0AAAAJ,0000-0000-0000-0000
Andrew H. Sung,University of Southern Mississippi,https://www.usm.edu/computing/faculty/andrew-h-sung,UMf3YBMAAAAJ,0000-0000-0000-0000
Andrew Hamilton-Wright,University of Guelph,https://www.uoguelph.ca/computing/people/andrew-hamilton-wright,nWoiQrQAAAAJ,0000-0002-7459-656X
Andrew Head,University of Pennsylvania,https://andrewhead.info,lccNQ3AAAAAJ,0000-0002-1523-3347
Andrew Hines,University College Dublin,https://people.ucd.ie/andrew.hines,IJ_bu7gAAAAJ,0000-0000-0000-0000
Andrew Horner,HKUST,http://www.cse.ust.hk/faculty/horner,NOSCHOLARPAGE,0000-0000-0000-0000
Andrew Howes,University of Birmingham,https://www.birmingham.ac.uk/staff/profiles/computer-science/academic-staff/howes-andrew.aspx,iswtssoAAAAJ,0000-0003-4251-1127
Andrew Ian Coles,King's College London,https://www.kcl.ac.uk/people/andrew-coles,EMiUE40AAAAJ,0000-0000-0000-0000
Andrew Ireland,Heriot-Watt University,https://www.hw.ac.uk/staff/uk/macs/andrew-ireland.htm,LQpzXygAAAAJ,0009-0004-3530-9996
Andrew J. Davison,Imperial College London,https://www.doc.ic.ac.uk/~ajd,SNQFnBEAAAAJ,0000-0002-3784-099X
Andrew J. McAllister,University of New Brunswick,http://www.cs.unb.ca/~andrewm,d1yVDNgAAAAJ,0000-0000-0000-0000
Andrew J. Parkes,University of Nottingham,https://www.nottingham.ac.uk/computerscience/people/andrew.parkes,G0yAJAwAAAAJ,0000-0000-0000-0000
Andrew J. Stewart,University of Manchester,https://research.manchester.ac.uk/en/persons/andrew.j.stewart,o0cD2JgAAAAJ,0000-0002-9795-4104
Andrew J. Wellings,University of York,https://www-users.cs.york.ac.uk/~andy,yPa4QrkAAAAJ,0000-0000-0000-0000
Andrew K. Hirsch,University at Buffalo,https://cse.buffalo.edu/~akhirsch,VMu58x0AAAAJ,0000-0003-2518-614X
Andrew Klapper,University of Kentucky,https://www.cs.uky.edu/people/faculty/aklapper,nn3Fx0cAAAAJ,0000-0002-6267-089X
Andrew Kwong,University of North Carolina,https://andrewkwong.org,izNSFdIAAAAJ,0000-0002-6473-288X
Andrew Lo,Massachusetts Inst. of Technology,http://alo.mit.edu,4M-iGXMAAAAJ,0000-0000-0000-0000
Andrew Lukefahr,Indiana University,http://homes.sice.indiana.edu/lukefahr,tZ4fdX0AAAAJ,0009-0003-1167-3999
Andrew Luxton-Reilly,University of Auckland,https://www.cs.auckland.ac.nz/~andrew-l,3nuHa7IAAAAJ,0000-0001-8269-2909
Andrew M. Childs,Univ. of Maryland - College Park,https://www.cs.umd.edu/~amchilds,7MOW-j4AAAAJ,0000-0002-9903-837X
Andrew M. Gravell,University of Southampton,https://www.ecs.soton.ac.uk/people/gravell#research,NOSCHOLARPAGE,0000-0000-0000-0000
Andrew M. McNutt,University of Utah,https://www.mcnutt.in,AHwQg4kAAAAJ,0000-0001-8255-4258
Andrew MacFarlane 0001,City University of London,https://www.city.ac.uk/people/academics/andrew-macfarlane,73tN2vEAAAAJ,0000-0002-8057-0737
Andrew Markham,University of Oxford,https://www.cs.ox.ac.uk/people/andrew.markham,g3JTO9EAAAAJ,0000-0001-5716-3941
Andrew Martin 0002,University of Oxford,http://www.cs.ox.ac.uk/people/andrew.martin,Zz_xqwoAAAAJ,0000-0000-0000-0000
Andrew Marx,Claremont Graduate University,https://www.cgu.edu/news/2015/09/andrew-marx,BTNShlMAAAAJ,0000-0000-0000-0000
Andrew McCallum,Univ. of Massachusetts Amherst,https://people.cs.umass.edu/~mccallum,yILa1y0AAAAJ,0009-0004-5487-2848
Andrew McGregor 0001,Univ. of Massachusetts Amherst,http://people.cs.umass.edu/~mcgregor,IpBjTKQAAAAJ,0000-0000-0000-0000
Andrew McPherson 0002,Queen Mary University of London,http://www.eecs.qmul.ac.uk/~andrewm,9Je-3c4AAAAJ,0000-0000-0000-0000
Andrew Meneely,Rochester Inst. of Technology,http://www.se.rit.edu/~andy,LFxEgGoAAAAJ,0000-0002-4850-1408
Andrew Miller 0001,Univ. of Illinois at Urbana-Champaign,http://soc1024.ece.illinois.edu,Nv2jil0AAAAJ,0000-0000-0000-0000
Andrew Nealen,University of Southern California,https://www.nealen.net,YjpanIYAAAAJ,0000-0000-0000-0000
Andrew O'Fallon,Washington State University,http://www.eecs.wsu.edu/~aofallon,NOSCHOLARPAGE,0000-0000-0000-0000
Andrew Owens [Tech],Cornell University,http://andrewowens.com,9hX-JksAAAAJ,0000-0000-0000-0000
Andrew P. French,University of Nottingham,https://www.nottingham.ac.uk/computerscience/people/andrew.p.french,SESz4-UAAAAJ,0000-0000-0000-0000
Andrew P. Martin,University of Oxford,http://www.cs.ox.ac.uk/people/andrew.martin,Zz_xqwoAAAAJ,0000-0002-8236-980X
Andrew P. McPherson,Queen Mary University of London,http://www.eecs.qmul.ac.uk/~andrewm,9Je-3c4AAAAJ,0000-0001-9323-9069
Andrew P. Paplinski,Monash University,http://users.monash.edu/~app,7JgfO08AAAAJ,0000-0002-3639-1045
Andrew P. Tolmach,Portland State University,http://web.cecs.pdx.edu/~apt,NOSCHOLARPAGE,0000-0000-0000-0000
Andrew Pavlo,Carnegie Mellon University,http://www.cs.cmu.edu/~pavlo,u1UDm4wAAAAJ,0000-0001-6040-6991
Andrew Perrault,Ohio State University,https://aperrault.github.io,2eWscBQAAAAJ,0000-0002-5062-7958
Andrew Philippides,University of Sussex,http://www.sussex.ac.uk/informatics/people/peoplelists/person/23611,ZKeV-aQAAAAJ,0000-0001-5503-0467
Andrew Quinn 0001,Univ. of California - Santa Cruz,https://arquinn.github.io,ZVES6xIAAAAJ,0000-0002-0785-4119
Andrew R. Runnalls,University of Kent,https://www.cs.kent.ac.uk/people/staff/arr,NOSCHOLARPAGE,0000-0000-0000-0000
Andrew R. Willis,UNC - Charlotte,https://ece.charlotte.edu/directory/dr-andrew-r-willis-phd,i69G8doAAAAJ,0000-0000-0000-0000
Andrew Rau-Chaplin,Dalhousie University,https://www.cs.dal.ca/~arc,NOSCHOLARPAGE,0000-0003-3046-3906
Andrew Rice,University of Cambridge,https://www.cl.cam.ac.uk/~acr31,bxvOPw8AAAAJ,0000-0002-4677-8032
Andrew Robb,Clemson University,http://arobb.people.clemson.edu,wkdrAV8AAAAJ,0000-0002-0398-5576
Andrew Roth,University of British Columbia,https://aroth85.github.io,5hPCABoAAAAJ,0000-0003-3422-8823
Andrew S. Grimshaw,University of Virginia,https://www.cs.virginia.edu/~grimshaw,T_O6pjEAAAAJ,0000-0000-0000-0000
Andrew S. Lan,Univ. of Massachusetts Amherst,https://people.umass.edu/~andrewlan,ZYc-LuMAAAAJ,0000-0000-0000-0000
Andrew S. Miner,Iowa State University,http://www.cs.iastate.edu/~asminer,iCWiQi8AAAAJ,0000-0002-7737-6888
Andrew S. Tanenbaum,VU Amsterdam,http://www.cs.vu.nl/~ast,TvjaNqkAAAAJ,0000-0002-9547-801X
Andrew Simpson 0001,University of Oxford,http://www.cs.ox.ac.uk/andrew.simpson,rrydyHwAAAAJ,0000-0003-3597-2232
Andrew Sogokon,University of Southampton,https://www.ecs.soton.ac.uk/people/as1g19#research,-WBF91wAAAAJ,0000-0002-5849-7991
Andrew Sohn,NJIT,http://cs.njit.edu/people/sohn.php,NOSCHOLARPAGE,0000-0000-0000-0000
Andrew Stuart,California Inst. of Technology,http://stuart.caltech.edu,BQwkpB0AAAAJ,0000-0000-0000-0000
Andrew T. Campbell,Dartmouth College,https://www.cs.dartmouth.edu/~campbell,rthco5oAAAAJ,0000-0001-7394-7682
Andrew T. Duchowski,Clemson University,http://andrewd.ces.clemson.edu,J_oQ4-oAAAAJ,0000-0003-1681-7878
Andrew Taylor,UNSW,http://www.cse.unsw.edu.au/~andrewt,bODP_fkAAAAJ,0000-0003-4741-0069
Andrew Thomas Campbell,Dartmouth College,https://www.cs.dartmouth.edu/~campbell,rthco5oAAAAJ,0000-0000-0000-0000
Andrew Tolmach,Portland State University,http://web.cecs.pdx.edu/~apt,NOSCHOLARPAGE,0000-0002-0748-2044
Andrew Trotman,University of Otago,http://www.cs.otago.ac.nz/homepages/andrew,YiiS_hUAAAAJ,0000-0003-1253-7123
Andrew Turpin,University of Melbourne,http://people.eng.unimelb.edu.au/aturpin,lCZblDwAAAAJ,0000-0000-0000-0000
Andrew Vardy,Memorial Univ. of Newfoundland,https://www.mun.ca/computerscience/people/av.php,ccxPX38AAAAJ,0000-0001-7278-5378
Andrew W. Eckford,York University,http://www.andreweckford.com,xmzuEo0AAAAJ,0000-0000-0000-0000
Andrew W. Moore 0002,University of Cambridge,https://www.cl.cam.ac.uk/~awm22,lSWWr04AAAAJ,0000-0002-5494-9305
Andrew Webb,Louisiana State University,https://csc.lsu.edu/~webb,UvaN_AcAAAAJ,0000-0000-0000-0000
Andrew William Moore,University of Cambridge,https://www.cl.cam.ac.uk/~awm22,lSWWr04AAAAJ,0000-0000-0000-0000
Andrew William Roscoe,University of Oxford,http://www.cs.ox.ac.uk/bill.roscoe,miixtKcAAAAJ,0000-0000-0000-0000
Andrew Y. Lindell,Bar-Ilan University,https://u.cs.biu.ac.il/~lindell,7JK9h1MAAAAJ,0000-0000-0000-0000
Andrey A. Popov,University of Hawaii at Manoa,https://www2.hawaii.edu/~apopov,G0nqXfoAAAAJ,0000-0000-0000-0000
Andrey Esakia,Virginia Tech,http://people.cs.vt.edu/~esakia,eQhRa0wAAAAJ,0000-0000-0000-0000
Andrey N. Chernikov,Old Dominion University,http://www.cs.odu.edu/~achernik,DJ-5kAcAAAAJ,0000-0000-0000-0000
Andrey Povyakalo,City University of London,https://www.city.ac.uk/people/academics/andrey-povyakalo,NOSCHOLARPAGE,0000-0000-0000-0000
Andrey R. Pimentel,UFPR,https://www.inf.ufpr.br/andrey,Gv8pCo0AAAAJ,0000-0000-0000-0000
Andrey Ricardo Pimentel,UFPR,https://www.inf.ufpr.br/andrey,Gv8pCo0AAAAJ,0000-0000-0000-0000
Andrey Ustyuzhanin,HSE University,https://www.hse.ru/staff/austyuzhanin,vfQf9SIAAAAJ,0000-0000-0000-0000
Andri Ioannou,Cyprus University of Technology,http://www.cut.ac.cy/faculties/aac/mga/staff/elected-staff/andri.i.ioannou,RT7cgC8AAAAJ,0000-0000-0000-0000
Andri Ioannou-Nicolaou,Cyprus University of Technology,http://www.cut.ac.cy/faculties/aac/mga/staff/elected-staff/andri.i.ioannou,RT7cgC8AAAAJ,0000-0000-0000-0000
Andrian Marcus,George Mason University,https://www.andrianmarcus.net,ZZiaPdYAAAAJ,0000-0001-5450-5598
Andriana Prentza,University of Piraeus,https://www.ds.unipi.gr/en/faculty/aprentza-en,NOSCHOLARPAGE,0000-0000-0000-0000
Andries van Dam,Brown University,http://cs.brown.edu/~avd,NOSCHOLARPAGE,0000-0000-0000-0000
Andris Ambainis,University of Latvia,http://home.lu.lv/~ambainis,Wy0bQrwAAAAJ,0000-0000-0000-0000
Andriy Panchenko 0001,Brandenburg Univ. of Technology,https://www.b-tu.de/en/it-security,NOSCHOLARPAGE,0000-0000-0000-0000
Andriy V. Miranskyy,Toronto Metropolitan University,https://www.scs.torontomu.ca/~avm,NOSCHOLARPAGE,0000-0000-0000-0000
Andruid Kerne,University of Illinois at Chicago,https://cs.uic.edu/profiles/kerne-andruid,TD6dCG0AAAAJ,0000-0000-0000-0000
Andrzej Filinski,University of Copenhagen,http://www.diku.dk/~andrzej,Yh6akOEAAAAJ,0000-0000-0000-0000
Andrzej Janusz,University of Warsaw,https://ml.linkedin.com/in/andrzej-janusz-bb693a33,QRGN2ywAAAAJ,0000-0002-9763-1399
Andrzej S. Murawski,University of Oxford,http://www.cs.ox.ac.uk/people/andrzej.murawski,HrYQlZwAAAAJ,0000-0002-4725-410X
Andrzej Szalas,University of Warsaw,https://www.researchgate.net/profile/Andrzej_Szalas/citations?sorting=citationCount&page=2,6nuzxuYAAAAJ,0000-0000-0000-0000
Andrzej Tarlecki,University of Warsaw,http://www.mimuw.edu.pl/~tarlecki,G3omKXoAAAAJ,0000-0002-7788-2991
Andrzej Wasowski,IT University of Copenhagen,http://www.itu.dk/people/wasowski,GgpJrwMAAAAJ,0000-0003-0532-2685
Andrzej Wichert,Universidade de Lisboa,http://web.tecnico.ulisboa.pt/~andreas.wichert,yHp58QgAAAAJ,0000-0000-0000-0000
András Faragó,University of Texas at Dallas,http://www.utdallas.edu/~farago,NOSCHOLARPAGE,0000-0000-0000-0000
André Bauer 0001,Illinois Institute of Technology,https://www.iit.edu/directory/people/andre-bauer,E8LJS8UAAAAJ,0000-0002-5582-8812
André Berthiaume,DePaul University,http://www.cdm.depaul.edu/about/Pages/People/facultyinfo.aspx?fid=138,NOSCHOLARPAGE,0000-0000-0000-0000
André Brinkmann,University of Mainz,https://research.zdv.uni-mainz.de/people/andre-brinkmann,mRHvUpYAAAAJ,0000-0003-3083-2775
André C. Drummond,Universidade de Brasília,http://cic.unb.br/~andred/Site/Research.html,Z8Ve4aIAAAAJ,0000-0000-0000-0000
André C. Hora,UFMG,https://dcc.ufmg.br/~andrehora,2fwfYtQAAAAJ,0000-0003-4900-1330
André C. P. L. F. de Carvalho,USP-ICMC,http://www.cemeai.icmc.usp.br/andre,B3L9jQMAAAAJ,0000-0002-4765-6459
André Calero Valdez,University of Lübeck,https://www.imis.uni-luebeck.de/de/institut/team/andre-calero-valdez,K6EVDoYAAAAJ,0000-0002-6214-1461
André Carlos Ponce de Leon Ferreira de Carvalho,USP-ICMC,http://www.cemeai.icmc.usp.br/andre,B3L9jQMAAAAJ,0000-0000-0000-0000
André Costa Drummond,Universidade de Brasília,http://cic.unb.br/~andred/Site/Research.html,Z8Ve4aIAAAAJ,0000-0000-0000-0000
André DeHon,University of Pennsylvania,https://www.seas.upenn.edu/~andre,nintPk8AAAAJ,0000-0001-9177-7699
André F. T. Martins,Universidade de Lisboa,https://andre-martins.github.io,mT7ppvwAAAAJ,0000-0001-8282-625X
André Filipe Torres Martins,Universidade de Lisboa,https://andre-martins.github.io,mT7ppvwAAAAJ,0000-0000-0000-0000
André Freitas,University of Manchester,http://andrefreitas.org,ExmHmMoAAAAJ,0000-0002-4430-4837
André Fujita,USP,http://www.ime.usp.br/~fujita,R2gGcVYAAAAJ,0000-0000-0000-0000
André G. Santos 0001,Universidade Federal de Viçosa,http://www2.dpi.ufv.br/?page_id=556,NOSCHOLARPAGE,0000-0000-0000-0000
André Grahl Pereira,UFRGS,http://www.inf.ufrgs.br/~agpereira,uVd5njYAAAAJ,0000-0002-2149-8157
André Grégio,UFPR,https://sites.google.com/view/andregregio,aUQ9ARUAAAAJ,0000-0000-0000-0000
André Gustavo dos Santos,Universidade Federal de Viçosa,http://www2.dpi.ufv.br/?page_id=556,NOSCHOLARPAGE,0000-0000-0000-0000
André Inácio Reis,UFRGS,http://www.inf.ufrgs.br/~andreis,Cajbmi8AAAAJ,0000-0000-0000-0000
André J. A. Unger,University of Waterloo,https://uwaterloo.ca/earth-environmental-sciences/people-profiles/andre-unger,D0ix3KsAAAAJ,0000-0000-0000-0000
André Klahold,University of Siegen,https://isg.beel.org/people/andre-klahold,u9-JvCAAAAAJ,0000-0000-0000-0000
André L. M. Santos,UFPE,https://www.cin.ufpe.br/~alms,paFR9XYAAAAJ,0000-0001-6661-5970
André Luiz Pires Guedes,UFPR,https://www.inf.ufpr.br/andre,PP_MaoQAAAAJ,0000-0000-0000-0000
André Luís Vignatti,UFPR,https://www.inf.ufpr.br/vignatti,NOSCHOLARPAGE,0000-0000-0000-0000
André Nies,University of Auckland,https://www.cs.auckland.ac.nz/~nies,NOSCHOLARPAGE,0000-0002-0666-5180
André Platzer,Karlsruhe Inst. of Technology,http://symbolaris.com,Y80iWtgAAAAJ,0000-0001-7238-5710
André R. Backes,UFU,http://www.facom.ufu.br/~backes,cLea7iUAAAAJ,0000-0000-0000-0000
André Ricardo Abed Grégio,UFPR,https://sites.google.com/view/andregregio,aUQ9ARUAAAAJ,0000-0000-0000-0000
André Ricardo Backes,UFU,http://www.facom.ufu.br/~backes,cLea7iUAAAAJ,0000-0000-0000-0000
André Rodrigues 0002,Universidade de Lisboa,https://ciencias.ulisboa.pt/en/perfil/afrodrigues,zZd_sZYAAAAJ,0000-0002-0810-4619
André Rossi,Université Paris Dauphine,https://www.lamsade.dauphine.fr/~arossi,GR53tXoAAAAJ,0000-0002-3689-7185
André Santanchè,UNICAMP,http://www.ic.unicamp.br/~santanch,lnv8uOEAAAAJ,0000-0000-0000-0000
André Souto,Universidade de Lisboa,https://ciencias.ulisboa.pt/en/perfil/ansouto,nB8pnN4AAAAJ,0000-0001-8792-959X
André Vasconcelos,Universidade de Lisboa,https://fenix.tecnico.ulisboa.pt/homepage/ist10876/doutoramentos,mSzH4DQAAAAJ,0000-0003-0038-7199
André van Renssen,University of Sydney,https://www.sydney.edu.au/engineering/about/our-people/academic-staff/andre-vanrenssen.html,FB-80soAAAAJ,0000-0000-0000-0000
André van der Hoek,Univ. of California - Irvine,http://www.ics.uci.edu/~andre,h3L7zkoAAAAJ,0000-0001-7917-932X
Andréa W. Richa,Arizona State University,http://www.public.asu.edu/~aricha,1LUuMc8AAAAJ,0000-0000-0000-0000
Andréa Werneck Richa,Arizona State University,http://www.public.asu.edu/~aricha,1LUuMc8AAAAJ,0000-0000-0000-0000
Andrés A. Lucero,Aalto University,http://funkydesignspaces.com,YdNEAwoAAAAJ,0000-0000-0000-0000
Andrés Abeliuk,Universidad de Chile,https://aabeliuk.github.io,qKqH1lcAAAAJ,0000-0002-8158-4647
Andrés Bruhn,University of Stuttgart,https://worldbeat.visus.uni-stuttgart.de/cvis/index.shtml,PtIe6OkAAAAJ,0000-0003-0423-7411
Andrés Faiña,IT University of Copenhagen,https://pure.itu.dk/portal/en/persons/andres-faina(7dd48cfe-3069-4563-bef4-ef661c18387a).html,KxfaneoAAAAJ,0000-0001-7288-6988
Andrés Goens,University of Amsterdam,https://www.uva.nl/en/profile/g/o/a.w.goens-jokisch/a.w.goens-jokisch.html,vjVhbJoAAAAJ,0000-0002-0409-1363
Andrés Lucero,Aalto University,http://funkydesignspaces.com,YdNEAwoAAAAJ,0000-0002-7176-2884
Andrés Martínez-Fernández,Universidad Rey Juan Carlos,http://www.tsc.urjc.es/profiles/andres_martinez.html,T8fmqcAAAAAJ,0000-0000-0000-0000
Andrés Monroy-Hernández,Princeton University,https://www.cs.princeton.edu/people/profile/andresmh,WDSU0ucAAAAJ,0000-0003-4889-9484
Andson M. Balieiro,UFPE,https://lattes.cnpq.br/9825617657358787,7wvUCvAAAAAJ,0000-0000-0000-0000
Andson Marreiros Balieiro,UFPE,https://lattes.cnpq.br/9825617657358787,7wvUCvAAAAAJ,0000-0000-0000-0000
Anduo Wang,Temple University,http://anduowang.github.io,G0TbvLAAAAAJ,0000-0002-1078-107X
Andy Bulpitt,University of Leeds,https://eps.leeds.ac.uk/computing/staff/115/dr-andy-bulpitt,9S9v3bcAAAAJ,0000-0000-0000-0000
Andy Carpenter,University of Manchester,http://www.cs.manchester.ac.uk/about-us/staff/profile/?ea=andy.carpenter,nLrJBLAAAAAJ,0000-0003-4316-2731
Andy Cobley,University of Dundee,https://www.computing.dundee.ac.uk/about/staff/1,NOSCHOLARPAGE,0000-0003-4244-2926
Andy Cockburn,University of Canterbury,http://www.cosc.canterbury.ac.nz/andrew.cockburn,HzupDnMAAAAJ,0000-0003-1074-4268
Andy Crabtree,University of Nottingham,https://www.nottingham.ac.uk/computerscience/people/andy.crabtree,LX_P5GYAAAAJ,0000-0001-5553-6767
Andy D. Perkins,Mississippi State University,http://web.cse.msstate.edu/%7Eperkins,NOSCHOLARPAGE,0000-0000-0000-0000
Andy D. Pimentel,University of Amsterdam,https://staff.fnwi.uva.nl/a.d.pimentel,jTkzUJQAAAAJ,0000-0002-2043-4469
Andy J. Wellings,University of York,https://www-users.cs.york.ac.uk/~andy,yPa4QrkAAAAJ,0000-0000-0000-0000
Andy King,University of Kent,https://www.cs.kent.ac.uk/people/staff/amk,LuzPQ1UAAAAJ,0000-0001-5806-4822
Andy Lomas,Goldsmiths University of London,https://www.gold.ac.uk/computing/people/lomas-andy,Oc6yWQ0AAAAJ,0000-0003-2177-3021
Andy M. Gravell,University of Southampton,https://www.ecs.soton.ac.uk/people/gravell#research,NOSCHOLARPAGE,0000-0000-0000-0000
Andy MacFarlane,City University of London,https://www.city.ac.uk/people/academics/andrew-macfarlane,73tN2vEAAAAJ,0000-0000-0000-0000
Andy Mirzaian,York University,http://www.eecs.yorku.ca/~andy,NOSCHOLARPAGE,0000-0000-0000-0000
Andy Nealen,University of Southern California,https://www.nealen.net,YjpanIYAAAAJ,0000-0000-0000-0000
Andy Pavlo,Carnegie Mellon University,http://www.cs.cmu.edu/~pavlo,u1UDm4wAAAAJ,0000-0001-6040-6991
Andy Podgurski,Case Western Reserve University,http://engineering.case.edu/profiles/hap,CnkkNpsAAAAJ,0000-0000-0000-0000
Andy Song,RMIT University,https://www.rmit.edu.au/contact/staff-contacts/academic-staff/s/song-dr-andy,sZ7dN0sAAAAJ,0000-0002-7579-7048
Andy Tanenbaum,VU Amsterdam,http://www.cs.vu.nl/~ast,TvjaNqkAAAAJ,0000-0000-0000-0000
Andy Zaidman,TU Delft,http://www.st.ewi.tudelft.nl/~zaidman,CDTfcG4AAAAJ,0000-0003-2413-3935
Andy van Dam,Brown University,http://cs.brown.edu/~avd,NOSCHOLARPAGE,0000-0000-0000-0000
Anette Frank,Heidelberg University,https://www.cl.uni-heidelberg.de/nlpgroup/person/frank,9FP2fokAAAAJ,0000-0000-0000-0000
Anfeng Liu,Central South University,https://faculty.csu.edu.cn/anfengliu/zh_CN/index.htm,9RDpn1gAAAAJ,0000-0001-5190-4761
Anfu Zhou,BUPT,https://scs.bupt.edu.cn/info/1100/2285.htm,NOSCHOLARPAGE,0000-0002-8785-3350
Ang Chen 0001,University of Michigan,https://web.eecs.umich.edu/~chenang,8Y4dDxkAAAAJ,0009-0003-8326-8124
Ang Li 0005,Univ. of Maryland - College Park,https://www.cs.umd.edu/people/angliece,JVKSaWIAAAAJ,0000-0002-1478-3072
Ang Li 0009,Florida State University,https://www.causalds.org,y91dwZwAAAAJ,0000-0000-0000-0000
Ang Li 0013,University of Michigan-Dearborn,https://angli19.github.io,6fm0u9cAAAAJ,0000-0000-0000-0000
Angel X. Chang,Simon Fraser University,http://www.sfu.ca/computing/people/faculty/angelchang11111111.html,8gfs8XIAAAAJ,0000-0000-0000-0000
Angel Xuan Chang,Simon Fraser University,http://www.sfu.ca/computing/people/faculty/angelchang11111111.html,8gfs8XIAAAAJ,0000-0000-0000-0000
Angela Arapoyanni,University of Athens,http://www.di.uoa.gr/eng/staff/1012,NOSCHOLARPAGE,0000-0000-0000-0000
Angela Dai,TU Munich,https://www.3dunderstanding.org,g-tGztMAAAAJ,0000-0002-6241-8782
Angela Demke Brown,University of Toronto,http://www.cs.toronto.edu/~demke,xicy8QcAAAAJ,0000-0002-3615-3442
Angela Finlayson,UNSW,https://www.engineering.unsw.edu.au/computer-science-engineering/staff/angela-finlayson,NOSCHOLARPAGE,0000-0000-0000-0000
Angela Guercio,Kent State University,https://www.kent.edu/cs/angela-guercio-0,NOSCHOLARPAGE,0000-0003-2971-9783
Angela J. Yu,TU Darmstadt,https://www.humanw.tu-darmstadt.de/kontakt_details_83584.de.jsp,Mp2BoDpD-2kC,0000-0000-0000-0000
Angela K. Demke,University of Toronto,http://www.cs.toronto.edu/~demke,xicy8QcAAAAJ,0000-0000-0000-0000
Angela P. Schoellig,TU Munich,https://www.ce.cit.tum.de/lsy/prof-angela-schoellig,QMfeRz0AAAAJ,0000-0003-4012-4668
Angela Schwering,University of Münster,https://www.uni-muenster.de/Geoinformatics/institute/staff/index.php/109/Angela_Schwering,NwGtPmsAAAAJ,0000-0002-4185-1464
Angela Yao,National University of Singapore,https://www.comp.nus.edu.sg/~ayao,-LJCZMMAAAAJ,0000-0001-7418-6141
Angela Zavaleta Bernuy,McMaster University,https://angelazb.github.io,Toos7YkAAAAJ,0000-0000-0000-0000
Angeles Saavedra,University of A Coruña,https://lbd.udc.es/ShowResearcherInformation.do?id=5,IYkBYzQAAAAJ,0000-0000-0000-0000
Angelica Lim,Simon Fraser University,https://www.sfu.ca/computing/people/faculty/angelicalim.html,1jQEmPUAAAAJ,0000-0001-9288-0380
Angelika Kimmig,Cardiff University,https://www.cardiff.ac.uk/people/view/634329-kimmig-angelika,_H5OzrgAAAAJ,0000-0000-0000-0000
Angelika Mader,University of Twente,https://research.utwente.nl/en/persons/98cf6340-99fe-4143-a5c1-a87031eb9a57,NOSCHOLARPAGE,0000-0002-7065-2640
Angelika Steger,ETH Zurich,http://www.as.inf.ethz.ch/people/prof,Kzeoyq8AAAAJ,0000-0000-0000-0000
Angeliki Alexiou,University of Piraeus,https://www.ds.unipi.gr/en/faculty/alexiou-en,LhIfQYwAAAAJ,0000-0000-0000-0000
Angeliki Katsenou,University of Bristol,https://angkats.github.io,ZfXEr7sAAAAJ,0000-0000-0000-0000
Angeliki Koutsoukou-Argyraki,Royal Holloway Univ. of London,https://pure.royalholloway.ac.uk/en/persons/angeliki-koutsoukou-argyraki,NOSCHOLARPAGE,0000-0002-8886-5281
Angelique Taylor [Tech],Cornell University,https://www.angeliquemtaylor.com,iiG9_YQAAAAJ,0000-0000-0000-0000
Angelo Cangelosi,University of Manchester,https://www.research.manchester.ac.uk/portal/angelo.cangelosi.html,NyoHewcAAAAJ,0000-0002-4709-2243
Angelo Kyrilov,Univ. of California - Merced,https://www.ucmerced.edu/content/angelo-kyrilov,NOSCHOLARPAGE,0000-0000-0000-0000
Angelo Marcelli,University of Salerno,http://docenti.unisa.it/003780/home,NOSCHOLARPAGE,0000-0000-0000-0000
Angelo Monti,Sapienza University of Rome,https://www.di.uniroma1.it/it/docenti/monti,p45s8L0AAAAJ,0000-0002-3309-8249
Angelo Morzenti,Politecnico di Milano,http://home.deib.polimi.it/morzenti,NOSCHOLARPAGE,0000-0002-6469-2929
Angelo Spognardi,Sapienza University of Rome,https://angelospognardi.site.uniroma1.it,ULcRFLoAAAAJ,0000-0001-6935-0701
Angelos Bilas,University of Crete,http://users.ics.forth.gr/~bilas/home/Angelos_Bilas.html,JZDNQaMAAAAJ,0000-0003-2975-4124
Angelos D. Keromytis,Georgia Institute of Technology,https://angelosk.github.io,mncyWbcAAAAJ,0000-0003-3815-5932
Angelos Dennis Keromytis,Georgia Institute of Technology,https://angelosk.github.io,mncyWbcAAAAJ,0000-0000-0000-0000
Angelos K. Marnerides,Lancaster University,https://www.lancaster.ac.uk/scc/about-us/people/angelos-marnerides,y-lCslsAAAAJ,0000-0000-0000-0000
Angelos N. Rouskas,University of Piraeus,https://www.ds.unipi.gr/en/faculty/arouskas-en,nmpzcwUAAAAJ,0000-0000-0000-0000
Angjoo Kanazawa,Univ. of California - Berkeley,http://people.eecs.berkeley.edu/~kanazawa,Ci-_QYIAAAAJ,0000-0003-2592-8430
Angrosh Mandya,University of Liverpool,https://www.liverpool.ac.uk/computer-science/staff/angrosh-mandya/publications,V2IwYWQAAAAJ,0000-0000-0000-0000
Angshuman Karmakar,IIT Kanpur,https://www.cse.iitk.ac.in/users/angshuman,Ddlv5TwAAAAJ,0000-0003-2594-588X
Angshuman Paul,IIT Jodhpur,https://sites.google.com/view/angshumanpaul/home,uPdXm3gAAAAJ,0000-0000-0000-0000
Angus Chadwick,University of Edinburgh,http://www.inf.ed.ac.uk/people/staff/Angus_Chadwick.html,P5hPjOEAAAAJ,0000-0000-0000-0000
Angus G. Forbes,Univ. of California - Santa Cruz,http://angusforbes.com,_h642WsAAAAJ,0000-0002-8700-7795
Angus Graeme Forbes,Univ. of California - Santa Cruz,http://angusforbes.com,_h642WsAAAAJ,0000-0002-8700-7795
Angus M. Marshall,University of York,https://www-users.york.ac.uk/~amm616,RV4F9n8AAAAJ,0000-0000-0000-0000
Anh Nguyen 0002,Auburn University,https://anhnguyen.me,EQw8d9AAAAAJ,0000-0000-0000-0000
Anh Tong,Korea University,https://sdml-ku.github.io/members/anh-tong.html,amN_LloAAAAJ,0009-0008-2494-0044
Anh Tuan Luu,Nanyang Technological University,https://tuanluu.github.io,d6ixOGYAAAAJ,0000-0001-6062-207X
Anh-Tuan Hoang,Queen's University Belfast,https://pure.qub.ac.uk/en/persons/anh-tuan-hoang,NOSCHOLARPAGE,0000-0000-0000-0000
Anhong Guo,University of Michigan,https://guoanhong.com,xSZXqZQAAAAJ,0000-0002-4447-7818
Ani Calinescu,University of Oxford,http://www.cs.ox.ac.uk/people/ani.calinescu,aCljaCYAAAAJ,0000-0000-0000-0000
Aniello Cimitile,University of Sannio,https://www.ding.unisannio.it/persone/docenti/cimitile,NOSCHOLARPAGE,0000-0000-0000-0000
Aniket Basu Roy,BITS Pilani-Goa,https://aniket-basu-roy.github.io,cryX_isAAAAJ,0000-0000-0000-0000
Aniket Bera,Purdue University,https://www.cs.purdue.edu/~ab,q3UdHk4AAAAJ,0000-0002-0182-6985
Aniket Kate,Purdue University,https://www.cs.purdue.edu/homes/akate,dmhWxJgAAAAJ,0000-0003-2246-8416
Aniket Kittur,Carnegie Mellon University,https://www.hcii.cmu.edu/people/aniket-kittur,2vZ5zRQAAAAJ,0000-0003-4192-9302
Aniket Mahanti,University of Auckland,https://www.cs.auckland.ac.nz/~amahanti,n-Ch9JQAAAAJ,0000-0000-0000-0000
Anil Damle,Cornell University,https://www.cs.cornell.edu/~damle,VqOc5C8AAAAJ,0000-0002-1711-128X
Anil Fernando,University of Strathclyde,https://pureportal.strath.ac.uk/en/persons/anil-fernando/publications,VUK1OO0AAAAJ,0000-0002-2158-2367
Anil K. Jain 0001,Michigan State University,https://www.cse.msu.edu/~jain,g-_ZXGsAAAAJ,0000-0002-6369-6995
Anil K. Seth,University of Sussex,http://www.sussex.ac.uk/informatics/people/peoplelists/person/22981,3eJCZCkAAAAJ,0000-0000-0000-0000
Anil Koyuncu,Bilkent University,http://www.cs.bilkent.edu.tr/~anil.koyuncu,6DMJ2dQAAAAJ,0000-0001-6975-6752
Anil Kumar Jain,Michigan State University,https://www.cse.msu.edu/~jain,g-_ZXGsAAAAJ,0000-0000-0000-0000
Anil Kumar S. Vullikanti,University of Virginia,https://engineering.virginia.edu/faculty/anil-vullikanti,MNJ-E9UAAAAJ,0000-0002-8597-6197
Anil Kumar Sao,IIT Mandi,http://faculty.iitmandi.ac.in/~anil,4ya5wyQAAAAJ,0000-0000-0000-0000
Anil Kumar Singh,IIT (BHU) Varanasi,http://www.iitbhu.ac.in/cse/index.php/people/faculty/37.html,2IaFZuMAAAAJ,0000-0000-0000-0000
Anil Kumar Tripathi,IIT (BHU) Varanasi,http://www.iitbhu.ac.in/cse/index.php/people/faculty/34.html,MeBbV48AAAAJ,0000-0000-0000-0000
Anil Kumar Vuppala,IIIT Hyderabad,https://www.iiit.ac.in/people/faculty/anilvuppala,VEx1PN4AAAAJ,0000-0000-0000-0000
Anil Madhavapeddy,University of Cambridge,https://anil.recoil.org,u2nZ7F8AAAAJ,0000-0001-8954-2428
Anil Maheshwari,Carleton University,http://www.scs.carleton.ca/~maheshwa,-6ZbKwoAAAAJ,0000-0002-1274-4598
Anil N. Hirani,Univ. of Illinois at Urbana-Champaign,http://www.math.uiuc.edu/~hirani,2FlUClkAAAAJ,0000-0000-0000-0000
Anil Seth,IIT Kanpur,https://www.cse.iitk.ac.in/users/seth,NOSCHOLARPAGE,0000-0000-0000-0000
Anil Shukla,IIT Jodhpur,https://en-gb.facebook.com/anil.shukla.589583,Y8SLE9sAAAAJ,0000-0000-0000-0000
Anil Somayaji,Carleton University,http://www.scs.carleton.ca/~soma,cQUT9bAAAAAJ,0000-0003-4761-9743
Anil Vullikanti,University of Virginia,https://engineering.virginia.edu/faculty/anil-vullikanti,MNJ-E9UAAAAJ,0000-0002-8597-6197
Anima Anandkumar,California Inst. of Technology,http://tensorlab.cms.caltech.edu/users/anima,bEcLezcAAAAJ,0000-0002-6974-6797
Animesh Garg,Georgia Institute of Technology,http://animesh.garg.tech,zp8V7ZMAAAAJ,0000-0003-0482-4296
Animesh Mukherjee 0001,IIT Kharagpur,https://cse.iitkgp.ac.in/~animeshm,lf7-deEAAAAJ,0000-0003-4534-0044
Animesh Trivedi,VU Amsterdam,https://animeshtrivedi.github.io,NOSCHOLARPAGE,0000-0003-3586-7168
Anind K. Dey,University of Washington,https://ischool.uw.edu/people/faculty/profile/anind,ydA8Q5AAAAAJ,0000-0002-3004-0770
Anindya De,University of Pennsylvania,https://www.seas.upenn.edu/directory/profile.php?ID=273,lPM8k54AAAAJ,0000-0001-6795-8211
Anindya Iqbal,BUET,https://cse.buet.ac.bd/faculty_list/detail/anindyaiqbal,jAuiNFgAAAAJ,0000-0000-0000-0000
Anindya Maiti,University of Oklahoma,https://maiti.info/anindya,V7IvQGQAAAAJ,0000-0001-6461-2805
Anirban Chakraborty 0001,IISc Bangalore,https://anirbanchakraborty.github.io,NOSCHOLARPAGE,0000-0000-0000-0000
Anirban Chowdhury,University of Essex,https://www.essex.ac.uk/people/chowd32703/anirban-chowdhury,J8-jIGgAAAAJ,0000-0000-0000-0000
Anirban Dasgupta 0001,IIT Gandhinagar,http://www.iitgn.ac.in/faculty/comp/anirban.htm,plJC8R0AAAAJ,0000-0002-8494-3692
Anirban Sengupta,IIT Indore,http://www.iiti.ac.in/~asengupt,4aHf5O8AAAAJ,0000-0000-0000-0000
Anirbit Mukherjee,University of Manchester,https://www.research.manchester.ac.uk/portal/anirbit.mukherjee.html,V32KjH0AAAAJ,0000-0001-5189-8939
Aniruddha Gokhale,Vanderbilt University,http://www.dre.vanderbilt.edu/~gokhale,yvvjnhIAAAAJ,0000-0002-7706-7102
Aniruddha S. Gokhale,Vanderbilt University,http://www.dre.vanderbilt.edu/~gokhale,yvvjnhIAAAAJ,0000-0002-7706-7102
Anirudh Sivaraman,New York University,https://cs.nyu.edu/~anirudh,z9em5msAAAAJ,0000-0001-5025-4234
Anirudh Sivaraman Kaushalram,New York University,https://cs.nyu.edu/~anirudh,z9em5msAAAAJ,0000-0000-0000-0000
Anirudha Majumdar,Princeton University,https://irom-lab.princeton.edu/majumdar,ibu3FwsAAAAJ,0009-0002-2296-7485
Anish Arora,Ohio State University,http://web.cse.ohio-state.edu/~anish,Bn0zSwQAAAAJ,0000-0003-2152-0462
Anish Hirwe,IIT Palakkad,https://iitpkd.ac.in/people/anish,iXw0xpoAAAAJ,0000-0000-0000-0000
Anish Jindal,University of Essex,https://www.essex.ac.uk/people/jinda12007/anish-jindal,jzCj6fcAAAAJ,0000-0002-3052-2892
Anish Kumar Saha,National Inst. of Tech. Silchar,http://cs.nits.ac.in/anish,kEqWx-kAAAAJ,0000-0002-3736-9632
Anish Man Singh Shrestha,De La Salle University,http://www.a-transposable-element.com,v0omOL4AAAAJ,0000-0002-9192-9709
Anish Mathuria,DAIICT,http://intranet.daiict.ac.in/~anish_mathuria,l3CE25YAAAAJ,0000-0000-0000-0000
Anisoara Calinescu,University of Oxford,http://www.cs.ox.ac.uk/people/ani.calinescu,aCljaCYAAAAJ,0000-0000-0000-0000
Anisur Rahaman Molla,ISI Kolkata,https://sites.google.com/site/mollaanisurrahaman,JSIMGn0AAAAJ,0000-0002-1537-3462
Anita Raja,CUNY,https://anraja.commons.gc.cuny.edu,rDo_DcgAAAAJ,0000-0000-0000-0000
Anita Sarma,Oregon State University,http://eecs.oregonstate.edu/people/sarma-anita,O4TGxGMAAAAJ,0000-0002-1859-1692
Anita Wasilewska,Stony Brook University,http://www3.cs.stonybrook.edu/~anita,NOSCHOLARPAGE,0000-0000-0000-0000
Anitha Gollamudi,University of Massachusetts Lowell,https://scholar.harvard.edu/anithag,6cLC6vYAAAAJ,0000-0002-0861-1418
Anja Feldmann [INF],Max Planck Society,https://www.mpi-inf.mpg.de/inet/people/anja-feldmann,mSK3340AAAAJ,0000-0000-0000-0000
Anja Lehmann,Hasso Plattner Institute,https://hpi.de/das-hpi/personen/professoren/prof-dr-anja-lehmann.html,zH3fwYoAAAAJ,0000-0002-2872-7899
Anjali Lathwal,IGDTUW,https://www.igdtuw.ac.in/computerScience.php?name=Anjali_lathwal,nAnu7U8AAAAJ,0000-0000-0000-0000
Anjalie Field,Johns Hopkins University,https://anjalief.github.io,WQO8DHQAAAAJ,0000-0002-6955-746X
Anjan Bose,Washington State University,https://vcea.wsu.edu/anjan-bose,jNK8oJoAAAAJ,0000-0000-0000-0000
Anjan Dutta 0001,University of Exeter,http://emps.exeter.ac.uk/computer-science/staff/ad735,1aKTzmIAAAAJ,0000-0002-1667-2245
Anji Liu,National University of Singapore,https://www.comp.nus.edu.sg/cs/people/liuaj,k_4zYecAAAAJ,0000-0000-0000-0000
Anjolina Grisi de Oliveira,UFPE,https://lattes.cnpq.br/9932708325371272,NOSCHOLARPAGE,0000-0000-0000-0000
Ankit Agrawal 0002,Saint Louis University,https://www.slu.edu/science-and-engineering/academics/computer-science/faculty-and-staff/ankit-agrawal.php/index.php,grOcC68AAAAJ,0000-0003-1467-1596
Ankit Kariryaa,University of Copenhagen,https://di.ku.dk/english/staff/vip/researchers_ml/?pure=en/persons/636966,lwSTZGgAAAAJ,0000-0001-9284-7847
Ankit Rajpal,University of Delhi,http://people.du.ac.in/~arajpal,KUh24kwAAAAJ,0000-0002-0033-4380
Ankita Shukla,University of Nevada,https://ankita-shukla.github.io,c-S0ouYAAAAJ,0000-0002-1878-2667
Ankur Agarwal,Florida Atlantic University,http://www.eng.fau.edu/directory/faculty/agarwal,lHvOG4EAAAAJ,0000-0000-0000-0000
Ankur Arjun Mali,University of South Florida,https://ankurmali.github.io,ogxlzgcAAAAJ,0000-0000-0000-0000
Ankur Moitra,Massachusetts Inst. of Technology,http://people.csail.mit.edu/moitra,umFQktIAAAAJ,0000-0001-7047-0495
Ankur Srivastava,Univ. of Maryland - College Park,https://ece.umd.edu/clark/faculty/484/Ankur-Srivastava,rx92O6IAAAAJ,0000-0000-0000-0000
Ankush Das,Boston University,https://ankushdas.github.io,yd-uFwMAAAAJ,0000-0003-2459-1258
Anlong Ming,BUPT,http://www.vrobotit.cn/~mal,NOSCHOLARPAGE,0000-0000-0000-0000
Ann A. Copestake,University of Cambridge,https://www.cl.cam.ac.uk/~aac10,wqzh1HwAAAAJ,0000-0000-0000-0000
Ann Barcomb,University of Calgary,https://profiles.ucalgary.ca/ann-barcomb,1hMBs-8AAAAJ,0000-0003-2126-9511
Ann Blandford,University College London,https://uclic.ucl.ac.uk/people/ann-blandford,NOSCHOLARPAGE,0000-0002-3198-7122
Ann E. Blandford,University College London,https://uclic.ucl.ac.uk/people/ann-blandford,NOSCHOLARPAGE,0000-0002-3198-7122
Ann E. Nicholson,Monash University,https://research.monash.edu/en/persons/ann-nicholson.html,XJIrXOoAAAAJ,0000-0000-0000-0000
Ann Franchesca B. Laguna,De La Salle University,https://www.dlsu.edu.ph/colleges/ccs/faculty-profile/single/?id=32665780648&command=GETPROFILE,LIFrnCUAAAAJ,0000-0000-0000-0000
Ann Franchesca Laguna,De La Salle University,https://www.dlsu.edu.ph/colleges/ccs/faculty-profile/single/?id=32665780648&command=GETPROFILE,LIFrnCUAAAAJ,0000-0001-8267-1040
Ann Marie Reinhold,Montana State University,http://www.cs.montana.edu/directory/1722078/annmarie-reinhold,J5RZ6iUAAAAJ,0000-0003-0411-3486
Ann Nicholson,Monash University,https://research.monash.edu/en/persons/ann-nicholson,XJIrXOoAAAAJ,0000-0002-2269-9823
Ann Q. Gates,University of Texas - El Paso,http://faculty.utep.edu/Default.aspx?alias=faculty.utep.edu/agates,NOSCHOLARPAGE,0000-0000-0000-0000
Ann Quiroz Gates,University of Texas - El Paso,http://faculty.utep.edu/Default.aspx?alias=faculty.utep.edu/agates,NOSCHOLARPAGE,0000-0000-0000-0000
Anna Aljanaki,University of Tartu,https://www.etis.ee/CV/Anna_Aljanaki/eng,EAqMLloAAAAJ,0000-0000-0000-0000
Anna Antola,Politecnico di Milano,http://home.deib.polimi.it/antola,NOSCHOLARPAGE,0000-0000-0000-0000
Anna Bernasconi 0001,University of Pisa,http://www.di.unipi.it/~annab,rCnl9L4AAAAJ,0000-0003-0263-5221
Anna Bou Ezzeddine,Kempelen Institute - KInIT,https://kinit.sk/member/anna-bou-ezzeddine,aR9uQyUAAAAJ,0000-0000-0000-0000
Anna Eckerdal,Uppsala University,http://www.it.uu.se/katalog/annae,UcjkSysAAAAJ,0000-0000-0000-0000
Anna Fariha,University of Utah,https://afariha.github.io,jwHxokAAAAAJ,0000-0002-5275-7844
Anna Fensel,University of Innsbruck,http://anna.fensel.com,R73gJDcAAAAJ,0000-0002-1391-7104
Anna G. Green,Univ. of Massachusetts Amherst,https://sites.google.com/view/anna-g-green,o9rcausAAAAJ,0000-0001-7548-3682
Anna Gambin,University of Warsaw,https://www.mimuw.edu.pl/~aniag,ZlE1X8IAAAAJ,0000-0003-3476-3017
Anna Goldenberg,University of Toronto,http://goldenberglab.ca,cEepZOEAAAAJ,0000-0002-2416-833X
Anna Gál,University of Texas at Austin,https://www.cs.utexas.edu/~panni,7079Jy8AAAAJ,0000-0000-0000-0000
Anna Jordanous,University of Kent,https://www.cs.kent.ac.uk/people/staff/akj22,0OnhovsAAAAJ,0000-0003-2076-8642
Anna Jurek,Queen's University Belfast,https://www.qub.ac.uk/schools/eeecs/Connect/Staff/BusinessCard/?name=a.jurek,bfrMR0EAAAAJ,0000-0003-1002-5079
Anna Jurek-Loughrey,Queen's University Belfast,https://www.qub.ac.uk/schools/eeecs/Connect/Staff/BusinessCard/?name=a.jurek,bfrMR0EAAAAJ,0000-0003-1002-5079
Anna K. Jordanous,University of Kent,https://www.cs.kent.ac.uk/people/staff/akj22,0OnhovsAAAAJ,0000-0000-0000-0000
Anna Kicheva,IST Austria,https://ist.ac.at/research/research-groups/kicheva-group,zBpAlHkAAAAJ,0000-0000-0000-0000
Anna Korhonen,University of Cambridge,https://www.cl.cam.ac.uk/~alk23,SCoVoOYAAAAJ,0000-0002-3692-3144
Anna L. Cox,University College London,https://uclic.ucl.ac.uk/people/anna-cox,NOSCHOLARPAGE,0000-0003-2231-2964
Anna Levina,University of Tübingen,http://anna.hronopik.de,KJSnbQoAAAAJ,0000-0000-0000-0000
Anna Levina (Martius),University of Tübingen,http://anna.hronopik.de,KJSnbQoAAAAJ,0000-0000-0000-0000
Anna Lisa Ferrara,University of Molise,http://docenti.unimol.it/index.php?u=a.ferrara8,t_YswdMAAAAJ,0000-0000-0000-0000
Anna Louise Cox,University College London,https://uclic.ucl.ac.uk/people/anna-cox,NOSCHOLARPAGE,0000-0003-2231-2964
Anna Lukina,TU Delft,https://annalukina.com,ztyK2toAAAAJ,0000-0001-9525-0333
Anna Lysyanskaya,Brown University,https://cs.brown.edu/people/anna,woqUivYAAAAJ,0000-0002-3567-3550
Anna Maria Feit,Saarland University,http://annafeit.de,4ZajJ0QAAAAJ,0000-0003-4168-6099
Anna Monreale,University of Pisa,http://kdd.isti.cnr.it/homes/monreale,bA-rXeUAAAAJ,0000-0001-8541-0284
Anna R. Karlin,University of Washington,http://www.cs.washington.edu/people/faculty/karlin,9ZGqm5QAAAAJ,0009-0001-9091-2702
Anna Rogers,IT University of Copenhagen,https://pure.itu.dk/en/persons/anna-rogers,5oCYOE0AAAAJ,0000-0002-4845-4023
Anna Rohrbach,TU Darmstadt,https://anna-rohrbach.net,GHpxNQIAAAAJ,0000-0003-1161-6006
Anna Rumshisky,University of Massachusetts Lowell,http://www.cs.uml.edu/~arum,_Q1uzVYAAAAJ,0009-0008-5090-3765
Anna Sperotto,University of Twente,https://research.utwente.nl/en/persons/464a92b6-7bf2-4173-871a-ae39cb4f7b7f,U93AoI4AAAAJ,0000-0002-9481-5846
Anna V. Kononova,Leiden University,https://www.universiteitleiden.nl/en/staffmembers/anna-kononova/publications#tab-3,yu9kaQkAAAAJ,0000-0000-0000-0000
Anna V. Zhdanova,University of Innsbruck,http://anna.fensel.com,R73gJDcAAAAJ,0000-0000-0000-0000
Anna Vallgårda,IT University of Copenhagen,https://pure.itu.dk/portal/en/persons/anna-vallgaarda(2fa5dc89-7d78-45d0-96c7-e8f39b78dd3e).html,sRVXyvkAAAAJ,0000-0001-9898-8106
Anna Vilanova,TU Delft,https://graphics.tudelft.nl/anna-vilanova,P83cpEEAAAAJ,0000-0002-1034-737X
Anna Vilanova Bartrolí,TU Delft,https://graphics.tudelft.nl/anna-vilanova,P83cpEEAAAAJ,0000-0000-0000-0000
Anna Zych,University of Warsaw,http://informatorects.uw.edu.pl/en/courses/view?prz_kod=1000-712ASD,NOSCHOLARPAGE,0000-0002-5361-8969
Anna Zych-Pawlewicz,University of Warsaw,http://informatorects.uw.edu.pl/en/courses/view?prz_kod=1000-712ASD,NOSCHOLARPAGE,0000-0002-5361-8969
Anna-Lena Lamprecht,Utrecht University,https://www.uu.nl/staff/allamprecht,d-GAM1oAAAAJ,0000-0003-1953-5606
Annabelle McIver,Macquarie University,https://researchers.mq.edu.au/en/persons/annabelle-mciver,9fvUO9QAAAAJ,0000-0002-2405-9838
Annalisa De Bonis,University of Salerno,http://www.di.unisa.it/professori/debonis,XpwdqF8AAAAJ,0000-0000-0000-0000
Annalisa Massini,Sapienza University of Rome,https://twiki.di.uniroma1.it/twiki/view/Users/AnnalisaMassini,u2H7ZqsAAAAJ,0000-0001-8343-8929
Annalu Waller,University of Dundee,https://www.computing.dundee.ac.uk/about/staff/27,x_YEVQoAAAAJ,0000-0002-3009-8040
Annamaria Mesaros,Tampere University,https://researchportal.tuni.fi/en/persons/annamaria-mesaros,tOvdEZIAAAAJ,0000-0002-6640-9752
Anne Benoit,Ecole Normale Superieure de Lyon,http://graal.ens-lyon.fr/~abenoit/anne.benoit,GKgs3tgAAAAJ,0000-0003-2910-3540
Anne Bouillard,Ecole Normale Superieure,http://www.di.ens.fr/~bouillar,NOSCHOLARPAGE,0000-0000-0000-0000
Anne Brüggemann-Klein,TU Munich,http://www.professoren.tum.de/en/brueggemann-klein-anne,NOSCHOLARPAGE,0000-0000-0000-0000
Anne C. Elster,NTNU,https://www.ntnu.edu/employees/elster,aI3XW-QAAAAJ,0000-0002-7087-6193
Anne Condon,University of British Columbia,http://www.cs.ubc.ca/~condon,SO_j4zwAAAAJ,0000-0000-0000-0000
Anne Driemel,University of Bonn,http://tcs.cs.uni-bonn.de/doku.php?id=staff:annedriemel,JhIotuYAAAAJ,0000-0002-1943-2589
Anne E. Haxthausen,DTU,https://www.compute.dtu.dk/english,NOSCHOLARPAGE,0000-0000-0000-0000
Anne Elisabeth Haxthausen,DTU,https://www.compute.dtu.dk/english,NOSCHOLARPAGE,0000-0000-0000-0000
Anne Etien,CRIStAL,http://cristal.univ-lille.fr/~etien,KsqwRvwAAAAJ,0000-0003-3034-873X
Anne H. H. Ngu,Texas State University,http://www.cs.txstate.edu/~hn12,cJtgkAUAAAAJ,0000-0000-0000-0000
Anne Hee Hiong Ngu,Texas State University,http://www.cs.txstate.edu/~hn12,cJtgkAUAAAAJ,0000-0002-5877-0230
Anne Hess,THWS,https://fiw.thws.de/fakultaet/personen/dozentinnen-und-dozenten/person/prof-dr-ing-anne-hess,drcU5B4AAAAJ,0000-0000-0000-0000
Anne Håkansson,UiT The Arctic Univ. of Norway,https://en.uit.no/ansatte/person?p_document_id=584195,3doMrrkAAAAJ,0000-0000-0000-0000
Anne Koziolek,Karlsruhe Inst. of Technology,http://are.ipd.kit.edu/people/anne_koziolek,ndibIWYAAAAJ,0000-0002-1593-3394
Anne Lauscher,University of Hamburg,https://anne-lauscher.de,IbJS3UEAAAAJ,0000-0001-8590-9827
Anne Marie Piper,Univ. of California - Irvine,https://www.ics.uci.edu/~ampiper,5cS1i-UAAAAJ,0000-0003-3085-3277
Anne Martens,Karlsruhe Inst. of Technology,http://are.ipd.kit.edu/people/anne_koziolek,ndibIWYAAAAJ,0000-0000-0000-0000
Anne R. Haake,Rochester Inst. of Technology,https://www.rit.edu/gccis/anne-haake,d0JcWVIAAAAJ,0000-0000-0000-0000
Anne Remke,University of Münster,https://www.uni-muenster.de/Informatik.AGRemke/personen/prof.dr.anneremke/index.html,cLr3y94AAAAJ,0000-0000-0000-0000
Anne Rogers,University of Chicago,https://www.cs.uchicago.edu/directory/anne-rogers,bvwR0G8AAAAJ,0000-0000-0000-0000
Anne Roudaut,University of Bristol,https://anneroudaut.fr,0gXUbkcAAAAJ,0000-0003-3082-4564
Anne S. Hsu,Queen Mary University of London,http://www.eecs.qmul.ac.uk/~ahsu,2dCb2U0AAAAJ,0000-0000-0000-0000
Anne Villems,University of Tartu,http://www.ut.ee/en/anne-villems,E3la6C8AAAAJ,0000-0000-0000-0000
Anne-Christin Hauschild,University of Göttingen,https://achauschild.com,Khifj_MAAAAJ,0000-0002-7499-4373
Anne-Claire Legrand,Université Jean Monnet,http://univ-st-etienne.academia.edu/AnneclaireLegrand,NOSCHOLARPAGE,0000-0000-0000-0000
Anne-Cécile Caron,CRIStAL,http://cristal.univ-lille.fr/~caronc,NOSCHOLARPAGE,0000-0000-0000-0000
Anne-Kathrin Schmuck [SWS],Max Planck Society,https://www.mpi-sws.org/~akschmuck,DkYYtGIAAAAJ,0000-0000-0000-0000
Anne-Marie Kermarrec,EPFL,https://people.epfl.ch/anne-marie.kermarrec,aIAy-qcAAAAJ,0000-0001-8187-724X
Anneliese Amschler Andrews,University of Denver,http://www.cs.du.edu/~andrews,NOSCHOLARPAGE,0000-0000-0000-0000
Anneliese Andrews,University of Denver,http://www.cs.du.edu/~andrews,NOSCHOLARPAGE,0000-0000-0000-0000
Anneliese von Mayrhauser,University of Denver,http://www.cs.du.edu/~andrews,NOSCHOLARPAGE,0000-0000-0000-0000
Annette Bieniusa,TU Kaiserslautern,https://softech.informatik.uni-kl.de/team/annettebieniusa,ncuwZ2cAAAAJ,0000-0002-1654-6118
Annette M. Payne,Brunel University London,https://www.brunel.ac.uk/people/annette-payne,bLTTMDgAAAAJ,0000-0000-0000-0000
Annette Middelkoop-Bieniusa,TU Kaiserslautern,https://softech.informatik.uni-kl.de/team/annettebieniusa,ncuwZ2cAAAAJ,0000-0000-0000-0000
Annette R. von Jouanne,Oregon State University,http://eecs.oregonstate.edu/people/von-jouanne-annette,NOSCHOLARPAGE,0000-0000-0000-0000
Annette ten Teije,VU Amsterdam,http://www.few.vu.nl/~annette,2fDYEcgAAAAJ,0000-0002-9771-8822
Anni Li,UNC - Charlotte,https://ece.charlotte.edu/directory/dr-anni-li-phd,H8o3cX8AAAAJ,0000-0000-0000-0000
Annibale Panichella,TU Delft,https://apanichella.github.io,xPQ72u4AAAAJ,0000-0002-7395-3588
Annie I. Antón,Georgia Institute of Technology,http://www.cc.gatech.edu/people/annie-anton,IQosWycAAAAJ,0000-0000-0000-0000
Annie Liang,Northwestern University,https://www.anniehliang.com,gquS0PUAAAAJ,0000-0003-1249-5760
Annie S. Wu,University of Central Florida,http://www.cs.ucf.edu/~aswu,Gona8sYAAAAJ,0000-0000-0000-0000
Annika Hinze,University of Waikato,http://www.cms.waikato.ac.nz/people/hinze,01QXWU8AAAAJ,0000-0002-7383-1134
Annika Marie Hinze,University of Waikato,http://www.cms.waikato.ac.nz/people/hinze,01QXWU8AAAAJ,0000-0000-0000-0000
Anoop M. Namboodiri,IIIT Hyderabad,http://iiit.ac.in/~anoop,mpI3sbYAAAAJ,0000-0000-0000-0000
Anoop Sarkar,Simon Fraser University,http://www.cs.sfu.ca/~anoop,KhJJchQAAAAJ,0000-0000-0000-0000
Anowarul Kabir,University of South Florida,https://www.usf.edu/ai-cybersecurity-computing/people/faculty/anowarul_kabir.aspx,6vjzN7EAAAAJ,0000-0001-8060-2084
Anpei Chen,Westlake University,https://apchenstu.github.io,fuR1FBwAAAAJ,0000-0003-2150-2176
Anqi Liu,Johns Hopkins University,https://anqiliu-ai.github.io,Q8yp6zQAAAAJ,0000-0002-0468-5698
Anqi Wu,Georgia Institute of Technology,https://sites.google.com/site/anqiwuresearch,ptGYJiEAAAAJ,0000-0000-0000-0000
Anrin Chakraborti,University of Illinois at Chicago,https://anrin.xyz,BUgPu4sAAAAJ,0009-0006-2095-6992
Anru R. Zhang,Duke University,https://anruzhang.github.io,H-PvgRsAAAAJ,0000-0000-0000-0000
Anru Zhang,Duke University,https://anruzhang.github.io,H-PvgRsAAAAJ,0000-0000-0000-0000
Anselm Blumer,Tufts University,http://www.cs.tufts.edu/~ablumer,4esyQS4AAAAJ,0009-0000-2802-3333
Anselmo Antunes Montenegro,UFF,http://www2.ic.uff.br/~anselmo,Q_FnDrcAAAAJ,0000-0000-0000-0000
Ansgar Fehnker,Macquarie University,https://researchers.mq.edu.au/en/persons/ansgar-fehnker,dV2G4woAAAAJ,0000-0002-5326-3432
Anshul Ajay Agarwal,VNIT Nagpur,https://vnit.ac.in/engineering/cse/dr-anshul-agarwal,IsncZAoAAAAJ,0000-0000-0000-0000
Anshul Gandhi,Stony Brook University,http://www3.cs.stonybrook.edu/~anshul,XNSodwIAAAAJ,0000-0002-2351-6523
Anshul Kumar,IIT Delhi,http://www.cse.iitd.ernet.in/~anshul,NOSCHOLARPAGE,0000-0000-0000-0000
Anshul Kundaje,Stanford University,https://med.stanford.edu/profiles/anshul-kundaje,T2vp1pgAAAAJ,0000-0003-3084-2287
Anshumali Shrivastava,Rice University,https://www.cs.rice.edu/~as143,SGT23RAAAAAJ,0000-0002-5042-2856
Anshuman Chhabra,University of South Florida,https://www.anshumanc.com,1U7Zy7sAAAAJ,0000-0000-0000-0000
Anson Kahng,University of Rochester,https://ansonkahng.com,5q9EqQkAAAAJ,0000-0003-1134-8400
Ansuman Banerjee,ISI Kolkata,https://www.isical.ac.in/~ansuman,rGFo1TQAAAAJ,0000-0003-0220-646X
Antal van den Bosch,Radboud University,http://antalvandenbosch.ruhosting.nl,LCuzJyYAAAAJ,0000-0003-2493-656X
Ante Prodan,Western Sydney University,https://www.westernsydney.edu.au/staff_profiles/WSU/doctor_ante_prodan,JRg07XUAAAAJ,0000-0001-9684-7967
Anthony Busson,Ecole Normale Superieure de Lyon,http://www.ens-lyon.fr/annuaire/m-busson-anthony-202671.kjsp?RH=ENS-LYON,VtTv_NYAAAAJ,0000-0000-0000-0000
Anthony Chung,DePaul University,https://www.cdm.depaul.edu/about/Pages/People/facultyinfo.aspx?fid=260,NOSCHOLARPAGE,0000-0000-0000-0000
Anthony D. Joseph,Univ. of California - Berkeley,https://www.eecs.berkeley.edu/Faculty/Homepages/joseph.html,xdGKgtcAAAAJ,0000-0002-6798-9664
Anthony Finkelstein,City University of London,https://finkelstein.uk,n8xuCVkAAAAJ,0000-0003-2167-9844
Anthony G. Cohn 0001,University of Leeds,https://eps.leeds.ac.uk/computing/staff/76/professor-anthony-g-cohn-freng-ceng-citp,tal4mMkAAAAJ,0000-0000-0000-0000
Anthony Gitter,University of Wisconsin - Madison,https://www.biostat.wisc.edu/~gitter,j0_fn9oAAAAJ,0000-0002-5324-9833
Anthony Hoi Tin Tang,University of Calgary,http://hcitang.org,RG1EQowAAAAJ,0000-0000-0000-0000
Anthony Hunter,University College London,http://www0.cs.ucl.ac.uk/staff/a.hunter,N7ETYzcAAAAJ,0000-0001-5602-7446
Anthony Ian Wirth,University of Sydney,https://www.sydney.edu.au/engineering/about/our-people/academic-staff/anthony-wirth.html,qVuN4MIAAAAJ,0000-0000-0000-0000
Anthony J. Bonner,University of Toronto,http://www.cs.toronto.edu/~bonner,NOSCHOLARPAGE,0000-0000-0000-0000
Anthony J. Field,Imperial College London,http://wp.doc.ic.ac.uk/ajf,rn3Lg2wAAAAJ,0000-0000-0000-0000
Anthony J. H. Simons,University of Sheffield,https://www.sheffield.ac.uk/dcs/people/academic/anthony-simons,25x8D34AAAAJ,0000-0002-5925-7148
Anthony J. Hornof,University of Oregon,http://ix.cs.uoregon.edu/~hornof,qmc-hR0AAAAJ,0000-0000-0000-0000
Anthony James Howard Simons,University of Sheffield,https://www.sheffield.ac.uk/dcs/people/academic/anthony-simons,25x8D34AAAAJ,0000-0000-0000-0000
Anthony Johnson,Univ. of Maryland - Baltimore County,http://physics.umbc.edu/people/faculty/johnson,Bm9G4SIAAAAJ,0000-0000-0000-0000
Anthony K. H. Tung,National University of Singapore,http://www.comp.nus.edu.sg/~atung,HPYVJacAAAAJ,0000-0002-5125-855X
Anthony Kum Hoe Tung,National University of Singapore,http://www.comp.nus.edu.sg/~atung,HPYVJacAAAAJ,0000-0002-5125-855X
Anthony M. Sloane,Macquarie University,https://researchers.mq.edu.au/en/persons/anthony-sloane,Rje58OMAAAAJ,0000-0002-6802-7360
Anthony Maida,Univ. of Louisiana - Lafayette,https://gradschool.louisiana.edu/graduate-programs/masters-degrees/computer-science-ms,yCwFNtMAAAAJ,0000-0003-2586-2865
Anthony Peruma,University of Hawaii at Manoa,https://www.peruma.me,xT1X6coAAAAJ,0000-0003-2585-657X
Anthony R. Dick,Adelaide University,https://cs.adelaide.edu.au/~ard,Y6wo5UwAAAAJ,0000-0001-9049-7345
Anthony S. Maida,Univ. of Louisiana - Lafayette,https://gradschool.louisiana.edu/graduate-programs/masters-degrees/computer-science-ms,yCwFNtMAAAAJ,0000-0000-0000-0000
Anthony Savidis,University of Crete,https://www.ics.forth.gr/hci/index_main.php?l=g&c=517,m0b5D28AAAAJ,0000-0003-2661-2825
Anthony Skjellum,Auburn University,http://www.eng.auburn.edu/directory/skjellum.html,j74j55gAAAAJ,0000-0001-5252-6600
Anthony Sloane,Macquarie University,https://researchers.mq.edu.au/en/persons/anthony-sloane,Rje58OMAAAAJ,0000-0000-0000-0000
Anthony Steed,University College London,http://wp.cs.ucl.ac.uk/anthonysteed,mPvFg_8AAAAJ,0000-0001-9034-3020
Anthony T. C. Tam,University of Hong Kong,https://i.cs.hku.hk/~atctam,NOSCHOLARPAGE,0000-0000-0000-0000
Anthony Tang 0001,Singapore Management University,https://hcitang.github.io,RG1EQowAAAAJ,0000-0003-4293-4082
Anthony V. Robins,University of Otago,http://www.cs.otago.ac.nz/staff/anthony.html,COuPSxYAAAAJ,0000-0000-0000-0000
Anthony Ventresque,University College Dublin,https://people.ucd.ie/anthony.ventresque,I16yTcgAAAAJ,0000-0003-2064-1238
Anthony Vickers,University of Essex,https://www.essex.ac.uk/people/vicke53909/anthony-vickers,BtqGWtwAAAAJ,0000-0000-0000-0000
Anthony W. Lin,TU Kaiserslautern,https://anthonywlin.github.io,__5nnYUAAAAJ,0000-0003-4715-5096
Anthony Widjaja Lin,TU Kaiserslautern,https://anthonywlin.github.io,__5nnYUAAAAJ,0000-0003-4715-5096
Anthony Widjaja To,TU Kaiserslautern,https://anthonywlin.github.io,__5nnYUAAAAJ,0000-0003-4715-5096
Anthony Wirth,University of Sydney,https://www.sydney.edu.au/engineering/about/our-people/academic-staff/anthony-wirth.html,qVuN4MIAAAAJ,0000-0003-3746-6704
Antinisca Di Marco,University of L'Aquila,http://people.disim.univaq.it/adimarco,QVzuSyIAAAAJ,0000-0001-7214-9945
Antoaneta Serguieva,University College London,http://www0.cs.ucl.ac.uk/people/A.Serguieva.html,hgThGaQAAAAJ,0000-0000-0000-0000
Antoine Bosselut,EPFL,https://atcbosselut.github.io,tK9K1D4AAAAJ,0000-0001-8968-9649
Antoine Cully,Imperial College London,https://www.imperial.ac.uk/people/a.cully,rZtJlPQAAAAJ,0000-0002-3190-7073
Antoine Deza,McMaster University,http://www.cas.mcmaster.ca/~deza,SVnY26QAAAAJ,0000-0002-2392-4607
Antoine Joux,CISPA Helmholtz Center,https://cispa.saarland/people/c01anjo,BG9yVCMAAAAJ,0000-0003-2682-6508
Antoine Kaufmann [SWS],Max Planck Society,https://people.mpi-sws.org/~antoinek,6CyKrCUAAAAJ,0000-0000-0000-0000
Antoine Ledent,Singapore Management University,https://scis.smu.edu.sg/faculty/profile/6456/antoine-ledent,xxbYi-MAAAAJ,0000-0001-8440-2784
Antoine Limasset,CRIStAL,https://www.cristal.univ-lille.fr/profil/alimasse,EW4USK4AAAAJ,0000-0002-0669-4141
Antoine Mottet,Hamburg University of Technology,https://amottet.github.io,8VzcrRQAAAAJ,0000-0002-3517-1745
Antoine Nongaillard,CRIStAL,https://www.cristal.univ-lille.fr/profil/anongail,NOSCHOLARPAGE,0000-0000-0000-0000
Antoine Vigneron,UNIST,http://algo.unist.ac.kr,MIqVnpwAAAAJ,0000-0003-3586-3431
Anton Bankevich,Pennsylvania State University,https://sites.google.com/view/anton-bankevich,wuJmepMAAAAJ,0000-0003-0609-9542
Anton Bogdanovych,Western Sydney University,https://www.westernsydney.edu.au/staff_profiles/WSU/associate_professor_anton_bogdanovych,ZFhu5RgAAAAJ,0000-0003-0822-4116
Anton Burtsev,University of Utah,https://www.cs.utah.edu/~aburtsev,mkXzaOIAAAAJ,0000-0001-8769-8373
Anton Dil,Open University UK,http://stem.open.ac.uk/people/ad2472,NOSCHOLARPAGE,0000-0000-0000-0000
Anton Eliëns,VU Amsterdam,http://vu-nl.academia.edu/AntonEli%C3%ABns,NOSCHOLARPAGE,0000-0000-0000-0000
Anton Kummert,University of Wuppertal,https://www.tnt.uni-wuppertal.de/de/kummert.html,NOSCHOLARPAGE,0000-0002-0282-5087
Anton Osokin,HSE University,https://www.hse.ru/staff/aosokin,R9MXY8wAAAAJ,0000-0002-8807-5132
Anton Ragni,University of Sheffield,https://www.sheffield.ac.uk/dcs/people/academic/anton-ragni,NOSCHOLARPAGE,0000-0003-0634-4456
Anton Wijs,TU Eindhoven,https://www.win.tue.nl/~awijs,mp9xvPoAAAAJ,0000-0002-2071-9624
Anton van den Hengel,Adelaide University,https://cs.adelaide.edu.au/~hengel,nMGZ2ZQAAAAJ,0000-0003-3027-8364
Antonella Di Lillo,Brandeis University,http://www.brandeis.edu/facultyguide/person.html?emplid=4b4fcfe64c1c153c08a131c97077c1726072e6c9,NOSCHOLARPAGE,0000-0000-0000-0000
Antonella DiLillo,Brandeis University,http://www.brandeis.edu/facultyguide/person.html?emplid=4b4fcfe64c1c153c08a131c97077c1726072e6c9,NOSCHOLARPAGE,0000-0000-0000-0000
Antonella Santone,University of Molise,http://docenti.unimol.it/index.php?u=a.santone,Mhs4vMMAAAAJ,0000-0000-0000-0000
Antonette Mendoza,University of Melbourne,https://www.findanexpert.unimelb.edu.au/display/person6868,Mi79FfQAAAAJ,0000-0002-6903-1169
Antoni B. Chan,City University of Hong Kong,https://www.cs.cityu.edu.hk/~abchan,j4vFSn8AAAAJ,0000-0002-2886-2513
Antoni Bert Chan,City University of Hong Kong,https://www.cs.cityu.edu.hk/~abchan,j4vFSn8AAAAJ,0000-0000-0000-0000
Antoni W. Mazurkiewicz,IPI PAN,https://ipipan.waw.pl/instytut/pracownicy/antoni-mazurkiewicz,NOSCHOLARPAGE,0000-0000-0000-0000
Antonia Affinito,University of Twente,https://people.utwente.nl/A.Affinito,amnbQvEAAAAJ,0000-0002-3948-7720
Antonia Zhai,University of Minnesota,http://www-users.cs.umn.edu/~zhai,NOSCHOLARPAGE,0000-0002-8921-1415
Antonija Mitrovic,University of Canterbury,http://www.cosc.canterbury.ac.nz/tanja.mitrovic,qIf7b10AAAAJ,0000-0003-0936-0806
Antonina Kolokolova,Memorial Univ. of Newfoundland,https://www.mun.ca/computerscience/people/kol.php,Zluq9OgAAAAJ,0000-0000-0000-0000
Antonino Furnari,University of Catania,http://www.antoninofurnari.it,eXREn_EAAAAJ,0000-0001-6911-0302
Antonino Santos,University of A Coruña,https://pdi.udc.es/en/File/Pdi/ZD99E,ksY1gFgAAAAJ,0000-0000-0000-0000
Antonio A. F. Loureiro,UFMG,http://homepages.dcc.ufmg.br/~loureiro,GOGlTIMAAAAJ,0000-0000-0000-0000
Antonio Alfredo Ferreira Loureiro,UFMG,http://homepages.dcc.ufmg.br/~loureiro,GOGlTIMAAAAJ,0000-0000-0000-0000
Antonio Badia,University of Louisville,http://louisville.edu/speed/people/faculty/badiaAntonio,LlBDyJcAAAAJ,0000-0003-2506-0512
Antonio Barbalace,University of Edinburgh,http://www.barbalace.it/antonio,uQWP8_0AAAAJ,0000-0003-1641-0779
Antonio Bianchi,Purdue University,https://antoniobianchi.me,RMm4j1AAAAAJ,0000-0002-2862-5286
Antonio Blanca,Pennsylvania State University,http://www.cse.psu.edu/~azb1015,tl6ib-MAAAAJ,0000-0000-0000-0000
Antonio Brogi,University of Pisa,https://pages.di.unipi.it/brogi,lOFQGacAAAAJ,0000-0003-2048-2468
Antonio C. S. Beck,UFRGS,http://inf.ufrgs.br/~caco,E-VfVv4AAAAJ,0000-0000-0000-0000
Antonio Capone,Politecnico di Milano,http://home.deib.polimi.it/capone,KS1VFqgAAAAJ,0000-0000-0000-0000
Antonio Carlos Schneider Beck,UFRGS,http://inf.ufrgs.br/~caco,E-VfVv4AAAAJ,0000-0000-0000-0000
Antonio Carlos Schneider Beck Filho,UFRGS,http://inf.ufrgs.br/~caco,E-VfVv4AAAAJ,0000-0000-0000-0000
Antonio Carzaniga,Università della Svizzera italiana,http://www.inf.usi.ch/carzaniga,NOSCHOLARPAGE,0009-0008-9969-3981
Antonio Cicchetti,Mälardalen University,http://www.es.mdh.se/staff/198-Antonio_Cicchetti,I-9eMoMAAAAJ,0000-0003-0416-1787
Antonio Cisternino,University of Pisa,http://www.di.unipi.it/~cisterni,SiCtgi8AAAAJ,0000-0000-0000-0000
Antonio Della Cioppa,University of Salerno,http://docenti.unisa.it/004367/home,yBW3PZsAAAAJ,0000-0000-0000-0000
Antonio Faonio,EURECOM,https://faonio.eurecom.io,omnEYdkAAAAJ,0000-0002-7152-6478
Antonio Fariña,University of A Coruña,https://lbd.udc.es/ShowResearcherInformation.do?id=8,MvZTjYkAAAAJ,0000-0001-8263-3298
Antonio Fernández 0001,IMDEA Software Institute,https://software.imdea.org/people/antonio.fernandez,kh4x8goAAAAJ,0000-0001-6501-2377
Antonio Fernández Anta,IMDEA Software Institute,https://software.imdea.org/people/antonio.fernandez,kh4x8goAAAAJ,0000-0001-6501-2377
Antonio Filieri,Imperial College London,http://www.antonio.filieri.name,MdbPRwMAAAAJ,0000-0001-9646-646X
Antonio Frangioni,University of Pisa,http://www.di.unipi.it/~frangio,W3pkToYAAAAJ,0000-0002-5704-3170
Antonio G. Marques,Universidad Rey Juan Carlos,http://www.tsc.urjc.es/~amarques,d05JMMkAAAAJ,0000-0002-4642-7718
Antonio G. Marqués,Universidad Rey Juan Carlos,http://www.tsc.urjc.es/~amarques,d05JMMkAAAAJ,0000-0000-0000-0000
Antonio Garcia Marques,Universidad Rey Juan Carlos,http://www.tsc.urjc.es/~amarques,d05JMMkAAAAJ,0000-0000-0000-0000
Antonio González 0001,Polytechnic Univ. of Catalonia,http://people.ac.upc.es/antonio,WegaFkUAAAAJ,0000-0002-0009-0996
Antonio Jose Rodríguez-Sánchez,University of Innsbruck,https://iis.uibk.ac.at/people/antonio,ei7XukUAAAAJ,0000-0002-3264-5060
Antonio Krüger,Saarland University,http://umtl.cs.uni-saarland.de/people/prof.-dr.-antonio-kr%C3%BCger.html,IJb7hWYAAAAJ,0000-0002-8055-8367
Antonio M. Alberti,University of Leeds,https://eps.leeds.ac.uk/computing/staff/15735/dr-antonio-alberti,2L_IXAIAAAAJ,0000-0000-0000-0000
Antonio Mastropaolo,College of William and Mary,https://antoniomastropaolo.com,A6E30JkAAAAJ,0000-0002-7965-7712
Antonio Miele,Politecnico di Milano,http://home.deib.polimi.it/miele,CPGr-IUAAAAJ,0000-0003-3197-0723
Antonio Nicolosi,Stevens Institute of Technology,https://www.stevens.edu/profile/anicolos,rr1cfRkAAAAJ,0009-0002-6817-953X
Antonio Pecchia,University of Sannio,https://www.unisannio.it/it/users/apecchia,11QO_iIAAAAJ,0000-0003-2869-8423
Antonio Ruiz-Martínez,University of Murcia,http://webs.um.es/arm,x-whC_gAAAAJ,0000-0002-8433-159X
Antonio Toral,University of Groningen,http://antoniotor.al,YcdNfhcAAAAJ,0000-0003-2357-2960
Antonio Toral Ruiz,University of Groningen,http://antoniotor.al,YcdNfhcAAAAJ,0000-0000-0000-0000
Antonio Torralba 0001,Massachusetts Inst. of Technology,http://web.mit.edu/torralba/www,8cxDHS4AAAAJ,0000-0003-4915-0256
Antonio Vergari,University of Edinburgh,http://www.inf.ed.ac.uk/people/staff/Antonio_Vergari.html,YK0NLaUAAAAJ,0000-0003-0036-5678
Antonios A. Savidis,University of Crete,https://www.ics.forth.gr/hci/index_main.php?l=g&c=517,m0b5D28AAAAJ,0000-0000-0000-0000
Antonios Anastasopoulos,George Mason University,https://cs.gmu.edu/~antonis/author/antonios-anastasopoulos,g_G_SNAAAAAJ,0000-0002-8544-246X
Antonios Gouglidis,Lancaster University,https://www.lancaster.ac.uk/scc/about-us/people/antonios-gouglidis,7uyHR-kAAAAJ,0000-0000-0000-0000
Antonios Symvonis,NTUA,http://www.math.ntua.gr/~symvonis,EHH_0W8AAAAJ,0000-0000-0000-0000
Antonis A. Argyros,University of Crete,http://csd.uoc.gr/~argyros,9OieklkAAAAJ,0000-0001-8230-3192
Antonis Anastasopoulos,George Mason University,https://cs.gmu.edu/directory/detail/100,g_G_SNAAAAAJ,0000-0000-0000-0000
Antonis Dimakis,AUEB,http://nes.aueb.gr/dimakis.html,DlAhQuIAAAAJ,0000-0000-0000-0000
Antonis M. Paschalis,University of Athens,http://www.di.uoa.gr/eng/staff/999,q8LRbY4AAAAJ,0000-0002-6236-4227
Antonis Michalas,Tampere University,https://www.tuni.fi/en/antonios-michalas,ovYlEZQAAAAJ,0000-0002-0189-3520
Antoniu Pop,University of Manchester,https://www.research.manchester.ac.uk/portal/antoniu.pop.html,A2aGvWcAAAAJ,0000-0002-7715-4281
Antony L. Hosking,Australian National University,https://cs.anu.edu.au/people/tony-hosking,5LINiuEAAAAJ,0000-0002-4487-6923
Antonín Kucera 0001,Masaryk University,https://www.muni.cz/en/people/2508,HxIvytQAAAAJ,0000-0002-6602-8028
Antti Honkela,University of Helsinki,https://www.cs.helsinki.fi/u/ahonkela,XsyLs6AAAAAJ,0000-0000-0000-0000
Antti Oulasvirta,Aalto University,http://users.comnet.aalto.fi/oulasvir,_z41TLwAAAAJ,0000-0002-2498-7837
Antti Salovaara,Aalto University,https://people.aalto.fi/antti.salovaara,SFkQ65sAAAAJ,0000-0001-7260-8670
Antti Ylä-Jääski,Aalto University,http://cse.aalto.fi/en/personnel/antti-yla-jaaski,ojkArgn5IlAC,0000-0002-2069-1721
Antónia Lopes,Universidade de Lisboa,https://ciencias.ulisboa.pt/perfil/malopes,BQluvIMAAAAJ,0000-0003-0688-3521
António Branco,Universidade de Lisboa,https://ciencias.ulisboa.pt/perfil/ambranco,JeBor2UAAAAJ,0000-0002-7174-4942
António Casimiro,Universidade de Lisboa,https://ciencias.ulisboa.pt/perfil/accosta,wKMmqlUAAAAJ,0000-0002-5522-5739
António Casimiro Costa,Universidade de Lisboa,https://ciencias.ulisboa.pt/perfil/accosta,wKMmqlUAAAAJ,0000-0000-0000-0000
António Grilo,Universidade de Lisboa,http://www.demi.fct.unl.pt/en/pessoas/docentes/antonio-carlos-barbara-grilo,G6nldpYAAAAJ,0000-0002-3806-0055
António Grilo 0001,Universidade de Lisboa,http://www.demi.fct.unl.pt/en/pessoas/docentes/antonio-carlos-barbara-grilo,G6nldpYAAAAJ,0000-0002-3806-0055
António Horta Branco,Universidade de Lisboa,https://ciencias.ulisboa.pt/perfil/ambranco,JeBor2UAAAAJ,0000-0000-0000-0000
António M. Grilo,Universidade de Lisboa,http://www.demi.fct.unl.pt/en/pessoas/docentes/antonio-carlos-barbara-grilo,G6nldpYAAAAJ,0000-0000-0000-0000
António M. R. C. Grilo,Universidade de Lisboa,http://www.demi.fct.unl.pt/en/pessoas/docentes/antonio-carlos-barbara-grilo,G6nldpYAAAAJ,0000-0000-0000-0000
António Manuel Ferreira Rito da Silva,Universidade de Lisboa,https://fenix.tecnico.ulisboa.pt/homepage/ist12628,wKnmYTYAAAAJ,0000-0000-0000-0000
António Manuel Grilo,Universidade de Lisboa,http://www.demi.fct.unl.pt/en/pessoas/docentes/antonio-carlos-barbara-grilo,G6nldpYAAAAJ,0000-0000-0000-0000
António Menezes Leitão,Universidade de Lisboa,http://www.fd.ulisboa.pt/professors/teaching-staff,aGOCE1oAAAAJ,0000-0000-0000-0000
António Ravara,Universidade NOVA de Lisboa,http://nova-lincs.di.fct.unl.pt/person/47,HuxP2pUAAAAJ,0000-0001-8074-0380
António Rito Silva,Universidade de Lisboa,https://fenix.tecnico.ulisboa.pt/homepage/ist12628,wKnmYTYAAAAJ,0000-0001-9840-457X
António dos Anjos,Aberystwyth University,https://www.aber.ac.uk/en/cs/staff-profiles/listing/profile/ara11,vmlD9VYAAAAJ,0000-0001-6521-8930
Antônio A. de A. Rocha,UFF,http://www2.ic.uff.br/~arocha,C_3SJ4oAAAAJ,0000-0000-0000-0000
Antônio Augusto de Aragão Rocha,UFF,http://www2.ic.uff.br/~arocha,C_3SJ4oAAAAJ,0000-0000-0000-0000
Antônio H. Ribeiro,Uppsala University,https://antonior92.github.io,5t_sZdMAAAAJ,0000-0000-0000-0000
Antônio Marinho Pilla Barcellos,University of Waikato,http://www.inf.ufrgs.br/~marinho,gYziq3EAAAAJ,0000-0000-0000-0000
Anu G. Bourgeois,Georgia State University,https://grid.cs.gsu.edu/bourgeois,qsAUgQ8AAAAJ,0000-0002-4705-4888
Anubha Gupta,IIIT Delhi,http://faculty.iiitd.ac.in/~anubha,VWCf3JEAAAAJ,0000-0002-7752-1926
Anuj Dawar,University of Cambridge,https://www.cl.cam.ac.uk/~ad260,xdOimF8AAAAJ,0000-0003-4014-8248
Anuj Karpatne,Virginia Tech,https://people.cs.vt.edu/karpatne,aJdbHAoAAAAJ,0000-0003-1647-3534
Anuj Pathania,University of Amsterdam,https://staff.fnwi.uva.nl/a.pathania,oHJOyfsAAAAJ,0000-0002-5813-7021
Anuja T. Dharmarathne,Monash University,https://research.monash.edu/en/persons/anuja-thimali-dharmaratne,QToD1sYAAAAJ,0000-0000-0000-0000
Anujan Varma,Univ. of California - Santa Cruz,https://www.soe.ucsc.edu/people/varma,z9lI9VIAAAAJ,0000-0000-0000-0000
Anup Basu,University of Alberta,https://webdocs.cs.ualberta.ca/~anup,x8Nn-jQAAAAJ,0000-0000-0000-0000
Anup Bhattacharya,NISER,https://sites.google.com/site/anupbtcs,giCNz6AAAAAJ,0000-0000-0000-0000
Anup Kumar,University of Louisville,http://louisville.edu/speed/people/faculty/kumarAnup,NOSCHOLARPAGE,0000-0000-0000-0000
Anup Rao 0001,University of Washington,http://homes.cs.washington.edu/~anuprao,T2U5sGIAAAAJ,0000-0002-6449-9547
Anupam Basu,IIT Kharagpur,http://cse.iitkgp.ac.in/~debmalya/AB_website,AMidPUMAAAAJ,0000-0002-1960-9225
Anupam Biswas,National Inst. of Tech. Silchar,http://cs.nits.ac.in/anupam,DoAQkCgAAAAJ,0000-0000-0000-0000
Anupam Chattopadhyay,Nanyang Technological University,https://dr.ntu.edu.sg/cris/rp/rp01076,TIt4ggwAAAAJ,0000-0002-8818-6983
Anupam Das 0001,North Carolina State University,https://www.anupamdas.org,WAwt040AAAAJ,0000-0002-8961-9963
Anupam Das 0002,University of Birmingham,https://www.birmingham.ac.uk/staff/profiles/computer-science/academic-staff/das-anupam.aspx,Y8t29XcAAAAJ,0000-0002-0142-3676
Anupam Datta,Carnegie Mellon University,http://www.andrew.cmu.edu/user/danupam,oK3QM1wAAAAJ,0000-0000-0000-0000
Anupam Gupta 0001,New York University,http://www.cs.cmu.edu/~anupamg,QuwaU-8AAAAJ,0000-0001-5579-3405
Anupam Joshi,Univ. of Maryland - Baltimore County,http://www.csee.umbc.edu/~joshi,sJ7wlksAAAAJ,0000-0002-8641-3193
Anupam Sobti,Plaksha University,https://anupamsobti.github.io,UgRH8pcAAAAJ,0000-0000-0000-0000
Anura P. Jayasumana,Colorado State University,https://www.engr.colostate.edu/~anura,jDm73CQAAAAJ,0000-0000-0000-0000
Anurag K. Srivastava 0001,West Virginia University,https://directory.statler.wvu.edu/faculty-staff-directory/anurag-srivastava,_GtNYPMAAAAJ,0000-0003-3518-8018
Anurag Khandelwal,Yale University,http://anuragkhandelwal.com,LlfHFqUAAAAJ,0000-0002-2199-6391
Anurag Mittal,IIT Madras,http://www.cse.iitm.ac.in/~amittal,mB9AZSAAAAAJ,0000-0000-0000-0000
Anurag Srivastava 0001,West Virginia University,https://directory.statler.wvu.edu/faculty-staff-directory/anurag-srivastava,_GtNYPMAAAAJ,0000-0000-0000-0000
Anuran Makur,Purdue University,https://www.cs.purdue.edu/homes/amakur,NOSCHOLARPAGE,0000-0000-0000-0000
Anusha I. Withana,University of Sydney,https://sydney.edu.au/engineering/people/anusha.withana,y17ckyIAAAAJ,0000-0001-6587-1278
Anusha Indrajith Withana,University of Sydney,https://sydney.edu.au/engineering/people/anusha.withana,y17ckyIAAAAJ,0000-0000-0000-0000
Anwar Ghammam,University of Michigan-Dearborn,https://anwarghammam.github.io,J4NPGMkAAAAJ,0000-0000-0000-0000
Anwar Haque,Western University,https://www.csd.uwo.ca/news/anwar_haque.html,5GB95ZsAAAAJ,0000-0000-0000-0000
Anwitaman Datta,Nanyang Technological University,https://www3.ntu.edu.sg/home/anwitaman,VWi3_OIAAAAJ,0000-0002-4203-1572
Anxiao Andrew Jiang,Texas A&M University,http://faculty.cse.tamu.edu/ajiang,Av9OoKMAAAAJ,0000-0000-0000-0000
Anxiao Jiang,Texas A&M University,http://faculty.cse.tamu.edu/ajiang,Av9OoKMAAAAJ,0000-0002-0120-7930
Anya Helene Bagge,University of Bergen,https://www.ii.uib.no/~anya,NOSCHOLARPAGE,0000-0000-0000-0000
Anyi Liu,Oakland University,http://secs.oakland.edu/~anyiliu,KfveCmIAAAAJ,0000-0002-6011-1998
Anys Bacha,University of Michigan-Dearborn,https://umdearborn.edu/users/anysbacha,8I9z_70AAAAJ,0000-0000-0000-0000
Ao Ren,Chongqing University,http://www.cs.cqu.edu.cn/info/1322/5178.htm,K5vVwSAAAAAJ,0000-0002-2322-8038
Ao Zhou 0001,BUPT,https://scs.bupt.edu.cn/info/1287/2704.htm,vRar40cAAAAJ,0000-0001-5743-9418
Aonghus Lawlor,University College Dublin,https://people.ucd.ie/aonghus.lawlor,kyrXm8EAAAAJ,0000-0002-6160-4639
Apan Qasem,Texas State University,http://www.cs.txstate.edu/~aq10,CxAVF0YAAAAJ,0009-0000-6213-829X
Aparna Bharati,Lehigh University,https://sites.google.com/view/aparna-bharati,3SuzNJ4AAAAJ,0000-0002-6404-9466
Aparna Chandramowlishwaran,Univ. of California - Irvine,https://hpcforge.eng.uci.edu,7ASJ6JoAAAAJ,0000-0003-0840-4192
Aphrodite Galata,University of Manchester,http://www.cs.manchester.ac.uk/about-us/staff/profile/?ea=A.Galata,vAY0HccAAAAJ,0000-0002-9229-7811
Aphrodite Tsalgatidou,University of Athens,http://cgi.di.uoa.gr/~afrodite,niAnft4AAAAJ,0000-0000-0000-0000
Apostolis Zarras,TU Delft,https://www.tudelft.nl/en/staff/a.zarras,SqRVbvsAAAAJ,0000-0002-8480-6989
Apostolos Gerasoulis,Rutgers University,https://www.cs.rutgers.edu/~gerasoul,t5kb3asAAAAJ,0009-0006-3078-248X
Apostolos Meliones,University of Piraeus,https://www.ds.unipi.gr/en/faculty/meliones-en,OF1iih8AAAAJ,0000-0000-0000-0000
Apostolos Traganitis,University of Crete,https://www.csd.uoc.gr/index.jsp?custom=apostolos_traganitis,Jm-59nEAAAAJ,0000-0000-0000-0000
Apostolos V. Zarras,University of Ioannina,https://cs.uoi.gr/~zarras,9nXN6XYAAAAJ,0000-0000-0000-0000
Apostolos Zarras,TU Delft,https://www.tudelft.nl/en/staff/a.zarras,SqRVbvsAAAAJ,0000-0000-0000-0000
Appie van de Liefvoort,Univ. of Missouri - Kansas City,http://umkc.academia.edu/appieLiefvoort,d7EAYGgAAAAJ,0000-0000-0000-0000
Apu Kapadia,Indiana University,http://www.cs.indiana.edu/~kapadia,r42-hFIAAAAJ,0000-0003-4142-8444
Apurva Mudgal,IIT Ropar,http://www.iitrpr.ac.in/cse/apurva,NOSCHOLARPAGE,0000-0000-0000-0000
Aqueasha Martin-Hammond,IUPUI,https://soic.iupui.edu/people/aqueasha-martin-hammond,ldnCWNQAAAAJ,0000-0002-5208-2402
Aquinas Hobor,National University of Singapore,https://www.comp.nus.edu.sg/~hobor,NOSCHOLARPAGE,0000-0000-0000-0000
Arabella Sinclair,University of Aberdeen,https://www.abdn.ac.uk/people/arabella.sinclair,PSOtEH4AAAAJ,0000-0002-1210-7011
Aram Ter-Sarkisov,City University of London,https://www.city.ac.uk/people/academics/alex-aram-ter-sarkisov,E_buu40AAAAJ,0000-0002-1300-6132
Arambam James Singh,IIT Delhi,https://jamesarambam.me,4ElZ5_YAAAAJ,0009-0009-9763-9217
Arani Bhattacharya,IIIT Delhi,https://www.iiitd.ac.in/arani,YjiIDkjozUcC,0000-0003-2586-7308
Arash Bozorgchenani,University of Leeds,https://eps.leeds.ac.uk/computing/staff/13683/dr-arash-bozorgchenani,v6CBkr0AAAAJ,0000-0003-1360-6952
Arash Eshghi,Heriot-Watt University,https://www.hw.ac.uk/staff/uk/macs/arash-eshghi.htm,yCku-o8AAAAJ,0000-0003-4711-4091
Arash Rafiey,Indiana State University,http://cs.indstate.edu/info/people.php,eJEmXiQAAAAJ,0000-0000-0000-0000
Arash Shaghaghi,UNSW,https://research.unsw.edu.au/people/dr-arash-shaghaghi,7mFpZn4AAAAJ,0000-0001-6630-9519
Arash Termehchy,Oregon State University,http://eecs.oregonstate.edu/people/termehchy-arash,NOSCHOLARPAGE,0009-0007-2213-6303
Aravind Prakash,Binghamton University,https://www.binghamton.edu/cs/people/aprakash.html,GqFjHVAAAAAJ,0000-0000-0000-0000
Aravind Srinivasan,Univ. of Maryland - College Park,https://www.cs.umd.edu/~srin,sPzla6IAAAAJ,0000-0002-0062-3684
Aravindan Vijayaraghavan,Northwestern University,http://www.eecs.northwestern.edu/~aravindv,tokXOxkAAAAJ,0000-0001-9734-3779
Arcangelo Castiglione,University of Salerno,https://docenti.unisa.it/026260/home,Uh1YyVYAAAAJ,0000-0002-7991-2410
Archan Misra,Singapore Management University,https://www.smu.edu.sg/faculty/profile/9632/Archan-MISRA,a0YC5VAAAAAJ,0000-0003-1212-1769
Archit Somani,Shiv Nadar University,https://www.snu.edu.in/schools/school-of-engineering/faculty/archit-somani,NkEQdrYAAAAJ,0000-0000-0000-0000
Archontis Politis,Tampere University,https://www.tuni.fi/en/archontis-politis,DuCqB3sAAAAJ,0000-0002-0595-2356
Arcot Sowmya,UNSW,http://www.cse.unsw.edu.au/~sowmya,NOSCHOLARPAGE,0000-0000-0000-0000
Arda Yurdakul,Boğaziçi University,https://www.cmpe.boun.edu.tr/~yurdakul,6UUbTP4AAAAJ,0000-0000-0000-0000
Ardalan Amiri Sani,Univ. of California - Irvine,http://www.ics.uci.edu/~ardalan,WA9DXAwAAAAJ,0000-0003-0130-587X
Arden Ruttan,Kent State University,https://www.kent.edu/cs/profile/arden-ruttan,NOSCHOLARPAGE,0000-0000-0000-0000
Areej Malibari,King Abdulaziz University,http://aamalibari1.kau.edu.sa/CVEn.aspx?Site_ID=0004507&Lng=EN,NOSCHOLARPAGE,0000-0002-7123-8548
Arend Hintze,Michigan State University,http://hintzelab.msu.edu,9OItN4cAAAAJ,0000-0000-0000-0000
Arend Rensink,University of Twente,https://people.utwente.nl/arend.rensink,fdos0QMAAAAJ,0000-0002-1714-6319
Argyrios Deligkas,Royal Holloway Univ. of London,https://sites.google.com/view/deligkas/home,mAaAe9sAAAAJ,0000-0002-6513-6748
Ari Ezra Waldman,Northeastern University,https://www.ariewaldman.com,wAC1mvYAAAAJ,0000-0000-0000-0000
Ari Holtzman,University of Chicago,https://ariholtzman.com,jtrAdywAAAAJ,0009-0002-2344-3800
Ari Juels [Tech],Cornell University,http://tech.cornell.edu/people/ari-juels,uf0D-uoAAAAJ,0000-0000-0000-0000
Ari Rappoport,Hebrew University of Jerusalem,http://www.cs.huji.ac.il/~arir,dNDnP3QAAAAJ,0000-0002-6874-1660
Ari Schlesinger,University of Georgia,https://arischlesinger.com,rzNTGL8AAAAJ,0000-0003-0895-2148
Ari Trachtenberg,Boston University,https://people.bu.edu/trachten,PpKoYdUAAAAJ,0000-0003-1581-4229
Ari Visa,Tampere University,https://www.tuni.fi/en/ari-visa,3mVXg3QAAAAJ,0000-0002-8895-2879
Ariadne Maria Brito Rizzoni Carvalho,UNICAMP,http://www.ic.unicamp.br/~ariadne,NOSCHOLARPAGE,0000-0000-0000-0000
Arianna Bisazza,University of Groningen,http://www.cs.rug.nl/~bisazza,biQvUhcAAAAJ,0000-0003-1270-3048
Arie E. Kaufman,Stony Brook University,http://www3.cs.stonybrook.edu/~ari,fDdcWBEAAAAJ,0000-0002-0796-6196
Arie Gurfinkel,University of Waterloo,https://arieg.bitbucket.io,WHTB3_MAAAAJ,0000-0002-5964-6792
Arie van Deursen,TU Delft,http://www.st.ewi.tudelft.nl/~arie,jjCkWXgAAAAJ,0000-0003-4850-3312
Ariel D. Procaccia,Harvard University,http://procaccia.info,8ZpV-lkAAAAJ,0000-0002-8774-5827
Ariel Dora Stern,Hasso Plattner Institute,https://hpi.de/en/research/research-groups/digital-health-economics-policy,oGg44I8AAAAJ,0000-0002-3586-1041
Ariel Felner,Ben-Gurion University of the Negev,http://www.ise.bgu.ac.il/engineering/PersonalWebSite1main.aspx?id=jsrtrVrd,t4rXchwAAAAJ,0000-0003-0065-2757
Ariel J. Frank,Bar-Ilan University,http://u.cs.biu.ac.il/~ariel,U9RRxhsAAAAJ,0000-0000-0000-0000
Ariel Liebman,Monash University,http://monash.edu/research/explore/en/persons/ariel-liebman(e36117d1-95a6-4733-8d33-75c14c38ff87).html,__FlbBYAAAAJ,0000-0002-5679-4140
Ariel Orda,Technion,http://webee.technion.ac.il/Sites/People/ArielOrda,HaNGX5gAAAAJ,0000-0001-5561-6599
Arielle Carr,Lehigh University,https://engineering.lehigh.edu/faculty/arielle-carr,-4kYfDsAAAAJ,0000-0000-0000-0000
Arif Alam,University of Massachusetts Lowell,http://faculty.uml.edu/~alam,vsnEGjIAAAAJ,0000-0002-2240-0916
Arif Perdana,Monash University Indonesia,https://www.monash.edu/indonesia/about/academic-staff/arif-perdana,yQLr1zMAAAAJ,0000-0002-1260-240X
Arif Selcuk Uluagac,Florida International University,http://nweb.eng.fiu.edu/selcuk,tcK62uAAAAAJ,0000-0000-0000-0000
Arif Ul Alam,University of Massachusetts Lowell,http://faculty.uml.edu/~alam,vsnEGjIAAAAJ,0000-0002-2240-0916
Ariful Azad,Texas A&M University,https://arifulazad.github.io,9jK5lfsAAAAJ,0000-0003-1332-8630
Arijit Bishnu,ISI Kolkata,https://www.isical.ac.in/~arijit,NOSCHOLARPAGE,0000-0000-0000-0000
Arijit Das,Naval Postgraduate School,http://faculty.nps.edu/vitae/cgi-bin/vita.cgi?p=display_vita&id=1069348939,xIAXiK8AAAAJ,0000-0000-0000-0000
Arijit Ghosh,ISI Kolkata,https://sites.google.com/site/homepagearijitghosh,BYbws8cAAAAJ,0000-0002-2821-265X
Arijit Khan 0001,Aalborg University,https://homes.cs.aau.dk/~Arijit/index.html,6Y-m8k4AAAAJ,0000-0002-7312-6312
Arijit Mondal,IIT Patna,https://iitp.ac.in/index.php/departments/engineering/computer-science-a-engineering/people/faculty/584-arijit-mondal.html,97ryAF0AAAAJ,0000-0000-0000-0000
Arijit Sur,IIT Guwahati,http://www.iitg.ernet.in/arijit,NOSCHOLARPAGE,0000-0000-0000-0000
Arindam Banerjee 0001,Univ. of Illinois at Urbana-Champaign,https://arindam.cs.illinois.edu,RY7cuPAAAAAJ,0000-0000-0000-0000
Arindam Khan 0001,IISc Bangalore,http://drona.csa.iisc.ac.in/~arindam,yRsbV0AAAAAJ,0000-0001-7505-1687
Arindam Mukherjee 0001,UNC - Charlotte,https://ece.charlotte.edu/directory/dr-arindam-mukherjee-phd,NOSCHOLARPAGE,0000-0000-0000-0000
Aris Anagnostopoulos,Sapienza University of Rome,http://aris.me,3fvu4fcAAAAJ,0000-0001-9183-7911
Aris Filos-Ratsikas,University of Edinburgh,http://www.inf.ed.ac.uk/people/staff/Aris_Filos-Ratsikas.html,iaxTRPoAAAAJ,0000-0001-7868-8114
Aris Pagourtzis,NTUA,http://users.softlab.ntua.gr/~pagour,xh1BcAwAAAAJ,0000-0002-6220-3722
Aristides Efthymiou,University of Ioannina,https://cs.uoi.gr/~efthym,NOSCHOLARPAGE,0000-0002-2472-982X
Aristides Gionis,KTH Royal Inst. of Technology,https://www.kth.se/profile/argioni,11JgipcAAAAJ,0000-0002-5211-112X
Aristidis Likas,University of Ioannina,https://cs.uoi.gr/~arly,kb39Kx0AAAAJ,0000-0000-0000-0000
Aristidis Sapounakis,University of Piraeus,https://www.cs.unipi.gr/sapounakis,K3mR6t4AAAAJ,0000-0000-0000-0000
Aritra Banik,NISER,https://www.niser.ac.in/~aritra,dWBbCwIAAAAJ,0000-0000-0000-0000
Aritra Dutta,University of Central Florida,https://www.cs.ucf.edu/person/aritra-dutta,vquoiHsAAAAJ,0000-0001-6994-1659
Aritra Hazra,IIT Kharagpur,https://cse.iitkgp.ac.in/~aritrah,nYazw20AAAAJ,0000-0003-2076-3577
Aritran Piplai,University of Texas - El Paso,https://hb2504.utep.edu/Home/Profile?username=apiplai,cNB41LcAAAAJ,0000-0000-0000-0000
Arjan Durresi,IUPUI,http://cs.iupui.edu/~durresi,MrVb9FkAAAAJ,0000-0000-0000-0000
Arjen K. Lenstra,EPFL,https://people.epfl.ch/arjen.lenstra,rVqdVR4AAAAJ,0000-0000-0000-0000
Arjen P. de Vries,Radboud University,https://www.ru.nl/personen/vries-a-de,iH9TVHQAAAAJ,0000-0002-2888-4202
Arjun Arunasalam,Florida International University,https://arjunarunasalam.github.io,Uzjc37UAAAAJ,0009-0001-1631-6064
Arjun Bhagoji,IIT Bombay,https://arjunbhagoji.github.io,N2q6zMcAAAAJ,0000-0000-0000-0000
Arjun Guha,Northeastern University,http://ccs.neu.edu/~arjunguha/main/home,yMU0f9EAAAAJ,0000-0002-7493-3271
Arjun Mukherjee,University of Houston,http://www2.cs.uh.edu/~arjun,wUNpA_sAAAAJ,0000-0000-0000-0000
Arkadev Chattopadhyay,Tata Inst. of Fundamental Research,http://www.tcs.tifr.res.in/~arkadev,CHn1c0IAAAAJ,0009-0005-3110-3584
Arkadi Nemirovski,Georgia Institute of Technology,https://www.isye.gatech.edu/users/arkadi-nemirovski,3QxoymwAAAAJ,0000-0002-5001-7420
Arkady Yerukhimovich,George Washington University,https://www2.seas.gwu.edu/~arkady,T_gzzdAAAAAJ,0000-0002-9045-748X
Arkaprava Basu,IISc Bangalore,http://drona.csa.iisc.ac.in/~arkapravab,pL5B4ywAAAAJ,0000-0002-3466-4556
Arlei Lopes da Silva,Rice University,https://profiles.rice.edu/faculty/arlei-silva,atGtis4AAAAJ,0000-0000-0000-0000
Arlei Silva,Rice University,https://profiles.rice.edu/faculty/arlei-silva,atGtis4AAAAJ,0000-0003-1792-0076
Arlindo L. Oliveira,Universidade de Lisboa,http://web.tecnico.ulisboa.pt/arlindo.oliveira,dqtEnaoAAAAJ,0000-0001-8638-5594
Arlindo Limede Oliveira,Universidade de Lisboa,http://web.tecnico.ulisboa.pt/arlindo.oliveira,dqtEnaoAAAAJ,0000-0000-0000-0000
Armaghan Moemeni,University of Nottingham,https://www.nottingham.ac.uk/computerscience/people/armaghan.moemeni,b6FUrnoAAAAJ,0000-0003-1418-9601
Arman Adibi,Augusta University,https://adibiarman.github.io,AikTZ-AAAAAJ,0000-0000-0000-0000
Arman Cohan,Yale University,https://seas.yale.edu/faculty-research/faculty-directory/arman-cohan,baI7IY0AAAAJ,0000-0002-8954-2724
Arman Roohi,University of Nebraska,https://armanroohi.com,pToIGNYAAAAJ,0000-0002-0900-8768
Armando Fox,Univ. of California - Berkeley,https://www.eecs.berkeley.edu/Faculty/Homepages/fox.html,NOSCHOLARPAGE,0000-0002-6096-4931
Armando Solar-Lezama,Massachusetts Inst. of Technology,https://people.csail.mit.edu/asolar,8BX3BokAAAAJ,0000-0001-7604-8252
Armin Biere,University of Freiburg,https://cca.informatik.uni-freiburg.de/biere,V6ES1nIAAAAJ,0000-0001-7170-9242
Armin Kashefi,Brunel University London,https://www.brunel.ac.uk/people/armin-kashefi,pZhfz0kAAAAJ,0000-0001-7816-2227
Armin Moin,UCCS,https://faculty.uccs.edu/amoin,Pf1FmVYAAAAJ,0000-0000-0000-0000
Armin R. Mikler,University of North Texas,http://www.cse.unt.edu/~mikler/A.R.Mikler,41ckZZsAAAAJ,0000-0000-0000-0000
Armin Zimmermann,TU Ilmenau,https://www.tu-ilmenau.de/sse/mitarbeiter/prof-zimmermann,HkSd-OMAAAAJ,0000-0001-7439-7686
Armon Barton,Naval Postgraduate School,https://armonbarton.com,ug8vrqQAAAAJ,0000-0000-0000-0000
Arnab Bhattacharya 0001,IIT Kanpur,https://www.cse.iitk.ac.in/users/arnabb,Sk-JV9QAAAAJ,0000-0001-7331-0788
Arnab Bhattacharyya 0001,National University of Singapore,https://www.comp.nus.edu.sg/~arnab,eECXWqUAAAAJ,0000-0000-0000-0000
Arnab K. Paul,BITS Pilani-Goa,https://arnabkrpaul.github.io,az8MAG0AAAAJ,0000-0002-3694-5511
Arnab Kumar Biswas,Queen's University Belfast,https://pure.qub.ac.uk/en/persons/arnab-kumar-biswas,NOSCHOLARPAGE,0000-0002-3057-2478
Arnab Nandi 0001,Ohio State University,http://arnab.org,OhiNDfkAAAAJ,0000-0002-4138-603X
Arnab Sarkar 0001,IIT Kharagpur,https://facweb.iitkgp.ac.in/~arnab/index.html,dwRVa9EAAAAJ,0000-0002-5930-2180
Arnaldo Vieira Moura,UNICAMP,http://santana.ic.unicamp.br,NOSCHOLARPAGE,0000-0000-0000-0000
Arnaldo de Albuquerque Araújo,UFMG,http://homepages.dcc.ufmg.br/~arnaldo,AitxvQIAAAAJ,0000-0000-0000-0000
Arnaud Lefray,Ecole Normale Superieure de Lyon,http://ens-lyon.academia.edu/ArnaudLeveau,RSqq_fIAAAAJ,0000-0000-0000-0000
Arnaud Liefooghe,CRIStAL,https://sites.google.com/site/arnaudliefooghe,Y2kuG1sAAAAJ,0000-0003-3283-3122
Arnav Jhala,North Carolina State University,https://games.soe.ucsc.edu/arnav-jhala,8x0RJd0AAAAJ,0000-0003-3874-1720
Arnd Hartmanns,University of Twente,https://arnd.hartmanns.name,QbHhlncAAAAJ,0000-0003-3268-8674
Arnd Poetzsch-Heffter,TU Kaiserslautern,https://softech.cs.uni-kl.de/homepage/de/staff/PoetzschHeffter,284TJ1IAAAAJ,0000-0000-0000-0000
Arndt Bode,TU Munich,https://www.lrr.in.tum.de/mitarbeiter/bode,NOSCHOLARPAGE,0000-0000-0000-0000
Arndt von Haeseler,University of Vienna,https://informatik.univie.ac.at/Arndt.von%20Haeseler,iH_4RxYAAAAJ,0000-0000-0000-0000
Arne Linde,Chalmers/GU,https://www.chalmers.se/en/staff/Pages/Arne-Linde-.aspx,NOSCHOLARPAGE,0000-0000-0000-0000
Arne Meier,University of Hannover,https://www.thi.uni-hannover.de/meier.html,iHkXyuoAAAAJ,0000-0000-0000-0000
Arne Skou,Aalborg University,http://people.cs.aau.dk/~ask,qIjjvXwAAAAJ,0000-0002-3727-9936
Arne Storjohann,University of Waterloo,https://cs.uwaterloo.ca/~astorjoh,NOSCHOLARPAGE,0000-0000-0000-0000
Arnis Parsovs,University of Tartu,https://www.etis.ee/CV/Arnis_Parsovs/eng,5GGjp-wAAAAJ,0000-0000-0000-0000
Arno J. Knobbe,Leiden University,https://liacs.leidenuniv.nl/~knobbeaj,kGODZaIAAAAJ,0000-0002-0335-5099
Arno Onken,University of Edinburgh,http://www.inf.ed.ac.uk/people/staff/Arno_Onken.html,JQh31ekAAAAJ,0000-0001-7387-5535
Arno Rüdiger Wacker,Bundeswehr University Munich,https://www.unibw.de/anwendungssicherheit/univ-prof-dr-arno-wacker,zq79YP0AAAAJ,0000-0000-0000-0000
Arno Solin,Aalto University,https://people.aalto.fi/arno.solin,U_fJCnAAAAAJ,0000-0002-0958-7886
Arno Wacker,Bundeswehr University Munich,https://www.unibw.de/anwendungssicherheit/univ-prof-dr-arno-wacker,zq79YP0AAAAJ,0000-0000-0000-0000
Arnold Filtser,Bar-Ilan University,https://arnold.filtser.com,ugWBYxsAAAAJ,0000-0001-9578-9304
Arnold Neville Pears,Uppsala University,http://www.it.uu.se/katalog/arnoldp,NOSCHOLARPAGE,0000-0000-0000-0000
Arnold Pears,Uppsala University,http://www.it.uu.se/katalog/arnoldp,NOSCHOLARPAGE,0000-0000-0000-0000
Arnold W. M. Smeulders,University of Amsterdam,https://staff.fnwi.uva.nl/a.w.m.smeulders,aa5Ou7gAAAAJ,0000-0000-0000-0000
Arnon Avron,Tel Aviv University,http://www.cs.tau.ac.il/~aa,NOSCHOLARPAGE,0000-0001-6831-3343
Arnoud Visser,University of Amsterdam,https://staff.fnwi.uva.nl/a.visser,OWW8yNIAAAAJ,0000-0002-7525-7017
Arnulfo P. Azcarraga,De La Salle University,https://www.dlsu.edu.ph/colleges/ccs/faculty-profile/single/?id=32742696277&command=GETPROFILE,dBYuhB4AAAAJ,0000-0000-0000-0000
Arobinda Gupta,IIT Kharagpur,http://cse.iitkgp.ac.in/~agupta,NOSCHOLARPAGE,0000-0000-0000-0000
Aron Culotta,Tulane University,http://www.cs.tulane.edu/~aculotta,481oUzkAAAAJ,0000-0003-2660-7575
Aron Laszka,Pennsylvania State University,https://aronlaszka.com,ckHkkjgAAAAJ,0000-0001-7400-2357
Aroor Dinesh Dileep,IIT Mandi,http://faculty.iitmandi.ac.in/~addileep,NOSCHOLARPAGE,0000-0000-0000-0000
Arosha K. Bandara,Open University UK,http://stem.open.ac.uk/people/akb235,eYWisq0AAAAJ,0000-0001-8974-0555
Arpan Gujarati,University of British Columbia,https://arpangujarati.github.io,0ZLNSwQAAAAJ,0000-0000-0000-0000
Arpan Mukhopadhyay,University of Warwick,https://warwick.ac.uk/fac/sci/dcs/people/arpan_mukhopadhyay,bmPxFagAAAAJ,0000-0002-0634-1389
Arpit Agarwal,IIT Bombay,https://agarpit.github.io,bjrtXOcAAAAJ,0000-0000-0000-0000
Arpit Gupta,Univ. of California - Santa Barbara,https://sites.cs.ucsb.edu/~arpitgupta,lc3R9-wAAAAJ,0000-0002-6378-7440
Arpita Biswas,Rutgers University,https://sites.google.com/view/arpitabiswas,l_TT8-0AAAAJ,0000-0002-5720-013X
Arpita Ghosh,Cornell University,http://www.arpitaghosh.com,_cMw1IUAAAAJ,0000-0000-0000-0000
Arpita Korwar,IIT Goa,https://www.iitgoa.ac.in/~arpita,qTE4OdYAAAAJ,0000-0000-0000-0000
Arpita Patra,IISc Bangalore,http://www.csa.iisc.ac.in/~arpita,RG6kKh8AAAAJ,0000-0002-8036-4407
Arrvindh Shriraman,Simon Fraser University,http://www.cs.sfu.ca/~ashriram,ZuBFPTcAAAAJ,0000-0001-8466-5701
Arshad Jhumka,University of Leeds,https://eps.leeds.ac.uk/computing/staff/14238/professor-arshad-jhumka,TUVPGvYAAAAJ,0000-0000-0000-0000
Arslan Khan,Pennsylvania State University,https://www.eecs.psu.edu/departments/directory-detail-g.aspx?q=abk6349,W3l_a5cAAAAJ,0000-0000-0000-0000
Arslan Munir,Florida Atlantic University,https://www.fau.edu/engineering/directory/faculty/munir,-P9waaQAAAAJ,0000-0002-3126-8945
Artem Polyvyanyy,University of Melbourne,https://findanexpert.unimelb.edu.au/profile/817239-artem-polyvyanyy,CTF5-1EAAAAJ,0000-0002-7672-1643
Arthorn Luangsodsai,Chulalongkorn University,http://pioneer.netserv.chula.ac.th/~larthorn,NOSCHOLARPAGE,0000-0000-0000-0000
Arthur Azevedo de Amorim,Rochester Inst. of Technology,http://arthuraa.net,dZYdFBgAAAAJ,0000-0001-9916-6614
Arthur Francisco Lorenzon,UFRGS,https://inf.ufrgs.br/~aflorenzon,ITN8AAAAJ,0000-0000-0000-0000
Arthur G. Money,Brunel University London,https://www.brunel.ac.uk/people/arthur-money,dmzs-pIAAAAJ,0000-0000-0000-0000
Arthur Gervais,University College London,http://arthurgervais.com,jLr_xi4AAAAJ,0000-0002-3565-3410
Arthur Gregory Money,Brunel University London,https://www.brunel.ac.uk/people/arthur-money,dmzs-pIAAAAJ,0000-0000-0000-0000
Arthur J. White,Trinity College Dublin,https://www.scss.tcd.ie/Arthur.White,Z7SPy04AAAAJ,0000-0000-0000-0000
Arthur Money,Brunel University London,https://www.brunel.ac.uk/people/arthur-money,dmzs-pIAAAAJ,0000-0000-0000-0000
Artjoms Sinkarovs,University of Southampton,https://ashinkarov.github.io,0X1xEMoAAAAJ,0000-0000-0000-0000
Arto Klami,University of Helsinki,https://www.cs.helsinki.fi/u/aklami,v8PeLGgAAAAJ,0000-0002-7950-1355
Artur Andrzejak 0001,Heidelberg University,https://pvs.ifi.uni-heidelberg.de/team/aa,AmoRK7cAAAAJ,0000-0003-0150-8220
Artur Caetano,Universidade de Lisboa,http://w3.dgeec.mec.pt/rebides/2011/rebid_m2.asp?CodR=110&CodP=0807,HXYfCUIAAAAJ,0000-0000-0000-0000
Artur Czumaj,University of Warwick,https://warwick.ac.uk/fac/sci/dcs/people/artur_czumaj,QKgg5j4AAAAJ,0000-0002-7743-438X
Artur Jez,University of Wroclaw,http://www.ii.uni.wroc.pl/~aje,z4tT55IAAAAJ,0000-0003-4321-3105
Artur S. d'Avila Garcez,City University of London,https://www.city.ac.uk/people/academics/artur-davila-garcez,BCpY0gsAAAAJ,0000-0000-0000-0000
Artur d'Avila Garcez,City University of London,https://www.city.ac.uk/people/academics/artur-davila-garcez,BCpY0gsAAAAJ,0000-0000-0000-0000
Arturo Azcorra,IMDEA Networks Institute,https://networks.imdea.org/team/imdea-networks-team/people/arturo-azcorra,pui4ym6mQiwC,0000-0000-0000-0000
Arturo Azcorra Saloña,IMDEA Networks Institute,https://networks.imdea.org/team/imdea-networks-team/people/arturo-azcorra,pui4ym6mQiwC,0000-0000-0000-0000
Arturo Caronongan,De La Salle University,https://www.dlsu.edu.ph/colleges/ccs/faculty-profile/single/?id=32742735361&command=GETPROFILE,XfZmeCYAAAAJ,0000-0000-0000-0000
Arturo P. Caronongan III,De La Salle University,https://www.dlsu.edu.ph/colleges/ccs/faculty-profile/single/?id=32742735361&command=GETPROFILE,XfZmeCYAAAAJ,0000-0000-0000-0000
Arun Abraham Ross,Michigan State University,http://www.cse.msu.edu/~rossarun,7IiUQDkAAAAJ,0000-0000-0000-0000
Arun Balaji Buduru,IIIT Delhi,http://www.iiitd.ac.in/arunb,sSZczN4AAAAJ,0000-0000-0000-0000
Arun Chauhan 0002,BITS Pilani,http://www.bits-pilani.ac.in/pilani/arunchauhan/profile,noo17fcAAAAJ,0000-0000-0000-0000
Arun K. Kulshreshth,Univ. of Louisiana - Lafayette,https://computing.louisiana.edu/news-events/news/20180810/dr-christoph-borst-and-dr-arun-kulshreshth-awarded-nsf-grant-virtual,8aYcwtUAAAAJ,0000-0002-1151-6868
Arun Kumar 0001,Univ. of California - San Diego,http://cseweb.ucsd.edu/~arunkk,hZQ57XcAAAAJ,0009-0007-5036-2631
Arun Lakhotia,Univ. of Louisiana - Lafayette,https://cacs.louisiana.edu/~arun/home/index.html,NOSCHOLARPAGE,0000-0001-9943-7795
Arun Natarajan 0001,Oregon State University,http://eecs.oregonstate.edu/people/natarajan-arun,FAfbKa8AAAAJ,0000-0000-0000-0000
Arun Padakandla,EURECOM,https://www.eurecom.fr/fr/people/padakandla-arun/publications,4o_dRdUAAAAJ,0000-0000-0000-0000
Arun Rajkumar,IIT Madras,https://sites.google.com/view/arun-rajkumar,gytfaaoAAAAJ,0000-0000-0000-0000
Arun Ravindran,UNC - Charlotte,https://ece.charlotte.edu/directory/dr-arun-ravindran-phd,waniglIAAAAJ,0000-0000-0000-0000
Arun Ross,Michigan State University,http://www.cse.msu.edu/~rossarun,7IiUQDkAAAAJ,0000-0000-0000-0000
Arun S. Natarajan 0001,Oregon State University,http://eecs.oregonstate.edu/people/natarajan-arun,FAfbKa8AAAAJ,0000-0000-0000-0000
Arun Siddharth Konagurthu,Monash University,https://research.monash.edu/en/persons/arun-konagurthu,_42TXaUAAAAJ,0000-0000-0000-0000
Arun Venkataramani,Univ. of Massachusetts Amherst,https://people.cs.umass.edu/~arun,9v2UD2QAAAAJ,0009-0002-7512-3374
Aruna Balasubramanian,Stony Brook University,https://www.cs.stonybrook.edu/people/faculty/ArunaBalasubramanian,qtfHsnoAAAAJ,0000-0003-3720-2215
Aruna Jamdagni,Western Sydney University,https://www.westernsydney.edu.au/staff_profiles/WSU/doctor_aruna_jamdagni,3oga_HcAAAAJ,0000-0002-6510-7816
Aruna Shekar,Massey University,http://www.massey.ac.nz/massey/expertise/profile.cfm?stref=202330,r_r5RigAAAAJ,0000-0000-0000-0000
Aruna Tiwari,IIT Indore,http://www.iiti.ac.in/~artiwari,Ja575P0AAAAJ,0000-0000-0000-0000
Arunabha Sen,Arizona State University,http://www.public.asu.edu/~halla,iGmVaU4AAAAJ,0000-0000-0000-0000
Arunava Banerjee,University of Florida,https://www.cise.ufl.edu/~arunava,f5CUbRIAAAAJ,0000-0001-9381-4940
Arunima Jaiswal,IGDTUW,https://www.igdtuw.ac.in/computerScience.php?name=ArunimaJaiswal,NOSCHOLARPAGE,0000-0000-0000-0000
Arunita Jaekel,University of Windsor,http://www.uwindsor.ca/science/computerscience/1034/dr-arunita-jaekel,3GXXVa0AAAAJ,0000-0000-0000-0000
Arunkumar Bagavathi,Oklahoma State University,https://arunkumar.okstate.edu,1dPUUSkAAAAJ,0000-0000-0000-0000
Arup Abhinna Acharya,KIIT Bhubaneswar,https://cse.kiit.ac.in/profiles/arup-abhinna-acharya,ocM4ZaMAAAAJ,0000-0000-0000-0000
Arup Sarkar,KIIT Bhubaneswar,https://cse.kiit.ac.in/profiles/arup-sarkar,wUtv4b4AAAAJ,0000-0000-0000-0000
Arvin Agah,University of Kansas,http://people.ku.edu/~agah,8p7hVMgAAAAJ,0000-0000-0000-0000
Arvind Easwaran,Nanyang Technological University,https://www3.ntu.edu.sg/home/arvinde,B_ouhTgAAAAJ,0000-0002-9628-3847
Arvind Gupta,University of Toronto,https://www.cs.ubc.ca/people/arvind-gupta,6GGJg24AAAAJ,0000-0000-0000-0000
Arvind K. Bansal,Kent State University,https://www.kent.edu/cs/arvind-k-bansal,LcDL4RsAAAAJ,0000-0000-0000-0000
Arvind Krishnamurthy,University of Washington,http://www.cs.washington.edu/people/faculty/arvind,EnCwNycAAAAJ,0000-0002-9505-9528
Arvind Kumar,KTH Royal Inst. of Technology,https://www.kth.se/profile/arvindku,r25Z-fYAAAAJ,0000-0000-0000-0000
Arvind Narayanan,Princeton University,http://randomwalker.info,0Bi5CMgAAAAJ,0000-0002-2870-6350
Arwa A. Jamjoom,King Abdulaziz University,http://www.kau.edu.sa/Contacts.aspx?Site_ID=611&Lng=EN&Cont=9002,yMcPOd0AAAAJ,0000-0000-0000-0000
Arya Mazumdar,Univ. of California - San Diego,http://mazumdar.ucsd.edu,9tjQU1EAAAAJ,0000-0000-0000-0000
Aryabartta Sahu,IIT Guwahati,https://www.iitg.ernet.in/asahu,apzckLUAAAAJ,0000-0000-0000-0000
Aryan Deshwal,University of Minnesota,https://aryandeshwal.github.io,wNEYBrAAAAAJ,0000-0002-0280-6820
Arye Nehorai,Washington University in St. Louis,https://www.ese.wustl.edu/~nehorai,0pp-L_IAAAAJ,0000-0002-9055-9865
Aryeh Kontorovich,Ben-Gurion University of the Negev,https://www.cs.bgu.ac.il/~karyeh,UNVQ5DsAAAAJ,0000-0001-8038-8671
Aryya Gangopadhyay,Univ. of Maryland - Baltimore County,http://userpages.umbc.edu/~gangopad,2QFqeJIAAAAJ,0000-0002-7553-7932
Arzoo Atiq,University of Melbourne,https://findanexpert.unimelb.edu.au/profile/1003878-arzoo-atiq,MeTI9NYAAAAJ,0000-0001-8701-5173
Arzoo Katiyar,Pennsylvania State University,https://sites.google.com/site/arzook99/home,a20VZPQAAAAJ,0000-0000-0000-0000
Arzucan Özgür,Boğaziçi University,https://www.cmpe.boun.edu.tr/~ozgur,8Kn4-EsAAAAJ,0000-0001-8376-1056
Asa Ben-Hur,Colorado State University,http://www.cs.colostate.edu/~asa,I1fl4oAAAAAJ,0000-0001-8269-6942
Asad I. Khan,Monash University,http://monash.edu/research/explore/en/persons/asad-khan(6d7b2492-1569-4900-a8a4-630f84ce4fe7).html,REo6RU4AAAAJ,0000-0000-0000-0000
Asaf Cidon,Columbia University,https://www.asafcidon.com,yKzSdygAAAAJ,0009-0007-4046-2022
Asaf Levin,Technion,https://web.iem.technion.ac.il/en/people/userprofile/levinas.html,cRDZAZoAAAAJ,0000-0001-7935-6218
Asaf Shabtai,Ben-Gurion University of the Negev,http://www.ise.bgu.ac.il/engineering/PersonalWebSite1main.aspx?id=VrjseMur,k-J7GfgAAAAJ,0000-0003-0630-4059
Asanobu Kitamoto,National Inst. of Informatics,http://agora.ex.nii.ac.jp/~kitamoto,TZG-qp0AAAAJ,0000-0002-1517-7795
Ashery Mbilinyi,University of Victoria,https://www.uvic.ca/ecs/computerscience/people/faculty/profiles/mbilinyi-ashery.php,w8xN7z8AAAAJ,0009-0009-1372-9072
Ashikur Rahman,BUET,http://ashikur.buet.ac.bd,obaBwx4AAAAJ,0000-0000-0000-0000
Ashique Rupam Mahmood,University of Alberta,https://armahmood.github.io,YwB8XM4AAAAJ,0000-0000-0000-0000
Ashiqur R. KhudaBukhsh,Rochester Inst. of Technology,https://www.rit.edu/directory/axkvse-ashique-khudabukhsh,mWyMp38AAAAJ,0000-0003-2394-7902
Ashish Anand,IIT Guwahati,http://www.iitg.ernet.in/anand.ashish,W7nidBQAAAAJ,0000-0002-0024-3358
Ashish Chiplunkar,IIT Delhi,https://www.cse.iitd.ac.in/~ashishc,f9vtZK8AAAAJ,0000-0002-6661-8124
Ashish Choudhary,IIIT Bangalore,https://sites.google.com/site/ashishcrypto,ZYQXnKsAAAAJ,0000-0002-2428-9537
Ashish Choudhury,IIIT Bangalore,https://sites.google.com/site/ashishcrypto,ZYQXnKsAAAAJ,0000-0002-2428-9537
Ashish Ghosh,ISI Kolkata,https://www.isical.ac.in/~ash,JzwlRtAAAAAJ,0000-0003-1548-5576
Ashish Goel,Stanford University,https://web.stanford.edu/~ashishg/ashishg.html,B_rKfusAAAAJ,0000-0002-6598-4712
Ashish Sharma 0001,Emory University,http://sharmalab.info,P3_s4W4AAAAJ,0000-0000-0000-0000
Ashish Venkat,University of Virginia,http://www.cs.virginia.edu/venkat,wbhUDnIAAAAJ,0000-0003-1959-8463
Ashok Cutkosky,Boston University,https://ashok.cutkosky.com,h4AbGp0AAAAJ,0000-0002-3822-3029
Ashok K. Agrawala,Univ. of Maryland - College Park,https://www.cs.umd.edu/users/agrawala,Ytr5Y78AAAAJ,0000-0000-0000-0000
Ashok K. Goel 0001,Georgia Institute of Technology,https://home.cc.gatech.edu/dil/3,VjNg25EAAAAJ,0000-0000-0000-0000
Ashok Kumar 0001,Univ. of Louisiana - Lafayette,https://www.louisiana.edu/about-us/contact-information/telephone-directory,NOSCHOLARPAGE,0000-0000-0000-0000
Ashok Kumar Das,IIIT Hyderabad,https://www.iiit.ac.in/people/faculty/ashokkdas,bToAUHMAAAAJ,0000-0000-0000-0000
Ashok Narayanan Veeraraghavan,Rice University,https://www.ece.rice.edu/~av21,tI-oUmsAAAAJ,0000-0000-0000-0000
Ashok Samal,University of Nebraska,http://cse.unl.edu/~samal,NOSCHOLARPAGE,0000-0002-4559-9454
Ashok Singh Sairam,IIT Patna,https://iitp.ac.in/index.php/departments/engineering/computer-science-a-engineering/people/faculty/dr-ashok-singh-sairam.html,NOSCHOLARPAGE,0000-0000-0000-0000
Ashok Srinivasan,Florida State University,http://www.cs.fsu.edu/~asriniva/home,MEt-KIwAAAAJ,0000-0003-0408-2886
Ashok Veeraraghavan,Rice University,https://www.ece.rice.edu/~av21,tI-oUmsAAAAJ,0000-0001-5043-7460
Ashraf A. Kassim,SUTD,https://istd.sutd.edu.sg/people/faculty/ashraf-kassim,JmcDlF8AAAAJ,0000-0001-7435-8564
Ashraf Aboulnaga,University of Texas at Arlington,https://ashraf.aboulnaga.me,47sihrsAAAAJ,0000-0001-6693-7099
Ashton Anderson,University of Toronto,http://www.cs.toronto.edu/~ashton,FMSltawAAAAJ,0000-0003-3089-6883
Ashutosh Bhatia,BITS Pilani,http://www.bits-pilani.ac.in/pilani/ashutoshbhatia/profile,JU258EQAAAAJ,0000-0000-0000-0000
Ashutosh Dhekne,Georgia Institute of Technology,https://www.cc.gatech.edu/~dhekne,gGB3lA4AAAAJ,0000-0001-6272-8521
Ashutosh Gupta 0001,IIT Bombay,https://www.cse.iitb.ac.in/~akg,NOSCHOLARPAGE,0000-0000-0000-0000
Ashutosh Kumar Gupta 0001,IIT Bombay,https://www.cse.iitb.ac.in/~akg,NOSCHOLARPAGE,0000-0000-0000-0000
Ashutosh Modi,IIT Kanpur,https://ashutosh-modi.github.io,AWu6f60AAAAJ,0000-0000-0000-0000
Ashutosh Raina,Plaksha University,https://www.rainaashu.in,dEDFIpYAAAAJ,0000-0000-0000-0000
Ashutosh Sabharwal,Rice University,https://ashu.rice.edu,MiqMO-kAAAAJ,0000-0003-1898-5787
Ashutosh Trivedi 0001,University of Colorado Boulder,https://ashut.bitbucket.io,9WDXyy4AAAAJ,0000-0001-9346-0126
Ashvin Goel,University of Toronto,http://www.eecg.toronto.edu/~ashvin,_AUSgBQAAAAJ,0000-0003-4048-5906
Ashwin Ashok,Georgia State University,https://grid.cs.gsu.edu/~aashok/index.html,1SIKS28AAAAJ,0000-0002-6827-9154
Ashwin Gumaste,IIT Bombay,https://www.cse.iitb.ac.in/~gnl/members.html,NOSCHOLARPAGE,0000-0000-0000-0000
Ashwin Nayak 0001,University of Waterloo,http://www.math.uwaterloo.ca/~anayak/Site/Home.html,psqKefwAAAAJ,0000-0001-9866-9316
Ashwin Pananjady,Georgia Institute of Technology,https://sites.gatech.edu/ashwin-pananjady,kAOvHSoAAAAJ,0000-0003-0824-9815
Ashwin Satyanarayana,CUNY,https://www.citytech.cuny.edu/faculty/ASatyanarayana,rdZZ8_sAAAAJ,0000-0000-0000-0000
Ashwin Srinivasan 0001,BITS Pilani-Goa,https://www.bits-pilani.ac.in/goa/ashwin/Profile,zpNTeogAAAAJ,0000-0000-0000-0000
Ashwini Patil,University of Tokyo,https://www.hgc.jp/~ashwini/ashwini.html,UIyP2B4AAAAJ,0000-0002-3353-1970
Asia J. Biega [SP],Max Planck Society,https://asiabiega.github.io,Whr_kkwAAAAJ,0000-0000-0000-0000
Asif Ekbal,IIT Patna,http://iitp.ac.in/~asif,IAL_F04AAAAJ,0000-0000-0000-0000
Asif Salekin,Arizona State University,https://asalekin.github.io,eJb_HTEAAAAJ,0000-0002-0807-8967
Asif Uddin Khan,KIIT Bhubaneswar,https://cse.kiit.ac.in/profiles/asif-uddin-khan,jEJ_pXsAAAAJ,0000-0000-0000-0000
Asim Banerjee,DAIICT,http://www.daiict.ac.in/daiict/people/faculty.html,NOSCHOLARPAGE,0000-0000-0000-0000
Asim Karim,LUMS,http://web.lums.edu.pk/~akarim,NXFekJ4AAAAJ,0000-0000-0000-0000
Asim Zia,University of Vermont,http://www.uvm.edu/~azia,6pQUsD0AAAAJ,0000-0000-0000-0000
Asis Nasipuri,UNC - Charlotte,https://ece.charlotte.edu/directory/dr-asis-nasipuri-phd,R6gdn2QAAAAJ,0000-0000-0000-0000
Asish Mukhopadhyay,University of Windsor,http://www.uwindsor.ca/science/computerscience/1053/dr-asish-mukhopadhyay,Up_ZDaAAAAAJ,0000-0000-0000-0000
Asja Fischer,Ruhr-University Bochum,https://www.ruhr-uni-bochum.de/lmi/fischer,FyZbyIUAAAAJ,0000-0002-1916-7033
Aske Mottelson,IT University of Copenhagen,https://pure.itu.dk/portal/en/persons/aske-mottelson(410df04c-bc1d-4cd3-9726-c35469ddab8c).html,TJ4FMD8AAAAJ,0000-0003-1827-8513
Aske Plaat,Leiden University,https://askeplaat.wordpress.com,scYqr58AAAAJ,0000-0001-7202-3322
Aslan Askarov,Aarhus University,http://askarov.net,VV78_dMAAAAJ,0000-0002-9035-4034
Asma Adnane,Loughborough University,https://www.lboro.ac.uk/departments/compsci/staff/academic-teaching/asma-adnane,yNx6iUwAAAAJ,0000-0001-6659-9245
Asmaa Adnane,Loughborough University,https://www.lboro.ac.uk/departments/compsci/staff/academic-teaching/asma-adnane,yNx6iUwAAAAJ,0000-0000-0000-0000
Asohan Amarasingham,CUNY,https://www.ccny.cuny.edu/profiles/asohan-amarasingham,zGkM990AAAAJ,0000-0000-0000-0000
Assaf Hoogi,Ariel University,https://pniot.ariel.ac.il/Projects/trp/GeneralInformation.asp?numRec=751&id_lang=1,TXsC5ZkAAAAJ,0000-0002-4542-6254
Assaf J. Kfoury,Boston University,http://www.cs.bu.edu/~kfoury,VpdYemsAAAAJ,0000-0000-0000-0000
Assaf Schuster,Technion,http://assaf.net.technion.ac.il,KfwgjswAAAAJ,0000-0000-0000-0000
Assefaw H. Gebremedhin,Washington State University,http://www.eecs.wsu.edu/~assefaw,iQs7spsAAAAJ,0000-0001-5383-8032
Assefaw Hadish Gebremedhin,Washington State University,http://www.eecs.wsu.edu/~assefaw,iQs7spsAAAAJ,0000-0001-5383-8032
Assia Mahboubi,INRIA,https://people.rennes.inria.fr/Assia.Mahboubi,NOSCHOLARPAGE,0000-0002-0312-5461
Asterios Katsifodimos,TU Delft,http://asterios.katsifodimos.com,1KdkcSoAAAAJ,0000-0002-6717-2945
Astrid Nieße,University of Oldenburg,https://uol.de/des/team/astrid-niesse,Os2m0ykAAAAJ,0000-0000-0000-0000
Astrid Weiss,TU Wien,https://astridweiss.net,QEfRSSsAAAAJ,0000-0001-7803-9413
Asuman E. Ozdaglar,Massachusetts Inst. of Technology,https://asu.mit.edu,nWnBSOsAAAAJ,0000-0002-1827-1285
Ata Kabán,University of Birmingham,https://www.birmingham.ac.uk/staff/profiles/computer-science/academic-staff/kaban-ata.aspx,rb1Om0cAAAAJ,0000-0000-0000-0000
Atakan Aral,University of Vienna,https://cs.univie.ac.at/Atakan.Aral,hyRRNqgAAAAJ,0000-0002-2281-8183
Atanas P. Gotchev,Tampere University,https://www.tuni.fi/en/atanas-gotchev,quqBZjUAAAAJ,0000-0000-0000-0000
Atanas Rountev,Ohio State University,http://web.cse.ohio-state.edu/~rountev,Y9Jw4lcAAAAJ,0000-0003-4556-4937
Atau Tanaka,University of Bristol,http://ataut.net,4mgdxrUAAAAJ,0000-0000-0000-0000
Atay Ozgovde,Galatasaray University,https://avesis.gsu.edu.tr/aozgovde,obp2euEAAAAJ,0000-0000-0000-0000
Atay Özgövde,Galatasaray University,https://avesis.gsu.edu.tr/aozgovde,obp2euEAAAAJ,0000-0000-0000-0000
Athanasios D. Panagopoulos,NTUA,http://users.ntua.gr/thanpan,RGuFDFIAAAAJ,0000-0000-0000-0000
Athanasios G. Georgiadis,Trinity College Dublin,https://sites.google.com/site/nasosmath,RZ_2x8gAAAAJ,0000-0000-0000-0000
Athanasios G. Kanatas,University of Piraeus,https://www.ds.unipi.gr/en/faculty/kanatas-en,9SbmI0YAAAAJ,0000-0000-0000-0000
Athanasios Mouchtaris,University of Crete,https://www.csd.uoc.gr/~mouchtar,CMNg4XUAAAAJ,0000-0000-0000-0000
Athanassia Alonistioti,University of Athens,http://scan.di.uoa.gr/dr-spyridon-panagiotakis,jIQo9VwAAAAJ,0000-0000-0000-0000
Athena Stassopoulou,University of Nicosia,https://www.unic.ac.cy/stassopoulou-athena,319KjpsAAAAJ,0000-0000-0000-0000
Athman Bouguettaya,University of Sydney,https://www.sydney.edu.au/engineering/about/our-people/academic-staff/athman-bouguettaya.html,eVlizvwAAAAJ,0000-0003-1254-8092
Athula Ginige,Western Sydney University,https://www.westernsydney.edu.au/staff_profiles/uws_profiles/professor_athula_ginige,A5hYIEEAAAAJ,0000-0002-7445-588X
Atif Ahmad,University of Melbourne,http://people.eng.unimelb.edu.au/atif/home.html,PZsKvFUAAAAJ,0000-0002-8862-5755
Atif Rahman,BUET,https://cse.buet.ac.bd/faculty_list/detail/atif,Haius0wAAAAJ,0000-0000-0000-0000
Atm Shafiul Alam,Queen Mary University of London,http://eecs.qmul.ac.uk/profiles/alamatm.html,oQtDPoYAAAAJ,0000-0000-0000-0000
Atri Rudra,University at Buffalo,https://cse.buffalo.edu/~atri,_e5H8IoAAAAJ,0000-0003-4136-4719
Atriya Sen,University of New Orleans,https://www.uno.edu/profile/faculty/atriya_sen,i431XYsAAAAJ,0000-0000-0000-0000
Atsuhiro Takasu,National Inst. of Informatics,http://www.ldear.nii.ac.jp/~takasu/jp/index.php,NOSCHOLARPAGE,0000-0002-9061-7949
Atsuko Takefusa,National Inst. of Informatics,https://www.nii.ac.jp/en/faculty/architecture/takefusa_atsuko,cpsThv8AAAAJ,0000-0003-0785-0131
Atsushi Fujii,Tokyo Institute of Technology,https://www.cl.c.titech.ac.jp/~fujii/index-en.html,NOSCHOLARPAGE,0000-0000-0000-0000
Atsushi Igarashi,Kyoto University,https://www.fos.kuis.kyoto-u.ac.jp/~igarashi/index.html.en,OupExl8AAAAJ,0000-0002-5143-9764
Atsushi Nakazawa,Kyoto University,http://www.design.kyoto-u.ac.jp/faculty/a-nakazawa,vsAumE0AAAAJ,0000-0003-4133-3824
Atsushi Yoshikawa 0002,Tokyo Institute of Technology,http://www.trn.dis.titech.ac.jp/yoshi_lab/english/index.html,NOSCHOLARPAGE,0000-0001-7020-5085
Attila A. Yavuz,University of South Florida,http://csee.usf.edu/~attilaayavuz,vx6BwmwAAAAJ,0000-0002-8680-9307
Attila Altay Yavuz,University of South Florida,http://csee.usf.edu/~attilaayavuz,vx6BwmwAAAAJ,0000-0000-0000-0000
Attila Gürsoy,Koç University,http://mysite.ku.edu.tr/agursoy,XDcZ2DQAAAAJ,0000-0002-2297-2113
Attila Kertész-Farkas,HSE University,https://www.hse.ru/en/staff/akerteszfarkas,PcFnWhoAAAAJ,0000-0000-0000-0000
Atul Ingle,Portland State University,https://www.AtulIngle.com,jVYxUqEAAAAJ,0000-0002-3695-5891
Atul Mantri,Virginia Tech,https://website.cs.vt.edu/people/faculty/atul-mantri.html,Xnm7lvQAAAAJ,0000-0000-0000-0000
Atul Prakash 0001,University of Michigan,http://web.eecs.umich.edu/~aprakash,kIkHa2IAAAAJ,0000-0002-4907-3687
Audrey Durand,Université Laval,https://audur2.ift.ulaval.ca,Qdm6sEwAAAAJ,0000-0000-0000-0000
Audrey Girouard,Carleton University,https://cil.csit.carleton.ca,wP7xkUEAAAAJ,0000-0003-3223-105X
Audrey K. Bowden,Vanderbilt University,https://lab.vanderbilt.edu/bowdenlab,NOSCHOLARPAGE,0000-0000-0000-0000
Audris Kalnins,University of Latvia,https://www.linkedin.com/in/audris-kalnins-33b3b0,NOSCHOLARPAGE,0000-0003-0907-7496
Audris Mockus,University of Tennessee,http://mockus.us,ZGvnVQUAAAAJ,0000-0002-7987-7598
August-Wilhelm Scheer,TU Munich,http://www.tum-ias.de/people/members/tum-august-wilhelm-scheer-visiting-professors.html,JeUi9iEAAAAJ,0000-0000-0000-0000
Augustin Chaintreau,Columbia University,http://www.cs.columbia.edu/~augustin,Hb6J54cAAAAJ,0000-0001-7354-3928
Augustine Samba,Kent State University,https://www.kent.edu/cs/augustine-gus-samba,NOSCHOLARPAGE,0000-0000-0000-0000
Augusto C. A. Sampaio,UFPE,http://www.cin.ufpe.br/~acas,03R9LnwAAAAJ,0000-0000-0000-0000
Augusto Casaca,Universidade de Lisboa,http://comp.ist.utl.pt/ajc,4Fsc1cQAAAAJ,0000-0003-3969-1219
Augusto Ciuffoletti,University of Pisa,http://www.di.unipi.it/~augusto,H3qOnAgAAAAJ,0000-0000-0000-0000
Augusto Esteves,Universidade de Lisboa,http://web.tecnico.ulisboa.pt/augusto.esteves,KHe7CLIAAAAJ,0000-0003-1621-5375
Augusto Sampaio 0001,UFPE,http://www.cin.ufpe.br/~acas,03R9LnwAAAAJ,0000-0000-0000-0000
Auke Jan Ijspeert,EPFL,https://people.epfl.ch/auke.ijspeert,ViYx9vMAAAAJ,0000-0003-1417-9980
Aukosh Jagannath,University of Waterloo,https://aukosh.github.io,1gpz5TAAAAAJ,0000-0000-0000-0000
Aura Conci,UFF,http://www2.ic.uff.br/~aconci,lojRGVgAAAAJ,0000-0000-0000-0000
Aurojit Panda,New York University,https://cs.nyu.edu/~apanda,SssrcUsAAAAJ,0000-0001-9664-4377
Auroop R. Ganguly,Northeastern University,https://www.civ.neu.edu/people/ganguly-auroop,eNrAUJMAAAAJ,0000-0002-4292-4856
Auroop Ratan Ganguly,Northeastern University,https://www.civ.neu.edu/people/ganguly-auroop,eNrAUJMAAAAJ,0000-0000-0000-0000
Aurora Constantin,University of Edinburgh,http://www.inf.ed.ac.uk/people/staff/Aurora_Constantin.html,0JJmfykAAAAJ,0000-0000-0000-0000
Aurora T. R. Pozo,UFPR,https://www.inf.ufpr.br/aurora,vK2m9fAAAAAJ,0000-0000-0000-0000
Aurora Trinidad Ramirez Pozo,UFPR,https://www.inf.ufpr.br/aurora,vK2m9fAAAAAJ,0000-0000-0000-0000
Aurore Fass,CISPA Helmholtz Center,https://aurore54f.github.io,NuD8rUoAAAAJ,0000-0001-6611-4447
Aurélien Bellet,CRIStAL,http://researchers.lille.inria.fr/abellet,j8svx3IAAAAJ,0000-0003-3440-1251
Aurélien Francillon,EURECOM,http://www.s3.eurecom.fr/~aurel,2nKaJagAAAAJ,0000-0003-0584-8732
Aurélien Lemay,CRIStAL,https://www.cristal.univ-lille.fr/profil/alemay,NOSCHOLARPAGE,0000-0000-0000-0000
Aurélien Lucchi,University of Basel,https://omls.dmi.unibas.ch/en/persons/aurelien-lucchi,V1ONSgIAAAAJ,0000-0001-7015-2710
Austen Rainer,University of Canterbury,https://www.cosc.canterbury.ac.nz/austen.rainer,NOSCHOLARPAGE,0000-0001-8868-263X
Austen W. Rainer,University of Canterbury,https://www.cosc.canterbury.ac.nz/austen.rainer,NOSCHOLARPAGE,0000-0000-0000-0000
Austen William Rainer,University of Canterbury,https://www.cosc.canterbury.ac.nz/austen.rainer,NOSCHOLARPAGE,0000-0000-0000-0000
Austin C. Melton,Kent State University,https://www.kent.edu/node/austin-melton,NOSCHOLARPAGE,0000-0000-0000-0000
Austin Cory Bart,University of Delaware,https://www.cis.udel.edu/people/faculty-profile/?id=261,gAQVtfcAAAAJ,0000-0003-1517-329X
Austin J. Brockmeier,University of Delaware,https://www.cis.udel.edu/people/faculty-profile/?id=264,g_QoCQQAAAAJ,0000-0000-0000-0000
Austin L. Toombs,Indiana University,https://austintoombs.com,JXyuvtwAAAAJ,0000-0003-3418-0065
Austin Melton,Kent State University,https://www.kent.edu/node/austin-melton,NOSCHOLARPAGE,0000-0000-0000-0000
Austin R. Benson,Cornell University,https://www.cs.cornell.edu/~arb,BzOqNoQAAAAJ,0000-0001-6110-1583
Austin Toombs,Indiana University,https://austintoombs.com,JXyuvtwAAAAJ,0000-0003-3418-0065
Autran Macedo,UFU,http://www.facom.ufu.br/~autran,4dU3acUAAAAJ,0000-0000-0000-0000
Autran Macêdo,UFU,http://www.facom.ufu.br/~autran,4dU3acUAAAAJ,0000-0000-0000-0000
Avah Banerjee,Missouri S&T,https://www.avahbanerjee.com,dLDW7UQAAAAJ,0000-0000-0000-0000
Avani Wildani,Emory University,https://cs.emory.edu/~avani/index.html,08UkfMsAAAAJ,0000-0000-0000-0000
Aveek Dutta,University of Kansas,http://www.ittc.ku.edu/~aveekd,NOSCHOLARPAGE,0000-0000-0000-0000
Avelino F. Zorzo,PUC-RS,http://www.inf.pucrs.br/~zorzo,rsiQlMgAAAAJ,0000-0002-0790-6759
Avelino Francisco Zorzo,PUC-RS,http://www.inf.pucrs.br/~zorzo,rsiQlMgAAAAJ,0000-0000-0000-0000
Avelino J. Gonzalez,University of Central Florida,http://www.cecs.ucf.edu/faculty/avelino-gonzalez,NOSCHOLARPAGE,0000-0000-0000-0000
Avery Miller,University of Manitoba,http://www.cs.umanitoba.ca/~amiller,BvvdwvIAAAAJ,0000-0002-8231-3697
Avesta Sasan,Univ. of California - Davis,https://www.ece.ucdavis.edu/~avesta/index.html,BMmfOCEAAAAJ,0000-0002-4052-8075
Avi Silberschatz,Yale University,http://www.cs.yale.edu/~avi,-YvgZDEAAAAJ,0000-0000-0000-0000
Aviad Rubinstein,Stanford University,https://cs.stanford.edu/~aviad,ZTsHfNAAAAAJ,0000-0002-6900-8612
Avideh Zakhor,Univ. of California - Berkeley,https://www2.eecs.berkeley.edu/Faculty/Homepages/zakhor.html,XV8QLVQAAAAJ,0000-0003-4770-6353
Aviezri S. Fraenkel,Weizmann Institute of Science,https://www.weizmann.ac.il/pages/search/people?language=english&single=1&person_id=3774,NOSCHOLARPAGE,0000-0000-0000-0000
Avigdor Gal,Technion,https://agp.iem.technion.ac.il/avigal,APs1p2oAAAAJ,0000-0002-7028-661X
Avinash Gautam,BITS Pilani,http://universe.bits-pilani.ac.in/pilani/avinash/profile,V6-4CfQAAAAJ,0000-0000-0000-0000
Avinash Karanth,Ohio University,http://oucsace.cs.ohiou.edu/~avinashk,NOSCHOLARPAGE,0000-0002-9472-4637
Avinash Karanth Kodi,Ohio University,http://oucsace.cs.ohiou.edu/~avinashk,NOSCHOLARPAGE,0000-0000-0000-0000
Avinash Kodi,Ohio University,http://oucsace.cs.ohiou.edu/~avinashk,NOSCHOLARPAGE,0000-0000-0000-0000
Avinash Sharma 0001,IIT Jodhpur,https://3dcomputervision.github.io,4ladtC0AAAAJ,0000-0001-5013-5024
Avinatan Hassidim,Bar-Ilan University,http://u.cs.biu.ac.il/~avinatan,CnBvgwcAAAAJ,0000-0002-3855-344X
Avinoam Kolodny,Technion,https://kolodny.net.technion.ac.il,N8FJv24AAAAJ,0000-0000-0000-0000
Aviral Shrivastava,Arizona State University,http://www.public.asu.edu/~ashriva6,zlzK-v0AAAAJ,0000-0002-1075-897X
Avishay Tal,Univ. of California - Berkeley,http://www.avishaytal.org,4pytJD8AAAAJ,0000-0002-0375-6554
Avishek Anand,TU Delft,https://www.wis.ewi.tudelft.nl/anand,BMdfo4UAAAAJ,0000-0002-0163-0739
Avishek Ghosh,IIT Bombay,https://sites.google.com/view/avishekghosh/home,8y0Dg5cAAAAJ,0000-0000-0000-0000
Aviv Tamar,Technion,https://people.eecs.berkeley.edu/~avivt,kppa2vgAAAAJ,0000-0000-0000-0000
Aviv Zohar,Hebrew University of Jerusalem,http://www.cs.huji.ac.il/~avivz,PcTIS1oAAAAJ,0000-0001-8539-9222
Avrim Blum,TTI Chicago,https://home.ttic.edu/~avrim,Jlv4MR4AAAAJ,0000-0003-2450-5102
Awad H. Khalil,American University in Cairo,https://www.aucegypt.edu/fac/awadkhalil,NOSCHOLARPAGE,0000-0000-0000-0000
Awais Aziz Shah,University of Glasgow,https://www.gla.ac.uk/schools/computing/staff/awaisazizshah,0ZWrFbgAAAAJ,0000-0000-0000-0000
Awais Rashid,University of Bristol,https://research-information.bris.ac.uk/en/persons/awais-rashid,pI5g2hIAAAAJ,0000-0002-0109-1341
Awdren Fontão,UFMS,https://awdren.github.io,BfesYF0AAAAJ,0000-0000-0000-0000
Aws Albarghouthi,University of Wisconsin - Madison,http://pages.cs.wisc.edu/~aws,CUbC2zYAAAAJ,0000-0003-4577-175X
Axel Hahn,University of Oldenburg,https://uol.de/sao/personen/prof-dr-ing-axel-hahn,0XGwMHkAAAAJ,0000-0003-2240-5351
Axel Jantsch,TU Wien,http://jantsch.se/AxelJantsch,ZF4gC44AAAAJ,0000-0003-2251-0004
Axel Kalenborn,University of Trier,https://www.uni-trier.de/index.php?id=17390,NOSCHOLARPAGE,0000-0000-0000-0000
Axel Krieger,Johns Hopkins University,https://me.jhu.edu/faculty/axel-krieger,ezJ0eHAAAAAJ,0000-0001-8169-075X
Axel Küpper,TU Berlin,https://www.snet.tu-berlin.de/menue/team/prof_dr_axel_kuepper,NOSCHOLARPAGE,0000-0000-0000-0000
Axel Ngonga,Paderborn University,https://cs.upb.de/ds,ccQhjwkAAAAJ,0000-0001-7112-3516
Axel W. Krings,University of Idaho,http://www.uidaho.edu/engr/departments/cs/our-people/faculty/axel-krings,NOSCHOLARPAGE,0000-0000-0000-0000
Axel-Cyrille Ngonga Ngomo,Paderborn University,https://cs.upb.de/ds,ccQhjwkAAAAJ,0000-0001-7112-3516
Ayan Chaudhury,IIT Kharagpur,https://cse.iitkgp.ac.in/~ayanc,jv9PrfgAAAAJ,0000-0000-0000-0000
Ayan Mukhopadhyay,College of William and Mary,https://www.ayanmukhopadhyay.com,1lNZTdMAAAAJ,0000-0002-8355-0950
Ayanori Yorozu,University of Tsukuba,https://trios.tsukuba.ac.jp/en/researcher/0000004390,NOSCHOLARPAGE,0000-0003-1334-9132
Aydin Kaya 0001,Hacettepe University,https://web.cs.hacettepe.edu.tr/~aydinkaya,4xURlrgAAAAJ,0000-0000-0000-0000
Ayellet Tal,Technion,http://webee.technion.ac.il/people/ayellet,eFGgX-QAAAAJ,0000-0002-4967-7309
Ayesha Khalid,Queen's University Belfast,https://www.qub.ac.uk/schools/eeecs/Connect/Staff/BusinessCard/?name=a.khalid,YXQolr4AAAAJ,0000-0002-4815-6966
Aykut Erdem,Koç University,https://aykuterdem.github.io,-xA1_OAAAAAJ,0000-0002-6280-8422
Aylin Caliskan,University of Washington,https://faculty.washington.edu/aylin/index.html,zxzZAi0AAAAJ,0000-0001-7154-8629
Aylin Caliskan Islam,University of Washington,https://faculty.washington.edu/aylin/index.html,zxzZAi0AAAAJ,0000-0000-0000-0000
Aylin Yener,Ohio State University,https://ece.osu.edu/people/yener.5,W6DNu0cAAAAJ,0000-0003-0820-3390
Ayman I. Kayssi,American University of Beirut,https://www.aub.edu.lb/fea/publicprofile/Pages/profile.aspx?MemberId=ayman,JzsqVaMAAAAJ,0000-0000-0000-0000
Ayon Chakraborty,IIT Madras,https://www.cse.iitm.ac.in/~ayon,xKrkM1EAAAAJ,0000-0000-0000-0000
Ayoung Kim,Seoul National University,https://rpm.snu.ac.kr/index.php/Main/People,7yveufgAAAAJ,0000-0000-0000-0000
Ayse K. Coskun,Boston University,https://www.bu.edu/eng/profile/ayse-coskun,euIQ_RkAAAAJ,0000-0002-6554-088X
Ayse Kivilcim Coskun,Boston University,https://www.bu.edu/eng/profile/ayse-coskun,euIQ_RkAAAAJ,0000-0000-0000-0000
Ayse Küçükyilmaz,University of Nottingham,https://www.nottingham.ac.uk/computerscience/people/ayse.kucukyilmaz,NOSCHOLARPAGE,0000-0003-3202-6750
Ayse Nur Zincir-Heywood,Dalhousie University,https://www.cs.dal.ca/~zincir,F9nG0F4AAAAJ,0000-0000-0000-0000
Ayse Tosun,Istanbul Technical University,http://web.itu.edu.tr/tosunay,KktAed0AAAAJ,0000-0003-1859-7872
Ayse Tosun Misirli,Istanbul Technical University,http://web.itu.edu.tr/tosunay,KktAed0AAAAJ,0000-0003-1859-7872
Ayse Yilmazer,Istanbul Technical University,https://web.itu.edu.tr/yilmazerayse,PSsiqbYAAAAJ,0000-0003-4502-7365
Ayse Yilmazer-Metin,Istanbul Technical University,https://web.itu.edu.tr/yilmazerayse,PSsiqbYAAAAJ,0000-0000-0000-0000
Aysegul Dundar,Bilkent University,http://www.cs.bilkent.edu.tr/~adundar,pvu770UAAAAJ,0000-0000-0000-0000
Aysegül Dündar,Bilkent University,http://www.cs.bilkent.edu.tr/~adundar,pvu770UAAAAJ,0000-0000-0000-0000
Aysenur Akyuz Birtürk,Middle East Technical University,http://user.ceng.metu.edu.tr/~birturk,hyJqGeMAAAAJ,0000-0000-0000-0000
Aysenur Birturk,Middle East Technical University,http://user.ceng.metu.edu.tr/~birturk,hyJqGeMAAAAJ,0000-0000-0000-0000
Aysenur Birtürk,Middle East Technical University,http://user.ceng.metu.edu.tr/~birturk,hyJqGeMAAAAJ,0000-0000-0000-0000
Ayumi Igarashi 0001,National Inst. of Informatics,https://www.nii.ac.jp/en/faculty/informatics/igarashi_ayumi,wpHvNtYAAAAJ,0000-0000-0000-0000
Ayush Tewari,University of Cambridge,https://www.eng.cam.ac.uk/profiles/at2164,pDnzpeoAAAAJ,0000-0002-3805-4421
Ayça Kolukisa Tarhan,Hacettepe University,https://sites.google.com/view/aycatarhan,nxtKV6YAAAAJ,0000-0000-0000-0000
Ayça Tarhan,Hacettepe University,https://sites.google.com/view/aycatarhan,nxtKV6YAAAAJ,0000-0000-0000-0000
Azad Azadmanesh,University of Nebraska - Omaha,https://www.unomaha.edu/college-of-information-science-and-technology/about/faculty-staff/azad-azadmanesh.php,NOSCHOLARPAGE,0000-0000-0000-0000
Azad H. Azadmanesh,University of Nebraska - Omaha,https://www.unomaha.edu/college-of-information-science-and-technology/about/faculty-staff/azad-azadmanesh.php,NOSCHOLARPAGE,0000-0000-0000-0000
Azadeh Alavi,RMIT University,https://www.rmit.edu.au/contact/staff-contacts/academic-staff/a/alavi-dr-azadeh,DfcWwgcAAAAJ,0000-0002-9565-217X
Azadeh Farzan,University of Toronto,http://www.cs.toronto.edu/~azadeh,n9Kg_LUAAAAJ,0000-0001-9005-2653
Azalea Raad,Imperial College London,http://www.soundandcomplete.org,NOSCHOLARPAGE,0000-0002-2319-3242
Azer Bestavros,Boston University,http://www.bu.edu/cs/azer-bestavros,S5B0QmMAAAAJ,0000-0003-0798-8835
Azhar Ilyas,New York Tech,https://site.nyit.edu/bio/ailyas,EHHHoOwAAAAJ,0000-0002-2406-4223
Aziz Khan 0001,MBZUAI,https://mbzuai.ac.ae/study/faculty/aziz-khan,m23RfrcAAAAJ,0000-0002-6459-6224
Aziz Mohaisen,University of Central Florida,http://cs.ucf.edu/~mohaisen,q387AywAAAAJ,0000-0003-3227-2505
Aziz Salah,Université du Québec à Montréal,https://www.labunix.uqam.ca/~salah_a/3ardh.php,NOSCHOLARPAGE,0000-0000-0000-0000
Aznul Qalid Md Sabri,University of Malaya,https://umexpert.um.edu.my/aznulqalid,oX5-84kAAAAJ,0000-0000-0000-0000
Azza Abouzeid,NYU Abu Dhabi,https://azzaabouzied.com,RkddXygAAAAJ,0000-0000-0000-0000
Azza Abouzied,NYU Abu Dhabi,https://azzaabouzied.com,RkddXygAAAAJ,0000-0003-4273-2536
Azzam Ibrahim,University of Jordan,http://eacademic.ju.edu.jo/azzam.sleit,yZ42G9YAAAAJ,0000-0000-0000-0000
Azzam Sleit,University of Jordan,http://eacademic.ju.edu.jo/azzam.sleit,yZ42G9YAAAAJ,0000-0003-3383-6253
Azzedine Boukerche,University of Ottawa,http://www.site.uottawa.ca/~boukerch,RMo9P4oAAAAJ,0000-0000-0000-0000
Azzedine F. M. Boukerche,University of Ottawa,http://www.site.uottawa.ca/~boukerch,RMo9P4oAAAAJ,0000-0000-0000-0000
Aïda Ouangraoua,Université de Sherbrooke,https://www.usherbrooke.ca/informatique/personnel/corps-professoral/professeurs/aida-ouangraoua,NOSCHOLARPAGE,0000-0002-2040-4948
Ágnes Horvát,Northwestern University,https://agneshorvat.soc.northwestern.edu,Gg4nnKMAAAAJ,0000-0000-0000-0000
Ágoston E. Eiben,VU Amsterdam,http://www.cs.vu.nl/~gusz,NMuDAe0AAAAJ,0000-0000-0000-0000
Ákos Lédeczi,Vanderbilt University,https://www.isis.vanderbilt.edu/akos,taqkLgoAAAAJ,0000-0000-0000-0000
Álvaro Barreiro,University of A Coruña,https://www.dc.fi.udc.es/~barreiro,73tqFdsAAAAJ,0000-0002-6698-2946
Ángel Viña,University of A Coruña,https://pdi.udc.es/es/File/Pdi/FK7AF,NOSCHOLARPAGE,0000-0000-0000-0000
Ángel Viña Castiñeiras,University of A Coruña,https://pdi.udc.es/es/File/Pdi/FK7AF,NOSCHOLARPAGE,0000-0000-0000-0000
Ángeles Saavedra,University of A Coruña,https://lbd.udc.es/ShowResearcherInformation.do?id=5,IYkBYzQAAAAJ,0000-0000-0000-0000
Ángeles Saavedra Places,University of A Coruña,https://lbd.udc.es/ShowResearcherInformation.do?id=5,IYkBYzQAAAAJ,0000-0000-0000-0000
Åse Jevinger,Malmö University,https://mau.se/en/persons/ase.jevinger,NOSCHOLARPAGE,0000-0002-6019-1182
