name,affiliation,homepage,scholarid,orcid
P. David Stotts,University of North Carolina,http://www.cs.unc.edu/~stotts,NOSCHOLARPAGE,0000-0000-0000-0000
P. Deepak 0001,Queen's University Belfast,https://www.qub.ac.uk/schools/eeecs/Connect/Staff/BusinessCard/?name=d.padmanabhan,YC60F-YAAAAJ,0000-0000-0000-0000
P. J. Narayanan,IIIT Hyderabad,https://www.iiit.ac.in/~pjn,3HKjt_IAAAAJ,0000-0002-7164-4917
P. J. P. McMullan,Queen's University Belfast,https://www.qub.ac.uk/schools/eeecs/Connect/Staff/BusinessCard/?name=p.p.mcmullan,NOSCHOLARPAGE,0000-0000-0000-0000
P. K. Srijith,IIT Hyderabad,https://cse.iith.ac.in/?q=People/Faculty,C1YpEWsAAAAJ,0000-0002-2820-0835
P. Katerinis,AUEB,http://www.aueb.gr/pages_en/graduate/masters.php,NOSCHOLARPAGE,0000-0000-0000-0000
P. Krishna Gummadi [SWS],Max Planck Society,https://www.mpi-sws.org/~gummadi,Bz3APTsAAAAJ,0000-0000-0000-0000
P. Krishna Reddy,IIIT Hyderabad,http://faculty.iiit.ac.in/~pkreddy,XIgl8kUAAAAJ,0000-0000-0000-0000
P. L. Kilpatrick,Queen's University Belfast,https://www.qub.ac.uk/schools/eeecs/Connect/Staff/BusinessCard/?name=p.kilpatrick,OlitxFsAAAAJ,0000-0000-0000-0000
P. Madhusudan,Univ. of Illinois at Urbana-Champaign,http://madhu.cs.illinois.edu,V828uG8AAAAJ,0000-0002-9782-721X
P. P. Chakrabarti,IIT Kharagpur,http://cse.iitkgp.ac.in/~ppchak,yq-ekN8AAAAJ,0000-0000-0000-0000
P. Patrick van der Smagt,TU Munich,https://brml.org/people/smagt,5ybzvbsAAAAJ,0000-0003-4418-4916
P. Radha Krishna 0001,National Inst. of Tech. Warangal,https://wsdc.nitw.ac.in/facultynew/facultyprofile/id/16934,JFzGHMIAAAAJ,0000-0000-0000-0000
P. Roberto Oliveira,UFRJ,http://www.cos.ufrj.br/index.php/pt-BR/pessoas/details/18/1045-poliveir,55Or75UAAAAJ,0000-0000-0000-0000
P. Sadayappan,University of Utah,http://www.cs.utah.edu/~saday,JN4tlsMAAAAJ,0000-0002-4737-2034
P. Sateesh Kumar,IIT Roorkee,http://www.iitr.ac.in/departments/CSE/pages/People+Faculty+drpskfec.html,jc0x_v8AAAAJ,0000-0000-0000-0000
P. Sreenivasa Kumar 0001,IIT Madras,http://www.cse.iitm.ac.in/~psk,FbCn7fkAAAAJ,0000-0000-0000-0000
P. Takis Mathiopoulos,University of Athens,http://gain.di.uoa.gr/index.php/the-group-members/faculty-members/p-takis-mathiopoulos,NOSCHOLARPAGE,0000-0000-0000-0000
P. Thomas Fletcher,University of Virginia,https://engineering.virginia.edu/faculty/tom-fletcher,7pRRhkkAAAAJ,0000-0000-0000-0000
P. Ubaidulla,IIIT Hyderabad,https://www.iiit.ac.in/people/faculty/pubaidulla,JpIWSI4AAAAJ,0000-0000-0000-0000
P. V. Skums,Georgia State University,http://alan.cs.gsu.edu/compbel,h5ZxsFAAAAAJ,0000-0000-0000-0000
P. Vassalos,AUEB,http://pubs.dbs.uni-leipzig.de/aa/aff/Greece/Athens/Athens%20University%20of%20Economics%20and%20Business,NOSCHOLARPAGE,0000-0000-0000-0000
P. Venkata Subba Reddy 0001,National Inst. of Tech. Warangal,https://wsdc.nitw.ac.in/facultynew/facultyprofile/id/16338,LSGPBhoAAAAJ,0000-0000-0000-0000
P. Vijay Kumar,IISc Bangalore,http://ece.iisc.ernet.in/~vijay,Wx5neQQAAAAJ,0000-0000-0000-0000
Pabitra Mitra,IIT Kharagpur,http://cse.iitkgp.ac.in/~pabitra,5bXSZPYAAAAJ,0000-0000-0000-0000
Pablo A. Parrilo,Massachusetts Inst. of Technology,http://www.mit.edu/~parrilo,s_IPfEYAAAAJ,0000-0000-0000-0000
Pablo Alejandro Figueroa,Universidad de los Andes,https://profesores.virtual.uniandes.edu.co/pfiguero/es/inicio,1pVmx_4AAAAJ,0000-0000-0000-0000
Pablo Andrés Arbeláez,Universidad de los Andes,https://biomedicalcomputervision.uniandes.edu.co,k0nZO90AAAAJ,0000-0001-5244-2407
Pablo Arbelaez,Universidad de los Andes,https://biomedicalcomputervision.uniandes.edu.co,k0nZO90AAAAJ,0000-0000-0000-0000
Pablo Arbeláez,Universidad de los Andes,https://biomedicalcomputervision.uniandes.edu.co,k0nZO90AAAAJ,0000-0001-5244-2407
Pablo Barceló,UC Chile,https://pbarcelo.ing.uc.cl,iVGrHpgAAAAJ,0000-0003-2293-2653
Pablo Barceló Baeza,UC Chile,https://pbarcelo.ing.uc.cl,iVGrHpgAAAAJ,0000-0003-2293-2653
Pablo Cesar,TU Delft,https://www.pablocesar.me,guRMl5IAAAAJ,0000-0000-0000-0000
Pablo E. Paredes,Univ. of Maryland - College Park,https://www.umiacs.umd.edu/people/pparedes,DL7MtjMAAAAJ,0000-0003-2431-9190
Pablo Figueroa,Universidad de los Andes,https://profesores.virtual.uniandes.edu.co/pfiguero/es/inicio,1pVmx_4AAAAJ,0000-0000-0000-0000
Pablo G. Turjanski,University of Buenos Aires,https://www.dc.uba.ar/inv/lsc/PTurjanski,NOSCHOLARPAGE,0000-0000-0000-0000
Pablo Moscato,University of Newcastle,https://www.newcastle.edu.au/profile/pablo-moscato,cc3Ym4gAAAAJ,0000-0003-2570-5966
Pablo Paredes,Univ. of Maryland - College Park,https://www.umiacs.umd.edu/people/pparedes,DL7MtjMAAAAJ,0000-0003-2431-9190
Pablo Rivas 0001,Baylor University,https://www.rivas.ai,kYfaCFMAAAAJ,0000-0000-0000-0000
Pablo Royo,Polytechnic Univ. of Catalonia,https://icarus.upc.edu/en/staff-and-collaborators/staff,LZUi63wAAAAJ,0000-0000-0000-0000
Pablo de Cristóforis,University of Buenos Aires,https://www.dc.uba.ar/rrhh/profesores/decristoforis,v0TPxugAAAAJ,0000-0000-0000-0000
Padhraic Smyth,Univ. of California - Irvine,http://www.ics.uci.edu/~smyth,OsoQ-dcAAAAJ,0000-0001-9971-8378
Padma Daryanani,Middlesex University,http://www.cs.mdx.ac.uk/people/padma-daryanani,NOSCHOLARPAGE,0000-0000-0000-0000
Padma Raghavan,Vanderbilt University,https://engineering.vanderbilt.edu/bio/?pid=padma-raghavan,JDctypMAAAAJ,0009-0002-6785-2112
Padmanabhan Rajan,IIT Mandi,https://faculty.iitmandi.ac.in/~padman,3sZ-nzAAAAAJ,0000-0000-0000-0000
Padmini Srinivasan,University of Iowa,https://cs.uiowa.edu/people/padmini-srinivasan,NOSCHOLARPAGE,0000-0001-8791-403X
Padraic Edgington,University of Connecticut,http://www.cse.uconn.edu/people/faculty,eivODg0AAAAJ,0000-0000-0000-0000
Padraig Corcoran,Cardiff University,https://www.cardiff.ac.uk/people/view/155896-corcoran-padraig,eoqE1OEAAAAJ,0000-0000-0000-0000
Padraig Cunningham,University College Dublin,https://people.ucd.ie/padraig.cunningham,HqGgUVAAAAAJ,0000-0002-3499-0810
Pai H. Chou,National Tsing Hua University,http://epl.tw/people/phchou,r7I9N5cAAAAJ,0000-0000-0000-0000
Paige Rodeghero,Clemson University,http://paigerodeghero.com,vTZVpdqxruwC,0000-0000-0000-0000
Pak Ching Li,University of Manitoba,http://www.cs.umanitoba.ca/~lipakc,NOSCHOLARPAGE,0000-0000-0000-0000
Pal Schmitt,Queen's University Belfast,https://pure.qub.ac.uk/en/persons/pal-schmitt,NOSCHOLARPAGE,0000-0000-0000-0000
Palash Das,IIT Jodhpur,http://home.iitj.ac.in/~palashdas,PHUDoo4AAAAJ,0000-0000-0000-0000
Palash Dey,IIT Kharagpur,https://cse.iitkgp.ac.in/~palash,BkDCPiIAAAAJ,0000-0000-0000-0000
Palash Sarkar 0001,ISI Kolkata,https://www.isical.ac.in/~palash,VnxJWVEAAAAJ,0000-0000-0000-0000
Palash Sashittal,Virginia Tech,https://website.cs.vt.edu/people/faculty/palash-sashittal.html,--wIUdkAAAAJ,0000-0001-6581-4839
Palden Lama,University of Texas at San Antonio,http://www.cs.utsa.edu/~plama,TRXZ5jsAAAAJ,0000-0000-0000-0000
Paliath Narendran,University at Albany - SUNY,https://www.albany.edu/ceas/paliath-narendran.php,NOSCHOLARPAGE,0000-0000-0000-0000
Pallab Dasgupta,IIT Kharagpur,http://cse.iitkgp.ac.in/~pallab,Pw4jS9sAAAAJ,0000-0002-2178-8154
Pallavi Dhagat,Oregon State University,http://eecs.oregonstate.edu/people/dhagat-pallavi,mHQxTHEAAAAJ,0000-0000-0000-0000
Pallavi Jain 0001,IIT Jodhpur,https://pallavijain.weebly.com,Z6Gkk6UAAAAJ,0000-0000-0000-0000
Palle Dahlstedt,Chalmers/GU,https://www.chalmers.se/en/staff/Pages/palle-dahlstedt.aspx,NOSCHOLARPAGE,0000-0000-0000-0000
Palvi Aggarwal,University of Texas - El Paso,https://sites.google.com/view/aggarwalpalvi/home,dmOrX9YAAAAJ,0000-0000-0000-0000
Pan He,Auburn University,https://panhe.org,Y_ABdTgAAAAJ,0000-0002-6525-6299
Pan Hu 0001,Shanghai Jiao Tong University,https://ist.sjtu.edu.cn/membershup,6FWVm1AAAAAJ,0000-0003-1701-9640
Pan Hui 0001,University of Helsinki,https://www.cs.helsinki.fi/u/panhui,dcDrhzMAAAAJ,0000-0001-6026-1083
Pan Li 0005,Georgia Institute of Technology,https://sites.google.com/view/panli-purdue/home,IroP0EwAAAAJ,0000-0003-3742-0845
Pan Peng 0001,USTC,http://staff.ustc.edu.cn/~ppeng,Ri9cLW4AAAAJ,0000-0003-2700-5699
Pan Xu 0001,NJIT,https://sites.google.com/site/panxupi,jD1CUdYAAAAJ,0000-0002-6362-6727
Pan Xu 0002,Duke University,https://panxulab.github.io,UkYBx6YAAAAJ,0000-0002-2559-8622
Pan Zhou 0002,Singapore Management University,https://panzhous.github.io,0b7ZqlcAAAAJ,0000-0003-3400-8943
Panagiota Fatourou,University of Crete,http://users.ics.forth.gr/~faturu,ZgHRkcUAAAAJ,0000-0000-0000-0000
Panagiotis Apostolellis,University of Virginia,https://engineering.virginia.edu/faculty/panagiotis-apostolellis,xum8Ti0AAAAJ,0000-0000-0000-0000
Panagiotis Bouros,University of Mainz,https://datamanagement.cs.uni-mainz.de/panagiotis-bouros,TezsWQUAAAAJ,0000-0002-8846-4330
Panagiotis Charalampopoulos,Birkbeck University of London,https://pcharalampo.github.io,lC6E73AAAAAJ,0000-0002-6024-1557
Panagiotis Demestichas,University of Piraeus,https://www.ds.unipi.gr/en/faculty/pdemest-en,0TYLd78AAAAJ,0000-0000-0000-0000
Panagiotis Frangos,NTUA,https://www.ece.ntua.gr/gr/staff/48,i8miyV0AAAAJ,0000-0000-0000-0000
Panagiotis G. Ipeirotis,New York University,https://ipeirotis.org,PA9La6oAAAAJ,0000-0002-2966-7402
Panagiotis Ilia,Cyprus University of Technology,https://www.cut.ac.cy/faculties/fet/eecei/department_staff/academic_staff/panagiotis.ilia/?languageId=1,gFjRToUAAAAJ,0000-0002-8609-1008
Panagiotis Kanellopoulos,University of Essex,https://www.essex.ac.uk/people/kanel33803/panagiotis-kanellopoulos,KQdQxm4AAAAJ,0000-0002-8093-1379
Panagiotis Karras,University of Copenhagen,https://di.ku.dk/english/staff/?pure=en/persons/710238,B6C4aBoAAAAJ,0000-0003-0509-9129
Panagiotis Manolios,Northeastern University,http://www.ccs.neu.edu/home/pete,zUW_nUIAAAAJ,0000-0003-0519-9699
Panagiotis Papadimitratos,KTH Royal Inst. of Technology,https://www.kth.se/profile/papadim,Iv2wBQ8AAAAJ,0000-0002-3267-5374
Panagiotis Rondogiannis,University of Athens,http://cgi.di.uoa.gr/~prondo,a6x5amYAAAAJ,0000-0000-0000-0000
Panagiotis Stamatopoulos,University of Athens,http://cgi.di.uoa.gr/~takis/Welcome.html,SZ4kZr0AAAAJ,0000-0000-0000-0000
Panagiotis Tsakalides,University of Crete,http://users.ics.forth.gr/~tsakalid,hSdkUuwAAAAJ,0000-0000-0000-0000
Panagiotis Tsanakas,NTUA,http://www.cslab.ntua.gr/~panag,UdV8-qIAAAAJ,0000-0000-0000-0000
Panagiotis Tsiotras,Georgia Institute of Technology,https://dcsl.gatech.edu/tsiotras.html,qmVayjgAAAAJ,0000-0000-0000-0000
Panayiotis Frangos,NTUA,https://www.ece.ntua.gr/gr/staff/48,i8miyV0AAAAJ,0000-0000-0000-0000
Panayiotis Kotzanikolaou,University of Piraeus,https://www.unipi.gr/unipi/en/pkotzani.html,BOpUZOgAAAAJ,0000-0000-0000-0000
Panayiotis Takis Mathiopoulos,University of Athens,http://gain.di.uoa.gr/index.php/the-group-members/faculty-members/p-takis-mathiopoulos,NOSCHOLARPAGE,0000-0000-0000-0000
Panayiotis Tsanakas,NTUA,http://www.cslab.ntua.gr/~panag,UdV8-qIAAAAJ,0000-0000-0000-0000
Panayiotis Tsaparas,University of Ioannina,https://cs.uoi.gr/~tsap,Rmds8IcAAAAJ,0000-0002-3490-1507
Panayiotis Zaphiris,Cyprus University of Technology,https://www.cut.ac.cy/faculties/aac/mga/staff/elected-staff/panayiotis.zaphiris/?languageId=1,VU9FlDsAAAAJ,0000-0001-8112-5099
Panayotis G. Cottis,NTUA,https://www.ece.ntua.gr/en/staff/19,NOSCHOLARPAGE,0000-0000-0000-0000
Panayotis Mavromatis,New York University,http://steinhardt.nyu.edu/faculty/Panayotis_Mavromatis,2ECioBQAAAAJ,0000-0000-0000-0000
Panayotis Tsanakas,NTUA,http://www.cslab.ntua.gr/~panag,UdV8-qIAAAAJ,0000-0000-0000-0000
Panfeng Huang,NWPU,https://teacher.nwpu.edu.cn/m/en/2005000156.html,NOSCHOLARPAGE,0000-0000-0000-0000
Pang Wei Koh,University of Washington,https://koh.pw,Nn990CkAAAAJ,0000-0000-0000-0000
Pang-Ning Tan,Michigan State University,http://www.cse.msu.edu/~ptan,xNs4D2QAAAAJ,0000-0003-3205-0339
Pangfeng Liu,National Taiwan University,https://sites.google.com/view/pangfengliu/home,24KEj7kAAAAJ,0000-0002-5466-9960
Pankaj Jalote,IIIT Delhi,https://www.iiitd.edu.in/~jalote,NOSCHOLARPAGE,0000-0000-0000-0000
Pankaj K. Agarwal,Duke University,https://users.cs.duke.edu/~pankaj,xe0eVksAAAAJ,0000-0002-9439-181X
Pankaj Kumar Agarwal,Duke University,https://users.cs.duke.edu/~pankaj,xe0eVksAAAAJ,0000-0000-0000-0000
Panlong Yang,USTC,http://cs.ustc.edu.cn/szdw/bdjs/201707/t20170705_279933.html,sst3cxoAAAAJ,0000-0003-1057-2793
Panos Constantopoulos,AUEB,https://uregister-ldap.aueb.gr/en/faculty/constantopoulos-panos,EAagfCoAAAAJ,0000-0001-6149-441X
Panos E. Trahanias,University of Crete,http://users.ics.forth.gr/~trahania/home.html,MwSYJxsAAAAJ,0000-0002-3022-2574
Panos Ipeirotis,New York University,https://ipeirotis.org,PA9La6oAAAAJ,0000-0002-2966-7402
Panos J. Antsaklis,University of Notre Dame,http://www3.nd.edu/~pantsakl,NOSCHOLARPAGE,0000-0000-0000-0000
Panos K. Chrysanthis,University of Pittsburgh,http://panos.cs.pitt.edu,AQA5QtAAAAAJ,0000-0001-7189-9816
Panos Kalnis,KAUST,https://www.kaust.edu.sa/en/study/faculty/panagiotis-kalnis,NOSCHOLARPAGE,0000-0002-5060-1360
Panos Louvieris,Brunel University London,https://www.brunel.ac.uk/people/panos-louvieris,aQziTS0AAAAJ,0000-0000-0000-0000
Panos P. Markopoulos,University of Texas at San Antonio,https://www.markopoulos.us,8NPXGZkAAAAJ,0000-0001-9686-779X
Panos Papadimitratos,KTH Royal Inst. of Technology,https://www.kth.se/profile/papadim,Iv2wBQ8AAAAJ,0000-0002-3267-5374
Panos Parpas,Imperial College London,http://www.doc.ic.ac.uk/~pp500,yXcvHysAAAAJ,0000-0000-0000-0000
Panos Patros,University of Waikato,https://www.cms.waikato.ac.nz/people/ppatros,TIQX1soAAAAJ,0000-0000-0000-0000
Panos Rondogiannis,University of Athens,http://cgi.di.uoa.gr/~prondo,a6x5amYAAAAJ,0000-0000-0000-0000
Panos Vassiliadis,University of Ioannina,https://cs.uoi.gr/~pvassil,B_Zd1P8AAAAJ,0000-0003-0085-6776
Panpan Cai,Shanghai Jiao Tong University,https://cindycia.github.io,MZfL0qUAAAAJ,0000-0000-0000-0000
Panruo Wu,University of Houston,http://www2.cs.uh.edu/~panruowu,3o2441cAAAAJ,0000-0003-1859-3580
Pantelis Sopasakis,Queen's University Belfast,https://www.qub.ac.uk/schools/eeecs/Connect/Staff/BusinessCard/?name=P.Sopasakis,arqKr8QAAAAJ,0000-0000-0000-0000
Paola Boito,Ecole Normale Superieure de Lyon,http://www.ens-lyon.fr/en/english-ens-de-lyon-269761.kjsp,OYBSJuIAAAAJ,0000-0000-0000-0000
Paola Cascante-Bonilla,Stony Brook University,https://www.cs.stonybrook.edu/people/faculty/paolacascante-bonilla,4viWbgIAAAAJ,0000-0000-0000-0000
Paola Flocchini,University of Ottawa,http://www.site.uottawa.ca/~flocchin,LVdJjiUAAAAJ,0000-0000-0000-0000
Paola Grosso,University of Amsterdam,https://staff.fnwi.uva.nl/p.grosso,cXsfHbsAAAAJ,0000-0003-4600-9812
Paola Inverardi,GSSI,http://people.disim.univaq.it/inverard,x8XlRFgAAAAJ,0000-0001-6734-1318
Paola Quaglia,University of Trento,https://webapps.unitn.it/du/en/Persona/PER0003890/Didattica,2c1CeWUAAAAJ,0000-0000-0000-0000
Paola R. G. Accioly,UFPE,https://portal.cin.ufpe.br/staff/?alias=prga,PGjkN7oAAAAJ,0000-0002-4428-2543
Paola Velardi,Sapienza University of Rome,https://sites.google.com/a/di.uniroma1.it/paolavelardi,yf0g6zkAAAAJ,0000-0003-0884-1499
Paolo A. G. Sivilotti,Ohio State University,http://web.cse.ohio-state.edu/~paolo,NOSCHOLARPAGE,0000-0000-0000-0000
Paolo Baldan,University of Padova,https://www.math.unipd.it/~baldan,mPd-c8YAAAAJ,0000-0001-9357-5599
Paolo Bottoni,Sapienza University of Rome,https://www.di.uniroma1.it/it/docenti/bottoni-paolo,OPNZrR8AAAAJ,0000-0000-0000-0000
Paolo Bouquet,University of Trento,http://dit.unitn.it/~bouquet,zlOAzg4AAAAJ,0000-0000-0000-0000
Paolo Burelli,IT University of Copenhagen,https://pure.itu.dk/portal/en/persons/paolo-burelli(cf5e1d64-5489-4534-ba34-8dba5fd354a6).html,PBH5iDkAAAAJ,0000-0003-2804-9028
Paolo Casari,University of Trento,https://webapps.unitn.it/du/it/Persona/PER0221586/Didattica,CSaXahIAAAAJ,0000-0000-0000-0000
Paolo Cremonesi,Politecnico di Milano,http://home.deib.polimi.it/cremonesi,dTSOPCMAAAAJ,0000-0002-1253-8081
Paolo D'Arco,University of Salerno,http://www.di.unisa.it/~paodar,KSCzOIoAAAAJ,0000-0000-0000-0000
Paolo Favaro,University of Bern,http://www.cvg.unibe.ch/paolo%20favaro.html,w_XDRRsAAAAJ,0000-0003-3546-8247
Paolo Ferragina,University of Pisa,http://pages.di.unipi.it/ferragina,3EILU3MAAAAJ,0000-0003-1353-360X
Paolo Gasti,New York Tech,https://site.nyit.edu/bio/pgasti,SUk3SqAAAAAJ,0000-0000-0000-0000
Paolo Giacomazzi,Politecnico di Milano,http://home.deib.polimi.it/giacomaz,NOSCHOLARPAGE,0000-0000-0000-0000
Paolo Giorgini,University of Trento,http://disi.unitn.it/~pgiorgio,ulB0WtkAAAAJ,0000-0003-4152-9683
Paolo Guagliardo,University of Edinburgh,https://homepages.inf.ed.ac.uk/pguaglia,8AiPiU0AAAAJ,0000-0003-0756-5787
Paolo Ienne,EPFL,https://people.epfl.ch/101954,oB0wsDcAAAAJ,0000-0002-6142-7345
Paolo Liberatore,Sapienza University of Rome,http://www.diag.uniroma1.it/users/paolo%20liberatore,NOSCHOLARPAGE,0000-0000-0000-0000
Paolo Mancarella,University of Pisa,http://www.di.unipi.it/~paolo,NOSCHOLARPAGE,0000-0000-0000-0000
Paolo Milazzo,University of Pisa,http://www.di.unipi.it/~milazzo,5e72aJwAAAAJ,0000-0002-7309-6424
Paolo Papotti,EURECOM,http://www.eurecom.fr/en/people/papotti-paolo,YwoezYX7JVgJ,0000-0003-0651-4128
Paolo Rapisarda,University of Southampton,https://www.ecs.soton.ac.uk/people/pr3,RZLStBQAAAAJ,0000-0000-0000-0000
Paolo Rech,UFRGS,http://inf.ufrgs.br/~prech,1EKLRakAAAAJ,0000-0002-0821-1879
Paolo Roberto Oliveira,UFRJ,http://www.cos.ufrj.br/index.php/pt-BR/pessoas/details/18/1045-poliveir,55Or75UAAAAJ,0000-0000-0000-0000
Paolo Rocca,University of Trento,https://webapps.unitn.it/du/en/Persona/PER0000568/Didattica,NOSCHOLARPAGE,0000-0000-0000-0000
Paolo Romano 0002,Universidade de Lisboa,http://www.gsd.inesc-id.pt/~romanop,FH_Z5YgAAAAJ,0000-0001-7026-7446
Paolo Tell,IT University of Copenhagen,https://pure.itu.dk/portal/en/persons/paolo-tell(2b8ff3a4-e9b0-403d-8bd8-1bf26121c234)/publications.html,DZV2vjQAAAAJ,0000-0001-7391-0046
Paolo Tonella,Università della Svizzera italiana,http://www.inf.usi.ch/faculty/tonella,6n3gAUMAAAAJ,0000-0003-3088-0339
Paolo Turrini,University of Warwick,https://warwick.ac.uk/fac/sci/dcs/people/paolo_turrini,3NJIJNgAAAAJ,0000-0003-4609-1051
Paolo Valente,Univ. of Modena and Reggio Emilia,https://personale.unimore.it/rubrica/dettaglio/paolo.valente,gWnP2y8AAAAJ,0000-0002-1842-4974
Parag Chaudhuri,IIT Bombay,https://www.cse.iitb.ac.in/~paragc,kOkSgaMAAAAJ,0000-0002-1706-5703
Parag S. Deshpande,VNIT Nagpur,https://vnit.ac.in/engineering/cse/dr-p-s-deshpande,NIztnlkAAAAJ,0000-0000-0000-0000
Parag Singla,IIT Delhi,http://www.cse.iitd.ac.in/~parags,V49BsgMAAAAJ,0009-0000-9190-9794
Parameswaran Ramanathan,University of Wisconsin - Madison,https://ramanathan.ece.wisc.edu,2E7drZAAAAAJ,0000-0000-0000-0000
Parampalli Udaya,University of Melbourne,http://people.eng.unimelb.edu.au/udaya,dT9UeiAAAAAJ,0000-0000-0000-0000
Parasara Sridhar Duggirala,University of North Carolina,http://cs.unc.edu/~psd,00S6A4IAAAAJ,0000-0002-8871-0298
Paraschos Koutris,University of Wisconsin - Madison,http://pages.cs.wisc.edu/~paris,fLBORR0AAAAJ,0000-0001-6309-1702
Parastoo Abtahi,Princeton University,https://www.cs.princeton.edu/people/profile/abtahi,u3eIIOsAAAAJ,0009-0000-2145-3445
Pardis Emami Naeini,Duke University,http://www.cs.duke.edu/~pe48,l0fXzvIAAAAJ,0000-0001-9797-2495
Pari Delir Haghighi,Monash University,https://research.monash.edu/en/persons/pari-delir-haghighi,zvNKqskAAAAJ,0000-0001-9922-1214
Parikshit Maini,University of Nevada,http://parikshitmaini.com,9GEAUlcAAAAJ,0000-0001-5229-4627
Parimala Thulasiraman,University of Manitoba,http://www.cs.umanitoba.ca/~thulasir,NOSCHOLARPAGE,0000-0000-0000-0000
Parinaz Naghizadeh,Univ. of California - San Diego,https://jacobsschool.ucsd.edu/people/profile/parinaz-naghizadeh,rbleSIcAAAAJ,0000-0002-2277-1709
Parinya Chalermsook,Aalto University,https://people.aalto.fi/new/parinya.chalermsook,Cw6NQasAAAAJ,0000-0000-0000-0000
Parinya Punpongsanon,Osaka University,https://punpongsanon.info,QEG4f_0AAAAJ,0000-0003-2720-7768
Paris Avgeriou,University of Groningen,http://www.cs.rug.nl/~paris,OlYdiYMAAAAJ,0000-0002-7101-0754
Paris Koutris,University of Wisconsin - Madison,http://pages.cs.wisc.edu/~paris,fLBORR0AAAAJ,0000-0000-0000-0000
Paris Smaragdis,Univ. of Illinois at Urbana-Champaign,http://paris.cs.illinois.edu,AYpm7KcAAAAJ,0000-0000-0000-0000
Parisa Eslambolchilar,Cardiff University,https://www.cardiff.ac.uk/people/view/634369-eslambolchilar-parisa,FWUy4HAAAAAJ,0000-0000-0000-0000
Parisa Kordjamshidi,Michigan State University,https://www.cse.msu.edu/~kordjams,Ugo3NGgAAAAJ,0000-0000-0000-0000
Paritosh K. Pandya,Tata Inst. of Fundamental Research,http://www.tcs.tifr.res.in/~pandya,M_FgkWsAAAAJ,0000-0000-0000-0000
Parke Godfrey,York University,http://www.cs.yorku.ca/~godfrey,NOSCHOLARPAGE,0000-0000-0000-0000
Parmesh Ramanathan,University of Wisconsin - Madison,https://ramanathan.ece.wisc.edu,2E7drZAAAAAJ,0000-0000-0000-0000
Parmit K. Chilana,Simon Fraser University,http://www.cs.sfu.ca,wWhVnqkAAAAJ,0009-0007-0173-1752
Parosh Aziz Abdulla,Uppsala University,http://user.it.uu.se/~parosh,ClHyW9MAAAAJ,0000-0001-6832-6611
Parris K. Egbert,Brigham Young University,https://cs.byu.edu/faculty/egbert,7oD2ZL8AAAAJ,0000-0000-0000-0000
Parth H. Pathak,George Mason University,http://www.phpathak.com,VP4egzMAAAAJ,0000-0002-0793-002X
Parth Nagarkar,New Mexico State University,https://www.cs.nmsu.edu/~nagarkar/index.html,Vax1nQcAAAAJ,0000-0001-6284-9251
Partha Bhowmick,IIT Kharagpur,http://cse.iitkgp.ac.in/~pb,ExC8yMUAAAAJ,0000-0000-0000-0000
Partha Dasgupta,Arizona State University,http://cactus.eas.asu.edu/partha,NOSCHOLARPAGE,0000-0000-0000-0000
Partha Mukhopadhyay,CMI,http://www.cmi.ac.in/~suryajith,RPCLZDMAAAAJ,0009-0007-3656-8844
Partha P. Talukdar,IISc Bangalore,http://talukdar.net,CIZwXAcAAAAJ,0000-0000-0000-0000
Partha Pakray,National Inst. of Tech. Silchar,http://cs.nits.ac.in/partha,3pp18IYAAAAJ,0000-0000-0000-0000
Partha Pande 0001,Washington State University,http://www.eecs.wsu.edu/~pande,NOSCHOLARPAGE,0000-0000-0000-0000
Partha Pratim Chakrabarti,IIT Kharagpur,http://cse.iitkgp.ac.in/~ppchak,yq-ekN8AAAAJ,0000-0002-3553-8834
Partha Pratim Das,IIT Kharagpur,http://cse.iitkgp.ac.in/~ppd,UVYRNncAAAAJ,0000-0000-0000-0000
Partha Pratim Pande,Washington State University,http://www.eecs.wsu.edu/~pande,NOSCHOLARPAGE,0000-0002-5930-8531
Partha Pratim Roy,IIT Roorkee,http://www.iitr.ac.in/departments/CSE/pages/People+Faculty+Partha_Pratim_Roy.html,7SQRtWUAAAAJ,0000-0000-0000-0000
Partha Pratim Talukdar,IISc Bangalore,http://talukdar.net,CIZwXAcAAAAJ,0000-0000-0000-0000
Parthasarathy Madhusudan,Univ. of Illinois at Urbana-Champaign,http://madhu.cs.illinois.edu,V828uG8AAAAJ,0000-0000-0000-0000
Parthe Pandit,IIT Bombay,https://parthe.github.io,gp_Gdr8AAAAJ,0000-0000-0000-0000
Parvathi Chundi,University of Nebraska - Omaha,https://www.unomaha.edu/college-of-information-science-and-technology/about/faculty-staff/parvathi-chundi.php,IQATIvYAAAAJ,0000-0000-0000-0000
Parvin Mousavi,Queen’s University,http://medi.cs.queensu.ca/users/pmousavi,v3_yocgAAAAJ,0000-0002-1630-7379
Pascal Bercher,Australian National University,https://cs.anu.edu.au/people/pascal-bercher,UuK7xYsAAAAJ,0000-0002-0795-4320
Pascal Berrang,University of Birmingham,https://www.birmingham.ac.uk/staff/profiles/computer-science/academic-staff/berrang-pascal.aspx,z46F9RgAAAAJ,0000-0002-9194-9603
Pascal Bouvry,University of Luxembourg,http://wwwen.uni.lu/snt/people/pascal_bouvry,pFbWf-MAAAAJ,0000-0001-9338-2834
Pascal Denis,CRIStAL,https://www.cristal.univ-lille.fr/profil/pdenis,Y1nQ6eUAAAAJ,0000-0000-0000-0000
Pascal Fallavollita,University of Ottawa,https://health.uottawa.ca/people/fallavollita-pascal,KMXRVlEAAAAJ,0000-0000-0000-0000
Pascal Friederich,Karlsruhe Inst. of Technology,https://aimat.iti.kit.edu/deutsch/people_71.php,3B5h6u0AAAAJ,0000-0000-0000-0000
Pascal Frossard,EPFL,https://people.epfl.ch/pascal.frossard,-Ve9sJ0AAAAJ,0000-0002-4010-714X
Pascal Fua,EPFL,https://people.epfl.ch/pascal.fua/bio?lang=en,kzFmAkYAAAAJ,0000-0002-6702-9970
Pascal Germain,Université Laval,http://www.pascalgermain.info,mgOIj_4AAAAJ,0000-0003-3998-9533
Pascal Hitzler,Kansas State University,http://www.pascal-hitzler.de,EkwfQcMAAAAJ,0000-0000-0000-0000
Pascal Koiran,Ecole Normale Superieure de Lyon,http://perso.ens-lyon.fr/pascal.koiran,EQwChR4AAAAJ,0000-0000-0000-0000
Pascal Lenzner,University of Augsburg,https://www.uni-augsburg.de/de/fakultaet/fai/informatik/prof/thi/team,BEAGdXwAAAAJ,0000-0002-3010-1019
Pascal Matsakis,University of Guelph,http://www.cis.uoguelph.ca/~matsakis,NOSCHOLARPAGE,0000-0000-0000-0000
Pascal Meissner,THWS,https://fiw.thws.de/fakultaet/personen/dozentinnen-und-dozenten/person/prof-dr-ing-pascal-meissner,HkBE3kAAAAAJ,0000-0002-7918-1566
Pascal Poupart,University of Waterloo,https://cs.uwaterloo.ca/~ppoupart,KhAJWroAAAAJ,0000-0000-0000-0000
Pascal Van Hentenryck,Georgia Institute of Technology,https://sites.gatech.edu/pascal-van-hentenryck,GxFQz-4AAAAJ,0000-0000-0000-0000
Pascale Fung,HKUST,http://www.ee.ust.hk/~pascale,QEMJWzEAAAAJ,0000-0000-0000-0000
Pasi Raumonen,Tampere University,https://www.tuni.fi/en/pasi-raumonen,UFJDirUAAAAJ,0000-0000-0000-0000
Pasquale Foggia,University of Salerno,http://mivia.unisa.it/people/foggia,P9eeLD8AAAAJ,0000-0000-0000-0000
Pasquale Malacaria,Queen Mary University of London,http://www.eecs.qmul.ac.uk/~pm,L49fEmsAAAAJ,0000-0000-0000-0000
Pasquale Minervini,University of Edinburgh,http://www.inf.ed.ac.uk/people/staff/Pasquale_Minervini.html,9sk6CSgAAAAJ,0000-0000-0000-0000
Pat Healey,Queen Mary University of London,http://www.eecs.qmul.ac.uk/profiles/healeypat.html,5cjOswYAAAAJ,0000-0000-0000-0000
Pat Morin,Carleton University,https://carleton.ca/scs/people/pat-morin,MQI9NXEAAAAJ,0000-0003-0471-4118
Pat Pannuto,Univ. of California - San Diego,https://patpannuto.com,4uuuczIAAAAJ,0000-0001-7720-6267
Patanamon Thongtanunam,University of Melbourne,http://patanamon.com,M23YcIoAAAAJ,0000-0001-6328-8839
Patanjali SLPSK,Augusta University,https://patanjali.github.io,c0W4tUkAAAAJ,0000-0000-0000-0000
Patrice Delmas,University of Auckland,https://www.cs.auckland.ac.nz/people/p-delmas,BIPP6L4AAAAJ,0000-0000-0000-0000
Patrice Koehl,Univ. of California - Davis,http://www.cs.ucdavis.edu/~koehl,NRAo--UAAAAJ,0000-0000-0000-0000
Patrice Marcotte,University of Montreal,http://www.iro.umontreal.ca/~marcotte,p_iffpcAAAAJ,0000-0000-0000-0000
Patricia A. Evans,University of New Brunswick,http://www.cs.unb.ca/~pevans,NOSCHOLARPAGE,0000-0000-0000-0000
Patricia Arias Cabarcos,Paderborn University,https://www.uni-paderborn.de/en/person/92804,vGhH7RQAAAAJ,0000-0001-7401-6185
Patricia Bouyer,Ecole Normale Superieure de Cachan,http://www.lsv.ens-cachan.fr/~bouyer,sgKO-H4AAAAJ,0000-0000-0000-0000
Patricia Bouyer-Decitre,Ecole Normale Superieure de Cachan,http://www.lsv.ens-cachan.fr/~bouyer,sgKO-H4AAAAJ,0000-0000-0000-0000
Patricia Charlton,Open University UK,http://stem.open.ac.uk/people/pmc466,NI4tPNcAAAAJ,0000-0000-0000-0000
Patricia Everaere,CRIStAL,https://www.cristal.univ-lille.fr/profil/everaerp,NOSCHOLARPAGE,0000-0000-0000-0000
Patricia J. Riddle,University of Auckland,https://www.cs.auckland.ac.nz/~pat,rih68CwAAAAJ,0000-0001-8616-0053
Patricia Jean Riddle,University of Auckland,https://www.cs.auckland.ac.nz/~pat,rih68CwAAAAJ,0000-0000-0000-0000
Patricia Lago,VU Amsterdam,http://www.cs.vu.nl/~patricia/Patricia_Lago/Home.html,q5vgzKgAAAAJ,0000-0000-0000-0000
Patricia Ordóñez 0002,Univ. of Maryland - Baltimore County,https://informationsystems.umbc.edu/home/faculty-and-staff/faculty/patti-ordonez-ph-d,-DghlQUAAAAJ,0000-0000-0000-0000
Patricia Riddle,University of Auckland,https://www.cs.auckland.ac.nz/~pat,rih68CwAAAAJ,0000-0000-0000-0000
Patricia Shaw,Aberystwyth University,https://www.aber.ac.uk/en/cs/staff-profiles/listing/profile/phs,4nu22CcAAAAJ,0000-0000-0000-0000
Patricio A. Vela,Georgia Institute of Technology,https://pvela.gatech.edu,qL6ycTgAAAAJ,0000-0002-6888-7002
Patricio V. Poblete,Universidad de Chile,http://www.dcc.uchile.cl/~ppoblete,AZuHYCQAAAAJ,0000-0000-0000-0000
Patrick Bahr,IT University of Copenhagen,https://pure.itu.dk/portal/en/persons/patrick-bahr(5e271e6a-7a91-47bd-9f12-3b73f4e0d7ac).html,eMKdREgAAAAJ,0000-0003-1600-8261
Patrick Baillot,Ecole Normale Superieure de Lyon,http://perso.ens-lyon.fr/patrick.baillot,NOSCHOLARPAGE,0000-0000-0000-0000
Patrick Baudisch,Hasso Plattner Institute,https://hpi.de/en/research/research-groups/human-computer-interaction,GdRdhYwAAAAJ,0000-0002-5005-6868
Patrick C. Shih,Indiana University,https://patshih.luddy.indiana.edu,Lzw8EnkAAAAJ,0000-0003-2460-0468
Patrick Cardinal,ETS Montreal,https://etsmtl.ca/Professeurs/pcardinal,23rIjfwAAAAJ,0000-0000-0000-0000
Patrick Carrington,Carnegie Mellon University,http://www.patrickcarrington.com,3ALpUOEAAAAJ,0000-0001-8923-0803
Patrick Cousot,New York University,http://cs.nyu.edu/~pcousot,mhlvI8wAAAAJ,0000-0003-0101-9953
Patrick Crowley,Washington University in St. Louis,https://www.arl.wustl.edu/~pcrowley,n6wC7nwAAAAJ,0000-0000-0000-0000
Patrick D. Krolak,University of Massachusetts Lowell,http://www.alumni.uml.edu/s/1355/lowell/nophoto.aspx?sid=1355&gid=4&pgid=1157,NOSCHOLARPAGE,0000-0000-0000-0000
Patrick D. McDaniel,University of Wisconsin - Madison,http://www.patrickmcdaniel.org,AMGqrI0AAAAJ,0000-0003-2091-7484
Patrick D. Pedrow,Washington State University,http://www.eecs.wsu.edu/~pedrow,8FD3lhEAAAAJ,0000-0000-0000-0000
Patrick De Causmaecker,KU Leuven,https://www.kuleuven-kulak.be/~pdecausm,IHAmK_gAAAAJ,0000-0002-6763-1945
Patrick Delfmann,University of Koblenz-Landau,https://www.uni-koblenz-landau.de/de/koblenz/fb4/iwvi/p_delfmann/team/patrick-delfmann/patrick-delfmann,ROhACNYAAAAJ,0000-0000-0000-0000
Patrick Drew McDaniel,University of Wisconsin - Madison,http://www.patrickmcdaniel.org,AMGqrI0AAAAJ,0000-0000-0000-0000
Patrick Eugster,Università della Svizzera italiana,https://www.inf.usi.ch/faculty/eugstp,NOSCHOLARPAGE,0000-0003-3864-9078
Patrick Flaherty,Univ. of Massachusetts Amherst,https://people.math.umass.edu/~flaherty,xe7iyikAAAAJ,0000-0000-0000-0000
Patrick G. Bridges,University of New Mexico,http://www.cs.unm.edu/directory/faculty-profiles/patrick-bridges.html,Q10SbJQAAAAJ,0000-0003-4801-0390
Patrick G. T. Healey,Queen Mary University of London,http://www.eecs.qmul.ac.uk/profiles/healeypat.html,5cjOswYAAAAJ,0000-0000-0000-0000
Patrick Gage Kelley,University of New Mexico,http://www.cs.unm.edu/~pgk,4_fN00YAAAAJ,0000-0003-4405-0010
Patrick George Healey,Queen Mary University of London,http://www.eecs.qmul.ac.uk/profiles/healeypat.html,5cjOswYAAAAJ,0000-0000-0000-0000
Patrick Gros,Ecole Normale Superieure de Lyon,http://www.ens-lyon.eu/annuaire/m-gros-patrick-252575.kjsp?RH=ENS-LYON,WcGbxTQAAAAJ,0000-0000-0000-0000
Patrick H. Chen,Binghamton University,https://www.binghamton.edu/computer-science/people/profile.html?id=patrickchen,NOSCHOLARPAGE,0000-0002-6247-6317
Patrick H. Madden,Binghamton University,http://www.cs.binghamton.edu/~pmadden,QwRhC2oAAAAJ,0000-0000-0000-0000
Patrick H. Winston,Massachusetts Inst. of Technology,http://people.csail.mit.edu/phw,NOSCHOLARPAGE,0000-0000-0000-0000
Patrick Henry Winston,Massachusetts Inst. of Technology,http://people.csail.mit.edu/phw,NOSCHOLARPAGE,0000-0000-0000-0000
Patrick J. Flynn,University of Notre Dame,http://www3.nd.edu/~flynn,h20U9WcAAAAJ,0000-0000-0000-0000
Patrick Jaillet,Massachusetts Inst. of Technology,http://web.mit.edu/jaillet/www,ND0FM6EAAAAJ,0000-0002-8585-6566
Patrick Kam Cheung Wong,Open University UK,http://stem.open.ac.uk/people/kcpw2,Yn-euNYAAAAJ,0000-0000-0000-0000
Patrick L. Olivier,Monash University,https://research.monash.edu/en/persons/patrick-olivier,YULFeN0AAAAJ,0000-0000-0000-0000
Patrick Lam 0001,University of Waterloo,https://uwaterloo.ca/electrical-computer-engineering/about/people/p23lam,36fAXB4AAAAJ,0000-0000-0000-0000
Patrick M. Pilarski,University of Alberta,https://sites.ualberta.ca/~pilarski,VGQmtWEAAAAJ,0000-0000-0000-0000
Patrick Maeder,TU Ilmenau,https://www.tu-ilmenau.de/secsy/team,LPzoSrsAAAAJ,0000-0000-0000-0000
Patrick Mantey,Univ. of California - Santa Cruz,https://www.soe.ucsc.edu/people/mantey,hiMLVtwAAAAJ,0000-0000-0000-0000
Patrick Marais,University of Cape Town,https://people.cs.uct.ac.za/~patrick,cW32uPMAAAAJ,0000-0000-0000-0000
Patrick Martin 0001,Queen’s University,http://www.cs.queensu.ca/home/martin,KgIpvIsAAAAJ,0000-0000-0000-0000
Patrick McDaniel,University of Wisconsin - Madison,http://www.patrickmcdaniel.org,AMGqrI0AAAAJ,0000-0000-0000-0000
Patrick Mäder,TU Ilmenau,https://www.tu-ilmenau.de/secsy/team,LPzoSrsAAAAJ,0000-0001-6871-2707
Patrick Olivier,Monash University,https://research.monash.edu/en/persons/patrick-olivier,YULFeN0AAAAJ,0000-0003-2841-7580
Patrick P. C. Lee,Chinese University of Hong Kong,http://www.cse.cuhk.edu.hk/~pclee,gyRtVVEAAAAJ,0000-0002-4501-4364
Patrick Pak-Ching Lee,Chinese University of Hong Kong,http://www.cse.cuhk.edu.hk/~pclee,gyRtVVEAAAAJ,0000-0000-0000-0000
Patrick Prosser,University of Glasgow,http://www.dcs.gla.ac.uk/~pat,94vlGrgAAAAJ,0000-0000-0000-0000
Patrick Shih,Indiana University,https://patshih.luddy.indiana.edu,Lzw8EnkAAAAJ,0000-0000-0000-0000
Patrick Th. Eugster,Università della Svizzera italiana,https://www.inf.usi.ch/faculty/eugstp,NOSCHOLARPAGE,0000-0000-0000-0000
Patrick Thiran,EPFL,https://people.epfl.ch/patrick.thiran,7Ek7pqgAAAAJ,0009-0001-8176-6854
Patrick Totzke,University of Liverpool,https://cgi.csc.liv.ac.uk/~patrick,ck8G3CgAAAAJ,0000-0001-5274-8190
Patrick Traynor,University of Florida,https://www.cise.ufl.edu/~traynor,oCFvA2UAAAAJ,0000-0002-7143-5189
Patrick Troy,University of Illinois at Chicago,https://www.cs.uic.edu/Troy,G7wW4HoAAAAJ,0000-0000-0000-0000
Patrick W. Dymond,York University,http://eecs.lassonde.yorku.ca/faculty/patrick-w-dymond,i1ZltlsAAAAJ,0000-0000-0000-0000
Patrick Yin Chiang,Oregon State University,http://eecs.oregonstate.edu/people/chiang-patrick,4nYbZ0YAAAAJ,0000-0000-0000-0000
Patrick van Bommel,Radboud University,http://www.cs.ru.nl/P.vanBommel,ZCKrAcYAAAAJ,0000-0000-0000-0000
Patrick van der Smagt,TU Munich,https://brml.org/people/smagt,5ybzvbsAAAAJ,0000-0003-4418-4916
Patrik Haslum,Australian National University,https://cs.anu.edu.au/people/patrik-haslum,XqbCCJIAAAAJ,0000-0000-0000-0000
Patrik Huber 0001,University of York,https://www.patrikhuber.ch,nb_I6yUAAAAJ,0000-0002-1474-1040
Patrik Jansson,Chalmers/GU,https://www.chalmers.se/en/staff/Pages/patrik-jansson.aspx,eIO4EBAAAAAJ,0000-0003-3078-1437
Patrizia Paggio,University of Copenhagen,https://cst.ku.dk/english/ansatte/?pure=en/persons/7206,gSqyTW8AAAAJ,0000-0000-0000-0000
Patrizio Frosini,University of Pisa,https://www.dm.unibo.it/~frosini,xEayxzcAAAAJ,0000-0000-0000-0000
Patrizio Pelliccione,GSSI,http://www.patriziopelliccione.com,DmDWmy4AAAAJ,0000-0002-5438-2281
Patrícia A. Vargas,Heriot-Watt University,https://researchportal.hw.ac.uk/en/persons/patricia-a-vargas,NOSCHOLARPAGE,0000-0000-0000-0000
Patrícia Amâncio Vargas,Heriot-Watt University,https://researchportal.hw.ac.uk/en/persons/patricia-a-vargas,NOSCHOLARPAGE,0000-0000-0000-0000
Patrícia Azevedo Tedesco,UFPE,https://www.cin.ufpe.br/~pcart,ce_4kS0AAAAJ,0000-0000-0000-0000
Patrícia C. A. R. Tedesco,UFPE,https://www.cin.ufpe.br/~pcart,ce_4kS0AAAAJ,0000-0000-0000-0000
Patrícia Cabral de Azevedo Restelli Tedesco,UFPE,https://www.cin.ufpe.br/~pcart,ce_4kS0AAAAJ,0000-0000-0000-0000
Patrícia Restelli Tedesco,UFPE,https://www.cin.ufpe.br/~pcart,ce_4kS0AAAAJ,0000-0000-0000-0000
Pattarasinee Bhattarakosol,Chulalongkorn University,http://www.math.sc.chula.ac.th/en/profile/pattarasinee.b,WeFVkqAAAAAJ,0000-0000-0000-0000
Pau Bofill,Polytechnic Univ. of Catalonia,https://people.ac.upc.edu/pau,NOSCHOLARPAGE,0000-0000-0000-0000
Paul (Pavlos) Spirakis,University of Liverpool,https://www.liverpool.ac.uk/computer-science/staff/paul-spirakis,vnSMoW4AAAAJ,0000-0000-0000-0000
Paul A. Farrell,Kent State University,https://www.kent.edu/cs/profile/paul-farrell,NOSCHOLARPAGE,0000-0000-0000-0000
Paul A. Fishwick,University of Texas at Dallas,http://www.utdallas.edu/atec/fishwick,NOSCHOLARPAGE,0000-0000-0000-0000
Paul A. Jenkins,University of Warwick,https://warwick.ac.uk/fac/sci/statistics/staff/academic-research/jenkins,nRHImnsAAAAJ,0000-0001-7603-4205
Paul A. Rosen 0001,University of Utah,http://www.cspaul.com/wordpress,6iv6AEcAAAAJ,0000-0002-0873-9518
Paul Amer,University of Delaware,https://www.eecis.udel.edu/~amer,CNjiRFQAAAAJ,0000-0000-0000-0000
Paul B. Jackson,University of Edinburgh,http://homepages.inf.ed.ac.uk/pbj,WUuHiYQAAAAJ,0000-0000-0000-0000
Paul Barford,University of Wisconsin - Madison,http://pages.cs.wisc.edu/~pb,4uypulQAAAAJ,0000-0001-7874-1819
Paul Beame,University of Washington,http://www.cs.washington.edu/people/faculty/beame,plYoF-MAAAAJ,0000-0002-2666-3545
Paul Blain Levy,University of Birmingham,https://www.birmingham.ac.uk/staff/profiles/computer-science/academic-staff/levy-paul.aspx,VC_jJ1gAAAAJ,0000-0000-0000-0000
Paul C. Attie,Augusta University,https://www.augusta.edu/faculty/directory/view.php?id=PATTIE,weh0F3wAAAAJ,0000-0003-1989-0974
Paul C. Miller,Queen's University Belfast,https://www.qub.ac.uk/schools/eeecs/Connect/Staff/BusinessCard/?name=p.miller,NOSCHOLARPAGE,0000-0000-0000-0000
Paul C. van Oorschot,Carleton University,http://www.scs.carleton.ca/~paulv,CMRzTi8AAAAJ,0000-0002-5038-5370
Paul Cairns,University of York,https://www-users.cs.york.ac.uk/~pcairns,cNVmuG0AAAAJ,0000-0000-0000-0000
Paul Cook,University of New Brunswick,http://cs.unb.ca/~ccook1,lJzulN0AAAAJ,0000-0000-0000-0000
Paul D. Gader,University of Florida,https://faculty.eng.ufl.edu/computing-for-life,GD3jwG8AAAAJ,0000-0000-0000-0000
Paul D. H. Hines,University of Vermont,https://www.uvm.edu/~phines,6Bnk26wAAAAJ,0000-0000-0000-0000
Paul D. Seymour,Princeton University,https://web.math.princeton.edu/~pds,n3ZjGPsAAAAJ,0000-0003-0067-4534
Paul D. Teal,Victoria University of Wellington,http://ecs.victoria.ac.nz/Main/PaulTeal,wS0ittUAAAAJ,0000-0000-0000-0000
Paul D. Yoo,Birkbeck University of London,https://www.dcs.bbk.ac.uk/about/people/academic-staff/paul-yoo,NOSCHOLARPAGE,0000-0001-7665-8616
Paul Davidsson,Malmö University,https://mau.se/en/persons/paul.davidsson,ePdu-uwAAAAJ,0000-0000-0000-0000
Paul De Bra,TU Eindhoven,http://wwwis.win.tue.nl/~debra,EaUt9AQAAAAJ,0000-0000-0000-0000
Paul Denny 0001,University of Auckland,https://www.cs.auckland.ac.nz/~paul,bIyrsAcAAAAJ,0000-0002-5150-9806
Paul Dourish,Univ. of California - Irvine,http://www.dourish.com,wyCIJfQAAAAJ,0000-0000-0000-0000
Paul Downen,University of Massachusetts Lowell,http://ix.cs.uoregon.edu/~pdownen,mJ_eET8AAAAJ,0000-0003-0165-9387
Paul E. Dunne,University of Liverpool,http://www.csc.liv.ac.uk/~ped,anFySfEAAAAJ,0000-0002-6033-3742
Paul E. S. Dunne,University of Liverpool,http://www.csc.liv.ac.uk/~ped,anFySfEAAAAJ,0000-0000-0000-0000
Paul Edward Rayson,Lancaster University,https://www.lancaster.ac.uk/scc/about-us/people/paul-rayson,DACFB-kAAAAJ,0000-0000-0000-0000
Paul F. Newbury,University of Sussex,http://www.sussex.ac.uk/informatics/people/peoplelists/person/126552,NOSCHOLARPAGE,0000-0000-0000-0000
Paul Feautrier,Ecole Normale Superieure de Lyon,http://perso.ens-lyon.fr/paul.feautrier,DZkIPlIAAAAJ,0000-0000-0000-0000
Paul Fischer,DTU,https://www.compute.dtu.dk/english,NOSCHOLARPAGE,0000-0000-0000-0000
Paul Flikkema,Northern Arizona University,https://nau.edu/siccs/faculty/paul-flikkema,stzdcYsAAAAJ,0000-0000-0000-0000
Paul Francis [SWS],Max Planck Society,https://francis.mpi-sws.org,pN0GUjkAAAAJ,0000-0000-0000-0000
Paul G. Constantine,University of Colorado Boulder,https://www.colorado.edu/cs/paul-constantine,7x-Q4Y8AAAAJ,0000-0000-0000-0000
Paul G. Kry,McGill University,http://www.cs.mcgill.ca/~kry,Uro_AS0AAAAJ,0000-0003-4176-6857
Paul G. Spirakis,University of Liverpool,https://www.liverpool.ac.uk/computer-science/staff/paul-spirakis,vnSMoW4AAAAJ,0000-0000-0000-0000
Paul Gastin,Ecole Normale Superieure de Cachan,http://www.lsv.ens-cachan.fr/~gastin,LJNfnhgAAAAJ,0000-0002-1313-7722
Paul Gazzillo,University of Central Florida,https://paulgazzillo.com,Ywp0CG8AAAAJ,0000-0003-1425-8873
Paul Goldberg,University of Oxford,https://www.cs.ox.ac.uk/people/paul.goldberg,Ai3fEfQAAAAJ,0000-0000-0000-0000
Paul Gratz,Texas A&M University,https://cesg.tamu.edu/faculty/paul-gratz,O9teRZsAAAAJ,0000-0001-7120-7189
Paul Gries,University of Toronto,http://www.cs.toronto.edu/~pgries,YAHFXEwAAAAJ,0000-0001-6429-6128
Paul Groth,University of Amsterdam,http://pgroth.com,0tHSHCIAAAAJ,0000-0003-0183-6910
Paul Grubbs,University of Michigan,https://paulgrubbs.net,LpknufIAAAAJ,0000-0000-0000-0000
Paul Grünbacher,JKU Linz,https://www.jku.at/en/institute-for-software-systems-engineering/about-us/team/paul-gruenbacher,7Wpa7ysAAAAJ,0000-0002-1951-5288
Paul Gölz,Cornell University,https://paulgoelz.de,5QYHMpsAAAAJ,0000-0002-8101-6818
Paul H. J. Kelly,Imperial College London,https://www.imperial.ac.uk/people/p.kelly,GIDpay0AAAAJ,0000-0001-5905-1804
Paul Hand,Northeastern University,http://www.ccs.neu.edu/home/hand,zzG75zEAAAAJ,0000-0000-0000-0000
Paul Harvey 0002,University of Glasgow,https://www.gla.ac.uk/schools/computing/staff/paulharvey,0w6uYlMAAAAJ,0000-0000-0000-0000
Paul Henderson,University of Glasgow,https://www.gla.ac.uk/schools/computing/staff/paulhenderson,HN7fd4MAAAAJ,0000-0002-5198-7445
Paul Hines,University of Vermont,https://www.uvm.edu/~phines,6Bnk26wAAAAJ,0000-0000-0000-0000
Paul Hongsuck Seo,Korea University,https://miil.korea.ac.kr/members,Tp7U8_UAAAAJ,0000-0002-6747-1101
Paul Horton,National Cheng Kung University,http://www.csie.ncku.edu.tw/ncku_csie/depmember/teacherdetail/id/78,V_6zOpYAAAAJ,0000-0000-0000-0000
Paul Hurley,Western Sydney University,https://www.westernsydney.edu.au/staff_profiles/WSU/professor_paul_hurley,7nQyep4AAAAJ,0000-0000-0000-0000
Paul J. Kennedy,University of Technology Sydney,https://www.uts.edu.au/staff/paul.kennedy,qVqVYkIAAAAJ,0000-0001-7837-3171
Paul J. Lyons,Massey University,http://www.massey.ac.nz/massey/expertise/profile.cfm?stref=511200,6-A0HbEAAAAJ,0000-0000-0000-0000
Paul Jackson,University of Edinburgh,http://homepages.inf.ed.ac.uk/pbj,WUuHiYQAAAAJ,0000-0000-0000-0000
Paul John Lyons,Massey University,http://www.massey.ac.nz/massey/expertise/profile.cfm?stref=511200,6-A0HbEAAAAJ,0000-0000-0000-0000
Paul Klint,CWI,http://homepages.cwi.nl/~paulk,auuOyXoAAAAJ,0000-0000-0000-0000
Paul Krause,University of Surrey,https://www.surrey.ac.uk/people/paul-krause,6d3d0vwAAAAJ,0000-0000-0000-0000
Paul L. Lewin,University of Southampton,https://www.ecs.soton.ac.uk/people/pll,vS7Qs0MAAAAJ,0000-0000-0000-0000
Paul L. Rosin,Cardiff University,https://www.cardiff.ac.uk/people/view/118160-rosin-paul,V5E7JXsAAAAJ,0000-0002-4965-3884
Paul Lu,University of Alberta,https://webdocs.cs.ualberta.ca/~paullu,nEmFpMkAAAAJ,0000-0002-4145-8056
Paul Lukowicz,TU Kaiserslautern,http://ei.informatik.uni-kl.de,1FIyc9kAAAAJ,0000-0003-0320-6656
Paul M. Torrens,New York University,https://www.geosimulation.org,5w-u8x8AAAAJ,0000-0000-0000-0000
Paul Macklin,Indiana University,http://mathcancer.org,zUorXGEAAAAJ,0000-0002-9925-0151
Paul Maglio,Univ. of California - Merced,http://mist.ucmerced.edu/pmaglio,xXlMjAMAAAAJ,0000-0000-0000-0000
Paul Marshall,University of Bristol,https://research-information.bris.ac.uk/en/persons/paul-marshall,63UaXnIAAAAJ,0000-0003-2950-8310
Paul McMullan,Queen's University Belfast,https://www.qub.ac.uk/schools/eeecs/Connect/Staff/BusinessCard/?name=p.p.mcmullan,NOSCHOLARPAGE,0000-0000-0000-0000
Paul Medvedev,Pennsylvania State University,http://bmb.psu.edu/directory/pzm11,Gwd6p_8AAAAJ,0000-0003-3143-594X
Paul Miller 0003,Queen's University Belfast,https://www.qub.ac.uk/schools/eeecs/Connect/Staff/BusinessCard/?name=p.miller,NOSCHOLARPAGE,0000-0000-0000-0000
Paul Molitor,University of Halle-Wittenberg,https://www.informatik.uni-halle.de/ti/mitarbeiter/molitor/index.de.php,VClfAJkAAAAJ,0000-0003-1461-7936
Paul N. Watton,University of Sheffield,https://www.sheffield.ac.uk/dcs/people/academic/paul-watton,8pSvTUkAAAAJ,0000-0000-0000-0000
Paul Newbury,University of Sussex,http://www.sussex.ac.uk/informatics/people/peoplelists/person/126552,NOSCHOLARPAGE,0000-0000-0000-0000
Paul P. Sotiriadis,NTUA,https://www.ece.ntua.gr/en/staff/184,UtDXmH8AAAAJ,0000-0001-6030-4645
Paul Patras,University of Edinburgh,http://homepages.inf.ed.ac.uk/ppatras,0kC3nVgAAAAJ,0000-0002-1037-0158
Paul Patrick Joseph McMullan,Queen's University Belfast,https://www.qub.ac.uk/schools/eeecs/Connect/Staff/BusinessCard/?name=p.p.mcmullan,NOSCHOLARPAGE,0000-0000-0000-0000
Paul Pavlos Spirakis,University of Liverpool,https://www.liverpool.ac.uk/computer-science/staff/paul-spirakis,vnSMoW4AAAAJ,0000-0000-0000-0000
Paul Pearce,Univ. of California - Irvine,https://pearce.prof,JvY2c4YAAAAJ,0000-0001-6418-9699
Paul Piwek,Open University UK,http://stem.open.ac.uk/people/pp2464,F88czLMAAAAJ,0000-0003-1621-6124
Paul Pop,DTU,https://www.compute.dtu.dk/english,NOSCHOLARPAGE,0000-0001-9981-1775
Paul Pounds,University of Queensland,http://www.itee.uq.edu.au/bme/pounds,b3cGSpgAAAAJ,0000-0000-0000-0000
Paul Pu Liang,Massachusetts Inst. of Technology,https://pliang279.github.io,pKf5LtQAAAAJ,0000-0001-7768-3610
Paul R. Cohen,University of Pittsburgh,http://paulrcohen.github.io,8DeZgKkAAAAJ,0000-0000-0000-0000
Paul R. Roper,Brigham Young University,https://cs.byu.edu/faculty/proper,44RdgPcAAAAJ,0000-0000-0000-0000
Paul R. Schrater,University of Minnesota,http://gandalf.psych.umn.edu/users/schrater/PaulSchrater.htm,_IIpR0EAAAAJ,0000-0000-0000-0000
Paul R. Tennent,University of Nottingham,https://www.nottingham.ac.uk/computerscience/people/paul.tennent,ZGE4EtgAAAAJ,0000-0000-0000-0000
Paul Ralph,Dalhousie University,http://paulralph.name,oRBuFa0AAAAJ,0000-0002-7411-0857
Paul Rayson,Lancaster University,https://www.lancaster.ac.uk/scc/about-us/people/paul-rayson,DACFB-kAAAAJ,0000-0002-1257-2191
Paul Richmond,University of Sheffield,https://www.sheffield.ac.uk/dcs/people/academic/paul-richmond,fLS64xsAAAAJ,0000-0000-0000-0000
Paul Rosen 0001,University of Utah,http://www.cspaul.com/wordpress,6iv6AEcAAAAJ,0000-0002-0873-9518
Paul S. Rosenbloom,University of Southern California,http://cs.usc.edu/~rosenblo,SeW3bhwAAAAJ,0000-0000-0000-0000
Paul Schweizer,University of Edinburgh,https://www.inf.ed.ac.uk/people/staff/Paul_Schweizer.html,M0uLiP0AAAAJ,0000-0000-0000-0000
Paul Siebert,University of Glasgow,http://www.dcs.gla.ac.uk/~psiebert,DoEOa80AAAAJ,0000-0000-0000-0000
Paul T. Groth,VU Amsterdam,https://www.nbic.nl/about-nbic/nbic-faculty/pages1/4/details/groth-paul-t-dr,0tHSHCIAAAAJ,0000-0000-0000-0000
Paul T. Tymann,Rochester Inst. of Technology,https://www.cs.rit.edu/~ptt,NOSCHOLARPAGE,0000-0000-0000-0000
Paul Tarau,University of North Texas,http://www.cse.unt.edu/~tarau,JUMRc-oAAAAJ,0000-0000-0000-0000
Paul Teal,Victoria University of Wellington,http://ecs.victoria.ac.nz/Main/PaulTeal,wS0ittUAAAAJ,0000-0000-0000-0000
Paul Tennent,University of Nottingham,https://www.nottingham.ac.uk/computerscience/people/paul.tennent,ZGE4EtgAAAAJ,0000-0001-6391-0835
Paul Tymann,Rochester Inst. of Technology,https://www.cs.rit.edu/~ptt,NOSCHOLARPAGE,0000-0000-0000-0000
Paul V. Gratz,Texas A&M University,https://cesg.tamu.edu/faculty/paul-gratz,O9teRZsAAAAJ,0000-0001-7120-7189
Paul Valiant,Purdue University,https://www.cs.purdue.edu/homes/pvaliant,abUcBIkAAAAJ,0000-0002-2211-1073
Paul W. Goldberg,University of Oxford,https://www.cs.ox.ac.uk/people/paul.goldberg,Ai3fEfQAAAAJ,0000-0002-5436-7890
Paul W. Munro,University of Pittsburgh,http://www.pitt.edu/~pwm,95ZV0YcAAAAJ,0000-0000-0000-0000
Paul W. Purdom,Indiana University,http://www.cs.indiana.edu/~pwp,h6Z8WS0AAAAJ,0000-0000-0000-0000
Paul Wollan,Sapienza University of Rome,http://wwwusers.di.uniroma1.it/~wollan,SMocDQwAAAAJ,0000-0000-0000-0000
Paul York,Augusta University,https://www.augusta.edu/faculty/directory/view.php?id=pyork1,ucRxkp8AAAAJ,0000-0000-0000-0000
Paul-Peter Sotiriadis,NTUA,https://www.ece.ntua.gr/en/staff/184,UtDXmH8AAAAJ,0000-0001-6030-4645
Paul-Vahe Cicek,Université du Québec à Montréal,https://professeurs.uqam.ca/professeur/cicek.paul-vahe,KFogS3AAAAAJ,0000-0000-0000-0000
Paul-Vahé Cicek,Université du Québec à Montréal,https://professeurs.uqam.ca/professeur/cicek.paul-vahe,KFogS3AAAAAJ,0000-0000-0000-0000
Paula A. Whitlock,CUNY,http://www.sci.brooklyn.cuny.edu/~whitlock,NOSCHOLARPAGE,0000-0000-0000-0000
Paula Buttery,University of Cambridge,https://www.cl.cam.ac.uk/~pjb48,NOSCHOLARPAGE,0000-0000-0000-0000
Paula Estrella,Universidad Nacional de Córdoba,https://www.famaf.unc.edu.ar/~pestrella,Mo7TUaQAAAAJ,0000-0000-0000-0000
Paula Herber,University of Münster,https://www.uni-muenster.de/EmbSys/team/herber/index.shtml,8dxJkMAAAAAJ,0000-0000-0000-0000
Paula Montoto,University of A Coruña,https://pdi.udc.es/en/File/Pdi/YD8AF,NOSCHOLARPAGE,0000-0000-0000-0000
Paula Roberts,Trinity College Dublin,https://www.scss.tcd.ie/personnel/robertsp,NOSCHOLARPAGE,0000-0000-0000-0000
Paula Zabala,University of Buenos Aires,https://www.dc.uba.ar/materias/aed3/2013/2c/docentes/zabala,Zxmyb4MAAAAJ,0000-0000-0000-0000
Pauline C Haddow,NTNU,https://www.ntnu.edu/employees/pauline,HIHxCNAAAAAJ,0000-0000-0000-0000
Pauline Pounds,University of Queensland,http://www.itee.uq.edu.au/bme/pounds,NOSCHOLARPAGE,0000-0001-5313-8722
Paulo A. Pagliosa,UFMS,https://www.facom.ufms.br/~pagliosa,lNUJYtwAAAAJ,0000-0002-2772-0767
Paulo A. S. Veloso,UFRJ,http://www.cos.ufrj.br/index.php/pt-BR/pessoas/details/18/1043-veloso,NOSCHOLARPAGE,0000-0000-0000-0000
Paulo Alexandre Crisóstomo Lopes,Universidade de Lisboa,https://sotis.tecnico.ulisboa.pt/researcher/ist23775,mAUdr6cAAAAJ,0000-0000-0000-0000
Paulo Andre Vechiatto Miranda,USP,http://www.ime.usp.br/~pmiranda,NOSCHOLARPAGE,0000-0000-0000-0000
Paulo Borba,UFPE,http://www.cin.ufpe.br/~phmb,PpRDLgcAAAAJ,0000-0002-0381-2843
Paulo Carreira,Universidade de Lisboa,https://pt-pt.facebook.com/public/Paulo-Carreira/city/Lisboa-110432202311659,wqTn91IAAAAJ,0000-0000-0000-0000
Paulo Cunha,UFPE,https://www.cin.ufpe.br/~prfc,NOSCHOLARPAGE,0000-0000-0000-0000
Paulo Cunha 0001,UFPE,https://www.cin.ufpe.br/~prfc,NOSCHOLARPAGE,0000-0000-0000-0000
Paulo Esteves Veríssimo,KAUST,https://cemse.kaust.edu.sa/people/person/paulo-verissimo,aMHx8aUAAAAJ,0000-0000-0000-0000
Paulo F. Butzen,Federal University of Rio Grande,http://www.butzen.c3.furg.br,2VeTdosAAAAJ,0000-0003-1587-7596
Paulo F. Flores,Universidade de Lisboa,https://sotis.tecnico.ulisboa.pt/researcher/ist14070,yv4Nq3gAAAAJ,0000-0003-2970-3589
Paulo Ferreira 0001,Universidade de Lisboa,http://www.gsd.inesc-id.pt/~pjpf,3PHaUacAAAAJ,0000-0003-0942-6289
Paulo Francisco Butzen,Federal University of Rio Grande,http://www.butzen.c3.furg.br,2VeTdosAAAAJ,0000-0000-0000-0000
Paulo Freitas de Araujo-Filho,UFPE,https://lattes.cnpq.br/8618484705816309,ODcsRgIAAAAJ,0000-0000-0000-0000
Paulo Goncalves,Ecole Normale Superieure de Lyon,http://perso.ens-lyon.fr/paulo.goncalves,DGSLs7oAAAAJ,0000-0000-0000-0000
Paulo Gustavo Soares da Fonseca,UFPE,https://www.cin.ufpe.br/~paguso,NOSCHOLARPAGE,0000-0000-0000-0000
Paulo Henrique Ribeiro Gabriel,UFU,http://www.facom.ufu.br/~phrg,NOSCHOLARPAGE,0000-0000-0000-0000
Paulo J. F. Carreira,Universidade de Lisboa,https://pt-pt.facebook.com/public/Paulo-Carreira/city/Lisboa-110432202311659,wqTn91IAAAAJ,0000-0000-0000-0000
Paulo J. L. Adeodato,UFPE,https://www.cin.ufpe.br/~pjla,DrrlIZ0AAAAJ,0000-0000-0000-0000
Paulo J. P. Ferreira,Universidade de Lisboa,http://www.gsd.inesc-id.pt/~pjpf,3PHaUacAAAAJ,0000-0000-0000-0000
Paulo Jorge Esteves Veríssimo,KAUST,https://cemse.kaust.edu.sa/people/person/paulo-verissimo,aMHx8aUAAAAJ,0000-0000-0000-0000
Paulo Jorge Leitão Adeodato,UFPE,https://www.cin.ufpe.br/~pjla,DrrlIZ0AAAAJ,0000-0000-0000-0000
Paulo Jorge Lilles Drews Junior,Federal University of Rio Grande,http://www.paulo.c3.furg.br,IeIst7QAAAAJ,0000-0000-0000-0000
Paulo L. J. Drews-Jr,Federal University of Rio Grande,http://www.paulo.c3.furg.br,IeIst7QAAAAJ,0000-0002-7519-0502
Paulo L. de Geus,UNICAMP,http://www.lasca.ic.unicamp.br/paulo,XK0LjgUAAAAJ,0000-0000-0000-0000
Paulo Lilles Drews Jr.,Federal University of Rio Grande,http://www.paulo.c3.furg.br,IeIst7QAAAAJ,0000-0002-7519-0502
Paulo Lilles Jorge Drews Junior,Federal University of Rio Grande,http://www.paulo.c3.furg.br,IeIst7QAAAAJ,0000-0002-7519-0502
Paulo Lício de Geus,UNICAMP,http://www.lasca.ic.unicamp.br/paulo,XK0LjgUAAAAJ,0000-0000-0000-0000
Paulo Maciel 0001,UFPE,https://www.modcs.org,bZVFwWwAAAAJ,0000-0000-0000-0000
Paulo Martins Engel,UFRGS,http://inf.ufrgs.br/~engel,3yK2X-MAAAAJ,0000-0000-0000-0000
Paulo Mateus,Universidade de Lisboa,http://sqig.math.ist.utl.pt/paulo.mateus,8KiAAz0AAAAJ,0000-0000-0000-0000
Paulo Oliva,Queen Mary University of London,http://www.eecs.qmul.ac.uk/~pbo,feEFnrcAAAAJ,0000-0000-0000-0000
Paulo Pereira 0001,Universidade de Lisboa,http://mariel.inesc-id.pt/people/prbp.html,sdOt-CcAAAAJ,0000-0000-0000-0000
Paulo R. F. Cunha,UFPE,https://www.cin.ufpe.br/~prfc,NOSCHOLARPAGE,0000-0000-0000-0000
Paulo R. M. Maciel,UFPE,https://www.modcs.org,bZVFwWwAAAAJ,0000-0000-0000-0000
Paulo Ricardo Lisboa De Almeida,UFPR,http://prlalmeida.com.br,WYmvv0wAAAAJ,0000-0000-0000-0000
Paulo Roberto Freire Cunha,UFPE,https://www.cin.ufpe.br/~prfc,NOSCHOLARPAGE,0000-0000-0000-0000
Paulo Roberto Oliveira,UFRJ,http://www.cos.ufrj.br/index.php/pt-BR/pessoas/details/18/1045-poliveir,55Or75UAAAAJ,0000-0000-0000-0000
Paulo Rogério B. A. Pereira,Universidade de Lisboa,http://mariel.inesc-id.pt/people/prbp.html,sdOt-CcAAAAJ,0000-0000-0000-0000
Paulo Rogério Pereira,Universidade de Lisboa,http://mariel.inesc-id.pt/people/prbp.html,sdOt-CcAAAAJ,0000-0000-0000-0000
Paulo Roma Cavalcanti,UFRJ,http://orion.lcg.ufrj.br/roma,HhJul8QAAAAJ,0000-0000-0000-0000
Paulo Romero Martins Maciel,UFPE,https://www.modcs.org,bZVFwWwAAAAJ,0000-0000-0000-0000
Paulo S. G. de Mattos Neto,UFPE,http://www.cin.ufpe.br/~psgmn,4jmNb3gAAAAJ,0000-0000-0000-0000
Paulo S. L. Souza,USP-ICMC,http://icmc.usp.br/pessoas?id=3258655,epwMhL4AAAAJ,0000-0000-0000-0000
Paulo Salgado Gomes de Mattos Neto,UFPE,http://www.cin.ufpe.br/~psgmn,4jmNb3gAAAAJ,0000-0000-0000-0000
Paulo Sergio Lopes de Souza,USP-ICMC,http://icmc.usp.br/pessoas?id=3258655,epwMhL4AAAAJ,0000-0000-0000-0000
Paulo Shakarian,Arizona State University,https://isearch.asu.edu/profile/2424157,OUAMn6oAAAAJ,0000-0002-3159-4660
Paulo Souza 0001,USP-ICMC,http://icmc.usp.br/pessoas?id=3258655,epwMhL4AAAAJ,0000-0000-0000-0000
Paulo Urbano,Universidade de Lisboa,https://ciencias.ulisboa.pt/perfil/pjurbano,r8zV1FsAAAAJ,0000-0000-0000-0000
Paulo Veríssimo,KAUST,https://cemse.kaust.edu.sa/people/person/paulo-verissimo,aMHx8aUAAAAJ,0000-0002-0085-8053
Pavan K. Turaga,Arizona State University,https://pavanturaga.com,zJH58wkAAAAJ,0000-0002-5263-5943
Pavel A. Pevzner,Univ. of California - San Diego,http://cseweb.ucsd.edu/~ppevzner,0fq5QeIAAAAJ,0000-0000-0000-0000
Pavel Celeda,Masaryk University,https://www.muni.cz/en/people/206086,19TG5q8AAAAJ,0000-0002-3338-2856
Pavel Gladyshev,University College Dublin,https://people.ucd.ie/pavel.gladyshev,Gd8AvzoAAAAJ,0000-0000-0000-0000
Pavel Hubácek,Charles University,https://iuuk.mff.cuni.cz/~hubacek,1kM7gtQAAAAJ,0000-0002-6850-6222
Pavel Izmailov,New York University,https://izmailovpavel.github.io,AXxTpGUAAAAJ,0000-0000-0000-0000
Pavel Manakhov,HSE University,https://www.hse.ru/staff/pmanakhov,LRwExeYAAAAJ,0000-0003-3443-4088
Pavel Matula,Masaryk University,https://www.muni.cz/en/people/2927,NOSCHOLARPAGE,0000-0000-0000-0000
Pavel Naumov,University of Southampton,https://pavelnaumov.com,UunhCesAAAAJ,0000-0003-1687-045X
Pavel Panchekha,University of Utah,https://pavpanchekha.com,dIOCe1UAAAAJ,0000-0003-2621-3592
Pavel Parízek,Charles University,https://d3s.mff.cuni.cz/people/pavelparizek,M_9_-WsAAAAJ,0000-0003-0714-7446
Pavel Rychlý,Masaryk University,https://www.muni.cz/en/people/3692,AQJK5pMAAAAJ,0000-0000-0000-0000
Pavel Skums,University of Connecticut,https://engineering.uconn.edu/person/pavel-skums,h5ZxsFAAAAAJ,0000-0003-4007-5624
Pavel Smrz,Brno University of Technology,https://www.fit.vut.cz/person/smrz,Zr5GY9kAAAAJ,0000-0002-5638-1362
Pavel Veselý 0001,Charles University,https://iuuk.mff.cuni.cz/~vesely,65ss5RMAAAAJ,0000-0003-1169-7934
Pavel Zemcík,Brno University of Technology,https://www.fit.vut.cz/person/zemcik,WK7-dIkAAAAJ,0000-0001-7969-5877
Pavel Zezula,Masaryk University,https://www.muni.cz/en/people/47485,EHIdRAYAAAAJ,0000-0000-0000-0000
Pavithra Prabhakar,Kansas State University,http://people.cs.ksu.edu/~pprabhakar/home.html,og6bNK0qJtkC,0000-0000-0000-0000
Pavlos Andreadis,University of Edinburgh,http://www.inf.ed.ac.uk/people/staff/Pavlos_Andreadis.html,woIOwo4AAAAJ,0000-0000-0000-0000
Pavlos G. Spirakis,University of Liverpool,https://www.liverpool.ac.uk/computer-science/staff/paul-spirakis,vnSMoW4AAAAJ,0000-0000-0000-0000
Pavlos Petoumenos,University of Manchester,https://www.research.manchester.ac.uk/portal/pavlos.petoumenos.html,0fpFdr4AAAAJ,0000-0002-1497-6536
Pavol Cerný,TU Wien,https://cernyp.github.io,FQm9ZGgAAAAJ,0000-0000-0000-0000
Pavol Federl,University of Calgary,http://contacts.ucalgary.ca/info/cpsc/profiles/102-12711,euyKfgUAAAAJ,0000-0000-0000-0000
Pavol Hell,Simon Fraser University,http://www.cs.sfu.ca/~pavol,8KDwlbEAAAAJ,0000-0000-0000-0000
Pawan Goyal,IIT Kharagpur,http://cse.iitkgp.ac.in/~pawang,F14FHsIAAAAJ,0000-0000-0000-0000
Pawan Goyal 0002,IIT Kharagpur,http://cse.iitkgp.ac.in/~pawang,F14FHsIAAAAJ,0000-0002-9414-8166
Pawan Kumar 0001,IIIT Hyderabad,https://faculty.iiit.ac.in/~pawan.kumar,MrtcNxQAAAAJ,0000-0000-0000-0000
Pawel A. Dmochowski,Victoria University of Wellington,http://ecs.victoria.ac.nz/Main/PawelDmochowski,i1WBCpoAAAAJ,0000-0000-0000-0000
Pawel Andrzej Herman,KTH Royal Inst. of Technology,https://www.kth.se/profile/paherman,usAxvpcAAAAJ,0000-0001-6553-823X
Pawel Gawrychowski,University of Wroclaw,http://www.ii.uni.wroc.pl/~gawry,m-B6e-YAAAAJ,0000-0002-6993-5440
Pawel Gorecki,University of Warsaw,https://www.mimuw.edu.pl/~gorecki,93CN9z0AAAAJ,0000-0000-0000-0000
Pawel Grabarczyk,IT University of Copenhagen,https://pure.itu.dk/portal/en/persons/pawel-grabarczyk(42147e05-f94c-471d-a889-c57a01e4bdd0).html,VkWj2_gAAAAJ,0000-0000-0000-0000
Pawel Morawiecki,IPI PAN,https://ipipan.waw.pl/instytut/pracownicy/pawel-morawiecki,eLuRi8oAAAAJ,0000-0000-0000-0000
Pawel Parys,University of Warsaw,http://www.mimuw.edu.pl/~parys/aboutme,NOSCHOLARPAGE,0000-0001-7247-1408
Pawel Sobocinski 0001,Tallinn University of Technology,https://www.ioc.ee/~pawel,n1k-QJgAAAAJ,0000-0002-7992-9685
Pawel Szalachowski,SUTD,https://pszal.github.io,kbU4kW8AAAAJ,0000-0000-0000-0000
Pawel Urzyczyn,University of Warsaw,http://www.mimuw.edu.pl/~urzy,NOSCHOLARPAGE,0000-0000-0000-0000
Pawel W. Wozniak,TU Wien,http://pawelwozniak.eu,CTT-IyUAAAAJ,0000-0003-3670-1813
Pawel Winter,University of Copenhagen,http://www.diku.dk/~pawel,akQtjYcAAAAJ,0000-0000-0000-0000
Pawel Wozny,University of Wroclaw,https://www.ii.uni.wroc.pl/~pwo,FjOm7C8AAAAJ,0000-0000-0000-0000
Payam Zahadat,IT University of Copenhagen,https://pure.itu.dk/portal/en/persons/payam-zahadat(8785f18a-1bf3-4c63-8d8b-d3e5d516ca40).html,eFKr5EIAAAAJ,0000-0002-4521-7428
Peder Bacher,DTU,https://www.compute.dtu.dk/english,NOSCHOLARPAGE,0000-0000-0000-0000
Pedram Rooshenas,University of Illinois at Chicago,https://rooshenas.github.io,ncHbkrQAAAAJ,0000-0003-0881-2495
Pedro Adão,Universidade de Lisboa,https://www.it.pt/Members/Index/1909,9wisdigAAAAJ,0000-0002-4049-1954
Pedro Alexandre Santos,Universidade de Lisboa,https://pt-br.facebook.com/public/Pedro-Alexandre-Santos,NOSCHOLARPAGE,0000-0000-0000-0000
Pedro Barahona,Universidade NOVA de Lisboa,https://userweb.fct.unl.pt/~pb,u3-VE9QAAAAJ,0000-0000-0000-0000
Pedro Cabalar,University of A Coruña,https://www.dc.fi.udc.es/~cabalar,xNZ6lozncZIC,0000-0000-0000-0000
Pedro D. Medeiros,Universidade NOVA de Lisboa,http://asc.di.fct.unl.pt/~pm,OkXQrOAAAAAJ,0000-0000-0000-0000
Pedro E. López-de-Teruel,University of Murcia,http://ditec.um.es/personal/5,lt9npF4AAAAJ,0000-0000-0000-0000
Pedro E. López-de-Teruel Alcolea,University of Murcia,http://ditec.um.es/personal/5,lt9npF4AAAAJ,0000-0000-0000-0000
Pedro F. Felzenszwalb,Brown University,http://cs.brown.edu/~pff,k1hJzF0AAAAJ,0000-0000-0000-0000
Pedro Felipe Felzenszwalb,Brown University,http://cs.brown.edu/~pff,k1hJzF0AAAAJ,0000-0000-0000-0000
Pedro Fonseca 0001,Purdue University,https://www.cs.purdue.edu/homes/pfonseca,xTvNYN8AAAAJ,0000-0003-2480-4487
Pedro Frosi Rosa,UFU,http://www.facom.ufu.br/~frosi,iRbluD4AAAAJ,0000-0000-0000-0000
Pedro Hermosilla,TU Wien,https://phermosilla.github.io,C7F4B6MAAAAJ,0000-0003-3586-4741
Pedro Hermosilla Casajus,TU Wien,https://phermosilla.github.io,C7F4B6MAAAAJ,0000-0003-3586-4741
Pedro J. de Rezende,UNICAMP,http://www.ic.unicamp.br/~rezende,NOSCHOLARPAGE,0000-0000-0000-0000
Pedro Jussieu de Rezende,UNICAMP,http://www.ic.unicamp.br/~rezende,NOSCHOLARPAGE,0000-0000-0000-0000
Pedro Lopes 0001,University of Chicago,http://plopes.org,dhPGPoIAAAAJ,0000-0001-6527-7084
Pedro López-García 0001,IMDEA Software Institute,http://software.imdea.org/people/pedro.lopez,NOSCHOLARPAGE,0000-0000-0000-0000
Pedro M. Ferreira,Universidade de Lisboa,https://ciencias.ulisboa.pt/perfil/pmferreira,_-nQkzsAAAAJ,0000-0000-0000-0000
Pedro M. Ruiz,University of Murcia,https://ants.inf.um.es/~pedrom,z5uxBDIAAAAJ,0000-0000-0000-0000
Pedro M. Ruiz-Martinez,University of Murcia,https://ants.inf.um.es/~pedrom,z5uxBDIAAAAJ,0000-0000-0000-0000
Pedro M. S. Carvalho,Universidade de Lisboa,https://sotis.tecnico.ulisboa.pt/researcher/ist13407,q3Ao_30AAAAJ,0000-0000-0000-0000
Pedro Machado Manhães de Castro,UFPE,https://www.cin.ufpe.br/~pmmc,NOSCHOLARPAGE,0000-0000-0000-0000
Pedro Manuel Antunes Sousa,Universidade de Lisboa,https://fenix.tecnico.ulisboa.pt/homepage/ist12951,LksdyM8AAAAJ,0000-0000-0000-0000
Pedro Manuel Moreira Vaz Antunes de Sousa,Universidade de Lisboa,https://fenix.tecnico.ulisboa.pt/homepage/ist12951,LksdyM8AAAAJ,0000-0000-0000-0000
Pedro Mediano,Imperial College London,https://pmediano.gitlab.io,I9-416MAAAAJ,0000-0000-0000-0000
Pedro Miguel Ruiz-Martinez,University of Murcia,https://ants.inf.um.es/~pedrom,z5uxBDIAAAAJ,0000-0000-0000-0000
Pedro Moreno-Sanchez,IMDEA Software Institute,https://software.imdea.org/people/pedro.moreno/index.html,-IER53IAAAAJ,0000-0003-2315-7839
Pedro Morgado 0001,University of Wisconsin - Madison,https://pedro-morgado.github.io,Yy4gO-QAAAAJ,0000-0002-0955-6510
Pedro O. S. Vaz de Melo,UFMG,http://homepages.dcc.ufmg.br/~olmo,WjS15esAAAAJ,0000-0002-9749-0151
Pedro Olmo Stancioli Vaz de Melo,UFMG,http://homepages.dcc.ufmg.br/~olmo,WjS15esAAAAJ,0000-0002-9749-0151
Pedro R. D'Argenio,Universidad Nacional de Córdoba,https://cs.famaf.unc.edu.ar/~dargenio,Z7i2nckAAAAJ,0000-0002-8528-9215
Pedro Santos 0001,Universidade de Lisboa,https://pt-br.facebook.com/public/Pedro-Alexandre-Santos,NOSCHOLARPAGE,0000-0000-0000-0000
Pedro Sousa,Universidade de Lisboa,https://fenix.tecnico.ulisboa.pt/homepage/ist12951,LksdyM8AAAAJ,0000-0000-0000-0000
Pedro Sánchez Terraf,Universidad Nacional de Córdoba,https://cs.famaf.unc.edu.ar/~pedro,pgrAV_MAAAAJ,0000-0000-0000-0000
Pedro T. Monteiro,Universidade de Lisboa,http://pedromonteiro.org,Xl4c8q0AAAAJ,0000-0000-0000-0000
Pedro Tiago Monteiro,Universidade de Lisboa,http://pedromonteiro.org,Xl4c8q0AAAAJ,0000-0000-0000-0000
Pedro Tomás,Universidade de Lisboa,https://sotis.tecnico.ulisboa.pt/researcher/ist146645,BQzcauwAAAAJ,0000-0001-8083-4432
Pedro Trancoso,Chalmers/GU,https://www.chalmers.se/en/staff/Pages/ppedro.aspx,NOSCHOLARPAGE,0000-0002-2776-9253
Pedro U. Lima,Universidade de Lisboa,http://users.isr.ist.utl.pt/~pal,NUiEEYkAAAAJ,0000-0002-8962-8050
Pedro Urbano Lima,Universidade de Lisboa,http://users.isr.ist.utl.pt/~pal,NUiEEYkAAAAJ,0000-0000-0000-0000
Pedro V. Sander,HKUST,http://www.cse.ust.hk/~psander,GIToYFwAAAAJ,0000-0002-0435-9833
Peer Kröger,LMU Munich,http://www.dbs.ifi.lmu.de/cms/personen/professoren/kroeger/index.html,o_OWGOwAAAAJ,0000-0000-0000-0000
Peer Nowack,Karlsruhe Inst. of Technology,https://ki-klima.iti.kit.edu/deutsch/21_58.php,v1Pf21sAAAAJ,0000-0000-0000-0000
Peer-Olaf Siebers,University of Nottingham,https://www.nottingham.ac.uk/computerscience/people/peer-olaf.siebers,mfZtyl4AAAAJ,0000-0000-0000-0000
Pegah Khosravi,University of Central Florida,https://ai.ucf.edu/people/faculty,lHM6ZCwAAAAJ,0000-0000-0000-0000
Peggy Gregory,University of Glasgow,https://www.gla.ac.uk/schools/computing/staff/peggygregory,kIe-_DoAAAAJ,0000-0000-0000-0000
Peggy Seriès,University of Edinburgh,http://homepages.inf.ed.ac.uk/pseries,JeZz1LMAAAAJ,0000-0000-0000-0000
Pei Liu,Chongqing University,https://gspeiliu.github.io,qs3f0s8AAAAJ,0000-0001-6008-7265
Pei-Chi Huang,University of Nebraska - Omaha,https://unocps.github.io,UtGynOsAAAAJ,0000-0002-7163-2772
Pei-Hsuan Tsai,National Cheng Kung University,http://www.csie.ncku.edu.tw/ncku_csie/depmember/teacherdetail/id/43,NOSCHOLARPAGE,0000-0001-6227-7652
Pei-Yin Chen,National Cheng Kung University,http://www.csie.ncku.edu.tw/ncku_csie/depmember/teacherdetail/id/23,H6_RJxkAAAAJ,0000-0002-5104-6055
Peifeng Li,Soochow University,http://web.suda.edu.cn/pfli,NY3GrVIAAAAJ,0000-0000-0000-0000
Peihan Miao 0001,Brown University,https://sites.google.com/view/peihanmiao/home,DDkfim4AAAAJ,0000-0000-0000-0000
Peilin Zheng,Sun Yat-sen University,https://zhengpeilin.com/about,5RYxXwUAAAAJ,0000-0002-4897-9276
Peisen Yao,Zhejiang University,https://rainoftime.github.io,ijXQzv8AAAAJ,0000-0003-0342-9518
Peixiang Liu,Nova Southeastern University,https://cec.nova.edu/faculty/liu.html,NOSCHOLARPAGE,0000-0000-0000-0000
Peixiang Zhao 0001,Florida State University,http://www.cs.fsu.edu/~zhao,ajRhtAkAAAAJ,0000-0000-0000-0000
Peiyi Tang,Univ. of Arkansas - Little Rock,http://www.ualr.edu/pxtang,NOSCHOLARPAGE,0000-0000-0000-0000
Peizhao Hu,Rochester Inst. of Technology,https://www.cs.rit.edu/~ph,w4PoXGMAAAAJ,0000-0000-0000-0000
Peizhong Ju,University of Kentucky,https://functionadvanced.github.io/PeizhongJu,VDzpfOYAAAAJ,0000-0000-0000-0000
Pejman Lotfi-Kamran,IPM,http://cs.ipm.ac.ir/~plotfi,UZIKgasAAAAJ,0000-0003-3293-8274
Pekka Abrahamsson,Tampere University,https://researchportal.tuni.fi/en/persons/pekka-abrahamsson,A-CX3y4AAAAJ,0000-0000-0000-0000
Pekka Jääskeläinen,Tampere University,https://researchportal.tuni.fi/en/persons/pekka-j%C3%A4%C3%A4skel%C3%A4inen,wQHcOU0AAAAJ,0000-0001-5707-8544
Pekka Marttinen,Aalto University,https://research.aalto.fi/en/persons/pekka-marttinen,NOSCHOLARPAGE,0000-0001-7078-7927
Pekka Orponen,Aalto University,https://users.ics.aalto.fi/orponen,vxczc7gAAAAJ,0000-0002-0417-2104
Pekka Parviainen,University of Bergen,http://www.ii.uib.no/~pekkap,NOSCHOLARPAGE,0000-0000-0000-0000
Pelin Angin,Middle East Technical University,http://user.ceng.metu.edu.tr/~pangin,PgwZYeoAAAAJ,0000-0000-0000-0000
Pen-Chung Yew,University of Minnesota,http://www-users.cs.umn.edu/~yew,NOSCHOLARPAGE,0000-0001-9653-8777
Penelope Sweetser,Australian National University,https://cs.anu.edu.au/people/penny-kyburz,mrvBuvsAAAAJ,0000-0000-0000-0000
Peng Chen 0024,Georgia Institute of Technology,https://faculty.cc.gatech.edu/~pchen402/index.html,AaVPa5kAAAAJ,0000-0003-4215-9901
Peng Cheng 0003,Tongji University,https://cspcheng.github.io,rfuMoPUAAAAJ,0000-0002-9797-6944
Peng Cui 0001,Tsinghua University,http://pengcui.thumedialab.com,G8x97ZgAAAAJ,0000-0003-2957-8511
Peng Gao 0008,Virginia Tech,https://people.cs.vt.edu/penggao,lJJpxssAAAAJ,0000-0000-0000-0000
Peng Gao 0009,North Carolina State University,https://www.pengg-robotics.com,oQ26N8YAAAAJ,0000-0000-0000-0000
Peng Hu 0002,Sichuan University,https://penghu-cs.github.io,gvESkwYAAAAJ,0000-0000-0000-0000
Peng Huang 0005,University of Michigan,https://web.eecs.umich.edu/~ryanph,2y-8usQAAAAJ,0000-0001-6315-0848
Peng Jiang 0004,University of Iowa,https://homepage.divms.uiowa.edu/~penjiang,CxfXT14AAAAJ,0000-0001-7743-6062
Peng Li 0001,Univ. of California - Santa Barbara,https://www.engineering.ucsb.edu/people/peng-li,QYQUS7gAAAAJ,0000-0003-3548-4589
Peng Li 0019,Harbin Institute of Technology,http://faculty.hitsz.edu.cn/lipeng,NOSCHOLARPAGE,0000-0000-0000-0000
Peng Liang 0001,Wuhan University,https://cs.whu.edu.cn/info/1019/2950.htm,76CoujsAAAAJ,0000-0000-0000-0000
Peng Liu 0005,Pennsylvania State University,https://s2.ist.psu.edu/pliu,qVOHi9cAAAAJ,0000-0000-0000-0000
Peng Peng 0001,Hunan University,https://bnu05pp.github.io,-Lw56joAAAAJ,0000-0002-8095-8061
Peng Song 0001,SUTD,https://songpenghit.github.io,DonXkFQAAAAJ,0000-0003-2734-2783
Peng Sun 0003,Hunan University,https://pengsun6.github.io,lpg_2i0AAAAJ,0000-0001-6221-8142
Peng Wang 0015,NWPU,https://wangpengnorman.github.io,aPLp7pAAAAAJ,0000-0000-0000-0000
Peng Wang 0027,Fudan University,http://www.cs.fudan.edu.cn/?page_id=1953,NOSCHOLARPAGE,0000-0002-8136-9621
Peng Wang 0098,University of Macau,https://www.fst.um.edu.mo/people/pengw,baF3HKUAAAAJ,0000-0002-6799-0745
Peng Yang 0008,SUSTech,http://cse.sustech.edu.cn/faculty/~yangp,5T9jy2MAAAAJ,0000-0001-5333-6155
Peng Zhang 0011,Xi'an Jiaotong University,https://nskeylab.xjtu.edu.cn/people/pzhang,AdvgGYgAAAAJ,0000-0001-7721-2675
Peng Zhang 0052,Rutgers University,https://sites.google.com/site/pengzhang27182,OeJee_QAAAAJ,0009-0009-5812-1212
Peng Zhao 0001,Xi'an Jiaotong University,http://gr.xjtu.edu.cn/web/p.zhao,NOSCHOLARPAGE,0000-0000-0000-0000
Peng Zhao 0006,Nanjing University,https://www.lamda.nju.edu.cn/zhaop,QOBghLMAAAAJ,0000-0000-0000-0000
Peng Zou,Harbin Institute of Technology,http://faculty.hitsz.edu.cn/zoupeng1,NOSCHOLARPAGE,0000-0002-8345-0976
Peng-Jun Wan,Illinois Institute of Technology,https://science.iit.edu/people/faculty/peng-jun-wan,TXUhDokAAAAJ,0000-0000-0000-0000
Peng-Shuai Wang,Peking University,https://wang-ps.github.io,knqNKX0AAAAJ,0000-0001-9700-8188
Pengbo Bo,Harbin Institute of Technology,http://homepage.hit.edu.cn/bopengbo,1rfwxSUAAAAJ,0000-0000-0000-0000
Pengcheng An,SUSTech,https://www.sustech.edu.cn/en/faculties/pengchengan.html,8NN-2UYAAAAJ,0000-0002-7705-2031
Pengcheng Shi,Rochester Inst. of Technology,https://www.rit.edu/gccis/pengcheng-shi,JiVaZf8AAAAJ,0000-0003-2504-9890
Pengdi Huang,Shenzhen University,http://vcc.szu.edu.cn/~pengdi,MKjgy_UAAAAJ,0000-0002-9926-4393
Pengfei Chen 0002,Sun Yat-sen University,https://cse.sysu.edu.cn/content/3747,g9tdjgQAAAAJ,0000-0003-0972-6900
Pengfei Liu 0003,Shanghai Jiao Tong University,http://pfliu.com,oIz_CYEAAAAJ,0000-0000-0000-0000
Pengfei Su 0001,Univ. of California - Merced,https://pengfei-su.github.io,LAttsHIAAAAJ,0000-0000-0000-0000
Pengfei Wang 0009,BUPT,https://wangpengfeii.github.io,BEDKYxUAAAAJ,0000-0001-8658-7102
Pengfei Xu 0002,Shenzhen University,http://pengfeixu.com,bmC8UcoAAAAJ,0000-0003-4770-4374
Pengfei Zhu 0001,Tianjin University,http://aiskyeye.com,iS27HZ8AAAAJ,0000-0002-4310-9140
Penghui Yao,Nanjing University,http://penghuiyao.info,iFxJ6XIAAAAJ,0000-0002-4104-2069
Pengjie Ren,Shandong University,https://pengjieren.github.io,4OdmSOcAAAAJ,0000-0003-2964-6422
Pengpeng Zeng,Tongji University,https://cs.tongji.edu.cn/info/1061/3723.htm,Zs0PWb4AAAAJ,0000-0002-0672-3790
Pengpeng Zhao 0001,Soochow University,http://web.suda.edu.cn/ppzhao/index.html,JyX1YfUAAAAJ,0000-0002-3099-4523
Pengtao Xie,Univ. of California - San Diego,https://sites.google.com/site/pengtaoxie2008,cnncomYAAAAJ,0000-0000-0000-0000
Pengyang Wang,University of Macau,https://www.fst.um.edu.mo/people/pywang,o26vQZwAAAAJ,0000-0003-3961-5523
Pengyu Hong,Brandeis University,http://www.cs.brandeis.edu/~hong,pvDa8pcAAAAJ,0000-0002-3177-2754
Pengyu Nie 0001,University of Waterloo,https://pengyunie.github.io,AdSEuYcAAAAJ,0000-0003-1529-3216
Pengzhan Zhou,Chongqing University,https://colinzpz.github.io,6wjtLk4AAAAJ,0000-0002-8796-5969
Penny Kyburz,Australian National University,https://cs.anu.edu.au/people/penny-kyburz,mrvBuvsAAAAJ,0000-0000-0000-0000
Penny Rheingans,Univ. of Maryland - Baltimore County,http://www.csee.umbc.edu/~rheingan,1k0rojcAAAAJ,0000-0000-0000-0000
Penny Sweetser,Australian National University,https://cs.anu.edu.au/people/penny-kyburz,mrvBuvsAAAAJ,0000-0002-6543-557X
Pepa Atanasova,University of Copenhagen,https://apepa.github.io,CLOC3rEAAAAJ,0000-0002-0023-2616
Per Andersson,Lund University,http://www.svet.lu.se/en/per-andersson,38DogacAAAAJ,0000-0000-0000-0000
Per Austrin,KTH Royal Inst. of Technology,http://www.nada.kth.se/~austrin,ttQM0ocAAAAJ,0000-0000-0000-0000
Per B. Brockhoff,DTU,https://www.compute.dtu.dk/english,NOSCHOLARPAGE,0000-0000-0000-0000
Per Baekgaard,DTU,https://www.compute.dtu.dk/english,NOSCHOLARPAGE,0000-0000-0000-0000
Per Bækgaard,DTU,https://www.compute.dtu.dk/english,NOSCHOLARPAGE,0000-0002-6720-1128
Per Christian Hansen,DTU,https://www.compute.dtu.dk/english,NOSCHOLARPAGE,0000-0000-0000-0000
Per Gunningberg,Uppsala University,http://user.it.uu.se/~perg,NOSCHOLARPAGE,0000-0000-0000-0000
Per Kristian Lehre,University of Birmingham,https://www.birmingham.ac.uk/staff/profiles/computer-science/academic-staff/lehre-kristian-per.aspx,HTszQ5gAAAAJ,0000-0000-0000-0000
Per Larsson-Edefors,Chalmers/GU,https://www.chalmers.se/en/staff/Pages/perla.aspx,NOSCHOLARPAGE,0000-0000-0000-0000
Per Lötstedt,Uppsala University,http://user.it.uu.se/~perl,cBqHQeUAAAAJ,0000-0000-0000-0000
Per Runeson,Lund University,http://cs.lth.se/per_runeson,7B58FysAAAAJ,0000-0003-2795-4851
Per Stenström,Chalmers/GU,https://www.chalmers.se/en/staff/Pages/per-stenstrom.aspx,wsMoM6cAAAAJ,0000-0002-4280-3843
Per Wahlund,Uppsala University,https://katalog.uu.se/empinfo/?id=XX2255,NOSCHOLARPAGE,0000-0000-0000-0000
Peraphon Sophatsathit,Chulalongkorn University,https://cop.car.chula.ac.th/%E0%B8%9E%E0%B8%B5%E0%B8%A3%E0%B8%B0%E0%B8%9E%E0%B8%B1%E0%B8%99%E0%B8%98%E0%B9%8C,NOSCHOLARPAGE,0000-0000-0000-0000
Perdita Stevens,University of Edinburgh,http://homepages.inf.ed.ac.uk/perdita,KdBhbbYAAAAJ,0000-0000-0000-0000
Pere Barlet-Ros,Polytechnic Univ. of Catalonia,http://people.ac.upc.edu/pbarlet,NOSCHOLARPAGE,0000-0001-7837-0886
Periklis A. Papakonstantinou,Rutgers University,http://papakonstantinou.net,x9wgKOkAAAAJ,0000-0000-0000-0000
Perla Innocenti,University of Strathclyde,https://pureportal.strath.ac.uk/en/persons/perla-innocenti/publications,PEBzYqUAAAAJ,0000-0000-0000-0000
Pernille Bjørn,University of Copenhagen,http://diku.dk/english/staff/vip/?pure=en/persons/417695,ZbzjucYAAAAJ,0000-0001-7049-1173
Perry Alexander,University of Kansas,http://perry.alexander.name,X-WzDOYAAAAJ,0000-0000-0000-0000
Perry Groot,Radboud University,https://www.cs.ru.nl/~perry,LmkYj4IAAAAJ,0000-0000-0000-0000
Perttu Hämäläinen,Aalto University,https://mediatech.aalto.fi/~phamalainen,i90uqXUAAAAJ,0000-0001-7764-3459
Pete Burnap,Cardiff University,https://www.cardiff.ac.uk/people/view/44219-burnap-pete,wirikBAAAAAJ,0000-0000-0000-0000
Pete Keleher,Univ. of Maryland - College Park,https://www.cs.umd.edu/people/keleher,NOSCHOLARPAGE,0000-0000-0000-0000
Pete Manolios,Northeastern University,http://www.ccs.neu.edu/home/pete,zUW_nUIAAAAJ,0000-0000-0000-0000
Peter A. Bloniarz,University at Albany - SUNY,https://www.albany.edu/news/experts/22213.php,NOSCHOLARPAGE,0000-0000-0000-0000
Peter A. Boncz,CWI,http://homepages.cwi.nl/~boncz,DCIZE1kAAAAJ,0000-0000-0000-0000
Peter A. Buhr,University of Waterloo,http://plg.uwaterloo.ca/~pabuhr,NOSCHOLARPAGE,0000-0000-0000-0000
Peter A. Busch,Macquarie University,http://web.science.mq.edu.au/~busch,2GoS_DUAAAAJ,0000-0000-0000-0000
Peter A. Dinda,Northwestern University,http://pdinda.org,9m3beGEAAAAJ,0000-0001-5315-5987
Peter A. Flach,University of Bristol,https://www.cs.bris.ac.uk/~flach,o9ggd4sAAAAJ,0000-0001-6857-5810
Peter A. Heeman,OHSU,http://cslu.ohsu.edu/~heeman,hbS0Dc4AAAAJ,0000-0000-0000-0000
Peter A. Jansen,University of Arizona,http://www.cognitiveai.org,wc1Hbl8AAAAJ,0000-0000-0000-0000
Peter A. Milder,Stony Brook University,https://www.stonybrook.edu/commcms/electrical/people/-core_faculty/milder_peter,tZ_do3gAAAAJ,0000-0003-1146-3011
Peter A. N. Bosman,TU Delft,http://homepages.cwi.nl/~bosman,YED2pAoAAAAJ,0000-0000-0000-0000
Peter A. O'Donnell,Monash University,http://monash.edu/research/explore/en/persons/peter-odonnell(fd8e96a0-71ce-4f7b-911f-7c764eeedb2d).html,6tPdlYAAAAAJ,0000-0000-0000-0000
Peter A. Whigham,University of Otago,https://www.otago.ac.nz/school-of-computing/our-people/peter-whigham,BA0ubm4AAAAJ,0000-0000-0000-0000
Peter Achten,Radboud University,http://www.cs.ru.nl/P.Achten,_WW70fwAAAAJ,0000-0000-0000-0000
Peter Alexander Scholl,Aarhus University,https://pascholl.github.io,1k1mPNAAAAAJ,0000-0000-0000-0000
Peter Alvaro,Univ. of California - Santa Cruz,https://www.soe.ucsc.edu/people/palvaro,TKSjVTUAAAAJ,0000-0001-6672-240X
Peter Andreae,Victoria University of Wellington,http://ecs.victoria.ac.nz/Main/PeterAndreae,NOSCHOLARPAGE,0000-0000-0000-0000
Peter Arbenz,ETH Zurich,https://www.inf.ethz.ch/personal/arbenz,o1KTLm8AAAAJ,0000-0000-0000-0000
Peter Axel Nielsen,Aalborg University,http://people.cs.aau.dk/~pan,l2VkFywAAAAJ,0000-0002-0282-7445
Peter B. Seddon,University of Melbourne,https://findanexpert.unimelb.edu.au/profile/12816-peter-seddon,XzFZeTgAAAAJ,0000-0000-0000-0000
Peter Bastian,Heidelberg University,https://conan.iwr.uni-heidelberg.de/people/peter,pVZJ_NcAAAAJ,0000-0000-0000-0000
Peter Baumann 0001,Jacobs University Bremen,http://www.peter-baumann.org,rx9lyGkAAAAJ,0000-0003-3860-4726
Peter Beelen,DTU,https://www.compute.dtu.dk/english,NOSCHOLARPAGE,0000-0003-1218-2422
Peter Bell 0001,University of Edinburgh,http://www.inf.ed.ac.uk/people/staff/Peter_Bell.html,fRf1FbAAAAAJ,0000-0002-9597-9615
Peter Bishop 0001,City University of London,https://www.city.ac.uk/people/academics/peter-bishop,Da9XPL8AAAAJ,0000-0000-0000-0000
Peter Bodorik,Dalhousie University,https://www.cs.dal.ca/~bodorik,NOSCHOLARPAGE,0000-0000-0000-0000
Peter Brass,CUNY,http://www-cs.ccny.cuny.edu/~peter,ZTGVnVkAAAAJ,0009-0001-0247-8329
Peter Braß,CUNY,http://www-cs.ccny.cuny.edu/~peter,ZTGVnVkAAAAJ,0000-0000-0000-0000
Peter Brusilovsky,University of Pittsburgh,http://www.pitt.edu/~peterb,s6RpNfAAAAAJ,0000-0002-1902-1464
Peter Buchholz 0001,TU Dortmund,https://ls4-www.cs.tu-dortmund.de/cms/de/home/buchholz,NOSCHOLARPAGE,0000-0002-9966-7686
Peter Buneman,University of Edinburgh,http://homepages.inf.ed.ac.uk/opb,d9bq04sAAAAJ,0009-0004-9056-8587
Peter Burnap,Cardiff University,https://www.cardiff.ac.uk/people/view/44219-burnap-pete,wirikBAAAAAJ,0000-0000-0000-0000
Peter C. J. Graham,University of Manitoba,http://www.cs.umanitoba.ca/~pgraham,5suVxUYAAAAJ,0000-0000-0000-0000
Peter C. Rigby,Concordia University,http://users.encs.concordia.ca/~pcr,lGVxz58AAAAJ,0000-0003-1137-4297
Peter C.-H. Cheng,University of Sussex,http://www.sussex.ac.uk/informatics/people/peoplelists/person/100650,KsqCJVQAAAAJ,0000-0002-0355-5955
Peter Chunyu Yau,University of Glasgow,https://www.gla.ac.uk/schools/computing/staff/petercyyau,bjm87XsAAAAJ,0000-0000-0000-0000
Peter Corke,Queensland Univ. of Technology,https://research.qut.edu.au/qcr/people/peter-corke,wnePPc4AAAAJ,0000-0001-6650-367X
Peter Cowling,Queen Mary University of London,http://eecs.qmul.ac.uk/profiles/cowlingpeter.html,ijFwdzsAAAAJ,0000-0000-0000-0000
Peter D. Bennett,University of Bristol,http://www.peteinfo.com,t_vvNfcAAAAJ,0000-0000-0000-0000
Peter D. Grünwald,CWI,http://homepages.cwi.nl/~pdg,wItp6h8AAAAJ,0000-0000-0000-0000
Peter Damaschke,Chalmers/GU,https://www.chalmers.se/en/staff/Pages/ptr.aspx,NOSCHOLARPAGE,0000-0000-0000-0000
Peter Danielis,University of Rostock,https://www.vhr.uni-rostock.de/team/vertretungsprofessur/dr-ing-habil-peter-danielis-vertretungsprofessur,XxRH9IoAAAAJ,0000-0000-0000-0000
Peter Dayan [KYB],Max Planck Society,https://www.kyb.tuebingen.mpg.de/computational-neuroscience,_30hSU8AAAAJ,0000-0000-0000-0000
Peter Desnoyers,Northeastern University,http://www.ccs.neu.edu/home/pjd,Zx2TxxsAAAAJ,0000-0000-0000-0000
Peter Dittrich,Friedrich Schiller University Jena,http://www.informatik.uni-jena.de/csb,XCULQaAAAAAJ,0000-0000-0000-0000
Peter Dolog,Aalborg University,https://peterdolog.wordpress.com,gCafUI0AAAAJ,0000-0003-1842-9131
Peter Druschel [SWS],Max Planck Society,http://www.mpi-sws.org/~druschel,z6ME4e8AAAAJ,0000-0000-0000-0000
Peter Dybjer,Chalmers/GU,https://www.chalmers.se/en/staff/Pages/peterd.aspx,qXunBjsAAAAJ,0000-0000-0000-0000
Peter E. Tischer,Monash University,http://monash.edu/research/explore/en/persons/peter-tischer(c4f50487-57f7-485c-b44c-2bd73a017d7a).html,NOSCHOLARPAGE,0000-0000-0000-0000
Peter Edwards,University of Aberdeen,https://www.abdn.ac.uk/people/p.edwards,xiDYSukAAAAJ,0000-0002-4527-9186
Peter Eisert,Humboldt University of Berlin,https://www.informatik.hu-berlin.de/de/forschung/gebiete/viscom/eisert/eisert,BCElyCkAAAAJ,0000-0001-8378-4805
Peter F. Linington,University of Kent,https://www.cs.kent.ac.uk/people/staff/pfl,NOSCHOLARPAGE,0000-0000-0000-0000
Peter F. Stadler,University of Leipzig,http://www.bioinf.uni-leipzig.de/~studla,pVnGRlkAAAAJ,0000-0002-5016-5191
Peter Fejer,University of Massachusetts Boston,http://www.cs.umb.edu/~fejer,NOSCHOLARPAGE,0000-0000-0000-0000
Peter Forbrig,University of Rostock,https://www.informatik.uni-rostock.de/lehrstuehle/am-institut-fuer-informatik-forts/softwaretechnik/lehrstuhl-softwaretechnik/mitarbeiter,B07gwvsAAAAJ,0000-0000-0000-0000
Peter Funk 0001,Mälardalen University,http://www.es.mdh.se/staff/11-Peter_Funk,Lfh_RTwAAAAJ,0000-0000-0000-0000
Peter G. Bishop,City University of London,https://www.city.ac.uk/people/academics/peter-bishop,Da9XPL8AAAAJ,0000-0000-0000-0000
Peter G. Harrison,Imperial College London,http://www.imperial.ac.uk/people/p.harrison,f6GUPSUAAAAJ,0000-0002-7378-1405
Peter G. Jeavons,University of Oxford,http://www.cs.ox.ac.uk/peter.jeavons,xEE8Q8EAAAAJ,0000-0000-0000-0000
Peter Garraghan,Lancaster University,https://www.lancaster.ac.uk/scc/about-us/people/peter-garraghan,lkP_Zd8AAAAJ,0000-0000-0000-0000
Peter Graham,University of Manitoba,http://www.cs.umanitoba.ca/~pgraham,5suVxUYAAAAJ,0000-0000-0000-0000
Peter Grunwald,CWI,http://homepages.cwi.nl/~pdg,wItp6h8AAAAJ,0000-0000-0000-0000
Peter Grünwald,CWI,http://homepages.cwi.nl/~pdg,wItp6h8AAAAJ,0000-0000-0000-0000
Peter H. Welch,University of Kent,https://www.cs.kent.ac.uk/~phw,hd1j2w0AAAAJ,0000-0000-0000-0000
Peter Hall 0001,University of Bath,http://www.cs.bath.ac.uk/~pmh/start/home.html,Tgz4GT8AAAAJ,0009-0006-5699-5483
Peter Hastings,DePaul University,http://reed.cs.depaul.edu/peterh,r-U50JwAAAAJ,0000-0000-0000-0000
Peter Henderson 0002,Princeton University,https://www.cs.princeton.edu/people/profile/ph4162,dy_JBs0AAAAJ,0000-0000-0000-0000
Peter Hertling,Bundeswehr University Munich,https://www.unibw.de/timor/mitarbeiter/hertling/univ-prof-dr-peter-hertling,NOSCHOLARPAGE,0000-0000-0000-0000
Peter Hubwieser,TU Munich,http://www.professoren.tum.de/en/hubwieser-peter,YuvySKkAAAAJ,0000-0000-0000-0000
Peter Husar,TU Ilmenau,https://www.tu-ilmenau.de/bmti/fachgebiete/biosignalverarbeitung/prof-dr-ing-habil-peter-husar,NOSCHOLARPAGE,0000-0000-0000-0000
Peter Höfner,Australian National University,https://cs.anu.edu.au/people/peter-hoefner,JbCZr9sAAAAJ,0000-0002-2141-5868
Peter Høyer,University of Calgary,http://www.cpsc.ucalgary.ca/~hoyer,NOSCHOLARPAGE,0000-0001-9877-268X
Peter I. Corke,Queensland Univ. of Technology,https://research.qut.edu.au/qcr/people/peter-corke,wnePPc4AAAAJ,0000-0001-6650-367X
Peter I. Cowling,University of York,https://www-users.cs.york.ac.uk/~pic,xQ7IpL8AAAAJ,0000-0000-0000-0000
Peter J. Bentley,University College London,http://www0.cs.ucl.ac.uk/staff/p.bentley,9DHkQbYAAAAJ,0000-0000-0000-0000
Peter J. Clarke,Florida International University,http://www.cis.fiu.edu/~clarkep,dOIx9wcAAAAJ,0000-0003-0892-1907
Peter J. Denning,Naval Postgraduate School,http://faculty.nps.edu/vitae/cgi-bin/vita.cgi?p=display_vita&id=1074712364,bfs3-ZoAAAAJ,0000-0000-0000-0000
Peter J. Downey,University of Arizona,https://www.cs.arizona.edu/~pete,NOSCHOLARPAGE,0000-0000-0000-0000
Peter J. Haas,Univ. of Massachusetts Amherst,https://people.cs.umass.edu/~phaas,PeCI8KcAAAAJ,0000-0001-5694-3065
Peter J. Keleher,Univ. of Maryland - College Park,https://www.cs.umd.edu/people/keleher,NOSCHOLARPAGE,0000-0000-0000-0000
Peter J. Love,Tufts University,https://engineering.tufts.edu/cs/people/faculty/peter-love,dQqUZ_kAAAAJ,0000-0000-0000-0000
Peter J. Passmore,Middlesex University,https://www.mdx.ac.uk/about-us/our-people/staff-directory/profile/passmore-peter,NOSCHOLARPAGE,0000-0000-0000-0000
Peter J. Rodgers,University of Kent,https://www.cs.kent.ac.uk/people/staff/pjr,wu6mHBsAAAAJ,0000-0002-4100-3596
Peter J. Sadowski,University of Hawaii at Manoa,https://www2.hawaii.edu/~psadow,5-s3bS8AAAAJ,0000-0002-7354-5461
Peter J. Stuckey,Monash University,https://research.monash.edu/en/persons/peter-stuckey,tvFekxwAAAAJ,0000-0003-2186-0459
Peter J. Varman,Rice University,http://varman.rice.edu,c56AFDoAAAAJ,0000-0000-0000-0000
Peter James Stuckey,Monash University,https://research.monash.edu/en/persons/peter-stuckey,tvFekxwAAAAJ,0000-0000-0000-0000
Peter Jansen 0001,University of Arizona,http://www.cognitiveai.org,wc1Hbl8AAAAJ,0000-0000-0000-0000
Peter John McBurney,King's College London,https://www.kcl.ac.uk/people/peter-mcburney,mInKMwYAAAAJ,0000-0000-0000-0000
Peter Johnson 0001,University of Bath,http://www.bath.ac.uk/comp-sci/contacts/academics/peter_johnson,GnF3a4UAAAAJ,0000-0000-0000-0000
Peter Jonas,IST Austria,https://ist.ac.at/research/research-groups/jonas-group,OCuYpdEAAAAJ,0000-0000-0000-0000
Peter K. Jimack,University of Leeds,https://eps.leeds.ac.uk/computing/staff/82/professor-peter-jimack,Zc4CtZQAAAAJ,0000-0000-0000-0000
Peter Karl Reichl,University of Vienna,https://cs.univie.ac.at/peter.reichl,co0c914AAAAJ,0000-0000-0000-0000
Peter Karsmakers,KU Leuven,https://iiw.kuleuven.be/onderzoek/advise/People/PeterKarsmakers,eS-e_ZIAAAAJ,0000-0000-0000-0000
Peter Kemper,College of William and Mary,http://www.wm.edu/as/computerscience/faculty/kemper_p.php,NOSCHOLARPAGE,0000-0000-0000-0000
Peter Kenny,University of Kent,https://www.cs.kent.ac.uk/people/staff/pgk,AcVmd48AAAAJ,0000-0000-0000-0000
Peter Kilpatrick,Queen's University Belfast,https://www.qub.ac.uk/schools/eeecs/Connect/Staff/BusinessCard/?name=p.kilpatrick,OlitxFsAAAAJ,0000-0003-0818-8979
Peter King,University of Manitoba,http://www.cs.umanitoba.ca/~prking,jENQurUAAAAJ,0000-0000-0000-0000
Peter Kling,University of Hamburg,https://www.inf.uni-hamburg.de/en/inst/ab/tea/people/kling.html,YWvcp6AAAAAJ,0000-0003-0000-8689
Peter Knees,TU Wien,https://informatics.tuwien.ac.at/people/peter-knees,MtyaO2cAAAAJ,0000-0003-3906-1292
Peter Komisarczuk,Royal Holloway Univ. of London,https://pure.royalholloway.ac.uk/en/persons/peter-komisarczuk,NOSCHOLARPAGE,0000-0000-0000-0000
Peter L. Bartlett,Univ. of California - Berkeley,http://www.stat.berkeley.edu/~bartlett,UPVvV6kAAAAJ,0000-0002-8760-3140
Peter Lammich,University of Twente,https://people.utwente.nl/p.lammich,2eWIPzwAAAAJ,0000-0003-3576-0504
Peter Langendörfer,Brandenburg Univ. of Technology,https://www.b-tu.de/fg-sicherheit-in-pervasiven-systemen/team/professor,giUyxgYAAAAJ,0000-0000-0000-0000
Peter Liggesmeyer,TU Kaiserslautern,https://seda.informatik.uni-kl.de/staff-members/prof-liggesmeyer,mztSTlYAAAAJ,0000-0000-0000-0000
Peter Ljunglöf,Chalmers/GU,https://www.chalmers.se/en/staff/Pages/peter-ljunglof.aspx,8GVoEBgAAAAJ,0000-0000-0000-0000
Peter Lutz,Rochester Inst. of Technology,http://www.ist.rit.edu/~phl,Z2E0SisAAAAJ,0000-0000-0000-0000
Peter M. Andreae,Victoria University of Wellington,http://ecs.victoria.ac.nz/Main/PeterAndreae,NOSCHOLARPAGE,0000-0000-0000-0000
Peter M. Chen,University of Michigan,https://eecs.engin.umich.edu/people/chen-peter-m,dVZNQqUAAAAJ,0000-0002-5951-4183
Peter M. Fischer 0001,University of Augsburg,https://www.uni-augsburg.de/de/fakultaet/fai/informatik/prof/dbis/team/fischer,n2w2PW8AAAAJ,0000-0000-0000-0000
Peter M. Hall,University of Bath,http://www.cs.bath.ac.uk/~pmh/start/home.html,Tgz4GT8AAAAJ,0009-0006-5699-5483
Peter M. Kogge,University of Notre Dame,http://www3.nd.edu/~kogge,3-PRZG0AAAAJ,0000-0002-3329-547X
Peter M. Todd,Indiana University,https://cogs.sitehost.iu.edu/people/profile.php?u=pmtodd,YOY2MFEAAAAJ,0000-0000-0000-0000
Peter M. Winkler,Dartmouth College,https://math.dartmouth.edu/~pw,NOSCHOLARPAGE,0000-0000-0000-0000
Peter Manolios,Northeastern University,http://www.ccs.neu.edu/home/pete,zUW_nUIAAAAJ,0000-0000-0000-0000
Peter Marbach,University of Toronto,http://www.cs.toronto.edu/~marbach,NOSCHOLARPAGE,0000-0000-0000-0000
Peter Martini,University of Bonn,https://net.cs.uni-bonn.de/de/wg/kommunikationssysteme/mitarbeiter/leader/martini,NOSCHOLARPAGE,0000-0000-0000-0000
Peter McBrien,Imperial College London,http://www.doc.ic.ac.uk/~pjm,VVV8tSwAAAAJ,0000-0002-2153-9625
Peter McBurney,King's College London,https://www.kcl.ac.uk/people/peter-mcburney,mInKMwYAAAAJ,0000-0001-5547-5239
Peter Michael Fischer,University of Augsburg,https://www.uni-augsburg.de/de/fakultaet/fai/informatik/prof/dbis/team/fischer,n2w2PW8AAAAJ,0000-0000-0000-0000
Peter Michael Garraghan,Lancaster University,https://www.lancaster.ac.uk/scc/about-us/people/peter-garraghan,lkP_Zd8AAAAJ,0000-0000-0000-0000
Peter Milder,Stony Brook University,https://www.stonybrook.edu/commcms/electrical/people/-core_faculty/milder_peter,tZ_do3gAAAAJ,0000-0000-0000-0000
Peter Minary,University of Oxford,https://www.cs.ox.ac.uk/people/peter.minary,ruz8HrEAAAAJ,0000-0000-0000-0000
Peter Mooney,Maynooth University,https://www.cs.nuim.ie/~pmooney,wVs_9twAAAAJ,0000-0000-0000-0000
Peter Müller 0001,ETH Zurich,http://www.pm.inf.ethz.ch/people/personal/pmueller-pers.html,iJ0qZckAAAAJ,0000-0001-7001-2566
Peter N. Belhumeur,Columbia University,http://www.cs.columbia.edu/~belhumeur,J8YyZugAAAAJ,0000-0000-0000-0000
Peter Nelson,University of Illinois at Chicago,https://engineering.uic.edu/k-teacher/peter-nelson,YUjZ7wwAAAAJ,0000-0000-0000-0000
Peter Nightingale,University of York,https://www-users.cs.york.ac.uk/pwn503,Msh14AUAAAAJ,0000-0002-5052-8634
Peter O'Donnell,Monash University,http://monash.edu/research/explore/en/persons/peter-odonnell(fd8e96a0-71ce-4f7b-911f-7c764eeedb2d).html,6tPdlYAAAAAJ,0000-0000-0000-0000
Peter O'Shea,University of Queensland,http://researchers.uq.edu.au/researcher/11892,NOSCHOLARPAGE,0000-0000-0000-0000
Peter Ochs,Saarland University,https://www.mop.uni-saarland.de/people/ochs/index.shtml,Llw9zY4AAAAJ,0000-0000-0000-0000
Peter P. Popov,City University of London,https://www.city.ac.uk/people/academics/alex-taylor,ZraM0uwAAAAJ,0000-0000-0000-0000
Peter P. Puschner,TU Wien,https://ti.tuwien.ac.at/cps/people/puschner,ayCheRcAAAAJ,0000-0002-2495-0778
Peter Pietzuch,Imperial College London,https://www.doc.ic.ac.uk/~prp,vYcHYoYAAAAJ,0000-0000-0000-0000
Peter Pirkelbauer,University of Alabama - Birmingham,https://www.uab.edu/cas/computerscience/people/faculty-directory/peter-pirkelbauer,NOSCHOLARPAGE,0000-0000-0000-0000
Peter Purgathofer,TU Wien,http://igw.tuwien.ac.at/hci/people/ppurgathofer,NOSCHOLARPAGE,0000-0000-0000-0000
Peter Puschner,TU Wien,https://ti.tuwien.ac.at/cps/people/puschner,ayCheRcAAAAJ,0000-0000-0000-0000
Peter R. Cappello,Univ. of California - Santa Barbara,https://www.cs.ucsb.edu/~cappello,8fudeRAAAAAJ,0000-0000-0000-0000
Peter R. Pietzuch,Imperial College London,https://www.doc.ic.ac.uk/~prp,vYcHYoYAAAAJ,0000-0002-6963-5640
Peter R. Sutton,University of Queensland,http://researchers.uq.edu.au/researcher/70,dRo61oUAAAAJ,0000-0000-0000-0000
Peter Reichl,University of Vienna,https://cs.univie.ac.at/peter.reichl,co0c914AAAAJ,0000-0000-0000-0000
Peter Richard Burnap,Cardiff University,https://www.cardiff.ac.uk/people/view/44219-burnap-pete,wirikBAAAAAJ,0000-0000-0000-0000
Peter Richtárik,KAUST,https://richtarik.org,pGh242UAAAAJ,0000-0003-4380-5848
Peter Robinson 0001,University of Cambridge,https://www.cl.cam.ac.uk/~pr10,91NxdC4AAAAJ,0000-0000-0000-0000
Peter Robinson 0002,Augusta University,https://pwrobinson.github.io,DsPjnMQAAAAJ,0000-0002-7442-7002
Peter Rodgers,University of Kent,https://www.cs.kent.ac.uk/people/staff/pjr,wu6mHBsAAAAJ,0000-0000-0000-0000
Peter Rodgers 0001,University of Kent,https://www.cs.kent.ac.uk/people/staff/pjr,wu6mHBsAAAAJ,0000-0002-4100-3596
Peter Rohde,University of Technology Sydney,https://www.uts.edu.au/staff/peter.rohde,9FnYa84AAAAJ,0000-0000-0000-0000
Peter Rossmanith,RWTH Aachen University,http://tcs.rwth-aachen.de/~rossmani,NOSCHOLARPAGE,0000-0000-0000-0000
Peter Ryan,University of Luxembourg,http://wwwen.uni.lu/snt/research/apsia/prof_peter_ryan,NOSCHOLARPAGE,0000-0000-0000-0000
Peter Røgen,DTU,https://www.compute.dtu.dk/english,NOSCHOLARPAGE,0000-0002-3588-8092
Peter Sanders 0001,Karlsruhe Inst. of Technology,http://algo2.iti.kit.edu/sanders.php,0xWltyAAAAAJ,0000-0003-3330-9349
Peter Schachte,University of Melbourne,http://people.eng.unimelb.edu.au/schachte,ZL83PpwAAAAJ,0000-0001-5959-3769
Peter Schartner,University of Klagenfurt,https://www.syssec.at/de/team/schartner,MRKBB1UAAAAJ,0000-0000-0000-0000
Peter Scholl,Aarhus University,https://pascholl.github.io,1k1mPNAAAAAJ,0000-0002-7937-8422
Peter Schrammel,University of Sussex,http://www.sussex.ac.uk/informatics/people/peoplelists/person/384323,JCU-scYAAAAJ,0000-0002-5713-1381
Peter Schröder,California Inst. of Technology,https://users.cms.caltech.edu/~ps,t3TgxNwAAAAJ,0000-0002-0323-7674
Peter Schwabe [SP],Max Planck Society,https://cryptojedi.org/peter,CxxvqmEAAAAJ,0000-0000-0000-0000
Peter Sestoft,IT University of Copenhagen,http://www.itu.dk/people/sestoft,qz1BCu8AAAAJ,0000-0000-0000-0000
Peter Sewell,University of Cambridge,https://www.cl.cam.ac.uk/~pes20,NOSCHOLARPAGE,0000-0001-9352-1013
Peter Sheridan Dodds,University of Vermont,http://www.uvm.edu/pdodds,xK3kOxQAAAAJ,0000-0000-0000-0000
Peter Sjödin,KTH Royal Inst. of Technology,https://www.kth.se/profile/psj,NOSCHOLARPAGE,0000-0000-0000-0000
Peter Slater,University of Alabama - Huntsville,https://www.uah.edu/science/departments/math/faculty-staff/peter-slater,c2Zg-x8AAAAJ,0000-0000-0000-0000
Peter Steenkiste,Carnegie Mellon University,http://www.cs.cmu.edu/~prs,DK7TEvkAAAAJ,0000-0001-7079-8212
Peter Stoica,Uppsala University,http://user.it.uu.se/~ps/ps.html,g8rknqcAAAAJ,0000-0000-0000-0000
Peter Stone 0001,University of Texas at Austin,https://www.cs.utexas.edu/~pstone,qnwjcfAAAAAJ,0000-0000-0000-0000
Peter Struss,TU Munich,http://mqm.in.tum.de,NCdY2pYAAAAJ,0000-0000-0000-0000
Peter Sturm 0001,University of Trier,https://www.uni-trier.de/index.php?id=17497,NOSCHOLARPAGE,0000-0000-0000-0000
Peter Szolovits,Massachusetts Inst. of Technology,http://groups.csail.mit.edu/medg/people/psz,1LuGqFQAAAAJ,0000-0001-8411-6403
Peter T. Kirstein,University College London,http://www0.cs.ucl.ac.uk/people/P.Kirstein.html,NOSCHOLARPAGE,0000-0000-0000-0000
Peter T. Wood,Birkbeck University of London,https://www.dcs.bbk.ac.uk/about/people/academic-staff/ptw,NOSCHOLARPAGE,0000-0003-3704-1431
Peter Thiemann 0001,University of Freiburg,http://www2.informatik.uni-freiburg.de/~thiemann,yJST1UAAAAAJ,0000-0002-9000-1239
Peter Tiño,University of Birmingham,https://www.birmingham.ac.uk/staff/profiles/computer-science/academic-staff/tino-peter-cs.aspx,jntY1osAAAAJ,0000-0003-2330-128X
Peter Triantafillou,University of Warwick,https://warwick.ac.uk/fac/sci/dcs/people/peter_triantafillou,seXHg1QAAAAJ,0000-0003-2554-3514
Peter Tuma 0001,Charles University,https://d3s.mff.cuni.cz/people/petrtuma,pU3sWO8AAAAJ,0000-0000-0000-0000
Peter Ulbrich,TU Dortmund,https://sys.cs.tu-dortmund.de/staff/head/prof-dr-ing-peter-ulbrich,8ecCHlwAAAAJ,0000-0002-4224-9205
Peter West,University of British Columbia,https://www.cs.ubc.ca/people/peter-west,fczd_UgAAAAJ,0000-0002-3605-8744
Peter Widmayer,ETH Zurich,https://www.inf.ethz.ch/personal/widmayer,NOSCHOLARPAGE,0000-0000-0000-0000
Peter William Nightingale,University of York,https://www-users.cs.york.ac.uk/pwn503,Msh14AUAAAAJ,0000-0000-0000-0000
Peter Winkler 0001,Dartmouth College,https://math.dartmouth.edu/~pw,NOSCHOLARPAGE,0000-0002-1259-3574
Peter Wolcott,University of Nebraska - Omaha,https://www.unomaha.edu/college-of-information-science-and-technology/about/faculty-staff/peter-wolcott.php,i64ZueEAAAAJ,0000-0003-2130-3978
Peter Wonka,KAUST,https://www.kaust.edu.sa/en/study/faculty/peter-wonka,0EKXSXgAAAAJ,0000-0003-0627-9746
Peter Y. A. Ryan,University of Luxembourg,http://wwwen.uni.lu/snt/research/apsia/prof_peter_ryan,NOSCHOLARPAGE,0000-0002-1677-9034
Peter Z. Revesz,University of Nebraska,http://cse.unl.edu/~revesz,dDwXNpYAAAAJ,0000-0002-1145-1283
Peter Zaspel,Jacobs University Bremen,https://www.jacobs-university.de/directory/zaspel,BnwzFi4AAAAJ,0000-0000-0000-0000
Peter Zipf,University of Kassel,http://www.uni-kassel.de/eecs/fachgebiete/digitech/team/person/532-Peter-Zipf.html,NOSCHOLARPAGE,0000-0003-4725-4246
Peter van Beek,University of Waterloo,https://cs.uwaterloo.ca/~vanbeek,MP_l6fsAAAAJ,0000-0000-0000-0000
Peter van der Putten,Leiden University,https://liacs.leidenuniv.nl/~puttenpwhvander,sCML1UAAAAAJ,0000-0000-0000-0000
Peter-Michael Seidel,University of Hawaii at Manoa,http://www.asecolab.org/people/pseidel,NOSCHOLARPAGE,0000-0000-0000-0000
Petko Bogdanov,University at Albany - SUNY,https://www.albany.edu/ceas/petko-bogdanov.php,UBpC3u0AAAAJ,0000-0001-6310-3224
Petko Valtchev,Université du Québec à Montréal,http://www.iro.umontreal.ca/~valtchev,ksK4_VIAAAAJ,0000-0001-5026-3915
Petr A. Golovach,University of Bergen,https://folk.uib.no/pgo041,NOSCHOLARPAGE,0000-0002-2619-2990
Petr Hanácek,Brno University of Technology,https://www.fit.vut.cz/person/hanacek,QlKp7YUAAAAJ,0000-0000-0000-0000
Petr Hlinený,Masaryk University,https://www.muni.cz/en/people/168881,6gR2tBkAAAAJ,0000-0003-2125-1514
Petr Hnetynka,Charles University,https://d3s.mff.cuni.cz/people/petrhnetynka,NOSCHOLARPAGE,0000-0000-0000-0000
Petr Holub,Masaryk University,https://www.muni.cz/en/people/3248,NOSCHOLARPAGE,0000-0002-5358-616X
Petr Kellnhofer,TU Delft,http://graphics.tudelft.nl/petr-kellnhofer,Lh54BvgAAAAJ,0000-0001-7881-2285
Petr Kolman,Charles University,https://kam.mff.cuni.cz/~kolman,1VKn7O0AAAAJ,0000-0003-2235-0506
Petr Matousek,Brno University of Technology,https://www.fit.vut.cz/person/matousp,IvNjx1wAAAAJ,0000-0000-0000-0000
Petr Matula,Masaryk University,https://www.muni.cz/en/people/3019,_J1EjksAAAAJ,0000-0003-4125-1597
Petr Novotný 0001,Masaryk University,https://www.fi.muni.cz/~xnovot18,DfEZbjMAAAAJ,0000-0002-5026-4392
Petr Slovák,King's College London,https://www.kcl.ac.uk/people/petr-slovak,E7fLCOMAAAAJ,0000-0001-8458-7715
Petr Sojka,Masaryk University,https://www.muni.cz/en/people/2378,9piza88AAAAJ,0000-0002-5768-4007
Petr Svenda,Masaryk University,https://crocs.fi.muni.cz/people/svenda,sAA8_ysAAAAJ,0000-0000-0000-0000
Petr Tuma 0001,Charles University,https://d3s.mff.cuni.cz/people/petrtuma,pU3sWO8AAAAJ,0000-0002-7035-2322
Petr Tůma,Charles University,https://d3s.mff.cuni.cz/people/petrtuma,pU3sWO8AAAAJ,0000-0000-0000-0000
Petra Berenbrink,University of Hamburg,https://www.inf.uni-hamburg.de/inst/ab/art/people/berenbrink.html,NOSCHOLARPAGE,0000-0002-6930-3259
Petra Hofstedt,Brandenburg Univ. of Technology,https://www.b-tu.de/fg-programmiersprachen-compilerbau/team/professorin/petra-hofstedt,NOSCHOLARPAGE,0000-0000-0000-0000
Petra Mutzel,University of Bonn,https://ca.cs.uni-bonn.de/doku.php?id=people:mutzel,XIaaJv8AAAAJ,0000-0001-7621-971X
Petra Schubert,University of Koblenz-Landau,https://www.uni-koblenz-landau.de/de/koblenz/fb4/iwvi/agschubert/team/petra-schubert/petra-schubert,RvlHMVUAAAAJ,0000-0000-0000-0000
Petra Wiederkehr,TU Dortmund,https://vm.cs.tu-dortmund.de/team/leitung/petra-wiederkehr,rKH6In4AAAAJ,0000-0000-0000-0000
Petra van den Bos,University of Twente,https://petravdbos.nl,NOSCHOLARPAGE,0000-0000-0000-0000
Petre Stoica,Uppsala University,http://user.it.uu.se/~ps/ps.html,g8rknqcAAAAJ,0000-0000-0000-0000
Petri Myllymäki,University of Helsinki,https://www.cs.helsinki.fi/u/myllymak,iisp1qgAAAAJ,0000-0001-9095-282X
Petri Vuorimaa,Aalto University,https://people.aalto.fi/petri_vuorimaa,Bcg93pAAAAAJ,0000-0000-0000-0000
Petros Drineas,Purdue University,https://www.cs.purdue.edu/homes/pdrineas,Yw2PquQAAAAJ,0000-0003-1994-8670
Petros Elia,EURECOM,http://www.eurecom.fr/~elia,VZAKIt4AAAAJ,0000-0000-0000-0000
Petros Faloutsos,York University,http://www.cse.yorku.ca/~pfal/Petros_Faloutsos/Main.html,aWdQkjIAAAAJ,0000-0002-4508-010X
Petros Maragos,NTUA,http://cvsp.cs.ntua.gr/maragos,A2XydgGCY9gC,0000-0000-0000-0000
Petros S. Stefaneas,NTUA,http://www.math.ntua.gr/~petros/index.htm,ikmeLvwAAAAJ,0000-0000-0000-0000
Petros Wallden,University of Edinburgh,http://www.inf.ed.ac.uk/people/staff/Petros_Wallden.html,3PRmkmwAAAAJ,0000-0000-0000-0000
Petter Bjørstad,University of Bergen,http://www.ii.uib.no/~petter,NOSCHOLARPAGE,0000-0000-0000-0000
Petter Holme,Aalto University,https://www.aalto.fi/en/people/petter-holme,v9f2xUAAAAAJ,0000-0003-2156-1096
Petteri Kaski,Aalto University,https://users.ics.aalto.fi/pkaski,HuV9_EkAAAAJ,0009-0002-3069-7753
Petteri Nurmi,University of Helsinki,https://researchportal.helsinki.fi/en/persons/petteri-nurmi,P5kDLb0AAAAJ,0000-0001-8262-6434
Pew-Thian Yap,University of North Carolina,https://www.med.unc.edu/radiology/directory/pew-thian-yap,QGdnthwAAAAJ,0000-0003-1489-2102
Peyman Afshani,Aarhus University,https://cs.au.dk/~peyman,DNIqUZEAAAAJ,0000-0000-0000-0000
Peyman Kabiri,IUST,http://ce.iust.ac.ir/content/582/Peyman-Kabiri,NOSCHOLARPAGE,0000-0000-0000-0000
Peyman Najafirad,University of Texas at San Antonio,https://secureaiautonomylab.github.io,uoCn8c8AAAAJ,0000-0000-0000-0000
Phalguni Gupta,IIT Kanpur,http://www.cse.iitk.ac.in/users/pg,NOSCHOLARPAGE,0000-0000-0000-0000
Phaneendra K. Yalavarthy,IISc Bangalore,https://cds.iisc.ac.in/faculty/yalavarthy,a7qDlNQAAAAJ,0000-0000-0000-0000
Phani Motamarri,IISc Bangalore,https://cds.iisc.ac.in/faculty/phanim,EEQdPn4AAAAJ,0000-0003-3160-7334
Phani Vadrevu,Louisiana State University,https://www.phanivadrevu.com,tjlBAEIAAAAJ,0000-0002-5286-2011
Pheng-Ann Heng,Chinese University of Hong Kong,https://www.cse.cuhk.edu.hk/~pheng,OFdytjoAAAAJ,0000-0003-3055-5034
PhengAnn Heng,Chinese University of Hong Kong,https://www.cse.cuhk.edu.hk/~pheng,OFdytjoAAAAJ,0000-0000-0000-0000
Phil Bartie,Heriot-Watt University,https://www.hw.ac.uk/staff/uk/macs/Phil-Bartie.htm,6A8l1l8AAAAJ,0000-0000-0000-0000
Phil Blunsom,University of Oxford,https://www.cs.ox.ac.uk/people/phil.blunsom,eJwbbXEAAAAJ,0000-0000-0000-0000
Phil D. Green,University of Sheffield,https://www.sheffield.ac.uk/dcs/people/academic/philip-green,I0d6wEEAAAAJ,0000-0000-0000-0000
Phil F. Chan,Florida Institute of Technology,https://cs.fit.edu/~pkc,R_q2Nh4AAAAJ,0000-0000-0000-0000
Phil J. Bartie,Heriot-Watt University,https://www.hw.ac.uk/staff/uk/macs/Phil-Bartie.htm,6A8l1l8AAAAJ,0000-0000-0000-0000
Phil James Bartie,Heriot-Watt University,https://www.hw.ac.uk/staff/uk/macs/Phil-Bartie.htm,6A8l1l8AAAAJ,0000-0000-0000-0000
Phil Kearns,College of William and Mary,http://www.wm.edu/as/computerscience/faculty/kearns_phil.php,NOSCHOLARPAGE,0000-0000-0000-0000
Phil McMinn,University of Sheffield,https://www.sheffield.ac.uk/dcs/people/academic/phil-mcminn,ll6Fc7gAAAAJ,0000-0001-9137-7433
Phil Mlsna,Northern Arizona University,http://www.cefns.nau.edu/~pam7,NOSCHOLARPAGE,0000-0000-0000-0000
Phil Trinder,University of Glasgow,http://www.dcs.gla.ac.uk/~trinder,3Bs_EA0AAAAJ,0000-0003-0190-7010
Phil Vines,RMIT University,https://www.rmit.edu.au/contact/staff-contacts/academic-staff/v/vines-dr-phil,NOSCHOLARPAGE,0000-0000-0000-0000
Philip Bille,DTU,https://www.compute.dtu.dk/english,NOSCHOLARPAGE,0000-0002-1120-5154
Philip Brighten Godfrey,Univ. of Illinois at Urbana-Champaign,http://pbg.cs.illinois.edu,D2K-ADYAAAAJ,0000-0000-0000-0000
Philip Brisk,Univ. of California - Riverside,https://profiles.ucr.edu/app/home/profile/pbrisk,aPJHArAAAAAJ,0000-0003-0083-9781
Philip C. O'Kane,Queen's University Belfast,https://www.qub.ac.uk/schools/eeecs/Connect/Staff/BusinessCard/?name=p.okane,NOSCHOLARPAGE,0000-0000-0000-0000
Philip C. Treleaven,University College London,http://www0.cs.ucl.ac.uk/staff/p.treleaven,NOSCHOLARPAGE,0000-0000-0000-0000
Philip C. Woodland,University of Cambridge,https://www.eng.cam.ac.uk/profiles/pw117,V_SMuA8AAAAJ,0000-0000-0000-0000
Philip Dutré,KU Leuven,https://sites.google.com/site/philipdutre,pLUiNXsAAAAJ,0000-0002-9344-2523
Philip H. Sweany,University of North Texas,http://www.cse.unt.edu/~sweany,NOSCHOLARPAGE,0000-0000-0000-0000
Philip J. Guo,Univ. of California - San Diego,http://pgbovine.net,CKXeqHoAAAAJ,0000-0002-4579-5754
Philip J. Hatcher,University of New Hampshire,http://www.cs.unh.edu/~pjh,Dd2SKGAAAAAJ,0000-0000-0000-0000
Philip Jia Guo,Univ. of California - San Diego,http://pgbovine.net,CKXeqHoAAAAJ,0000-0000-0000-0000
Philip K. McKinley,Michigan State University,http://www.cse.msu.edu/~mckinley,70oIOKIAAAAJ,0000-0000-0000-0000
Philip Levis,Stanford University,http://csl.stanford.edu/~pal,I_YsXU4AAAAJ,0000-0000-0000-0000
Philip McMinn,University of Sheffield,https://www.sheffield.ac.uk/dcs/people/academic/phil-mcminn,ll6Fc7gAAAAJ,0000-0000-0000-0000
Philip N. Brown,UCCS,http://cs.uccs.edu/~pbrown2/index.html,3vqqlMwAAAAJ,0000-0000-0000-0000
Philip N. Klein,Brown University,http://cs.brown.edu/~pnk,gVUD47sAAAAJ,0000-0000-0000-0000
Philip O'Kane,Queen's University Belfast,https://www.qub.ac.uk/schools/eeecs/Connect/Staff/BusinessCard/?name=p.okane,NOSCHOLARPAGE,0000-0000-0000-0000
Philip Ogunbona,University of Wollongong,https://documents.uow.edu.au/~philipo,hInUS0QAAAAJ,0000-0003-4119-2873
Philip Resnik,Univ. of Maryland - College Park,http://www.umiacs.umd.edu/~resnik,71BFWc0AAAAJ,0000-0000-0000-0000
Philip S. Thomas,Univ. of Massachusetts Amherst,http://psthomas.com,kkqXAnUAAAAJ,0000-0000-0000-0000
Philip S. Yu,University of Illinois at Chicago,https://www.cs.uic.edu/PSYu,D0lL1r0AAAAJ,0000-0002-3491-5968
Philip Terrill,University of Queensland,https://researchers.uq.edu.au/researcher/1138,4Cbu13gAAAAJ,0000-0000-0000-0000
Philip W. Dart,University of Melbourne,https://findanexpert.unimelb.edu.au/display/person56684,NOSCHOLARPAGE,0000-0000-0000-0000
Philip W. L. Fong,University of Calgary,http://www.cpsc.ucalgary.ca/~pwlfong,qBhH0KQAAAAJ,0000-0000-0000-0000
Philip W. Trinder,University of Glasgow,http://www.dcs.gla.ac.uk/~trinder,3Bs_EA0AAAAJ,0000-0000-0000-0000
Philip Wadler,University of Edinburgh,http://homepages.inf.ed.ac.uk/wadler,Iz-3VFQAAAAJ,0000-0001-7619-6378
Philip Wilsey,University of Cincinnati,http://www.ece.uc.edu/~paw,L3lqaIsAAAAJ,0000-0000-0000-0000
Philip Zimmerman,TU Delft,https://www.tudelft.nl/staff/p.r.zimmermann,NOSCHOLARPAGE,0000-0000-0000-0000
Philipp Berens,University of Tübingen,http://www.eye-tuebingen.de/berens,lPQLk3QAAAAJ,0000-0000-0000-0000
Philipp Cimiano,Bielefeld University,http://ekvv.uni-bielefeld.de/pers_publ/publ/PersonDetail.jsp?personId=15020699,ZyR3798AAAAJ,0000-0002-4771-441X
Philipp Haller,KTH Royal Inst. of Technology,http://www.csc.kth.se/~phaller,sDt5PL4AAAAJ,0000-0002-2659-5271
Philipp Hennig,University of Tübingen,https://uni-tuebingen.de/en/faculties/faculty-of-science/departments/computer-science/lehrstuehle/methods-of-machine-learning/personen/philipp-hennig,UeG5w08AAAAJ,0000-0001-7293-6092
Philipp Jovanovic,University College London,https://philipp.jovanovic.io,p-KBDi8AAAAJ,0000-0002-2202-1879
Philipp Koehn,Johns Hopkins University,http://www.cs.jhu.edu/~phi,OsIZgIYAAAAJ,0000-0000-0000-0000
Philipp Krähenbühl,University of Texas at Austin,http://www.philkr.net,dzOd2hgAAAAJ,0000-0002-9846-4369
Philipp Leitner 0001,Chalmers/GU,https://www.chalmers.se/en/staff/Pages/philipp-leitner.aspx,wZ9f8CAAAAAJ,0000-0003-2777-528X
Philipp Reinecke,Cardiff University,https://www.cardiff.ac.uk/people/view/978577-reinecke-philipp,NOSCHOLARPAGE,0000-0000-0000-0000
Philipp Rostalski,University of Lübeck,https://www.ime.uni-luebeck.de/institute/staff/philipp-rostalski,uf2gR_kAAAAJ,0000-0000-0000-0000
Philipp Rümmer,University of Regensburg,http://www.philipp.ruemmer.org,nL2gavwAAAAJ,0000-0002-2733-7098
Philipp Slusallek,Saarland University,https://graphics.cg.uni-saarland.de/slusallek,zNGwqSUAAAAJ,0000-0002-2189-2429
Philipp Staudt,University of Oldenburg,https://uol.de/informatik/abteilungen/esis/team/philipp-staudt,7foqzXMAAAAJ,0000-0000-0000-0000
Philipp Wieder,University of Göttingen,https://www.gwdg.de/about-us/organization/departments/escience,kMwa9AsAAAAJ,0000-0002-6992-1866
Philipp Woelfel,University of Calgary,http://www.cpsc.ucalgary.ca/~woelfel,J68eFroAAAAJ,0000-0002-7847-4631
Philipp Wölfel,University of Calgary,http://www.cpsc.ucalgary.ca/~woelfel,J68eFroAAAAJ,0000-0000-0000-0000
Philippa Gardner,Imperial College London,https://www.doc.ic.ac.uk/~pg,LDe0mUwAAAAJ,0000-0002-4187-0585
Philippas Tsigas,Chalmers/GU,https://www.chalmers.se/en/staff/Pages/philippas-tsigas.aspx,NOSCHOLARPAGE,0000-0001-9635-9154
Philippe Bonnet,University of Copenhagen,https://research.ku.dk/search/result/?pure=en%2Fpersons%2F214771,S9zyMRgAAAAJ,0000-0002-0234-5374
Philippe Cudré-Mauroux,University of Fribourg,https://exascale.info/phil,NpccCXwAAAAJ,0000-0003-2588-4212
Philippe Devienne,CRIStAL,https://www.cristal.univ-lille.fr/profil/devienne,NOSCHOLARPAGE,0000-0000-0000-0000
Philippe Ezequel,Université Jean Monnet,http://perso.univ-st-etienne.fr/ezequel,NOSCHOLARPAGE,0000-0000-0000-0000
Philippe Fournier-Viger,Shenzhen University,https://csse.szu.edu.cn/en/pages/user/index?id=1205,QG_7KjoAAAAJ,0000-0000-0000-0000
Philippe Giguère,Université Laval,http://www2.ift.ulaval.ca/~pgiguere,tgZPkzkAAAAJ,0000-0002-7520-8290
Philippe Langlais,University of Montreal,http://www.iro.umontreal.ca/~felipe,NOSCHOLARPAGE,0000-0000-0000-0000
Philippe Marquet,CRIStAL,https://www.cristal.univ-lille.fr/profil/marquet,IeTyR8gAAAAJ,0000-0000-0000-0000
Philippe Mathieu,CRIStAL,http://cristal.univ-lille.fr/~mathieu,QCLMl_YAAAAJ,0000-0003-2786-1209
Philippe Merle,CRIStAL,https://www.cristal.univ-lille.fr/profil/merle,NOSCHOLARPAGE,0000-0003-3573-7312
Philippe Nain,Ecole Normale Superieure de Lyon,http://www-sop.inria.fr/members/Philippe.Nain,rMGIECUAAAAJ,0000-0000-0000-0000
Philippe O. A. Navaux,UFRGS,http://www.inf.ufrgs.br/site/docente/philippe-olivier-alexandre-navaux,tNIuJeUAAAAJ,0000-0000-0000-0000
Philippe Olivier Alexandre Navaux,UFRGS,http://www.inf.ufrgs.br/site/docente/philippe-olivier-alexandre-navaux,tNIuJeUAAAAJ,0000-0000-0000-0000
Philippe Preux,CRIStAL,https://philippe-preux.github.io,JTXxmeAAAAAJ,0000-0000-0000-0000
Philippe Salembier,Polytechnic Univ. of Catalonia,https://imatge.upc.edu/web/people/philippe-salembier,TUPVuG0AAAAJ,0000-0000-0000-0000
Philippe Schnoebelen,Ecole Normale Superieure de Cachan,http://www.lsv.ens-cachan.fr/~phs,NOSCHOLARPAGE,0000-0000-0000-0000
Philippos Mordohai,Stevens Institute of Technology,http://www.cs.stevens.edu/~mordohai,540aJY8AAAAJ,0000-0000-0000-0000
Philippos Pouyioutas,University of Nicosia,https://www.unic.ac.cy/pouyioutas-philippos,xdVxpJgAAAAJ,0000-0000-0000-0000
Phillip B. Gibbons,Carnegie Mellon University,http://www.cs.cmu.edu/~gibbons,F9kqUXkAAAAJ,0000-0001-6967-2735
Phillip Bradford,University of Connecticut,http://www.cse.uconn.edu/people/faculty,8M685rMAAAAJ,0000-0000-0000-0000
Phillip Chi-Wing Fu,Chinese University of Hong Kong,http://www.cse.cuhk.edu.hk/~cwfu,e5AJDrEAAAAJ,0000-0002-5238-593X
Phillip Isola,Massachusetts Inst. of Technology,http://web.mit.edu/phillipi,ROILf3EAAAAJ,0000-0000-0000-0000
Phillip M. Dickens,University of Maine,https://umaine.edu/scis/faculty-and-staff/phillip-m-dickens,BupDK7kAAAAJ,0000-0000-0000-0000
Phillip Rogaway,Univ. of California - Davis,http://www.cs.ucdavis.edu/~rogaway,gUEkPQEAAAAJ,0000-0000-0000-0000
Phoebe O. Toups Dugas,Monash University,https://research.monash.edu/en/persons/phoebe-toups-dugas,-8LWAe8AAAAJ,0000-0002-6192-2004
Phoebe Sengers,Cornell University,http://www.cs.cornell.edu/people/sengers,6c5cf1wAAAAJ,0000-0002-5778-5262
Phokion G. Kolaitis,Univ. of California - Santa Cruz,https://users.soe.ucsc.edu/~kolaitis,Lu7biGYAAAAJ,0000-0002-8407-8563
Phone Lin,National Taiwan University,https://www.csie.ntu.edu.tw/~plin,NOSCHOLARPAGE,0000-0000-0000-0000
Phong Nguyen,Ecole Normale Superieure,http://www.di.ens.fr/~pnguyen,hnS8fnUAAAAJ,0000-0000-0000-0000
Photios A. Stavrou,EURECOM,https://www.eurecom.fr/fr/people/stavrou-fotios/publications,s7KQ1fcAAAAJ,0000-0000-0000-0000
Phu Dung Le,Monash University,http://monash.edu/research/explore/en/persons/phu-le(7745eb6e-9b22-4d68-b566-116bc0280aa8).html,NOSCHOLARPAGE,0000-0000-0000-0000
Phuc Nguyen 0002,Univ. of Massachusetts Amherst,http://wsslab.org/vpnguyen,pBf2M3QAAAAJ,0000-0001-8078-4463
Pier Luca Lanzi,Politecnico di Milano,http://home.deib.polimi.it/lanzi,APNDyx0AAAAJ,0000-0002-1933-7717
Pierluigi Crescenzi,GSSI,http://pilucrescenzi.it/wp,AXhF-boAAAAJ,0000-0001-8789-3195
Pierluigi Nuzzo,University of Southern California,https://descyphy.usc.edu,GsDdaaYAAAAJ,0000-0000-0000-0000
Pierluigi Plebani,Politecnico di Milano,http://home.deib.polimi.it/plebani,FUdUWB4AAAAJ,0000-0000-0000-0000
Pierluigi Ritrovato,University of Salerno,http://docenti.unisa.it/003741/home,fWjvqKQAAAAJ,0000-0000-0000-0000
Pierluigi San Pietro,Politecnico di Milano,http://home.deib.polimi.it/sanpietr,LfWwZTUAAAAJ,0000-0002-2437-8716
Piero Fraternali,Politecnico di Milano,http://home.deib.polimi.it/fraterna,IhFm8bIAAAAJ,0000-0000-0000-0000
Pierpaolo Degano,University of Pisa,http://www.di.unipi.it/~degano,NOSCHOLARPAGE,0000-0000-0000-0000
Pierre Baldi,Univ. of California - Irvine,http://www.igb.uci.edu/~pfbaldi,RhFhIIgAAAAJ,0000-0001-8752-4664
Pierre Bellec,University of Montreal,https://simexp.github.io/intro.html,Yz8WY8YAAAAJ,0000-0000-0000-0000
Pierre Boulanger,University of Alberta,https://webdocs.cs.ualberta.ca/~pierreb,27IhNIMAAAAJ,0000-0000-0000-0000
Pierre Boulet,CRIStAL,https://www.cristal.univ-lille.fr/profil/boulet,gzy0ay0AAAAJ,0000-0002-0373-4478
Pierre Bourhis,CRIStAL,http://cristal.univ-lille.fr/~bourhis,yykk3JMAAAAJ,0000-0000-0000-0000
Pierre C. Bellec,University of Montreal,https://simexp.github.io/intro.html,Yz8WY8YAAAAJ,0000-0000-0000-0000
Pierre Chavel,Université Jean Monnet,https://laboratoirehubertcurien.univ-st-etienne.fr/en/the-lab/staff.html,Bz_uDOUAAAAJ,0000-0000-0000-0000
Pierre Clairambault,Ecole Normale Superieure de Lyon,http://perso.ens-lyon.fr/pierre.clairambault,hEYmcxwAAAAJ,0000-0002-3285-6028
Pierre Dillenbourg,EPFL,https://people.epfl.ch/pierre.dillenbourg,1m1CqEEAAAAJ,0000-0001-9455-5119
Pierre Flener,Uppsala University,http://user.it.uu.se/~pierref,5PG6ZdwAAAAJ,0000-0000-0000-0000
Pierre Fortin 0001,CRIStAL,https://pro.univ-lille.fr/pierre-fortin,NOSCHOLARPAGE,0000-0003-3117-9122
Pierre Ganty,IMDEA Software Institute,http://software.imdea.org/people/pierre.ganty,j8fTqW0AAAAJ,0000-0002-3625-6003
Pierre Kelsen,University of Luxembourg,http://wwwen.uni.lu/snt/people/pierre_kelsen,WpY_eHMAAAAJ,0000-0000-0000-0000
Pierre L'Ecuyer,University of Montreal,http://www.iro.umontreal.ca/~lecuyer,gDxovowAAAAJ,0000-0000-0000-0000
Pierre Laperdrix,CRIStAL,https://plaperdr.github.io,hcXaYRAAAAAJ,0000-0000-0000-0000
Pierre Le Bodic,Monash University,https://research.monash.edu/en/persons/pierre-le-bodic,wQcDC-YAAAAJ,0000-0003-0842-9533
Pierre Lescanne,Ecole Normale Superieure de Lyon,https://perso.ens-lyon.fr/pierre.lescanne,qHwV3cYAAAAJ,0000-0000-0000-0000
Pierre Maret,Université Jean Monnet,http://perso.univ-st-etienne.fr/mapi9921,kQTwSFcAAAAJ,0000-0000-0000-0000
Pierre McKenzie,University of Montreal,http://www.iro.umontreal.ca/~mckenzie,fA1ZOmMAAAAJ,0000-0000-0000-0000
Pierre Olivier,University of Manchester,https://sites.google.com/view/pierreolivier,rBr5a7UAAAAJ,0000-0001-7781-1299
Pierre Payeur,University of Ottawa,http://www.site.uottawa.ca/~ppayeur,NOSCHOLARPAGE,0000-0000-0000-0000
Pierre Poulin,University of Montreal,http://www.iro.umontreal.ca/~poulin,al5P0bAAAAAJ,0000-0002-8167-6365
Pierre Tirilly,CRIStAL,https://sites.google.com/site/tirillypierre/home,CKGKuOAAAAAJ,0000-0000-0000-0000
Pierre Vandergheynst,EPFL,https://people.epfl.ch/pierre.vandergheynst,1p9NOFEAAAAJ,0000-0002-9070-900X
Pierre-Emmanuel Gaillardon,University of Utah,https://faculty.utah.edu/u6001662-PIERRE-EMMANUEL_GAILLARDON/research/index.hml,Hlc_2eEAAAAJ,0000-0003-3634-3999
Pierre-Luc Bacon,University of Montreal,http://pierrelucbacon.com,9H77FYYAAAAJ,0000-0000-0000-0000
Pierre-Marc Jodoin,Université de Sherbrooke,https://www.usherbrooke.ca/informatique/personnel/corps-professoral/professeurs/pierre-marc-jodoin,JM9-OOsAAAAJ,0000-0000-0000-0000
Pierre-Marie Pédrot,INRIA,https://www.pédrot.fr,NOSCHOLARPAGE,0009-0002-8006-6239
Pieter Abbeel,Univ. of California - Berkeley,https://people.eecs.berkeley.edu/~pabbeel,vtwH6GkAAAAJ,0000-0000-0000-0000
Pieter Collins,Maastricht University,https://dke.maastrichtuniversity.nl/pieter.collins,0p5ZVqsAAAAJ,0000-0000-0000-0000
Pieter H. M. Spronck,Tilburg University,https://www.tilburguniversity.edu/webwijs/show/p.spronck.htm,sB4vyswAAAAJ,0000-0000-0000-0000
Pieter J. Collins,Maastricht University,https://dke.maastrichtuniversity.nl/pieter.collins,0p5ZVqsAAAAJ,0000-0000-0000-0000
Pieter J. L. Cuijpers,TU Eindhoven,https://www.tue.nl/en/university/departments/mathematics-and-computer-science/the-department/staff/detail/ep/e/d/ep-uid/19940165,NOSCHOLARPAGE,0000-0002-5487-4972
Pieter J. Toussaint,NTNU,https://www.ntnu.edu/employees/pieter,NOSCHOLARPAGE,0000-0000-0000-0000
Pieter Jelle Toussaint,NTNU,https://www.ntnu.edu/employees/pieter,NOSCHOLARPAGE,0000-0000-0000-0000
Pieter Peers,College of William and Mary,http://www.cs.wm.edu/~ppeers,We8Oy0EAAAAJ,0000-0001-7621-9808
Pieter Spronck,Tilburg University,https://www.tilburguniversity.edu/webwijs/show/p.spronck.htm,sB4vyswAAAAJ,0000-0002-4437-6611
Pieter W. M. Koopman,Radboud University,http://www.cs.ru.nl/~pieter,LZNqOaEAAAAJ,0000-0000-0000-0000
Pieter-Tjerk de Boer,University of Twente,https://research.utwente.nl/en/persons/e2b0782b-876b-49ce-8548-d8852492eec5,hlbDRV4AAAAJ,0000-0000-0000-0000
Pietro Bonizzi,Maastricht University,https://www.maastrichtuniversity.nl/pietro.bonizzi,Y-zKXgsAAAAJ,0000-0000-0000-0000
Pietro Cenciarelli,Sapienza University of Rome,http://wwwusers.di.uniroma1.it/~cencia,NOSCHOLARPAGE,0000-0000-0000-0000
Pietro Lio',University of Cambridge,https://www.cl.cam.ac.uk/~pl219,3YrWf7EAAAAJ,0000-0000-0000-0000
Pietro Liò,University of Cambridge,https://www.cl.cam.ac.uk/~pl219,3YrWf7EAAAAJ,0000-0002-0540-5053
Pietro Lió,University of Cambridge,https://www.cl.cam.ac.uk/~pl219,3YrWf7EAAAAJ,0000-0002-0540-5053
Pietro Michiardi,EURECOM,http://www.eurecom.fr/~michiard,mlx1eCgAAAAJ,0000-0000-0000-0000
Pietro Perona,California Inst. of Technology,https://www.vision.caltech.edu,j29kMCwAAAAJ,0000-0000-0000-0000
Pietro S. Oliveto,University of Sheffield,https://www.sheffield.ac.uk/dcs/people/academic/pietro-oliveto,dGRqOi0AAAAJ,0000-0000-0000-0000
Pietro Simone Oliveto,University of Sheffield,https://www.sheffield.ac.uk/dcs/people/academic/pietro-oliveto,dGRqOi0AAAAJ,0000-0000-0000-0000
Pin Tao,Tsinghua University,http://www.cs.tsinghua.edu.cn/publish/csen/4623/2010/20101224173206168406028/20101224173206168406028_.html,NOSCHOLARPAGE,0000-0000-0000-0000
Pinaki Mazumder,University of Michigan,http://web.eecs.umich.edu/~mazum,8knozEkAAAAJ,0000-0000-0000-0000
Pinaki Mitra,IIT Guwahati,http://www.iitg.ernet.in/pinaki,ZVxC1rB3vXEC,0000-0000-0000-0000
Pinaki Sankar Chatterjee,KIIT Bhubaneswar,https://cse.kiit.ac.in/profiles/pinaki-sankar-chatterjee,FYcOYZkAAAAJ,0000-0000-0000-0000
Pinakpani Pal,ISI Kolkata,https://www.isical.ac.in/~pinak,J26Wmf0AAAAJ,0000-0000-0000-0000
Pinar Duygulu,Hacettepe University,https://web.cs.hacettepe.edu.tr/~pinar,1KEMrHkAAAAJ,0000-0002-6420-2838
Pinar Duygulu Sahin,Hacettepe University,https://web.cs.hacettepe.edu.tr/~pinar,1KEMrHkAAAAJ,0000-0000-0000-0000
Pinar Heggernes,University of Bergen,http://www.ii.uib.no/~pinar,NOSCHOLARPAGE,0000-0001-9460-4355
Pinar Karagoz,Middle East Technical University,http://user.ceng.metu.edu.tr/~karagoz,u3r3gJIAAAAJ,0000-0003-1366-8395
Pinar Karagöz,Middle East Technical University,http://user.ceng.metu.edu.tr/~karagoz,u3r3gJIAAAAJ,0000-0000-0000-0000
Pinar Senkul,Middle East Technical University,http://user.ceng.metu.edu.tr/~karagoz,u3r3gJIAAAAJ,0000-0003-1366-8395
Pinar Tözün,IT University of Copenhagen,https://pure.itu.dk/portal/en/persons/pinar-toezun(63342b24-28ec-40c5-a7d9-ec49867dc75d).html,JTmMb3kAAAAJ,0000-0001-6838-4854
Pinar Yanardag,Virginia Tech,https://website.cs.vt.edu/people/faculty/pinar-yanardag.html,omz-VbwAAAAJ,0000-0003-0193-7818
Pinar Yolum,Utrecht University,https://www.uu.nl/staff/PYolumBirbil,lbdyKlYAAAAJ,0000-0000-0000-0000
Pinar Öztürk,NTNU,https://www.ntnu.edu/employees/pinar,wL7HNLsAAAAJ,0000-0003-0589-4712
Ping Hu 0001,UESTC,https://feinanshan.github.io,ddrD2TgAAAAJ,0000-0002-3121-9852
Ping Ji 0002,CUNY,http://jjcweb.jjay.cuny.edu/pji,tQiUbtEAAAAJ,0000-0000-0000-0000
Ping Kuang,UESTC,https://www.is.uestc.edu.cn/teachers.do?id=1067,NOSCHOLARPAGE,0000-0000-0000-0000
Ping Liu 0004,University of Nevada,https://pinglmlcv.github.io/pingliu264,KRz4JecAAAAJ,0000-0000-0000-0000
Ping Lu 0003,University of Leeds,https://eps.leeds.ac.uk/computing/staff/15543/dr-ping-lu,JWu2sqIAAAAJ,0000-0000-0000-0000
Ping Luo 0001,Chinese Academy of Sciences,http://mldm.ict.ac.cn/MLDM/luoping,d5L-OV4AAAAJ,0000-0002-6645-4721
Ping Luo 0002,University of Hong Kong,http://luoping.me,aXdjxb4AAAAJ,0000-0002-6685-7950
Ping Sun,Tongji University,https://sse.tongji.edu.cn/Data/View/2831,NOSCHOLARPAGE,0000-0000-0000-0000
Ping Wang 0003,Peking University,https://ics.pku.edu.cn/gywm/jsgrzy/1066633d7d214263a734d50eb7454f6f.htm,wmNmNNgAAAAJ,0000-0002-8854-2079
Ping Wang 0024,Stevens Institute of Technology,https://leafnlp.org/ping,Lc5_NXEAAAAJ,0000-0000-0000-0000
Ping Wei 0001,Xi'an Jiaotong University,http://gr.xjtu.edu.cn/web/pingwei/home,1OQBtdcAAAAJ,0000-0002-8535-9527
Ping Yang 0002,Binghamton University,http://www.cs.binghamton.edu/~pyang,0hTZUnYAAAAJ,0000-0000-0000-0000
Ping Yu 0002,Nanjing University,http://ics.nju.edu.cn/people/pingyu,LqQ0YXUAAAAJ,0000-0000-0000-0000
Ping Yu 0004,University of Wollongong,https://scholars.uow.edu.au/ping-yu,6U4AouYAAAAJ,0000-0002-7910-9396
Ping Zhang 0016,Ohio State University,https://web.cse.ohio-state.edu/~zhang.10631,E3WyjZUAAAAJ,0000-0002-4601-0779
Ping Zhong 0002,Central South University,https://faculty.csu.edu.cn/zhongping/zh_CN/index.htm,NOSCHOLARPAGE,0000-0003-3393-8874
Ping-Chun Hsieh,National Chiao Tung University,https://pinghsieh.github.io,ix38JgoAAAAJ,0000-0002-2072-8950
Pinghui Wang,Xi'an Jiaotong University,https://nskeylab.xjtu.edu.cn/people/phwang,_a8jUnQAAAAJ,0000-0002-1434-837X
Pingqiang Zhou,ShanghaiTech University,http://faculty.sist.shanghaitech.edu.cn/faculty/zhoupq,oyNiibAAAAAJ,0000-0001-9515-9302
Pingzhong Tang,Tsinghua University,http://iiis.tsinghua.edu.cn/~kenshin,NOSCHOLARPAGE,0000-0003-1330-1999
Pinjia He,CUHK (SZ),https://pinjiahe.github.io,vg0moI0AAAAJ,0000-0003-3377-8129
Pinki Roy,National Inst. of Tech. Silchar,http://cs.nits.ac.in/pinki,ZGnPvTIAAAAJ,0000-0000-0000-0000
Pino Persiano,University of Salerno,http://www.di.unisa.it/~giuper,wbQQcfQAAAAJ,0000-0000-0000-0000
Pinyan Lu,SUFE,http://itcs.shufe.edu.cn/pinyan,KFQERBwAAAAJ,0009-0005-0569-4122
Pinzhen Chen,Queen's University Belfast,https://pure.qub.ac.uk/en/persons/pinzhen-chen,m_HgJe0AAAAJ,0000-0000-0000-0000
Piotr Berman,Pennsylvania State University,https://profiles.psu.edu/profiles/display/112545,NOSCHOLARPAGE,0000-0000-0000-0000
Piotr Bilinski,University of Warsaw,http://www.piotr-bilinski.com,w_m_VRQAAAAJ,0000-0002-7023-3438
Piotr Didyk,Università della Svizzera italiana,https://www.pdf.inf.usi.ch/people/piotr,kH5VxAIAAAAJ,0000-0003-0768-8939
Piotr Hofman,University of Warsaw,https://www.mimuw.edu.pl/~ph209519,HRFzDfoAAAAJ,0000-0001-9866-3723
Piotr Indyk,Massachusetts Inst. of Technology,https://people.csail.mit.edu/indyk,oOwNKsAAAAAJ,0000-0000-0000-0000
Piotr J. Gmytrasiewicz,University of Illinois at Chicago,https://www.cs.uic.edu/bin/view/Piotr/WebHome,NOSCHOLARPAGE,0000-0000-0000-0000
Piotr Krysta,Augusta University,https://sites.google.com/view/piotrkrysta,Pe39BdUAAAAJ,0000-0002-1498-9994
Piotr Krzysztof Skowron,University of Warsaw,https://www.mimuw.edu.pl/~ps219737,HKy4T5kAAAAJ,0000-0000-0000-0000
Piotr Lipinski,University of Wroclaw,http://www.ii.uni.wroc.pl/~lipinski,NOSCHOLARPAGE,0000-0000-0000-0000
Piotr Sankowski,University of Warsaw,http://duch.mimuw.edu.pl/~sank/wordpress,-5LVg-0AAAAJ,0000-0000-0000-0000
Piotr Skowron 0001,University of Warsaw,https://www.mimuw.edu.pl/~ps219737,HKy4T5kAAAAJ,0000-0002-4453-3955
Piotr Tadeusz Bilinski,University of Warsaw,http://www.piotr-bilinski.com,w_m_VRQAAAAJ,0000-0000-0000-0000
Piotr Wasilewski,University of Warsaw,http://duch.mimuw.edu.pl/~piotr/en/bio,BHurJToAAAAJ,0000-0000-0000-0000
Piotr Wieczorek,University of Wroclaw,http://www.ii.uni.wroc.pl/~piotrek,EGXCyygAAAAJ,0000-0001-6146-603X
Piotr Witkowski 0001,University of Wroclaw,http://www.pwit.info,Iwr4uBUAAAAJ,0000-0002-1908-0827
Piotrek Hofman,University of Warsaw,https://www.mimuw.edu.pl/~ph209519,HRFzDfoAAAAJ,0000-0000-0000-0000
Piraveenan Mahendra,University of Sydney,https://www.sydney.edu.au/engineering/about/our-people/academic-staff/mahendrarajah-piraveenan.html,m498aGoAAAAJ,0000-0000-0000-0000
Piret Luik,University of Tartu,https://www.etis.ee/CV/Piret_Luik_001/est,Pv2w6ZsAAAAJ,0000-0000-0000-0000
Piyus Kedia,IIIT Delhi,https://www.iiitd.ac.in/piyus,f-4PIh4AAAAJ,0000-0002-9569-4089
Piyush Kumar,Florida State University,http://compgeom.com/~piyush,aqdN-aUAAAAJ,0000-0000-0000-0000
Piyush P. Kurur,IIT Palakkad,https://piyush-kurur.github.io,NOSCHOLARPAGE,0000-0000-0000-0000
Piyush Rai,IIT Kanpur,http://cse.iitk.ac.in/users/piyush,D50grEgAAAAJ,0000-0000-0000-0000
Piyush Srivastava 0001,Tata Inst. of Fundamental Research,http://www.tifr.res.in/~piyush.srivastava,FiMu254AAAAJ,0000-0003-0953-2890
Plaban Kumar Bhowmick,IIT Kharagpur,https://plaban.github.io,75gf4R8AAAAJ,0000-0000-0000-0000
Plamen Angelov 0001,Lancaster University,https://www.lancaster.ac.uk/scc/about-us/people/plamen-angelov,CCW8PwkAAAAJ,0000-0002-5770-934X
Plamen P. Angelov,Lancaster University,https://www.lancaster.ac.uk/scc/about-us/people/plamen-angelov,CCW8PwkAAAAJ,0000-0002-5770-934X
Plamen Parvanov Angelov,Lancaster University,https://www.lancaster.ac.uk/scc/about-us/people/plamen-angelov,CCW8PwkAAAAJ,0000-0000-0000-0000
Pnina Fichman,Indiana University,https://ella.sice.indiana.edu/~fichman,KpiNE84AAAAJ,0000-0000-0000-0000
Po Yang 0001,University of Sheffield,https://www.sheffield.ac.uk/dcs/people/academic/po-yang,RdK3cwgAAAAJ,0000-0002-8553-7127
Po-Ling Loh,University of Cambridge,https://www.dpmms.cam.ac.uk/~pll28,cht-q2UAAAAJ,0000-0000-0000-0000
Pokhar Mal Jat,DAIICT,http://www.daiict.ac.in/daiict/people/faculty.html,NOSCHOLARPAGE,0000-0000-0000-0000
Polepalli Krishna Reddy,IIIT Hyderabad,http://faculty.iiit.ac.in/~pkreddy,XIgl8kUAAAAJ,0000-0000-0000-0000
Polina Golland,Massachusetts Inst. of Technology,https://www.csail.mit.edu/person/polina-golland,eeyDrJ8AAAAJ,0000-0003-2516-731X
Polyvios Pratikakis,University of Crete,https://www.csd.uoc.gr/~polyvios,ACXEa94AAAAJ,0000-0000-0000-0000
Polyzos George,CUHK (SZ),https://sds.cuhk.edu.cn/en/teacher/1825,y-Mxxa0AAAAJ,0000-0003-0030-4808
Pong C. Yuen,Hong Kong Baptist University,http://www.comp.hkbu.edu.hk/~pcyuen,CwhIcHkAAAAJ,0000-0002-9343-2202
Pong Chi Yuen,Hong Kong Baptist University,http://www.comp.hkbu.edu.hk/~pcyuen,CwhIcHkAAAAJ,0000-0002-9343-2202
Pong P. Chu,Cleveland State University,https://academic.csuohio.edu/chu_p,NOSCHOLARPAGE,0000-0000-0000-0000
Ponnurangam Kumaraguru,IIIT Hyderabad,https://www.iiit.ac.in/people/faculty/PKguru,MfzQyP8AAAAJ,0000-0001-5082-2078
Ponnurangam Kumarguru,IIIT Hyderabad,https://www.iiit.ac.in/people/faculty/PKguru,MfzQyP8AAAAJ,0000-0000-0000-0000
Ponnuswamy Sadayappan,University of Utah,http://www.cs.utah.edu/~saday,JN4tlsMAAAAJ,0000-0002-4737-2034
Pontus Ekberg,Uppsala University,https://user.it.uu.se/~ponek616,5UvFMhEAAAAJ,0000-0000-0000-0000
Pontus Johnson,KTH Royal Inst. of Technology,https://www.kth.se/profile/pontusj,Jxpmb_wAAAAJ,0000-0002-3293-1681
Pontus Saito Stenetorp,University College London,https://iris.ucl.ac.uk/iris/browse/profile?upi=PLEPS00,NOSCHOLARPAGE,0000-0000-0000-0000
Pooja Malik,Shiv Nadar University,https://www.snu.edu.in/schools/school-of-engineering/faculty/pooja-malik,NOSCHOLARPAGE,0000-0000-0000-0000
Poonam Goyal,BITS Pilani,http://www.bits-pilani.ac.in/pilani/poonam/profile,YHN0TYMAAAAJ,0000-0000-0000-0000
Poorvi L. Vora,George Washington University,https://www.seas.gwu.edu/~poorvi,NOSCHOLARPAGE,0000-0000-0000-0000
Pooya Farshim,Durham University,https://farshim.github.io,w_Pjc6MAAAAJ,0000-0003-2746-3585
Pooya Hatami,Ohio State University,https://pooyahatami.org,VNJ9di0AAAAJ,0000-0001-7928-8008
Pooya Moradian Zadeh,University of Windsor,http://www.uwindsor.ca/science/computerscience/1047/dr-pooya-moradian-zadeh,x9lHn5IAAAAJ,0000-0000-0000-0000
Pooyan Jamshidi,University of South Carolina,https://pooyanjamshidi.github.io,Jre2RUQAAAAJ,0000-0002-9342-0703
Poramate Manoonpong,VISTEC,https://www.manoonpong.com,ZQ93_SQAAAAJ,0000-0002-4806-7576
Pornsiri Muenchaisri,Chulalongkorn University,https://www.cp.eng.chula.ac.th/en/about/faculty/pornsirim,NOSCHOLARPAGE,0000-0000-0000-0000
Porter Jenkins,Brigham Young University,https://science.byu.edu/directory/porter-jenkins,uNhwfr0AAAAJ,0009-0001-3213-8333
Posco Tso,Loughborough University,https://www.lboro.ac.uk/departments/compsci/staff/academic-teaching/tsoposco,NOSCHOLARPAGE,0000-0000-0000-0000
Poul G. Hjorth,DTU,https://www.compute.dtu.dk/english,NOSCHOLARPAGE,0000-0000-0000-0000
Pourang Irani,University of British Columbia,https://cmps.ok.ubc.ca/about/contact/pourang-irani,hiMVhagAAAAJ,0000-0002-7716-9280
Pourang P. Irani,University of British Columbia,https://cmps.ok.ubc.ca/about/contact/pourang-irani,hiMVhagAAAAJ,0000-0000-0000-0000
Prabal Dutta,Univ. of California - Berkeley,https://people.eecs.berkeley.edu/~prabal,H790-zwAAAAJ,0000-0003-4106-9138
Prabal K. Dutta,Univ. of California - Berkeley,https://people.eecs.berkeley.edu/~prabal,H790-zwAAAAJ,0000-0000-0000-0000
Prabhakar Ragde,University of Waterloo,https://cs.uwaterloo.ca/~plragde,NOSCHOLARPAGE,0000-0000-0000-0000
Prabhakaran Balakrishnan 0001,University of Texas at Dallas,http://www.utdallas.edu/~praba,4yki88YAAAAJ,0000-0000-0000-0000
Prabhanjan Ananth,Univ. of California - Santa Barbara,https://sites.google.com/site/prabhanjanva,xS_vRnYAAAAJ,0000-0001-5387-5730
Prabhanjan Vijendra Ananth,Univ. of California - Santa Barbara,https://sites.google.com/site/prabhanjanva,xS_vRnYAAAAJ,0000-0000-0000-0000
Prabhat Kumar Mishra,IIT Kharagpur,https://prabhatkmishra.github.io,rXhwtr0AAAAJ,0000-0000-0000-0000
Prabhat Mishra 0001,University of Florida,http://www.cise.ufl.edu/~prabhat,ZlhpUZoAAAAJ,0000-0003-3653-6221
Prabhat Munshi,IIT Jammu,https://www.iitjammu.ac.in/computer_science_engineering/faculty-list/~prabhatmunshi,fX8XRcwAAAAJ,0000-0000-0000-0000
Prabuchandran K. J.,IIT Dharwad,https://scholar.google.com/citations?hl=en&user=JSL--pMAAAAJ,JSL--pMAAAAJ,0000-0000-0000-0000
Prachet Bhuyan,KIIT Bhubaneswar,https://cse.kiit.ac.in/profiles/prachet-bhuyan,1yGdcyoAAAAJ,0000-0000-0000-0000
Pradeep K. Atrey,University at Albany - SUNY,http://www.cs.albany.edu/~patrey,2s3sftgAAAAJ,0000-0000-0000-0000
Pradeep K. Khosla,Univ. of California - San Diego,http://chancellor.ucsd.edu/chancellor-khosla,HtgKHRIAAAAJ,0000-0000-0000-0000
Pradeep K. Murukannaiah,TU Delft,https://ii.tudelft.nl/~pradeep,zezL27wAAAAJ,0000-0002-1261-6908
Pradeep Kumar Atrey,University at Albany - SUNY,http://www.cs.albany.edu/~patrey,2s3sftgAAAAJ,0000-0000-0000-0000
Pradeep Kumar Ravikumar,Carnegie Mellon University,http://www.cs.cmu.edu/~pradeepr,Q4DTPw4AAAAJ,0000-0000-0000-0000
Pradeep Ravikumar,Carnegie Mellon University,http://www.cs.cmu.edu/~pradeepr,Q4DTPw4AAAAJ,0000-0000-0000-0000
Pradeep Sen,Univ. of California - Santa Barbara,https://www.ece.ucsb.edu/~psen,9_H57VkAAAAJ,0000-0002-8042-924X
Pradeep Varakantham,Singapore Management University,https://www.smu.edu.sg/faculty/profile/9641/Pradeep-Reddy-VARAKANTHAM,BAdQpFkAAAAJ,0000-0001-7342-5745
Pradeesha Ashok,IIIT Bangalore,http://www.iiitb.ac.in/faculty_page.php?name=PradeeshaAshok,kYEa1aIAAAAJ,0000-0000-0000-0000
Pradip K. Das,IIT Guwahati,http://www.iitg.ernet.in/pkdas,zNNnCEUAAAAJ,0000-0000-0000-0000
Pradip K. Srimani,Clemson University,https://people.cs.clemson.edu/~srimani,syrIRoQAAAAJ,0000-0000-0000-0000
Pradip Kumar Sharma,University of Aberdeen,https://www.abdn.ac.uk/people/pradip.sharma,jiFOcRkAAAAJ,0000-0000-0000-0000
Pradipta Maji,ISI Kolkata,https://www.isical.ac.in/~pmaji,RtOqKr0AAAAJ,0000-0002-8288-8917
Prahladh Harsha,Tata Inst. of Fundamental Research,http://www.tcs.tifr.res.in/~prahladh,PTv2p1AAAAAJ,0000-0002-2739-5642
Prajakta Nimbhorkar,CMI,http://www.cmi.ac.in/~prajakta,hDBz3EUAAAAJ,0000-0002-7601-9555
Prakash Ishwar,Boston University,https://www.bu.edu/eng/profile/prakash-ishwar,RYvdtGcAAAAJ,0000-0002-2621-1549
Prakash Murali,University of Cambridge,https://www.cst.cam.ac.uk/people/pm830,2J0X_aIAAAAJ,0000-0000-0000-0000
Prakash Panangaden,McGill University,http://www.cs.mcgill.ca/~prakash,IROzEKQAAAAJ,0000-0000-0000-0000
Prakash Ramanan,Wichita State University,https://www.wichita.edu/profiles/academics/engineering/SoC/Ramanan-Prakash.php,ADVpR-gAAAAJ,0000-0000-0000-0000
Pralay Mitra,IIT Kharagpur,http://cse.iitkgp.ac.in/~pralay,LPzuRBUAAAAJ,0000-0003-4119-3788
Pramod Bhatotia,TU Munich,https://dse.in.tum.de/bhatotia,_nr10fgAAAAJ,0000-0002-3220-5735
Pramod K. Varshney,Syracuse University,http://www.ecs.syr.edu/research/SensorFusionLab/People/varshney,PLvsUUcAAAAJ,0000-0000-0000-0000
Pramod Viswanath,Princeton University,https://ece.princeton.edu/people/pramod-viswanath,lPycXNcAAAAJ,0000-0003-3171-8667
Pranab K. Muhuri,South Asian University,http://sau.int/~cilab/pkm.php,Gj-yZscAAAAJ,0000-0000-0000-0000
Pranab Kumar Muhuri,South Asian University,http://sau.int/~cilab/pkm.php,Gj-yZscAAAAJ,0000-0000-0000-0000
Pranab Sen,Tata Inst. of Fundamental Research,http://www.tcs.tifr.res.in/~pgdsen,Ka5re30AAAAJ,0000-0000-0000-0000
Pranam Chatterjee,University of Pennsylvania,https://www.chatterjeelab.com,XExgv9YAAAAJ,0000-0000-0000-0000
Pranay Sharma,IIT Bombay,https://sites.google.com/view/pranay-sharma/home,QR-VKssAAAAJ,0009-0007-8027-7913
Praneeth Chakravarthula,University of North Carolina,https://www.cs.unc.edu/~cpk,pEMEFwQAAAAJ,0000-0002-3092-7435
Praneeth Vepakomma,MBZUAI,https://mbzuai.ac.ae/study/faculty/praneeth-vepakomma,T_mPgZIAAAAJ,0000-0003-2296-9296
Prasad Calyam,University of Missouri,https://engineering.missouri.edu/faculty/prasad-calyam,Plnnv18AAAAJ,0000-0000-0000-0000
Prasad Jayanti,Dartmouth College,http://www.cs.dartmouth.edu/~prasad,TH512IgAAAAJ,0000-0002-8930-3467
Prasad Krishnan,IIIT Hyderabad,https://www.iiit.ac.in/people/faculty/prasad.krishnan,tRbRF34AAAAJ,0000-0000-0000-0000
Prasad Kulkarni,University of Kansas,http://www.ittc.ku.edu/~kulkarni,ETTvwdQAAAAJ,0000-0000-0000-0000
Prasad Raghavendra,Univ. of California - Berkeley,http://freevideolectures.com/Course/3567/Efficient-Algorithms-and-Intractable-Problems,t5KSayQAAAAJ,0009-0009-7851-0653
Prasad Tadepalli,Oregon State University,http://eecs.oregonstate.edu/~tadepall,CXAN0i0AAAAJ,0000-0003-2736-3912
Prasad Tetali,Georgia Institute of Technology,https://people.math.gatech.edu/~tetali,NOSCHOLARPAGE,0000-0000-0000-0000
Prasant Mohapatra,University of South Florida,https://pmlab.cse.usf.edu,Zc018qEAAAAJ,0000-0000-0000-0000
Prasenjit Majumder,DAIICT,http://intranet.daiict.ac.in/~p_majumder,Cf-XE08AAAAJ,0000-0000-0000-0000
Prashant Doshi,University of Georgia,http://thinc.cs.uga.edu/personnel.html,3PkyzawAAAAJ,0000-0000-0000-0000
Prashant J. Nair,University of British Columbia,https://prashantnair.bitbucket.io,IweLDwwAAAAJ,0000-0002-1732-4314
Prashant J. Shenoy,Univ. of Massachusetts Amherst,https://people.cs.umass.edu/~shenoy,TciP6mcAAAAJ,0000-0002-5435-1901
Prashant Jayaprakash Nair,University of British Columbia,https://prashantnair.bitbucket.io,IweLDwwAAAAJ,0000-0002-1732-4314
Prashant Khanduri,Wayne State University,https://engineering.wayne.edu/profile/hm8920,dFZ7VrwAAAAJ,0000-0003-3055-2917
Prashant Krishnamurthy,University of Pittsburgh,http://www.sci.pitt.edu/faculty-and-research/faculty-directory/prashant-krishnamurthy,F9qypa0AAAAJ,0009-0004-8598-2126
Prashant Nalini Vasudevan,National University of Singapore,https://www.comp.nus.edu.sg/~prashant,ZzJO3UkAAAAJ,0000-0001-6880-795X
Prashant Pandey 0001,Northeastern University,https://www.khoury.northeastern.edu/people/prashant-pandey,VO62HkEAAAAJ,0000-0001-5576-0320
Prashant V. Krishnamurthy,University of Pittsburgh,http://www.sci.pitt.edu/faculty-and-research/faculty-directory/prashant-krishnamurthy,F9qypa0AAAAJ,0000-0000-0000-0000
Prashanth L. A.,IIT Madras,http://www.cse.iitm.ac.in/~prashla,Q1YXWpoAAAAJ,0000-0000-0000-0000
Prashanth Lakshmanrao Ananthapadmanabharao,IIT Madras,http://www.cse.iitm.ac.in/~prashla,Q1YXWpoAAAAJ,0000-0000-0000-0000
Prasun Dewan,University of North Carolina,http://www.cs.unc.edu/~dewan,rRxC18AAAAAJ,0000-0000-0000-0000
Pratap Tokekar,Univ. of Maryland - College Park,https://www.cs.umd.edu/people/tokekar,FKAovywAAAAJ,0000-0000-0000-0000
Prateek Mittal,Princeton University,http://www.princeton.edu/~pmittal,xTKD8J4AAAAJ,0000-0003-4727-1708
Prateek Prasanna,Stony Brook University,https://www.cs.stonybrook.edu/people/faculty/PrateekPrasanna,uyA1Q18AAAAJ,0000-0002-3068-3573
Prateek Saxena,National University of Singapore,https://www.comp.nus.edu.sg/~prateeks,7YoDkzsAAAAJ,0000-0002-1875-8675
Prateek Sharma,Indiana University,http://homes.sice.indiana.edu/prateeks,0vslvCQAAAAJ,0000-0000-0000-0000
Pratik Chaudhari,University of Pennsylvania,https://pratikac.github.io,c_z5hWEAAAAJ,0000-0000-0000-0000
Pratik Jawanpuria,IIT Bombay,https://pratikjawanpuria.com,_GUZDtMAAAAJ,0000-0000-0000-0000
Pratik Mazumder,IIT Jodhpur,https://sites.google.com/view/pratikmazumder,WxLYb5QAAAAJ,0000-0003-1103-1884
Pratik Narang,BITS Pilani,https://www.bits-pilani.ac.in/pilani/pratiknarang/profile,YyCGRO8AAAAJ,0000-0000-0000-0000
Pratik Soni,University of Utah,https://www.cs.utah.edu/~psoni,XvhsqUsAAAAJ,0000-0002-3225-3323
Pratyush Mishra 0001,University of Pennsylvania,https://pratyushmishra.com,URyAEqUAAAAJ,0009-0000-6600-9719
Praveen Paruchuri,IIIT Hyderabad,https://www.iiit.ac.in/people/faculty/praveen.p,ILUqgKEAAAAJ,0000-0000-0000-0000
Praveen Tammana,IIT Hyderabad,https://www.iith.ac.in/cse/praveent,ZCukcP4AAAAJ,0000-0000-0000-0000
Pravesh K. Kothari,Princeton University,http://praveshkkothari.org,07qshUgAAAAJ,0000-0002-8689-6770
Pravesh Kothari,Princeton University,http://praveshkkothari.org,07qshUgAAAAJ,0000-0000-0000-0000
Predrag Radivojac,Northeastern University,https://www.ccis.northeastern.edu/people/predrag-radivojac,ugj0at8AAAAJ,0000-0002-6769-0793
Preetam Ghosh,Virginia Commonwealth University,https://egr.vcu.edu/directory/preetamghosh,S30uT7YAAAAJ,0000-0000-0000-0000
Preetha Chatterjee,Drexel University,https://sites.udel.edu/preethac,5i170moAAAAJ,0000-0003-3057-7807
Preethi Jyothi,IIT Bombay,https://www.cse.iitb.ac.in/~pjyothi,QN_uhu8AAAAJ,0000-0000-0000-0000
Preeti Malakar,IIT Kanpur,https://www.cse.iitk.ac.in/users/pmalakar,7HlDLQMAAAAJ,0000-0000-0000-0000
Preeti Mudliar,IIIT Bangalore,http://www.iiitb.ac.in/faculty_page.php?name=PreetiMudliar,NOSCHOLARPAGE,0000-0002-7125-6674
Preeti Ranjan Panda,IIT Delhi,http://www.cse.iitd.ernet.in/~panda,4Q2DOC4AAAAJ,0000-0002-2508-7531
Prem K. Kalra,IIT Delhi,http://www.cse.iitd.ernet.in/~pkalra,ttrJhoUAAAAJ,0000-0000-0000-0000
Prem Kalra,IIT Delhi,http://www.cse.iitd.ernet.in/~pkalra,ttrJhoUAAAAJ,0000-0000-0000-0000
Prem Kumar Kalra,IIT Delhi,http://www.cse.iitd.ernet.in/~pkalra,ttrJhoUAAAAJ,0000-0000-0000-0000
Prerona Chatterjee,NISER,https://preronac.bitbucket.io,neymVAsAAAAJ,0000-0003-2643-8142
Preslav Ivanov Nakov,MBZUAI,https://mbzuai.ac.ae/study/faculty/preslav-nakov,DfXsKZ4AAAAJ,0000-0000-0000-0000
Preslav Nakov,MBZUAI,https://mbzuai.ac.ae/study/faculty/preslav-nakov,DfXsKZ4AAAAJ,0000-0002-3600-1510
Priit Adler,University of Tartu,https://ut.ee/en/node/104477,hz9-4zYAAAAJ,0000-0000-0000-0000
Primal Pappachan,Portland State University,https://primalpappachan.com,NRhyIlEAAAAJ,0000-0002-9475-8132
Priscilla Kan John,Australian National University,https://cs.anu.edu.au/people/priscilla-kan-john,NOSCHOLARPAGE,0000-0000-0000-0000
Prithviraj Ammanabrolu,Univ. of California - San Diego,http://prithvirajva.com,2yaiWZ8AAAAJ,0000-0003-1950-0454
Prithviraj Dasgupta,University of Nebraska - Omaha,https://www.unomaha.edu/college-of-information-science-and-technology/about/faculty-staff/prithviraj-dasgupta.php,DOlGwQIAAAAJ,0000-0003-4601-905X
Priya L. Donti,Massachusetts Inst. of Technology,https://priyadonti.com,PfRSkfEAAAAJ,0000-0000-0000-0000
Priya Narasimhan,Carnegie Mellon University,http://www.cs.cmu.edu/~priya,qyPWUBcAAAAJ,0000-0000-0000-0000
Priyanka Bagade,IIT Kanpur,https://pbagade0.wixsite.com/priyanka/about,z3Fek-8AAAAJ,0000-0000-0000-0000
Priyanka Chawla,National Inst. of Tech. Warangal,https://wsdc.nitw.ac.in/facultynew/facultyprofile/id/17088,ByZDgyUAAAAJ,0000-0000-0000-0000
Priyanka Golia,IIT Delhi,https://priyanka-golia.github.io,55Xlz7QAAAAJ,0000-0000-0000-0000
Priyanka Srivastava,IIIT Hyderabad,https://www.iiit.ac.in/people/faculty/priyanka,xjiw6DYAAAAJ,0000-0000-0000-0000
Probir Roy,University of Michigan-Dearborn,https://www.probir.info,Ktpw9z0AAAAJ,0000-0001-8877-0787
Prosanta Gope 0001,University of Sheffield,https://www.sheffield.ac.uk/dcs/people/academic/prosanta-gope,Yy3YF0AAAAAJ,0000-0000-0000-0000
Prosenjit Bose,Carleton University,http://jitbose.ca,1jR53ZQAAAAJ,0000-0002-8906-0573
Prosenjit K. Bose,Carleton University,http://jitbose.ca,1jR53ZQAAAAJ,0000-0000-0000-0000
Prudence W. H. Wong,University of Liverpool,https://www.liverpool.ac.uk/computer-science/staff/prudence-wong,vjIXDW4AAAAJ,0000-0001-7935-7245
Przemyslaw Andrzej Walega,Queen Mary University of London,https://sites.google.com/site/pawalega,OmGoUz4AAAAJ,0000-0000-0000-0000
Przemyslaw Musialski,NJIT,https://web.njit.edu/~przem,GG5256IAAAAJ,0000-0001-6429-8190
Przemyslaw Pawelczak,TU Delft,http://www.pawelczak.net,NzykFrsAAAAJ,0000-0002-1302-1148
Przemyslaw Pochec,University of New Brunswick,https://www.cs.unb.ca/people/pochec,NOSCHOLARPAGE,0000-0000-0000-0000
Przemyslaw Prusinkiewicz,University of Calgary,http://algorithmicbotany.org,pjH7e8IAAAAJ,0000-0002-1338-7086
Przemysław Pawełczak,TU Delft,http://www.pawelczak.net,NzykFrsAAAAJ,0000-0000-0000-0000
Pu Wang 0001,UNC - Charlotte,https://webpages.uncc.edu/pwang13,0buJlAUAAAAJ,0000-0003-1988-5016
Pu-Jen Cheng,National Taiwan University,https://www.csie.ntu.edu.tw/~pjcheng,uYdM_rwAAAAJ,0000-0001-5892-0385
Pubali Datta,Univ. of Massachusetts Amherst,https://people.cs.umass.edu/~pdatta,VvUb5Z4AAAAJ,0009-0005-2026-5465
Pulkit Agrawal 0001,Massachusetts Inst. of Technology,https://people.csail.mit.edu/pulkitag,UpZmJI0AAAAJ,0000-0000-0000-0000
Punam Bedi,University of Delhi,http://people.du.ac.in/~pbedi,isHD16wAAAAJ,0000-0000-0000-0000
Puneet Goyal,IIT Ropar,http://www.iitrpr.ac.in/cse/puneet,J_MIa1oAAAAJ,0000-0000-0000-0000
Purandar Bhaduri,IIT Guwahati,https://www.iitg.ernet.in/pbhaduri,rRuMQwgAAAAJ,0000-0002-8847-0394
Purnamrita Sarkar,University of Texas at Austin,https://psarkar.github.io,KfT3_0AAAAAJ,0000-0000-0000-0000
Puru Kulkarni,IIT Bombay,https://www.cse.iitb.ac.in/~puru,Gs3HO5kAAAAJ,0000-0000-0000-0000
Purushotham Bangalore,University of Alabama - Birmingham,https://www.cis.uab.edu/puri,NOSCHOLARPAGE,0000-0000-0000-0000
Purushotham V. Bangalore,University of Alabama - Birmingham,https://www.cis.uab.edu/puri,NOSCHOLARPAGE,0000-0000-0000-0000
Purushottam Kar,IIT Kanpur,http://www.cse.iitk.ac.in/users/purushot,MNXz0AoAAAAJ,0000-0003-2096-5267
Purushottam Kulkarni,IIT Bombay,https://www.cse.iitb.ac.in/~puru,Gs3HO5kAAAAJ,0000-0000-0000-0000
Pushpak Bhattacharya,IIT Bombay,https://www.cse.iitb.ac.in/~pb,vvg-pAkAAAAJ,0000-0000-0000-0000
Pushpak Bhattacharyya,IIT Bombay,https://www.cse.iitb.ac.in/~pb,vvg-pAkAAAAJ,0000-0000-0000-0000
Pushpak Jagtap,IISc Bangalore,https://www.pushpakjagtap.com,Szd98jUAAAAJ,0000-0000-0000-0000
Pushpakanthie Wijekoon,University of Peradeniya,https://sci.pdn.ac.lk/scs/staff/Pushpakanthie-Wijekoon,UKEe2AsAAAAJ,0000-0000-0000-0000
Pushpendra Singh 0001,IIIT Delhi,https://www.pushpendrasingh.info,FniYr_MAAAAJ,0000-0003-2152-1027
Puwei Wang,Renmin University of China,http://iir.ruc.edu.cn/~pwwang,NOSCHOLARPAGE,0000-0000-0000-0000
Pádraig Cunningham,University College Dublin,https://people.ucd.ie/padraig.cunningham,HqGgUVAAAAAJ,0000-0002-3499-0810
Pável Calado,Universidade de Lisboa,https://fenix.tecnico.ulisboa.pt/homepage/ist14497,7Udj_YAAAAAJ,0000-0001-6478-229X
Péter Gács,Boston University,http://www.cs.bu.edu/~gacs,vNCcKo0AAAAJ,0000-0000-0000-0000
