name,affiliation,homepage,scholarid,orcid
M. Amaç Güvensan,Yıldız Technical University,https://www.ce.yildiz.edu.tr/personal/amacg?lang=en,YPbvk4gAAAAJ,0000-0000-0000-0000
M. Angela Sasse,Ruhr-University Bochum,https://www.ei.ruhr-uni-bochum.de/fakultaet/personen/sasse,9H_eJqAAAAAJ,0000-0003-1823-5505
M. Ani Hsieh,University of Pennsylvania,https://www.grasp.upenn.edu/people/ani-hsieh,Bh8bGCYAAAAJ,0000-0000-0000-0000
M. Anton Ertl,TU Wien,http://www.complang.tuwien.ac.at/anton,NOSCHOLARPAGE,0000-0000-0000-0000
M. B. Do Coutto Filho,UFF,http://www.ic.uff.br/index.php/en-GB/people/317-faculty-ic?docente=53,C7WY29gAAAAJ,0000-0000-0000-0000
M. B. Thuraisingham,University of Texas at Dallas,http://www.utdallas.edu/~bhavani.thuraisingham,o_xUNWkAAAAJ,0000-0000-0000-0000
M. Balakrishnan,IIT Delhi,http://www.cse.iitd.ernet.in/~mbala,Nt98A90AAAAJ,0009-0001-9136-4939
M. Birna van Riemsdijk,University of Twente,https://research.utwente.nl/en/persons/maria-birna-van-riemsdijk,PnxGeHMAAAAJ,0000-0000-0000-0000
M. Brandon Haworth,University of Victoria,https://www.bhaworth.ca,JMbh9v8AAAAJ,0000-0001-8134-0047
M. Brian Blake,Drexel University,http://drexel.edu/cci/contact/Faculty/Blake-MBrian,yviVLyIAAAAJ,0000-0000-0000-0000
M. Cecília C. Baranauskas,UNICAMP,http://bv.fapesp.br/pt/pesquisador/3391/maria-cecilia-calani-baranauskas,NOSCHOLARPAGE,0000-0000-0000-0000
M. D. Atkinson,University of Otago,http://www.cs.otago.ac.nz/staffpriv/mike/HomePages/newhome.html,C2oYWqgAAAAJ,0000-0000-0000-0000
M. Eduard Gröller,TU Wien,https://www.cg.tuwien.ac.at/staff/EduardGroeller.html,eBsjFlIAAAAJ,0000-0002-8569-4149
M. Ehsan Abbasnejad,Adelaide University,https://ehsanabb.github.io,OdlVfTsAAAAJ,0000-0002-7126-317X
M. Elif Karsligil,Yıldız Technical University,https://www.ce.yildiz.edu.tr/personal/elifk?lang=en,NOSCHOLARPAGE,0000-0000-0000-0000
M. Engin Tozal,Univ. of Louisiana - Lafayette,https://people.cmix.louisiana.edu/tozal,NOSCHOLARPAGE,0000-0000-0000-0000
M. Fatih Amasyali,Yıldız Technical University,https://www.ce.yildiz.edu.tr/personal/mfatih?lang=en,qTUSAy0AAAAJ,0000-0000-0000-0000
M. Fatih Demirci,TOBB ETÜ,http://mfdemirci.etu.edu.tr,qShOHtsAAAAJ,0000-0000-0000-0000
M. Frans Kaashoek,Massachusetts Inst. of Technology,https://pdos.csail.mit.edu/archive/kaashoek,NOSCHOLARPAGE,0000-0001-7098-586X
M. Furkan Kiraç,Özyeğin University,http://www.fkirac.net,kdJBxv8AAAAJ,0000-0000-0000-0000
M. G. J. van den Brand,TU Eindhoven,http://www.win.tue.nl/~mvdbrand,CZt-AsoAAAAJ,0000-0000-0000-0000
M. Gopi,Univ. of California - Irvine,http://www.ics.uci.edu/~gopi,DI8bU-0AAAAJ,0000-0000-0000-0000
M. Gopi 0001,Univ. of California - Irvine,http://www.ics.uci.edu/~gopi,DI8bU-0AAAAJ,0000-0003-2326-8029
M. H. Samadzadeh,Oklahoma State University,http://cs.okstate.edu/faculty.html,NOSCHOLARPAGE,0000-0000-0000-0000
M. Hadi Amini,Florida International University,https://sites.google.com/site/hadiaminihomepage/home,E84r_bUAAAAJ,0000-0000-0000-0000
M. Hassan Najafi,Univ. of Louisiana - Lafayette,https://sites.google.com/view/mhassannajafi,vIc-83QAAAAJ,0000-0002-4655-6229
M. Kaykobad,BUET,http://kaykobad.buet.ac.bd,3rYfNBIAAAAJ,0000-0000-0000-0000
M. Kemal Sönmez,OHSU,http://www.ohsu.edu/xd/education/schools/school-of-medicine/departments/basic-science-departments/csee/csee-people/sonmez.cfm,NOSCHOLARPAGE,0000-0000-0000-0000
M. L. Chaudhry,Royal Military College of Canada,https://www.rmc-cmr.ca/en/mathematics-and-computer-science/dr-mohan-chaudhry,NOSCHOLARPAGE,0000-0000-0000-0000
M. L. Chaudhry 0001,Royal Military College of Canada,https://www.rmc-cmr.ca/en/mathematics-and-computer-science/dr-mohan-chaudhry,NOSCHOLARPAGE,0000-0000-0000-0000
M. Masadeh Bani Yassein,JUST,http://www.just.edu.jo/eportfolio/Pages/Default.aspx?email=masadeh,E8muBrkAAAAJ,0000-0000-0000-0000
M. Mondal Ananda,Florida International University,https://www.cis.fiu.edu/faculty-staff/mondal-ananda,NOSCHOLARPAGE,0000-0000-0000-0000
M. Mustafa Rafique,Rochester Inst. of Technology,https://cs.rit.edu/~mrafique,utSvhGEAAAAJ,0000-0002-5034-2880
M. Narasimha Murty,IISc Bangalore,http://www.csa.iisc.ac.in/~mnm,VQZTmpcAAAAJ,0000-0000-0000-0000
M. Osama Alhalabi,Qatar University,http://www.qu.edu.qa/engineering/computer/faculty/osama_halabi.php,jYUTRTcAAAAJ,0000-0002-2052-0500
M. Praveen,CMI,http://www.cmi.ac.in/~praveenm,xDgt2Z8AAAAJ,0000-0000-0000-0000
M. Ravinder,IGDTUW,https://www.igdtuw.ac.in/computerScience.php?name=ravinderm,H8QKaLoAAAAJ,0000-0000-0000-0000
M. Reha Civanlar,Özyeğin University,https://cs.ozyegin.edu.tr/en/rehacivanlar,6yMIP8AAAAAJ,0000-0000-0000-0000
M. Remzi Sanver,Université Paris Dauphine,https://sanver.bilgi.edu.tr,gY8NSNoAAAAJ,0000-0000-0000-0000
M. S. Ramanujan 0001,University of Warwick,https://warwick.ac.uk/fac/sci/dcs/people/ramanujan_sridharan,XMuyXpEAAAAJ,0000-0002-2116-6048
M. S. Tudruj,IPI PAN,https://ipipan.waw.pl/instytut/pracownicy/marek-tudruj,NlhtTKsAAAAJ,0000-0000-0000-0000
M. Salman Asif,Univ. of California - Riverside,http://www.ece.ucr.edu/~sasif,Dl0puDcAAAAJ,0000-0001-5993-3903
M. Satyanarayanan,Carnegie Mellon University,https://www.cs.cmu.edu/~satya,0y6JDD4AAAAJ,0000-0000-0000-0000
M. Sazadur Rahman,University of Central Florida,https://www.cs.ucf.edu/person/sazadur-rahman,HH6Bh2UAAAAJ,0000-0002-1045-9785
M. Sheelagh T. Carpendale,Simon Fraser University,https://www.cs.sfu.ca/~sheelagh,43LLX2kAAAAJ,0000-0000-0000-0000
M. Sohel Rahman,BUET,http://msrahman.buet.ac.bd,IUwFD9gAAAAJ,0000-0001-9419-6478
M. Srinivas,National Inst. of Tech. Warangal,https://wsdc.nitw.ac.in/facultynew/facultyprofile/id/16878,f8ZaxoEAAAAJ,0000-0000-0000-0000
M. Taghi Mostafavi,UNC - Charlotte,https://webpages.uncc.edu/taghi,NOSCHOLARPAGE,0000-0000-0000-0000
M. Tahar Kechadi,University College Dublin,https://people.ucd.ie/tahar.kechadi,N-0-CjwAAAAJ,0000-0002-0176-6281
M. Tamer Özsu,University of Waterloo,https://cs.uwaterloo.ca/~tozsu,dwxm_CoAAAAJ,0000-0002-8126-1717
M. V. Panduranga Rao,IIT Hyderabad,https://cse.iith.ac.in/?q=People/Faculty,WXSB53kAAAAJ,0000-0000-0000-0000
M. V. Rakhuba,HSE University,https://www.hse.ru/en/org/persons/407666970,-WOI9p8AAAAJ,0000-0000-0000-0000
M. Zubair Shafiq,Univ. of California - Davis,https://www.cs.ucdavis.edu/~zubair,Q3FvLzUAAAAJ,0000-0000-0000-0000
M. Özuysal,Izmir Institute of Technology,http://ceng.iyte.edu.tr/people/mustafa-ozuysal,CfT5AZYAAAAJ,0000-0000-0000-0000
M. Ümit Uyar,CUNY,http://bioinspired.ccny.cuny.edu/uyar,tF0lurkAAAAJ,0000-0000-0000-0000
Maarit J. Käpylä,Aalto University,https://research.aalto.fi/en/persons/maarit-k%C3%A4pyl%C3%A4,O8p_qKwAAAAJ,0000-0000-0000-0000
Maarit Käpylä,Aalto University,https://research.aalto.fi/en/persons/maarit-k%C3%A4pyl%C3%A4,O8p_qKwAAAAJ,0000-0000-0000-0000
Maarten Jansen,Université libre de Bruxelles,http://homepages.ulb.ac.be/~majansen,ynC74rsAAAAJ,0000-0000-0000-0000
Maarten Löffler,Utrecht University,http://www.staff.science.uu.nl/~loffl001/research.html,u-pn2g0AAAAJ,0009-0001-9403-8856
Maarten Marx,University of Amsterdam,http://www.uva.nl/profiel/m/a/m.j.marx/m.j.marx.html,H54oRlIAAAAJ,0000-0003-3255-3729
Maarten Sap,Carnegie Mellon University,https://maartensap.com,gFN4QUYAAAAJ,0000-0002-0701-4654
Maarten de Rijke,University of Amsterdam,https://staff.fnwi.uva.nl/m.derijke,AVDkgFIAAAAJ,0000-0002-1086-0202
Maarten van Steen,VU Amsterdam,http://www.distributed-systems.net,1mFRcc0AAAAJ,0000-0002-5113-2746
Maarten van Walstijn,Queen's University Belfast,https://www.qub.ac.uk/schools/eeecs/Connect/Staff/BusinessCard/?name=m.vanwalstijn,p-fDhmsAAAAJ,0000-0000-0000-0000
Maartje M. A. de Graaf,Utrecht University,https://robonarratives.wordpress.com,nqcBWMwAAAAJ,0000-0001-6152-552X
Maartje Margaretha Allegonda de Graaf,Utrecht University,https://robonarratives.wordpress.com,nqcBWMwAAAAJ,0000-0000-0000-0000
Maartje de Graaf,Utrecht University,https://robonarratives.wordpress.com,nqcBWMwAAAAJ,0000-0001-6152-552X
Maaz Amjad,Texas Tech University,https://maazamjad.com,RqVvW3cAAAAJ,0009-0000-4980-0285
Macario O. Cordel II,De La Salle University,https://www.dlsu.edu.ph/colleges/ccs/faculty-profile/single/?id=32742735838&command=GETPROFILE,A3iyOR0AAAAJ,0000-0000-0000-0000
Maciej A. Mazurowski,Duke University,https://sites.duke.edu/mazurowski,HlxjJPQAAAAJ,0000-0000-0000-0000
Maciej Liskiewicz,University of Lübeck,http://www.tcs.uni-luebeck.de/de/mitarbeiter/liskiewi/index.html,jsxwOYcAAAAJ,0000-0000-0000-0000
Maciej Ogrodniczuk,IPI PAN,https://ipipan.waw.pl/instytut/pracownicy/maciej-ogrodniczuk,dTbg8-wAAAAJ,0000-0000-0000-0000
Maciej Piróg,University of Wroclaw,https://www.cs.ox.ac.uk/people/maciej.pirog,xxwcLlAAAAAJ,0000-0002-5889-3388
Madalina Fiterau,Univ. of Massachusetts Amherst,https://people.cs.umass.edu/~mfiterau,NTHsaUQAAAAJ,0000-0000-0000-0000
Madeline Carr,University College London,https://iris.ucl.ac.uk/iris/browse/profile?upi=MCARR21,ffPmqvIAAAAJ,0000-0001-6666-0595
Madeline Endres,Univ. of Massachusetts Amherst,https://people.cs.umass.edu/~mendres,igiCj3cAAAAJ,0000-0002-4618-4939
Madelon Hulsebos,CWI,https://www.madelonhulsebos.com,6IWQn2EAAAAJ,0000-0002-0949-7290
Madhav D. Manjrekar,UNC - Charlotte,https://ece.charlotte.edu/directory/dr-madhav-manjrekar-phd,XGv3sPIAAAAJ,0000-0000-0000-0000
Madhav Marathe,University of Virginia,https://engineering.virginia.edu/faculty/madhav-marathe,cLjMQqsAAAAJ,0000-0003-1653-0658
Madhav V. Marathe,University of Virginia,https://engineering.virginia.edu/faculty/madhav-marathe,cLjMQqsAAAAJ,0000-0003-1653-0658
Madhavan Mukund,CMI,http://www.cmi.ac.in/~madhavan,NOSCHOLARPAGE,0000-0000-0000-0000
Madhavan Swaminathan,Pennsylvania State University,https://www.eecs.psu.edu/departments/directory-detail-g.aspx?q=mvs7249,jkhJfqQAAAAJ,0000-0003-1729-2807
Madhu Lata Goyal,University of Technology Sydney,https://www.uts.edu.au/staff/madhu.goyal-2,sDCO31YAAAAJ,0000-0000-0000-0000
Madhu Mutyam,IIT Madras,http://www.cse.iitm.ac.in/~madhu,HS4VEdYAAAAJ,0000-0003-1638-4195
Madhu Sudan 0001,Harvard University,http://madhu.seas.harvard.edu,D-RwB3YAAAAJ,0000-0003-3718-6489
Madhur Behl,University of Virginia,https://engineering.virginia.edu/faculty/madhur-behl,bj_imaYAAAAJ,0000-0002-5921-0331
Madhur Tulsiani,TTI Chicago,http://ttic.uchicago.edu/~madhurt,5ZTO0uMAAAAJ,0009-0008-3094-8835
Madhusanka Liyanage,University College Dublin,https://people.ucd.ie/madhusanka,p1n0ioUAAAAJ,0000-0003-4786-030X
Madhusudhan Govindaraju,Binghamton University,http://www.cs.binghamton.edu/~mgovinda,cuA3CkgAAAAJ,0000-0002-7953-8000
Madjid Fathi,University of Siegen,https://www.eti.uni-siegen.de/ws/mitarbeiter/m_fathi/index.html?lang=de,NOSCHOLARPAGE,0000-0000-0000-0000
Madjid Fathi-Torbaghan,University of Siegen,https://www.eti.uni-siegen.de/ws/mitarbeiter/m_fathi/index.html?lang=de,NOSCHOLARPAGE,0000-0000-0000-0000
Mads Dam,KTH Royal Inst. of Technology,http://www.csc.kth.se/~mfd,0RqTjOUAAAAJ,0000-0001-5432-6442
Mads F. Dam,KTH Royal Inst. of Technology,http://www.csc.kth.se/~mfd,0RqTjOUAAAAJ,0000-0000-0000-0000
Mads Haahr,Trinity College Dublin,https://www.scss.tcd.ie/Mads.Haahr,ub6cpZwAAAAJ,0000-0002-9273-6458
Mads Nielsen,University of Copenhagen,http://www.diku.dk/Ansatte/?pure=da/persons/137906,2QCJXEkAAAAJ,0000-0001-6170-8836
Mads Nyborg,DTU,https://www.compute.dtu.dk/english,NOSCHOLARPAGE,0000-0000-0000-0000
Mads Peter Sørensen,DTU,https://www.compute.dtu.dk/english,NOSCHOLARPAGE,0000-0000-0000-0000
Mae Milano,Princeton University,https://www.cs.princeton.edu/~mpmilano,1XP8XcAAAAAJ,0000-0003-3126-7771
Maen M. Al Assaf,University of Jordan,http://link.springer.com/article/10.1007/s11265-013-0787-6,eK4zRzwAAAAJ,0000-0000-0000-0000
Magda Balazinska,University of Washington,http://www.cs.washington.edu/people/faculty/magda,DDxFvcIAAAAJ,0000-0000-0000-0000
Magda El Zarki,Univ. of California - Irvine,http://www.ics.uci.edu/~magda,NOSCHOLARPAGE,0000-0000-0000-0000
Magda Gregorova,THWS,https://fiw.thws.de/fakultaet/personen/dozentinnen-und-dozenten/person/prof-dr-magda-gregorova,68MKCOwAAAAJ,0000-0000-0000-0000
Magdalena Balazinska,University of Washington,http://www.cs.washington.edu/people/faculty/magda,DDxFvcIAAAAJ,0000-0002-6805-0325
Magdalena Ortiz,TU Wien,http://www.kr.tuwien.ac.at/staff/ortiz,EIaA0EMAAAAJ,0000-0002-2344-9658
Magdalena Rafecas,University of Lübeck,https://www.imt.uni-luebeck.de/institute/staff/magdalena-rafecas,weVkHsIAAAAJ,0000-0000-0000-0000
Magdalena Wojcieszak,Univ. of California - Davis,https://cs.ucdavis.edu/directory/magdalena-wojcieszak,eiPR5agAAAAJ,0000-0001-5456-4483
Magdy A. Bayoumi,Univ. of Louisiana - Lafayette,https://cacs.louisiana.edu/~mab,NOSCHOLARPAGE,0000-0000-0000-0000
Magdy Bayoumi,Univ. of Louisiana - Lafayette,https://cacs.louisiana.edu/~mab,NOSCHOLARPAGE,0000-0000-0000-0000
Maggie Makar,University of Michigan,https://mymakar.github.io,bmlgkM4AAAAJ,0000-0000-0000-0000
Magne Haveraaen,University of Bergen,https://www.ii.uib.no/~magne,NOSCHOLARPAGE,0000-0000-0000-0000
Magnus Almgren,Chalmers/GU,https://www.chalmers.se/en/staff/Pages/magnus-almgren.aspx,y6wqBG0AAAAJ,0000-0002-3383-9617
Magnus Boman,KTH Royal Inst. of Technology,https://www.kth.se/profile/mab,DE0n-AQAAAAJ,0000-0000-0000-0000
Magnus Bordewich,Durham University,https://www.dur.ac.uk/computer.science/staff/profile/?id=3328,rHYx-PMAAAAJ,0000-0003-1475-8923
Magnus Jahre,NTNU,https://www.ntnu.edu/employees/magnus.jahre,D052R0UAAAAJ,0000-0001-9147-5228
Magnus Lie Hetland,NTNU,https://www.ntnu.edu/employees/mlh,Ya7SllsAAAAJ,0000-0000-0000-0000
Magnus Madsen,Aarhus University,https://cs.au.dk/~magnusm,FuOCN_oAAAAJ,0000-0002-7510-8724
Magnus Myreen,Chalmers/GU,https://www.chalmers.se/en/staff/Pages/myreen.aspx,NOSCHOLARPAGE,0000-0000-0000-0000
Magnus O. Myreen,Chalmers/GU,https://www.chalmers.se/en/staff/Pages/myreen.aspx,NOSCHOLARPAGE,0000-0002-9504-4107
Magnus Oskar Myreen,Chalmers/GU,https://www.chalmers.se/en/staff/Pages/myreen.aspx,NOSCHOLARPAGE,0000-0000-0000-0000
Magnus Ramage,Open University UK,http://stem.open.ac.uk/people/mr888,6mwF50AAAAAJ,0000-0001-6986-6476
Magnus Själander,NTNU,https://www.ntnu.edu/employees/magnus.sjalander,mmdrsyQAAAAJ,0000-0003-4232-6976
Magnus Wahlström,Royal Holloway Univ. of London,https://pure.royalholloway.ac.uk/portal/en/persons/magnus-wahlstroem(a0940b3f-c15b-404f-b9f6-d26cb5664829).html,2x-QnZsAAAAJ,0000-0002-0933-4504
Magy Seif El-Nasr,Univ. of California - Santa Cruz,https://magyel-nasr.net,SwzKJ0kAAAAJ,0000-0002-7808-1686
Mahadev Satyanarayanan,Carnegie Mellon University,https://www.cs.cmu.edu/~satya,0y6JDD4AAAAJ,0000-0002-2187-2049
Mahadevan Subramaniam,University of Nebraska - Omaha,https://www.unomaha.edu/college-of-information-science-and-technology/about/faculty-staff/mahadevan-subramaniam.php,NOSCHOLARPAGE,0000-0000-0000-0000
Mahalingam Ramkumar,Mississippi State University,http://web.cse.msstate.edu/~ramkumar,NOSCHOLARPAGE,0000-0000-0000-0000
Mahantapas Kundu,Jadavpur University,http://jaduniv.edu.in/profile.php?uid=665,g8QqH7wAAAAJ,0000-0000-0000-0000
Mahanth Gowda,Pennsylvania State University,http://www.cse.psu.edu/~mkg31,R-fOpm4AAAAJ,0000-0001-5325-5013
Mahbub Hassan,UNSW,http://www.cse.unsw.edu.au/~mahbub,iJakSYUAAAAJ,0000-0002-3417-8590
Mahbubur M. Rahim,Monash University,http://monash.edu/research/explore/en/persons/mahbubur-rahim(ba043f91-4998-405d-9242-f7b74b556f22).html,pfymHsAAAAAJ,0000-0000-0000-0000
Mahbubur Rahim,Monash University,http://monash.edu/research/explore/en/persons/mahbubur-rahim(ba043f91-4998-405d-9242-f7b74b556f22).html,pfymHsAAAAAJ,0000-0000-0000-0000
Mahbubur Rahman 0001,CUNY,https://phantom.cs.qc.cuny.edu/rahman,bNwqZZQAAAAJ,0000-0003-2353-6687
Mahdi Abdelguerfi,University of New Orleans,http://new.uno.edu/profile/faculty/mahdi_abdelguerfi,NOSCHOLARPAGE,0009-0002-0932-2009
Mahdi Aiash,Middlesex University,https://www.mdx.ac.uk/about-us/our-people/staff-directory/profile/aiash-mahdi,keb-lG8AAAAJ,0000-0000-0000-0000
Mahdi Belcaid,University of Hawaii at Manoa,http://www.ics.hawaii.edu/people/mahdi-belcaid,NOSCHOLARPAGE,0009-0004-5185-0643
Mahdi Cheraghchi,University of Michigan,http://mahdi.ch,pDkhB5EAAAAJ,0000-0001-8957-0306
Mahdi Fazeli,IUST,http://ce.iust.ac.ir/page.php?slct_pg_id=11585&sid=14&slc_lang=en,XeHQnLMAAAAJ,0000-0002-2874-6256
Mahdi Jafari Siavoshani,Sharif University of Technology,http://mahdi.jafari.siavoshani.ir,O1iciXoAAAAJ,0000-0000-0000-0000
Mahdi Khodayar,University of Tulsa,https://utulsa.edu/people/mahdi-khodayar,GIn1dpUAAAAJ,0000-0000-0000-0000
Mahdi Nasrullah Al-Ameen,Utah State University,https://www.usu.edu/cs/directory/faculty/al-ameen-mahdi,5Crt8x4AAAAJ,0000-0002-5764-2253
Mahdi Pedram,University of North Texas,https://facultyinfo.unt.edu/faculty-profile?profile=mp1583,Hpc-9PAAAAAJ,0000-0001-5742-6529
Mahdi S. Hosseini,Concordia University,https://www.concordia.ca/faculty/mahdi-hosseini.html,SO-FFrgAAAAJ,0000-0002-9147-0731
Mahdi Soltanolkotabi,University of Southern California,https://viterbi-web.usc.edu/~soltanol,narJyMAAAAAJ,0000-0003-2101-6418
Mahdieh Soleymani,Sharif University of Technology,http://sharif.edu/~soleymani,NOSCHOLARPAGE,0000-0000-0000-0000
Mahdieh Soleymani Baghshah,Sharif University of Technology,http://sharif.edu/~soleymani,NOSCHOLARPAGE,0000-0000-0000-0000
Mahe Velauthapillai,Georgetown University,http://people.cs.georgetown.edu/~mahe,NOSCHOLARPAGE,0000-0000-0000-0000
Mahendran Velauthapillai,Georgetown University,http://people.cs.georgetown.edu/~mahe,NOSCHOLARPAGE,0000-0000-0000-0000
Maher Ali Khamakhem,King Abdulaziz University,http://www.kau.edu.sa/CVEn.aspx?Site_ID=0061714&Lng=EN,krjxCCgAAAAJ,0000-0000-0000-0000
Maher Khemakhem,King Abdulaziz University,http://www.kau.edu.sa/CVEn.aspx?Site_ID=0061714&Lng=EN,krjxCCgAAAAJ,0000-0002-1287-1634
Mahesan Niranjan,University of Southampton,https://www.ecs.soton.ac.uk/people/mn1p07,3kuILUIAAAAJ,0000-0001-7021-140X
Mahesh K. Marina,University of Edinburgh,http://homepages.inf.ed.ac.uk/mmarina,VJLdaGgAAAAJ,0000-0002-6946-5143
Mahesh Mohan M. R.,IIT Kharagpur,https://maheshmohanmr.github.io,gNshB_kAAAAJ,0000-0000-0000-0000
Mahesh Viswanathan 0001,Univ. of Illinois at Urbana-Champaign,http://vmahesh.cs.illinois.edu,nztNRM0AAAAJ,0000-0001-7977-0080
Mahir Arzoky,Brunel University London,https://www.brunel.ac.uk/people/mahir-arzoky,xaj1ZbMAAAAJ,0000-0000-0000-0000
Mahito Sugiyama,National Inst. of Informatics,https://mahito.nii.ac.jp,qLlRvTkAAAAJ,0000-0001-5907-9831
Mahmood Jasim,Louisiana State University,https://csc.lsu.edu/~mjasim,M9M5SdwAAAAJ,0000-0002-1250-3292
Mahmood Neshati,Shahid Beheshti University,https://facultymembers.sbu.ac.ir/neshati,drrI9MAAAAAJ,0000-0002-3953-4857
Mahmood Sharif,Tel Aviv University,https://mahmoods01.github.io,nen9rA4AAAAJ,0000-0001-7661-2220
Mahmoud Attia Sakr,Université libre de Bruxelles,https://cs.ulb.ac.be/members/mahmoud,jN9XqkQAAAAJ,0000-0000-0000-0000
Mahmoud Fathy,IUST,http://ce.iust.ac.ir/content/579/Mahmoud-Fathy,NOSCHOLARPAGE,0000-0000-0000-0000
Mahmoud R. El-Sakka,Western University,http://www.csd.uwo.ca/~elsakka,NOSCHOLARPAGE,0000-0000-0000-0000
Mahmoud Rasras,NYU Abu Dhabi,https://nyuad.nyu.edu/en/academics/divisions/engineering/faculty/mahmoud-rasras.html,O4yH6_cAAAAJ,0000-0000-0000-0000
Mahmoud Sakr,Université libre de Bruxelles,https://cs.ulb.ac.be/members/mahmoud,jN9XqkQAAAAJ,0000-0000-0000-0000
Mahmud Shahriar Hossain,University of Texas - El Paso,https://hb2504.utep.edu/Home/Profile?username=mhossain,eJ6gGEMAAAAJ,0000-0000-0000-0000
Mahmuda Naznin,BUET,https://sites.google.com/site/mahmudanaznin,dJx58AQAAAAJ,0000-0001-8753-4619
Mahmut T. Kandemir,Pennsylvania State University,http://www.cse.psu.edu/~mtk2,j67v24EAAAAJ,0000-0002-9940-9951
Mahmut Taylan Kandemir,Pennsylvania State University,http://www.cse.psu.edu/~mtk2,j67v24EAAAAJ,0000-0002-9940-9951
Mahsa Derakhshan,Northeastern University,https://www.khoury.northeastern.edu/home/derakhshan,fkGRlH0AAAAJ,0000-0002-8147-0113
Mahsa Mirzargar,University of Miami,https://ccs.miami.edu/team_member/mahsa-mirzargar-phd,nm7Oe6sAAAAJ,0000-0002-5111-5321
Mahsa Salehi,Monash University,https://research.monash.edu/en/persons/mahsa-salehi,tTxJ1owAAAAJ,0000-0002-2991-1612
Mahshid Mojtabavi Naeini,Texas Tech University,https://www.depts.ttu.edu/provost/facultybios/2014/m-rahnamay-naeini.php,NOSCHOLARPAGE,0000-0000-0000-0000
Mahyar Fazlyab,Johns Hopkins University,https://www.ece.jhu.edu/mahyarfazlyab,Y3bmjJwAAAAJ,0000-0001-9695-6178
Mai Anh Tien,Singapore Management University,https://sis.smu.edu.sg/faculty/profile/167371/MAI-Anh-Tien,5TgvaiwAAAAJ,0000-0000-0000-0000
Mai ElSherief,Northeastern University,https://mayelsherif.github.io/melsherif,Rykl2HkAAAAJ,0000-0003-4718-5201
Mai Fadel,King Abdulaziz University,http://mfadel.kau.edu.sa/Default.aspx?Site_ID=0011432&Lng=EN,NOSCHOLARPAGE,0000-0001-7606-5255
Mai Vu,Tufts University,https://engineering.tufts.edu/cs/people/faculty/mai-vu,jlhR8oMAAAAJ,0000-0000-0000-0000
Maia L. Jacobs,Northwestern University,https://www.mccormick.northwestern.edu/research-faculty/directory/profiles/jacobs-maia.html,014yACkAAAAJ,0000-0001-8500-0277
Maiara F. Bollauf,University of Tartu,https://sites.google.com/view/maiarabollauf,3ThN4R0AAAAJ,0000-0002-6195-492X
Maic Masuch,University of Duisburg-Essen,https://www.ecg.uni-due.de/team/maic-masuch.html,NOSCHOLARPAGE,0000-0002-7965-6269
Maike Buchin,Ruhr-University Bochum,https://www.ruhr-uni-bochum.de/lmi/buchin,HvRX6I0AAAAJ,0000-0002-3446-4343
Maike Schwammberger,Karlsruhe Inst. of Technology,https://mase.kastel.kit.edu/team_maike_schwammberger.php,Ld6FpIIAAAAJ,0000-0002-3344-6282
Maike Sonnewald,Univ. of California - Davis,https://msonnewald.com,kSxRj7gAAAAJ,0000-0000-0000-0000
Maike Walther,Ruhr-University Bochum,https://www.ruhr-uni-bochum.de/lmi/buchin,HvRX6I0AAAAJ,0000-0000-0000-0000
Mainack Mondal,IIT Kharagpur,https://cse.iitkgp.ac.in/~mainack,AUllGoAAAAAJ,0000-0003-4317-0184
Mainak Chaudhuri,IIT Kanpur,https://www.cse.iitk.ac.in/users/mainakc,-0GC4ZMAAAAJ,0000-0000-0000-0000
Maithilee Kunda,University of Edinburgh,https://people.inf.ed.ac.uk/Maithilee_Kunda.html,XfSl-OoAAAAJ,0009-0005-7302-8244
Maitraye Das,Northeastern University,https://maitraye.github.io,XBJlhlEAAAAJ,0000-0002-8640-0544
Maja J. Mataric,University of Southern California,http://robotics.usc.edu/~maja,o5YQMkMAAAAJ,0000-0001-8958-6666
Maja Mataric,University of Southern California,http://robotics.usc.edu/~maja,o5YQMkMAAAAJ,0000-0001-8958-6666
Maja Pantic,Imperial College London,http://www.ibug.doc.ic.ac.uk/maja,ygpxbK8AAAAJ,0000-0000-0000-0000
Majdi Sawalha,University of Jordan,http://djasljsa.academia.edu/MajdiSawalha,6LD7HyIAAAAJ,0000-0003-4975-6709
Majid Ghaderi,University of Calgary,http://www.ucalgary.ca/~mghaderi,ZjsBzlAAAAAJ,0000-0000-0000-0000
Majid Kazemian,Purdue University,http://kazemianlab.com,2Vw-Bq0AAAAJ,0000-0001-7080-8820
Majid Khonji,Masdar Institute,https://www.masdar.ac.ae/aboutus/management/faculty-directory/item/6707-majid-khonji,Z2AxaZYAAAAJ,0000-0000-0000-0000
Majid Komeili,Carleton University,http://people.scs.carleton.ca/~majidkomeili,AIHFesoAAAAJ,0000-0002-4695-3072
Majid Mirmehdi,University of Bristol,http://www.cs.bris.ac.uk/~majid,NsW3yAwAAAAJ,0000-0002-6478-1403
Majid Sarrafzadeh,Univ. of California - Los Angeles,http://www.cs.ucla.edu/~majid,LYt_4uIAAAAJ,0000-0000-0000-0000
Majid Zamani 0001,University of Colorado Boulder,https://sites.google.com/site/zamani1362/home,-XDU9ZMAAAAJ,0000-0001-6608-3708
Makan Fardad,Syracuse University,https://ecs.syr.edu/faculty/fardad/index.htm,jWb94BoAAAAJ,0000-0003-4643-0535
Makarand Tapaswi,IIIT Hyderabad,https://www.iiit.ac.in/people/faculty/Makarand,rJotb-YAAAAJ,0000-0001-8800-9015
Maki Sugimoto,Keio University,https://www.st.keio.ac.jp/en/tprofile/ics/sugimoto.html,h5GzIxgAAAAJ,0000-0000-0000-0000
Makoto Matsushita,Osaka University,https://sel.ist.osaka-u.ac.jp/people/matusita,NOSCHOLARPAGE,0000-0002-7491-9410
Makoto Nakayama,DePaul University,https://www.cdm.depaul.edu/about/Pages/People/FacultyInfo.aspx?fid=107,NOSCHOLARPAGE,0000-0000-0000-0000
Makoto Onizuka,Osaka University,http://www-bigdata.ist.osaka-u.ac.jp/index_en.html,oJ6G8gUAAAAJ,0000-0001-5559-8300
Makoto P. Kato,University of Tsukuba,https://www.mpkato.net,Gr2Q2dQAAAAJ,0000-0002-9351-0901
Makoto Tatsuta,National Inst. of Informatics,https://www.nii.ac.jp/en/faculty/informatics/tatsuta_makoto,NOSCHOLARPAGE,0000-0000-0000-0000
Makoto Yamada,Kyoto University,https://riken-yamada.github.io,1cKNu1gAAAAJ,0000-0001-7508-5094
Makoto Yamashita,Tokyo Institute of Technology,http://www.opt.c.titech.ac.jp/yamashita,NOSCHOLARPAGE,0000-0000-0000-0000
Maksim Rakhuba,HSE University,https://www.hse.ru/en/org/persons/407666970,-WOI9p8AAAAJ,0000-0000-0000-0000
Maksim Serbyn,IST Austria,https://serbyn.github.io/site,PGHvCmgAAAAJ,0000-0000-0000-0000
Malak Abdullah,JUST,http://www.just.edu.jo/eportfolio/Pages/Default.aspx?email=mabdullah,XHlvQbUAAAAJ,0000-0000-0000-0000
Malay Bhattacharyya 0001,ISI Kolkata,https://www.isical.ac.in/~malaybhattacharyya,-emvWI8AAAAJ,0000-0001-7781-1264
Malaya Dutta Borah,National Inst. of Tech. Silchar,http://cs.nits.ac.in/malaya,I88D3q8AAAAJ,0000-0000-0000-0000
Malcolm A. MacIver,Northwestern University,https://robotics.northwestern.edu/people/profiles/faculty/maciver-malcolm.html,9H9FROQAAAAJ,0000-0002-3711-8235
Malcolm Heywood,Dalhousie University,https://www.dal.ca/faculty/computerscience/faculty-staff/malcolm-heywood.html,_d-AGjUAAAAJ,0000-0002-1521-0671
Malcolm Ryan,Macquarie University,https://researchers.mq.edu.au/en/persons/malcolm-ryan,zETJIuoAAAAJ,0000-0002-4878-0216
Malek Mouhoub,University of Regina,http://www.cs.uregina.ca/People/Profiles/MalekMouhoub.html,NOSCHOLARPAGE,0000-0001-7381-1064
Maleknaz Nayebi,York University,http://www.maleknazn.com,uSWqDhwAAAAJ,0000-0002-2243-5721
Malgorzata Biernacka,University of Wroclaw,http://www.ii.uni.wroc.pl/~mabi,8uwdTTMAAAAJ,0000-0001-8094-0980
Malgorzata Marciniak,IPI PAN,https://ipipan.waw.pl/instytut/pracownicy/malgorzata-marciniak,GlwK910AAAAJ,0000-0000-0000-0000
Malihe Alikhani,Northeastern University,https://www.malihealikhani.com,w24_ETkAAAAJ,0000-0002-1315-2228
Maliheh Izadi,TU Delft,https://malihehizadi.github.io/PersonalWebsite,F2D5RawAAAAJ,0000-0001-5093-5523
Malik Magdon-Ismail,Rensselaer Polytechnic Institute,http://www.cs.rpi.edu/~magdon,NOSCHOLARPAGE,0000-0001-7327-7770
Malika Meghjani,SUTD,https://istd.sutd.edu.sg/people/faculty/malika-meghjani,KDTyloUAAAAJ,0000-0002-8609-3142
Malte F. Jung,Cornell University,http://infosci.cornell.edu/faculty/malte-jung,pfBh4zEAAAAJ,0000-0001-9359-7122
Malte Helmert,University of Basel,https://ai.dmi.unibas.ch/people/helmert,Zqy3x50AAAAJ,0009-0008-8462-350X
Malte Jung,Cornell University,http://infosci.cornell.edu/faculty/malte-jung,pfBh4zEAAAAJ,0000-0000-0000-0000
Malte Lochau,University of Siegen,https://mbe.informatik.uni-siegen.de/team/malte-lochau,C22MnKEAAAAJ,0000-0002-8404-753X
Malte Mues,University of Wuppertal,https://rsds.uni-wuppertal.de/en/team,NzNGrJUAAAAJ,0000-0002-6291-9886
Malte Schwarzkopf,Brown University,http://www.malteschwarzkopf.de,Lf1hSacAAAAJ,0000-0002-5066-6332
Malu Zhang,UESTC,https://www.scse.uestc.edu.cn/info/1081/12350.htm,NOSCHOLARPAGE,0000-0002-2345-0974
Malvin Gattinger,University of Amsterdam,https://malv.in,6_WdCF4AAAAJ,0000-0000-0000-0000
Malvina Nissim,University of Groningen,https://malvinanissim.github.io,hnTpEOAAAAAJ,0000-0000-0000-0000
Mamoun A. Awad,UAEU,https://faculty.uaeu.ac.ae/mamoun_awad,XqhZPf0AAAAJ,0000-0000-0000-0000
Mamtaj Akter,New York Tech,https://site.nyit.edu/bio/Mamtaj.Akter,31Pq3u0AAAAJ,0000-0002-5692-9252
Man Ho Allen Au,The Hong Kong Polytechnic Univ.,https://web.comp.polyu.edu.hk/mhaau,3OC-_bQAAAAJ,0000-0000-0000-0000
Man Ho Au,The Hong Kong Polytechnic Univ.,https://web.comp.polyu.edu.hk/mhaau,3OC-_bQAAAAJ,0000-0003-2068-9530
Man Hon Cheung,City University of Hong Kong,https://www.cs.cityu.edu.hk/~mhcheung,7QUOWlwAAAAJ,0000-0000-0000-0000
Man Hon Wong 0001,Chinese University of Hong Kong,http://www.cse.cuhk.edu.hk/~mhwong,KGXAyxYAAAAJ,0000-0002-4569-7062
Man Kong,University of Kansas,http://www.eecs.ku.edu/people/faculty/kong,XVbgceMAAAAJ,0000-0000-0000-0000
Man Lan,East China Normal University,https://faculty.ecnu.edu.cn/_s16/lm2/main.psp,48RFUQgAAAAJ,0000-0000-0000-0000
Man Lung Yiu,The Hong Kong Polytechnic Univ.,https://web.comp.polyu.edu.hk/csmlyiu,PfUoXAEAAAAJ,0000-0002-9619-4924
Man On Pun,CUHK (SZ),https://mypage.cuhk.edu.cn/academics/simonpun/index.html,h82gvswAAAAJ,0000-0000-0000-0000
Man Zhang 0001,Beihang University,https://scse.buaa.edu.cn/info/1079/10996.htm,rmSXMOoAAAAJ,0000-0003-1204-9322
Man-Ki Yoon,North Carolina State University,https://mankiyoon.github.io,QlGI0qYAAAAJ,0000-0001-7181-1730
Man-Tak Shing,Naval Postgraduate School,http://faculty.nps.edu/shing,NOSCHOLARPAGE,0000-0000-0000-0000
Manal Abdullah,King Abdulaziz University,http://mbatobarah.kau.edu.sa/Default.aspx?Site_ID=0009325&lng=EN,pmD8DeIAAAAJ,0000-0000-0000-0000
Manal Helal,University of Surrey,https://www.surrey.ac.uk/people/manal-helal,fgACIMUAAAAJ,0000-0000-0000-0000
Manar Alalfi,Toronto Metropolitan University,https://www.cs.torontomu.ca/~manar.alalfi,vMfalC8AAAAJ,0009-0002-7730-7126
Manar S. Ali,King Abdulaziz University,http://mali.kau.edu.sa/CVEn.aspx?Site_ID=0003185&Lng=EN,cyGTNXMAAAAJ,0000-0000-0000-0000
Manas Gaur,Univ. of Maryland - Baltimore County,https://manasgaur.github.io,VJ8ZdCEAAAAJ,0000-0002-5411-2230
Manas Khatua,IIT Jodhpur,http://manaskhatua.github.io,TQshktIAAAAJ,0000-0000-0000-0000
Manas Mukul,KIIT Bhubaneswar,https://ksca.kiit.ac.in/profiles/manas-mukul,hXCnnZYAAAAJ,0000-0000-0000-0000
Manas Ranjan Lenka,KIIT Bhubaneswar,https://cse.kiit.ac.in/profiles/manas-ranjan-lenka,A7QK2iQAAAAJ,0000-0000-0000-0000
Manas Thakur,IIT Bombay,https://www.cse.iitb.ac.in/~manas,4DCfL7UAAAAJ,0000-0002-0740-9701
Mandar Mitra,ISI Kolkata,https://www.isical.ac.in/~mandar,joWNRWwAAAAJ,0000-0001-9045-9971
Mandya Angrosh,University of Liverpool,https://www.liverpool.ac.uk/computer-science/staff/angrosh-mandya/publications,V2IwYWQAAAAJ,0000-0000-0000-0000
Maneesh Agrawala,Stanford University,http://graphics.stanford.edu/~maneesh,YPzKczYAAAAJ,0000-0002-8996-7327
Manel Guerrero Zapata,Polytechnic Univ. of Catalonia,http://personals.ac.upc.edu/guerrero/my_cv.html,eFe60BoAAAAJ,0000-0000-0000-0000
Manel Medina,Polytechnic Univ. of Catalonia,http://personals.ac.upc.edu/medina,pPqLc2MAAAAJ,0000-0000-0000-0000
Manex Agirrezabal,University of Copenhagen,https://manexagirrezabal.github.io,qTRbmk4AAAAJ,0000-0001-5909-2745
Manfred Claassen,University of Tübingen,https://claassenlab.github.io/people/manfred-claassen,xD_I20EAAAAJ,0000-0002-4583-9083
Manfred Droste,University of Leipzig,http://www.informatik.uni-leipzig.de/~droste,RNhcC7UAAAAJ,0000-0000-0000-0000
Manfred Hauswirth,TU Berlin,https://www.ods.tu-berlin.de/menue/chair_for_open_distributed_systems/about_us/professor,WwjTJ3YAAAAJ,0000-0000-0000-0000
Manfred Huber,University of Texas at Arlington,http://ranger.uta.edu/~huber,2lIq2nMAAAAJ,0009-0007-0294-9147
Manfred Jaeger,Aalborg University,http://people.cs.aau.dk/~jaeger,1E085gUAAAAJ,0000-0002-5641-8153
Manfred K. Warmuth,Univ. of California - Santa Cruz,https://users.soe.ucsc.edu/~manfred,NOSCHOLARPAGE,0000-0000-0000-0000
Manfred Kerber,University of Birmingham,https://www.birmingham.ac.uk/staff/profiles/computer-science/kerber-manfred.aspx,6MImf1IAAAAJ,0000-0000-0000-0000
Manfred Kufleitner,Loughborough University,https://www.lboro.ac.uk/departments/compsci/staff/academic-teaching/manfred-kufleitner,xH8W8jEAAAAJ,0000-0003-3869-416X
Manfred Nagl,RWTH Aachen University,http://www.se-rwth.de/~nagl,uz_EYlwAAAAJ,0000-0001-6857-1887
Manfred Opper,TU Berlin,https://www.ki.tu-berlin.de/menue/team/manfred_opper/forschungsgebiete,NOSCHOLARPAGE,0000-0000-0000-0000
Manfred Pinkal,Saarland University,http://www.coli.uni-saarland.de/~pinkal/en/page.php,NOSCHOLARPAGE,0000-0000-0000-0000
Manfred Reichert,University of Ulm,https://www.uni-ulm.de/en/in/iui-dbis/team/staff/manfred-reichert,BHDNcesAAAAJ,0000-0000-0000-0000
Manfred Schmidt-Schauß,Goethe University Frankfurt,http://www.ki.informatik.uni-frankfurt.de/persons/schauss/schauss.html,gKk8nIYAAAAJ,0000-0001-8809-7385
Manfred Stede,University of Potsdam,http://www.ling.uni-potsdam.de/~stede,I1wvHnIAAAAJ,0000-0001-6819-2043
Manfred Tscheligi,University of Salzburg,https://hci.sbg.ac.at/person/tscheligi,m-L0IVgAAAAJ,0000-0001-6056-7285
Mang Ye,Wuhan University,https://marswhu.github.io/index.html,j-HxRy0AAAAJ,0000-0003-3989-7655
Manh Hung Nguyen 0001,PTIT,https://sites.google.com/view/nguyenmanhhung,kw4SWcEAAAAJ,0000-0000-0000-0000
Manhua Liu,Shanghai Jiao Tong University,http://www.ie.sjtu.edu.cn/Data/View/249,NOSCHOLARPAGE,0000-0001-5790-3604
Mani B. Srivastava,Univ. of California - Los Angeles,http://www.ee.ucla.edu/mani-srivastava,X2Qs7XYAAAAJ,0000-0002-3782-9192
Mani Golparvar Fard,Univ. of Illinois at Urbana-Champaign,http://cee.illinois.edu/directory/profile/mgolpar,js1mtE4AAAAJ,0000-0000-0000-0000
Mani Srivastava 0001,Univ. of California - Los Angeles,http://www.ee.ucla.edu/mani-srivastava,X2Qs7XYAAAAJ,0000-0002-3782-9192
Mani Venkatasubramanian,Washington State University,http://www.eecs.wsu.edu/~mani,NOSCHOLARPAGE,0000-0000-0000-0000
Manik Lal Das,DAIICT,http://intranet.daiict.ac.in/~maniklal_das,wlTzQBMAAAAJ,0000-0000-0000-0000
Manikandan Narayanan,IIT Madras,https://maninarayanan.com/index.html,f5gTDzAAAAAJ,0000-0002-8490-4087
Manindra Agrawal,IIT Kanpur,http://www.cse.iitk.ac.in/users/manindra,UBXqggoAAAAJ,0000-0000-0000-0000
Manish Motwani,Oregon State University,https://mmotwani.com,OCyPkm0AAAAJ,0000-0001-5129-3980
Manish Narwaria,DAIICT,http://www.daiict.ac.in/daiict/people/faculty.html,RVc_D94AAAAJ,0000-0000-0000-0000
Manish P. Kurhekar,VNIT Nagpur,https://vnit.ac.in/engineering/cse/dr-m-p-kurhekar,ifB-d28AAAAJ,0000-0002-6409-3280
Manish Parashar,University of Utah,https://www.sci.utah.edu/people/parashar.html,SCM35lMAAAAJ,0000-0003-0983-7408
Manish Shrivastava 0001,IIIT Hyderabad,https://www.iiit.ac.in/people/faculty/m.shrivastava,sIvMnGQAAAAJ,0000-0001-8705-6637
Manish Singh 0001,Rutgers University,https://ruccs.rutgers.edu/manish,9XRvM88AAAAJ,0000-0000-0000-0000
Manish Singh 0002,IIT Hyderabad,https://www.iith.ac.in/~msingh,I1jX5vgAAAAJ,0000-0002-7919-2206
Manisha Padala,IIT Gandhinagar,https://sites.google.com/view/manishapadala/home,xV1WKDkAAAAJ,0000-0000-0000-0000
Manja Marz,Friedrich Schiller University Jena,http://www.rna.uni-jena.de,NOSCHOLARPAGE,0000-0003-4783-8823
Manjubala Bisi,National Inst. of Tech. Warangal,https://wsdc.nitw.ac.in/facultynew/facultyprofile/id/16858,CEiwpuYAAAAJ,0000-0000-0000-0000
Manjula Sandirigama,University of Peradeniya,https://people.ce.pdn.ac.lk/staff/academic/manjula-sandirigama,qpmlrL0AAAAJ,0000-0000-0000-0000
Manjunath V. Joshi,DAIICT,http://www.daiict.ac.in/daiict/people/faculty.html,iDqnnKkAAAAJ,0000-0000-0000-0000
Manling Li,Northwestern University,https://limanling.github.io,6U4SXnUAAAAJ,0000-0002-5543-3343
Manmohan Chandraker,Univ. of California - San Diego,http://cseweb.ucsd.edu/~mkchandraker,oPFCNk4AAAAJ,0000-0003-4683-2454
Manmohan Krishna Chandraker,Univ. of California - San Diego,http://cseweb.ucsd.edu/~mkchandraker,oPFCNk4AAAAJ,0000-0000-0000-0000
Manoel Eusebio de Lima,UFPE,https://www.cin.ufpe.br/~mel,NOSCHOLARPAGE,0000-0000-0000-0000
Manoel Horta Ribeiro,Princeton University,https://www.cs.princeton.edu/people/profile/mh3586,IN55QyEAAAAJ,0000-0002-6159-9657
Manohar Kaul,IIT Hyderabad,http://www.iith.ac.in/~mkaul,jNroyK4AAAAJ,0000-0003-1871-1620
Manoj Gupta 0002,IIT Gandhinagar,http://www.iitgn.ac.in/faculty/comp/manoj.htm,PGzgTLoAAAAJ,0000-0002-2248-8700
Manoj M. Prabhakaran,IIT Bombay,https://www.cse.iitb.ac.in/~mp,FANRIhwAAAAJ,0000-0000-0000-0000
Manoj Mishra,NISER,https://www.niser.ac.in/users/manojmishra,NOSCHOLARPAGE,0000-0000-0000-0000
Manoj Misra,IIT Roorkee,https://iitr.ac.in/~CSE/Manoj_Mishra,NOSCHOLARPAGE,0000-0000-0000-0000
Manoj Prabhakaran 0001,IIT Bombay,https://www.cse.iitb.ac.in/~mp,FANRIhwAAAAJ,0000-0000-0000-0000
Manoj Singh Gaur,IIT Jammu,https://www.iitjammu.ac.in/computer_science_engineering/faculty-list/~manojsinghgaur,NOSCHOLARPAGE,0000-0000-0000-0000
Manolis C. Tsakiris,ShanghaiTech University,https://sites.google.com/site/manolisctsakiris,NOSCHOLARPAGE,0000-0000-0000-0000
Manolis G. H. Katevenis,University of Crete,http://users.ics.forth.gr/~kateveni,E2-GshsAAAAJ,0000-0000-0000-0000
Manolis Katevenis,University of Crete,http://users.ics.forth.gr/~kateveni,E2-GshsAAAAJ,0009-0008-5437-4709
Manolis Kellis,Massachusetts Inst. of Technology,http://mit.edu/manoli,lsYXBx8AAAAJ,0000-0001-7113-9630
Manolis Koubarakis,University of Athens,http://cgi.di.uoa.gr/~koubarak,FKy2868AAAAJ,0000-0002-1954-8338
Manolis Savva,Simon Fraser University,https://msavva.github.io,4D2vsdYAAAAJ,0000-0001-6132-8964
Manolis Zampetakis,Yale University,https://mzampet.com,tBAp1-gAAAAJ,0009-0005-4967-5927
Manos Antonakakis,Georgia Institute of Technology,https://ece.gatech.edu/directory/manos-antonakakis,P6VJcVIAAAAJ,0000-0003-1578-8307
Manos Athanassoulis,Boston University,https://cs-people.bu.edu/mathan,RyXHY68AAAAJ,0000-0003-1837-0010
Manos Kapritsos,University of Michigan,http://web.eecs.umich.edu/~manosk,65VCOs0AAAAJ,0000-0002-4368-7418
Manos Panaousis,University of Surrey,https://www.manospanaousis.com,FRwRt24AAAAJ,0000-0001-7306-4062
Manos Papagelis,York University,https://www.eecs.yorku.ca/~papaggel,1WtE__IAAAAJ,0000-0003-0138-2541
Manos Varvarigos,NTUA,http://hscnl.ece.ntua.gr/index.php/members/director,vqtH65oAAAAJ,0000-0000-0000-0000
Manrique Mata-Montero,Memorial Univ. of Newfoundland,https://www.mun.ca/computerscience/people/manrique.php,NOSCHOLARPAGE,0000-0000-0000-0000
Mansi A. Radke,VNIT Nagpur,https://vnit.ac.in/engineering/cse/dr-mansi-a-radke,J7lO0fwAAAAJ,0000-0000-0000-0000
Mansi Anup Radke,VNIT Nagpur,https://vnit.ac.in/engineering/cse/dr-mansi-a-radke,J7lO0fwAAAAJ,0000-0000-0000-0000
Mansooreh Zahedi,University of Melbourne,https://findanexpert.unimelb.edu.au/profile/893364-mansooreh-zahedi,-mrcwTwAAAAJ,0000-0001-6276-9956
Mansour Jamzad,Sharif University of Technology,http://sharif.edu/~jamzad,oKz2WAkAAAAJ,0000-0000-0000-0000
Mansu Kim,The Catholic University of Korea,https://mansooru.github.io,Mfp3So0AAAAJ,0000-0002-0785-4514
Mantas Mikaitis,University of Leeds,https://eps.leeds.ac.uk/computing/staff/12197/dr-mantas-mikaitis,1-PVhOEAAAAJ,0000-0001-8706-1436
Mantas Simkus,TU Wien,https://dbai.tuwien.ac.at/staff/simkus,iWJoqO8AAAAJ,0000-0003-0632-0294
Mantis Cheng,University of Victoria,http://www.csc.uvic.ca/~mcheng,NOSCHOLARPAGE,0000-0000-0000-0000
Manton M. Matthews,University of South Carolina,https://cse.sc.edu/~matthews,NOSCHOLARPAGE,0000-0000-0000-0000
Mantosh Biswas,University of Delhi,https://people.samarth.edu.in/index.php/profile/user/index/DU/lzo,wTQ_e-MAAAAJ,0000-0000-0000-0000
Manu Kaul,IIT Hyderabad,http://www.iith.ac.in/~mkaul,jNroyK4AAAAJ,0000-0000-0000-0000
Manu Sridharan,Univ. of California - Riverside,https://manu.sridharan.net,iNtk_EQAAAAJ,0000-0001-7993-302X
Manuel A. Pérez-Quiñones,UNC - Charlotte,https://cci.charlotte.edu/people/manuel-pc3a9rez-quic3b1ones-0,gD8fgzcAAAAJ,0000-0003-1786-203X
Manuel Alejandro Pajuelo Gonzalez,Polytechnic Univ. of Catalonia,https://www.bsc.es/cv-mateo/8-theses,NOSCHOLARPAGE,0000-0000-0000-0000
Manuel Blum 0001,Carnegie Mellon University,https://www.cs.cmu.edu/~mblum,7S-LSKoAAAAJ,0000-0002-0982-4845
Manuel Bodirsky,TU Dresden,https://tu-dresden.de/mn/math/algebra/bodirsky,Sd3LDB4AAAAJ,0000-0001-8228-3611
Manuel Burghardt,University of Leipzig,https://ch.uni-leipzig.de/burghardt,Upg83P0AAAAJ,0000-0003-1354-9089
Manuel C. Lopes,Universidade de Lisboa,http://web.tecnico.ulisboa.pt/manuel.lopes,8tO0CikAAAAJ,0000-0000-0000-0000
Manuel Cabido-Lopes,Universidade de Lisboa,http://web.tecnico.ulisboa.pt/manuel.lopes,8tO0CikAAAAJ,0000-0000-0000-0000
Manuel Campos,University of Murcia,http://webs.um.es/manuelcampos,SlDiTNgAAAAJ,0000-0002-5233-3769
Manuel Campos Martínez,University of Murcia,http://webs.um.es/manuelcampos,SlDiTNgAAAAJ,0000-0000-0000-0000
Manuel Carro,IMDEA Software Institute,http://software.imdea.org/people/manuel.carro,dBhRRpEAAAAJ,0000-0001-5199-3135
Manuel E. Acacio,University of Murcia,http://www.ditec.um.es/~meacacio,iHD6MsUAAAAJ,0000-0003-0935-4078
Manuel E. Acacio Sanchez,University of Murcia,http://www.ditec.um.es/~meacacio,iHD6MsUAAAAJ,0000-0000-0000-0000
Manuel E. Bermudez,University of Florida,http://www.cise.ufl.edu/~manuel,xjUqBT0AAAAJ,0000-0000-0000-0000
Manuel E. Lladser,University of Colorado Boulder,http://amath.colorado.edu/faculty/lladser,Uv6cAEMAAAAJ,0000-0000-0000-0000
Manuel Egele,Boston University,https://www.bu.edu/eng/profile/manuel-egele,DRvJPxcAAAAJ,0000-0001-5038-2682
Manuel Francisco González Penedo,University of A Coruña,https://pdi.udc.es/en/File/Pdi/XS79E,qXg__X8AAAAJ,0000-0000-0000-0000
Manuel G. Penedo,University of A Coruña,https://pdi.udc.es/en/File/Pdi/XS79E,qXg__X8AAAAJ,0000-0002-6881-0865
Manuel Gomez-Rodriguez [SWS],Max Planck Society,https://www.mpi-sws.org/~manuelgr,UcuXmuwAAAAJ,0000-0000-0000-0000
Manuel Lafond,Université de Sherbrooke,https://www.usherbrooke.ca/informatique/personnel/corps-professoral/professeurs/manuel-lafond,O2xit3MAAAAJ,0000-0000-0000-0000
Manuel Lopes 0001,Universidade de Lisboa,http://web.tecnico.ulisboa.pt/manuel.lopes,8tO0CikAAAAJ,0000-0002-6238-8974
Manuel M. Oliveira,UFRGS,http://inf.ufrgs.br/~oliveira,f2UrnmAAAAAJ,0000-0003-4957-9984
Manuel M. Silva,Universidade de Lisboa,http://ce3c.ciencias.ulisboa.pt/member/joatildeo-manuel-medeiros-da-silva,NOSCHOLARPAGE,0000-0000-0000-0000
Manuel Maarek,Heriot-Watt University,https://www.hw.ac.uk/staff/uk/macs/dr-manuel-maarek.htm,QtQDy8MAAAAJ,0000-0001-6233-6341
Manuel Medeiros Silva,Universidade de Lisboa,http://ce3c.ciencias.ulisboa.pt/member/joatildeo-manuel-medeiros-da-silva,NOSCHOLARPAGE,0000-0000-0000-0000
Manuel Medina,Polytechnic Univ. of Catalonia,http://personals.ac.upc.edu/medina,pPqLc2MAAAAJ,0000-0000-0000-0000
Manuel Menezes de Oliveira Neto,UFRGS,http://inf.ufrgs.br/~oliveira,f2UrnmAAAAAJ,0000-0003-4957-9984
Manuel Rigger,National University of Singapore,https://www.comp.nus.edu.sg/~rigger,yRsLClYAAAAJ,0000-0001-8303-2099
Manuel Roveri,Politecnico di Milano,http://home.deib.polimi.it/roveri,j2NbakMAAAAJ,0000-0001-7828-7687
Manuel V. Hermenegildo,IMDEA Software Institute,http://software.imdea.org/people/manuel.hermenegildo,VXQGJD0AAAAJ,0000-0000-0000-0000
Manuel Wimmer,JKU Linz,https://www.se.jku.at/manuel-wimmer,YZDY1psAAAAJ,0000-0000-0000-0000
Manuel Álvarez Díaz,University of A Coruña,https://pdi.udc.es/es/File/Pdi/WJ6AF,aqGNCqIAAAAJ,0000-0000-0000-0000
Manuela Montangero,Univ. of Modena and Reggio Emilia,https://personale.unimore.it/rubrica/dettaglio/mmontangero,fI7hhtoAAAAJ,0000-0001-8827-5495
Manuela Waldner,TU Wien,https://www.cg.tuwien.ac.at/staff/ManuelaWaldner,fSjQyW4AAAAJ,0000-0003-1387-5132
Manya Ghobadi,Massachusetts Inst. of Technology,http://people.csail.mit.edu/ghobadi,M78g4SAAAAAJ,0000-0002-4095-1519
Mao Ye 0001,UESTC,https://www.scse.uestc.edu.cn/info/1081/10957.htm,UUbEzBYAAAAJ,0000-0003-4760-8702
Mao-Zu Guo 0001,Harbin Institute of Technology,http://homepage.hit.edu.cn/guomaozu,NOSCHOLARPAGE,0000-0000-0000-0000
Maosong Sun 0001,Tsinghua University,http://www.tsinghua.edu.cn/publish/csen/4623/2010/20101224193416561782037/20101224193416561782037_.html,zIgT0HMAAAAJ,0000-0002-6011-6115
Maozu Guo 0001,Harbin Institute of Technology,http://homepage.hit.edu.cn/guomaozu,NOSCHOLARPAGE,0000-0000-0000-0000
Mara Abel,UFRGS,http://inf.ufrgs.br/bdi,0yuOx18AAAAJ,0000-0002-9589-2616
Marc Alexa,TU Berlin,https://www.cg.tu-berlin.de/team/prof-dr-marc-alexa,KNwXLLsAAAAJ,0000-0002-9854-8466
Marc Berges,University of Erlangen–Nuremberg,https://ddi.cs.fau.de/staff/berges,-YSGTtMAAAAJ,0000-0000-0000-0000
Marc Bernard,Université Jean Monnet,http://perso.univ-st-etienne.fr/mbernard,zO1nhO8AAAAJ,0000-0000-0000-0000
Marc Bezem,University of Bergen,http://www.ii.uib.no/~bezem,NOSCHOLARPAGE,0000-0002-7320-1976
Marc Buchner,Case Western Reserve University,http://engineering.case.edu/eecs/faculty-staff,NOSCHOLARPAGE,0000-0000-0000-0000
Marc Cheong,University of Melbourne,https://findanexpert.unimelb.edu.au/profile/862627-marc-cheong,ZBgYuD8AAAAJ,0000-0002-0637-3436
Marc Dacier,KAUST,https://cemse.kaust.edu.sa/people/person/marc-dacier,V62JMEYAAAAJ,0000-0003-3206-2030
Marc Denecker,KU Leuven,https://people.cs.kuleuven.be/~marc.denecker,3Sh0lhcAAAAJ,0000-0002-0422-7339
Marc Erich Latoschik,University of Würzburg,https://hci.uni-wuerzburg.de/people/marc-latoschik,AbyxansAAAAJ,0000-0002-9340-9600
Marc Feeley,University of Montreal,http://www.iro.umontreal.ca/~feeley,NOSCHOLARPAGE,0000-0000-0000-0000
Marc Fischlin,TU Darmstadt,https://www.cryptoplexity.informatik.tu-darmstadt.de/members/marcfischlin/marcfischlin.en.jsp,gfoYjCMAAAAJ,0000-0003-0597-8297
Marc Frappier,Université de Sherbrooke,https://www.usherbrooke.ca/informatique/personnel/corps-professoral/professeurs/marc-frappier,Lka1FFcAAAAJ,0000-0002-4402-2514
Marc González 0001,Polytechnic Univ. of Catalonia,http://rbertran.site.ac.upc.edu,HBsqrO8AAAAJ,0000-0000-0000-0000
Marc González Tallada,Polytechnic Univ. of Catalonia,http://rbertran.site.ac.upc.edu,HBsqrO8AAAAJ,0000-0000-0000-0000
Marc H. Scholl,University of Konstanz,https://dbis.uni-konstanz.de/people/people/scholl,741oZZ0AAAAJ,0000-0002-4304-4092
Marc Hassenzahl,University of Siegen,https://www.experienceandinteraction.com/pdmh,m2M608wAAAAJ,0000-0001-9798-1762
Marc Hellmuth,University of Leeds,https://eps.leeds.ac.uk/faculty-engineering-physical-sciences/staff/8274/pd-dr-marc-hellmuth,4ja1NHsAAAAJ,0000-0002-1620-5508
Marc Herrlich,TU Kaiserslautern,https://sge.eit.uni-kl.de/startseite,eVYyNUMAAAAJ,0000-0000-0000-0000
Marc J van Kreveld,Utrecht University,http://www.staff.science.uu.nl/~kreve101,Q_d-0KAAAAAJ,0000-0000-0000-0000
Marc Juarez,University of Edinburgh,http://www.inf.ed.ac.uk/people/staff/Marc_Juarez_Miro.html,Na1MX7EAAAAJ,0000-0001-7657-9934
Marc Juárez Miró,University of Edinburgh,http://www.inf.ed.ac.uk/people/staff/Marc_Juarez_Miro.html,Na1MX7EAAAAJ,0000-0000-0000-0000
Marc Langheinrich,Università della Svizzera italiana,http://uc.inf.usi.ch/team/langheinrich,y6ztFvsAAAAJ,0000-0002-8834-7388
Marc Lelarge,Ecole Normale Superieure,http://www.di.ens.fr/~lelarge,cLGOIdMAAAAJ,0009-0004-4973-7449
Marc Moreno Maza,Western University,http://www.csd.uwo.ca/~moreno,pW3soucAAAAJ,0000-0000-0000-0000
Marc Mézard,Bocconi University,https://www.marcmezard.fr,D83Vz00AAAAJ,0000-0000-0000-0000
Marc Niethammer,Univ. of California - San Diego,https://cseweb.ucsd.edu//~mniethammer/author/marc-niethammer,KqtBi6MAAAAJ,0009-0003-7340-9050
Marc Olano,Univ. of Maryland - Baltimore County,http://www.csee.umbc.edu/~olano,iEGYZT4AAAAJ,0000-0003-4209-6103
Marc Peter Deisenroth,University College London,https://deisenroth.cc,GDabimYAAAAJ,0000-0000-0000-0000
Marc Pomplun,University of Massachusetts Boston,http://www.cs.umb.edu/~marc,k7cIJjUAAAAJ,0000-0002-5907-0148
Marc Pouzet,Ecole Normale Superieure,https://www.di.ens.fr/~pouzet,NOSCHOLARPAGE,0000-0002-2651-7708
Marc Roper,University of Strathclyde,https://pureportal.strath.ac.uk/en/persons/marc-roper/publications,nCKSiaQAAAAJ,0000-0001-6794-4637
Marc Roth,Queen Mary University of London,https://www.roth-marc.com,dbyXNRsAAAAJ,0000-0003-3159-9418
Marc Sebban,Université Jean Monnet,http://perso.univ-st-etienne.fr/sebbanma,EGZ3i1MAAAAJ,0000-0000-0000-0000
Marc Stamminger,University of Erlangen–Nuremberg,https://www.lgdv.tf.fau.de/person/marc-stamminger,cx4AaqoAAAAJ,0000-0001-8699-3442
Marc Stevens 0001,CWI,https://marc-stevens.nl,Zhnqx9IAAAAJ,0000-0002-7091-2924
Marc Streit,JKU Linz,https://www.jku.at/en/institute-of-computer-graphics/about-us/team/marc-streit,l7TTSP0AAAAJ,0000-0001-9186-2092
Marc Tommasi,CRIStAL,http://researchers.lille.inria.fr/tommasi,IRyM3b8AAAAJ,0000-0000-0000-0000
Marc Toussaint,TU Berlin,https://www.user.tu-berlin.de/mtoussai/index.html,t2X4Mg8AAAAJ,0000-0002-5487-6767
Marc Van Barel,KU Leuven,https://people.cs.kuleuven.be/~marc.vanbarel/drupal,qeXY5T4AAAAJ,0000-0000-0000-0000
Marc de Kamps,University of Leeds,https://eps.leeds.ac.uk/computing/staff/390/dr-marc-de-kamps,NOSCHOLARPAGE,0000-0000-0000-0000
Marc-Olivier Killijian,Université du Québec à Montréal,https://kirija.github.io,SGPYrpA69BsJ,0000-0002-3754-4066
Marc-Pascal Berges,University of Erlangen–Nuremberg,https://ddi.cs.fau.de/staff/berges,-YSGTtMAAAAJ,0000-0000-0000-0000
Marcel A. J. van Gerven,Radboud University,https://www.ru.nl/english/people/gerven-m-van,sX0ZypwAAAAJ,0000-0000-0000-0000
Marcel Böhme [SP],Max Planck Society,https://mboehme.github.io,cWmLE6oAAAAJ,0000-0000-0000-0000
Marcel Campen,Paderborn University,https://cs.upb.de/cgv,KMgjzh4AAAAJ,0000-0003-2340-3462
Marcel J. T. Reinders,TU Delft,https://www.tudelft.nl/ewi/over-de-faculteit/afdelingen/intelligent-systems/pattern-recognition-bioinformatics/the-delft-bioinformatics-lab/people/marcel-reinders,h52_bg0AAAAJ,0000-0002-1148-1562
Marcel Jackowski,USP,https://www.ime.usp.br/~mjack/Welcome.html,WEBkqvcAAAAJ,0009-0006-4347-5120
Marcel Kenji de Carli Silva,USP,http://www.ime.usp.br/~mkenji,NOSCHOLARPAGE,0000-0000-0000-0000
Marcel P. Jackowski,USP,https://www.ime.usp.br/~mjack/Welcome.html,WEBkqvcAAAAJ,0000-0000-0000-0000
Marcel Parolin Jackowski,USP,https://www.ime.usp.br/~mjack/Welcome.html,WEBkqvcAAAAJ,0000-0000-0000-0000
Marcel Salathé,EPFL,http://salathelab.epfl.ch,_wHMGkUAAAAJ,0000-0002-5079-7797
Marcel Turcotte,University of Ottawa,http://www.site.uottawa.ca/~turcotte,CWnhaywAAAAJ,0000-0002-4877-1029
Marcel Waldvogel,University of Konstanz,https://scikon.uni-konstanz.de/personen/marcel.waldvogel,EySbr8sAAAAJ,0000-0003-1665-0166
Marcel Worring,University of Amsterdam,https://staff.fnwi.uva.nl/m.worring,pdu8f3sAAAAJ,0000-0003-4097-4136
Marcel van Gerven,Radboud University,https://www.ru.nl/english/people/gerven-m-van,sX0ZypwAAAAJ,0000-0000-0000-0000
Marcela Hernández Hoyos,Universidad de los Andes,http://profesores.virtual.uniandes.edu.co/marc-her,9nnSYmMAAAAJ,0000-0000-0000-0000
Marcela M. Gomez,University of Pittsburgh,http://www.sci.pitt.edu/faculty-and-research/faculty-directory/marcela-gomez,UZtn6wUAAAAJ,0000-0000-0000-0000
Marcelino B. Santos,Universidade de Lisboa,http://orcid.org/0000-0002-2091-1165,ZlmBiE4AAAAJ,0000-0000-0000-0000
Marcelino Bicho Dos Santos,Universidade de Lisboa,http://orcid.org/0000-0002-2091-1165,ZlmBiE4AAAAJ,0000-0000-0000-0000
Marcella Anselmo,University of Salerno,http://www.di.unisa.it/professori/anselmo,NOSCHOLARPAGE,0000-0002-6487-8619
Marcella Cornia,Univ. of Modena and Reggio Emilia,https://personale.unimore.it/rubrica/dettaglio/marcella.cornia,DzgmSJEAAAAJ,0000-0001-9640-9385
Marcello A. Gómez Maureira,University of Twente,https://people.utwente.nl/m.a.gomezmaureira,NOSCHOLARPAGE,0000-0000-0000-0000
Marcello La Rosa,University of Melbourne,https://findanexpert.unimelb.edu.au/profile/806849-marcello-la-rosa,RTrK8csAAAAJ,0000-0000-0000-0000
Marcello M. Bonsangue,Leiden University,https://liacs.leidenuniv.nl/~bonsanguemm,IyyYFqcAAAAJ,0000-0003-3746-3618
Marcello Restelli,Politecnico di Milano,http://home.deib.polimi.it/restelli,xdgxRiEAAAAJ,0000-0002-6322-1076
Marcelo Arenas,UC Chile,http://marceloarenas.cl,YHR0wkkAAAAJ,0000-0003-3678-1868
Marcelo F. Frias,University of Texas - El Paso,https://hb2504.utep.edu/Home/Profile?username=mfrias4,7ijXVZMAAAAJ,0000-0002-5592-1355
Marcelo Finger,USP,http://www.ime.usp.br/~finger,uuu73GEAAAAJ,0000-0002-1391-1175
Marcelo Fiore,University of Cambridge,https://www.cl.cam.ac.uk/~mpf23,NOSCHOLARPAGE,0000-0001-8558-3492
Marcelo G. Manzato,USP-ICMC,http://icmc.usp.br/pessoas?id=10111721,enmhJywAAAAJ,0000-0000-0000-0000
Marcelo Garcia Manzato,USP-ICMC,http://icmc.usp.br/pessoas?id=10111721,enmhJywAAAAJ,0000-0000-0000-0000
Marcelo Gattass,PUC-RIO,http://webserver2.tecgraf.puc-rio.br/~mgattass,zrRqeM8AAAAJ,0000-0000-0000-0000
Marcelo Gomes de Queiroz,USP,http://www.ime.usp.br/~mqz,NOSCHOLARPAGE,0000-0000-0000-0000
Marcelo Henriques de Carvalho,UFMS,https://www.facom.ufms.br/~mhc,Q_F5v5wAAAAJ,0000-0000-0000-0000
Marcelo Kallmann,Univ. of California - Merced,http://graphics.ucmerced.edu/~mkallmann,XHHdaL4AAAAJ,0000-0001-5138-0603
Marcelo Keese Albertini,UFU,http://www.facom.ufu.br/~albertini,NOSCHOLARPAGE,0000-0000-0000-0000
Marcelo Mendoza,UC Chile,https://www.ing.uc.cl/academicos-e-investigadores/marcelo-gabriel-mendoza-rocha,6LYRTPEAAAAJ,0000-0002-7969-6041
Marcelo Orenes-Vera,Univ. of California - Santa Cruz,https://morenes.github.io,20Bq4R8AAAAJ,0000-0003-4757-4215
Marcelo P. Fiore,University of Cambridge,https://www.cl.cam.ac.uk/~mpf23,NOSCHOLARPAGE,0000-0000-0000-0000
Marcelo Pias,Federal University of Rio Grande,https://sites.google.com/site/piasmarcelo,X_zoltAAAAAJ,0000-0001-6728-2725
Marcelo Pimenta,UFRGS,http://inf.ufrgs.br/~mpimenta,y7D-szYAAAAJ,0000-0000-0000-0000
Marcelo R. Pias,Federal University of Rio Grande,https://sites.google.com/site/piasmarcelo,X_zoltAAAAAJ,0000-0000-0000-0000
Marcelo Risk,University of Buenos Aires,https://www.dc.uba.ar/rrhh/profesores/risk,NOSCHOLARPAGE,0000-0000-0000-0000
Marcelo Soares Pimenta,UFRGS,http://inf.ufrgs.br/~mpimenta,y7D-szYAAAAJ,0000-0000-0000-0000
Marcelo Walter,UFRGS,http://www.inf.ufrgs.br/~mwalter,7VfUEj0AAAAJ,0000-0002-5634-8765
Marcelo Worsley,Northwestern University,https://sites.northwestern.edu/marceloworsley,LXV6vHgAAAAJ,0000-0000-0000-0000
Marcelo Zanchetta do Nascimento,UFU,http://www.facom.ufu.br/~nascimento,qCLjRUFiICAC,0000-0000-0000-0000
Marcelo d'Amorim,North Carolina State University,https://www.csc.ncsu.edu/people/mdamori,nGTsM3QAAAAJ,0000-0002-1323-8769
Marcelo de Almeida Maia,UFU,http://www.facom.ufu.br/~marcmaia,AkhgR1AAAAAJ,0000-0000-0000-0000
Marcia C. Moraes,Colorado State University,https://compsci.colostate.edu/person/?id=1EBDA1F0E559ED1E214FF20F2711805D&sq=t,NOSCHOLARPAGE,0000-0002-9652-3011
Marcia Fampa,UFRJ,http://www.cos.ufrj.br/index.php/pt-BR/pessoas/details/18/1039-fampa,Fg-1DiIAAAAJ,0000-0000-0000-0000
Marcia H. C. Fampa,UFRJ,http://www.cos.ufrj.br/index.php/pt-BR/pessoas/details/18/1039-fampa,Fg-1DiIAAAAJ,0000-0000-0000-0000
Marcia Helena Costa Fampa,UFRJ,http://www.cos.ufrj.br/index.php/pt-BR/pessoas/details/18/1039-fampa,Fg-1DiIAAAAJ,0000-0000-0000-0000
Marcia Moraes,Colorado State University,https://compsci.colostate.edu/person/?id=1EBDA1F0E559ED1E214FF20F2711805D&sq=t,NOSCHOLARPAGE,0000-0002-9652-3011
Marcin Bienkowski,University of Wroclaw,https://www.ii.uni.wroc.pl/~mbi,R6F42ckAAAAJ,0000-0002-2453-7772
Marcin Dziubinski,University of Warsaw,http://www.mimuw.edu.pl/~amosild,NOSCHOLARPAGE,0000-0003-1756-2424
Marcin Grzegorzek,University of Lübeck,https://www.imi.uni-luebeck.de/institut/mitarbeiterinnen/grzegorzek-marcin,afSJW1IAAAAJ,0000-0000-0000-0000
Marcin Jakub Kaminski,University of Warsaw,http://rutcor.rutgers.edu/~mkaminski,EmFSl3EAAAAJ,0000-0000-0000-0000
Marcin Jurdzinski,University of Warwick,https://warwick.ac.uk/fac/sci/dcs/people/marcin_jurdzinski,o_OzQq4AAAAJ,0000-0003-3640-8481
Marcin Kaminski,University of Warsaw,http://rutcor.rutgers.edu/~mkaminski,EmFSl3EAAAAJ,0000-0002-3584-4479
Marcin Kaminski 0001,University of Warsaw,http://rutcor.rutgers.edu/~mkaminski,EmFSl3EAAAAJ,0000-0002-3584-4479
Marcin Mucha,University of Warsaw,http://duch.mimuw.edu.pl/~mucha/wordpress,hItDyn8AAAAJ,0000-0001-8439-0744
Marcin Peczarski,University of Warsaw,http://www.mimuw.edu.pl/~marpe,NOSCHOLARPAGE,0000-0000-0000-0000
Marcin Pilipczuk,University of Warsaw,http://www.mimuw.edu.pl/~malcin,iiMXQscAAAAJ,0000-0001-5680-7397
Marcin Sydow,IPI PAN,https://ipipan.waw.pl/instytut/pracownicy/marcin-sydow,wqLRt0UAAAAJ,0000-0000-0000-0000
Marcin Wolinski,IPI PAN,https://ipipan.waw.pl/instytut/pracownicy/marcin-wolinski,5MkdNeUAAAAJ,0000-0000-0000-0000
Marco A. Casanova,PUC-RIO,http://www.inf.puc-rio.br/~casanova,zWh25xcAAAAJ,0000-0000-0000-0000
Marco A. Wiering,University of Groningen,http://www.ai.rug.nl/~mwiering,880vFIgAAAAJ,0000-0000-0000-0000
Marco A. Z. Alves,UFPR,https://web.inf.ufpr.br/mazalves,zhYsRbcAAAAJ,0000-0003-2440-2664
Marco Aiello,University of Stuttgart,https://www.iaas.uni-stuttgart.de/institut/team/Aiello-00001,XvRUyU4AAAAJ,0000-0002-0764-2124
Marco Ajmone Marsan,IMDEA Networks Institute,https://networks.imdea.org/team/imdea-networks-team/people/marco-ajmone-marsan,oPrHUW0AAAAJ,0000-0000-0000-0000
Marco Antonio Casanova,PUC-RIO,http://www.inf.puc-rio.br/~casanova,zWh25xcAAAAJ,0000-0000-0000-0000
Marco Antonio Zanata Alves,UFPR,https://web.inf.ufpr.br/mazalves,zhYsRbcAAAAJ,0000-0000-0000-0000
Marco Antonio Zúñiga Zamalloa,TU Delft,http://www.st.ewi.tudelft.nl/~marco,xWdb5R8AAAAJ,0000-0003-3544-9169
Marco Aurélio Gerosa,Northern Arizona University,http://www.marcoagerosa.com,kjtuhEQAAAAJ,0000-0003-1399-7535
Marco Autili,University of L'Aquila,http://people.disim.univaq.it/marco.autili,s8F7eWIAAAAJ,0000-0001-5951-1567
Marco Brambilla 0001,Politecnico di Milano,http://home.deib.polimi.it/mbrambil,YQV_ChkAAAAJ,0000-0002-8753-2434
Marco Brocanelli,Wayne State University,http://brok.eng.wayne.edu,AyWhHyQAAAAJ,0000-0002-3603-1402
Marco Caccamo,TU Munich,https://rtsl.cps.mw.tum.de/personal_page/mcaccamo,Jbo1MqwAAAAJ,0000-0003-2328-044X
Marco Calderini,University of Bergen,https://www.uib.no/en/persons/Marco.Calderini,NOSCHOLARPAGE,0000-0000-0000-0000
Marco Canini,KAUST,https://www.kaust.edu.sa/en/study/faculty/marcocanini,c-rwMUkAAAAJ,0000-0002-5051-4283
Marco Carbone,IT University of Copenhagen,https://pure.itu.dk/portal/en/persons/marco-carbone(9027b41a-4159-4db7-9ddd-8fc8f41f1fb3).html,abe9klkAAAAJ,0000-0001-9479-2632
Marco Carvalho,Florida Institute of Technology,https://www.fit.edu/faculty-profiles/5/marco-carvalho/?tracks=mcarvalho,P9uSzk4AAAAJ,0000-0002-2354-9640
Marco Chiesa,KTH Royal Inst. of Technology,https://www.kth.se/profile/mchiesa,qq4qwRMAAAAJ,0000-0002-9675-9729
Marco Colombetti,Politecnico di Milano,http://home.deib.polimi.it/colombet,piEqyCsAAAAJ,0000-0000-0000-0000
Marco D. Santambrogio,Politecnico di Milano,http://home.deib.polimi.it/santambr,Dr2SsKIAAAAJ,0000-0002-9883-9693
Marco Danelutto,University of Pisa,http://backus.di.unipi.it,XAY_AIIAAAAJ,0000-0002-7433-376X
Marco Di Natale,Scuola Superiore Sant'Anna,http://retis.sssup.it/~marco,pbhFW1kAAAAJ,0000-0002-4480-8808
Marco Domenico Santambrogio,Politecnico di Milano,http://home.deib.polimi.it/santambr,Dr2SsKIAAAAJ,0000-0002-9883-9693
Marco Donato,Tufts University,https://engineering.tufts.edu/cs/people/faculty/marco-donato,-h528wwAAAAJ,0000-0002-9354-3447
Marco Dorigo,Université libre de Bruxelles,https://iridia.ulb.ac.be/~mdorigo/HomePageDorigo,PwYT6EMAAAAJ,0000-0002-3971-0507
Marco Fiore 0001,IMDEA Networks Institute,https://networks.imdea.org/team/imdea-networks-team/people/marco-fiore,PI2-CnkAAAAJ,0000-0002-0772-9967
Marco Formentini,University of Trento,https://webapps.unitn.it/du/en/Persona/PER0205783/Didattica,l2O6deAAAAAJ,0000-0003-3397-5229
Marco Fratarcangeli,Chalmers/GU,https://www.chalmers.se/en/staff/Pages/marcof.aspx,NOSCHOLARPAGE,0000-0002-1156-3760
Marco Furini,Univ. of Modena and Reggio Emilia,https://personale.unimore.it/rubrica/dettaglio/mfurini,9si02IgAAAAJ,0000-0003-1094-6521
Marco Fyfe Pietro Gillies,Goldsmiths University of London,https://www.gold.ac.uk/computing/staff/m-gillies,Q4o_1eIAAAAJ,0000-0000-0000-0000
Marco G. Valtorta,University of South Carolina,http://www.cse.sc.edu/~mgv,IXWSOxcAAAAJ,0000-0000-0000-0000
Marco Gaboardi,Boston University,http://cs-people.bu.edu/gaboardi,5b8D1MgAAAAJ,0000-0002-5235-7066
Marco Gerards,University of Twente,https://research.utwente.nl/en/persons/0bd2c20d-a7c5-4e5d-b43e-633fc738144e,uWzxxzwAAAAJ,0000-0002-3870-4826
Marco Gillies,Goldsmiths University of London,https://www.gold.ac.uk/computing/staff/m-gillies,Q4o_1eIAAAAJ,0000-0002-3100-9230
Marco Giunti,Universidade de Lisboa,https://ciencias.ulisboa.pt/perfil/mgiunti,xdrpRlcAAAAJ,0000-0002-7582-0308
Marco Gribaudo,Politecnico di Milano,http://home.deib.polimi.it/gribaudo,ZlnvxioAAAAJ,0000-0002-1415-5287
Marco Guarnieri,IMDEA Software Institute,https://mguarnieri.github.io,gP-5CSsAAAAJ,0000-0001-5767-555X
Marco Levorato,Univ. of California - Irvine,http://www.ics.uci.edu/~mlevorat,Lf2KB6cAAAAJ,0000-0002-6920-4189
Marco Loog,TU Delft,https://www.tudelft.nl/ewi/over-de-faculteit/afdelingen/intelligent-systems/pattern-recognition-bioinformatics/computer-vision-lab/people/marco-loog,2gmHmJYAAAAJ,0000-0000-0000-0000
Marco Mamei,Univ. of Modena and Reggio Emilia,https://personale.unimore.it/rubrica/dettaglio/mmamei,_vGfSB8AAAAJ,0000-0003-3918-2107
Marco Masseroli,Politecnico di Milano,http://home.deib.polimi.it/masseroli,IDkIyTcAAAAJ,0000-0003-2574-1174
Marco Molinaro 0001,PUC-RIO,http://www.inf.puc-rio.br/~mmolinaro,NOSCHOLARPAGE,0000-0003-0174-3204
Marco Mondelli,IST Austria,http://marcomondelli.com,BHdSb5AAAAAJ,0000-0002-3242-7020
Marco Ottavi,University of Twente,https://research.utwente.nl/en/persons/7ba80ad2-aa9f-47c4-a9e3-642efbd9e5bb,FSDVDbUAAAAJ,0000-0002-5064-7342
Marco Paviotti,University of Kent,https://mpaviotti.github.io,-sdc0G0AAAAJ,0000-0002-1513-0807
Marco Pedersoli,ETS Montreal,https://profs.etsmtl.ca/mpedersoli,aVfyPAoAAAAJ,0000-0002-7601-8640
Marco Picone,Univ. of Modena and Reggio Emilia,https://personale.unimore.it/rubrica/dettaglio/picone.m,uro60HMAAAAJ,0000-0001-8902-6909
Marco Platzner,Paderborn University,https://cs.uni-paderborn.de/ceg/team/group/people/platzner,nsVl5OYAAAAJ,0000-0002-6893-063X
Marco Pruckner,University of Erlangen–Nuremberg,https://www.cs7.tf.fau.de/person/pruckner,NOSCHOLARPAGE,0000-0000-0000-0000
Marco R. Spruit,Utrecht University,http://m.spru.it/pub,GFvyyeAAAAAJ,0000-0000-0000-0000
Marco René Spruit,Utrecht University,http://m.spru.it/pub,GFvyyeAAAAAJ,0000-0000-0000-0000
Marco Romano,University of Salerno,https://www.marcoromano.eu,EEVgWLMAAAAJ,0000-0000-0000-0000
Marco Ronchetti,University of Trento,http://latemar.science.unitn.it/segue/index.php?&login=logout&action=site&site=ronchet,4cbD9aEAAAAJ,0000-0000-0000-0000
Marco Roveri,University of Trento,https://sites.google.com/view/marco-roveri/home,wFLeBBkAAAAJ,0000-0001-9483-3940
Marco Ruffini,Trinity College Dublin,https://www.scss.tcd.ie/Marco.Ruffini,9-0yX78AAAAJ,0000-0001-6220-0065
Marco Russo,University of Catania,https://www.dfa.unict.it/faculty/marco.russo,NOSCHOLARPAGE,0000-0003-3915-7833
Marco Schaerf,Sapienza University of Rome,http://www.diag.uniroma1.it/users/marco%20schaerf,7Wju9ggAAAAJ,0000-0002-2016-1966
Marco Serafini,Univ. of Massachusetts Amherst,https://marcoserafini.github.io,IJECSdkAAAAJ,0000-0003-3125-1841
Marco Servetto,Victoria University of Wellington,https://ecs.victoria.ac.nz/Main/MarcoServetto,X7AUaVIAAAAJ,0000-0003-1458-2868
Marco Spruit,Utrecht University,http://m.spru.it/pub,GFvyyeAAAAAJ,0000-0002-9237-221X
Marco Tagliasacchi,Politecnico di Milano,http://home.deib.polimi.it/tagliasa,zwH1rZQAAAAJ,0000-0000-0000-0000
Marco Temperini,Sapienza University of Rome,http://www.diag.uniroma1.it/marte,OVXidIgAAAAJ,0000-0000-0000-0000
Marco Thomas,University of Münster,http://ddi.uni-muenster.de/ab/pe,NOSCHOLARPAGE,0009-0008-1590-8448
Marco Túlio Valente,UFMG,http://homepages.dcc.ufmg.br/~mtov,0vFkqMIAAAAJ,0000-0002-8180-7548
Marco Túlio de Oliveira Valente,UFMG,http://homepages.dcc.ufmg.br/~mtov,0vFkqMIAAAAJ,0000-0000-0000-0000
Marco Valentino,University of Sheffield,https://sheffield.ac.uk/cs/people/academic/marco-valentino,nnaBYcIAAAAJ,0000-0002-9959-8385
Marco Valtorta,University of South Carolina,http://www.cse.sc.edu/~mgv,IXWSOxcAAAAJ,0000-0000-0000-0000
Marco Vieira,UNC - Charlotte,http://webpages.charlotte.edu/mvieira1,l3cF0LoAAAAJ,0000-0000-0000-0000
Marco Villani,Univ. of Modena and Reggio Emilia,https://personale.unimore.it/rubrica/dettaglio/mvillani,oLV5QpEAAAAJ,0000-0002-5991-5470
Marco Wiering,University of Groningen,http://www.ai.rug.nl/~mwiering,880vFIgAAAAJ,0000-0003-4331-7537
Marco Zimmerling,TU Darmstadt,https://nes-lab.org,uU8ftTgAAAAJ,0000-0003-1450-2506
Marco Zuniga,TU Delft,http://www.st.ewi.tudelft.nl/~marco,xWdb5R8AAAAJ,0000-0003-3544-9169
Marco Zúñiga,TU Delft,http://www.st.ewi.tudelft.nl/~marco,xWdb5R8AAAAJ,0000-0000-0000-0000
Marco Álvarez,University of Rhode Island,https://homepage.cs.uri.edu/~malvarez,GmGOux8AAAAJ,0000-0000-0000-0000
Marcos A. Castilho,UFPR,https://www.inf.ufpr.br/marcos,WL0Bf30AAAAJ,0000-0000-0000-0000
Marcos A. M. Vieira,UFMG,http://homepages.dcc.ufmg.br/~mmvieira,2pp8xosAAAAJ,0000-0000-0000-0000
Marcos Alexandre Castilho,UFPR,https://www.inf.ufpr.br/marcos,WL0Bf30AAAAJ,0000-0000-0000-0000
Marcos André Gonçalves,UFMG,http://homepages.dcc.ufmg.br/~mgoncalv,IStCGaoAAAAJ,0000-0002-2075-3363
Marcos Antonio Vaz Salles,University of Copenhagen,http://www.diku.dk/~vmarcos,8ob18bQAAAAJ,0000-0003-1559-537X
Marcos Augusto M. Vieira,UFMG,http://homepages.dcc.ufmg.br/~mmvieira,2pp8xosAAAAJ,0000-0000-0000-0000
Marcos Augusto Menezes Vieira,UFMG,http://homepages.dcc.ufmg.br/~mmvieira,2pp8xosAAAAJ,0000-0000-0000-0000
Marcos Didonet Del Fabro,UFPR,https://web.inf.ufpr.br/didonet,dMj6D8QAAAAJ,0000-0000-0000-0000
Marcos Gestal,University of A Coruña,https://pdi.udc.es/en/File/Pdi/G489E,H5oEZW4AAAAJ,0000-0000-0000-0000
Marcos Kalinowski,PUC-RIO,http://www.inf.puc-rio.br/~kalinowski,tKCYoHsAAAAJ,0000-0003-1445-3425
Marcos Lage,UFF,http://www2.ic.uff.br/~mlage,ltxcRtwAAAAJ,0000-0003-3868-8886
Marcos Ortega,University of A Coruña,https://pdi.udc.es/en/File/Pdi/ML53G,mdkdAfEAAAAJ,0000-0000-0000-0000
Marcos Ortega Hortas,University of A Coruña,https://pdi.udc.es/en/File/Pdi/ML53G,mdkdAfEAAAAJ,0000-0000-0000-0000
Marcos Sepúlveda,UC Chile,https://www.ing.uc.cl/academicos-e-investigadores/marcos-ernesto-sepulveda-fernandez,9TbVGfsAAAAJ,0000-0000-0000-0000
Marcos Sfair Sunye,UFPR,https://www.inf.ufpr.br/sunye,04p-6qcAAAAJ,0000-0000-0000-0000
Marcos Sfair Sunyé,UFPR,https://www.inf.ufpr.br/sunye,04p-6qcAAAAJ,0000-0000-0000-0000
Marcos Vaz Salles,University of Copenhagen,http://www.diku.dk/~vmarcos,8ob18bQAAAAJ,0000-0000-0000-0000
Marcos Zampieri,George Mason University,http://www.marcoszampieri.com,vAx7VsoAAAAJ,0000-0002-2346-3847
Marcus A. Brubaker,York University,https://mbrubake.github.io,x2wyjkAAAAAJ,0000-0002-7892-9026
Marcus A. Magnor,TU Braunschweig,https://graphics.tu-bs.de/people/magnor,st_GV1QAAAAJ,0000-0003-0579-480X
Marcus A. Maloof,Georgetown University,http://people.cs.georgetown.edu/~maloof,NOSCHOLARPAGE,0000-0000-0000-0000
Marcus Andreas Magnor,TU Braunschweig,https://graphics.tu-bs.de/people/magnor,st_GV1QAAAAJ,0000-0000-0000-0000
Marcus Baum,University of Göttingen,https://www.uni-goettingen.de/en/523550.html,5SVQD3oAAAAJ,0000-0002-0953-9032
Marcus Botacin,Texas A&M University,https://marcusbotacin.github.io,Y8JHVbcAAAAJ,0000-0001-6870-1178
Marcus Dahlem,Masdar Institute,https://www.masdar.ac.ae/aboutus/management/faculty-directory/item/5693-marcus-dahlem,1ioM-GYAAAAJ,0000-0002-1373-6709
Marcus Denker,CRIStAL,https://www.cristal.univ-lille.fr/profil/denker,uVa--40AAAAJ,0000-0000-0000-0000
Marcus Frean,Victoria University of Wellington,http://ecs.victoria.ac.nz/Main/MarcusFrean,fu9lhjoAAAAJ,0000-0001-5840-8760
Marcus Gallagher,University of Queensland,http://staff.itee.uq.edu.au/marcusg,Wcdm1ycAAAAJ,0000-0002-6694-9572
Marcus Gerhold,University of Twente,https://mgerhold.personalweb.utwente.nl,80QbLlQAAAAJ,0000-0000-0000-0000
Marcus Paradies,LMU Munich,https://www.dbs.ifi.lmu.de/cms/personen/professoren/paradies/index.html,psFgGl8AAAAJ,0000-0000-0000-0000
Marcus Pearce,Queen Mary University of London,http://webprojects.eecs.qmul.ac.uk/marcusp,UImWMekAAAAJ,0000-0002-1282-431X
Marcus Poggi,PUC-RIO,http://www.inf.puc-rio.br/~poggi,tOei_80AAAAJ,0000-0003-0827-7111
Marcus Poggi de Aragão,PUC-RIO,http://www.inf.puc-rio.br/~poggi,tOei_80AAAAJ,0000-0000-0000-0000
Marcus R. Frean,Victoria University of Wellington,http://ecs.victoria.ac.nz/Main/MarcusFrean,fu9lhjoAAAAJ,0000-0000-0000-0000
Marcus R. Gallagher,University of Queensland,http://staff.itee.uq.edu.au/marcusg,Wcdm1ycAAAAJ,0000-0000-0000-0000
Marcus Ritt,UFRGS,http://inf.ufrgs.br/~mrpritt,LtRLs7UAAAAJ,0000-0001-7894-1634
Marcus Rohrbach,TU Darmstadt,https://rohrbach.vision,3kDtybgAAAAJ,0000-0001-5908-7751
Marcus Schaefer,DePaul University,https://www.cdm.depaul.edu/about/Pages/People/facultyinfo.aspx?fid=101,8wQ3nCkAAAAJ,0000-0001-7005-8599
Marcus Schaefer 0001,DePaul University,https://www.cdm.depaul.edu/about/Pages/People/facultyinfo.aspx?fid=101,8wQ3nCkAAAAJ,0000-0001-7005-8599
Marcus Schäfer 0001,DePaul University,https://www.cdm.depaul.edu/about/Pages/People/facultyinfo.aspx?fid=101,8wQ3nCkAAAAJ,0000-0000-0000-0000
Marcus Specht,TU Delft,https://www.tudelft.nl/ewi/over-de-faculteit/afdelingen/software-technology/web-information-systems/people/marcus-specht,fC3dymIAAAAJ,0000-0002-6086-8480
Marcus V. A. Andrade,Universidade Federal de Viçosa,http://www.dpi.ufv.br/~marcus,NOSCHOLARPAGE,0000-0000-0000-0000
Marcus V. dos Santos,Toronto Metropolitan University,https://www.torontomu.ca/msantos,NOSCHOLARPAGE,0000-0000-0000-0000
Marcus Vinícius Alvim Andrade,Universidade Federal de Viçosa,http://www.dpi.ufv.br/~marcus,NOSCHOLARPAGE,0000-0000-0000-0000
Mareen Grillenberger,TU Dresden,https://tu-dresden.de/ing/informatik/smt/ddi/die-professur/Team/prof-dr-mareen-grillenberger,MRXFGl0AAAAJ,0000-0000-0000-0000
Marek Chrobak,Univ. of California - Riverside,http://www.cs.ucr.edu/~marek,RutwCU4AAAAJ,0000-0000-0000-0000
Marek Cygan,University of Warsaw,http://www.mimuw.edu.pl/~cygan,df8TSy4AAAAJ,0000-0003-2472-2975
Marek Eliás 0001,Bocconi University,http://elias.ba30.eu,hX2T3SQAAAAJ,0000-0003-4583-8897
Marek Eliáš,Bocconi University,http://elias.ba30.eu,hX2T3SQAAAAJ,0000-0000-0000-0000
Marek Grzes,University of Kent,https://www.cs.kent.ac.uk/people/staff/mg483,4uJBor0AAAAJ,0000-0003-4901-1539
Marek Karpinski,University of Bonn,http://theory.cs.uni-bonn.de/~marek,PEK-v-EAAAAJ,0000-0000-0000-0000
Marek Materzok,University of Wroclaw,http://wroc.academia.edu/MarekMaterzok,PkDLbJoAAAAJ,0000-0002-0908-4859
Marek Petrik,University of New Hampshire,http://www.cs.unh.edu/~mpetrik,yT-xSLoAAAAJ,0000-0002-4568-7948
Marek Piotrów,University of Wroclaw,http://www.ii.uni.wroc.pl/~karp,Z1XcJRUAAAAJ,0000-0002-4734-1721
Marek Rei,Imperial College London,https://www.marekrei.com,nNeD95EAAAAJ,0000-0002-0911-1087
Marek Szykula,University of Wroclaw,http://www.ii.uni.wroc.pl/~msz,5Aj5yTsAAAAJ,0000-0001-5349-468X
Marek Tudruj,IPI PAN,https://ipipan.waw.pl/instytut/pracownicy/marek-tudruj,NlhtTKsAAAAJ,0000-0000-0000-0000
Maren Bennewitz,University of Bonn,https://www.hrl.uni-bonn.de/Members/maren,lqjRbXgAAAAJ,0000-0000-0000-0000
Margaret Burnett,Oregon State University,http://eecs.oregonstate.edu/~burnett,Vc58tYYAAAAJ,0000-0001-6536-7629
Margaret Hall,University of Nebraska - Omaha,https://www.unomaha.edu/college-of-information-science-and-technology/about/faculty-staff/magie-hall.php,ZTMlZ2MAAAAJ,0000-0003-1049-3040
Margaret Hamilton,RMIT University,https://www.rmit.edu.au/contact/staff-contacts/academic-staff/h/hamilton-associate-professor-margaret,427zMt8AAAAJ,0000-0002-3488-4524
Margaret J. Eppstein,University of Vermont,http://www.cs.uvm.edu/~meppstei,zn9IWtQAAAAJ,0000-0000-0000-0000
Margaret M. Burnett,Oregon State University,http://eecs.oregonstate.edu/~burnett,Vc58tYYAAAAJ,0000-0001-6536-7629
Margaret Martonosi,Princeton University,http://www.princeton.edu/~mrm,tgYsFS0AAAAJ,0000-0001-9683-8032
Margaret S. Cheung,University of Houston,https://sites.google.com/nsm.uh.edu/cheung,6f9jHBUAAAAJ,0000-0000-0000-0000
Margaret-Anne D. Storey,University of Victoria,https://margaretannestorey.wordpress.com,WhjQewkAAAAJ,0000-0000-0000-0000
Margareta Heilmann,University of Wuppertal,https://www.opt.uni-wuppertal.de/de/ag-opt/mitarbeiter/heilmann.html,GidJGX4AAAAJ,0000-0000-0000-0000
Margarida Mamede,Universidade NOVA de Lisboa,http://nova-lincs.di.fct.unl.pt/person/23,j8VugkYAAAAJ,0000-0000-0000-0000
Margarita Osadchy,University of Haifa,http://rita.osadchy.net,nZEtlZoAAAAJ,0000-0001-5480-5099
Margit Pohl,TU Wien,http://igw.tuwien.ac.at/hci/people/mpohl,NOSCHOLARPAGE,0000-0001-7880-8702
Margo I. Seltzer,University of British Columbia,https://www.seltzer.com/margo,XeyiyUYAAAAJ,0000-0002-2165-4658
Margrit Gelautz,TU Wien,https://www.ims.tuwien.ac.at/people/margrit-gelautz,K-7h4K8AAAAJ,0000-0002-9476-0865
Maria A. Wimmer,University of Koblenz-Landau,https://www.uni-koblenz-landau.de/de/koblenz/fb4/iwvi/agvinf/team/maria-wimmer/maria-wimmer,QvZLlC8AAAAJ,0000-0002-8460-1027
Maria A. Zuluaga,EURECOM,http://www.eurecom.fr/~zuluaga,0SaJdxQAAAAJ,0000-0002-1147-766X
Maria Alejandra Zuluaga,EURECOM,http://www.eurecom.fr/~zuluaga,0SaJdxQAAAAJ,0000-0000-0000-0000
Maria Angela Ferrario,Queen's University Belfast,https://pure.qub.ac.uk/en/persons/maria-angela-ferrario,iyusNrsAAAAJ,0000-0002-2846-1365
Maria Angelica Reyes Muñoz,Polytechnic Univ. of Catalonia,http://directori.upc.edu/directori/dadesPersona.jsp?id=1003836,NOSCHOLARPAGE,0000-0000-0000-0000
Maria Antoniak,University of Colorado Boulder,https://www.colorado.edu/cs/maria-antoniak,lNaynLcAAAAJ,0000-0000-0000-0000
Maria Apostolaki,Princeton University,https://apostolaki.princeton.edu,fVgBFrUAAAAJ,0000-0003-0342-2631
Maria Beatriz Carmo,Universidade de Lisboa,https://ciencias.ulisboa.pt/perfil/mbcarmo,3-kUQBoAAAAJ,0000-0002-4768-9517
Maria Bondessen,Indiana University,https://bondessonbolin.wixsite.com/website,9DSdzygAAAAJ,0000-0000-0000-0000
Maria Brbic,EPFL,https://brbiclab.epfl.ch,ltxmeroAAAAJ,0000-0002-1120-1778
Maria C. Yuang,National Chiao Tung University,http://rowan634.wixsite.com/mcyuang,NOSCHOLARPAGE,0000-0000-0000-0000
Maria Cameron,Univ. of Maryland - College Park,https://www.cs.umd.edu/people/mariakc,LrQ2VikAAAAJ,0000-0003-4475-1378
Maria Camila Nardini Barioni,UFU,http://www.facom.ufu.br/~camila,f0ib3vMAAAAJ,0000-0002-5809-0243
Maria Cecília Calani Baranauskas,UNICAMP,http://bv.fapesp.br/pt/pesquisador/3391/maria-cecilia-calani-baranauskas,NOSCHOLARPAGE,0000-0000-0000-0000
Maria Christakis,TU Wien,https://mariachris.github.io,QbHnrKgAAAAJ,0000-0002-2649-1958
Maria Cristina Ferreira de Oliveira,USP-ICMC,http://icmc.usp.br/pessoas?id=176869,vhRUZogAAAAJ,0000-0002-4729-5104
Maria De Marsico,Sapienza University of Rome,https://sites.google.com/a/di.uniroma1.it/maria-de-marsico,xbpAoD8AAAAJ,0000-0000-0000-0000
Maria E. Cabrera,University of Massachusetts Lowell,https://marucabrera.wixsite.com/homepage,uVgMw8YAAAAJ,0000-0000-0000-0000
Maria Eichlseder,Graz University of Technology,https://eichlseder.at,JtbejLsAAAAJ,0000-0002-8750-7423
Maria Emilia M. T. Walter,Universidade de Brasília,http://cic.unb.br/~mia,soJPqCAAAAAJ,0000-0000-0000-0000
Maria Emilia Telles Walter,Universidade de Brasília,http://cic.unb.br/~mia,soJPqCAAAAAJ,0000-0000-0000-0000
Maria Eugenia Cabrera,University of Massachusetts Lowell,https://marucabrera.wixsite.com/homepage,uVgMw8YAAAAJ,0000-0000-0000-0000
Maria Fasli,University of Essex,https://www.essex.ac.uk/people/fasli57304/maria-fasli,Hg2osmAAAAAJ,0000-0000-0000-0000
Maria Francis,IIT Hyderabad,https://sites.google.com/view/maria-francis/home,r5EduDsAAAAJ,0000-0000-0000-0000
Maria G. C. Pimentel,USP-ICMC,http://conteudo.icmc.usp.br/pessoas/mgp,2z--uNYAAAAJ,0000-0000-0000-0000
Maria Garcia de la Banda,Monash University,https://research.monash.edu/en/persons/maria-garcia-de-la-banda,mkm8ZlQAAAAJ,0000-0002-6666-514X
Maria Gorlatova,Duke University,https://ece.duke.edu/faculty/maria-gorlatova,h_DY5OQAAAAJ,0000-0002-5477-7830
Maria Grazia Fugini,Politecnico di Milano,http://fugini.faculty.polimi.it/?lang=en,xiSJFg4AAAAJ,0000-0000-0000-0000
Maria Grazia Scutellà,University of Pisa,http://www.di.unipi.it/~scut,PcGjfV8AAAAJ,0000-0000-0000-0000
Maria Halkidi,University of Piraeus,https://www.ds.unipi.gr/en/faculty/mhalk-en,FknZ1Q8AAAAJ,0000-0000-0000-0000
Maria Hybinette,University of Georgia,http://cobweb.cs.uga.edu/~maria,d6gfNpIAAAAJ,0000-0001-8952-6970
Maria Indrawan,Monash University,http://monash.edu/research/explore/en/persons/maria-indrawansantiago(f6075934-9dab-4cc5-82ef-d26d20d5b294).html,xzE1AkgAAAAJ,0000-0001-5072-9826
Maria Indrawan-Santiago,Monash University,http://monash.edu/research/explore/en/persons/maria-indrawansantiago(f6075934-9dab-4cc5-82ef-d26d20d5b294).html,xzE1AkgAAAAJ,0000-0001-5072-9826
Maria Isabel Valera Martinez,Saarland University,https://ivaleram.github.io,cpdQqpsAAAAJ,0000-0000-0000-0000
Maria J. García de la Banda,Monash University,https://research.monash.edu/en/persons/maria-garcia-de-la-banda,mkm8ZlQAAAAJ,0000-0000-0000-0000
Maria K. Virvou,University of Piraeus,https://www.unipi.gr/unipi/en/mvirvou.html,Ce6s_FoAAAAJ,0000-0000-0000-0000
Maria K. Wolters,University of Edinburgh,http://www.inf.ed.ac.uk/people/staff/Maria_Wolters.html,fElnaBEAAAAJ,0000-0002-3369-3558
Maria Kallia,University of Glasgow,https://www.gla.ac.uk/schools/computing/staff/mariakallia,61U3-iIAAAAJ,0000-0002-8591-9651
Maria Kihl,Lund University,http://www.eit.lth.se/staff/maria.kihl,a8CP0V8AAAAJ,0000-0003-3396-1652
Maria Klara Wolters,University of Edinburgh,http://www.inf.ed.ac.uk/people/staff/Maria_Wolters.html,fElnaBEAAAAJ,0000-0002-3369-3558
Maria Knobelsdorf,University of Vienna,https://informatik.univie.ac.at/Maria.Knobelsdorf,NOSCHOLARPAGE,0000-0000-0000-0000
Maria Kyropoulou,University of Essex,https://www.essex.ac.uk/people/kyrop21400/maria-kyropoulou,IX6PZBEAAAAJ,0000-0001-6913-8006
Maria L. Gini,University of Minnesota,http://umn.edu/home/gini,2ewb-10AAAAJ,0000-0001-8841-1055
Maria Lapata,University of Edinburgh,http://homepages.inf.ed.ac.uk/mlap,j67B9Q4AAAAJ,0000-0000-0000-0000
Maria Leitner,University of Regensburg,https://marialeitner.org,W7uTJPgAAAAJ,0000-0000-0000-0000
Maria Leonor Pacheco,University of Colorado Boulder,https://www.colorado.edu/cs/maria-l-pacheco,uKhleBwAAAAJ,0000-0001-8399-3199
Maria Letizia Jaccheri,NTNU,https://www.ntnu.edu/employees/letizia.jaccheri,xBnjjysAAAAJ,0000-0000-0000-0000
Maria Liakata,Queen Mary University of London,https://www.seresearch.qmul.ac.uk/chcc/people/mliakata,eys5GB4AAAAJ,0000-0001-5765-0416
Maria Lindén,Mälardalen University,http://www.es.mdh.se/staff/114-Maria_Lind__n,mXdz2EEAAAAJ,0000-0000-0000-0000
Maria Luisa Gil Gomez,Polytechnic Univ. of Catalonia,http://directori.upc.edu/directori/dadesPersona.jsp?id=1000177,NOSCHOLARPAGE,0000-0000-0000-0000
Maria Luísa Torres Ribeiro Marques da Silva Coheur,Universidade de Lisboa,https://www.l2f.inesc-id.pt/wiki/index.php/Lu%C3%ADsa_Coheur,dJ5sl_QAAAAJ,0000-0000-0000-0000
Maria Madonia,University of Catania,https://web.dmi.unict.it/docenti/maria.serafina.madonia,NOSCHOLARPAGE,0000-0000-0000-0000
Maria Magdalena Ortiz de la Fuente,TU Wien,http://www.kr.tuwien.ac.at/staff/ortiz,EIaA0EMAAAAJ,0000-0000-0000-0000
Maria Maistro,University of Copenhagen,https://di.ku.dk/english/staff/vip/researchers_ml/?pure=en/persons/641366,QV3v_8kAAAAJ,0000-0002-7001-4817
Maria Montanucci,DTU,https://www.compute.dtu.dk/english,NOSCHOLARPAGE,0000-0000-0000-0000
Maria Papadopouli,University of Crete,http://users.ics.forth.gr/~mgp,wZFtgBwAAAAJ,0000-0001-6046-1894
Maria Polukarov,King's College London,https://www.kcl.ac.uk/people/maria-polukarov,nL-zXO4AAAAJ,0000-0000-0000-0000
Maria Rodriguez Read,University of Melbourne,https://findanexpert.unimelb.edu.au/profile/776966-maria-rodriguez-read,mFBMaEwAAAAJ,0000-0000-0000-0000
Maria Roussou,University of Athens,http://www.makebelieve.gr/mr,IaPXgqsAAAAJ,0000-0002-2826-162X
Maria Soledad Pera,TU Delft,https://www.wis.ewi.tudelft.nl/pera,NOSCHOLARPAGE,0000-0002-2008-9204
Maria Spichkova,RMIT University,http://www.spichkova.com,kFYE6gkAAAAJ,0000-0001-6882-1444
Maria Tortorella,University of Sannio,https://www.unisannio.it/en/users/maria-tortorella,YgkmZPMAAAAJ,0000-0000-0000-0000
Maria Virvou,University of Piraeus,https://www.unipi.gr/unipi/en/mvirvou.html,Ce6s_FoAAAAJ,0000-0002-4008-4654
Maria Wimmer,University of Koblenz-Landau,https://www.uni-koblenz-landau.de/de/koblenz/fb4/iwvi/agvinf/team/maria-wimmer/maria-wimmer,QvZLlC8AAAAJ,0000-0002-8460-1027
Maria Wimmer 0001,University of Koblenz-Landau,https://www.uni-koblenz-landau.de/de/koblenz/fb4/iwvi/agvinf/team/maria-wimmer/maria-wimmer,QvZLlC8AAAAJ,0000-0002-8460-1027
Maria Wolters,University of Edinburgh,http://www.inf.ed.ac.uk/people/staff/Maria_Wolters.html,fElnaBEAAAAJ,0000-0002-3369-3558
Maria da Graça Campos Pimentel,USP-ICMC,http://conteudo.icmc.usp.br/pessoas/mgp,2z--uNYAAAAJ,0000-0000-0000-0000
Maria-Cecilia Rivara,Universidad de Chile,https://www.dcc.uchile.cl/~mcrivara,NYyo2yQAAAAJ,0000-0000-0000-0000
Maria-Cruz Villa-Uriol,University of Sheffield,https://www.sheffield.ac.uk/dcs/people/academic/mari-cruz-villa-uriol,x_hQQ9QAAAAJ,0000-0002-3345-539X
Maria-Esther Vidal,University of Hannover,https://www.tib.eu/en/research-development/scientific-data-management/staff/maria-esther-vidal,vDyk0JgAAAAJ,0000-0003-1160-8727
Maria-Florina Balcan,Carnegie Mellon University,https://www.cs.cmu.edu/~ninamf,LWlN_BUAAAAJ,0000-0000-0000-0000
Maria-Florina Popa,Carnegie Mellon University,https://www.cs.cmu.edu/~ninamf,LWlN_BUAAAAJ,0000-0000-0000-0000
Maria-Luiza Antonie,University of Guelph,http://www.uoguelph.ca/~lantonie,NOSCHOLARPAGE,0000-0000-0000-0000
Mariagrazia Fugini,Politecnico di Milano,http://fugini.faculty.polimi.it/?lang=en,xiSJFg4AAAAJ,0000-0002-0692-0153
Mariami Gachechiladze,TU Darmstadt,https://www.informatik.tu-darmstadt.de/qc/quantum_computing_group/index.en.jsp,SJDyWugAAAAJ,0000-0000-0000-0000
Marian Margraf,Freie Universitaet Berlin,https://www.mi.fu-berlin.de/inf/groups/ag-idm/members/1_Professor_inn_en/Marian-Margraf/index.html,NOSCHOLARPAGE,0009-0005-8577-1318
Mariana Bento,University of Calgary,https://profiles.ucalgary.ca/mariana-bento,3DxVbpcAAAAJ,0000-0001-5125-0294
Mariana Luderitz Kolberg,UFRGS,http://www.inf.ufrgs.br/site/docente/mariana-luderitz-kolberg,TyOe8ZwAAAAJ,0000-0002-8117-4402
Mariana Recamonde Mendoza,UFRGS,https://www.inf.ufrgs.br/site/docente/mariana-recamonde-mendoza,nyMTIdoAAAAJ,0000-0000-0000-0000
Marianna Obrist,University College London,https://uclic.ucl.ac.uk/people/marianna-obrist,yN-L6cIAAAAJ,0000-0002-4009-1627
Marianne Graves Petersen,Aarhus University,http://au.dk/en/mgraves@cs,vgP6E1oAAAAJ,0000-0002-4153-803X
Marianne Maertens,TU Berlin,https://www.psyco.tu-berlin.de/people.html,tEmKIiUAAAAJ,0000-0000-0000-0000
Marianne Sheelagh Therese Carpendale,Simon Fraser University,https://www.cs.sfu.ca/~sheelagh,43LLX2kAAAAJ,0000-0000-0000-0000
Mariano Cabrero Canosa,University of A Coruña,https://pdi.udc.es/en/File/Pdi/LB4AF,uoekVL8AAAAJ,0000-0000-0000-0000
Maribel Acosta,TU Munich,https://www.professoren.tum.de/en/acosta-deibe-maribel,druU9nsAAAAJ,0000-0002-1209-2868
Maribel Fernández,King's College London,https://www.kcl.ac.uk/people/maribel-fernandez,dfag-lkAAAAJ,0000-0000-0000-0000
Marie Durand,Ecole Normale Superieure de Lyon,http://www2.cnrs.fr/en/2621.htm,NOSCHOLARPAGE,0000-0000-0000-0000
Marie Flavie Auclair-Fortier,Université de Sherbrooke,https://www.usherbrooke.ca/informatique/personnel/corps-professoral/professeurs/marie-flavie-auclair-fortier,NOSCHOLARPAGE,0009-0000-9494-4106
Marie Nilsenová,Tilburg University,https://www.tilburguniversity.edu/webwijs/show/marie.postma.htm,VK1DBk4AAAAJ,0000-0000-0000-0000
Marie Postma,Tilburg University,https://www.tilburguniversity.edu/webwijs/show/marie.postma.htm,VK1DBk4AAAAJ,0000-0002-5919-209X
Marie Postma-Nilsenová,Tilburg University,https://www.tilburguniversity.edu/webwijs/show/marie.postma.htm,VK1DBk4AAAAJ,0000-0000-0000-0000
Marie Vasek,University College London,https://iris.ucl.ac.uk/iris/browse/profile?upi=MVASE75,vGlGPsYAAAAJ,0009-0009-4045-9493
Marie-Christine Jakobs,LMU Munich,https://www.sosy-lab.org/people/jakobs,LF7vijUAAAAJ,0000-0002-5890-4673
Marie-Eléonore Kessaci,CRIStAL,https://www.cristal.univ-lille.fr/profil/kessaci,NOSCHOLARPAGE,0000-0000-0000-0000
Marie-Eléonore Marmion,CRIStAL,https://www.cristal.univ-lille.fr/profil/kessaci,NOSCHOLARPAGE,0000-0000-0000-0000
Marie-Emilie Voge,CRIStAL,https://www.cristal.univ-lille.fr/profil/voge,NOSCHOLARPAGE,0000-0000-0000-0000
Marie-Francine Moens,KU Leuven,https://people.cs.kuleuven.be/~sien.moens,O9hYMUUAAAAJ,0000-0002-3732-9323
Marie-Jean Meurs,Université du Québec à Montréal,https://www.mjmrsc.com,WV8dWYQAAAAJ,0000-0000-0000-0000
Marie-Éléonore Kessaci-Marmion,CRIStAL,https://www.cristal.univ-lille.fr/profil/kessaci,NOSCHOLARPAGE,0000-0000-0000-0000
Marieke Huisman,University of Twente,https://mariekehuisman.personalweb.utwente.nl,ntTJhw8AAAAJ,0000-0003-4467-072X
Mariet Theune,University of Twente,https://research.utwente.nl/en/persons/c1316b15-bccc-4117-9d03-45a3eb72ad14,ZveJv0QAAAAJ,0000-0000-0000-0000
Mariette Awad,American University of Beirut,https://www.aub.edu.lb/fea/publicprofile/Pages/profile.aspx?memberid=ma162,pF_1j1IAAAAJ,0000-0002-4815-6894
Marijn Heule,Carnegie Mellon University,https://www.cs.cmu.edu/~mheule,5Bu6aSMAAAAJ,0000-0002-5587-8801
Mariko Isogawa,Keio University,https://isogawa.ics.keio.ac.jp,SQdd110AAAAJ,0000-0001-9560-0276
Marilena De Marsico,Sapienza University of Rome,https://sites.google.com/a/di.uniroma1.it/maria-de-marsico,xbpAoD8AAAAJ,0000-0000-0000-0000
Marilyn A. Walker,Univ. of California - Santa Cruz,https://www.soe.ucsc.edu/people/maw,TMw2-csAAAAJ,0000-0000-0000-0000
Marilyn Rose McGee-Lennon,University of Strathclyde,https://pureportal.strath.ac.uk/en/persons/marilyn-lennon/publications,_dZjfmEAAAAJ,0000-0000-0000-0000
Marin Litoiu,York University,http://www.yorku.ca/mlitoiu,FWASYv0AAAAJ,0000-0003-0383-920X
Marina Blanton,University at Buffalo,http://www.buffalo.edu/~mblanton,JaM1iKMAAAAJ,0009-0008-9934-2700
Marina Bykova,University at Buffalo,http://www.buffalo.edu/~mblanton,JaM1iKMAAAAJ,0000-0000-0000-0000
Marina De Vos,University of Bath,http://www.bath.ac.uk/comp-sci/contacts/academics/marina_de_vos,_Bxa0oAAAAAJ,0000-0003-3583-7671
Marina Issakova,University of Tartu,http://www.ut.ee/en/marina-lepp,6j7vkrgAAAAJ,0000-0000-0000-0000
Marina Jirotka,University of Oxford,http://www.cs.ox.ac.uk/marina.jirotka,HXyE1GUAAAAJ,0000-0002-6088-3955
Marina Kogan,University of Utah,http://www.mkoganresearch.com,ST-2CicAAAAJ,0000-0002-9200-6914
Marina L. Gavrilova,University of Calgary,http://www.cpsc.ucalgary.ca/~marina,q3vR88gAAAAJ,0000-0000-0000-0000
Marina Lepp,University of Tartu,http://www.ut.ee/en/marina-lepp,6j7vkrgAAAAJ,0000-0003-3303-5245
Marina Moscarini,Sapienza University of Rome,https://www.di.uniroma1.it/it/docenti/moscarini,FS63g6AAAAAJ,0000-0000-0000-0000
Marina Papatriantafilou,Chalmers/GU,https://www.chalmers.se/en/staff/Pages/ptrianta.aspx,NOSCHOLARPAGE,0000-0001-9094-8871
Marina Petrova,KTH Royal Inst. of Technology,https://www.kth.se/profile/petrovam,eT4_gaYAAAAJ,0000-0000-0000-0000
Marine Carpuat,Univ. of Maryland - College Park,http://www.cs.umd.edu/~marine,EAQfVXgAAAAJ,0000-0003-1693-0782
Marinho P. Barcellos,University of Waikato,http://www.inf.ufrgs.br/~marinho,gYziq3EAAAAJ,0000-0002-1505-6408
Marino Widmer,University of Fribourg,https://www.unifr.ch/inf/dsor/en/group/people/16894/dc2e0,lfaxd3tOM-0C,0000-0000-0000-0000
Marinos Themistocleous,University of Piraeus,https://www.ds.unipi.gr/en/faculty/mthemist-en,sQwEp4IAAAAJ,0000-0002-6904-9692
Mario A. Nascimento,University of Alberta,https://webdocs.cs.ualberta.ca/~mn,eZyrbXIAAAAJ,0000-0002-7609-1805
Mario Berta,Imperial College London,http://marioberta.info,pc_5htgAAAAJ,0000-0002-0428-3429
Mario Botsch,TU Dortmund,https://cg.cs.tu-dortmund.de/people/botsch_mario.html,VSiwBoYAAAAJ,0000-0001-9954-120X
Mario Calha,Universidade de Lisboa,https://ciencias.ulisboa.pt/perfil/mcalha,GSDogzwAAAAJ,0000-0000-0000-0000
Mario Costa Sousa,University of Calgary,http://www.cpsc.ucalgary.ca/~mario,xRhWiGAAAAAJ,0000-0002-4347-0884
Mario Di Francesco,Aalto University,https://users.aalto.fi/~difram1,xuJ3KAYAAAAJ,0000-0003-1351-1988
Mario Di Raimondo,University of Catania,https://diraimondo.dmi.unict.it,tSezx-YAAAAJ,0000-0000-0000-0000
Mario E. Magaña,Oregon State University,http://eecs.oregonstate.edu/people/magana-mario,ieSEZuYAAAAJ,0000-0000-0000-0000
Mario E. Sánchez,Universidad de los Andes,http://profesores.virtual.uniandes.edu.co/mar-san1,M1CE-nIAAAAJ,0000-0000-0000-0000
Mario Edgardo Magaña,Oregon State University,http://eecs.oregonstate.edu/people/magana-mario,ieSEZuYAAAAJ,0000-0002-1858-0723
Mario F. M. Campos,UFMG,http://homepages.dcc.ufmg.br/~mario,qWrXkPwAAAAJ,0000-0000-0000-0000
Mario Fernando De La Rosa-Rosero,Universidad de los Andes,https://sistemasacademico.uniandes.edu.co/~fde,UB6e9ywAAAAJ,0000-0000-0000-0000
Mario Fernando Montenegro Campos,UFMG,http://homepages.dcc.ufmg.br/~mario,qWrXkPwAAAAJ,0000-0000-0000-0000
Mario Fritz,CISPA Helmholtz Center,https://cispa.saarland/people/gallery,4V1nNm4AAAAJ,0000-0001-8949-9896
Mario Harper,Utah State University,https://www.usu.edu/cs/directory/faculty/harper-mario,6Qu1IVYAAAAJ,0000-0001-7381-1558
Mario Huemer,JKU Linz,https://www.jku.at/en/institute-of-signal-processing,VXSkReQAAAAJ,0000-0000-0000-0000
Mario Linares Vásquez,Universidad de los Andes,https://profesores.virtual.uniandes.edu.co/mlinaresv,55fmMcoAAAAJ,0000-0003-0161-2888
Mario Linares-Vásquez,Universidad de los Andes,https://profesores.virtual.uniandes.edu.co/mlinaresv,55fmMcoAAAAJ,0000-0003-0161-2888
Mario Lopez,University of Denver,http://portfolio.du.edu/mlopez,NOSCHOLARPAGE,0000-0000-0000-0000
Mario Luca Bernardi,University of Sannio,https://www.unisannio.it/it/users/bernardi,I5v88U0AAAAJ,0000-0002-3223-7032
Mario Lúcio Côrtes,UNICAMP,http://www.ic.unicamp.br/~cortes,NOSCHOLARPAGE,0000-0000-0000-0000
Mario Marchand,Université Laval,http://www2.ift.ulaval.ca/~mmarchand,M792u2sAAAAJ,0000-0002-7078-7393
Mario Pavone,University of Catania,https://www.dmi.unict.it/mpavone,SfOIaw0AAAAJ,0000-0003-3421-3293
Mario Porrmann,University of Osnabrück,https://www.informatik-cms.uni-osnabrueck.de/arbeitsgruppen/technische_informatik/team/mario_porrmann.html,8xaTavMAAAAJ,0000-0003-1005-5753
Mario R. F. Benevides,UFRJ,http://www.cos.ufrj.br/~mario,O3lJvk4AAAAJ,0000-0000-0000-0000
Mario Roberto Folhadela Benevides,UFRJ,http://www.cos.ufrj.br/~mario,O3lJvk4AAAAJ,0000-0000-0000-0000
Mario Romero Vega,KTH Royal Inst. of Technology,https://www.kth.se/profile/marior,xAFGASEAAAAJ,0000-0000-0000-0000
Mario Schaarschmidt,University of Koblenz-Landau,https://www.uni-koblenz-landau.de/de/koblenz/fb4/ifm/agschaarschmidt/team/schaarschmidt/mario-schaarschmidt,LmkFPYkAAAAJ,0000-0000-0000-0000
Mario Szegedy,Rutgers University,https://people.cs.rutgers.edu/~szegedy/homepage.html,CDH0fO8AAAAJ,0000-0000-0000-0000
Mario Sánchez 0001,Universidad de los Andes,http://profesores.virtual.uniandes.edu.co/mar-san1,M1CE-nIAAAAJ,0000-0000-0000-0000
Mario Vento,University of Salerno,http://mivia.unisa.it/people/vento,3PwXGpgAAAAJ,0000-0002-2948-741X
Mariofanna Milanova,Univ. of Arkansas - Little Rock,http://ualr.academia.edu/MariofannaMilanova,oJr0BfEAAAAJ,0000-0003-0995-1921
Marios C. Papaefthymiou,University of Michigan,http://web.eecs.umich.edu/~marios,NOSCHOLARPAGE,0000-0000-0000-0000
Marios Christou,University of Nicosia,https://www.unic.ac.cy/christou-marios,NOSCHOLARPAGE,0000-0000-0000-0000
Marios Fokaefs,Polytechnique Montreal,https://www.polymtl.ca/expertises/en/fokaefs-marios-eleftherios,CFKjCQQAAAAJ,0000-0000-0000-0000
Marios Kogias,Imperial College London,https://marioskogias.github.io,DYzTOKYAAAAJ,0009-0006-7034-5284
Marios Kountouris,EURECOM,http://www.eurecom.fr/en/people/kountouris-marios,QG9iXtUAAAAJ,0000-0003-1143-080X
Marios-Eleftherios Fokaefs,Polytechnique Montreal,https://www.polymtl.ca/expertises/en/fokaefs-marios-eleftherios,CFKjCQQAAAAJ,0000-0000-0000-0000
Maris Ozols,University of Amsterdam,https://homepages.cwi.nl/~maris,Cusbw20AAAAJ,0000-0000-0000-0000
Maristella Matera,Politecnico di Milano,http://home.deib.polimi.it/matera,NScXYC0AAAAJ,0000-0003-0552-8624
Maritta Heisel,University of Duisburg-Essen,https://www.uni-due.de/swe/marittaheisel.php,NOSCHOLARPAGE,0000-0000-0000-0000
Marius Kloft,TU Kaiserslautern,https://ml.informatik.uni-kl.de,l-BJCdAAAAAJ,0000-0001-6829-3725
Marius Lindauer,University of Hannover,https://www.tnt.uni-hannover.de/staff/lindauer,0Sxx7DUAAAAJ,0000-0002-9675-3175
Marius Muench,University of Birmingham,https://www.mariusmue.com,86gg_XUAAAAJ,0000-0002-3393-5123
Marius Portmann,University of Queensland,http://staff.itee.uq.edu.au/marius,hiYVpa0AAAAJ,0000-0003-1852-3961
Marius Schneider,University of Hannover,https://www.tnt.uni-hannover.de/staff/lindauer,0Sxx7DUAAAAJ,0000-0000-0000-0000
Marius Thomas Schneider,University of Hannover,https://www.tnt.uni-hannover.de/staff/lindauer,0Sxx7DUAAAAJ,0000-0000-0000-0000
Marius Ungarish,Technion,http://www.cs.technion.ac.il/people/unga,NOSCHOLARPAGE,0000-0000-0000-0000
Marius Zimand,Towson University,https://www.towson.edu/fcsm/departments/computerinfosci/facultystaff/mzimand.html,_7Mz5cQAAAAJ,0000-0002-5938-6599
Marivic S. Tangkeko,De La Salle University,https://www.dlsu.edu.ph/colleges/ccs/faculty-profile/single/?id=32742700894&command=GETPROFILE,BVk-h2YAAAAJ,0000-0000-0000-0000
Mariya Toneva [SWS],Max Planck Society,https://mtoneva.com,a61sk-4AAAAJ,0000-0000-0000-0000
Mariya Zheleva,University at Albany - SUNY,https://www.albany.edu/ceas/mariya-zheleva.php,eEqTPcwAAAAJ,0000-0000-0000-0000
Marián Simko,Kempelen Institute - KInIT,https://kinit.sk/member/marian-simko,t0WixXUAAAAJ,0000-0000-0000-0000
Mariëlle I. A. Stoelinga,Radboud University,https://wwwhome.ewi.utwente.nl/~marielle,po_MgfcAAAAJ,0000-0000-0000-0000
Mariëlle Stoelinga,University of Twente,https://research.utwente.nl/en/persons/00c4dbae-73d0-4715-88c6-5203b1280f2a,po_MgfcAAAAJ,0000-0001-6793-8165
Marjan Sirjani,Mälardalen University,https://marjansirjani.github.io/Marjan-Sirjani,TKnSrTQAAAAJ,0000-0001-5478-0987
Marjo Kauppinen,Aalto University,https://people.aalto.fi/new/marjo.kauppinen,Wo8x6EUAAAAJ,0000-0000-0000-0000
Mark A. Davenport,Georgia Institute of Technology, https://mdav.ece.gatech.edu/index.html,DpuKx_oAAAAJ,0000-0000-0000-0000
Mark A. Finlayson,Florida International University,http://cs.fiu.edu/~markaf,X8peo3AAAAAJ,0000-0001-5716-9526
Mark A. Girolami,University of Cambridge,https://www.eng.cam.ac.uk/profiles/mag92,BSoawXwAAAAJ,0000-0003-3008-253X
Mark A. Harris,Augusta University,https://www.augusta.edu/faculty/directory/view.php?id=MARHARRIS1,eo1oWjoAAAAJ,0000-0000-0000-0000
Mark A. Hasegawa-Johnson,Univ. of Illinois at Urbana-Champaign,http://www.ifp.illinois.edu/~hasegawa,18O0OAwAAAAJ,0000-0000-0000-0000
Mark A. Heinrich,University of Central Florida,http://www.cs.ucf.edu/~heinrich,ENsrFlsAAAAJ,0000-0000-0000-0000
Mark A. Horowitz,Stanford University,http://stanford.edu/~horowitz,e7V7-gEAAAAJ,0000-0003-1318-2029
Mark A. Neerincx,TU Delft,https://www.tudelft.nl/ewi/over-de-faculteit/afdelingen/intelligent-systems/interactive-intelligence/people/current-group-members/mark-a-neerincx,rwBWbFAAAAAJ,0000-0000-0000-0000
Mark A. Walkley,University of Leeds,https://eps.leeds.ac.uk/computing/staff/189/dr-mark-walkley,NOSCHOLARPAGE,0000-0000-0000-0000
Mark Alan Finlayson,Florida International University,http://cs.fiu.edu/~markaf,X8peo3AAAAAJ,0000-0000-0000-0000
Mark Alexander Connell Snoeren,Univ. of California - San Diego,http://cseweb.ucsd.edu/~snoeren,lBzZU1IAAAAJ,0000-0000-0000-0000
Mark Alexander Reynolds,University of Western Australia,http://uwa.edu.au/people/mark.reynolds,2VbIrLMAAAAJ,0000-0000-0000-0000
Mark Allen Weiss,Florida International University,http://www.cis.fiu.edu/~weiss,gfYCK9gAAAAJ,0000-0000-0000-0000
Mark B. Sandler,Queen Mary University of London,http://www.eecs.qmul.ac.uk/people/view/3114/prof-mark-sandler,W-gexv0AAAAJ,0000-0000-0000-0000
Mark Batty,University of Kent,https://www.cs.kent.ac.uk/people/staff/mjb211,MnDiDMcAAAAJ,0000-0001-7053-4364
Mark Braverman,Princeton University,https://mbraverm.princeton.edu,5elBSHQAAAAJ,0000-0003-1276-6081
Mark Bun,Boston University,https://cs-people.bu.edu/mbun,oDwLyYUAAAAJ,0000-0002-5855-8045
Mark C. Jeffrey,University of Toronto,https://www.eecg.utoronto.ca/~mcj,xeYPtgwAAAAJ,0000-0003-4816-0356
Mark C. Wilson,Univ. of Massachusetts Amherst,http://markcwilson.site,yVByLBsAAAAJ,0000-0002-3343-7458
Mark Carman,Monash University,http://monash.edu/research/explore/en/persons/mark-carman(30a9f846-3f1e-4fea-b4f7-bde988302a36).html,fcPONTQAAAAJ,0000-0001-6575-9737
Mark Cartwright,NJIT,https://markcartwright.com,E7yqbEAAAAAJ,0000-0002-5908-390X
Mark Christensen van Langeveld,University of Utah,https://faculty.utah.edu/u0319743-MARK_C._VAN_LANGEVELD/biography/index.hml,NOSCHOLARPAGE,0000-0000-0000-0000
Mark Claypool,Worcester Polytechnic Institute,http://www.cs.wpi.edu/~claypool,KsSGzrQAAAAJ,0000-0003-2965-9442
Mark Craven,University of Wisconsin - Madison,https://www.biostat.wisc.edu/~craven,6VuiGBQAAAAJ,0000-0002-8917-7464
Mark Crovella,Boston University,http://www.cs.bu.edu/fac/crovella,vrHhOlUAAAAJ,0000-0002-5005-7019
Mark Crowley 0001,University of Waterloo,https://markcrowley.ca,eL_y80EAAAAJ,0000-0003-3921-4762
Mark D. Apperley,University of Waikato,http://www.cms.waikato.ac.nz/people/mapperle,Y6mQU80AAAAJ,0000-0000-0000-0000
Mark D. Dunlop,University of Strathclyde,https://pureportal.strath.ac.uk/en/persons/mark-dunlop/publications,dZ2_EsoAAAAJ,0000-0002-4593-1103
Mark D. Gross,University of Colorado Boulder,http://mdgross.net,NOSCHOLARPAGE,0000-0000-0000-0000
Mark D. Smucker,University of Waterloo,https://marksmucker.com,BgiGGQQAAAAJ,0000-0003-4968-6405
Mark Daley,Western University,http://daleylab.org,SW3aNagAAAAJ,0000-0002-6939-9772
Mark Dermot Ryan,University of Birmingham,https://www.birmingham.ac.uk/staff/profiles/computer-science/ryan-mark.aspx,zVGVpX4AAAAJ,0000-0002-1632-497X
Mark Dras,Macquarie University,https://mark-dras.github.io,B1vNM2kAAAAJ,0000-0001-9908-7182
Mark Dredze,Johns Hopkins University,http://www.cs.jhu.edu/~mdredze,7jNkTbYAAAAJ,0000-0002-0422-2474
Mark E. Campbell,Cornell University,https://campbell.mae.cornell.edu/mark-campbell,e1iAhHQAAAAJ,0000-0003-0775-4297
Mark E. Dean,University of Tennessee,http://www.eecs.utk.edu/people/faculty/markdean,xwhmCksAAAAJ,0000-0000-0000-0000
Mark Eramian,University of Saskatchewan,https://www.cs.usask.ca/faculty/eramian,yERv7xsAAAAJ,0000-0000-0000-0000
Mark Fishel,University of Tartu,http://lepo.it.da.ut.ee/~fishel,K6jhzXcAAAAJ,0000-0003-1932-2600
Mark G. J. van den Brand,TU Eindhoven,http://www.win.tue.nl/~mvdbrand,CZt-AsoAAAAJ,0000-0003-3529-6182
Mark G. Lee,University of Birmingham,https://www.birmingham.ac.uk/staff/profiles/computer-science/lee-mark.aspx,1AIdLa0AAAAJ,0000-0003-1262-2045
Mark Gahegan,University of Auckland,https://www.cs.auckland.ac.nz/people/mark-gahegan,zEqatoMAAAAJ,0000-0001-7209-8156
Mark Giesbrecht,University of Waterloo,https://uwaterloo.ca/~mwg,NOSCHOLARPAGE,0000-0000-0000-0000
Mark Gillespie,University of Utah,https://www.markjgillespie.com,o_OqGM0AAAAJ,0009-0000-5645-9636
Mark Grechanik,University of Illinois at Chicago,https://www.cs.uic.edu/~drmark,Gn5kfF8AAAAJ,0000-0002-8364-595X
Mark Guzdial,University of Michigan,http://www.cc.gatech.edu/home/guzdial,iQV2L2IAAAAJ,0000-0003-4427-9763
Mark H. Chignell,University of Toronto,https://www.mie.utoronto.ca/mie/faculty/chignell,etEk4e0AAAAJ,0000-0001-8120-6905
Mark H. M. Winands,Maastricht University,https://dke.maastrichtuniversity.nl/m.winands,5S6bWAwAAAAJ,0000-0002-0125-0824
Mark Hall 0001,Open University UK,http://stem.open.ac.uk/people/mmh352,4f_t86EAAAAJ,0000-0000-0000-0000
Mark Hancock,University of Waterloo,https://markhancock.ca,PYvcN3cAAAAJ,0000-0002-6840-1172
Mark Handley,University College London,http://www0.cs.ucl.ac.uk/staff/M.Handley,XRyUF6gAAAAJ,0000-0001-8509-2001
Mark Hasegawa-Johnson,Univ. of Illinois at Urbana-Champaign,http://www.ifp.illinois.edu/~hasegawa,18O0OAwAAAAJ,0000-0002-5631-2893
Mark Hempstead,Tufts University,https://engineering.tufts.edu/cs/people/faculty/mark-hempstead,aD-TODoAAAAJ,0000-0001-9696-4741
Mark Hepple,University of Sheffield,https://www.sheffield.ac.uk/dcs/people/academic/mark-hepple,oUf-ebcAAAAJ,0000-0003-1488-257X
Mark Herbster,University College London,http://www0.cs.ucl.ac.uk/staff/M.Herbster,MBwWHlgAAAAJ,0000-0002-4673-7476
Mark Hoogendoorn,VU Amsterdam,http://www.few.vu.nl/~mhoogen,3s4lqHkAAAAJ,0000-0003-3356-3574
Mark Horowitz,Stanford University,http://stanford.edu/~horowitz,e7V7-gEAAAAJ,0000-0003-1318-2029
Mark J. Carman,Monash University,http://data.infotech.monash.edu.au/~mcarman,NOSCHOLARPAGE,0000-0000-0000-0000
Mark J. Clement,Brigham Young University,https://faculty.cs.byu.edu/~clement,8sFevmEAAAAJ,0000-0000-0000-0000
Mark J. Guzdial,University of Michigan,http://www.cc.gatech.edu/home/guzdial,iQV2L2IAAAAJ,0000-0000-0000-0000
Mark J. Weal,University of Southampton,https://www.ecs.soton.ac.uk/people/mjw7,rJGd0McAAAAJ,0000-0000-0000-0000
Mark James Carman,Monash University,http://data.infotech.monash.edu.au/~mcarman,NOSCHOLARPAGE,0000-0001-6575-9737
Mark James Handley,University College London,http://www0.cs.ucl.ac.uk/staff/M.Handley,XRyUF6gAAAAJ,0000-0001-8509-2001
Mark James Weal,University of Southampton,https://www.ecs.soton.ac.uk/people/mjw7,rJGd0McAAAAJ,0000-0000-0000-0000
Mark John Batty,University of Kent,https://www.cs.kent.ac.uk/people/staff/mjb211,MnDiDMcAAAAJ,0000-0000-0000-0000
Mark Johnson 0001,Macquarie University,http://web.science.mq.edu.au/~mjohnson,Z_kok3sAAAAJ,0000-0003-4809-8441
Mark Junjie Li,Shenzhen University,https://csse.szu.edu.cn/en/pages/user/index?id=533,hdz2FogAAAAJ,0000-0002-7252-5346
Mark K. Goldberg,Rensselaer Polytechnic Institute,http://www.cs.rpi.edu/~goldberg,NOSCHOLARPAGE,0000-0000-0000-0000
Mark Keil,University of Saskatchewan,http://artsandscience.usask.ca/profile/MKeil,BaMD2NgAAAAJ,0000-0000-0000-0000
Mark Lanthier,Carleton University,https://carleton.ca/scs/people/mark-lanthier,NOSCHOLARPAGE,0000-0000-0000-0000
Mark Lawford,McMaster University,https://www.cas.mcmaster.ca/~lawford,7v2eN0cAAAAJ,0000-0003-3161-2176
Mark Lee 0001,University of Birmingham,https://www.birmingham.ac.uk/staff/profiles/computer-science/academic-staff/lee-mark.aspx,1AIdLa0AAAAJ,0000-0000-0000-0000
Mark Levene,Birkbeck University of London,https://www.dcs.bbk.ac.uk/about/people/academic-staff/mark,mPoNxDAAAAAJ,0000-0000-0000-0000
Mark Liberman,University of Pennsylvania,http://www.ling.upenn.edu/~myl,R--JjPoAAAAJ,0000-0002-8605-9024
Mark M. Hall,Open University UK,http://stem.open.ac.uk/people/mmh352,4f_t86EAAAAJ,0000-0003-0081-4277
Mark Manulis,Bundeswehr University Munich,http://manulis.eu,MdmQAVkAAAAJ,0000-0002-1512-9670
Mark Matthews,University College Dublin,https://people.ucd.ie/mark.matthews,rhv5sLgAAAAJ,0000-0001-8862-5141
Mark McGill,University of Glasgow,https://www.gla.ac.uk/schools/computing/staff/markmcgill,N0NjK_AAAAAJ,0000-0002-8333-5687
Mark Micallef,University of Malta,https://www.um.edu.mt/profile/markmicallef,NvaH6uYAAAAJ,0000-0003-4159-6923
Mark Michael Hall,Open University UK,http://stem.open.ac.uk/people/mmh352,4f_t86EAAAAJ,0000-0000-0000-0000
Mark Minas,Bundeswehr University Munich,https://www.unibw.de/inf2/personen/professoren/minas,NOSCHOLARPAGE,0000-0000-0000-0000
Mark O. Riedl,Georgia Institute of Technology,https://research.cc.gatech.edu/inc/mark-riedl,Yg_QjxcAAAAJ,0000-0001-5283-6588
Mark Oskin,University of Washington,http://homes.cs.washington.edu/~oskin,gHfzsl4AAAAJ,0000-0000-0000-0000
Mark Owen Riedl,Georgia Institute of Technology,https://research.cc.gatech.edu/inc/mark-riedl,Yg_QjxcAAAAJ,0000-0000-0000-0000
Mark P. Jones,Portland State University,http://web.cecs.pdx.edu/~mpj,txPcjIsAAAAJ,0000-0000-0000-0000
Mark Pauly,EPFL,http://lgg.epfl.ch/people.php,bY63wY8AAAAJ,0000-0003-4957-4825
Mark Perry,Brunel University London,https://www.brunel.ac.uk/people/mark-perry,qL33780AAAAJ,0000-0000-0000-0000
Mark R. Greenstreet,University of British Columbia,https://www.cs.ubc.ca/people/mark-greenstreet,NOSCHOLARPAGE,0000-0000-0000-0000
Mark Reith,Air Force Inst. of Technology,https://www.afit.edu/BIOS/bio.cfm?facID=297,NOSCHOLARPAGE,0000-0000-0000-0000
Mark Reynolds,University of Western Australia,http://uwa.edu.au/people/mark.reynolds,2VbIrLMAAAAJ,0000-0000-0000-0000
Mark Reynolds 0001,University of Western Australia,http://uwa.edu.au/people/mark.reynolds,2VbIrLMAAAAJ,0000-0002-5415-0544
Mark Roman Miller,Illinois Institute of Technology,https://www.iit.edu/directory/people/mark-miller,vZ6wHIwAAAAJ,0000-0002-2820-5839
Mark Rouncefield,Lancaster University,https://www.lancaster.ac.uk/scc/about-us/people/mark-rouncefield,ycuiwg8AAAAJ,0000-0003-4301-8393
Mark Ryan 0001,University of Birmingham,https://www.birmingham.ac.uk/staff/profiles/computer-science/academic-staff/ryan-mark.aspx,zVGVpX4AAAAJ,0000-0002-1632-497X
Mark S. Drew,Simon Fraser University,http://www.cs.sfu.ca/~mark,ZeJn22YAAAAJ,0000-0000-0000-0000
Mark S. Fox,University of Toronto,http://www.eil.utoronto.ca,cZMMcscAAAAJ,0000-0000-0000-0000
Mark S. Hancock,University of Waterloo,https://markhancock.ca,PYvcN3cAAAAJ,0000-0002-6840-1172
Mark S. Nixon,University of Southampton,https://www.ecs.soton.ac.uk/people/msn,hlHOU9IAAAAJ,0000-0002-9174-5934
Mark Samuel Drew,Simon Fraser University,http://www.cs.sfu.ca/~mark,ZeJn22YAAAAJ,0000-0000-0000-0000
Mark Sanderson,RMIT University,http://marksanderson.org,HmqvvQkAAAAJ,0000-0003-0487-9609
Mark Sandler 0001,Queen Mary University of London,http://www.eecs.qmul.ac.uk/people/view/3114/prof-mark-sandler,W-gexv0AAAAJ,0000-0002-5691-8107
Mark Scanlon,University College Dublin,https://people.ucd.ie/mark.scanlon,85qShC8AAAAJ,0000-0002-6581-7164
Mark Schmidt 0001,University of British Columbia,http://www.cs.ubc.ca/~schmidtm,5BtEUJcAAAAJ,0000-0000-0000-0000
Mark Scott Johnson,Macquarie University,http://web.science.mq.edu.au/~mjohnson,Z_kok3sAAAAJ,0000-0000-0000-0000
Mark Silberstein,Technion,https://sites.google.com/site/silbersteinmark,E4DS2foAAAAJ,0000-0001-9659-068X
Mark Slaymaker,Open University UK,http://stem.open.ac.uk/people/ms28868,NOSCHOLARPAGE,0009-0000-6875-6128
Mark Smotherman,Clemson University,https://people.cs.clemson.edu/~mark,KADbB0cAAAAJ,0000-0000-0000-0000
Mark Springett,Middlesex University,https://www.mdx.ac.uk/about-us/our-people/staff-directory/profile/springett-mark,rwQJxtUAAAAJ,0000-0003-3609-8241
Mark Steedman,University of Edinburgh,http://homepages.inf.ed.ac.uk/steedman,ccCd0_YAAAAJ,0000-0000-0000-0000
Mark Stevenson 0001,University of Sheffield,https://www.sheffield.ac.uk/dcs/people/academic/mark-stevenson,tXe1lgkAAAAJ,0000-0002-9483-6006
Mark T. Keane,University College Dublin,https://people.ucd.ie/mark.keane,bBozfc4AAAAJ,0000-0000-0000-0000
Mark V. Albert,University of North Texas,https://computerscience.engineering.unt.edu/people/faculty/mark-albert,LPzMx1IAAAAJ,0000-0000-0000-0000
Mark V. Springett,Middlesex University,https://www.mdx.ac.uk/about-us/our-people/staff-directory/profile/springett-mark,rwQJxtUAAAAJ,0000-0000-0000-0000
Mark Vella,University of Malta,http://staff.um.edu.mt/mvel3,KjZUnkMAAAAJ,0000-0002-6483-9054
Mark W. Craven,University of Wisconsin - Madison,https://www.biostat.wisc.edu/~craven,6VuiGBQAAAAJ,0000-0000-0000-0000
Mark W. Newman,University of Michigan,http://mwnewman.people.si.umich.edu,gPKDZtwAAAAJ,0000-0001-7186-1383
Mark W. Schmidt,University of British Columbia,http://www.cs.ubc.ca/~schmidtm,5BtEUJcAAAAJ,0000-0000-0000-0000
Mark Wah Newman,University of Michigan,http://mwnewman.people.si.umich.edu,gPKDZtwAAAAJ,0000-0000-0000-0000
Mark Walkley,University of Leeds,https://eps.leeds.ac.uk/computing/staff/189/dr-mark-walkley,NOSCHOLARPAGE,0000-0003-2541-4173
Mark Warner,University College London,https://iris.ucl.ac.uk/iris/browse/profile?upi=MWARN90,B2MxYPYAAAAJ,0000-0002-7494-6275
Mark Wildon,Royal Holloway Univ. of London,https://pure.royalholloway.ac.uk/portal/en/persons/mark-wildon,-4d-broAAAAJ,0000-0000-0000-0000
Mark Wineberg,University of Guelph,https://www.uoguelph.ca/computing/people/mark-wineberg,1IwCKpcAAAAJ,0000-0000-0000-0000
Mark Yatskar,University of Pennsylvania,https://www.cis.upenn.edu/~myatskar,6RxMYNEAAAAJ,0000-0000-0000-0000
Mark Yim,University of Pennsylvania,https://www.seas.upenn.edu/directory/profile.php?ID=107,6zm5XD8AAAAJ,0000-0000-0000-0000
Mark Zhao,University of Colorado Boulder,https://home.cs.colorado.edu/~myzhao,qd1QxzcAAAAJ,0000-0002-0706-5208
Mark Zwolinski,University of Southampton,https://www.ecs.soton.ac.uk/people/mz1,gQOrpm4AAAAJ,0000-0002-2230-625X
Mark de Berg,TU Eindhoven,https://www.win.tue.nl/~mdberg,4CObfMYAAAAJ,0000-0001-5770-3784
Mark van den Brand,TU Eindhoven,http://www.win.tue.nl/~mvdbrand,CZt-AsoAAAAJ,0000-0000-0000-0000
Mark van der Wilk,Imperial College London,https://markvdw.github.io,PKcjcT4AAAAJ,0000-0000-0000-0000
Mark-Jan Nederhof,University of St Andrews,https://mjn.host.cs.st-andrews.ac.uk,lGHn0JUAAAAJ,0000-0002-1845-6829
Markel Vigo,University of Manchester,https://www.research.manchester.ac.uk/portal/markel.vigo.html,zDn5C90AAAAJ,0000-0003-4768-7623
Markku Turunen,Tampere University,https://www.tuni.fi/en/markku-turunen,i8m5Nh8AAAAJ,0000-0001-7395-0769
Marko B. Popovic,Worcester Polytechnic Institute,http://www.wpi.edu/academics/facultydir/mbp.html,4fB3vrQAAAAJ,0000-0000-0000-0000
Marko Bertogna,Univ. of Modena and Reggio Emilia,https://personale.unimore.it/rubrica/dettaglio/markober,ZRrTqs8AAAAJ,0000-0003-2115-4853
Marko C. J. D. van Eekelen,Radboud University,http://www.cs.ru.nl/~marko,VgwZ2-kAAAAJ,0000-0000-0000-0000
Marko H. T. Nieminen,Aalto University,https://users.aalto.fi/~mhtn/home,ouIgYzsAAAAJ,0000-0002-1892-3933
Marko Nieminen,Aalto University,https://users.aalto.fi/~mhtn/home,ouIgYzsAAAAJ,0000-0002-1892-3933
Markulf Kohlweiss,University of Edinburgh,https://www.inf.ed.ac.uk/people/staff/Markulf_Kohlweiss.html,pOfF9ygAAAAJ,0000-0002-8660-9663
Markus Billeter,University of Leeds,https://eps.leeds.ac.uk/computing/staff/8810/dr-markus-billeter,kceznPoAAAAJ,0000-0003-1806-2587
Markus Bläser,Saarland University,http://www-cc.cs.uni-saarland.de/mblaeser,AB0CIBAAAAAJ,0000-0000-0000-0000
Markus Bohlin,Mälardalen University,http://www.ipr.mdh.se/staff/58-Markus_Bohlin,sjNq-NsAAAAJ,0000-0003-1597-6738
Markus Brede,University of Southampton,https://www.ecs.soton.ac.uk/people/mb1a10#research,NOSCHOLARPAGE,0000-0000-0000-0000
Markus Brill,University of Warwick,https://sites.google.com/site/brillmarkus,LeFkVsYAAAAJ,0000-0001-9509-7017
Markus Chimani,University of Osnabrück,http://tcs.informatik.uos.de/index/staff/chimani,5Hmo9DMAAAAJ,0000-0002-4681-5550
Markus Dürmuth,University of Hannover,https://www.itsec.uni-hannover.de/de/usec/team/duermuth,4Gu4Zx4AAAAJ,0000-0001-5048-3723
Markus E. Nebel,Bielefeld University,https://ekvv.uni-bielefeld.de/pers_publ/publ/PersonDetail.jsp?personId=71594916&lang=en,NOSCHOLARPAGE,0000-0000-0000-0000
Markus Endler,PUC-RIO,http://www.inf.puc-rio.br/~endler,QpN9ae8AAAAJ,0000-0002-8007-9817
Markus Fidler,University of Hannover,https://www.ikt.uni-hannover.de/321.html?&no_cache=1&tx_tkinstpersonen_pi1%5Balias%5D=mf,hss5oikAAAAJ,0000-0000-0000-0000
Markus G. Kuhn,University of Cambridge,https://www.cl.cam.ac.uk/~mgk25,4FSAZOsAAAAJ,0000-0000-0000-0000
Markus Gross 0001,ETH Zurich,https://graphics.ethz.ch/~grossm,uxk0GmUAAAAJ,0009-0003-9324-779X
Markus H. Gross,ETH Zurich,https://graphics.ethz.ch/~grossm,uxk0GmUAAAAJ,0009-0003-9324-779X
Markus Hadwiger,KAUST,https://www.kaust.edu.sa/en/study/faculty/markus-hadwiger,wmx7KVUAAAAJ,0000-0003-1239-4871
Markus Hagenbuchner,University of Wollongong,https://scholars.uow.edu.au/markus-hagenbuchner,Je9qAv8AAAAJ,0000-0002-4884-753X
Markus Hidell,KTH Royal Inst. of Technology,https://www.kth.se/profile/mahidell,kCOZ2QkAAAAJ,0000-0002-6427-4612
Markus Krötzsch,TU Dresden,https://iccl.inf.tu-dresden.de/web/Markus_Kr%c3%b6tzsch/en,liyiW70AAAAJ,0000-0002-9172-2601
Markus Kuhn,University of Cambridge,https://www.cl.cam.ac.uk/~mgk25,4FSAZOsAAAAJ,0000-0003-3902-5435
Markus Lohrey,University of Siegen,https://www.eti.uni-siegen.de/ti/mitarbeiter/lohrey,uWRe_70AAAAJ,0000-0002-4680-7198
Markus Müller-Olm,University of Münster,https://www.uni-muenster.de/Informatik.AGMueller-Olm/people/mmo,NOSCHOLARPAGE,0009-0001-2229-9651
Markus Nebel,Bielefeld University,https://ekvv.uni-bielefeld.de/pers_publ/publ/PersonDetail.jsp?personId=71594916&lang=en,NOSCHOLARPAGE,0000-0000-0000-0000
Markus Nüttgens,University of Hamburg,https://www.bwl.uni-hamburg.de/harcis/01-zentrum/01-team/chair/markus-nuettgens.html,vQAA-isAAAAJ,0000-0000-0000-0000
Markus P. Nemitz,Tufts University,https://engineering.tufts.edu/me/people/faculty/markus-nemitz,_yNGAQIAAAAJ,0000-0003-0771-5407
Markus Pauly,EPFL,http://lgg.epfl.ch/publications.php,TSGyT-EAAAAJ,0000-0002-0976-7190
Markus Püschel,ETH Zurich,https://www.inf.ethz.ch/personal/markusp,az9ZryAAAAAJ,0000-0001-8834-8551
Markus Rohde,University of Siegen,https://www.wineme.uni-siegen.de/team/rohde,lVKymiIAAAAJ,0000-0000-0000-0000
Markus Schedl,JKU Linz,https://www.jku.at/en/institute-of-computational-perception/about-us/people/markus-schedl,TQR8qIEAAAAJ,0000-0003-1706-3406
Markus Schneider 0001,University of Florida,http://www.cise.ufl.edu/~mschneid,lOhijLUAAAAJ,0000-0000-0000-0000
Markus Siegle,Bundeswehr University Munich,https://www.unibw.de/technische-informatik/mitarbeiter/professoren/siegle/entwurf-von-rechen-und-kommunikationssystemen,Sdh-toEAAAAJ,0000-0001-7639-2280
Markus Steinberger,Graz University of Technology,https://www.markussteinberger.net,meRwdycAAAAJ,0000-0001-5977-8536
Markus Wagner 0007,Monash University,https://research.monash.edu/en/persons/markus-wagner,DVbOu8MAAAAJ,0000-0002-3124-0061
Marleen de Bruijne,University of Copenhagen,http://image.diku.dk/marleen,7kTk3LUAAAAJ,0000-0000-0000-0000
Marlon Dumas,University of Tartu,http://math.ut.ee/~dumas,9lIttRkAAAAJ,0000-0002-9247-7476
Marlon Mejias,UNC - Charlotte,https://cci.charlotte.edu/people/marlon-mejias,yS1_YjAAAAJ,0000-0001-8768-8108
Marlos C. Machado,University of Alberta,https://webdocs.cs.ualberta.ca/~machado,xf_n4xUAAAAJ,0000-0002-0117-6134
Marmar Moussa,University of Oklahoma,https://www.ou.edu/coe/cs/people/faculty/marmar-moussa,fSgdI1UAAAAJ,0000-0000-0000-0000
Marnel Peradilla,De La Salle University,https://www.dlsu.edu.ph/colleges/ccs/faculty-profile/single/?id=32665800576&command=GETPROFILE,Cc5_76kAAAAJ,0000-0002-6112-8708
Marouane Kessentini,University of Michigan-Dearborn,http://kessentini.net,5oW_MA8AAAAJ,0009-0006-7029-1714
Marsha Chechik,University of Toronto,http://www.cs.toronto.edu/~chechik,CYfxRVIAAAAJ,0000-0002-6301-3517
Marshall Ball,New York University,https://cs.nyu.edu/~mmb586/index.html,tIEWfZcAAAAJ,0000-0002-4236-3710
Marshall Ma,University of Idaho,http://www.uidaho.edu/engr/departments/cs/our-people/faculty/xiaogang-ma,o4v-pvoAAAAJ,0000-0000-0000-0000
Marshini Chetty,University of Chicago,https://marshini.net,eVJ6NTIAAAAJ,0000-0003-0804-6110
Marta Jiménez,Polytechnic Univ. of Catalonia,https://www.facebook.com/public/Marta-Jim%C3%A9nez-Delgado,7Ik08XAAAAAJ,0000-0000-0000-0000
Marta Kersten,Concordia University,https://www.researchgate.net/profile/Marta_Kersten-Oertel,NOSCHOLARPAGE,0000-0002-9492-8402
Marta Kersten-Oertel,Concordia University,https://www.researchgate.net/profile/Marta_Kersten-Oertel,NOSCHOLARPAGE,0000-0002-9492-8402
Marta Kryven,Dalhousie University,https://marta-kryven.github.io,5ogGlooAAAAJ,0000-0000-0000-0000
Marta Kwiatkowska,University of Oxford,http://www.cs.ox.ac.uk/marta.kwiatkowska,ArcH6PkAAAAJ,0000-0001-9022-7599
Marta L. Queiros Mattoso,UFRJ,http://cos.ufrj.br/~marta,ZPczFBAAAAAJ,0000-0000-0000-0000
Marta M. Betcke,University College London,http://www0.cs.ucl.ac.uk/people/M.Betcke.html,HJ3z-24AAAAJ,0000-0000-0000-0000
Marta Mattoso,UFRJ,http://cos.ufrj.br/~marta,ZPczFBAAAAAJ,0000-0002-0870-3371
Marta Mejail,University of Buenos Aires,https://www.dc.uba.ar/rrhh/profesores/mejail,WMy2FhwAAAAJ,0000-0000-0000-0000
Marta Ortín,Universidad de Zaragoza,http://webdiis.unizar.es/~ortin,hyOoV44AAAAJ,0000-0003-3161-3793
Marta Ortín-Obón,Universidad de Zaragoza,http://webdiis.unizar.es/~ortin,hyOoV44AAAAJ,0000-0003-3161-3793
Marta Rukoz,Université Paris Dauphine,https://www.lamsade.dauphine.fr/en/people/detail-cv/profile/marta-rukoz.html,NDsxCGQAAAAJ,0009-0002-2941-9625
Marta Z. Kwiatkowska,University of Oxford,http://www.cs.ox.ac.uk/marta.kwiatkowska,ArcH6PkAAAAJ,0000-0000-0000-0000
Marta Zofia Kwiatkowska,University of Oxford,http://www.cs.ox.ac.uk/marta.kwiatkowska,ArcH6PkAAAAJ,0000-0000-0000-0000
Marten van Dijk,University of Connecticut,https://scl.engr.uconn.edu,byCWPiwAAAAJ,0000-0001-9388-8050
Marten van Schijndel,Cornell University,https://vansky.github.io,AtmDLewAAAAJ,0000-0002-9858-5881
Martha A. Kim,Columbia University,http://www.cs.columbia.edu/~martha,gFb9vegAAAAJ,0000-0001-6243-5753
Martha A. Larson,Radboud University,http://homepage.tudelft.nl/q22t4,eIiM958AAAAJ,0000-0000-0000-0000
Martha E. Crosby,University of Hawaii at Manoa,https://www.ics.hawaii.edu/people,NOSCHOLARPAGE,0000-0000-0000-0000
Martha E. Pollack,Cornell University,https://infosci.cornell.edu/content/pollack,5oU0wxcAAAAJ,0000-0000-0000-0000
Martha Larson,Radboud University,http://homepage.tudelft.nl/q22t4,eIiM958AAAAJ,0000-0000-0000-0000
Martha Mercaldi,Columbia University,http://www.cs.columbia.edu/~martha,gFb9vegAAAAJ,0000-0000-0000-0000
Martha Mercaldi Kim,Columbia University,http://www.cs.columbia.edu/~martha,gFb9vegAAAAJ,0000-0000-0000-0000
Martha Palmer,University of Colorado Boulder,https://verbs.colorado.edu/~mpalmer,pxc_-XYAAAAJ,0000-0001-9864-6974
Martha Snyder,Nova Southeastern University,https://cec.nova.edu/faculty/snyder.html,NOSCHOLARPAGE,0000-0001-9177-9504
Martha Stone,University of Colorado Boulder,https://verbs.colorado.edu/~mpalmer,pxc_-XYAAAAJ,0000-0000-0000-0000
Martha Stone Palmer,University of Colorado Boulder,https://verbs.colorado.edu/~mpalmer,pxc_-XYAAAAJ,0000-0000-0000-0000
Martha White,University of Alberta,https://webdocs.cs.ualberta.ca/~whitem,t5zdD_IAAAAJ,0000-0002-5356-2950
Marti A. Hearst,Univ. of California - Berkeley,http://people.ischool.berkeley.edu/~hearst,Yy6xbCYAAAAJ,0000-0002-4346-1603
Marti Hearst,Univ. of California - Berkeley,http://people.ischool.berkeley.edu/~hearst,Yy6xbCYAAAAJ,0000-0002-4346-1603
Martial Hebert,Carnegie Mellon University,http://www.cs.cmu.edu/~./hebert,0ytii2EAAAAJ,0000-0003-4566-5930
Martijn Stam,Simula UiB,http://www.bristol.ac.uk/engineering/people/martijn-stam/index.html,NOSCHOLARPAGE,0000-0000-0000-0000
Martijn Wieling 0001,University of Groningen,http://www.martijnwieling.nl,Fzv0QJAAAAAJ,0000-0003-0434-1526
Martijn van Otterlo,Tilburg University,https://www.tilburguniversity.edu/webwijs/show/m.vanotterlo.htm,NOSCHOLARPAGE,0000-0000-0000-0000
Martin A. Giese,University of Tübingen,http://www.compsens.uni-tuebingen.de/compsens/index.php/people?view=member&task=show&id=1,ebo0Qn4AAAAJ,0000-0003-1178-2768
Martin A. Siegel,Indiana University,https://www.soic.indiana.edu/all-people/profile.html?profile_id=298,sZ_nSuIAAAAJ,0000-0000-0000-0000
Martin A. Styner,University of North Carolina,http://www.cs.unc.edu/~styner,waEzpjgAAAAJ,0000-0000-0000-0000
Martin Andreas Styner,University of North Carolina,http://www.cs.unc.edu/~styner,waEzpjgAAAAJ,0000-0000-0000-0000
Martin Andrews,University of Oxford,https://www.cs.ox.ac.uk/andrew.martin,si3UgDwAAAAJ,0000-0000-0000-0000
Martin Atzmueller,Tilburg University,https://www.tilburguniversity.edu/webwijs/show/m.atzmuller.htm,PSxBcWwAAAAJ,0000-0000-0000-0000
Martin Atzmüller,Tilburg University,https://www.tilburguniversity.edu/webwijs/show/m.atzmuller.htm,PSxBcWwAAAAJ,0000-0000-0000-0000
Martin Aumüller 0001,IT University of Copenhagen,https://itu.dk/~maau,TNJYIYoAAAAJ,0000-0000-0000-0000
Martin B. H. Weiss,University of Pittsburgh,http://www.pitt.edu/~mbw//new/index.htm,u8MG-pYAAAAJ,0000-0000-0000-0000
Martin Berger 0001,University of Sussex,http://www.sussex.ac.uk/informatics/people/peoplelists/person/141093,GCz-DJ0AAAAJ,0000-0003-3239-5812
Martin Berzins,University of Utah,https://faculty.utah.edu/u0028351-MARTIN_BERZINS/research/index.hml,RjxJExgAAAAJ,0000-0002-5419-0634
Martin Bichler,TU Munich,http://dss.in.tum.de/staff/bichler.html,gYRbZzIAAAAJ,0000-0001-5491-2935
Martin Bogdan,University of Leipzig,https://ti.informatik.uni-leipzig.de/staff/prof-dr-martin-bogdan,NOSCHOLARPAGE,0000-0002-6455-127X
Martin Bouchard,University of Ottawa,http://www.site.uottawa.ca/~bouchard,ufMGQ3MAAAAJ,0000-0002-1165-438X
Martin Brain,City University of London,https://www.city.ac.uk/people/academics/martin-nyx-brain,5i5vhFQAAAAJ,0000-0003-4216-7151
Martin Burtscher,Texas State University,http://www.cs.txstate.edu/~mb92,0-AkVWwAAAAJ,0000-0001-7717-3354
Martin Buss,TU Munich,https://www.professoren.tum.de/buss-martin,lnXdaEwAAAAJ,0000-0000-0000-0000
Martin Bücker,Friedrich Schiller University Jena,http://www2.informatik.uni-jena.de,NOSCHOLARPAGE,0000-0002-5210-0789
Martin C. Rinard,Massachusetts Inst. of Technology,http://people.csail.mit.edu/rinard,hxlxVEUAAAAJ,0000-0001-8095-8523
Martin Cadík,Brno University of Technology,https://www.fit.vut.cz/person/cadik,GGCN9UEAAAAJ,0000-0001-7058-9912
Martin Caminada,Cardiff University,https://www.cardiff.ac.uk/people/view/473184-caminada-martin,PyfFzdUAAAAJ,0000-0002-7498-0238
Martin D. F. Wong,Hong Kong Baptist University,https://www.hkbu.edu.hk/en/about/university-officers/professor-martin-wong.html,WPhoQiUAAAAJ,0000-0001-8274-9688
Martin D. Flintham,University of Nottingham,https://www.nottingham.ac.uk/computerscience/people/martin.flintham,i_sKFJEAAAAJ,0000-0003-4717-3825
Martin Dietzfelbinger,TU Ilmenau,https://www.tu-ilmenau.de/ktea/mitarbeiter/univ-prof-dr-martin-dietzfelbinger,jabdPAwAAAAJ,0000-0001-5484-3474
Martin Drahanský,Brno University of Technology,https://www.fit.vut.cz/person/drahan,NOSCHOLARPAGE,0000-0000-0000-0000
Martin Dugas,Heidelberg University,https://www.klinikum.uni-heidelberg.de/personen/prof-dr-martin-dugas-9627,RvJ51Q8AAAAJ,0000-0001-9740-0788
Martin E. Dyer,University of Leeds,https://eps.leeds.ac.uk/computing/staff/52/professor-martin-dyer,caPvMq0AAAAJ,0000-0002-2018-0374
Martin Ebner,Graz University of Technology,https://elearningblog.tugraz.at/page/martinebner//?lng=de&sct=home,dnnkxkcAAAAJ,0000-0001-5789-5296
Martin Elsman,University of Copenhagen,http://www.di.ku.dk/english/staff/?pure=en/persons/127388,B_kB3DUAAAAJ,0000-0002-6061-5993
Martin Emms,Trinity College Dublin,https://www.scss.tcd.ie/Martin.Emms,7mHrFakAAAAJ,0000-0000-0000-0000
Martin Erwig,Oregon State University,http://eecs.oregonstate.edu/~erwig,KvfFlIMAAAAJ,0000-0002-7471-4554
Martin Ester,Simon Fraser University,http://www.cs.sfu.ca/~ester,ZYwC_CQAAAAJ,0000-0000-0000-0000
Martin Farach,New York University,https://engineering.nyu.edu/faculty/martin-farach-colton,2uHUSa8AAAAJ,0000-0003-3616-7788
Martin Farach-Colton,New York University,https://engineering.nyu.edu/faculty/martin-farach-colton,2uHUSa8AAAAJ,0000-0003-3616-7788
Martin Flintham,University of Nottingham,https://www.nottingham.ac.uk/computerscience/people/martin.flintham,i_sKFJEAAAAJ,0000-0003-4717-3825
Martin Friedrich Berger 0001,University of Sussex,http://www.sussex.ac.uk/informatics/people/peoplelists/person/141093,GCz-DJ0AAAAJ,0000-0000-0000-0000
Martin Fränzle,University of Oldenburg,https://uol.de//hs/mitarbeiterinnen-und-mitarbeiter/prof-dr-martin-fraenzle,i9KSxk8AAAAJ,0000-0002-9138-8340
Martin Fürer,Pennsylvania State University,http://www.cse.psu.edu/~fhs,Pf49QrwAAAAJ,0000-0001-5354-3226
Martin Gaedke,TU Chemnitz,https://vsr.informatik.tu-chemnitz.de/about/people/gaedke,hgql3VsAAAAJ,0000-0002-6729-2912
Martin Gairing,University of Liverpool,https://cgi.csc.liv.ac.uk/~gairing,hs33gU8AAAAJ,0000-0002-0569-7113
Martin Gebser,University of Klagenfurt,https://www.aau.at/team/gebser-martin,14wfeoIAAAAJ,0000-0002-8010-4752
Martin Glinz,University of Zurich,http://www.ifi.uzh.ch/~glinz,FpBbJW8AAAAJ,0000-0003-0636-2208
Martin Gogolla,University of Bremen,http://www.db.informatik.uni-bremen.de/~gogolla,2Ou84CMAAAAJ,0000-0003-4311-1117
Martin Grohe,RWTH Aachen University,https://www.lics.rwth-aachen.de/cms/LICS/Der-Lehrstuhl/Team/Dozierende/~ocwf/Martin-Grohe,Sou5ih0AAAAJ,0000-0002-0292-9142
Martin Halvey,University of Strathclyde,https://pureportal.strath.ac.uk/en/persons/martin-halvey/publications,ZXIo4JAAAAAJ,0000-0001-6387-8679
Martin Hardwick,Rensselaer Polytechnic Institute,http://faculty.rpi.edu/node/35982,NOSCHOLARPAGE,0000-0000-0000-0000
Martin Held,University of Salzburg,https://www.cosy.sbg.ac.at/~held/held.html,NOSCHOLARPAGE,0000-0000-0000-0000
Martin Hennecke,University of Würzburg,https://www.informatik.uni-wuerzburg.de/lehrstuehleprofessuren/professur-fuer-didaktik-der-informatik/team/hennecke,NOSCHOLARPAGE,0000-0000-0000-0000
Martin Henz,National University of Singapore,https://www.comp.nus.edu.sg/~henz,zle1cCkAAAAJ,0000-0002-6529-5896
Martin Henze,RWTH Aachen University,https://www.martinhenze.de,nnpRKx4AAAAJ,0000-0001-8717-2523
Martin Hitz,University of Klagenfurt,https://www.aau.at/team/hitz-martin,_Q8-XXAAAAAJ,0000-0000-0000-0000
Martin Hoefer 0001,Goethe University Frankfurt,http://algo.cs.uni-frankfurt.de/~mhoefer,PBCXFY8AAAAJ,0000-0003-0131-5605
Martin Hofmann 0001,LMU Munich,https://www.tcs.ifi.lmu.de/people/martin-hofmann,MuXVKIMAAAAJ,0000-0000-0000-0000
Martin Höst,Malmö University,https://mau.se/en/persons/martin.host,9HNtvo0AAAAJ,0000-0002-9360-8693
Martin J. Chorley,Cardiff University,https://www.cardiff.ac.uk/people/view/118120-chorley-martin,t3R1ZLgAAAAJ,0000-0000-0000-0000
Martin J. Kollingbaum,University of Aberdeen,https://www.abdn.ac.uk/people/m.j.kollingbaum,a1wFt7wAAAAJ,0000-0000-0000-0000
Martin J. Lercher,University of Düsseldorf,https://www.cs.hhu.de/lehrstuehle-und-arbeitsgruppen/computational-cell-biology/unser-team/team.html,CQ7LfqMAAAAJ,0000-0003-3940-1621
Martin J. Reed,University of Essex,https://www.essex.ac.uk/people/reedm58703/martin-reed,EWMEfwEAAAAJ,0000-0000-0000-0000
Martin J. Russell,University of Birmingham,https://www.birmingham.ac.uk/staff/profiles/computer-science/russell-martin.aspx,ENFxfA0AAAAJ,0000-0000-0000-0000
Martin J. Shepperd,Brunel University London,https://www.brunel.ac.uk/people/martin-shepperd,VqZsDvUAAAAJ,0000-0003-1874-6145
Martin J. Strauss,University of Michigan,http://web.eecs.umich.edu/~martinjs,FTv-o-UAAAAJ,0000-0000-0000-0000
Martin J. Wainwright,Massachusetts Inst. of Technology,https://wainwrigwork.github.io/index.html,p1DZVX8AAAAJ,0000-0002-8760-2236
Martin J. Zhang,Carnegie Mellon University,https://mzhanglab.github.io,zjr6n-QAAAAJ,0000-0000-0000-0000
Martin Jacobsson,Uppsala University,http://www.jacobsson.nl/research,NOSCHOLARPAGE,0000-0000-0000-0000
Martin Jaggi,EPFL,https://people.epfl.ch/martin.jaggi,r1TJBr8AAAAJ,0000-0003-1579-5558
Martin James Chorley,Cardiff University,https://www.cardiff.ac.uk/people/view/118120-chorley-martin,t3R1ZLgAAAAJ,0000-0001-8744-260X
Martin Johns,TU Braunschweig,http://www.martinjohns.com,a-_ZVzEAAAAJ,0000-0003-2574-5060
Martin Jägersand,University of Alberta,https://webdocs.cs.ualberta.ca/~jag,kxAlIY4AAAAJ,0000-0000-0000-0000
Martin Karl Hoefer,Goethe University Frankfurt,http://algo.cs.uni-frankfurt.de/~mhoefer,PBCXFY8AAAAJ,0000-0000-0000-0000
Martin Karsten,University of Waterloo,https://cs.uwaterloo.ca/~mkarsten,ieXJpBkAAAAJ,0009-0009-9389-8510
Martin Kellogg,NJIT,https://web.njit.edu/~mjk76,KicmjV0AAAAJ,0000-0002-3185-2340
Martin Kleppmann,University of Cambridge,https://www.cst.cam.ac.uk/people/mk428,TbyvU7oAAAAJ,0000-0001-7252-6958
Martin Koch,University of Lübeck,https://www.imt.uni-luebeck.de/institute/staff/martin-koch,NOSCHOLARPAGE,0000-0000-0000-0000
Martin Kong,Ohio State University,https://cse.osu.edu/people/moreno.244,A08cGJAAAAAJ,0000-0001-8008-0220
Martin Koutecký,Charles University,http://research.koutecky.name,Ce5TEMcAAAAJ,0000-0002-7846-0053
Martin Kreuzer,University of Passau,http://staff.fim.uni-passau.de/kreuzer,0ZDLSpkAAAAJ,0000-0002-4732-2627
Martin L. Kersten,CWI,http://homepages.cwi.nl/~mk,Kr6jppsAAAAJ,0000-0000-0000-0000
Martin Lange 0001,University of Kassel,https://carrick.fm.cs.uni-kassel.de/~mlange,cQuaayUAAAAJ,0000-0000-0000-0000
Martin Leopold Kersten,CWI,http://homepages.cwi.nl/~mk,Kr6jppsAAAAJ,0000-0000-0000-0000
Martin Leucker,University of Lübeck,https://www.isp.uni-luebeck.de/staff/martin,K5TogrcAAAAJ,0000-0002-3696-9222
Martin Lillholm,University of Copenhagen,http://www.diku.dk/hjemmesider/studerende/grumse,QLCX-88AAAAJ,0000-0000-0000-0000
Martin Loebl,Charles University,https://kam.mff.cuni.cz/~loebl,SfvFOrkAAAAJ,0000-0001-7968-0376
Martin Loose,IST Austria,https://ist.ac.at/research/research-groups/loose-group,7or52IsAAAAJ,0000-0000-0000-0000
Martin Margala,Univ. of Louisiana - Lafayette,https://sciences.louisiana.edu/node/492,ANcbeNIAAAAJ,0000-0002-0034-0369
Martin Mauve,University of Düsseldorf,https://www.cn.hhu.de/unser-team/team/mauve.html,2eZRx88AAAAJ,0000-0000-0000-0000
Martin Middendorf,University of Leipzig,http://pacosy.informatik.uni-leipzig.de/15-0-Prof+Dr+Martin+Middendorf.html,ZZXO0GcAAAAJ,0000-0000-0000-0000
Martin Monperrus,KTH Royal Inst. of Technology,https://www.monperrus.net/martin,dJQf4SYAAAAJ,0000-0003-3505-3383
Martin Mundhenk,Friedrich Schiller University Jena,http://www.complexity.uni-jena.de,NOSCHOLARPAGE,0000-0000-0000-0000
Martin Müller 0003,University of Alberta,https://webdocs.cs.ualberta.ca/~mmueller,UedjBD4AAAAJ,0000-0000-0000-0000
Martin Neil,Queen Mary University of London,http://www.eecs.qmul.ac.uk/~martin,NMtxaUIAAAAJ,0000-0002-4922-0843
Martin Nöllenburg,TU Wien,https://www.ac.tuwien.ac.at/people/noellenburg,Wum9ploAAAAJ,0000-0003-0454-3937
Martin Nørgaard,University of Copenhagen,https://di.ku.dk/english/staff/vip/researchers_image/?pure=en/persons/397206,EMYkDoQAAAAJ,0000-0003-2131-5688
Martin Odersky,EPFL,http://lampwww.epfl.ch/~odersky,LbRD9tEAAAAJ,0009-0005-3923-8993
Martin P. Robillard,McGill University,http://www.cs.mcgill.ca/~martin,XlDo0wgAAAAJ,0000-0002-0248-1384
Martin Pinzger 0001,University of Klagenfurt,https://pinzger.github.io,MTZ0l60AAAAJ,0000-0002-5536-3859
Martin Potthast,University of Leipzig,https://temir.org/people.html,a0W8R-cAAAAJ,0000-0003-2451-0665
Martin Quinson,Ecole Normale Superieure de Rennes,http://people.irisa.fr/Martin.Quinson,qM5l6rYAAAAJ,0000-0001-7408-054X
Martin R. Albrecht,King's College London,https://malb.io,mELfH20AAAAJ,0000-0000-0000-0000
Martin R. Gibbs,University of Melbourne,http://people.eng.unimelb.edu.au/martinrg/recent_pubs.html,1ewxP20AAAAJ,0000-0002-1990-1955
Martin Radetzki,University of Stuttgart,https://www.iti.uni-stuttgart.de/en/chairs/embedded-systems/people/martin-radetzki.html,NOSCHOLARPAGE,0000-0000-0000-0000
Martin Rohrmeier,EPFL,https://people.epfl.ch/martin.rohrmeier,rsGh_pAAAAAJ,0000-0002-4323-7257
Martin Saska,Czech Technical University,http://mrs.felk.cvut.cz/people/martin-saska,5PBYoTsAAAAJ,0000-0001-7106-3816
Martin Schrimpf,EPFL,https://people.epfl.ch/martin.schrimpf,RiZ-RdwAAAAJ,0000-0001-7766-7223
Martin Schulz 0001,TU Munich,https://www.lrr.in.tum.de/mitarbeiter/martin-schulz,n1o6g-YAAAAJ,0000-0001-9013-435X
Martin Skovgaard Andersen,DTU,https://www.compute.dtu.dk/english,NOSCHOLARPAGE,0000-0000-0000-0000
Martin Skrodzki,TU Delft,https://graphics.tudelft.nl/martin-skrodzki,NYztRHwAAAAJ,0000-0002-8126-0511
Martin Skutella,TU Berlin,https://www.eecs.tu-berlin.de/menue/einrichtungen/professuren/professorinnen/skutella/parameter/en,i5U_SqgAAAAJ,0000-0000-0000-0000
Martin Storath,THWS,https://fang.thws.de/en/faculty/staff/professors-and-lecturers/person/prof-dr-martin-storath,zneECwcAAAAJ,0000-0003-1427-0776
Martin Strauss 0001,University of Michigan,http://web.eecs.umich.edu/~martinjs,FTv-o-UAAAAJ,0000-0000-0000-0000
Martin Styner,University of North Carolina,http://www.cs.unc.edu/~styner,waEzpjgAAAAJ,0000-0002-8747-5118
Martin Swany,Indiana University,https://www.soic.indiana.edu/all-people/profile.html?profile_id=307,NOSCHOLARPAGE,0000-0001-8028-1161
Martin T. Vechev,ETH Zurich,http://www.srl.inf.ethz.ch/vechev.php,aZ1Rh50AAAAJ,0000-0002-0054-9568
Martin Takác 0001,MBZUAI,http://mtakac.com,qKQD-2cAAAAJ,0000-0001-7455-2025
Martin Tancer,Charles University,https://kam.mff.cuni.cz/~tancer,YkP30T8AAAAJ,0000-0002-1191-6714
Martin Trapp 0001,KTH Royal Inst. of Technology,https://trappmartin.github.io,GwCrZP4AAAAJ,0000-0003-1725-3381
Martin V. Butz,University of Tübingen,https://uni-tuebingen.de/fakultaeten/mathematisch-naturwissenschaftliche-fakultaet/fachbereiche/informatik/lehrstuehle/cognitive-modeling/staff/martin-butz,dIcpfzAAAAAJ,0000-0002-8120-8537
Martin Vetterli,EPFL,http://lcav.epfl.ch/martin.vetterli,YQcU3NYAAAAJ,0000-0002-6122-1216
Martin Vingron [MG],Max Planck Society,https://www.molgen.mpg.de/93952/vingron-lab,6uTDJ9oAAAAJ,0000-0000-0000-0000
Martin Volk 0001,University of Zurich,https://www.cl.uzh.ch/en/people/team/volk.html,8bPj2w4AAAAJ,0000-0002-2063-4516
Martin W. A. Caminada,Cardiff University,https://www.cardiff.ac.uk/people/view/473184-caminada-martin,PyfFzdUAAAAJ,0000-0000-0000-0000
Martin Wattenberg,Harvard University,https://seas.harvard.edu/person/martin-wattenberg,pv54dqMAAAAJ,0000-0003-0904-4862
Martin Weigert,TU Dresden,https://tu-dresden.de/ing/informatik/die-fakultaet/institute-und-professuren-1,ZltxyqoAAAAJ,0000-0002-7780-9057
Martin Welsch,Friedrich Schiller University Jena,http://www.minet.uni-jena.de/www/fakultaet/welsch,NOSCHOLARPAGE,0000-0000-0000-0000
Martin White,University of Sussex,http://www.sussex.ac.uk/informatics/people/peoplelists/person/2898,pwyfSagAAAAJ,0000-0001-8686-2274
Martin Wirsing,LMU Munich,https://www.sosy-lab.org/people/wirsing,QonRHo8AAAAJ,0000-0000-0000-0000
Martin Wollschlaeger,TU Dresden,https://tu-dresden.de/ing/informatik/institut-fuer-angewandte-informatik/professur-fuer-prozesskommunikation/die-professur/inhaber?set_language=en,FNwyHZ4AAAAJ,0000-0000-0000-0000
Martin Wollschläger,TU Dresden,https://tu-dresden.de/ing/informatik/institut-fuer-angewandte-informatik/professur-fuer-prozesskommunikation/die-professur/inhaber?set_language=en,FNwyHZ4AAAAJ,0000-0000-0000-0000
Martin Ziegler 0001,KAIST,http://m.zie.de,wfD52B0AAAAJ,0000-0000-0000-0000
Martin Zimmerman 0002,University of Liverpool,https://www.liverpool.ac.uk/computer-science/staff/martin-zimmermann,ZcmrhggAAAAJ,0000-0000-0000-0000
Martin v. Mohrenschildt,McMaster University,http://www.cas.mcmaster.ca/~mohrens,NOSCHOLARPAGE,0000-0000-0000-0000
Martin von Mohrenschildt,McMaster University,http://www.cas.mcmaster.ca/~mohrens,NOSCHOLARPAGE,0000-0000-0000-0000
Martina Angela Sasse,Ruhr-University Bochum,https://www.ei.ruhr-uni-bochum.de/fakultaet/personen/sasse,9H_eJqAAAAAJ,0000-0003-1823-5505
Martina De Sanctis,GSSI,https://martinadesanctis.bitbucket.io/index.html,VaWnhK4AAAAJ,0000-0000-0000-0000
Martina Lindorfer,TU Wien,https://secpriv.tuwien.ac.at/team/martina,9JCtsecAAAAJ,0000-0001-7001-4481
Martina Maggio,Saarland University,http://www.martinamaggio.com/main,to9XszkAAAAJ,0000-0002-1143-1127
Martina Seidl,JKU Linz,http://fmv.jku.at/seidl,SBGtDbMAAAAJ,0000-0000-0000-0000
Martina Zitterbart,Karlsruhe Inst. of Technology,http://telematics.tm.kit.edu/staff_zitterbart.php,NefkVoUAAAAJ,0000-0003-0088-6289
Martine Bellaïche,Polytechnique Montreal,https://www.polymtl.ca/expertises/bellaiche-martine,xtTQVQwAAAAJ,0000-0000-0000-0000
Martine Ceberio,University of Texas - El Paso,http://utep.academia.edu/MartineCeberio,NOSCHOLARPAGE,0000-0001-5680-1155
Martine Labbé,Université libre de Bruxelles,http://homepages.ulb.ac.be/~mlabbe,WS_O3bIAAAAJ,0000-0001-7471-2308
Martine Schlag,Univ. of California - Santa Cruz,https://www.soe.ucsc.edu/people/martine,NOSCHOLARPAGE,0000-0000-0000-0000
Martti Juhola,Tampere University,https://www.tuni.fi/en/martti-juhola,iwKsWwwAAAAJ,0000-0000-0000-0000
Martti Mäntylä,Aalto University,https://people.aalto.fi/martti_mantyla,NOSCHOLARPAGE,0000-0000-0000-0000
Marty A. Humphrey,University of Virginia,https://www.cs.virginia.edu/people/faculty/humphrey.html,NaVxc4wAAAAJ,0000-0000-0000-0000
Marty Humphrey,University of Virginia,https://www.cs.virginia.edu/people/faculty/humphrey.html,NaVxc4wAAAAJ,0000-0000-0000-0000
Martín Ariel Domínguez,Universidad Nacional de Córdoba,https://cs.famaf.unc.edu.ar/~mdoming,ExBxMa4AAAAJ,0000-0000-0000-0000
Martín Escardó,University of Birmingham,https://www.birmingham.ac.uk/staff/profiles/computer-science/escardo-martin.aspx,t-OvYicAAAAJ,0000-0000-0000-0000
Martín Farach-Colton,New York University,https://engineering.nyu.edu/faculty/martin-farach-colton,2uHUSa8AAAAJ,0000-0003-3616-7788
Martín Hötzel Escardó,University of Birmingham,https://www.birmingham.ac.uk/staff/profiles/computer-science/academic-staff/escardo-martin.aspx,t-OvYicAAAAJ,0000-0002-4091-6334
Marvin Andujar,University of South Florida,https://www.marvinandujar.com,u0-uO54AAAAJ,0000-0001-6233-9593
Marvin K. Nakayama,NJIT,https://web.njit.edu/~marvin,NOSCHOLARPAGE,0000-0000-0000-0000
Marvin Künnemann,Karlsruhe Inst. of Technology,https://act.iti.kit.edu/people/marvinkuennemann,TCVAIDEAAAAJ,0000-0000-0000-0000
Marwa Mahmoud,University of Glasgow,https://www.gla.ac.uk/schools/computing/staff/marwamahmoud,mYyG4p0AAAAJ,0000-0000-0000-0000
Marwan Fayed,University of St Andrews,https://mf208.host.cs.st-andrews.ac.uk,dx8XiVwAAAAJ,0000-0002-0970-7972
Marwan Hassani,TU Eindhoven,http://dme.rwth-aachen.de/en/team/hassani,BljOdp8AAAAJ,0000-0000-0000-0000
Marwan M. Fayed,University of St Andrews,https://mf208.host.cs.st-andrews.ac.uk,dx8XiVwAAAAJ,0000-0000-0000-0000
Mary Cryan,University of Edinburgh,http://homepages.inf.ed.ac.uk/mcryan,NOSCHOLARPAGE,0009-0001-8525-7758
Mary Elizabeth Cryan,University of Edinburgh,http://homepages.inf.ed.ac.uk/mcryan,NOSCHOLARPAGE,0000-0000-0000-0000
Mary Ellen Foster,University of Glasgow,http://www.dcs.gla.ac.uk/~mefoster,ij0tOKoAAAAJ,0000-0002-1228-7657
Mary Inaba,University of Tokyo,http://akashi.ci.i.u-tokyo.ac.jp/mary/index-e.html,NOSCHOLARPAGE,0000-0000-0000-0000
Mary Jane B. Arcilla,De La Salle University,https://www.dlsu.edu.ph/colleges/ccs/faculty-profile/single/?id=32742661729&command=GETPROFILE,ZfQToeoAAAAJ,0000-0000-0000-0000
Mary Jean Amon,University of Central Florida,https://www.ist.ucf.edu/People/IST-Mary-Jean-Amon,1OBLAFoAAAAJ,0000-0003-0026-7568
Mary K. Biagini,University of Pittsburgh,http://www.sci.pitt.edu/faculty-and-research/faculty-directory/mary-k-biagini,NOSCHOLARPAGE,0000-0000-0000-0000
Mary L. Cummings,George Mason University,https://cs.gmu.edu/directory/detail/174,TqARAGcAAAAJ,0000-0000-0000-0000
Mary Lauren Benton,Baylor University,https://www.ecs.baylor.edu/person/dr-mary-lauren-benton,UI9nGy4AAAAJ,0000-0002-5485-1041
Mary Lou Soffa,University of Virginia,http://www.cs.virginia.edu/~soffa/index.html%3Fp=6.html,KWiJaj8AAAAJ,0000-0002-3665-7763
Mary Shaw,Carnegie Mellon University,http://www.cs.cmu.edu/~shaw,CTXoO1AAAAAJ,0000-0003-1337-4557
Mary Sheeran,Chalmers/GU,https://www.chalmers.se/en/staff/Pages/mary-sheeran.aspx,NOSCHOLARPAGE,0000-0000-0000-0000
Mary W. Hall,University of Utah,http://www.cs.utah.edu/~mhall,208pw6sAAAAJ,0000-0002-3058-7573
Mary Wootters,Stanford University,https://engineering.stanford.edu/people/mary-wootters,LiH53A8AAAAJ,0000-0002-2345-2531
Mary-Anne Hartley,EPFL,https://www.light-laboratory.org,P2CPNr8AAAAJ,0000-0002-8826-3870
Mary-Anne Williams,University of Technology Sydney,https://www.uts.edu.au/staff/mary-anne.williams,NOSCHOLARPAGE,0000-0002-1047-0503
Maryam Abdul Ghafoor,LUMS,https://lums.edu.pk/lums_employee/6137,7wcN4MMAAAAJ,0000-0000-0000-0000
Maryam Aliakbarpour,Rice University,https://profiles.rice.edu/faculty/maryam-aliakbarpour,Q0crxvwAAAAJ,0000-0001-5064-3221
Maryam Alimardani,Tilburg University,https://sites.google.com/site/maryamalimardany/about,QGYjBQoAAAAJ,0000-0003-3077-7657
Maryam Khanian Najafabadi,University of Sydney,https://www.sydney.edu.au/engineering/about/our-people/academic-staff/maryam-khaniannajafabadi.html,X722ZR4AAAAJ,0000-0000-0000-0000
Maryam Mehri Dehnavi,University of Toronto,https://www.cs.toronto.edu/~mmehride,f3V6gZMAAAAJ,0000-0002-2719-8788
Maryam Mehrnezhad,Royal Holloway Univ. of London,https://pure.royalholloway.ac.uk/en/persons/maryam-mehrnezhad,LPqJnMMAAAAJ,0000-0002-4223-6885
Maryam Mustafa,LUMS,https://web.lums.edu.pk/~maryam,RDBVkK4AAAAJ,0000-0003-4948-4459
Maryam S. Nuser,JUST,http://www.just.edu.jo/eportfolio/Pages/Default.aspx?email=msnuser,NOSCHOLARPAGE,0000-0000-0000-0000
Maryam Tabar,University of Texas at San Antonio,https://sciences.utsa.edu/faculty/profiles/tabar-maryam.html,zvUC6aUAAAAJ,0009-0005-8492-1310
Marynel Vázquez,Yale University,https://seas.yale.edu/faculty-research/faculty-directory/marynel-vazquez,-wm8urcAAAAJ,0000-0000-0000-0000
Marzyeh Ghassemi,Massachusetts Inst. of Technology,http://www.marzyehghassemi.com,9RyeFYwAAAAJ,0000-0001-6349-7251
María Cecilia Rivara,Universidad de Chile,https://www.dcc.uchile.cl/~mcrivara,NYyo2yQAAAAJ,0000-0000-0000-0000
María Martínez Pérez,University of A Coruña,https://pdi.udc.es/en/File/Pdi/AW2EH,NOSCHOLARPAGE,0000-0000-0000-0000
María de Lourdes Peña Castillo,Memorial Univ. of Newfoundland,https://www.mun.ca/computerscience/people/lourdes.php,4MmWOFMAAAAJ,0000-0000-0000-0000
María del Pilar Villamil Giraldo,Universidad de los Andes,https://profesores.virtual.uniandes.edu.co/mavillam/es/inicio,YCevcDEAAAAJ,0000-0000-0000-0000
María-Del-Pilar Villamil,Universidad de los Andes,https://profesores.virtual.uniandes.edu.co/mavillam/es/inicio,YCevcDEAAAAJ,0000-0000-0000-0000
Maríano Javier Cabrero Canosa,University of A Coruña,https://pdi.udc.es/en/File/Pdi/LB4AF,uoekVL8AAAAJ,0000-0000-0000-0000
Masaaki Iiyama,Kyoto University,http://www.iiyama-lab.org,MI-yYJYAAAAJ,0000-0002-7715-3078
Masaaki Kondo,Keio University,https://www.acsl.ics.keio.ac.jp/kondo,A0O2ChgAAAAJ,0000-0002-6025-8738
Masaaki Mizuno,Kansas State University,https://www.cs.ksu.edu/user/301,SRFswxMAAAAJ,0000-0000-0000-0000
Masahiko Inami,University of Tokyo,https://star.rcast.u-tokyo.ac.jp,5YgNqfYAAAAJ,0000-0002-8652-0730
Masahiro Furukawa,Osaka University,https://sites.google.com/site/masahirofurukawa,n3CKPPsAAAAJ,0000-0003-0421-8106
Masahiro Goshima,National Inst. of Informatics,https://www.nii.ac.jp/en/faculty/architecture/goshima_masahiro,NOSCHOLARPAGE,0000-0002-1798-0565
Masahiro Hamasaki,University of Tsukuba,https://staff.aist.go.jp/masahiro.hamasaki/tsukuba,a4oulacAAAAJ,0000-0000-0000-0000
Masahiro Shimizu,Osaka University,https://www.grad.sys.es.osaka-u.ac.jp/people-%E6%95%99%E5%93%A1%E4%B8%80%E8%A6%A7,NOSCHOLARPAGE,0000-0000-0000-0000
Masahiro Takatsuka,University of Sydney,http://sydney.edu.au/engineering/people/masa.takatsuka.php,BuB1HjoAAAAJ,0000-0000-0000-0000
Masahiro Takinoue,Tokyo Institute of Technology,http://www.takinoue-lab.jp/en,NOSCHOLARPAGE,0000-0002-3874-2670
Masakazu Sekijima,Tokyo Institute of Technology,http://www.cbi.c.titech.ac.jp,NOSCHOLARPAGE,0000-0002-3806-9535
Masaki Nishizawa,National Inst. of Informatics,https://www.nii.ac.jp/en/faculty/society/nishizawa_masaki,NOSCHOLARPAGE,0000-0000-0000-0000
Masako Furukawa,National Inst. of Informatics,https://www.nii.ac.jp/en/faculty/society/furukawa_masako,NOSCHOLARPAGE,0000-0000-0000-0000
Masako Kishida,National Inst. of Informatics,https://www.nii.ac.jp/en/faculty/informatics/kishida_masako,NOSCHOLARPAGE,0000-0000-0000-0000
Masami Hagiya,University of Tokyo,http://hagi.is.s.u-tokyo.ac.jp/hagiya,NOSCHOLARPAGE,0000-0000-0000-0000
Masamichi Shimosaka,Tokyo Institute of Technology,http://www.miubiq.cs.titech.ac.jp,ReTFRscAAAAJ,0000-0003-0558-2006
Masanori Hashimoto,Osaka University,https://www.ist.osaka-u.ac.jp/english/introduction/professors/information-systems-engineering/integrated-system-design/masanori-hashimoto.html,sRfe3mgAAAAJ,0000-0002-0377-2108
Masaru Kitsuregawa,University of Tokyo,http://www.tkl.iis.u-tokyo.ac.jp/FIRST/members/kitsuregawa.en.html,NOSCHOLARPAGE,0000-0000-0000-0000
Masashi Sugiyama,University of Tokyo,http://www.ms.k.u-tokyo.ac.jp/sugi,GkYIrlIAAAAJ,0000-0001-6658-6743
Masashi Toyoda,University of Tokyo,https://www.iis.u-tokyo.ac.jp/en/research/staff/masashi-toyoda,eOZR3vEAAAAJ,0000-0001-9473-5531
Masataka Goto,University of Tsukuba,https://staff.aist.go.jp/m.goto/index-j.html,BkZggZkAAAAJ,0000-0003-1167-0977
Masato Uchida,Waseda University,https://uchida-lab.jp/jp_uchida,S_zbvwoAAAAJ,0000-0002-1998-0788
Masatoshi Ishikawa,University of Tokyo,http://www.k2.t.u-tokyo.ac.jp/members/ishikawa/ishikawa-e.html,MPwVuGwAAAAJ,0000-0002-6096-830X
Masatoshi Uehara,University of Wisconsin - Madison,https://www.masatoshiuehara.com,xuLKJboAAAAJ,0000-0001-9017-3105
Masatoshi Yoshikawa,Kyoto University,https://www.db.soc.i.kyoto-u.ac.jp/~yoshikawa/index-en.html,yMFHG7wAAAAJ,0000-0002-1176-700X
Masayuki Fujita,Tokyo Institute of Technology,http://www.fl.ctrl.titech.ac.jp,0LBPJ7MAAAAJ,0000-0001-9312-339X
Masayuki Inaba,University of Tokyo,http://www.jsk.t.u-tokyo.ac.jp/~inaba,NOSCHOLARPAGE,0000-0000-0000-0000
Masayuki Murata,Osaka University,https://www.anarg.jp/index.php?lang=en,swOZ1VUAAAAJ,0000-0002-4168-2875
Masayuki Numao,Osaka University,http://www.ai.sanken.osaka-u.ac.jp/en,o__ttLoAAAAJ,0000-0002-4890-1970
Masayuki Yamamura,Tokyo Institute of Technology,http://www.ali.c.titech.ac.jp/en/index.html,NOSCHOLARPAGE,0000-0000-0000-0000
Mashael AlSabah,Qatar University,http://www.qu.edu.qa/engineering/computer/faculty/mashael.php,rGIv25EAAAAJ,0000-0001-6764-8280
Mason Rice,Air Force Inst. of Technology,https://www.afit.edu/docs/AFIT-ENG-MS-16-M-016.pdf,NOSCHOLARPAGE,0000-0000-0000-0000
Masood Parvania,University of Utah,https://faculty.utah.edu/u6001488-Masood_Parvania/hm/index.hml,p1OfBN4AAAAJ,0000-0002-8891-7010
Masoud Daneshtalab,Mälardalen University,http://www.idt.mdh.se/~md,DO0lHt8AAAAJ,0000-0001-6289-1521
Masoud Makrehchi,Ontario Tech University,https://engineering.ontariotechu.ca/people/ecse/masoud.makrehchi.php,StSRgHYAAAAJ,0000-0003-0287-9568
Masoud Mansoury,TU Delft,https://masoudmansoury.github.io,TSG6jcMAAAAJ,0000-0002-9938-0212
Masoud Milani,Florida International University,https://www.cis.fiu.edu/faculty-staff/milani-masoud,NOSCHOLARPAGE,0000-0000-0000-0000
Masoud Seddighin,TeIAS,https://teias.institute/~seddighin,4hPh0toAAAAJ,0000-0003-1089-5779
Masoumeh Mansouri,University of Birmingham,https://www.birmingham.ac.uk/staff/profiles/computer-science/academic-staff/masoumeh-mansouri.aspx,rMrflgwAAAAJ,0000-0002-4527-7586
Massimiliano Albanese,George Mason University,https://computing.gmu.edu/profiles/malbanes,s6zNFvAAAAAJ,0000-0002-2675-5810
Massimiliano Di Penta,University of Sannio,http://www.ing.unisannio.it/mdipenta,j6ucyOAAAAAJ,0000-0002-0340-9747
Massimiliano Fasi,University of Leeds,https://eps.leeds.ac.uk/computing/staff/14034/massimiliano-fasi,SnHN4h4AAAAJ,0000-0002-6015-391X
Massimiliano Pierobon,University of Nebraska,http://cse.unl.edu/~pierobon,Rhu5LQIAAAAJ,0000-0003-1074-6925
Massimiliano Pontil,University College London,http://www0.cs.ucl.ac.uk/staff/M.Pontil,lcOacs8AAAAJ,0000-0001-9415-098X
Massimiliano Todisco,EURECOM,http://www.massimilianotodisco.eu,m5JUU1UAAAAJ,0000-0003-2883-0324
Massimiliano de Leoni,University of Padova,https://www.math.unipd.it/~deleoni,OejM6_AAAAAJ,0000-0000-0000-0000
Massimo De Santo,University of Salerno,http://www.unisa.it/docenti/massimodesanto/index,h9tkpyYAAAAJ,0000-0000-0000-0000
Massimo DiPierro,DePaul University,https://www.cdm.depaul.edu/about/Pages/People/facultyinfo.aspx?fid=343,NOSCHOLARPAGE,0000-0000-0000-0000
Massimo Donelli,University of Trento,https://webapps.unitn.it/du/en/Persona/PER0002394/Curriculum,oFEMlKIAAAAJ,0000-0001-9477-9243
Massimo Mecella,Sapienza University of Rome,http://www.diag.uniroma1.it/users/massimo%20mecella,x844E6sAAAAJ,0000-0002-9730-8882
Massimo Pappalardo,University of Pisa,http://pages.di.unipi.it/mpappalardo,GWrrWeEAAAAJ,0000-0003-0258-724X
Massimo Poesio,Queen Mary University of London,http://gameai.eecs.qmul.ac.uk/team_member/massimo-poesio,89aa1X0AAAAJ,0000-0001-8469-2072
Massimo Tivoli,University of L'Aquila,http://people.disim.univaq.it/massimo.tivoli,jvlJKLkAAAAJ,0000-0001-9290-1997
Massimo Tornatore,Politecnico di Milano,http://home.deib.polimi.it/tornatore,50-RA6kAAAAJ,0000-0003-0740-1061
Massimo Torquati,University of Pisa,http://calvados.di.unipi.it/paragroup/torquati,TCpEfU8AAAAJ,0000-0001-6323-3459
Matan Gavish,Hebrew University of Jerusalem,http://ratio.huji.ac.il/node/779,j0nK_CsAAAAJ,0000-0001-6747-6888
Matei A. Zaharia,Univ. of California - Berkeley,https://people.eecs.berkeley.edu/~matei,I1EvjZsAAAAJ,0000-0002-7547-7204
Matei Ripeanu,University of British Columbia,http://www.ece.ubc.ca/~matei,eeMpO3wAAAAJ,0000-0001-9839-3866
Matei Zaharia,Univ. of California - Berkeley,https://people.eecs.berkeley.edu/~matei,I1EvjZsAAAAJ,0000-0002-7547-7204
Matej Hoffmann,Czech Technical University,https://sites.google.com/site/matejhof,KFUbXYYAAAAJ,0000-0001-8137-3412
Mateja Jamnik,University of Cambridge,https://www.cl.cam.ac.uk/~mj201,NOSCHOLARPAGE,0000-0003-2772-2532
Mateo Valero,Polytechnic Univ. of Catalonia,https://www.bsc.es/mateo-valero,MyT3cHQAAAAJ,0000-0003-2917-2482
Matheus V. X. Ferreira,University of Virginia,https://matheusvxf.github.io,sB6vkOIAAAAJ,0000-0002-7695-026X
Matheus Venturyne Xavier Ferreira,University of Virginia,https://matheusvxf.github.io,sB6vkOIAAAAJ,0000-0000-0000-0000
Matheus Xavier Ferreira,University of Virginia,https://matheusvxf.github.io,sB6vkOIAAAAJ,0000-0000-0000-0000
Mathias Ekstedt,KTH Royal Inst. of Technology,https://www.kth.se/profile/mekstedt,ApBrrccAAAAJ,0000-0003-3922-9606
Mathias Fischer 0001,University of Hamburg,https://www.inf.uni-hamburg.de/inst/ab/snp/team/fischer.html,y1v6sdAAAAAJ,0000-0000-0000-0000
Mathias Géry,Université Jean Monnet,http://perso.univ-st-etienne.fr/gerymath,9z3AzvEAAAAJ,0000-0000-0000-0000
Mathias Kölsch,Naval Postgraduate School,http://www.movesinstitute.org/~kolsch,_JxS2MYAAAAJ,0000-0000-0000-0000
Mathias Lux,University of Klagenfurt,http://www.itec.uni-klu.ac.at/~mlux,ucLHfl4AAAAJ,0000-0002-8688-6388
Mathias Lécuyer,University of British Columbia,https://mathias.lecuyer.me,WeIvMTUAAAAJ,0000-0001-9828-1688
Mathias Niepert,University of Stuttgart,http://www.matlog.net,p5vLzq0AAAAJ,0000-0002-8401-3751
Mathias Payer,EPFL,https://nebelwelt.net,9cFCY5wAAAAJ,0000-0001-5054-7547
Mathias Unberath,Johns Hopkins University,https://mathiasunberath.github.io,1bd5mdIAAAAJ,0000-0002-0055-9950
Mathias Weller,TU Berlin,https://www.tu.berlin/akt/ueber-uns/leitung,bsdr7SwAAAAJ,0000-0000-0000-0000
Mathias Weske,Hasso Plattner Institute,https://hpi.de/en/research/research-groups/business-process-technology,Qc4JtWcAAAAJ,0000-0000-0000-0000
Mathieu Barthet,Queen Mary University of London,http://www.eecs.qmul.ac.uk/profiles/barthetmathieu.html,dhK-pgYAAAAJ,0000-0000-0000-0000
Mathieu Blanchette,McGill University,http://www.cs.mcgill.ca/~blanchem,8vXnOQsAAAAJ,0000-0002-9555-860X
Mathieu Chollet,University of Glasgow,https://www.gla.ac.uk/schools/computing/staff/mathieuchollet,QNvkEeoAAAAJ,0000-0001-9858-6844
Mathieu Giraud,CRIStAL,http://cristal.univ-lille.fr/~giraud,xNgheEoAAAAJ,0000-0000-0000-0000
Mathieu Hébert,Université Jean Monnet,https://laboratoirehubertcurien.univ-st-etienne.fr/en/teams/image-science-computer-vision/news-events/ph-d-defense/hdr-defense-of-mathieu-hebert.html,2imvBaEAAAAJ,0000-0000-0000-0000
Mathieu Nancel,CRIStAL,http://mathieu.nancel.net,-Lm0OKsAAAAJ,0000-0002-0804-728X
Mathieu Salzmann,EPFL,https://www.epfl.ch/labs/cvlab,n-B0jr4AAAAJ,0000-0002-8347-8637
Mathijs Michiel de Weerdt,TU Delft,http://www.alg.ewi.tudelft.nl/weerdt,9GJ8AvgAAAAJ,0000-0000-0000-0000
Mathijs de Weerdt,TU Delft,http://www.alg.ewi.tudelft.nl/weerdt,9GJ8AvgAAAAJ,0000-0002-0470-6241
Mathy Vanhoef,KU Leuven,https://www.mathyvanhoef.com,02_-sZ0AAAAJ,0000-0002-8971-9470
Matias David Lee,Ecole Normale Superieure de Lyon,https://angel.co/matias-david-lee,eWYixqsAAAAJ,0000-0000-0000-0000
Matias Volonte,Clemson University,https://mvolont.people.clemson.edu,DClx7f0AAAAJ,0000-0002-9423-3408
Matilde Marcolli,California Inst. of Technology,http://www.its.caltech.edu/~matilde,hTFeplYAAAAJ,0000-0002-2045-2907
Matin Yarmand,UNC - Charlotte,https://cci.charlotte.edu/people/matin-yarmand,RljvQsEAAAAJ,0000-0002-2353-3462
Matloob Khushi,Brunel University London,https://www.brunel.ac.uk/people/matloob-khushi,rkZw2AcAAAAJ,0000-0001-7792-2327
Matluba Khodjaeva,CUNY,https://www.jjay.cuny.edu/faculty/matluba-khodjaeva,-E8t9pwAAAAJ,0000-0000-0000-0000
Mats Björkman,Mälardalen University,http://www.es.mdh.se/staff/55-Mats_Bj__rkman,UrhfOq0AAAAJ,0000-0000-0000-0000
Mats Brorsson,KTH Royal Inst. of Technology,https://www.kth.se/profile/matsbror,BaZm_X8AAAAJ,0000-0002-9637-2065
Mats Daniels,Uppsala University,http://www.it.uu.se/katalog/matsd,NOSCHOLARPAGE,0000-0002-8465-7629
Mats Lind,Uppsala University,https://www.it.uu.se/katalog/matslind,NOSCHOLARPAGE,0000-0000-0000-0000
Mats P. E. Heimdahl,University of Minnesota,http://www.umsec.umn.edu/directory/mats-heimdahl,NOSCHOLARPAGE,0000-0000-0000-0000
Mats Per Erik Heimdahl,University of Minnesota,http://www.umsec.umn.edu/directory/mats-heimdahl,NOSCHOLARPAGE,0000-0000-0000-0000
Matt Bishop,Univ. of California - Davis,http://nob.cs.ucdavis.edu/~bishop,2oclnIwAAAAJ,0000-0002-7301-7060
Matt Blaze,Georgetown University,http://www.crypto.com,NOSCHOLARPAGE,0000-0000-0000-0000
Matt Broadbent,Lancaster University,https://www.lancaster.ac.uk/scc/about-us/people/matthew-broadbent,qfxb4ssAAAAJ,0000-0000-0000-0000
Matt E. Thatcher,University of South Carolina,https://www.sc.edu/study/colleges_schools/engineering_and_computing/faculty-staff/mattthatcher.php,NOSCHOLARPAGE,0000-0000-0000-0000
Matt Fredrikson,Carnegie Mellon University,http://www.cs.cmu.edu/~mfredrik,tMYCvLAAAAAJ,0000-0003-1820-1698
Matt Germonprez,University of Nebraska - Omaha,https://germonprez.github.io/,WccpZt4AAAAJ,0000-0001-5529-2600
Matt Gibson 0001,University of Texas at San Antonio,http://cs.utsa.edu/~gibson,MQQCbiQAAAAJ,0000-0001-5777-8313
Matt Gibson-Lopez,University of Texas at San Antonio,http://cs.utsa.edu/~gibson,MQQCbiQAAAAJ,0000-0001-5777-8313
Matt Huenerfauth,Rochester Inst. of Technology,http://huenerfauth.ist.rit.edu,UsP45DwAAAAJ,0000-0001-6290-2681
Matt J. Kusner,Polytechnique Montreal,https://mkusner.github.io,57KRSu8AAAAJ,0000-0000-0000-0000
Matt Thomson,California Inst. of Technology,https://thomsonlab.caltech.edu,6yrFvWwAAAAJ,0000-0000-0000-0000
Matt W. Mutka,Michigan State University,https://www.cse.msu.edu/~mutka,NOSCHOLARPAGE,0000-0002-7381-8095
Matteo Cavaliere,Univ. of Modena and Reggio Emilia,https://personale.unimore.it/rubrica/dettaglio/mcavaliere,p1JK27sAAAAJ,0000-0002-4071-6965
Matteo Cesana,Politecnico di Milano,http://home.deib.polimi.it/cesana,bdR2l-sAAAAJ,0000-0002-2229-5204
Matteo Cimini,University of Massachusetts Lowell,http://cimini.info,nq6IfV4AAAAJ,0000-0003-0162-9997
Matteo Fontana,Royal Holloway Univ. of London,https://pure.royalholloway.ac.uk/en/persons/matteo-fontana,U7jODH8AAAAJ,0000-0002-2775-1862
Matteo G. Rossi,Politecnico di Milano,http://home.deib.polimi.it/rossi,X6wFirUAAAAJ,0000-0000-0000-0000
Matteo Gaeta,University of Salerno,http://www.unisa.it/docenti/matteogaeta/en/index,HOS-Rf4AAAAJ,0000-0000-0000-0000
Matteo Leonetti,King's College London,https://www.kcl.ac.uk/people/matteo-leonetti,23uzLe0AAAAJ,0000-0002-3831-2400
Matteo Maffei,TU Wien,https://secpriv.tuwien.ac.at/team/univ_prof_matteo_maffei,WWM2IcAAAAAJ,0000-0001-8061-1685
Matteo Magnani,Uppsala University,https://katalog.uu.se/empinfo/?id=N13-1077,41i7uf4AAAAJ,0000-0002-3437-9018
Matteo Matteucci,Politecnico di Milano,http://home.deib.polimi.it/matteucc,PdbEg5YAAAAJ,0000-0002-8306-6739
Matteo Migliavacca,University of Kent,https://www.cs.kent.ac.uk/people/staff/mm53,rUiog4kAAAAJ,0000-0000-0000-0000
Matteo Mio,Ecole Normale Superieure de Lyon,https://sites.google.com/site/miomatteo,NOSCHOLARPAGE,0000-0003-4050-3617
Matteo Pradella,Politecnico di Milano,http://home.deib.polimi.it/pradella,JXmHbfoAAAAJ,0000-0003-3039-1084
Matteo Sammartino,Royal Holloway Univ. of London,https://matteosammartino.com,l7FRC2UAAAAJ,0000-0003-1456-2242
Matteo Sesia,University of Southern California,https://msesia.github.io,qFtP1MQAAAAJ,0000-0001-9046-907X
Matthew A. Turk,TTI Chicago,https://home.ttic.edu/~mturk,KltleWgAAAAJ,0000-0000-0000-0000
Matthew B. Blaschko,KU Leuven,https://homes.esat.kuleuven.be/~mblaschk,EmmO7LcAAAAJ,0000-0002-2640-181X
Matthew B. Dwyer,University of Virginia,http://matthewbdwyer.github.io,-ZRKCcEAAAAJ,0000-0002-1937-1544
Matthew Barr,University of Glasgow,https://www.gla.ac.uk/schools/computing/staff/matthewbarr,zB1LlksAAAAJ,0000-0002-5147-0673
Matthew Berger,Vanderbilt University,https://engineering.vanderbilt.edu/bio/?pid=matthew-berger,i-j2oMsAAAAJ,0000-0002-8876-2418
Matthew Berland,University of Wisconsin - Madison,https://ci.education.wisc.edu/fac-staff/berland-matthew,91X3w90AAAAJ,0000-0002-5457-1461
Matthew Brehmer,University of Waterloo,https://cs.uwaterloo.ca/contacts/matthew-brehmer,2LPIaQQAAAAJ,0000-0001-5524-2291
Matthew Broadbent,Lancaster University,https://www.lancaster.ac.uk/scc/about-us/people/matthew-broadbent,qfxb4ssAAAAJ,0000-0002-7029-6893
Matthew Butler 0002,Monash University,https://research.monash.edu/en/persons/matthew-butler,3fnjxYQAAAAJ,0000-0002-7950-5495
Matthew C. Caesar,Univ. of Illinois at Urbana-Champaign,https://caesar.web.engr.illinois.edu,HHn7118AAAAJ,0000-0000-0000-0000
Matthew C. Gombolay,Georgia Institute of Technology,https://www.cc.gatech.edu/people/matthew-gombolay,Ihyz20wAAAAJ,0000-0000-0000-0000
Matthew C. Turner,University of Southampton,https://www.ecs.soton.ac.uk/people/mct1d19,bJC45Q4AAAAJ,0000-0000-0000-0000
Matthew Caesar 0001,Univ. of Illinois at Urbana-Champaign,https://caesar.web.engr.illinois.edu,HHn7118AAAAJ,0000-0001-5955-9229
Matthew Chalmers,University of Glasgow,http://www.dcs.gla.ac.uk/~matthew,PixWatEAAAAJ,0000-0001-9816-668X
Matthew Collinson,University of Aberdeen,https://www.abdn.ac.uk/people/matthew.collinson,BxjRc9QAAAAJ,0000-0000-0000-0000
Matthew Collison,University of Exeter,http://emps.exeter.ac.uk/computer-science/staff/mmc212,HSBXEkgAAAAJ,0000-0000-0000-0000
Matthew Craig Gombolay,Georgia Institute of Technology,https://www.cc.gatech.edu/people/matthew-gombolay,Ihyz20wAAAAJ,0000-0000-0000-0000
Matthew D. Egbert,University of Auckland,https://unidirectory.auckland.ac.nz/people/profile/m-egbert,ab0bc-sAAAAJ,0000-0000-0000-0000
Matthew D. Green,Johns Hopkins University,https://isi.jhu.edu/~mgreen,X0XWAGkAAAAJ,0000-0000-0000-0000
Matthew D. Sinclair,University of Wisconsin - Madison,http://pages.cs.wisc.edu/~sinclair,gaDqxaQAAAAJ,0000-0003-0189-7895
Matthew Dunbabin,Queensland Univ. of Technology,https://research.qut.edu.au/qcr/people/matthew-dunbabin,qbJA1hYAAAAJ,0000-0003-0806-7720
Matthew Dwyer 0001,University of Virginia,http://matthewbdwyer.github.io,-ZRKCcEAAAAJ,0000-0000-0000-0000
Matthew E. Taylor,University of Alberta,https://drmatttaylor.net,edQgLXcAAAAJ,0000-0001-8946-0211
Matthew Edmund Taylor,University of Alberta,https://drmatttaylor.net,edQgLXcAAAAJ,0000-0000-0000-0000
Matthew Edwards 0001,University of Bristol,https://research-information.bris.ac.uk/en/persons/matthew-edwards,vsZcXMgAAAAJ,0000-0001-8099-0646
Matthew Flatt,University of Utah,http://www.cs.utah.edu/~mflatt,9sMIvdgAAAAJ,0000-0001-8994-2552
Matthew Fluet,Rochester Inst. of Technology,https://www.cs.rit.edu/~mtf,8SmCkDQAAAAJ,0000-0002-4194-7618
Matthew Fredrikson,Carnegie Mellon University,http://www.cs.cmu.edu/~mfredrik,tMYCvLAAAAAJ,0000-0003-1820-1698
Matthew G. Knepley,University at Buffalo,https://cse.buffalo.edu/~knepley,MtzzT2MAAAAJ,0000-0000-0000-0000
Matthew G. Liptrot,University of Copenhagen,http://ku-dk.academia.edu/MatthewLiptrot,n0NYEY0AAAAJ,0000-0000-0000-0000
Matthew G. Parker,University of Bergen,http://www.ii.uib.no/~matthew,NOSCHOLARPAGE,0000-0000-0000-0000
Matthew Giamou,McMaster University,https://mattgiamou.ca,TWcYp5sAAAAJ,0000-0003-2680-9791
Matthew Green 0001,Johns Hopkins University,https://isi.jhu.edu/~mgreen,X0XWAGkAAAAJ,0000-0002-6143-0683
Matthew Groh,Northwestern University,https://mattgroh.com,Zri-8PwAAAAJ,0000-0002-9029-0157
Matthew Guzdial,University of Alberta,http://guzdial.com,jKqmTbIAAAAJ,0009-0005-0523-8338
Matthew Hague,Royal Holloway Univ. of London,https://pure.royalholloway.ac.uk/portal/en/persons/matthew-hague(c4baa4a0-192e-49c8-a699-feda6a04a583).html,s37BfYAAAAAJ,0000-0003-4913-3800
Matthew Hicks,Virginia Tech,http://www.impedimenttoprogress.com,_rJCgzIAAAAJ,0000-0002-3639-4342
Matthew J. Colbrook,University of Cambridge,https://www.damtp.cam.ac.uk/user/mjc249/home.html,dl-FPtoAAAAJ,0000-0000-0000-0000
Matthew J. Kusner,Polytechnique Montreal,https://mkusner.github.io,57KRSu8AAAAJ,0000-0000-0000-0000
Matthew J. Luckie,University of Waikato,http://www.cms.waikato.ac.nz/people/mluckie,y_BSpQYAAAAJ,0000-0002-3872-4624
Matthew J. Patitz,University of Arkansas,http://self-assembly.net/mpatitz,fv8RSFgAAAAJ,0000-0001-9287-4028
Matthew J. Thazhuthaveetil,IISc Bangalore,http://www.csa.iisc.ac.in/~mjt,NOSCHOLARPAGE,0000-0000-0000-0000
Matthew James Guzdial,University of Alberta,http://guzdial.com,jKqmTbIAAAAJ,0000-0000-0000-0000
Matthew John Edwards,University of Bristol,https://research-information.bris.ac.uk/en/persons/matthew-edwards,vsZcXMgAAAAJ,0000-0000-0000-0000
Matthew John Yee-King,Goldsmiths University of London,https://www.gold.ac.uk/computing/staff/m-yee-king,VND7iOIAAAAJ,0000-0000-0000-0000
Matthew Johnson 0002,Durham University,https://www.dur.ac.uk/computer.science/staff/profile/?id=2387,4kDHz9AAAAAJ,0000-0000-0000-0000
Matthew Johnson-Roberson,Vanderbilt University,https://news.vanderbilt.edu/tag/matthew-johnson-roberson,vzay0DoAAAAJ,0000-0002-0506-907X
Matthew Johnston,Oregon State University,http://eecs.oregonstate.edu/people/johnston-matthew,AN-PNI4AAAAJ,0000-0000-0000-0000
Matthew K. Farrens,Univ. of California - Davis,http://faculty.engineering.ucdavis.edu/farrens,ExEEjcQAAAAJ,0000-0000-0000-0000
Matthew K. Franklin,Univ. of California - Davis,http://www.cs.ucdavis.edu/~franklin,D6ptFeMAAAAJ,0000-0000-0000-0000
Matthew K. Wright,Rochester Inst. of Technology,https://www.rit.edu/gccis/computingsecurity/people/matthew-wright,icDo19sAAAAJ,0000-0002-8489-6347
Matthew Kay 0001,Northwestern University,http://www.mjskay.com,NO5adqUAAAAJ,0000-0001-9446-0419
Matthew Kyan,York University,http://eecs.lassonde.yorku.ca/faculty/matthew-kyan,NOSCHOLARPAGE,0000-0000-0000-0000
Matthew Lease,University of Texas at Austin,https://mattlease.com,qgmiQ5IAAAAJ,0000-0002-0056-2834
Matthew Leeke,University of Warwick,https://warwick.ac.uk/fac/sci/dcs/people/matthew_leeke,NOSCHOLARPAGE,0000-0000-0000-0000
Matthew Lentz,Duke University,http://www.cs.umd.edu/~mlentz,x0Mys0wAAAAJ,0000-0003-1034-2736
Matthew Links,University of Saskatchewan,https://agbio.usask.ca/faculty-and-staff/people-pages/matthew-links.php,NOSCHOLARPAGE,0000-0003-1917-6789
Matthew Louis Mauriello,University of Delaware,https://www.eecis.udel.edu/~mlm,vVuPWSYAAAAJ,0000-0001-5359-6520
Matthew Luckie,University of Waikato,http://www.cms.waikato.ac.nz/people/mluckie,y_BSpQYAAAAJ,0000-0002-3872-4624
Matthew McGinity,TU Dresden,https://tu-dresden.de/ing/informatik/smt/im/ixlab/team/matthew-mcginity,IkbTWygAAAAJ,0000-0002-8923-6284
Matthew O'Toole,Carnegie Mellon University,https://www.ri.cmu.edu/ri-faculty/matthew-otoole,0GLMGTEAAAAJ,0000-0002-0740-9349
Matthew P. Johnson,CUNY,http://matthewpjohnson.org,Ybf7jtwAAAAJ,0000-0000-0000-0000
Matthew P. Johnson 0001,CUNY,http://matthewpjohnson.org,Ybf7jtwAAAAJ,0000-0000-0000-0000
Matthew Paul Johnson,CUNY,http://matthewpjohnson.org,Ybf7jtwAAAAJ,0000-0000-0000-0000
Matthew Purver,Queen Mary University of London,http://www.eecs.qmul.ac.uk/~mpurver,RlNm1d4AAAAJ,0000-0003-2297-1273
Matthew R. Guthaus,Univ. of California - Santa Cruz,https://www.soe.ucsc.edu/people/mrg,irzOIvoAAAAJ,0000-0002-8113-4531
Matthew R. Walter,TTI Chicago,http://ttic.uchicago.edu/~mwalter,RAiewnEAAAAJ,0000-0003-1425-6050
Matthew Revelle,Montana State University,http://www.cs.montana.edu/directory/2458167/matthew-revelle,kMItkQsAAAAJ,0000-0002-2952-9835
Matthew Rutherford,University of Denver,https://ritchieschool.du.edu/matthew-rutherford,NOSCHOLARPAGE,0000-0001-6394-8606
Matthew S. Goodwin,Northeastern University,http://www.northeastern.edu/bouve/directory/matthew-goodwin,hLSAMi8AAAAJ,0000-0000-0000-0000
Matthew Smith 0001,University of Bonn,http://mattsmith.de,NOSCHOLARPAGE,0000-0002-2724-1379
Matthew Stone,Rutgers University,https://www.cs.rutgers.edu/~mdstone,3siz6_0AAAAJ,0000-0003-3629-2941
Matthew T. Fluet,Rochester Inst. of Technology,https://www.cs.rit.edu/~mtf,8SmCkDQAAAAJ,0000-0000-0000-0000
Matthew T. Mason,Carnegie Mellon University,http://www.cs.cmu.edu/~mason,D_JpQnAAAAAJ,0000-0002-2672-5689
Matthew Thazhuthaveetil,IISc Bangalore,http://www.csa.iisc.ac.in/~mjt,NOSCHOLARPAGE,0000-0000-0000-0000
Matthew Thomas Mason,Carnegie Mellon University,http://www.cs.cmu.edu/~mason,D_JpQnAAAAAJ,0000-0000-0000-0000
Matthew Toews,ETS Montreal,http://www.matthewtoews.com,EJaVEJIAAAAJ,0000-0000-0000-0000
Matthew W. Easterday,Northwestern University,https://matteasterday.com,xXW2unwAAAAJ,0000-0002-0101-7440
Matthew W. Hahn,Indiana University,https://hahnlab.sitehost.iu.edu,ShySYTIAAAAJ,0000-0002-5731-8808
Matthew Walter,TTI Chicago,http://ttic.uchicago.edu/~mwalter,RAiewnEAAAAJ,0000-0000-0000-0000
Matthew Weinberg,Princeton University,https://www.cs.princeton.edu/~smattw,CBUpEcQAAAAJ,0000-0000-0000-0000
Matthew Wright 0001,Rochester Inst. of Technology,https://www.rit.edu/gccis/computingsecurity/people/matthew-wright,icDo19sAAAAJ,0000-0002-8489-6347
Matthew Yee-King,Goldsmiths University of London,https://www.gold.ac.uk/computing/staff/m-yee-king,VND7iOIAAAAJ,0000-0001-6606-2448
Matthias Althoff,TU Munich,http://www6.in.tum.de/Main/Althoff,E3zazJAAAAAJ,0000-0003-3733-842X
Matthias B. Hullin,University of Bonn,https://cg.cs.uni-bonn.de/en/people/prof-dr-matthias-b-hullin,pYR5TAcAAAAJ,0000-0002-8041-5665
Matthias Becker 0002,University of Hannover,https://hci.uni-hannover.de/people/matthias,_nMOV-YAAAAJ,0000-0000-0000-0000
Matthias Bethge,University of Tübingen,http://bethgelab.org/people/matthias,0z0fNxUAAAAJ,0000-0000-0000-0000
Matthias Boehm 0001,TU Berlin,https://mboehm7.github.io,jrPG2AUAAAAJ,0000-0003-1344-3663
Matthias Bolten,University of Wuppertal,https://www.hpc.uni-wuppertal.de/de/wissenschaftliches-rechnen-und-hochleistungsrechnen/mitarbeiter/prof-dr-matthias-bolten.html,3Fz3Z8UAAAAJ,0000-0002-8682-7652
Matthias Böhm 0001,TU Berlin,https://mboehm7.github.io,jrPG2AUAAAAJ,0000-0000-0000-0000
Matthias Christandl,University of Copenhagen,https://www.math.ku.dk/english/staff/?pure=en/persons/475476,IcOC-2sAAAAJ,0000-0003-2281-3355
Matthias Ehrhardt,University of Wuppertal,https://www-num.math.uni-wuppertal.de/de/amna/mitarbeiter/ehrhardt/details.html,S4JNKJQAAAAJ,0000-0000-0000-0000
Matthias Englert,University of Warwick,https://warwick.ac.uk/fac/sci/dcs/people/matthias_englert,vcrghDoAAAAJ,0000-0000-0000-0000
Matthias F. M. Stallmann,North Carolina State University,http://people.engr.ncsu.edu/mfms,G7LwKaoAAAAJ,0000-0000-0000-0000
Matthias F. Stallmann,North Carolina State University,http://people.engr.ncsu.edu/mfms,G7LwKaoAAAAJ,0000-0000-0000-0000
Matthias Felleisen,Northeastern University,http://www.ccs.neu.edu/home/matthias,KP-Vo44AAAAJ,0000-0001-6678-1004
Matthias Galster,University of Canterbury,http://www.cosc.canterbury.ac.nz/matthias.galster,NOSCHOLARPAGE,0000-0000-0000-0000
Matthias Gouthier,University of Koblenz-Landau,https://www.uni-koblenz-landau.de/de/koblenz/fb4/ifm/aggouthier/team/gouthier/matthias-gouthier,NOSCHOLARPAGE,0000-0000-0000-0000
Matthias Grabmair,TU Munich,https://www.cs.cit.tum.de/lt/team/matthias-grabmair,MroPEGsAAAAJ,0000-0000-0000-0000
Matthias Grossglauser,EPFL,http://icapeople.epfl.ch/grossglauser,0PNdFHcAAAAJ,0000-0000-0000-0000
Matthias H. Hennig,University of Edinburgh,http://homepages.inf.ed.ac.uk/mhennig,QMvayicAAAAJ,0000-0001-7270-5817
Matthias Hagen,Friedrich Schiller University Jena,https://www.fmi.uni-jena.de/en/databases-and-information-systems,m-IM9n8AAAAJ,0000-0002-9733-2890
Matthias Harders,University of Innsbruck,https://igs.uibk.ac.at/igs_html/members/IGSMember_Harders.html,ZwyxhDwAAAAJ,0000-0001-7564-6234
Matthias Hauswirth,Università della Svizzera italiana,http://search.usi.ch/persone/491c07f26f10e96f5f4ebad28f47ca1d/Hauswirth-Matthias,rIy8rOoAAAAJ,0000-0001-5527-5931
Matthias Hein 0001,University of Tübingen,https://uni-tuebingen.de/en/faculties/faculty-of-science/departments/computer-science/lehrstuehle/machine-learning/team/prof-dr-matthias-hein,0ZAb3tsAAAAJ,0000-0000-0000-0000
Matthias Hollick,TU Darmstadt,https://www.seemoo.tu-darmstadt.de/team/matthias-hollick,yS4WHUQAAAAJ,0000-0002-9163-5989
Matthias Jarke,RWTH Aachen University,https://dbis.rwth-aachen.de/dbis/index.php/user/jarke,JbioEFgAAAAJ,0000-0000-0000-0000
Matthias Kaschube,Goethe University Frankfurt,https://www.fias.science/en/neuroscience/research-groups/matthias-kaschube,ntad5VYAAAAJ,0000-0002-5145-7487
Matthias Knorr,Universidade NOVA de Lisboa,https://userweb.fct.unl.pt//~mkn,iEoWMTUAAAAJ,0000-0000-0000-0000
Matthias Korch,University of Bayreuth,http://www.ai2.uni-bayreuth.de/de/team/Korch_Matthias/index.php,NOSCHOLARPAGE,0000-0001-7267-0378
Matthias Kranz,University of Passau,http://www.eislab.net/en/team/matthias-kranz.html,zhI0DzsAAAAJ,0000-0003-3835-4974
Matthias Krause 0001,University of Mannheim,https://ls.wim.uni-mannheim.de/de/ths/arbeitsgruppe/mitarbeiter/prof-dr-matthias-krause,NOSCHOLARPAGE,0000-0000-0000-0000
Matthias Lanzinger,TU Wien,https://dbai.tuwien.ac.at/staff/mlanzing,XAR1lVUAAAAJ,0000-0002-7601-3727
Matthias Laschke,University of Siegen,https://www.pleasurabletroublemakers.com/about-en,WoOqaaEAAAAJ,0000-0003-2714-4293
Matthias Mnich,Hamburg University of Technology,https://www.tuhh.de/algo/homepage.html,5LvVxNYAAAAJ,0000-0002-4721-5354
Matthias Müller-Hannemann,University of Halle-Wittenberg,https://www.informatik.uni-halle.de/arbeitsgruppen/datenstrukturen/mitarbeiter/muellerh,NOSCHOLARPAGE,0000-0001-6976-0006
Matthias Nießner,TU Munich,http://niessnerlab.org,eUtEs6YAAAAJ,0000-0001-6093-5199
Matthias Rarey,University of Hamburg,https://www.zbh.uni-hamburg.de/personen/amd/mrarey.html,rmz_gr4AAAAJ,0000-0002-9553-6531
Matthias Renz,University of Kiel,https://www.ai.informatik.uni-kiel.de/ai/team/prof-dr-matthias-renz,47gh3JkAAAAJ,0000-0000-0000-0000
Matthias Riebisch,University of Hamburg,https://www.inf.uni-hamburg.de/en/inst/ab/swk/team/riebisch.html,HSDLZtkAAAAJ,0000-0001-9956-5949
Matthias S. Müller,RWTH Aachen University,http://www.itc.rwth-aachen.de/cms/IT-Center/IT-Center/Team/~epvp/Mitarbeiter-CAMPUS-/?gguid=0xB8B55109186DA749BE27700404DA28D8,HZwexAQAAAAJ,0000-0003-2545-5258
Matthias Scheutz,Tufts University,http://www.cs.tufts.edu/Faculty/matthias-scheutz.html,5yT3GScAAAAJ,0000-0002-0064-2789
Matthias Schubert,LMU Munich,http://www.dbs.ifi.lmu.de/cms/personen/professoren/schubert/index.html,GEnUYjQAAAAJ,0000-0000-0000-0000
Matthias Sebastian Treder,Cardiff University,https://www.cardiff.ac.uk/people/view/1231069-treder-matthias,iEBE0qgAAAAJ,0000-0000-0000-0000
Matthias Teschner,University of Freiburg,https://cg.informatik.uni-freiburg.de/people/teschner.htm,8exaZnsAAAAJ,0000-0002-4214-3996
Matthias Thimm,University of Koblenz-Landau,https://west.uni-koblenz.de/de/about-us/team/dr-matthias-thimm,Mh8hERIAAAAJ,0000-0000-0000-0000
Matthias Tichy,University of Ulm,https://www.tichy.de,hnc9E2AAAAAJ,0000-0002-9067-3748
Matthias Treder,Cardiff University,https://www.cardiff.ac.uk/people/view/1231069-treder-matthias,iEBE0qgAAAAJ,0000-0001-5955-2326
Matthias Volk 0001,TU Eindhoven,https://volkm.github.io,PR9ZLjsAAAAJ,0000-0002-3810-4185
Matthias Weidlich 0001,Humboldt University of Berlin,http://www.informatik.hu-berlin.de/de/forschung/gebiete/pda,P_9a7I0AAAAJ,0000-0003-3325-7227
Matthias Werner 0001,TU Chemnitz,https://osg.informatik.tu-chemnitz.de/Staff/M_Werner/?lang=de,NOSCHOLARPAGE,0000-0002-3963-2246
Matthias Wählisch,TU Dresden,https://tu-dresden.de/inf/sya/netd/about/mw?set_language=en,EjmivsUAAAAJ,0000-0002-3825-2807
Matthias Zwicker,Univ. of Maryland - College Park,https://www.cs.umd.edu/people/zwicker,KW0FmzgAAAAJ,0000-0001-8630-5515
Matthieu Basseur,CRIStAL,https://www.cristal.univ-lille.fr/profil/mbasseur,NOSCHOLARPAGE,0000-0000-0000-0000
Matthieu Brinkhuis,Utrecht University,https://www.uu.nl/staff/MJSBrinkhuis,2IXY3n4AAAAJ,0000-0000-0000-0000
Matthieu Defrance,Université libre de Bruxelles,http://ibsquare.be/members/matthieu-defrance,jqT35NQAAAAJ,0000-0002-3090-3142
Matthieu Imbert,Ecole Normale Superieure de Lyon,http://www.ens-lyon.fr/annuaire/m-imbert-matthieu-84263.kjsp?RH=ENS-LYON,NOSCHOLARPAGE,0000-0000-0000-0000
Matthieu J. S. Brinkhuis,Utrecht University,https://www.uu.nl/staff/MJSBrinkhuis,2IXY3n4AAAAJ,0000-0000-0000-0000
Matthieu Sozeau,INRIA,https://sozeau.gitlabpages.inria.fr/www,Sow46roAAAAJ,0000-0001-6452-8806
Matthijs T. J. Spaan,TU Delft,http://www.st.ewi.tudelft.nl/~mtjspaan,twSIZSEAAAAJ,0000-0000-0000-0000
Matthijs van Leeuwen,Leiden University,https://patternsthatmatter.org,GGLwU28AAAAJ,0000-0000-0000-0000
Matti Järvisalo,University of Helsinki,https://www.cs.helsinki.fi/u/mjarvisa,aSsan-UAAAAJ,0000-0003-2572-063X
Mattia Fazzini,University of Minnesota,https://www-users.cs.umn.edu/~mfazzini,AgbgDvQAAAAJ,0000-0002-1412-1546
Mattias P. Heinrich,University of Lübeck,https://www.imi.uni-luebeck.de/institut/mitarbeiterinnen/heinrich-mattias,_403fNcAAAAJ,0000-0000-0000-0000
Mattijs Jonker,University of Twente,https://research.utwente.nl/en/persons/ec369acf-34ca-43a0-9247-1867481d3169,Fo4BthUAAAAJ,0000-0001-5174-9140
Matty Hoban,Goldsmiths University of London,https://www.gold.ac.uk/computing/people/hoban-matthew,NOSCHOLARPAGE,0000-0000-0000-0000
Matty J. Hoban,Goldsmiths University of London,https://www.gold.ac.uk/computing/people/hoban-matthew,NOSCHOLARPAGE,0000-0000-0000-0000
Matus Telgarsky,New York University,http://mjt.cs.illinois.edu,Fc-5yRIAAAAJ,0000-0000-0000-0000
Matías Toro,Universidad de Chile,https://pleiad.cl/people/mtoro,hRPJ-ZIAAAAJ,0000-0002-5315-0198
Matús Mihalák,Maastricht University,https://dke.maastrichtuniversity.nl/matus.mihalak,MQH1BVEAAAAJ,0000-0000-0000-0000
Maude Klaerr-Blanchard,CRIStAL,http://cristal.univ-lille.fr/~pupin,2MNQbZUAAAAJ,0000-0000-0000-0000
Maude Manouvrier,Université Paris Dauphine,https://www.lamsade.dauphine.fr/~manouvri,swkhFZcAAAAJ,0000-0001-8878-058X
Maude Pupin,CRIStAL,http://cristal.univ-lille.fr/~pupin,2MNQbZUAAAAJ,0000-0003-3197-0715
Maunendra Sankar Desarkar,IIT Hyderabad,http://www.iith.ac.in/~maunendra,W8LJ-tEAAAAJ,0000-0003-1963-7338
Maurice Herlihy,Brown University,http://cs.brown.edu/~mph,Ezrt3pkAAAAJ,0000-0000-0000-0000
Maurice Pagnucco,UNSW,https://research.unsw.edu.au/people/professor-maurice-pagnucco,lqjmockAAAAJ,0000-0001-7712-6646
Maurice van Keulen,University of Twente,https://research.utwente.nl/en/persons/9bd08ded-c8d3-4c0c-a057-7ebce3b39afb,JireFzMAAAAJ,0000-0003-2436-1372
Mauricio A. Álvarez,University of Manchester,https://maalvarezl.github.io,vrb4a_wAAAAJ,0000-0002-8980-4472
Mauricio Ayala-Rincón,Universidade de Brasília,http://cic.unb.br/~ayala,hd3UcpsAAAAJ,0000-0003-0089-3905
Mauricio Kischinhevsky,UFF,http://www2.ic.uff.br/~kisch,U5qX4hsAAAAJ,0000-0000-0000-0000
Mauricio Papa,University of Tulsa,https://faculty.utulsa.edu/~/mauricio-papa,NOSCHOLARPAGE,0009-0000-5628-0548
Maurits R. R. de Planque,University of Southampton,https://www.ecs.soton.ac.uk/people/mrdp1x07,mGK_vD0AAAAJ,0000-0000-0000-0000
Maurits de Planque,University of Southampton,https://www.ecs.soton.ac.uk/people/mrdp1x07,mGK_vD0AAAAJ,0000-0000-0000-0000
Maurizio Filippone,KAUST,https://www.kaust.edu.sa/en/study/faculty/maurizio-filippone,ILUeAloAAAAJ,0000-0001-7294-472X
Maurizio Lenzerini,Sapienza University of Rome,http://www.diag.uniroma1.it/lenzerini,EYxaICEAAAAJ,0000-0003-2875-6187
Maurizio Mancini,Sapienza University of Rome,http://www.mauriziomancini.org,RJLyh1wAAAAJ,0000-0000-0000-0000
Maurizio Marchese,University of Trento,https://webapps.unitn.it/du/en/Persona/PER0000526/Didattica,Bir37L0AAAAJ,0000-0001-6485-1443
Maurizio Murgia 0001,GSSI,https://gssi.it/people/professors/lectures-computer-science/item/16615-murgia-maurizio,0dKc5TYAAAAJ,0000-0000-0000-0000
Maurizio Tucci,University of Salerno,http://www.unisa.it/docenti/mauriziotucci/index,NOSCHOLARPAGE,0000-0000-0000-0000
Maurizio Vincini,Univ. of Modena and Reggio Emilia,https://personale.unimore.it/rubrica/dettaglio/mvincini,kxs1iP8AAAAJ,0000-0001-9262-2939
Mauro Andreolini,Univ. of Modena and Reggio Emilia,https://personale.unimore.it/rubrica/dettaglio/andreolini,Qdwyrr4AAAAJ,0000-0003-3671-6927
Mauro Birattari,Université libre de Bruxelles,https://iridia.ulb.ac.be/~mbiro,ul-dSQQAAAAJ,0000-0003-3309-2194
Mauro Conti,University of Padova,https://www.math.unipd.it/~conti,0BcsOY8AAAAJ,0000-0002-3612-1934
Mauro Leoncini,Univ. of Modena and Reggio Emilia,https://personale.unimore.it/rubrica/dettaglio/leoncini,NOSCHOLARPAGE,0000-0000-0000-0000
Mauro Nacif Rocha,Universidade Federal de Viçosa,http://www.dpi.ufv.br/~nacif,NOSCHOLARPAGE,0000-0000-0000-0000
Mauro Negri,Politecnico di Milano,http://home.deib.polimi.it/negri,tcsOBwwAAAAJ,0000-0001-9560-0575
Mauro Pezzè,Università della Svizzera italiana,http://search.usi.ch/people/4fcdc3b7f6e5a58050ee5b3a2b530ad6/Pezze-Mauro,zhbGyEYAAAAJ,0000-0001-5193-7379
Mausam,IIT Delhi,https://www.cse.iitd.ac.in/~mausam,5y4YmFcAAAAJ,0000-0003-4088-4296
Max A. Little,University of Birmingham,https://www.birmingham.ac.uk/staff/profiles/computer-science/academic-staff/little-max.aspx,qHG9PB8AAAAJ,0000-0000-0000-0000
Max Garagnani,Goldsmiths University of London,https://www.gold.ac.uk/computing/people/garagnani-max,9ORXa1wAAAAJ,0000-0000-0000-0000
Max H. Garzon,University of Memphis,https://www.memphis.edu/cs/people/faculty_pages/max-garzon.php,jr-aD3gAAAAJ,0000-0000-0000-0000
Max Hinne,Radboud University,http://www.cs.ru.nl/~mhinne,oEtR-fkAAAAJ,0000-0002-9279-6725
Max J. van Duijn,Leiden University,https://www.mjvd.nl,1jZcjYkAAAAJ,0000-0000-0000-0000
Max L. Wilson 0001,University of Nottingham,https://www.nottingham.ac.uk/computerscience/people/max.wilson,WkLZuJsAAAAJ,0000-0002-3515-6633
Max M. Shulaker,Massachusetts Inst. of Technology,https://www.eecs.mit.edu/people/faculty/max-shulaker,ac1SojMAAAAJ,0000-0000-0000-0000
Max Marcel Shulaker,Massachusetts Inst. of Technology,https://www.eecs.mit.edu/people/faculty/max-shulaker,ac1SojMAAAAJ,0000-0000-0000-0000
Max Mignotte,University of Montreal,http://www.iro.umontreal.ca/~mignotte,NOSCHOLARPAGE,0000-0000-0000-0000
Max Mühlhäuser,TU Darmstadt,https://www.informatik.tu-darmstadt.de/fb20/organisation_fb20/studiendekanat/studiendekanat_detailseite_46656.en.jsp,69rd-UAAAAAJ,0000-0003-4713-5327
Max S. New,University of Michigan,http://maxsnew.com,Mvl9hhEAAAAJ,0000-0001-8141-195X
Max Schuchard,University of Tennessee,https://web.eecs.utk.edu/~mschucha/index.html,-o0o1B4AAAAJ,0000-0000-0000-0000
Max Taylor,Boise State University,https://www.boisestate.edu/coen-cs/people/faculty/maxtaylor,2khwrLsAAAAJ,0009-0005-7873-9694
Max Van Kleek,University of Oxford,http://www.cs.ox.ac.uk/people/max.vankleek,bknlzZwAAAAJ,0000-0003-3873-6366
Max W. Libbrecht,Simon Fraser University,https://www.sfu.ca/computing/people/faculty/maxlibbrecht11.html,O4SMk-sAAAAJ,0000-0000-0000-0000
Max Welling,University of Amsterdam,https://staff.fnwi.uva.nl/m.welling,8200InoAAAAJ,0000-0003-1484-2121
Max Willsey,Univ. of California - Berkeley,https://www.mwillsey.com,zko9-RwAAAAJ,0000-0001-8066-4218
Max Young,Mississippi State University,https://extension.msstate.edu/plant-and-soil-sciences/mr-william-maxwell-young-iii,NOSCHOLARPAGE,0000-0000-0000-0000
Maxim A. Babenko,HSE University,https://www.hse.ru/org/persons/7103512,mUrnIsUAAAAJ,0000-0000-0000-0000
Maxim E. Panov,MBZUAI,https://mbzuai.ac.ae/study/faculty/maxim-panov,BqDhGJQAAAAJ,0000-0000-0000-0000
Maxim Likhachev,Carnegie Mellon University,https://www.ri.cmu.edu/ri-faculty/maxim-likhachev,Ic8NqXwAAAAJ,0000-0000-0000-0000
Maxim Panov,MBZUAI,https://mbzuai.ac.ae/study/faculty/maxim-panov,BqDhGJQAAAAJ,0000-0000-0000-0000
Maxim V. Rakhuba,HSE University,https://www.hse.ru/en/org/persons/407666970,-WOI9p8AAAAJ,0000-0001-7606-7322
Maxime Descoteaux,Université de Sherbrooke,https://www.usherbrooke.ca/informatique/personnel/corps-professoral/professeurs/maxime-descoteaux,ohzG9ScAAAAJ,0000-0002-8191-2129
Maxime Folschette,CRIStAL,https://www.cristal.univ-lille.fr/profil/mfolsche,NOSCHOLARPAGE,0000-0000-0000-0000
Maxime Lamothe,Polytechnique Montreal,https://www.polymtl.ca/expertises/en/lamothe-maxime,N-SSIvIAAAAJ,0000-0003-3705-6238
Maxime Morge,CRIStAL,http://cristal.univ-lille.fr/~morge,aHV6JhwAAAAJ,0000-0000-0000-0000
Maxime Ogier,CRIStAL,https://www.cristal.univ-lille.fr/profil/ogier,NOSCHOLARPAGE,0000-0000-0000-0000
Maximilian Eibl,TU Chemnitz,https://www.tu-chemnitz.de/informatik/Medieninformatik,NOSCHOLARPAGE,0000-0000-0000-0000
Maximilian Golla,CISPA Helmholtz Center,https://maximiliangolla.com,FC0ACFUAAAAJ,0000-0003-2204-2132
Maximilian Jösch,IST Austria,https://ist.ac.at/research/research-groups/joesch-group,yHw-fi4AAAAJ,0000-0000-0000-0000
Maximilian Roeglinger,University of Bayreuth,https://www.wpm.uni-bayreuth.de/de/team/maximilian-roeglinger/index.php,id4NBw4AAAAJ,0000-0000-0000-0000
Maximilian Röglinger,University of Bayreuth,https://www.wpm.uni-bayreuth.de/de/team/maximilian-roeglinger/index.php,id4NBw4AAAAJ,0000-0000-0000-0000
Maximilien Gadouleau,Durham University,https://www.dur.ac.uk/computer.science/staff/profile/?id=10305,tOHXfZgAAAAJ,0000-0003-4701-738X
Maxine S. Cohen,Nova Southeastern University,https://cec.nova.edu/faculty/cohen.html,NOSCHOLARPAGE,0000-0000-0000-0000
Maxwell W. Libbrecht,Simon Fraser University,https://www.sfu.ca/computing/people/faculty/maxlibbrecht11.html,O4SMk-sAAAAJ,0000-0003-2502-0262
Maya Cakmak,University of Washington,http://www.mayacakmak.com,sPlonWcAAAAJ,0000-0001-8457-6610
Maya Daneva,University of Twente,https://research.utwente.nl/en/persons/73085673-d096-4970-8c1f-e4d97020335e,ud8EIA8AAAAJ,0000-0001-7359-8013
Maya G. Neytcheva,Uppsala University,http://user.it.uu.se/~maya,NOSCHOLARPAGE,0000-0000-0000-0000
Maya Ramanath,IIT Delhi,http://www.cse.iitd.ac.in/~ramanath,y6BXzxIAAAAJ,0000-0000-0000-0000
Maya Çakmak,University of Washington,http://www.mayacakmak.com,sPlonWcAAAAJ,0000-0000-0000-0000
Mayank Goel,Carnegie Mellon University,https://www.hcii.cmu.edu/people/mayank-goel,nxqrff8AAAAJ,0000-0003-1237-7545
Mayank Goswami 0001,CUNY,https://boole.cs.qc.cuny.edu/mgoswami,NOSCHOLARPAGE,0000-0000-0000-0000
Mayank Singh 0001,IIT Gandhinagar,https://iitgn.ac.in/faculty/cse/mayank,U2NUj90AAAAJ,0000-0000-0000-0000
Mayank Varia,Boston University,https://www.bu.edu/cds-faculty/profile/mayank-varia,lneZSfIAAAAJ,0000-0002-7460-3272
Mayank Vatsa,IIT Jodhpur,http://home.iitj.ac.in/~mvatsa,-DAxp-cAAAAJ,0000-0001-5952-2274
Mayra Donaji Barrera Machuca,Dalhousie University,https://www.mayradonaji.net,z0eIn9IAAAAJ,0000-0002-8057-7103
Mays F. Al-Naday,University of Essex,https://www.essex.ac.uk/people/alned81405/mays-al-naday,aOlKyJ0AAAAJ,0000-0000-0000-0000
Mayumi Bono,National Inst. of Informatics,http://research.nii.ac.jp/~bono/ja,NOSCHOLARPAGE,0000-0001-7910-5187
Mayur Naik,University of Pennsylvania,http://www.cis.upenn.edu/~mhnaik,fmsV6nEAAAAJ,0000-0003-1348-8618
Maziar Ghorbani,Brunel University London,https://www.brunel.ac.uk/people/maziar-ghorbani1,vDTAWxIAAAAJ,0000-0000-0000-0000
Maziar Goudarzi,Sharif University of Technology,http://sharif.edu/~goudarzi,qAJqk9IAAAAJ,0000-0002-1272-4589
Maíra Santana,UFPE,https://portal.cin.ufpe.br/staff/?alias=mas6,7TrALuwAAAAJ,0000-0000-0000-0000
McKenna McCall,Colorado State University,https://www.andrew.cmu.edu/user/mckennak,tHkGfyAAAAAJ,0009-0007-5642-4717
Md Arifuzzaman,Missouri S&T,https://sites.mst.edu/marifuzzaman,ff9Hj90AAAAJ,0000-0000-0000-0000
Md Mahmudur Rahman 0002,University of Dhaka,https://du.ac.bd/body/faculty_details/CSE/2562,M_fpQLgAAAAJ,0000-0000-0000-0000
Md. Abdur Razzaque,University of Dhaka,https://du.ac.bd/body/faculty_details/CSE/1768,1yMUb7wAAAAJ,0000-0000-0000-0000
Md. Armanuzzaman,University of Texas - El Paso,https://tomal-kuet.github.io/armanuzzaman,TSEtWiUAAAAJ,0009-0004-5264-7962
Md. Ashraful Islam 0001,University of Dhaka,https://du.ac.bd/body/faculty_details/CSE/4168,UD5-rcAAAAAJ,0000-0000-0000-0000
Md. Endadul Hoque,Syracuse University,https://users.cs.fiu.edu/~ehoque,dSLXaKUAAAAJ,0000-0002-6682-9618
Md. Haider Ali,University of Dhaka,https://du.ac.bd/body/faculty_details/CSE/1762,79fWGb4AAAAJ,0000-0002-2629-2510
Md. Khaled Khan,Qatar University,http://www.qu.edu.qa/engineering/computer/faculty/khaled_khan.php,SpQmNnoAAAAJ,0000-0000-0000-0000
Md. Mamun-or-Rashid,University of Dhaka,https://du.ac.bd/body/faculty_details/CSE/1769,OUanlWAAAAAJ,0000-0000-0000-0000
Md. Masbaul Alam,University of Sydney,https://www.sydney.edu.au/engineering/about/our-people/academic-staff/masbaul-polash.html,mlKFcnEAAAAJ,0000-0000-0000-0000
Md. Masbaul Alam Polash,University of Sydney,https://www.sydney.edu.au/engineering/about/our-people/academic-staff/masbaul-polash.html,mlKFcnEAAAAJ,0000-0000-0000-0000
Md. Monirul Islam,BUET,https://cse.buet.ac.bd/faculty_list/detail/mdmonirulislam,YSLk8BEAAAAJ,0000-0000-0000-0000
Md. Mosaddek Khan,University of Dhaka,http://mmkhansajeeb.com,WCMwBe4AAAAJ,0000-0000-0000-0000
Md. Mostofa Akbar,BUET,https://cse.buet.ac.bd/faculty_list/detail/mostofa,MGijYYAAAAAJ,0000-0000-0000-0000
Md. Mustafizur Rahman,University of Dhaka,https://du.ac.bd/body/faculty_details/CSE/1766,36M0txUAAAAJ,0000-0000-0000-0000
Md. Osman Gani,Univ. of Maryland - Baltimore County,https://mogani.umbc.edu,_FmDHygAAAAJ,0000-0001-9962-358X
Md. Rashidujjaman Rifat,University of Notre Dame,https://hci.nd.edu/people/professors/mohammad-rashidujjaman-rifat,5AZ7UUQAAAAJ,0000-0000-0000-0000
Md. Saidur Rahman 0001,BUET,http://saidurrahman.buet.ac.bd,oeNksGwAAAAJ,0000-0003-0112-0242
Md. Shad Akhtar,IIIT Delhi,https://www.iiitd.ac.in/shad,KUcO6LAAAAAJ,0000-0002-2033-2382
Md. Shamsuzzoha Bayzid,BUET,https://shamsbayzid.github.io,h2vHz3wAAAAJ,0000-0002-5640-0615
Md. Shohrab Hossain,BUET,http://mshohrabhossain.buet.ac.bd,y89HApwAAAAJ,0000-0000-0000-0000
Md. Tamjidul Hoque,University of New Orleans,http://new.uno.edu/profile/faculty/tamjidul_hoque,8tQmDZQAAAAJ,0000-0002-0110-2194
Mea Wang,University of Calgary,http://networks.cpsc.ucalgary.ca/mea,CgdJUiMAAAAJ,0000-0001-8400-9069
Medha Atre,IIT Kanpur,http://www.cse.iitk.ac.in/users/atrem,N_manZoAAAAJ,0000-0000-0000-0000
Meelis Kull,University of Tartu,https://www.ut.ee/en/meelis-kull,yJwctG4AAAAJ,0000-0001-9257-595X
Meena Jagadeesan,University of Pennsylvania,https://mjagadeesan.github.io,XW62DrcAAAAJ,0000-0002-3521-440X
Meena Mahajan,IMSc,http://www.imsc.res.in/~meena,HYLNAGUAAAAJ,0000-0002-9116-4398
Meenakshisundaram Gopi,Univ. of California - Irvine,http://www.ics.uci.edu/~gopi,DI8bU-0AAAAJ,0000-0000-0000-0000
Meera M. Dhabu,VNIT Nagpur,https://vnit.ac.in/engineering/cse/dr-mrs-m-m-dhabu,T14PaRIAAAAJ,0000-0000-0000-0000
Meera Sitharam,University of Florida,http://www.cise.ufl.edu/~sitharam,NOSCHOLARPAGE,0000-0000-0000-0000
Meera Sridhar,UNC - Charlotte,https://cci.charlotte.edu/people/meera-sridhar,UQKzUI4AAAAJ,0000-0002-7508-5024
Meeyoung Cha [SP],Max Planck Society,https://www.mpi-sp.org/cha,iFlnVCoAAAAJ,0000-0000-0000-0000
Megan Hofmann,Northeastern University,https://www.khoury.northeastern.edu/people/megan-hofmann,hcr5P90AAAAJ,0000-0003-2283-8587
Megha Khosla,TU Delft,https://www.tudelft.nl/en/ewi/over-de-faculteit/afdelingen/intelligent-systems/multimedia-computing/people/megha-khosla,sn4Ycm0AAAAJ,0000-0000-0000-0000
Meghan E. Huber,Univ. of Massachusetts Amherst,https://www.umass.edu/robotics/people/meghan-huber,NA_FbGoAAAAJ,0000-0000-0000-0000
Meghana Nasre,IIT Madras,http://www.cse.iitm.ac.in/~meghana,NOSCHOLARPAGE,0000-0000-0000-0000
Megumi Ando,Tufts University,https://facultyprofiles.tufts.edu/megumi-ando/about,iAlAlk8AAAAJ,0000-0002-4639-9163
Megumi Kaneko,National Inst. of Informatics,http://research.nii.ac.jp/~megkaneko,aO3H7nUAAAAJ,0000-0003-4943-4769
Mehdi B. Tahoori,Karlsruhe Inst. of Technology,http://cdnc.itec.kit.edu/21_54.php,NBQ_casAAAAJ,0000-0002-8829-5610
Mehdi Bagherzadeh 0001,Oakland University,https://mbagherz.bitbucket.io,wIM3Ry4AAAAJ,0000-0003-1549-881X
Mehdi Baradaran Tahoori,Karlsruhe Inst. of Technology,http://cdnc.itec.kit.edu/21_54.php,NBQ_casAAAAJ,0000-0002-8829-5610
Mehdi Dastani,Utrecht University,https://www.uu.nl/medewerkers/MMDastani,rvG4n98AAAAJ,0000-0002-4641-4087
Mehdi Jazayeri,Università della Svizzera italiana,http://search.usi.ch/persone/414fbe48da94f28c810b0e4f1890647f/Jazayeri-Mehdi,cXcqHogAAAAJ,0000-0000-0000-0000
Mehdi Kharrazi,Sharif University of Technology,http://sharif.edu/~kharrazi,6wFTqr8AAAAJ,0000-0000-0000-0000
Mehdi Kiani,Univ. of Maryland - Baltimore County,https://www.csee.umbc.edu/mehdi-kiani,Q450QEUAAAAJ,0000-0000-0000-0000
Mehdi Mirakhorli,University of Hawaii at Manoa,https://mehdimirakhorli.github.io,JwJZDtAAAAAJ,0009-0000-7963-3756
Mehdi Norouzi,University of Cincinnati,https://researchdirectory.uc.edu/p/norouzmi,NOSCHOLARPAGE,0000-0000-0000-0000
Mehdi Rahmati,Cleveland State University,http://eecs.csuohio.edu/~rahmati,NOSCHOLARPAGE,0000-0000-0000-0000
Mehdi Soltanolkotabi,University of Southern California,https://viterbi-web.usc.edu/~soltanol,narJyMAAAAAJ,0000-0000-0000-0000
Mehmed Kantardzic,University of Louisville,http://louisville.edu/speed/people/faculty/kantardzicMehmed,RKnDA7oAAAAJ,0000-0002-6861-4434
Mehmed M. Kantardzic,University of Louisville,http://louisville.edu/speed/people/faculty/kantardzicMehmed,RKnDA7oAAAAJ,0000-0002-6861-4434
Mehmet A. Orgun,Macquarie University,http://web.science.mq.edu.au/~mehmet,FpZlwKUAAAAJ,0000-0002-7873-1562
Mehmet Aksit,TOBB ETÜ,https://people.utwente.nl/m.aksit,8lwFYb0AAAAJ,0000-0000-0000-0000
Mehmet Ali Orgun,Macquarie University,http://web.science.mq.edu.au/~mehmet,FpZlwKUAAAAJ,0000-0000-0000-0000
Mehmet Amaç Güvensan,Yıldız Technical University,https://www.ce.yildiz.edu.tr/personal/amacg?lang=en,YPbvk4gAAAAJ,0000-0000-0000-0000
Mehmet Burak Akgun,TOBB ETÜ,https://www.etu.edu.tr/en/bolum/computer-engineering/akademik-kadro?l=1#mehmet-burak-akgun,u3z2zsgAAAAJ,0000-0000-0000-0000
Mehmet C. Vuran,University of Nebraska,http://cse.unl.edu/~mcvuran,MD9vpVQAAAAJ,0000-0001-7894-6611
Mehmet Can Vuran,University of Nebraska,http://cse.unl.edu/~mcvuran,MD9vpVQAAAAJ,0000-0000-0000-0000
Mehmet Celenk,Ohio University,https://www.ohio.edu/engineering/about/people/profiles.cfm?profile=celenk,NOSCHOLARPAGE,0000-0001-7104-5861
Mehmet E. Belviranli,Colorado School of Mines,https://mehmet.belviranli.com,8FX4WfwAAAAJ,0000-0001-9434-9833
Mehmet Engin Tozal,Univ. of Louisiana - Lafayette,https://people.cmix.louisiana.edu/tozal,NOSCHOLARPAGE,0000-0003-2157-2780
Mehmet Esat Belviranli,Colorado School of Mines,https://mehmet.belviranli.com,8FX4WfwAAAAJ,0000-0001-9434-9833
Mehmet Fatih Aktas,Bilkent University,https://w3.cs.bilkent.edu.tr/tr/ogretim-uyeleri,7lbr1RkAAAAJ,0000-0000-0000-0000
Mehmet Fatih Amasyali,Yıldız Technical University,https://www.ce.yildiz.edu.tr/personal/mfatih?lang=en,qTUSAy0AAAAJ,0000-0000-0000-0000
Mehmet Hadi Gunes,Stevens Institute of Technology,https://www.cse.unr.edu/~mgunes,CuIuzUsAAAAJ,0000-0002-3351-7685
Mehmet Hadi Günes,Stevens Institute of Technology,https://www.cse.unr.edu/~mgunes,CuIuzUsAAAAJ,0000-0000-0000-0000
Mehmet Koyutürk,Case Western Reserve University,http://compbio.case.edu/koyuturk,0pdOqkQAAAAJ,0000-0002-3434-5512
Mehmet M. Dalkilic,Indiana University,http://www.informatics.indiana.edu/dalkilic,yW-I2CEAAAAJ,0000-0000-0000-0000
Mehmet M. Dalkiliç,Indiana University,http://www.informatics.indiana.edu/dalkilic,yW-I2CEAAAAJ,0000-0000-0000-0000
Mehmet Remzi Dogar,University of Leeds,https://eps.leeds.ac.uk/computing/staff/743/dr-mehmet-dogar,jikMhF4AAAAJ,0000-0002-6896-5461
Mehmet S. Aktas,Yıldız Technical University,https://www.ce.yildiz.edu.tr/personal/maktas?lang=en,ocHB_6gAAAAJ,0000-0000-0000-0000
Mehmet Siddik Aktas,Yıldız Technical University,https://www.ce.yildiz.edu.tr/personal/maktas?lang=en,ocHB_6gAAAAJ,0000-0000-0000-0000
Mehmet Tahir Sandikkaya,Istanbul Technical University,http://akademi.itu.edu.tr/en/sandikkaya,_d7K3TkAAAAJ,0000-0002-9756-603X
Mehmet Tan,TOBB ETÜ,http://mtan.etu.edu.tr,Ztz_N_gAAAAJ,0000-0000-0000-0000
Mehmet Önder Efe,Hacettepe University,https://web.cs.hacettepe.edu.tr/~onderefe,OityWEAAAAAJ,0000-0002-5992-895X
Mehran Alidoost Nia,Shahid Beheshti University,https://facultymembers.sbu.ac.ir/alidoost,Gx87T8wAAAAJ,0000-0000-0000-0000
Mehran Mozaffari Kermani,University of South Florida,https://www.cse.usf.edu/~mehran2,RhJC3vkAAAAJ,0000-0003-4513-3109
Mehran Sahami,Stanford University,https://profiles.stanford.edu/mehran-sahami,ZasL8IoAAAAJ,0000-0001-9549-6974
Mehrdad Ashtiani,IUST,http://www.iust.ac.ir/page.php?slct_pg_id=18184&sid=14&slc_lang=en,dsdZaDAAAAAJ,0000-0000-0000-0000
Mehrdad Dianati,Queen's University Belfast,https://pure.qub.ac.uk/en/persons/mehrdad-dianati,aR1L-CwAAAAJ,0009-0001-6971-0348
Mehrdad Mahdavi,Pennsylvania State University,http://www.cse.psu.edu/~mzm616,HzxnwocAAAAJ,0000-0000-0000-0000
Mehrdad Moharrami,University of Iowa,https://cs.uiowa.edu/people/mehrdad-moharrami,6irb5qMAAAAJ,0000-0003-3907-8406
Mehrdad Nojoumian,Florida Atlantic University,http://faculty.eng.fau.edu/nojoumian,NOSCHOLARPAGE,0000-0000-0000-0000
Mehryar Mohri,New York University,http://cs.nyu.edu/cs/faculty/mohri,ktwwLjsAAAAJ,0000-0002-3987-9847
Mei Kang Qiu,Augusta University,https://www.augusta.edu/faculty/directory/view.php?id=MQIU,smMVdtwAAAAJ,0000-0000-0000-0000
Mei-Hwa Chen,University at Albany - SUNY,https://www.albany.edu/ceas/mei-hwa-chen.php,P1s523UAAAAJ,0000-0000-0000-0000
Meikang Qiu,Augusta University,https://www.augusta.edu/faculty/directory/view.php?id=MQIU,smMVdtwAAAAJ,0000-0002-1004-0140
Meike Albrecht,University of Rostock,https://www.informatik.uni-rostock.de/ueber-uns/bereich/homepages/meike-klettke/startseite,Rj6p8R8AAAAJ,0000-0000-0000-0000
Meike Klettke,University of Regensburg,https://www.uni-regensburg.de/informatik-data-science/data-engineering/startseite/index.html,Rj6p8R8AAAAJ,0000-0003-0551-8389
Meiling Fang,Yangzhou University,https://xxgcxy.yzu.edu.cn/info/1022/7726.htm,S_RV3L4AAAAJ,0000-0000-0000-0000
Meina Kan,Chinese Academy of Sciences,http://vipl.ict.ac.cn/homepage/mnkan/index.html,4AKCKKEAAAAJ,0000-0001-9483-875X
Meina Song,BUPT,https://scs.bupt.edu.cn/info/1088/1787.htm,NOSCHOLARPAGE,0000-0001-6626-9932
Meir Kalech,Ben-Gurion University of the Negev,http://www.ise.bgu.ac.il/faculty/kalech,vo5iW3wAAAAJ,0000-0001-7394-4713
Meisam Mohammady,Iowa State University,https://www.cs.iastate.edu/people/meisam-mohammady,UL-3sUgAAAAJ,0009-0002-4614-9452
Meishan Zhang,Harbin Institute of Technology,https://zhangmeishan.github.io,k-chMpIAAAAJ,0000-0001-6335-1340
Meister Eduard Gröller,TU Wien,https://www.cg.tuwien.ac.at/staff/EduardGroeller.html,eBsjFlIAAAAJ,0000-0000-0000-0000
Meiyappan Nagappan,University of Waterloo,https://cs.uwaterloo.ca/~m2nagapp,QKpkZx0AAAAJ,0000-0003-4533-4728
Meiyi Ma,Vanderbilt University,https://engineering.vanderbilt.edu/bio/?pid=meiyi-ma,d39BOU4AAAAJ,0000-0001-6916-8774
Meiying Zhang,SUSTech,https://faculty.sustech.edu.cn/?p=115654&cat=2&iscss=1&snapid=1&orderby=date,NOSCHOLARPAGE,0000-0000-0000-0000
Mel Ocinneide,University College Dublin,https://people.ucd.ie/mel.ocinneide,Cr8S0BwAAAAJ,0000-0000-0000-0000
Mel Slater,University College London,http://www0.cs.ucl.ac.uk/staff/m.slater/Mel_Slaters_Home_Page/Home.html,5gGSgcUAAAAJ,0000-0002-6223-0050
Mel Ó Cinnéide,University College Dublin,https://people.ucd.ie/mel.ocinneide,Cr8S0BwAAAAJ,0000-0000-0000-0000
Melanie Baljko,York University,http://www.cse.yorku.ca/~mb,VdrPPMsAAAAJ,0000-0002-6205-1132
Melanie E. Moses,University of New Mexico,https://www.cs.unm.edu/~melaniem,WFZ4azsAAAAJ,0000-0002-8848-9554
Melanie Ganz-Benjaminsen,University of Copenhagen,https://di.ku.dk/english/staff/vip/researchers_image/?pure=en/persons/341919,5AXE0skAAAAJ,0000-0000-0000-0000
Melanie Herschel,Nanyang Technological University,https://dr.ntu.edu.sg/cris/rp/rp02518,K5VPw-IAAAAJ,0009-0007-9821-5921
Melanie Volkamer,Karlsruhe Inst. of Technology,https://secuso.aifb.kit.edu/english/Staff_Volkamer.php,ve0UJIEAAAAJ,0000-0003-2674-4043
Melek Onen,EURECOM,http://www.eurecom.fr/~onen,mnvnoK8AAAAJ,0000-0000-0000-0000
Melissa Densmore,University of Cape Town,http://www.melissadensmore.com,5Bqgw2gAAAAJ,0000-0003-1733-2653
Melissa Gymrek,Univ. of California - San Diego,http://gymreklab.com/index.html,nonLWiYAAAAJ,0000-0002-6086-3903
Melissa Ho,University of Cape Town,http://www.melissadensmore.com,5Bqgw2gAAAAJ,0000-0000-0000-0000
Melissa J. Rogerson,University of Melbourne,https://findanexpert.unimelb.edu.au/profile/692202-melissa-rogerson,-HAQHh8AAAAJ,0000-0002-9851-6608
Melissa Mazmanian,Univ. of California - Irvine,http://www.ics.uci.edu/~mmazmani,rmEQ_KwAAAAJ,0000-0002-5192-8680
Melissa R. Ho,University of Cape Town,http://www.melissadensmore.com,5Bqgw2gAAAAJ,0000-0003-1733-2653
Melody M. Moore,Georgia Institute of Technology,http://www.cc.gatech.edu/home/melody,83SAwBsAAAAJ,0000-0000-0000-0000
Melody Moore Jackson,Georgia Institute of Technology,http://www.cc.gatech.edu/home/melody,83SAwBsAAAAJ,0000-0000-0000-0000
Meltem Öztürk,Université Paris Dauphine,https://www.lamsade.dauphine.fr/~ozturk,2wUmzVwAAAAJ,0000-0000-0000-0000
Melvin A. Breuer,University of Southern California,http://ee.usc.edu/faculty_staff/faculty_directory/breuer.htm,NOSCHOLARPAGE,0000-0000-0000-0000
Mema Roussopoulos,University of Athens,http://cgi.di.uoa.gr/~mema,qLsQy6wAAAAJ,0000-0000-0000-0000
Mendel Rosenblum,Stanford University,http://web.stanford.edu/~mendel,NOSCHOLARPAGE,0000-0000-0000-0000
Meng He,Dalhousie University,https://web.cs.dal.ca/~mhe,BeBfIoAAAAAJ,0000-0000-0000-0000
Meng Jiang 0001,University of Notre Dame,http://www.meng-jiang.com,LZIPfCkAAAAJ,0000-0002-3009-519X
Meng Jin 0002,Shanghai Jiao Tong University,https://yume-sjtu.github.io,CN2l9GEAAAAJ,0000-0001-5960-4659
Meng Li 0004,Peking University,https://mengli.me,lvdRkEkAAAAJ,0000-0002-7212-2264
Meng Tang 0001,Univ. of California - Merced,http://www.mengtang.org,6DmW9v0AAAAJ,0000-0002-2984-1343
Meng Wang 0002,University of Bristol,https://mengwangoxf.github.io,NwDbSggAAAAJ,0000-0001-7780-630X
Meng Xia 0002,Texas A&M University,https://www.xiameng.org,6Wp1HJ0AAAAJ,0000-0002-2676-9032
Meng Xu 0001,University of Waterloo,https://cs.uwaterloo.ca/~m285xu,NOSCHOLARPAGE,0009-0001-6364-4837
Meng Xu 0002,Shenzhen University,https://csse.szu.edu.cn/en/pages/user/index?id=1025,Hw1TFzQAAAAJ,0000-0000-0000-0000
Meng Yan 0001,Chongqing University,http://www.cse.cqu.edu.cn/info/2095/5040.htm,UBTGNMwAAAAJ,0000-0002-9538-9121
Meng Ye,University of Texas at Arlington,https://deeptag.github.io,iYBbF7QAAAAJ,0000-0000-0000-0000
Meng-Hsun Tsai,National Cheng Kung University,http://www.csie.ncku.edu.tw/ncku_csie/depmember/teacherdetail/id/34,Ud3e9S0AAAAJ,0000-0001-7549-5245
Meng-Tsung Tsai,National Chiao Tung University,https://www.cs.nctu.edu.tw/members/detail/mtsai,VrVkEv8AAAAJ,0000-0002-2243-8666
Mengchi Liu,Carleton University,http://www.scs.carleton.ca/~mengchi,NOSCHOLARPAGE,0000-0002-8245-2355
Mengdao Xing,Xidian University,https://faculty.xidian.edu.cn/XMD/en/index.htm,kZqeROEAAAAJ,0000-0002-4084-0915
Mengdi Huai,Iowa State University,https://www.cs.iastate.edu/people/mengdi-huai,40ZYTzEAAAAJ,0000-0001-6368-5973
Mengfei Ren 0001,Baylor University,https://mengfei-ren.github.io,De1VnzoAAAAJ,0000-0001-8548-3299
Mengjia Xu,NJIT,https://gracexu182.github.io,Ok1giekAAAAJ,0000-0000-0000-0000
Mengjia Yan 0001,Massachusetts Inst. of Technology,https://people.csail.mit.edu/mengjia,zx6dR2MAAAAJ,0000-0002-6206-9674
Mengjiao Yang 0001,New York University,https://sherryy.github.io,7c1B_fIAAAAJ,0000-0000-0000-0000
Mengjie Zhang 0001,Victoria University of Wellington,http://ecs.victoria.ac.nz/Main/MengjieZhang,hLvGrrkAAAAJ,0000-0000-0000-0000
Mengjuan Liu,UESTC,https://www.is.uestc.edu.cn/teachers.do?id=1085,NOSCHOLARPAGE,0000-0000-0000-0000
Mengke Li 0001,Shenzhen University,https://keke921.github.io,0N26QgMAAAAJ,0000-0002-9433-9683
Mengmeng Ge,RMIT University,https://www.rmit.edu.au/contact/staff-contacts/academic-staff/g/ge-dr-mengmeng,dj2SBEIAAAAJ,0000-0000-0000-0000
Mengmeng Jing,UESTC,https://sise.uestc.edu.cn/info/1037/11598.htm,gVByeFUAAAAJ,0000-0000-0000-0000
Mengnan Du,NJIT,https://mengnandu.com,8uXBeaEAAAAJ,0000-0000-0000-0000
Mengshu Hou,UESTC,https://www.en.scse.uestc.edu.cn/info/1085/2057.htm,NOSCHOLARPAGE,0000-0002-5283-7318
Mengting Yuan 0001,Wuhan University,https://cs.whu.edu.cn/info/1019/2500.htm,NOSCHOLARPAGE,0000-0001-8758-8668
Mengwei Xu,BUPT,https://xumengwei.github.io,hFmJwKQAAAAJ,0000-0000-0000-0000
Mengxin Zheng,University of Central Florida,https://mxzheng.github.io,CwLrXMAAAAAJ,0000-0000-0000-0000
Mengxuan Zhang 0001,Australian National University,https://comp.anu.edu.au/people/mengxuan-zhang,r0BMJ3IAAAAJ,0000-0001-8155-4942
Mengye Ren,New York University,https://mengyeren.com,XcQ9WqMAAAAJ,0000-0002-6385-7234
Mengying Zhao,Shandong University,http://www.cs.sdu.edu.cn/info/1091/2348.htm,TK6B0FsAAAAJ,0000-0002-1189-7787
Mengyu Chu,Peking University,https://rachelcmy.github.io,G8FHnt8AAAAJ,0000-0002-7358-433X
Mengyuan Li 0004,University of Southern California,https://viterbi.usc.edu/directory/faculty/Li/Mengyuan,cgjqyuoAAAAJ,0009-0008-2721-4021
Mengyue Wu,Shanghai Jiao Tong University,https://myw19.github.io,9cvRM5wAAAAJ,0000-0000-0000-0000
Menno Matthias Van Zaanen,Tilburg University,https://www.tilburguniversity.edu/webwijs/show/m.m.vanzaanen-1.htm,bsTqFQIAAAAJ,0000-0000-0000-0000
Menno van Zaanen,Tilburg University,https://www.tilburguniversity.edu/webwijs/show/m.m.vanzaanen-1.htm,bsTqFQIAAAAJ,0000-0000-0000-0000
Merav Parter,Weizmann Institute of Science,https://www.weizmann.ac.il/pages/search/people?language=english&single=1&person_id=29969,JXbCgOUAAAAJ,0000-0002-2357-2445
Mercedes Torres Torres,University of Nottingham,https://www.nottingham.ac.uk/computerscience/people/mercedes.torrestorres,ZhUEBpsAAAAJ,0000-0000-0000-0000
Meriel Huggard,Trinity College Dublin,https://www.tcd.ie/research/profiles/?profile=huggardm,QWhGE4EAAAAJ,0000-0002-8299-6619
Merle Behr,University of Regensburg,https://merlebehr.org,NOSCHOLARPAGE,0000-0002-4255-5237
Merlin Suarez,De La Salle University,https://www.dlsu.edu.ph/colleges/ccs/faculty-profile/single/?id=32742696320&command=GETPROFILE,pWgAanIAAAAJ,0000-0001-8997-2989
Merlin Teodosia C. Suarez,De La Salle University,https://www.dlsu.edu.ph/colleges/ccs/faculty-profile/single/?id=32742696320&command=GETPROFILE,pWgAanIAAAAJ,0000-0000-0000-0000
Merlin Teodosia Suarez,De La Salle University,https://www.dlsu.edu.ph/colleges/ccs/faculty-profile/single/?id=32742696320&command=GETPROFILE,pWgAanIAAAAJ,0000-0001-8997-2989
Merrick L. Furst,Georgia Institute of Technology,http://www.cc.gatech.edu/people/merrick-furst,NOSCHOLARPAGE,0000-0000-0000-0000
Mert D. Pesé,Clemson University,https://mpese.com,9f4i0k4AAAAJ,0000-0000-0000-0000
Mesrob I. Ohannessian,University of Illinois at Chicago,https://sites.google.com/site/mesrob/home,pswXDJgAAAAJ,0000-0000-0000-0000
Mesut Günes,University of Magdeburg,http://comsys.ovgu.de,N09CwMcAAAAJ,0000-0000-0000-0000
Metin Sitti [IS],Max Planck Society,http://pi.is.mpg.de,YU4Ce_MAAAAJ,0000-0000-0000-0000
Meurig Beynon,University of Warwick,https://warwick.ac.uk/fac/sci/dcs/people/meurig_beynon,ni_ZTXgAAAAJ,0000-0000-0000-0000
Meysam Asgari,OHSU,http://cslu.ohsu.edu/~asgari,ZKlatu0AAAAJ,0000-0000-0000-0000
Mi Zhang 0001,Fudan University,https://mi-zhang-fdu.github.io/index.chn.html,lXL7QxMAAAAJ,0000-0003-3567-3478
Mi Zhang 0002,Ohio State University,https://engineering.osu.edu/people/mizhang.1,r3A90uAAAAAJ,0000-0001-7002-6757
Mia Minnes,Univ. of California - San Diego,https://cseweb.ucsd.edu/~minnes,jr9OS68AAAAJ,0000-0001-6601-0875
Mia Mohammad Imran,Missouri S&T,http://imranraad07.github.io,uVCaRjAAAAAJ,0000-0003-2477-9971
Mia Persson,Malmö University,https://mau.se/en/persons/mia.persson,NOSCHOLARPAGE,0000-0000-0000-0000
Mian M. Awais,LUMS,https://lums.edu.pk/lums_employee/516,wkxlfFAAAAAJ,0000-0000-0000-0000
Mian Muhammad Awais,LUMS,https://lums.edu.pk/lums_employee/516,wkxlfFAAAAAJ,0000-0000-0000-0000
Miao Jin,Univ. of Louisiana - Lafayette,http://www.ucs.louisiana.edu/~mxj9809,rhZtTHsAAAAJ,0000-0000-0000-0000
Miao Qiao,Massey University,https://www.massey.ac.nz/massey/learning/colleges/college-of-sciences/staff-list.cfm?stref=689350,Guff-1wAAAAJ,0000-0001-8374-140X
Miao Wang 0003,UNC - Charlotte,https://ece.charlotte.edu/directory/dr-miao-wang-phd,5vZM34IAAAAJ,0000-0000-0000-0000
Miao Yin,University of Texas at Arlington,https://myin390.github.io,ILDdu98AAAAJ,0000-0002-5554-5417
Miaohui Wang,Shenzhen University,https://charwill.github.io,L_wvjMsAAAAJ,0000-0003-1125-9299
Miaojing Shi,King's College London,https://www.kcl.ac.uk/people/miaojing-shi,aj2XHWoAAAAJ,0000-0000-0000-0000
Miaomiao Liu 0001,Australian National University,https://comp.anu.edu.au/people/miaomiao-liu,ptAR7tUAAAAJ,0000-0001-6485-3510
Miaomiao Zhang 0002,University of Virginia,http://www.cs.virginia.edu/~mz8rr,EGBMBTwAAAAJ,0000-0000-0000-0000
Miaoqing Huang,University of Arkansas,http://www.csce.uark.edu/~mqhuang,NOSCHOLARPAGE,0000-0001-7376-3744
Micah Beck,University of Tennessee,http://web.eecs.utk.edu/~mbeck,oAMW4OEAAAAJ,0000-0000-0000-0000
Micah Corah,Colorado School of Mines,https://www.micahcorah.com,NHt9KX4AAAAJ,0000-0002-9324-7875
Micah Goldblum,Columbia University,https://www.ee.columbia.edu/content/micah-goldblum,pGDKzuUAAAAJ,0000-0000-0000-0000
Micah Sherr,Georgetown University,https://security.cs.georgetown.edu/~msherr,0MkHY9cAAAAJ,0000-0001-7413-7673
Micha Hofri,Worcester Polytechnic Institute,http://www.wpi.edu/academics/facultydir/mkh.html,0I0Exl4AAAAJ,0000-0000-0000-0000
Michael A. Baltrush,NJIT,http://cs.njit.edu/people/baltrush.php,NOSCHOLARPAGE,0000-0000-0000-0000
Michael A. Bauer 0001,Western University,http://www.csd.uwo.ca/~bauer,NOSCHOLARPAGE,0000-0000-0000-0000
Michael A. Bender,Stony Brook University,http://www3.cs.stonybrook.edu/~bender,B1_1mR8AAAAJ,0000-0001-7639-530X
Michael A. Casey,Dartmouth College,http://dartmouth.edu/faculty-directory/michael-casey,2dTrwzAAAAAJ,0000-0001-6937-0104
Michael A. DeVito,Northeastern University,https://www.khoury.northeastern.edu/people/michael-ann-devito,aPZtVrkAAAAJ,0000-0003-1001-2307
Michael A. E. Wright,University of Bath,http://bath.academia.edu/MichaelWright,2dTrwzAAAAAJ,0000-0000-0000-0000
Michael A. Forbes 0001,Univ. of Illinois at Urbana-Champaign,http://miforbes.cs.illinois.edu,NOSCHOLARPAGE,0000-0000-0000-0000
Michael A. Gennert,Worcester Polytechnic Institute,http://www.wpi.edu/~michaelg,zrxS5YsAAAAJ,0000-0002-3170-2190
Michael A. Goodrich,Brigham Young University,https://faculty.cs.byu.edu/~mike,7LTGov4AAAAJ,0000-0002-2489-5705
Michael A. Jenkins,Queen’s University,http://www.cs.queensu.ca/home/maj,lESyc5QAAAAJ,0000-0000-0000-0000
Michael A. Langston,University of Tennessee,http://web.eecs.utk.edu/~langston,PXCKvVgAAAAJ,0000-0000-0000-0000
Michael A. Lones,Heriot-Watt University,https://researchportal.hw.ac.uk/en/persons/michael-adam-lones,MtauJIcAAAAJ,0000-0002-2745-9896
Michael A. McRobbie,Indiana University,https://www.sice.indiana.edu/all-people/profile.html?profile_id=254,NOSCHOLARPAGE,0000-0000-0000-0000
Michael A. Rappa,North Carolina State University,http://analytics.ncsu.edu/?page_id=7,NOSCHOLARPAGE,0000-0000-0000-0000
Michael A. Specter,Georgia Institute of Technology,https://mikespecter.com,lHmMK_4AAAAJ,0000-0002-7662-4042
Michael Adam Lones,Heriot-Watt University,https://researchportal.hw.ac.uk/en/persons/michael-adam-lones,MtauJIcAAAAJ,0000-0000-0000-0000
Michael Albert,University of Virginia,https://www.michaelalbert.co,5xy1_PIAAAAJ,0000-0000-0000-0000
Michael Anthony Bauer,Western University,http://www.csd.uwo.ca/~bauer,NOSCHOLARPAGE,0000-0000-0000-0000
Michael Ashcroft,Uppsala University,https://www.it.uu.se/katalog/micas775?lang=sv,_UYr9NYAAAAJ,0000-0000-0000-0000
Michael B. Dillencourt,Univ. of California - Irvine,http://www.ics.uci.edu/~dillenco,NOSCHOLARPAGE,0000-0000-0000-0000
Michael B. Taylor,University of Washington,http://cseweb.ucsd.edu/~mbtaylor,NOSCHOLARPAGE,0000-0002-4074-6347
Michael Backes 0001,CISPA Helmholtz Center,https://cispa.de/en/people/backes,ZVS3KOEAAAAJ,0000-0002-7130-9211
Michael Bader,TU Munich,http://www5.in.tum.de/wiki/index.php/Univ.-Prof._Dr._Michael_Bader,31LKcMEAAAAJ,0000-0000-0000-0000
Michael Bain,UNSW,https://research.unsw.edu.au/people/dr-michael-bain,5fHeakAAAAAJ,0000-0000-0000-0000
Michael Bedford Taylor,University of Washington,http://cseweb.ucsd.edu/~mbtaylor,NOSCHOLARPAGE,0000-0000-0000-0000
Michael Beetz,University of Bremen,https://ai.uni-bremen.de/team/michael_beetz,mINzfREAAAAJ,0000-0002-7888-7444
Michael Behrisch,Utrecht University,http://michael.behrisch.info,12Bl2VgAAAAJ,0000-0002-1102-103X
Michael Beigl,Karlsruhe Inst. of Technology,http://pcs.tm.kit.edu/21_beigl.php,9-WU64IAAAAJ,0000-0001-5009-2327
Michael Ben-Or,Hebrew University of Jerusalem,http://www.cs.huji.ac.il/~benor,22dxhNQAAAAJ,0000-0002-7787-9311
Michael Benedikt,University of Oxford,https://www.cs.ox.ac.uk/michael.benedikt,atL47L0AAAAJ,0000-0003-2964-0880
Michael Beyeler,Univ. of California - Santa Barbara,https://cs.ucsb.edu/people/faculty/michael-beyeler,dK-0kG4AAAAJ,0000-0001-6199-4879
Michael Blondin,Université de Sherbrooke,https://www.usherbrooke.ca/informatique/personnel/corps-professoral/professeurs/michael-blondin,aM8Fe9wAAAAJ,0000-0003-2914-2734
Michael Blumenstein,University of Technology Sydney,https://www.uts.edu.au/staff/michael.blumenstein,4m2G-H8AAAAJ,0000-0000-0000-0000
Michael Boniface,University of Southampton,https://www.ecs.soton.ac.uk/people/mjbonifa,1ePpIxMAAAAJ,0000-0002-9281-6095
Michael Bowling,University of Alberta,https://webdocs.cs.ualberta.ca/~bowling,PYtPCHoAAAAJ,0000-0003-2960-8418
Michael Brand,Monash University,https://theconversation.com/profiles/michael-brand-290376,0tVnI8QAAAAJ,0000-0000-0000-0000
Michael Bremner,University of Technology Sydney,https://www.uts.edu.au/staff/michael.bremner,rn1QChwAAAAJ,0000-0000-0000-0000
Michael Brinkmeier,University of Osnabrück,https://www.informatik.uni-osnabrueck.de/arbeitsgruppen/didaktik/personen/dr_michael_brinkmeier.html,0NHhu9QAAAAJ,0000-0000-0000-0000
Michael Brudno,University of Toronto,http://www.cs.toronto.edu/~brudno,xoNrEqUAAAAJ,0000-0000-0000-0000
Michael Bruenig,University of Queensland,http://researchers.uq.edu.au/researcher/5052,sUa3IRkAAAAJ,0000-0000-0000-0000
Michael Brünig,University of Queensland,http://researchers.uq.edu.au/researcher/5052,sUa3IRkAAAAJ,0000-0002-2077-0315
Michael Buro,University of Alberta,https://skatgame.net/mburo,NOSCHOLARPAGE,0000-0000-0000-0000
Michael C. Doggett,Lund University,https://cs.lth.se/michael-doggett,jkLpWccAAAAJ,0000-0002-4848-3481
Michael C. Ferris,University of Wisconsin - Madison,http://pages.cs.wisc.edu/~ferris,jdq0xz8AAAAJ,0000-0000-0000-0000
Michael C. Gastpar,EPFL,https://people.epfl.ch/michael.gastpar,IQ3hcw4AAAAJ,0000-0000-0000-0000
Michael C. Huang 0001,University of Rochester,http://www.ece.rochester.edu/~mihuang,T011EFcAAAAJ,0000-0001-9799-2920
Michael C. Hughes,Tufts University,https://www.michaelchughes.com,ugSmcnoAAAAJ,0000-0003-4859-7400
Michael C. Mozer,University of Colorado Boulder,http://www.cs.colorado.edu/~mozer,lmjR_qMAAAAJ,0000-0000-0000-0000
Michael C. Schatz,Johns Hopkins University,https://www.cs.jhu.edu/faculty/michael-schatz,rcs6IKwAAAAJ,0000-0002-4118-4446
Michael C. Yip,Univ. of California - San Diego,https://yip.eng.ucsd.edu,gSYxbCYAAAAJ,0000-0000-0000-0000
Michael Carbin,Massachusetts Inst. of Technology,http://people.csail.mit.edu/mcarbin,mtejbKYAAAAJ,0000-0002-6928-0456
Michael Cashmore,University of Strathclyde,https://pureportal.strath.ac.uk/en/persons/michael-cashmore/publications,AapWF-kAAAAJ,0000-0000-0000-0000
Michael Chertkov,University of Arizona,https://sites.google.com/site/mchertkov,k4UNBd4AAAAJ,0000-0002-6758-515X
Michael Crabb,University of Dundee,https://discovery.dundee.ac.uk/en/persons/michael-crabb,9FznG1oAAAAJ,0000-0002-9563-0691
Michael Curtis Mozer,University of Colorado Boulder,http://www.cs.colorado.edu/~mozer,lmjR_qMAAAAJ,0000-0000-0000-0000
Michael D. Adams,National University of Singapore,https://michaeldadams.org,f8gzBi4AAAAJ,0000-0000-0000-0000
Michael D. Atkinson,University of Otago,http://www.cs.otago.ac.nz/staffpriv/mike/HomePages/newhome.html,C2oYWqgAAAAJ,0000-0000-0000-0000
Michael D. Bailey,Georgia Institute of Technology,https://faculty.cc.gatech.edu/~mbailey,sMnocAYAAAAJ,0000-0002-0250-9164
Michael D. Bond,Ohio State University,http://web.cse.ohio-state.edu/~mikebond,zoBZ_FMAAAAJ,0000-0002-8971-4944
Michael D. Ernst,University of Washington,https://homes.cs.washington.edu/~mernst,oQ6AeyEAAAAJ,0000-0001-9379-277X
Michael D. Grossberg,CUNY,https://www.ccny.cuny.edu/profiles/michael-grossberg,O3lqKpcAAAAJ,0000-0000-0000-0000
Michael D. Jones,Brigham Young University,https://cs.byu.edu/faculty/jones,OLUt0kgAAAAJ,0000-0002-0131-527X
Michael D. Smith 0001,Harvard University,http://www.fas.harvard.edu/pages/dean-michael-smith,rzPlMfQAAAAJ,0000-0000-0000-0000
Michael D. Vose,University of Tennessee,http://www.eecs.utk.edu/people/faculty/mvose1,NOSCHOLARPAGE,0000-0000-0000-0000
Michael Dann,RMIT University,https://www.rmit.edu.au/contact/staff-contacts/academic-staff/d/dann-dr-michael,KCi_988AAAAJ,0000-0002-7658-022X
Michael Dinitz,Johns Hopkins University,http://www.cs.jhu.edu/~mdinitz,Q2yN84AAAAAJ,0000-0002-2632-966X
Michael Donald Bailey,Georgia Institute of Technology,https://faculty.cc.gatech.edu/~mbailey,sMnocAYAAAAJ,0000-0000-0000-0000
Michael Dondrup,University of Bergen,https://www.uib.no/en/persons/Michael.Dondrup,NOSCHOLARPAGE,0000-0002-2371-5928
Michael Dowell,Augusta University,https://www.augusta.edu/faculty/directory/view.php?id=mdowell,NzpqwxEAAAAJ,0000-0000-0000-0000
Michael E. Bain,UNSW,https://research.unsw.edu.au/people/dr-michael-bain,5fHeakAAAAAJ,0000-0000-0000-0000
Michael E. Filippakis,University of Piraeus,https://www.ds.unipi.gr/en/faculty/mfilip-en,NOSCHOLARPAGE,0000-0000-0000-0000
Michael E. Kress,CUNY,http://www.gc.cuny.edu/Page-Elements/Academics-Research-Centers-Initiatives/Doctoral-Programs/Computer-Science/Faculty-Bios/Michael-E-Kress,VB2V-fAAAAAJ,0000-0000-0000-0000
Michael E. Locasto,University of Calgary,http://www.cpsc.ucalgary.ca/~locasto,NOSCHOLARPAGE,0000-0000-0000-0000
Michael E. Papka,University of Illinois at Chicago,https://cs.uic.edu/profiles/papka-michael,pQwfBFwAAAAJ,0000-0002-6418-5767
Michael E. Saks,Rutgers University,https://sites.math.rutgers.edu/~saks,mu2I688AAAAJ,0000-0003-1659-7190
Michael E. Shin,Texas Tech University,https://www.depts.ttu.edu/cs/faculty/michael_eonsuk_shin/index.php,NOSCHOLARPAGE,0000-0000-0000-0000
Michael E. Tipping,University of Bath,http://www.miketipping.com,k8Rs4JcAAAAJ,0000-0000-0000-0000
Michael Eagle,George Mason University,https://cs.gmu.edu/directory/detail/97,UPVSnPIAAAAJ,0000-0002-2263-0156
Michael Eisenberg,University of Colorado Boulder,http://www.cs.colorado.edu/~duck,C4x1THMAAAAJ,0000-0002-2629-9544
Michael Elad,Technion,http://www.cs.technion.ac.il/~elad,UpZbV44AAAAJ,0000-0001-8131-6928
Michael Elhadad,Ben-Gurion University of the Negev,https://www.cs.bgu.ac.il/~elhadad,Is0pLz0AAAAJ,0000-0002-5629-2351
Michael Eonsuk Shin,Texas Tech University,https://www.depts.ttu.edu/cs/faculty/michael_eonsuk_shin/index.php,NOSCHOLARPAGE,0000-0000-0000-0000
Michael Everett,Northeastern University,https://www.khoury.northeastern.edu/people/michael-everett,SxinYKMAAAAJ,0000-0001-9377-6745
Michael F. P. O'Boyle,University of Edinburgh,http://www.dcs.ed.ac.uk/~mob,NOSCHOLARPAGE,0000-0003-1619-5052
Michael F. Spear,Lehigh University,http://www.cse.lehigh.edu/~spear,xEZlTrIAAAAJ,0000-0002-7681-5877
Michael Fairbank,University of Essex,https://www.essex.ac.uk/people/fairb54300/michael-fairbank,iRXHONoAAAAJ,0000-0000-0000-0000
Michael Felderer,University of Innsbruck,http://mfelderer.at,4kwCpCcAAAAJ,0000-0003-3818-4442
Michael Fellmann,University of Rostock,https://www.wibis.uni-rostock.de/team,NOSCHOLARPAGE,0000-0000-0000-0000
Michael Ferdman,Stony Brook University,http://compas.cs.stonybrook.edu/~mferdman,u9J1aE4AAAAJ,0000-0001-5808-1040
Michael Fisher 0001,University of Manchester,https://research.manchester.ac.uk/en/persons/michael.fisher,ObjR3wwAAAAJ,0000-0002-0875-3862
Michael Fleming,University of New Brunswick,http://www.cs.unb.ca/~mwf,OFEFNkkAAAAJ,0000-0000-0000-0000
Michael Frank Werner Schöttner,University of Düsseldorf,https://www.cs.hhu.de/en/research-groups/operating-systems-prof-dr-michael-schoettner/team/team/schoettner.html,NOSCHOLARPAGE,0000-0000-0000-0000
Michael Franz,Univ. of California - Irvine,http://www.michaelfranz.com,NOSCHOLARPAGE,0000-0001-5911-2275
Michael Fulham,University of Sydney,https://www.sydney.edu.au/engineering/about/our-people/academic-staff/michael-fulham.html,nBQ_vaMAAAAJ,0000-0000-0000-0000
Michael Färber 0001,TU Dresden,https://scads.ai/scads-ai-team/scads-ai-professorships/michael-faerber,Jb7JUOsAAAAJ,0000-0001-5458-8645
Michael G. Gowanlock,Northern Arizona University,https://nau.edu/siccs/faculty,L5B7RAMAAAAJ,0000-0000-0000-0000
Michael G. Wahl,University of Siegen,https://www.eti.uni-siegen.de/dis/mitarbeiter/wahl.html?lang=de,NOSCHOLARPAGE,0000-0000-0000-0000
Michael Gardner,University of Essex,https://www.essex.ac.uk/people/gardn25207/michael-gardner,tVD0t5EAAAAJ,0000-0000-0000-0000
Michael Gashler,University of Arkansas,http://csce.uark.edu/~mgashler,NOSCHOLARPAGE,0000-0000-0000-0000
Michael Gastpar,EPFL,https://people.epfl.ch/michael.gastpar,IQ3hcw4AAAAJ,0000-0002-5499-5336
Michael Gelfond,Texas Tech University,http://redwood.cs.ttu.edu/~mgelfond,IcXx2DkAAAAJ,0000-0003-0574-3092
Michael Gerndt,TU Munich,http://wwwi10.lrr.in.tum.de/~gerndt/home,NOSCHOLARPAGE,0000-0000-0000-0000
Michael Gertz 0001,Heidelberg University,https://dbs.ifi.uni-heidelberg.de/team/gertz,F4eflRgAAAAJ,0000-0003-4530-6110
Michael Glaß,University of Ulm,https://www.uni-ulm.de/glass,HusDvQsAAAAJ,0000-0002-8006-8843
Michael Gleicher,University of Wisconsin - Madison,http://pages.cs.wisc.edu/~gleicher,kDkH9UkAAAAJ,0000-0003-3295-4071
Michael Goldsmith,University of Oxford,https://www.cs.ox.ac.uk/people/michael.goldsmith,O_o9ZYUAAAAJ,0000-0001-7808-0600
Michael Gowanlock,Northern Arizona University,https://nau.edu/siccs/faculty,L5B7RAMAAAAJ,0000-0000-0000-0000
Michael Granitzer,University of Passau,http://www.fim.uni-passau.de/medieninformatik,nZKtn6AAAAAJ,0000-0003-3566-5507
Michael Greenberg 0002,Stevens Institute of Technology,https://mgree.github.io,_LSrWlwAAAAJ,0000-0003-0014-7670
Michael Gribskov,Purdue University,http://rna.genomics.purdue.edu/Gribskov_Lab#People,KRZoh34AAAAJ,0000-0002-1718-0242
Michael Grossberg,CUNY,https://www.ccny.cuny.edu/profiles/michael-grossberg,O3lqKpcAAAAJ,0000-0000-0000-0000
Michael Grossniklaus,University of Konstanz,https://dbis.uni-konstanz.de/people/people/grossniklaus,qdpiy94AAAAJ,0000-0003-1609-2221
Michael Gruninger,University of Toronto,http://stl.mie.utoronto.ca/gruninger.html,FgiDz7oAAAAJ,0000-0000-0000-0000
Michael Grüninger,University of Toronto,http://stl.mie.utoronto.ca/gruninger.html,FgiDz7oAAAAJ,0000-0000-0000-0000
Michael Guthe,University of Bayreuth,https://www.ai5.uni-bayreuth.de/de/team/michael-guthe/index.php,5YA9KjYAAAAJ,0000-0002-9472-2535
Michael Günther 0005,University of Wuppertal,https://www-num.math.uni-wuppertal.de/de/amna/mitarbeiter/guenther/details.html,TZo_QvoAAAAJ,0000-0000-0000-0000
Michael H. Albert,University of Otago,http://www.cs.otago.ac.nz/staff/michael.html,oZL1wnUAAAAJ,0000-0000-0000-0000
Michael H. Bowling,University of Alberta,https://webdocs.cs.ualberta.ca/~bowling,PYtPCHoAAAAJ,0000-0000-0000-0000
Michael H. Böhlen,University of Zurich,https://www.ifi.uzh.ch/en/dbtg/Staff/Boehlen.html,dDBGgkEAAAAJ,0000-0003-3694-9026
Michael H. Goldwasser,Saint Louis University,https://cs.slu.edu/~goldwasser,9x4inqAAAAAJ,0000-0000-0000-0000
Michael H. MacGregor,University of Alberta,https://webdocs.cs.ualberta.ca/~macg,uUWOJvkAAAAJ,0000-0000-0000-0000
Michael Hagenow,University of Wisconsin - Madison,https://www.hageneaux.com,pvBZ1KAAAAAJ,0000-0000-0000-0000
Michael Hahn 0001,Saarland University,https://www.mhahn.info,9y9ALCQAAAAJ,0000-0003-4828-4834
Michael Hahsler,Southern Methodist University,https://www.smu.edu/Lyle/Departments/CSE/People/Faculty/HahslerMichael,uUg1IykAAAAJ,0000-0003-2716-1405
Michael Haney,University of Idaho,http://www.uidaho.edu/engr/departments/cs/our-people/faculty/michael-haney,yFPTY8wAAAAJ,0000-0000-0000-0000
Michael Hanus,University of Kiel,https://www.informatik.uni-kiel.de/~mh,SkNKYjQAAAAJ,0000-0002-4953-8202
Michael Hatzopoulos,University of Athens,http://cgi.di.uoa.gr/~mike,NOSCHOLARPAGE,0000-0000-0000-0000
Michael Henry Albert,University of Otago,http://www.cs.otago.ac.nz/staff/michael.html,oZL1wnUAAAAJ,0000-0000-0000-0000
Michael Herczeg,University of Lübeck,https://www.imis.uni-luebeck.de/de/institut/team/michael-herczeg,NOSCHOLARPAGE,0000-0000-0000-0000
Michael Hicks 0001,University of Pennsylvania,https://mhicks.me,Gggzp7UAAAAJ,0000-0002-2759-9223
Michael Hitchens,Macquarie University,https://researchers.mq.edu.au/en/persons/michael-hitchens,N__ECjEAAAAJ,0000-0001-6320-9184
Michael Homer,Victoria University of Wellington,https://ecs.victoria.ac.nz/Main/MichaelHomer,ss2RKjoAAAAJ,0000-0003-0280-6748
Michael Horn 0001,Northwestern University,http://tidal.northwestern.edu,_yO5SYkAAAAJ,0000-0002-4892-6801
Michael Horsch,University of Saskatchewan,http://artsandscience.usask.ca/profile/MHorsch,NOSCHOLARPAGE,0000-0000-0000-0000
Michael Huth 0001,Imperial College London,http://www.doc.ic.ac.uk/~mrh,ZBlUaIAAAAAJ,0000-0001-9229-3055
Michael Hübner,Brandenburg Univ. of Technology,https://www.b-tu.de/en/fg-technische-informatik/team/professor,0U6y9RoAAAAJ,0000-0000-0000-0000
Michael I. Jordan,Univ. of California - Berkeley,http://www.cs.berkeley.edu/~jordan,yxUduqMAAAAJ,0000-0001-8935-817X
Michael I. Mandel,CUNY,http://www.brooklyn.cuny.edu/web/academics/faculty/faculty_profile.jsp?faculty=1264,0v1-axgAAAAJ,0000-0000-0000-0000
Michael I. Miga,Vanderbilt University,https://migalab.org,q2ThJtAAAAAJ,0000-0000-0000-0000
Michael I. Miller,Johns Hopkins University,https://www.bme.jhu.edu/people/faculty/michael-i-miller,Ui8pnoIAAAAJ,0000-0000-0000-0000
Michael I. Shamos,Carnegie Mellon University,http://euro.ecom.cmu.edu/shamos.html,PswI6pYAAAAJ,0000-0000-0000-0000
Michael Ian Shamos,Carnegie Mellon University,http://euro.ecom.cmu.edu/shamos.html,NOSCHOLARPAGE,0000-0000-0000-0000
Michael J. Black [IS],Max Planck Society,https://ps.is.tuebingen.mpg.de/person/black,6NjbexEAAAAJ,0000-0000-0000-0000
Michael J. Brooks,Adelaide University,http://www.adelaide.edu.au/directory/michael.brooks,IRsRrroAAAAJ,0000-0001-9612-5884
Michael J. Butler,University of Southampton,https://www.ecs.soton.ac.uk/people/mbutler,c0BzzQwAAAAJ,0000-0003-4642-5373
Michael J. Carey 0001,Univ. of California - Irvine,http://www.ics.uci.edu/~mjcarey,B8tFrksAAAAJ,0000-0000-0000-0000
Michael J. Chantler,Heriot-Watt University,https://www.hw.ac.uk/staff/uk/macs/mike-chantler.htm,oBixg1wAAAAJ,0000-0000-0000-0000
Michael J. Coblenz,Univ. of California - San Diego,https://cseweb.ucsd.edu/~mcoblenz,sKuY6fIAAAAJ,0000-0002-9369-4069
Michael J. Dinneen,University of Auckland,https://www.cs.auckland.ac.nz/~mjd,NspX1ZIAAAAJ,0000-0000-0000-0000
Michael J. Feeley,University of British Columbia,https://www.cs.ubc.ca/people/mike-feeley,g93mhb4AAAAJ,0000-0000-0000-0000
Michael J. Fern,University of North Carolina,http://cs.unc.edu/people/michael-j-fern,NOSCHOLARPAGE,0000-0000-0000-0000
Michael J. Fischer,Yale University,http://www.cs.yale.edu/~fischer,mnq4vRgAAAAJ,0000-0000-0000-0000
Michael J. Franklin,University of Chicago,https://cs.uchicago.edu/people/michael-franklin,p0sQC6sAAAAJ,0000-0000-0000-0000
Michael J. Freedman,Princeton University,http://www.cs.princeton.edu/~mfreed,BFE6IQwAAAAJ,0000-0002-5305-2395
Michael J. Jacobson Jr.,University of Calgary,http://cpsc.ucalgary.ca/~jacobs,IrXtkEAAAAAJ,0000-0000-0000-0000
Michael J. Kastoryano,University of Copenhagen,https://di.ku.dk/english/staff/vip/researchers_ml/?pure=en/persons/354625,2roUPxkAAAAJ,0000-0000-0000-0000
Michael J. Kearns,University of Pennsylvania,http://www.cis.upenn.edu/~mkearns,8iQk0DIAAAAJ,0000-0000-0000-0000
Michael J. Laszlo,Nova Southeastern University,https://cec.nova.edu/faculty/laszlo.html,NOSCHOLARPAGE,0000-0000-0000-0000
Michael J. Lewis,Binghamton University,https://www.binghamton.edu/cs/people/mlewis.html,TbNp9c4AAAAJ,0000-0000-0000-0000
Michael J. Milford,Queensland Univ. of Technology,https://research.qut.edu.au/qcr/people/michael-milford,TDSmCKgAAAAJ,0000-0002-5162-1793
Michael J. Mior,Rochester Inst. of Technology,https://michael.mior.ca,bpO_ZLoAAAAJ,0000-0002-4057-8726
Michael J. O'Donnell,University of Chicago,https://cs.uchicago.edu/directory/michael-j-odonnell,t_6TOi0AAAAJ,0000-0000-0000-0000
Michael J. Paul,University of Colorado Boulder,http://www.colorado.edu/cmci/people/information-science/michael-j-paul,_pRB0HIAAAAJ,0000-0000-0000-0000
Michael J. Rosulek,Oregon State University,http://eecs.oregonstate.edu/~rosulekm,wQyhNhwAAAAJ,0000-0000-0000-0000
Michael J. Wooldridge,University of Oxford,http://www.cs.ox.ac.uk/people/michael.wooldridge,JD8v9fkAAAAJ,0000-0000-0000-0000
Michael J. Wozny,Rensselaer Polytechnic Institute,https://ecse.rpi.edu/index.php/15-profile/118-profile-wozny-michael-j,NOSCHOLARPAGE,0000-0000-0000-0000
Michael James Katchabaw,Western University,http://www.csd.uwo.ca/~katchab,NOSCHOLARPAGE,0000-0000-0000-0000
Michael Jarret Baume,George Mason University,https://cs.gmu.edu/directory/detail/153,tThcwMoAAAAJ,0000-0000-0000-0000
Michael Jason Minock,KTH Royal Inst. of Technology,https://www.umu.se/en/staff/michael-minock,aWK0wpUAAAAJ,0000-0000-0000-0000
Michael Jenkin,York University,http://eecs.lassonde.yorku.ca/faculty/michael-r-m-jenkin,noDDU_0AAAAJ,0000-0002-2969-0012
Michael Johnson,Macquarie University,http://web.science.mq.edu.au/~mike,NOSCHOLARPAGE,0000-0000-0000-0000
Michael Julian Black [IS],Max Planck Society,https://ps.is.tuebingen.mpg.de/person/black,6NjbexEAAAAJ,0000-0000-0000-0000
Michael Jurczyk,University of Missouri,https://engineering.missouri.edu/faculty/michael-jurczyk,NOSCHOLARPAGE,0000-0000-0000-0000
Michael K. Reiter,Duke University,https://reitermk.github.io,qAKfQW0AAAAJ,0000-0001-7007-8274
Michael Kaisers,CWI,https://www.cwi.nl/people/2693,ZIwu4NQAAAAJ,0000-0000-0000-0000
Michael Kaminski,Technion,http://www.cs.technion.ac.il/people/kaminski,DJDlGv4AAAAJ,0000-0000-0000-0000
Michael Kamp,TU Dortmund,https://cs.tu-dortmund.de/sonstiges/kachel-kamp,8R5jbvQAAAAJ,0000-0001-6231-0694
Michael Kampffmeyer,UiT The Arctic Univ. of Norway,https://uit.no/ansatte/michael.c.kampffmeyer,9lDh2UgAAAAJ,0000-0002-7699-0405
Michael Kampouridis,University of Kent,https://www.cs.kent.ac.uk/people/staff/mk451,dJUJ8BwAAAAJ,0000-0000-0000-0000
Michael Kapralov,EPFL,http://theory.epfl.ch/kapralov,NOSCHOLARPAGE,0009-0006-2882-0459
Michael Katchabaw,Western University,http://www.csd.uwo.ca/~katchab,NOSCHOLARPAGE,0000-0001-6215-242X
Michael Kaufmann 0001,University of Tübingen,http://algo.inf.uni-tuebingen.de/?site=mitarbeiter/michaelkaufmann/index,FTx_BNsAAAAJ,0000-0000-0000-0000
Michael Kazhdan,Johns Hopkins University,http://www.cs.jhu.edu/~misha,soUq_eQAAAAJ,0000-0002-6904-2167
Michael Kearns,University of Pennsylvania,http://www.cis.upenn.edu/~mkearns,8iQk0DIAAAAJ,0000-0000-0000-0000
Michael King,Florida Institute of Technology,https://www.fit.edu/faculty-profiles/5/michael-king,NOSCHOLARPAGE,0000-0000-0000-0000
Michael Kirby,Colorado State University,https://www.math.colostate.edu/~kirby,ikZF5HUAAAAJ,0000-0001-9802-9263
Michael Kirkedal Thomsen,University of Copenhagen,https://di.ku.dk/english/staff/?pure=en%2Fpersons%2Fmichael-kirkedal-thomsen(28018e5c-9ddb-46b8-80e5-dca51151710c).html,3VsQv0sAAAAJ,0000-0000-0000-0000
Michael Kirley,University of Melbourne,http://people.eng.unimelb.edu.au/mkirley,te9wVHwAAAAJ,0000-0002-6030-858X
Michael Koch 0001,Bundeswehr University Munich,http://www.unibw.de/michael.koch,knY18cEAAAAJ,0000-0002-9694-6946
Michael Kohlhase,University of Erlangen–Nuremberg,https://kwarc.info/people/mkohlhase,H0xjVyoAAAAJ,0000-0000-0000-0000
Michael Krone,University of Tübingen,https://uni-tuebingen.de/en/faculties/faculty-of-science/departments/computer-science/lehrstuehle/big-data-visual-analytics-in-life-sciences/group-members/jun-prof-dr-michael-krone,srDA4dAAAAAJ,0000-0002-1445-7568
Michael Kölling,University of Kent,https://www.cs.kent.ac.uk/people/staff/mik,NOSCHOLARPAGE,0000-0003-0544-2003
Michael L. Best,Georgia Institute of Technology,http://mikeb.inta.gatech.edu,gLLhIb8AAAAJ,0000-0000-0000-0000
Michael L. Fredman,Rutgers University,https://www.cs.rutgers.edu/faculty/michael-fredman,NOSCHOLARPAGE,0000-0000-0000-0000
Michael L. Littman,Brown University,http://cs.brown.edu/~mlittman,Jj00ksMAAAAJ,0000-0002-5596-1840
Michael L. Nelson,Old Dominion University,http://www.cs.odu.edu/~mln,oWQaPnwAAAAJ,0000-0000-0000-0000
Michael L. Overton,New York University,https://cs.nyu.edu/overton,q6LXYtUAAAAJ,0000-0000-0000-0000
Michael L. Rivera,University of Colorado Boulder,https://mikeriv.com,n7yV9DYAAAAJ,0000-0002-5998-8039
Michael L. Scott,University of Rochester,https://www.cs.rochester.edu/~scott,PzaBy-UAAAAJ,0000-0001-8652-7644
Michael Lampis,Université Paris Dauphine,https://www.lamsade.dauphine.fr/~mlampis,x0XUqygAAAAJ,0000-0002-5791-0887
Michael Lee Scott,University of Rochester,https://www.cs.rochester.edu/~scott,PzaBy-UAAAAJ,0000-0000-0000-0000
Michael Leuschel,University of Düsseldorf,https://www.cs.hhu.de/lehrstuehle-und-arbeitsgruppen/softwaretechnik-und-programmiersprachen-prof-dr-michael-leuschel/unser-team/team/leuschel.html,gNF8SogAAAAJ,0000-0000-0000-0000
Michael Levison,Queen’s University,http://www.queensu.ca/gazette/content/levison-michael,NOSCHOLARPAGE,0000-0000-0000-0000
Michael Lewis,University of Pittsburgh,http://www.pitt.edu/~cmlewis,BBS25qkAAAAJ,0000-0000-0000-0000
Michael Lindenbaum,Technion,http://www.cs.technion.ac.il/~mic,NOSCHOLARPAGE,0000-0000-0000-0000
Michael Luck,King's College London,https://www.kcl.ac.uk/people/professor-michael-luck,mKVcy8sAAAAJ,0000-0002-0926-2061
Michael Lustig,Univ. of California - Berkeley,https://www2.eecs.berkeley.edu/Faculty/Homepages/mlustig.html,EWY1qlkAAAAJ,0000-0002-4794-221X
Michael M. Bronstein,Imperial College London,https://www.imperial.ac.uk/people/m.bronstein,UU3N6-UAAAAJ,0000-0002-1262-7252
Michael M. Kazhdan,Johns Hopkins University,http://www.cs.jhu.edu/~misha,soUq_eQAAAAJ,0000-0000-0000-0000
Michael M. Mitzenmacher,Harvard University,http://www.eecs.harvard.edu/~michaelm,e8aRmAsAAAAJ,0000-0000-0000-0000
Michael M. Swift,University of Wisconsin - Madison,http://pages.cs.wisc.edu/~swift,pqIGLH4AAAAJ,0000-0002-7926-648X
Michael M. Zavlanos,Duke University,https://www.michaelmzavlanos.org,gqtM2HwAAAAJ,0000-0000-0000-0000
Michael Maire,University of Chicago,http://ttic.uchicago.edu/~mmaire,HXowq5YAAAAJ,0000-0002-9778-6673
Michael Mangan,University of Sheffield,https://www.sheffield.ac.uk/dcs/people/academic/michael-mangan,VeeNOGgAAAAJ,0000-0002-0293-8874
Michael Manzke,Trinity College Dublin,https://www.tcd.ie/research/profiles/?profile=manzkem,L1HrUqQAAAAJ,0000-0002-2183-8318
Michael Mascagni,Florida State University,http://www.cs.fsu.edu/~mascagni,c6RD1lIAAAAJ,0000-0003-3058-4580
Michael Mateas,Univ. of California - Santa Cruz,https://users.soe.ucsc.edu/~michaelm,NOSCHOLARPAGE,0000-0000-0000-0000
Michael Mathioudakis,University of Helsinki,https://michalis.co,kZti0OcAAAAJ,0000-0003-0074-3966
Michael Mayo,University of Waikato,http://www.cms.waikato.ac.nz/people/mmayo,j6IjujMAAAAJ,0000-0000-0000-0000
Michael McAllister,Dalhousie University,https://www.dal.ca/faculty/computerscience/faculty-staff/michael-mcallister.html,NOSCHOLARPAGE,0000-0000-0000-0000
Michael McGuire,Towson University,https://www.towson.edu/fcsm/departments/computerinfosci/facultystaff/mmcguire.html,NOSCHOLARPAGE,0000-0000-0000-0000
Michael Meier 0001,University of Bonn,https://net.cs.uni-bonn.de/wg/itsec/staff/leader/michael-meier,NOSCHOLARPAGE,0009-0006-8199-5004
Michael Mendler,University of Bamberg,https://www.uni-bamberg.de/gdi/team/michael-mendler,NOSCHOLARPAGE,0000-0001-9562-0576
Michael Menth,University of Tübingen,https://uni-tuebingen.de/en/faculties/faculty-of-science/departments/computer-science/lehrstuehle/communication-networks/staff/menth,nIb1MnoAAAAJ,0000-0000-0000-0000
Michael Milford,Queensland Univ. of Technology,https://research.qut.edu.au/qcr/people/michael-milford,TDSmCKgAAAAJ,0000-0002-5162-1793
Michael Minock,KTH Royal Inst. of Technology,https://www.umu.se/en/staff/michael-minock,aWK0wpUAAAAJ,0000-0000-0000-0000
Michael Mior,Rochester Inst. of Technology,https://michael.mior.ca,bpO_ZLoAAAAJ,0000-0002-4057-8726
Michael Mitzenmacher,Harvard University,http://www.eecs.harvard.edu/~michaelm,e8aRmAsAAAAJ,0000-0001-5430-5457
Michael Moeller 0001,University of Siegen,https://www.vsa.informatik.uni-siegen.de/en/moeller-michael,sxzdAGUAAAAJ,0000-0002-0492-6527
Michael Molloy,University of Toronto,http://www.cs.toronto.edu/~molloy,k2b25d4AAAAJ,0000-0001-5435-1015
Michael Morgan,Monash University,https://www.monash.edu/science/schools/physics/ourpeople/morgan,NuiaYMMAAAAJ,0000-0001-9881-4878
Michael Mozer,University of Colorado Boulder,http://www.cs.colorado.edu/~mozer,lmjR_qMAAAAJ,0000-0002-9654-0575
Michael Möller 0001,University of Siegen,https://www.vsa.informatik.uni-siegen.de/en/moeller-michael,sxzdAGUAAAAJ,0000-0002-0492-6527
Michael N. Gubanov,Florida State University,http://www.mgubanov.com,NOSCHOLARPAGE,0000-0000-0000-0000
Michael N. Huhns,University of South Carolina,http://www.cse.sc.edu/~huhns,hvtmB0UAAAAJ,0000-0000-0000-0000
Michael N. Mistry,University of Edinburgh,http://www.inf.ed.ac.uk/people/staff/Michael_Mistry.html,e378qEIAAAAJ,0000-0000-0000-0000
Michael Nebeling,University of Michigan,http://www.michael-nebeling.de,W2XLsXoAAAAJ,0000-0003-3743-2387
Michael Neff,Univ. of California - Davis,http://www.cs.ucdavis.edu/~neff,9ENU67IAAAAJ,0000-0003-0226-2808
Michael Norrish,Australian National University,https://cecs.anu.edu.au/people/michael-norrish,Ymd4ZfYAAAAJ,0000-0003-1163-8467
Michael Nowatkowski,Augusta University,https://www.augusta.edu/faculty/directory/view.php?id=MNOWATKOWSKI,6pNrf1MAAAAJ,0000-0003-1791-2324
Michael O'Neal,Louisiana Tech University,https://www.latech.edu/faculty-staff/single-entry/name/michael-oneal,NOSCHOLARPAGE,0000-0000-0000-0000
Michael O. Rabin,Harvard University,https://www.seas.harvard.edu/directory/rabin,EFZyUcEAAAAJ,0000-0000-0000-0000
Michael Oberst,Johns Hopkins University,https://www.michaelkoberst.com,o1IZjggAAAAJ,0000-0003-1720-6702
Michael Oser Rabin,Harvard University,https://www.seas.harvard.edu/directory/rabin,EFZyUcEAAAAJ,0000-0000-0000-0000
Michael P. Cummings,Univ. of Maryland - College Park,https://www.cs.umd.edu/people/mcummin1,0ahvXiEAAAAJ,0000-0000-0000-0000
Michael P. Friedlander,University of British Columbia,http://www.cs.ubc.ca/~mpf,mOgIIH4AAAAJ,0000-0000-0000-0000
Michael P. Kim,Cornell University,https://www.cs.cornell.edu/~mpkim,2sFj-kcAAAAJ,0000-0000-0000-0000
Michael P. Wellman,University of Michigan,http://www.eecs.umich.edu/ai/people/wellman,UruIct4AAAAJ,0000-0002-1691-6844
Michael Paul Wellman,University of Michigan,http://www.eecs.umich.edu/ai/people/wellman,UruIct4AAAAJ,0000-0000-0000-0000
Michael Pedersen,DTU,https://www.compute.dtu.dk/english,NOSCHOLARPAGE,0000-0000-0000-0000
Michael Philippsen,University of Erlangen–Nuremberg,https://www.cs2.tf.fau.de/person/philippsen,hvfbNg0AAAAJ,0000-0002-3202-2904
Michael Posa,University of Pennsylvania,https://dair.seas.upenn.edu/michael-posa,DCSFMuAAAAAJ,0000-0000-0000-0000
Michael Pradel,CISPA Helmholtz Center,http://software-lab.org/people/Michael_Pradel.html,V-850TAAAAAJ,0000-0003-1623-498X
Michael Prilla,University of Duisburg-Essen,https://interaktive-systeme-ude.de,AZRKkdUAAAAJ,0000-0000-0000-0000
Michael Qizhe Shieh,National University of Singapore,https://www.comp.nus.edu.sg/cs/people/mshieh,J_pLyhIAAAAJ,0000-0000-0000-0000
Michael R. Berthold,University of Konstanz,https://www.bison.uni-konstanz.de/members/prof-dr-m-berthold,NOSCHOLARPAGE,0000-0000-0000-0000
Michael R. Brent,Washington University in St. Louis,http://mblab.wustl.edu,YE2tPHQAAAAJ,0000-0002-8689-0299
Michael R. Fellows,University of Bergen,https://www.mrfellows.net,NOSCHOLARPAGE,0000-0002-6148-9212
Michael R. Genesereth,Stanford University,http://logic.stanford.edu/people/genesereth,NOSCHOLARPAGE,0000-0000-0000-0000
Michael R. Hansen,DTU,https://www.compute.dtu.dk/english,NOSCHOLARPAGE,0000-0000-0000-0000
Michael R. Jantz,University of Tennessee,http://web.eecs.utk.edu/~mrjantz,ACtrMMgAAAAJ,0000-0003-4460-1206
Michael R. Lyu,Chinese University of Hong Kong,http://www.cse.cuhk.edu.hk/lyu,uQnBgK0AAAAJ,0000-0002-3666-5798
Michael R. M. Jenkin,York University,http://eecs.lassonde.yorku.ca/faculty/michael-r-m-jenkin,noDDU_0AAAAJ,0000-0002-2969-0012
Michael Rabinovich,Case Western Reserve University,http://engr.case.edu/rabinovich_michael,30fyS8EAAAAJ,0000-0002-1215-9591
Michael Radermacher,University of Vermont,http://physioweb.uvm.edu/radermacher-lab,e_bBQ_8AAAAJ,0000-0000-0000-0000
Michael Rappa,North Carolina State University,http://analytics.ncsu.edu/?page_id=7,NOSCHOLARPAGE,0000-0000-0000-0000
Michael Reichhardt Hansen,DTU,https://www.compute.dtu.dk/english,NOSCHOLARPAGE,0000-0000-0000-0000
Michael Reiter,Duke University,https://reitermk.github.io,qAKfQW0AAAAJ,0000-0000-0000-0000
Michael Rohs,University of Hannover,https://hci.uni-hannover.de/people/michael,VVJhitcAAAAJ,0000-0003-4599-729X
Michael Rose,DTU,https://www.compute.dtu.dk/english,NOSCHOLARPAGE,0000-0000-0000-0000
Michael Rovatsos,University of Edinburgh,http://homepages.inf.ed.ac.uk/mrovatso,xQGbSfMAAAAJ,0000-0003-2517-6283
Michael Rubenstein,Northwestern University,http://users.eecs.northwestern.edu/~mrubenst,JVNms8wAAAAJ,0000-0000-0000-0000
Michael Rung-Tsong Lyu,Chinese University of Hong Kong,http://www.cse.cuhk.edu.hk/lyu,uQnBgK0AAAAJ,0000-0000-0000-0000
Michael S. Bernstein,Stanford University,http://hci.stanford.edu/msb,zkhHirIAAAAJ,0000-0001-8020-9434
Michael S. Branicky,University of Kansas,https://engr.ku.edu/meet-the-dean,jkwHy3AAAAAJ,0009-0006-7295-450X
Michael S. Brown,York University,http://www.cse.yorku.ca/~mbrown,Gv1QGSMAAAAJ,0000-0002-9840-0795
Michael S. Gashler,University of Arkansas,http://csce.uark.edu/~mgashler,NOSCHOLARPAGE,0000-0000-0000-0000
Michael S. Horn,Northwestern University,http://tidal.northwestern.edu,_yO5SYkAAAAJ,0000-0000-0000-0000
Michael S. Kearns,University of Pennsylvania,http://www.cis.upenn.edu/~mkearns,8iQk0DIAAAAJ,0000-0000-0000-0000
Michael S. Langer,McGill University,http://www.cim.mcgill.ca/~langer,NsYQCXsAAAAJ,0000-0000-0000-0000
Michael S. Lew,Leiden University,https://press.liacs.nl/mlew,q6Aq5XMAAAAJ,0000-0000-0000-0000
Michael S. Lewicki,Case Western Reserve University,http://www.cs.cmu.edu/~lewicki,wRRKmnMAAAAJ,0000-0000-0000-0000
Michael S. O. Molloy,University of Toronto,http://www.cs.toronto.edu/~molloy,k2b25d4AAAAJ,0000-0000-0000-0000
Michael S. Waterman,University of Southern California,https://dornsife.usc.edu/labs/msw,NOSCHOLARPAGE,0000-0000-0000-0000
Michael Sammler,IST Austria,https://pub.ista.ac.at/~msammler,q8W9hZOJCtMC,0000-0003-4591-743X
Michael Schapira,Hebrew University of Jerusalem,http://www.cs.huji.ac.il/~schapiram,vVvbU7oAAAAJ,0000-0002-9336-8351
Michael Schatz,Johns Hopkins University,https://www.cs.jhu.edu/faculty/michael-schatz,rcs6IKwAAAAJ,0000-0000-0000-0000
Michael Schröder 0002,University of Freiburg,https://www.bsdlab.uni-freiburg.de/people/michael_tangermann,OVeU_8cAAAAJ,0000-0000-0000-0000
Michael Schwarz 0001,CISPA Helmholtz Center,https://cispa.de/en/people/c02misc,2HPadJUAAAAJ,0000-0001-6744-3410
Michael Schöttner,University of Düsseldorf,https://www.cs.hhu.de/en/research-groups/operating-systems-prof-dr-michael-schoettner/team/team/schoettner.html,NOSCHOLARPAGE,0000-0000-0000-0000
Michael Scott Brown,National University of Singapore,https://www.comp.nus.edu.sg/~brown,NOSCHOLARPAGE,0000-0000-0000-0000
Michael Sedlmair,University of Stuttgart,https://www.vis.uni-stuttgart.de/institut/team/Sedlmair-00002,objnJXoAAAAJ,0000-0001-7048-9292
Michael Shekelyan,Queen Mary University of London,https://compsci.science/shekelyan,uDlNp2wAAAAJ,0000-0002-6500-2192
Michael Sheng,Macquarie University,http://web.science.mq.edu.au/~qsheng,lwy2C5YAAAAJ,0000-0002-3326-4147
Michael Sirivianos,Cyprus University of Technology,https://www.cut.ac.cy/faculties/fet/eecei/staff/michael.sirivianos/?languageId=1,U1-0MngAAAAJ,0000-0002-6500-581X
Michael Sixt,IST Austria,https://ist.ac.at/research/research-groups/sixt-group,NOSCHOLARPAGE,0000-0000-0000-0000
Michael Sonntag,JKU Linz,https://www.jku.at/institut-fuer-netzwerke-und-sicherheit/ueber-uns/ins-team/sonntag,NOSCHOLARPAGE,0000-0000-0000-0000
Michael Stumm,University of Toronto,http://www.eecg.toronto.edu/~stumm,SfN31P4AAAAJ,0000-0002-9377-2493
Michael Szell,IT University of Copenhagen,http://michael.szell.net,3kwJhIcAAAAJ,0000-0003-3022-2483
Michael T. Goodrich,Univ. of California - Irvine,https://www.ics.uci.edu/~goodrich,sSS9gSoAAAAJ,0000-0002-8943-191X
Michael T. Hallett,McGill University,https://www.mcgill.ca/philosophy/contact/faculty/hallett,aSl0gXwAAAAJ,0000-0001-6738-6786
Michael T. Niemier,University of Notre Dame,http://www3.nd.edu/~mniemier,jevPwGEAAAAJ,0000-0001-7776-4306
Michael T. Schaub,RWTH Aachen University,https://michaelschaub.github.io,FCGOxvYAAAAJ,0000-0003-2426-6404
Michael Tangermann,University of Freiburg,https://www.bsdlab.uni-freiburg.de/people/michael_tangermann,OVeU_8cAAAAJ,0000-0001-6729-0290
Michael Tautschnig,Queen Mary University of London,https://www.tautschnig.net,7G6fJrYAAAAJ,0000-0000-0000-0000
Michael Thaddeus Niemier,University of Notre Dame,http://www3.nd.edu/~mniemier,jevPwGEAAAAJ,0000-0000-0000-0000
Michael Thielscher,UNSW,http://www.cse.unsw.edu.au/~mit,xsGVxe4AAAAJ,0000-0003-0885-2702
Michael Thomas Tolley,Univ. of California - San Diego,https://tolley.eng.ucsd.edu,0kOHVOkAAAAJ,0000-0000-0000-0000
Michael Thuné,Uppsala University,https://katalog.uu.se/empinfo/?id=AA336,_-l_Z5oAAAAJ,0000-0000-0000-0000
Michael U. Gutmann,University of Edinburgh,https://michaelgutmann.github.io,CPhI2jYAAAAJ,0000-0002-5329-9910
Michael V. Mendler,University of Bamberg,https://www.uni-bamberg.de/gdi/team/michael-mendler,NOSCHOLARPAGE,0000-0000-0000-0000
Michael Vollmer 0003,University of Kent,https://recurial.com,wMIknYQAAAAJ,0000-0000-0000-0000
Michael W. Barley,University of Auckland,https://www.cs.auckland.ac.nz/people/m-barley,QwAxKoEAAAAJ,0000-0000-0000-0000
Michael W. Berry,University of Tennessee,http://web.eecs.utk.edu/~mberry,TrSq1u8AAAAJ,0000-0002-9191-9148
Michael W. Fleming,University of New Brunswick,http://www.cs.unb.ca/~mwf,OFEFNkkAAAAJ,0009-0001-7892-476X
Michael W. Godfrey,University of Waterloo,http://plg.uwaterloo.ca/~migod,KnJ6PRwAAAAJ,0000-0000-0000-0000
Michael W. Mislove,Tulane University,http://www.cs.tulane.edu/~mwm,tMa-iJ8AAAAJ,0000-0002-6650-1399
Michael W. Otte,Univ. of Maryland - College Park,http://ottelab.com,JbBpeE0AAAAJ,0000-0000-0000-0000
Michael W. Spratling,King's College London,https://www.kcl.ac.uk/people/michael-spratling,A2tJIE4AAAAJ,0000-0001-9531-2813
Michael W. Tangermann,University of Freiburg,https://www.bsdlab.uni-freiburg.de/people/michael_tangermann,OVeU_8cAAAAJ,0000-0000-0000-0000
Michael W. Totaro,Univ. of Louisiana - Lafayette,http://www.ucs.louisiana.edu/~mwt3774,NOSCHOLARPAGE,0000-0000-0000-0000
Michael Waidner,TU Darmstadt,https://www.sit.informatik.tu-darmstadt.de/de/security-in-information-technology/staff/michael-waidner,AyRNYLoAAAAJ,0000-0001-7919-9961
Michael Walfish,New York University,https://www.cs.nyu.edu/~mwalfish,FVTgmOwAAAAJ,0009-0006-1776-6418
Michael Walter 0005,Ruhr-University Bochum,https://qi.ruhr-uni-bochum.de/walter,KOESx2sAAAAJ,0000-0002-3073-1408
Michael Wand 0001,University of Mainz,https://www.staff.uni-mainz.de/wandm/bio.html,kA_rSy4AAAAJ,0000-0000-0000-0000
Michael Weinmann,TU Delft,https://graphics.tudelft.nl/michael-weinmann,NexBuB8AAAAJ,0000-0003-3634-0093
Michael Werman,Hebrew University of Jerusalem,http://www.cs.huji.ac.il/~werman,WBeDvikAAAAJ,0000-0002-0665-967X
Michael Wessely,Aarhus University,https://cs.au.dk/~michaelwessely,Ej2kvlkAAAAJ,0000-0003-0597-4659
Michael Wiegand,University of Klagenfurt,https://www.aau.at/team/wiegand-michael,ap2JlGMAAAAJ,0000-0002-5403-1078
Michael William Mislove,Tulane University,http://www.cs.tulane.edu/~mwm,tMa-iJ8AAAAJ,0000-0000-0000-0000
Michael Wimmer 0001,TU Wien,https://www.cg.tuwien.ac.at/staff/MichaelWimmer.html,pPLc_DoAAAAJ,0000-0002-9370-2663
Michael Winter 0001,Brock University,http://www.cosc.brocku.ca/~mwinter,NOSCHOLARPAGE,0000-0003-0847-0448
Michael Wirth,University of Guelph,https://www.uoguelph.ca/computing/people/michael-wirth,NOSCHOLARPAGE,0000-0000-0000-0000
Michael Wooldridge,University of Oxford,http://www.cs.ox.ac.uk/people/michael.wooldridge,JD8v9fkAAAAJ,0000-0002-9329-8410
Michael Wray,University of Bristol,https://mwray.github.io,gFQcKZMAAAAJ,0000-0001-5918-9029
Michael Wybrow,Monash University,https://research.monash.edu/en/persons/michael-wybrow,PuM-E0YAAAAJ,0000-0001-5536-7780
Michael Yacci,Rochester Inst. of Technology,https://www.rit.edu/gccis/michael-yacci,NOSCHOLARPAGE,0000-0000-0000-0000
Michael Zakharyaschev,Birkbeck University of London,https://www.dcs.bbk.ac.uk/about/people/academic-staff/michael,bXRDsrEAAAAJ,0000-0002-2210-5183
Michael Zapp,University of Manitoba,http://cs.umanitoba.ca/people,pN2BYuIAAAAJ,0000-0000-0000-0000
Michael Zbyszynski,Goldsmiths University of London,https://www.gold.ac.uk/computing/people/zbyszynski-michael,OAnw6WwAAAAJ,0000-0000-0000-0000
Michael Zink,Univ. of Massachusetts Amherst,http://www.ecs.umass.edu/ece/zink,iVck6WIAAAAJ,0000-0002-0309-9240
Michail Matthaiou,Queen's University Belfast,https://www.qub.ac.uk/schools/eeecs/Connect/Staff/BusinessCard/?name=m.matthaiou,g6HXpqoAAAAJ,0000-0001-9235-7741
Michail N. Giannakos,NTNU,https://www.ntnu.edu/employees/michailg,USOZIeMAAAAJ,0000-0002-8016-6208
Michal Bidlo,Brno University of Technology,https://www.fit.vut.cz/person/bidlom,5IvgpPIAAAAJ,0000-0002-1217-6711
Michal Brandejs,Masaryk University,https://www.muni.cz/en/people/2116,NOSCHOLARPAGE,0000-0000-0000-0000
Michal Derezinski,University of Michigan,https://users.soe.ucsc.edu/~mderezin,qhP66JAAAAAJ,0009-0001-7274-539X
Michal Feldman,Tel Aviv University,https://www.cs.tau.ac.il/~mfeldman,IKjIhTwAAAAJ,0000-0002-2915-8405
Michal Irani,Weizmann Institute of Science,https://www.weizmann.ac.il/pages/search/people?language=english&single=1&person_id=4578,5hJNWakAAAAJ,0000-0000-0000-0000
Michal Kompan,Kempelen Institute - KInIT,https://kinit.sk/member/michal-kompan,EahdXK8AAAAJ,0000-0002-4649-5120
Michal Koucký 0001,Charles University,https://iuuk.mff.cuni.cz/~koucky,sPoWqRIAAAAJ,0000-0003-0808-2269
Michal Kozubek,Masaryk University,https://www.muni.cz/en/people/3740,y-Vc8W4AAAAJ,0000-0001-7902-589X
Michal Pechoucek,Czech Technical University,http://cs.fel.cvut.cz/en/people/pechouce,SdQcGHcAAAAJ,0000-0002-2582-6795
Michal Pilipczuk,University of Warsaw,http://www.mimuw.edu.pl/~mp248287,RPD8Up0AAAAJ,0000-0001-7891-1988
Michal Skrzypczak,University of Warsaw,http://www.mimuw.edu.pl/~mskrzypczak,StdzCQUAAAAJ,0000-0002-9647-4993
Michal Spanel,Brno University of Technology,https://www.fit.vut.cz/person/spanel,75XIbgQAAAAJ,0000-0003-0193-684X
Michal Startek,University of Warsaw,https://www.mimuw.edu.pl/en/osoba/48383,F3uXWtkAAAAJ,0000-0000-0000-0000
Michal Young,University of Oregon,http://ix.cs.uoregon.edu/~michal,rhogjK0AAAAJ,0000-0000-0000-0000
Michalis Faloutsos,Univ. of California - Riverside,http://www.cs.ucr.edu/~michalis,eCXMUQEAAAAJ,0000-0002-3882-9987
Michalis K. Titsias,AUEB,http://www.aueb.gr/users/mtitsias,B-SbkAwAAAAJ,0000-0000-0000-0000
Michalis Matthaiou,Queen's University Belfast,https://www.qub.ac.uk/schools/eeecs/Connect/Staff/BusinessCard/?name=m.matthaiou,g6HXpqoAAAAJ,0000-0000-0000-0000
Michalis Polychronakis,Stony Brook University,https://www3.cs.stonybrook.edu/~mikepo,JBPcwIEAAAAJ,0000-0002-3106-0343
Michalis Vazirgiannis,AUEB,http://www.db-net.aueb.gr/michalis,aWGJYcMAAAAJ,0000-0001-5923-4440
Michaël Hauspie,CRIStAL,https://pro.univ-lille.fr/michael-hauspie,05gAqPUAAAAJ,0000-0000-0000-0000
Michaël Ménard,ETS Montreal,https://www.etsmtl.ca/en/research/professors/mmenard,6Q1gBgQAAAAJ,0000-0000-0000-0000
Michaël Rao,Ecole Normale Superieure de Lyon,http://perso.ens-lyon.fr/michael.rao,NOSCHOLARPAGE,0000-0000-0000-0000
Michel A. Kinsy,Arizona State University,https://isearch.asu.edu/profile/472846,WACzXzoAAAAJ,0000-0002-1432-6939
Michel Abdalla,Ecole Normale Superieure,http://www.di.ens.fr/~mabdalla,ZxxJGJsAAAAJ,0000-0002-2447-4329
Michel Barbeau,Carleton University,https://carleton.ca/scs/people/michel-barbeau,NOSCHOLARPAGE,0000-0003-3531-4926
Michel Bidoit,Ecole Normale Superieure de Cachan,http://www.lsv.ens-cachan.fr/~bidoit/?l=fr,strTWMwAAAAJ,0000-0000-0000-0000
Michel Boyer,University of Montreal,http://www.iro.umontreal.ca/~boyer,mDhldqAAAAAJ,0000-0000-0000-0000
Michel C. A. Klein,VU Amsterdam,http://www.cs.vu.nl/~mcaklein,FWzHQQgAAAAJ,0000-0000-0000-0000
Michel C. Desmarais,Polytechnique Montreal,http://www.professeurs.polymtl.ca/michel.desmarais/desmarais_michel_c.html,zeUqiMMAAAAJ,0000-0000-0000-0000
Michel Charpentier,University of New Hampshire,http://www.cs.unh.edu/~charpov,NOSCHOLARPAGE,0000-0000-0000-0000
Michel Chaudron,TU Eindhoven,https://research.tue.nl/en/persons/michel-rv-chaudron,Y_0xou4AAAAJ,0000-0000-0000-0000
Michel Cukier,Univ. of Maryland - College Park,https://www.cs.umd.edu/people/mcukier,b4zPppsAAAAJ,0000-0001-6250-4632
Michel Dumontier,Maastricht University,https://www.maastrichtuniversity.nl/michel.dumontier,vyofzOcAAAAJ,0000-0003-4727-9435
Michel F. Valstar,University of Nottingham,https://www.nottingham.ac.uk/computerscience/people/michel.valstar,SRs5RFEAAAAJ,0000-0000-0000-0000
Michel François Valstar,University of Nottingham,https://www.nottingham.ac.uk/computerscience/people/michel.valstar,SRs5RFEAAAAJ,0000-0003-2414-161X
Michel Justin Dumontier,Maastricht University,https://www.maastrichtuniversity.nl/michel.dumontier,vyofzOcAAAAJ,0000-0000-0000-0000
Michel M. Maharbiz,Univ. of California - Berkeley,https://www2.eecs.berkeley.edu/Faculty/Homepages/maharbiz.html,DJEiH1IAAAAJ,0000-0000-0000-0000
Michel R. Dagenais,Polytechnique Montreal,https://www.polymtl.ca/expertises/en/dagenais-michel,ges3OQQAAAAJ,0000-0000-0000-0000
Michel R. V. Chaudron,Chalmers/GU,https://www.chalmers.se/en/staff/Pages/michel-chaudron.aspx,NOSCHOLARPAGE,0000-0000-0000-0000
Michel Steuwer,TU Berlin,https://www.tu.berlin/en/compl/about-us/head,XdXJRZEAAAAJ,0000-0001-5048-0741
Michel Wermelinger,Open University UK,http://stem.open.ac.uk/people/mw4687,ESvfE58AAAAJ,0000-0002-6467-3293
Michel Westenberg,TU Eindhoven,http://www.win.tue.nl/~mwestenb,5eK84bMAAAAJ,0000-0000-0000-0000
Michela Bertolotto,University College Dublin,https://people.ucd.ie/michela.bertolotto,ONyrJuwAAAAJ,0000-0003-0122-7656
Michela Taufer,University of Tennessee,https://eecs.utk.edu/people/michela-taufer,3DWI0HcAAAAJ,0000-0002-0031-6377
Michelangelo Grigni,Emory University,https://cs.emory.edu/~mic,61uuS7YAAAAJ,0000-0002-5616-9310
Michele C. Weigle,Old Dominion University,http://www.cs.odu.edu/~mweigle,MOLPTqcAAAAJ,0000-0000-0000-0000
Michele Caprio,University of Manchester,https://research.manchester.ac.uk/en/persons/michele-caprio,6rngqVgAAAAJ,0000-0002-7569-097X
Michele Ceccarelli,University of Sannio,https://www.unisannio.it/it/users/michele-ceccarelli,OIQsgqoAAAAJ,0000-0002-4702-6617
Michele Ciampi,University of Edinburgh,http://www.inf.ed.ac.uk/people/staff/Michele_Ciampi.html,jho-cksAAAAJ,0000-0001-5062-0388
Michele Coscia,IT University of Copenhagen,https://pure.itu.dk/portal/da/persons/michele-coscia(90b501a9-4d44-460b-b193-4d7d524bb21b).html,3p_bhfUAAAAJ,0000-0000-0000-0000
Michele Flammini,GSSI,http://www.micheleflammini.com,cA-nbvkAAAAJ,0000-0003-0327-3728
Michele Lanza 0001,Università della Svizzera italiana,http://search.usi.ch/persone/8b4717057b3c2d30a3b28425aa4e29d5/Lanza-Michele,hKMBth8AAAAJ,0000-0003-4391-0197
Michele Nappi,University of Salerno,http://www.biplab.unisa.it/portal/index.php/members/prof-michele-nappi,XNWhz4wAAAAJ,0000-0000-0000-0000
Michele Nitti,University of Cagliari,https://sites.unica.it/net4u/michele-nitti,oEC2IsEAAAAJ,0000-0002-7832-7121
Michele Parrinello,Università della Svizzera italiana,http://search.usi.ch/people/3b1efdf234d1c4d61794f89ef66ac885/Parrinello-Michele,lnkt9rgAAAAJ,0000-0001-6550-3272
Michele Risi,University of Salerno,https://docenti.unisa.it/005637/home,9RatguwAAAAJ,0000-0000-0000-0000
Michele Scquizzato,University of Padova,https://www.math.unipd.it/~scquizza,xqdQmmIAAAAJ,0000-0000-0000-0000
Michele Sevegnani,University of Glasgow,https://www.gla.ac.uk/schools/computing/staff/michelesevegnani,ycI17poAAAAJ,0000-0001-6773-9481
Michele Zito,University of Liverpool,https://www.liverpool.ac.uk/computer-science/staff/michele-zito,nZUs5w8AAAAJ,0000-0000-0000-0000
Michelle A. Borkin,Northeastern University,http://www.ccs.neu.edu/home/borkin,m9F7mIgAAAAJ,0000-0002-8016-355X
Michelle Borkin,Northeastern University,https://www.ccs.neu.edu/home/borkin,m9F7mIgAAAAJ,0000-0002-8016-355X
Michelle Craig,University of Toronto,http://mcraig05.wix.com/mysite,vdLeC2MAAAAJ,0000-0001-8283-0072
Michelle Kuttel,University of Cape Town,https://people.cs.uct.ac.za/~mkuttel,NRu5-Y0AAAAJ,0000-0003-0554-4632
Michelle L. Mazurek,Univ. of Maryland - College Park,https://www.umiacs.umd.edu/~mmazurek,5ExRjncAAAAJ,0000-0003-4151-6428
Michelle M. Kuttel,University of Cape Town,https://people.cs.uct.ac.za/~mkuttel,NRu5-Y0AAAAJ,0000-0000-0000-0000
Michelle Wahl Craig,University of Toronto,http://mcraig05.wix.com/mysite,vdLeC2MAAAAJ,0000-0000-0000-0000
Michiel H. M. Smid,Carleton University,http://www.scs.carleton.ca/~michiel,NOSCHOLARPAGE,0000-0000-0000-0000
Michiel Smid,Carleton University,http://www.scs.carleton.ca/~michiel,NOSCHOLARPAGE,0000-0000-0000-0000
Michiel van de Panne,University of British Columbia,https://www.cs.ubc.ca/~van,lJwPbcUAAAAJ,0000-0002-9123-3672
Michihiro Koibuchi,National Inst. of Informatics,https://www.nii.ac.jp/en/faculty/architecture/koibuchi_michihiro,pyAql60AAAAJ,0000-0002-5790-6992
Michiko Inoue,NAIST,https://sites.google.com/view/michikoinouenaist,gvEjrHIAAAAJ,0000-0002-9837-5147
Michio Honda,University of Edinburgh,https://micchie.net,4yrJshIAAAAJ,0000-0003-1895-5318
Michita Imai,Keio University,https://www.st.keio.ac.jp/en/tprofile/ics/imai.html,lYqJ_FsAAAAJ,0000-0002-2825-1560
Michitaka Hirose,University of Tokyo,http://www.rcast.u-tokyo.ac.jp/research/people/staff-hirose_michitaka_en.html,NOSCHOLARPAGE,0000-0002-3335-5428
Mieczyslaw A. Klopotek,IPI PAN,https://ipipan.waw.pl/instytut/pracownicy/mieczyslaw-klopotek,NOSCHOLARPAGE,0000-0000-0000-0000
Mieczyslaw Alojzy Klopotek,IPI PAN,https://ipipan.waw.pl/instytut/pracownicy/mieczyslaw-klopotek,NOSCHOLARPAGE,0000-0000-0000-0000
Mieczysław Wodecki,University of Wroclaw,https://www.ii.uni.wroc.pl/~mwd,NOSCHOLARPAGE,0000-0000-0000-0000
Mien Van,Queen's University Belfast,https://www.qub.ac.uk/schools/eeecs/Connect/Staff/BusinessCard/?name=m.van,AkUhZY8AAAAJ,0000-0001-9616-6061
Miguel A. Alonso,University of A Coruña,http://www.grupolys.org/~alonso,KtuaRUAAAAAJ,0000-0000-0000-0000
Miguel A. Alonso 0001,University of A Coruña,http://www.grupolys.org/~alonso,KtuaRUAAAAAJ,0000-0001-9254-4934
Miguel A. Nacenta,University of Victoria,https://nacenta.com,M_Ne0psAAAAJ,0000-0002-9864-9654
Miguel A. Otaduy,Universidad Rey Juan Carlos,http://mslab.es/otaduy,PhHt3mIAAAAJ,0000-0002-3880-7622
Miguel Angel Alonso Pardo,University of A Coruña,http://www.grupolys.org/~alonso,KtuaRUAAAAAJ,0000-0000-0000-0000
Miguel Angel Otaduy,Universidad Rey Juan Carlos,http://mslab.es/otaduy,PhHt3mIAAAAJ,0000-0000-0000-0000
Miguel Campercholi,Universidad Nacional de Córdoba,http://ual.famaf.unc.edu.ar/index.php/home/miguel-campercholi,NOSCHOLARPAGE,0000-0003-1166-1421
Miguel Correia 0001,Universidade de Lisboa,http://www.gsd.inesc-id.pt/~mpc,X4ejY-kAAAAJ,0000-0001-7873-5531
Miguel Goulão,Universidade NOVA de Lisboa,http://ctp.di.fct.unl.pt/~mgoul,yBhrrXwAAAAJ,0000-0002-5356-5203
Miguel L. Pardal,Universidade de Lisboa,http://web.tecnico.ulisboa.pt/miguel.pardal,hAqbWoQAAAAJ,0000-0000-0000-0000
Miguel Labrador,University of South Florida,http://www.cse.usf.edu/~labrador,TpatQDgAAAAJ,0000-0000-0000-0000
Miguel Leitão Bignolas Mira da Silva,Universidade de Lisboa,https://fenix.tecnico.ulisboa.pt/homepage/ist13948,8Lmbw5kAAAAJ,0000-0000-0000-0000
Miguel López-Benítez,University of Liverpool,https://liverpool.ac.uk/electrical-engineering-and-electronics/staff/lopez-benitez,CPeHC9IAAAAJ,0000-0003-0526-6687
Miguel M. Silva,Universidade de Lisboa,https://fenix.tecnico.ulisboa.pt/homepage/ist13948,8Lmbw5kAAAAJ,0000-0000-0000-0000
Miguel Matos,Universidade de Lisboa,http://haslab.uminho.pt/mmatos,OcBYw6kAAAAJ,0000-0001-6916-2866
Miguel Mira da Silva,Universidade de Lisboa,https://fenix.tecnico.ulisboa.pt/homepage/ist13948,8Lmbw5kAAAAJ,0000-0000-0000-0000
Miguel Nussbaum,UC Chile,https://mn.ing.puc.cl,INBSXpMAAAAJ,0000-0000-0000-0000
Miguel P. Correia,Universidade de Lisboa,http://www.gsd.inesc-id.pt/~mpc,X4ejY-kAAAAJ,0000-0000-0000-0000
Miguel P. Monteiro 0001,Universidade NOVA de Lisboa,http://ctp.di.fct.unl.pt/~mpm,BFldx7UAAAAJ,0000-0000-0000-0000
Miguel Pagano,Universidad Nacional de Córdoba,http://cs.famaf.unc.edu.ar/~mpagano,RYvj54kAAAAJ,0000-0000-0000-0000
Miguel Pessoa Monteiro,Universidade NOVA de Lisboa,http://ctp.di.fct.unl.pt/~mpm,BFldx7UAAAAJ,0000-0000-0000-0000
Miguel Pupo Correia,Universidade de Lisboa,http://www.gsd.inesc-id.pt/~mpc,X4ejY-kAAAAJ,0000-0000-0000-0000
Miguel R. Luaces,University of A Coruña,https://lbd.udc.es/ShowResearcherInformation.do?id=22,c5kcZugAAAAJ,0000-0000-0000-0000
Miguel R. Penabad,University of A Coruña,https://lbd.udc.es/ShowResearcherInformation.do?id=16,etzUWxAAAAAJ,0000-0000-0000-0000
Miguel Rodríguez Luaces,University of A Coruña,https://lbd.udc.es/ShowResearcherInformation.do?id=22,c5kcZugAAAAJ,0000-0000-0000-0000
Miguel Romero 0001,UC Chile,https://www.ing.uc.cl/academicos-e-investigadores/miguel-angel-romero-orth,NOSCHOLARPAGE,0000-0002-2615-6455
Miguel Valero-García,Polytechnic Univ. of Catalonia,http://epsc.upc.edu/projectes/usuaris/miguel.valero,NOSCHOLARPAGE,0000-0000-0000-0000
Miguel Á. Carreira-Perpiñán,Univ. of California - Merced,https://faculty.ucmerced.edu/mcarreira-perpinan,SYdYhxgAAAAJ,0000-0003-3297-9375
Miguel Ángel Otaduy,Universidad Rey Juan Carlos,http://mslab.es/otaduy,PhHt3mIAAAAJ,0000-0000-0000-0000
Miguel Ángel Zamora Izquierdo,University of Murcia,http://webs.um.es/mzamora/miwiki/doku.php,EQqywLsAAAAJ,0000-0000-0000-0000
Mihaela Cardei,Florida Atlantic University,http://www.cse.fau.edu/~mihaela,TJ_YumoAAAAJ,0000-0003-2359-6196
Mihaela Pertea,Johns Hopkins University,http://ccb.jhu.edu/people/mpertea,fKjqGyEAAAAJ,0000-0003-0762-8637
Mihaela van der Schaar,University of Cambridge,https://www.vanderschaar-lab.com,DZ3S--MAAAAJ,0000-0003-3933-6049
Mihaela van der Schaar-Mitrea,University of Cambridge,https://www.vanderschaar-lab.com,DZ3S--MAAAAJ,0000-0000-0000-0000
Mihai A. T. Sanduleanu,Masdar Institute,https://www.masdar.ac.ae/aboutus/management/faculty-directory/item/5662-mihai-sanduleanu,sKP9fu0AAAAJ,0000-0000-0000-0000
Mihai Ordean,University of Birmingham,https://www.birmingham.ac.uk/staff/profiles/computer-science/academic-staff/ordean-mihai.aspx,NOSCHOLARPAGE,0000-0002-8951-9196
Mihai Pop,Univ. of Maryland - College Park,https://www.cs.umd.edu/people/mpop,4glkLD0AAAAJ,0000-0001-9617-5304
Mihai Sanduleanu,Masdar Institute,https://www.masdar.ac.ae/aboutus/management/faculty-directory/item/5662-mihai-sanduleanu,sKP9fu0AAAAJ,0000-0001-7170-4062
Mihai Surdeanu,University of Arizona,http://surdeanu.info/mihai,a3133-8AAAAJ,0000-0000-0000-0000
Mihail L. Sichitiu,North Carolina State University,https://people.engr.ncsu.edu/mlsichit,P8BZmsYAAAAJ,0000-0000-0000-0000
Mihalis Psarakis,University of Piraeus,https://www.cs.unipi.gr/psarakis,zX2KSXEAAAAJ,0000-0002-5359-619X
Mihalis Yannakakis,Columbia University,http://www.cs.columbia.edu/~mihalis,_pPy-pAAAAAJ,0000-0003-2857-1860
Mihhail Matskin,KTH Royal Inst. of Technology,https://www.kth.se/profile/misha,L7szbOkAAAAJ,0000-0000-0000-0000
Mihir Bellare,Univ. of California - San Diego,https://cseweb.ucsd.edu/~mihir,2pW1g5IAAAAJ,0000-0002-8765-5573
Miho Funamori,National Inst. of Informatics,https://www.nii.ac.jp/en/faculty/society/funamori_miho,NOSCHOLARPAGE,0000-0000-0000-0000
Mihran Tuceryan,IUPUI,http://cs.iupui.edu/people/mihran-tuceryan,F-o1I5wAAAAJ,0000-0003-3828-6123
Miika Hannula,University of Tartu,https://sites.google.com/view/miika-hannula,5dn1LlsAAAAJ,0000-0002-9637-6664
Mijung Kim,UNIST,https://mijungk.github.io,g4ASrlcAAAAJ,0000-0003-3995-5384
Mijung Park,University of British Columbia,https://www.cs.ubc.ca/people/mijung-park,fqKsAJcAAAAJ,0000-0003-1771-6104
Mika Göös,EPFL,https://theory.stanford.edu/~mika,E1U3GIcAAAAJ,0009-0005-5095-7382
Mika Mäntylä,University of Helsinki,https://mmantyla.github.io,iD0POWUAAAAJ,0000-0002-2841-5879
Mikael B. Skov,Aalborg University,http://people.cs.aau.dk/~dubois,sivdLnwAAAAJ,0000-0003-4488-5683
Mikael Sjödin,Mälardalen University,https://www.es.mdh.se/staff/63-Mikael_Sjodin,K8v5JfgAAAAJ,0000-0000-0000-0000
Mikael Vejdemo-Johansson,CUNY,https://www.math.csi.cuny.edu/~mvj,XJN1TGIAAAAJ,0000-0001-6322-7542
Mikaela Keller,CRIStAL,https://www.cristal.univ-lille.fr/profil/kellerm,BbxquKkAAAAJ,0000-0000-0000-0000
Mikail Rubinov,Vanderbilt University,https://www.rubinovlab.net,-HLPnzIAAAAJ,0000-0000-0000-0000
Mikaël Monet,CRIStAL,http://mikael-monet.net,NOSCHOLARPAGE,0000-0002-6158-4607
Mikaël Salson,CRIStAL,http://cristal.univ-lille.fr/~salson,NOSCHOLARPAGE,0000-0003-1166-1720
Mike Bailey,Oregon State University,http://eecs.oregonstate.edu/people/bailey-mike,rHKC-kAAAAAJ,0000-0000-0000-0000
Mike Barley,University of Auckland,https://www.cs.auckland.ac.nz/people/m-barley,QwAxKoEAAAAJ,0000-0000-0000-0000
Mike Brooks,Adelaide University,http://www.adelaide.edu.au/directory/michael.brooks,IRsRrroAAAAJ,0000-0000-0000-0000
Mike Burmester,Florida State University,http://www.cs.fsu.edu/~burmeste,GwirM_8AAAAJ,0000-0001-5094-5668
Mike C. Fraser 0001,University of Bath,https://researchportal.bath.ac.uk/en/persons/mike-fraser,qxnHlVYAAAAJ,0000-0000-0000-0000
Mike Chantler,Heriot-Watt University,https://www.hw.ac.uk/staff/uk/macs/mike-chantler.htm,oBixg1wAAAAJ,0000-0002-8381-1751
Mike Conway,University of Melbourne,https://findanexpert.unimelb.edu.au/profile/886714-mike-conway,uiJso6MAAAAJ,0000-0000-0000-0000
Mike D. Atkinson,University of Otago,http://www.cs.otago.ac.nz/staffpriv/mike/HomePages/newhome.html,C2oYWqgAAAAJ,0000-0000-0000-0000
Mike Domaratzki,University of Manitoba,http://www.cs.umanitoba.ca/~mdomarat,W5GcMzEAAAAJ,0000-0000-0000-0000
Mike Feeley,University of British Columbia,https://www.cs.ubc.ca/people/mike-feeley,g93mhb4AAAAJ,0000-0000-0000-0000
Mike Fellows,University of Bergen,https://www.mrfellows.net,NOSCHOLARPAGE,0000-0000-0000-0000
Mike Ferdman,Stony Brook University,http://compas.cs.stonybrook.edu/~mferdman,u9J1aE4AAAAJ,0000-0000-0000-0000
Mike Franklin,University of Chicago,https://cs.uchicago.edu/people/michael-franklin,p0sQC6sAAAAJ,0000-0000-0000-0000
Mike Fraser 0001,University of Bristol,https://research-information.bris.ac.uk/en/persons/mike-fraser,qxnHlVYAAAAJ,0000-0001-9374-3759
Mike H. MacGregor,University of Alberta,https://webdocs.cs.ualberta.ca/~macg,uUWOJvkAAAAJ,0000-0000-0000-0000
Mike Hazas,Lancaster University,https://www.lancaster.ac.uk/scc/about-us/people/mike-hazas,nM7PcvIAAAAJ,0000-0002-9732-0283
Mike Holenderski,TU Eindhoven,https://www.tue.nl/en/university/departments/mathematics-and-computer-science/the-department/staff/detail/ep/e/d/ep-uid/20000748,NOSCHOLARPAGE,0000-0000-0000-0000
Mike J. Chantler,Heriot-Watt University,https://www.hw.ac.uk/staff/uk/macs/mike-chantler.htm,oBixg1wAAAAJ,0000-0002-8381-1751
Mike Joy,University of Warwick,https://warwick.ac.uk/fac/sci/dcs/people/m_s_joy,IOV57iUAAAAJ,0000-0001-9826-5928
Mike Just,Heriot-Watt University,https://www.hw.ac.uk/staff/uk/macs/mike-just.htm,W0GgRxAAAAAJ,0000-0002-9669-5067
Mike Kirby,University of Utah,https://www.cs.utah.edu/~kirby,IATz8BMAAAAJ,0000-0001-5712-4141
Mike Lakoju,Cardiff University,https://www.cardiff.ac.uk/people/view/1117869-lakoju-mike,NOSCHOLARPAGE,0000-0002-1534-4709
Mike O'Leary,Towson University,https://www.towson.edu/fcsm/departments/mathematics/facultystaff/moleary.html,GFenUwUAAAAJ,0009-0007-3410-3736
Mike P. Wittie,Montana State University,https://www.cs.montana.edu/mwittie,jald9mcAAAAJ,0000-0000-0000-0000
Mike Preuss,Leiden University,https://www.universiteitleiden.nl/en/staffmembers/mike-preuss#tab-2,KGlyGUcAAAAJ,0000-0000-0000-0000
Mike Rosulek,Oregon State University,http://eecs.oregonstate.edu/~rosulekm,wQyhNhwAAAAJ,0000-0000-0000-0000
Mike S. Horn,Northwestern University,http://tidal.northwestern.edu,_yO5SYkAAAAJ,0000-0002-4892-6801
Mike S. Joy,University of Warwick,https://warwick.ac.uk/fac/sci/dcs/people/m_s_joy,IOV57iUAAAAJ,0000-0000-0000-0000
Mike Stannett,University of Sheffield,https://www.sheffield.ac.uk/dcs/people/academic/mike-stannett,Qz3hb0kAAAAJ,0000-0002-2794-8614
Mike Wald,University of Southampton,https://www.ecs.soton.ac.uk/people/mw3,ECH8WU4AAAAJ,0000-0000-0000-0000
Mike Weir,University of St Andrews,https://mkw.host.cs.st-andrews.ac.uk,NOSCHOLARPAGE,0000-0000-0000-0000
Mike Y. Chen,National Taiwan University,https://mikechen.com,NnEMWJsAAAAJ,0000-0001-5410-652X
Mikel D. Petty,University of Alabama - Huntsville,https://www.uah.edu/images/research/cmsa/pdf/Pubs_Dr_Petty/CV_Mikel_D_Petty_v134.pdf,NOSCHOLARPAGE,0000-0000-0000-0000
Mikhail Auguston,Naval Postgraduate School,http://faculty.nps.edu/maugusto,NOSCHOLARPAGE,0000-0001-9203-1573
Mikhail Belkin,Univ. of California - San Diego,https://datascience.ucsd.edu/staff-members/mikhail-belkin,Iwd9DdkAAAAJ,0009-0005-8633-3926
Mikhail Bessmeltsev,University of Montreal,http://www-labs.iro.umontreal.ca/~bmpix,EUzwk5cAAAAJ,0000-0002-8864-2934
Mikhail J. Atallah,Purdue University,https://www.cs.purdue.edu/people/mja,uc8_eH0AAAAJ,0000-0000-0000-0000
Mikhail Ju. Moshkov,KAUST,https://cemse.kaust.edu.sa/people/person/mikhail-moshkov,tvjuLrUAAAAJ,0000-0000-0000-0000
Mikhail Kapralov,EPFL,http://theory.epfl.ch/kapralov,NOSCHOLARPAGE,0000-0000-0000-0000
Mikhail Khodak,University of Wisconsin - Madison,https://pages.cs.wisc.edu/~khodak,gIH9P-8AAAAJ,0000-0000-0000-0000
Mikhail Lemeshko,IST Austria,https://ist.ac.at/research/research-groups/lemeshko-group,lxBCBfUAAAAJ,0000-0000-0000-0000
Mikhail Moshkov,KAUST,https://cemse.kaust.edu.sa/people/person/mikhail-moshkov,tvjuLrUAAAAJ,0000-0003-0085-9483
Mikhail Nesterenko,Kent State University,http://vega.cs.kent.edu/~mikhail,GjcGFa4AAAAJ,0000-0002-5394-6073
Mikhail Prokopenko,University of Sydney,https://www.sydney.edu.au/engineering/about/our-people/academic-staff/mikhail-prokopenko.html,5omOfnYAAAAJ,0000-0002-4215-0344
Mikhail Soutchanski,Toronto Metropolitan University,http://www.scs.torontomu.ca/~mes,NOSCHOLARPAGE,0000-0003-0227-2424
Mikhailo Dokuchaev,USP,http://www.ime.usp.br/~dokucha,BEi35iIAAAAJ,0000-0000-0000-0000
Mikio C. Aoi,Univ. of California - San Diego,https://www.mikioaoi.com,-PaQnZQAAAAJ,0000-0000-0000-0000
Mikio Yamamoto,University of Tsukuba,http://www.mibel.cs.tsukuba.ac.jp/~myama,NUGLzb0AAAAJ,0000-0000-0000-0000
Mikkel Abrahamsen,University of Copenhagen,http://www.diku.dk/Ansatte/forskere/?pure=da/persons/289414,AYGv9T8AAAAJ,0000-0003-2734-4690
Mikkel Thorup,University of Copenhagen,http://www.diku.dk/~mthorup,UPBuOPIAAAAJ,0000-0001-5237-1709
Mikko Kivelä,Aalto University,https://people.aalto.fi/new/mikko.kivela,Z3913I0AAAAJ,0000-0003-2049-1954
Mikko Koivisto,University of Helsinki,https://www.cs.helsinki.fi/u/mkhkoivi,ENv3yqoAAAAJ,0000-0001-9662-3605
Miklos Maroti,University of Szeged,https://www.math.u-szeged.hu/~mmaroti,NAPEgBUAAAAJ,0000-0002-3326-2512
Miklós Bartha,Memorial Univ. of Newfoundland,https://www.mun.ca/computerscience/people/bartha.php,NOSCHOLARPAGE,0000-0000-0000-0000
Miklós Csürös,University of Montreal,http://www.iro.umontreal.ca/~csuros,NOSCHOLARPAGE,0000-0000-0000-0000
Miklós Maróti,University of Szeged,https://www.math.u-szeged.hu/~mmaroti,NAPEgBUAAAAJ,0000-0002-3326-2512
Miklós Z. Rácz,Northwestern University,https://racz.statistics.northwestern.edu,Hwy5DZcAAAAJ,0000-0000-0000-0000
Mikolaj Bojanczyk,University of Warsaw,http://www.mimuw.edu.pl/~bojan,Rv0YwPAAAAAJ,0000-0002-7758-1072
Mikolas Janota,Universidade de Lisboa,https://ciencias.ulisboa.pt/pt/perfil/mjanota,SFg4raQAAAAJ,0000-0000-0000-0000
Mikolás Janota,Universidade de Lisboa,https://ciencias.ulisboa.pt/pt/perfil/mjanota,SFg4raQAAAAJ,0000-0003-3487-784X
Mila E. Majster-Cederbaum,LMU Munich,https://www.sosy-lab.org/people/majster-cederbaum,NOSCHOLARPAGE,0000-0000-0000-0000
Milan Ceska 0002,Brno University of Technology,https://www.fit.vut.cz/person/ceskam,hdKGh8UAAAAJ,0000-0002-0300-9727
Milan D. Mihajlovic,University of Manchester,http://www.cs.manchester.ac.uk/about-us/staff/profile/?ea=Milan.Mihajlovic,rAv3PwYAAAAJ,0000-0000-0000-0000
Milan Hladík,Charles University,https://kam.mff.cuni.cz/~hladik,R8qtxcAAAAAJ,0000-0002-7340-8491
Milan Lopuhaä-Zwakenberg,University of Twente,https://milanlopuhaazwakenberg.personalweb.utwente.nl,11knXtwAAAAJ,0000-0001-5687-854X
Milan Straka,Charles University,https://ufal.mff.cuni.cz/milan-straka,YJjP8jQAAAAJ,0000-0003-3295-5576
Milena Radenkovic,University of Nottingham,https://www.nottingham.ac.uk/computerscience/people/milena.radenkovic,TBx0aJcAAAAJ,0000-0003-4000-6143
Milena V. Radenkovic,University of Nottingham,https://www.nottingham.ac.uk/computerscience/people/milena.radenkovic,TBx0aJcAAAAJ,0000-0000-0000-0000
Milene Selbach Silveira,PUC-RS,http://www.inf.pucrs.br/~milene,uTjoEsAAAAAJ,0000-0000-0000-0000
Milene Silveira,PUC-RS,http://www.inf.pucrs.br/~milene,uTjoEsAAAAAJ,0000-0000-0000-0000
Miles D. Cranmer,University of Cambridge,https://www.maths.cam.ac.uk/person/mc2473,10WfwCQAAAAJ,0000-0000-0000-0000
Miles E. Hansard,Queen Mary University of London,https://www.eecs.qmul.ac.uk/~milesh,u72ezG8AAAAJ,0000-0001-6764-786X
Milica Gasic,University of Düsseldorf,https://www.cs.hhu.de/lehrstuehle-und-arbeitsgruppen/dialog-systems-and-machine-learning/unser-team/team.html,yDSBDJoAAAAJ,0000-0003-0318-9147
Milijana Surbatovich,Univ. of Maryland - College Park,https://www.cs.umd.edu/people/milijana,fv2u3RcAAAAJ,0009-0004-6948-6683
Milind A. Sohoni,IIT Bombay,https://www.cse.iitb.ac.in/~sohoni,QbF6h1AAAAAJ,0000-0000-0000-0000
Milind Dawande,University of Texas at Dallas,http://www.utdallas.edu/~milind,Bri9R_4AAAAJ,0000-0001-6956-0856
Milind Kulkarni 0001,Purdue University,https://engineering.purdue.edu/~milind,o3wWRZMAAAAJ,0000-0001-6827-345X
Milind Tambe,Harvard University,https://teamcore.seas.harvard.edu/tambe,YOVZiJkAAAAJ,0000-0000-0000-0000
Milos Gligoric,University of Texas at Austin,https://users.ece.utexas.edu/~gligoric,MeZLMbkAAAAJ,0000-0000-0000-0000
Milos Hauskrecht,University of Pittsburgh,https://cs.pitt.edu/~milos,ylK19VUAAAAJ,0000-0000-0000-0000
Milos Krstic,University of Potsdam,https://www.uni-potsdam.de/de/dtm/mitarbeiter/prof-dr-milos-krstic,a8AvVnEAAAAJ,0000-0003-0267-0203
Milos Manic,Virginia Commonwealth University,http://www.people.vcu.edu/~mmanic,jp-Ye7gAAAAJ,0000-0003-1484-7678
Milos Nikolic 0001,University of Edinburgh,http://homepages.inf.ed.ac.uk/mnikolic,Wl0VFMEAAAAJ,0000-0002-1548-6803
Milos Prvulovic,Georgia Institute of Technology,http://www.cc.gatech.edu/~milos,A_j_baAAAAAJ,0000-0002-5955-277X
Milos Zefran,University of Illinois at Chicago,https://www.ece.uic.edu/~mzefran,2kwHHWMAAAAJ,0000-0001-9558-3656
Miltiades E. Anagnostou,NTUA,http://mcwt.cn.ntua.gr/?q=el/content/miltiades-anagnostou,pvThzK0AAAAJ,0000-0000-0000-0000
Mimi Xie,University of Texas at San Antonio,https://sites.google.com/view/mxie/home,Za4_qhkAAAAJ,0000-0003-1973-2909
Mimi Zhang,Trinity College Dublin,https://www.tcd.ie/research/profiles/?profile=zhangm3,6NC-XagAAAAJ,0000-0000-0000-0000
Mimmo Parente,University of Salerno,http://www.di.unisa.it/~parente,45LUzAwAAAAJ,0000-0002-4935-6003
Min C. Shin,UNC - Charlotte,https://sites.google.com/a/uncc.edu/mcshin,BVPAmrwAAAAJ,0000-0000-0000-0000
Min Cao,Soochow University,http://web.suda.edu.cn/cm,nhMWtZsAAAAJ,0000-0000-0000-0000
Min Chi,North Carolina State University,https://www.csc.ncsu.edu/people/mchi,gJmbChYAAAAJ,0000-0000-0000-0000
Min Chih Lin,University of Buenos Aires,http://www.ic.fcen.uba.ar/~mlin/homepage.html,NOSCHOLARPAGE,0000-0002-5754-9761
Min Gao 0001,Chongqing University,http://www.cse.cqu.edu.cn/info/2095/7111.htm,K8oe7sMAAAAJ,0000-0003-0127-7477
Min H. Kim 0001,KAIST,http://vclab.kaist.ac.kr/minhkim,pMT5lrwAAAAJ,0000-0002-5078-4005
Min Hun Lee,Singapore Management University,https://scis.smu.edu.sg/faculty/profile/6256/lee-min,quDiEBkAAAAJ,0000-0000-0000-0000
Min Hwan Oh,Seoul National University,https://minoh.io,KzVALFwAAAAJ,0000-0002-8674-5112
Min Kyung Lee,University of Texas at Austin,https://minlee.net,_qr34PIAAAAJ,0000-0002-2696-6546
Min Li 0007,Central South University,https://faculty.csu.edu.cn/limin1/zh_CN/index.htm,w47WJE4AAAAJ,0000-0002-0188-1394
Min Lu 0002,Shenzhen University,http://deardeer.github.io,xFAU798AAAAJ,0000-0002-8464-0990
Min Peng 0002,Wuhan University,https://cs.whu.edu.cn/info/1019/2893.htm,NOSCHOLARPAGE,0009-0001-1056-6564
Min Song 0002,Michigan Technological University,https://www.mtu.edu/cs/department/faculty-staff/adjunct-research/song,NOSCHOLARPAGE,0000-0000-0000-0000
Min Suk Kang,KAIST,https://netsp.kaist.ac.kr/people,R6KDuS8AAAAJ,0000-0002-8334-2262
Min Tang 0001,Zhejiang University,http://give.zju.edu.cn/memberHomepage/TangMin.html,E1RM9OUAAAAJ,0009-0006-0493-3459
Min Wang 0026,Yangzhou University,https://teacher.yzu.edu.cn/WM1234567891011/zh_CN/index/511004/list/index.htm,NOSCHOLARPAGE,0000-0000-0000-0000
Min Wu 0001,Univ. of Maryland - College Park,https://www.umiacs.umd.edu/people/minwu,tF0R04oAAAAJ,0000-0000-0000-0000
Min Xian,University of Idaho,http://www.uidaho.edu/engr/our-people/min-xian,NOSCHOLARPAGE,0000-0001-6098-4441
Min Xu 0009,Carnegie Mellon University,https://xulabs.github.io/min-xu,Y3Cqt0cAAAAJ,0000-0002-0881-5891
Min Yang 0002,Fudan University,http://www.cs.fudan.edu.cn/?page_id=2665###,UnKf9FIAAAAJ,0000-0001-9714-5545
Min Yao,Zhejiang University,http://mypage.zju.edu.cn/myao,NOSCHOLARPAGE,0000-0000-0000-0000
Min Zhang 0002,East China Normal University,https://faculty.ecnu.edu.cn/_s43/zm2_en_6072/main.psp,SH0id-wAAAAJ,0000-0003-1938-2902
Min Zhang 0005,Harbin Institute of Technology,https://zhangminsuda.github.io/Pesonel-Information,CncXH-YAAAAJ,0000-0002-3895-5510
Min Zhang 0006,Tsinghua University,http://www.thuir.cn/group/~mzhang,NOSCHOLARPAGE,0000-0003-3158-1920
Min-Hyung Choi,University of Colorado - Denver,http://graphics.ucdenver.edu/minchoi.html,NOSCHOLARPAGE,0000-0002-1327-4065
Min-Soo Kim 0002,KAIST,http://infolab.kaist.ac.kr/members/Min-Soo%20Kim,1wZVw8QAAAAJ,0000-0002-7852-0853
Min-Yen Kan,National University of Singapore,https://www.comp.nus.edu.sg/~kanmy,aNVcd3EAAAAJ,0000-0001-8507-3716
Min-hwan Oh,Seoul National University,https://minoh.io,KzVALFwAAAAJ,0000-0002-8674-5112
Mina Doosti,University of Edinburgh,http://www.inf.ed.ac.uk/people/staff/Mina_Doosti.html,Ll_7ZDgAAAAJ,0000-0003-0920-335X
Mina Guirguis,Texas State University,http://www.cs.txstate.edu/~mg65,EmKNVr8AAAAJ,0000-0000-0000-0000
Mina Jung,Syracuse University,http://eng-cs.syr.edu/our-departments/electrical-engineering-and-computer-science/people/staff,NOSCHOLARPAGE,0000-0000-0000-0000
Mina Lee 0002,University of Chicago,https://cs.uchicago.edu/people/mina-lee,Z7H58GIAAAAJ,0000-0002-0428-4720
Mina Rho,Hanyang University,http://dna.hanyang.ac.kr/index.php?hCode=members_03_04,NOSCHOLARPAGE,0000-0000-0000-0000
Mina Tahmasbi,University of Waterloo,https://mina.arashloo.net,gPxtQfgAAAAJ,0000-0002-5594-1110
Mina Tahmasbi Arashloo,University of Waterloo,https://mina.arashloo.net,gPxtQfgAAAAJ,0000-0000-0000-0000
Minal Bhise,DAIICT,http://www.daiict.ac.in/daiict/people/faculty.html,kYp_iIMAAAAJ,0000-0000-0000-0000
Minas E. Spetsakis,York University,http://eecs.lassonde.yorku.ca/faculty/minas-e-spetsakis,NOSCHOLARPAGE,0000-0000-0000-0000
Minbo Li,Fudan University,http://www.cs.fudan.edu.cn/en/?page_id=1858,NOSCHOLARPAGE,0000-0000-0000-0000
Minchen Li,Carnegie Mellon University,https://www.cs.cmu.edu/~minchenl,Gk7K7VkAAAAJ,0000-0001-9868-7311
Minchen Yu,CUHK (SZ),https://mincyu.github.io,Kz2aAHQAAAAJ,0000-0000-0000-0000
Mine Elif Karsligil,Yıldız Technical University,https://www.ce.yildiz.edu.tr/personal/elifk?lang=en,NOSCHOLARPAGE,0000-0000-0000-0000
Minesh Patel,Rutgers University,https://www.mineshp.com,om-NSbgAAAAJ,0000-0002-7725-4792
Minfan Fu,ShanghaiTech University,https://sist.shanghaitech.edu.cn/fumf/main.htm,4ZoR55YAAAAJ,0000-0002-1642-6626
Minfeng Qi,City University of Macau,https://fds.cityu.edu.mo/en/members/358,9KUc_KQAAAAJ,0000-0000-0000-0000
Ming C. Lin,Univ. of Maryland - College Park,http://www.cs.umd.edu/~lin,ugFNit4AAAAJ,0000-0003-3736-6949
Ming Cheng 0002,Xiamen University,https://asc.xmu.edu.cn/t/chengming,477EMiUAAAAJ,0000-0000-0000-0000
Ming Dong 0001,Wayne State University,http://www.cs.wayne.edu/~mdong,yCUFD2wAAAAJ,0000-0000-0000-0000
Ming Fan 0002,Xi'an Jiaotong University,https://gr.xjtu.edu.cn/en/web/mingfan,n7gNlCkAAAAJ,0000-0002-9327-0987
Ming Gu 0001,Tsinghua University,http://www.thss.tsinghua.edu.cn/publish/soften/3131/2010/20101219102622467554674/20101219102622467554674_.html,NOSCHOLARPAGE,0000-0000-0000-0000
Ming Jiang 0018,IUPUI,https://seleenajm.github.io,oV7edpEAAAAJ,0000-0000-0000-0000
Ming Jin 0005,Griffith University,https://mingjin.dev,60rVqqcAAAAJ,0000-0002-6833-4811
Ming Li 0001,University of Waterloo,https://cs.uwaterloo.ca/~mli,oGgPXFEAAAAJ,0000-0000-0000-0000
Ming Li 0005,Nanjing University,https://cs.nju.edu.cn/lim,NOSCHOLARPAGE,0000-0000-0000-0000
Ming Li 0006,University of Texas at Arlington,https://mentis.uta.edu/explore/profile/ming-li,NOSCHOLARPAGE,0000-0002-4303-2438
Ming Liu 0001,HKUST,http://www.ece.ust.hk/ece.php/profile/facultydetail/eelium,qexey-UAAAAJ,0000-0002-4500-238X
Ming Liu 0002,UESTC,https://www.scse.uestc.edu.cn/info/1081/11840.htm,kpZq6QwAAAAJ,0000-0002-1114-1728
Ming Liu 0004,Harbin Institute of Technology,http://homepage.hit.edu.cn/liuming1981,VJtmTREAAAAJ,0000-0001-7915-1001
Ming Liu 0027,University of Wisconsin - Madison,https://mgliu.sites.cs.wisc.edu,_JNse44AAAAJ,0000-0002-6509-9449
Ming Ouhyoung,National Taiwan University,https://www.csie.ntu.edu.tw/~ming,UmUdIEgAAAAJ,0000-0002-3038-6958
Ming Ouyang,University of Massachusetts Boston,http://www.cs.umb.edu/people/Ming_Ouyang,pSvbXKQAAAAJ,0000-0002-4289-3252
Ming Shao,Univ. of Massachusetts Dartmouth,https://dshao.sites.umassd.edu,FLGpkU4AAAAJ,0000-0002-7686-8784
Ming Su,Nankai University,https://cc.nankai.edu.cn/2021/0323/c13620a549969/page.htm,5ReJxzcAAAAJ,0000-0000-0000-0000
Ming Tang 0002,Wuhan University,https://cse.whu.edu.cn/info/1104/1798.htm,NOSCHOLARPAGE,0000-0003-2218-0164
Ming Wen 0001,HUST,https://mingwen-cs.github.io,ht2MknAAAAAJ,0000-0001-5588-9618
Ming Yan 0006,CUHK (SZ),https://mingyan08.github.io,IR1mvb0AAAAJ,0000-0000-0000-0000
Ming Yin 0001,Purdue University,https://mingyin.org,J8ei9I0AAAAJ,0000-0002-7364-139X
Ming Zeng 0008,Xiamen University,https://informatics.xmu.edu.cn/info/1475/25649.htm,Q75SLf4AAAAJ,0000-0002-5056-0706
Ming Zhang 0004,Peking University,http://net.pku.edu.cn/dlib/mzhang,LbzoQBsAAAAJ,0000-0002-9809-3430
Ming Zhao 0002,Arizona State University,https://search.asu.edu/profile/2740006,pAcF2lEAAAAJ,0000-0001-9531-4464
Ming Zhao 0007,Central South University,https://faculty.csu.edu.cn/MingZhao/zh_CN/index.htm,NOSCHOLARPAGE,0000-0000-0000-0000
Ming-Chang Yang,Chinese University of Hong Kong,http://www.cse.cuhk.edu.hk/~mcyang,sVkR5hYAAAAJ,0000-0002-4029-757X
Ming-Deh A. Huang,University of Southern California,https://viterbi.usc.edu/directory/faculty/Huang/Ming-Deh,NOSCHOLARPAGE,0000-0000-0000-0000
Ming-Deh Huang,University of Southern California,https://viterbi.usc.edu/directory/faculty/Huang/Ming-Deh,NOSCHOLARPAGE,0000-0000-0000-0000
Ming-Feng Chang,National Chiao Tung University,http://www.csie.nctu.edu.tw/~mfchang,NOSCHOLARPAGE,0000-0000-0000-0000
Ming-Hsuan Yang 0001,Univ. of California - Merced,https://faculty.ucmerced.edu/mhyang,p9-ohHsAAAAJ,0000-0003-4848-2304
Ming-Hui Zhou,Peking University,http://sei.pku.edu.cn/~zhmh,ba3_FkYAAAAJ,0000-0000-0000-0000
Ming-Jer Tsai,National Tsing Hua University,http://dclab.cs.nthu.edu.tw/~mjtsai,NOSCHOLARPAGE,0000-0000-0000-0000
Ming-Ming Cheng,Nankai University,https://cc.nankai.edu.cn/2021/0323/c13619a548889/page.htm,huWpVyEAAAAJ,0000-0001-5550-8758
Ming-Song Chen 0001,East China Normal University,https://faculty.ecnu.edu.cn/_s43/cms/main.psp,93A6b7YAAAAJ,0000-0000-0000-0000
Ming-Sui Lee,National Taiwan University,http://www.csie.ntu.edu.tw/~mslee,cNNM9tQAAAAJ,0000-0000-0000-0000
Ming-Yang Zhou 0001,Shenzhen University,https://csse.szu.edu.cn/en/pages/user/index?id=548,gBzsiksAAAAJ,0000-0000-0000-0000
Ming-Yi Hong 0001,University of Minnesota,https://people.ece.umn.edu/~mhong/mingyi.html,qRnP-p0AAAAJ,0000-0000-0000-0000
Ming-xuan Sun,Louisiana State University,http://www.csc.lsu.edu/~msun,NOSCHOLARPAGE,0000-0000-0000-0000
Mingchen Gao,University at Buffalo,https://cse.buffalo.edu/~mgao8,1KUHms8AAAAJ,0000-0002-5488-8514
Mingda Qiao,Univ. of Massachusetts Amherst,https://sites.google.com/site/acmonsterqiao,mV9LQUoAAAAJ,0000-0002-9182-6152
Mingfa Zhu,Beihang University,http://scse.buaa.edu.cn/info/1078/2635.htm,NOSCHOLARPAGE,0000-0000-0000-0000
Mingfu Shao,Pennsylvania State University,https://sites.psu.edu/mxs2589/about-pi,m1IeAdcAAAAJ,0000-0001-6112-5139
Minghan Wei,Florida Atlantic University,https://minghanwei.github.io,BkxTtGsAAAAJ,0000-0001-9522-8814
Minghao Wang,City University of Macau,https://fds.cityu.edu.mo/en/members/383,zNCkgAIAAAAJ,0000-0000-0000-0000
Minghui Zhou 0001,Peking University,http://sei.pku.edu.cn/~zhmh,ba3_FkYAAAAJ,0000-0001-6324-3964
Mingi Jeong,Virginia Tech,https://www.aoe.vt.edu/people/faculty/mingi-jeong.html,eqp4cF0AAAAJ,0000-0000-0000-0000
Mingjin Zhang,Xidian University,https://web.xidian.edu.cn/mjinzhang,oYdxAkcAAAAJ,0000-0002-1473-9784
Mingjun Xiao,USTC,http://staff.ustc.edu.cn/~xiaomj/indexEN.html,dZol00YAAAAJ,0000-0000-0000-0000
Mingjun Zhong,University of Aberdeen,https://www.abdn.ac.uk/people/mingjun.zhong,maGmqdMAAAAJ,0000-0002-1525-1270
Mingkai Dong 0002,Shanghai Jiao Tong University,https://dong.mk,GupFEHwAAAAJ,0000-0002-4839-055X
Mingli Song,Zhejiang University,http://mypage.zju.edu.cn/msong,7oLbhAwAAAAJ,0000-0003-2621-6048
Minglu Li 0001,Shanghai Jiao Tong University,http://www.acem.sjtu.edu.cn/en/faculty/luming.html,cFW1n8YAAAAJ,0000-0000-0000-0000
Minglun Gong,University of Guelph,https://www.uoguelph.ca/computing/people/minglun-gong,q6Caj6sAAAAJ,0000-0001-5820-5381
Mingmin Chi,Fudan University,http://homepage.fudan.edu.cn/mingmin,Y8b1W00AAAAJ,0000-0000-0000-0000
Mingmin Zhang,Zhejiang University,http://mypage.zju.edu.cn/0095045,NOSCHOLARPAGE,0000-0000-0000-0000
Mingmin Zhao,University of Pennsylvania,https://people.csail.mit.edu/mingmin,F5PfbSwAAAAJ,0000-0001-5226-9085
Mingming Fan 0001,HKUST,http://www.mingmingfan.com,GAqZYGcAAAAJ,0000-0002-0356-4712
Mingming Gong,University of Melbourne,https://ms.unimelb.edu.au/people/profile?id=2618,6BmiCJIAAAAJ,0000-0001-7147-5589
Mingming Lu,Central South University,https://faculty.csu.edu.cn/lumingming/zh_CN/index.htm,u2nFRkcAAAAJ,0000-0000-0000-0000
Mingming Ren,Nankai University,https://cc.nankai.edu.cn/2021/0323/c13620a549971/page.htm,NOSCHOLARPAGE,0000-0000-0000-0000
Mingmou Liu,Nanjing University,https://liumingmou.github.io,etjtUU8AAAAJ,0000-0003-1246-6804
Mingrui Liu,George Mason University,https://mingrliu.github.io,KFoEnFQAAAAJ,0009-0002-2035-5696
Mingsheng Long,Tsinghua University,http://ise.thss.tsinghua.edu.cn/~mlong,_MjXpXkAAAAJ,0000-0001-9421-463X
Mingsheng Ying,Tsinghua University,https://www.cs.tsinghua.edu.cn/csen/info/1186/4020.htm,jjPif6cAAAAJ,0000-0003-4847-702X
Mingshuai Chen,Zhejiang University,https://fiction-zju.github.io/author/mingshuai-chen,n7odC-EAAAAJ,0000-0001-9663-7441
Mingsong Chen 0001,East China Normal University,https://faculty.ecnu.edu.cn/_s43/cms/main.psp,93A6b7YAAAAJ,0000-0002-3922-0989
Mingwei Liu 0002,Sun Yat-sen University,https://mingwei-liu.github.io,pd8zNUoAAAAJ,0000-0002-3462-997X
Mingwei Xu,Tsinghua University,http://routing.netlab.edu.cn/tiki-index.php?page=Mingwei+Xu,xL6zuCMAAAAJ,0000-0000-0000-0000
Mingxian Zhong,CUNY,https://sites.google.com/view/mzhong,G1Dk7mEAAAAJ,0000-0000-0000-0000
Mingxing Duan,Hunan University,http://csee.hnu.edu.cn/people/duanmingxing,NOSCHOLARPAGE,0000-0002-1049-6244
Mingxing Xu,Tsinghua University,http://www.cs.tsinghua.edu.cn/publish/csen/4623/2010/20101224234904979660942/20101224234904979660942_.html,NOSCHOLARPAGE,0000-0000-0000-0000
Mingxuan Sun,Louisiana State University,https://csc.lsu.edu/~msun,1oQ3NnEAAAAJ,0000-0000-0000-0000
Mingxue Zhang 0001,Zhejiang University,https://zhangmx1997.github.io,73M-epsAAAAJ,0000-0001-8863-8751
Mingxun Wang,Univ. of California - Riverside,https://www.cs.ucr.edu/~mingxunw,jMvg4eMAAAAJ,0000-0000-0000-0000
Mingyan Liu,University of Michigan,http://web.eecs.umich.edu/~mingyan,WiIM-MgAAAAJ,0000-0003-3295-9200
Mingyang Yi,Renmin University of China,https://mingyangyi.github.io,RlOZiPUAAAAJ,0009-0005-2336-0687
Mingyi He,NWPU,http://dianzi.nwpu.edu.cn/info/1269/5955.htm,gLnLpAsAAAAJ,0000-0003-2051-6955
Mingyi Hong 0001,University of Minnesota,https://people.ece.umn.edu/~mhong/mingyi.html,qRnP-p0AAAAJ,0000-0000-0000-0000
Mingyu Chen 0001,Chinese Academy of Sciences,http://asg.ict.ac.cn/cmy/?page_id=12,_hZiQeUAAAAJ,0000-0003-4469-1037
Mingyu Ding,University of North Carolina,https://dingmyu.github.io,w4yTWwoAAAAJ,0000-0000-0000-0000
Mingyu Gao 0001,Tsinghua University,https://people.iiis.tsinghua.edu.cn/~gaomy,968KA9cAAAAJ,0000-0001-8433-7281
Mingyu Guo,Adelaide University,http://cs.adelaide.edu.au/~mingyu,bxEKdzkAAAAJ,0000-0000-0000-0000
Mingyu Wu 0001,Shanghai Jiao Tong University,https://ipads.se.sjtu.edu.cn/pub/members/mingyu_wu,H907ZEYAAAAJ,0000-0002-4270-4124
Mingyu Xiao 0001,UESTC,https://sites.google.com/site/myxiao,LLJPSucAAAAJ,0000-0000-0000-0000
Mingyuan Wang 0001,NYU Shanghai,https://sites.google.com/view/mingyuan-wang,mHd89DkAAAAJ,0009-0000-9057-1007
Mingyuan Zhou,University of Texas at Austin,https://mingyuanzhou.github.io,LXwCIisAAAAJ,0000-0002-4253-2780
Mingyue Jie,University of Utah,https://my.ece.utah.edu/~u6007330/index.html,rWLfxVgAAAAJ,0000-0000-0000-0000
Mingzhou (Joe) Song,New Mexico State University,http://www.cs.nmsu.edu/~joemsong,D9x3tyEAAAAJ,0000-0000-0000-0000
Mingzhou Song,New Mexico State University,http://www.cs.nmsu.edu/~joemsong,D9x3tyEAAAAJ,0000-0002-6883-6547
Mingzhou Song 0001,New Mexico State University,http://www.cs.nmsu.edu/~joemsong,D9x3tyEAAAAJ,0000-0002-6883-6547
Minh Hoai,Adelaide University,https://minhhoai.net,hRV0tY4AAAAJ,0000-0000-0000-0000
Minh Hoai Nguyen,Adelaide University,https://minhhoai.net,hRV0tY4AAAAJ,0000-0002-2415-6048
Minhaj Nur Alam,UNC - Charlotte,https://ece.charlotte.edu/directory/dr-minhaj-alam-phd,Z8pB1tQAAAAJ,0000-0000-0000-0000
Minhao Cheng,Pennsylvania State University,https://cmhcbb.github.io,_LkC1yoAAAAJ,0000-0003-3965-4215
Minhaz F. Zibran,University of New Orleans,http://cs.uno.edu/~zibran,clmylLAAAAAJ,0000-0000-0000-0000
Minhaz Fahim Zibran,University of New Orleans,http://cs.uno.edu/~zibran,clmylLAAAAAJ,0000-0000-0000-0000
Minhui Xue,Adelaide University,https://www.adelaide.edu.au/directory/jason.xue,jdqkm1IAAAAJ,0000-0002-9172-4252
Minhyuk Sung,KAIST,https://mhsung.github.io,PcIYMp4AAAAJ,0000-0001-7428-9570
Minje Kim,Indiana University,https://minjekim.com,hEfnFKAAAAAJ,0000-0000-0000-0000
Minjeong Kim,UNC - Greensboro,https://sites.google.com/view/minjeongkim,m26d_0cAAAAJ,0000-0000-0000-0000
Minji Lee,The Catholic University of Korea,https://sites.google.com/view/coni-cuk,NYTO1o8AAAAJ,0000-0000-0000-0000
Minjia Zhang,Univ. of Illinois at Urbana-Champaign,https://siebelschool.illinois.edu/about/people/faculty/minjiaz,98vX7S8AAAAJ,0000-0002-8165-166X
Minjie Cai,Hunan University,https://cai-mj.github.io,lmUOLU8AAAAJ,0000-0002-6688-3710
Minjing Dong,City University of Hong Kong,https://www.cs.cityu.edu.hk/~minjdong,gJJRqlsAAAAJ,0009-0003-1717-818X
Minjoon Seo,KAIST,https://seominjoon.github.io,zYze5fIAAAAJ,0000-0000-0000-0000
Minlan Yu,Harvard University,http://www-bcf.usc.edu/~minlanyu,K1cZ7SsAAAAJ,0000-0002-2381-0212
Minlie Huang,Tsinghua University,https://coai.cs.tsinghua.edu.cn/hml,P1jPSzMAAAAJ,0000-0001-7111-1849
Minmei Wang,University of Connecticut,https://archer-w.github.io,d_yUM3QAAAAJ,0000-0002-0523-440X
Minming Li,City University of Hong Kong,https://www.cs.cityu.edu.hk/~minmli,7XT5sH4AAAAJ,0000-0002-7370-6237
Minnan Luo,Xi'an Jiaotong University,http://gr.xjtu.edu.cn/web/minnluo,C3ujEF0AAAAJ,0000-0002-0140-7860
Minoru Okada,NAIST,http://infonet.naist.jp,dhtAyJ8AAAAJ,0000-0002-1016-2682
Minqi Jiang,SUFE,http://simecv.sufe.edu.cn/page.aspx?id=106,OBdS69UAAAAJ,0000-0003-1285-0208
Minseok Kwon,Rochester Inst. of Technology,https://www.cs.rit.edu/~jmk,d0SpJbIAAAAJ,0000-0001-6938-8048
Minsoo Rhu,KAIST,https://sites.google.com/view/kaist-via,u_3ShigAAAAJ,0000-0003-3303-8681
Minsoo Ryu,Hanyang University,http://rtcc.hanyang.ac.kr/rtccw/?page_id=27,NOSCHOLARPAGE,0000-0000-0000-0000
Minsu Cho,POSTECH,http://cvlab.postech.ac.kr/~mcho,5TyoF5QAAAAJ,0000-0003-2498-1109
Minsuk Kahng,Yonsei University,https://minsuk.com,vieI1GYAAAAJ,0000-0002-0291-6026
Minsung Kim,Rutgers University,https://sites.google.com/view/minsungk,C4Uol80AAAAJ,0000-0002-1376-4881
Minwoo Lee 0001,UNC - Charlotte,https://webpages.uncc.edu/mlee173,awrLUJ4AAAAJ,0000-0002-6860-608X
Minxuan Zhou,Illinois Institute of Technology,https://www.iit.edu/directory/people/minxuan-zhou,fOKau-4AAAAJ,0000-0002-5523-7270
Minxue Pan,Nanjing University,https://minxuepan.github.io,8DFPfS4AAAAJ,0000-0002-4011-5350
Minyi Guo,Shanghai Jiao Tong University,https://cs.sjtu.edu.cn/~guo-my,8R8FO9IAAAAJ,0000-0003-0034-2302
Minyi Li,RMIT University,https://www.rmit.edu.au/contact/staff-contacts/academic-staff/l/li-dr-minyi,HWKq1a4AAAAJ,0000-0000-0000-0000
Minyou Wu,Shanghai Jiao Tong University,http://wirelesslab.sjtu.edu.cn/~wu,Sz5Y7RsAAAAJ,0000-0000-0000-0000
Minzhao Lyu,UNSW,https://minzhaolyu.github.io,6oFRlVcAAAAJ,0000-0001-8677-248X
Miodrag Bolic,University of Ottawa,http://www.site.uottawa.ca/~mbolic,1HJ-KYMAAAAJ,0000-0002-8013-8645
Miodrag Potkonjak,Univ. of California - Los Angeles,http://www.cs.ucla.edu/~miodrag,NOSCHOLARPAGE,0000-0000-0000-0000
Miqing Li,University of Birmingham,https://www.birmingham.ac.uk/staff/profiles/computer-science/academic-staff/li-miqing.aspx,h8UksmEAAAAJ,0000-0002-8607-9607
Miquel Pericas,Chalmers/GU,https://www.chalmers.se/en/staff/Pages/miquelp.aspx,2NRoXHMAAAAJ,0000-0000-0000-0000
Mira Gonen,Ariel University,http://www.ariel.ac.il/Projects/TRP/GeneralInformation.asp?numRec=433&numtafrit=1&id_lang=1&d=,pILEObcAAAAJ,0000-0002-1566-979X
Mira Kajko-Mattsson,KTH Royal Inst. of Technology,https://www.kth.se/profile/mekm2,jt0To6MAAAAJ,0000-0000-0000-0000
Mira Mezini,TU Darmstadt,http://www.stg.tu-darmstadt.de/staff/mira_mezini,ESQUnJEAAAAJ,0000-0001-6563-7537
Mirabelle Nebut,CRIStAL,http://cristal.univ-lille.fr/~nebut,NOSCHOLARPAGE,0000-0000-0000-0000
Miran Kim,UNIST,https://k-miran.github.io,KxbEfJcAAAAJ,0000-0003-3564-6090
Miranda C. Parker,UNC - Charlotte,https://cci.charlotte.edu/people/miranda-parker,NqlTE7IAAAAJ,0000-0003-0066-2664
Mircea Filip Lungu,IT University of Copenhagen,https://pure.itu.dk/portal/da/persons/mircea-lungu(02960d47-7677-4b2c-99d4-490a31fd6885).html,7zx6Cg0AAAAJ,0000-0003-3944-5261
Mircea Lungu,IT University of Copenhagen,https://pure.itu.dk/portal/da/persons/mircea-lungu(02960d47-7677-4b2c-99d4-490a31fd6885).html,7zx6Cg0AAAAJ,0000-0000-0000-0000
Mircea Nicolescu,University of Nevada,https://www.cse.unr.edu/~mircea,RENxVvAAAAAJ,0000-0000-0000-0000
Mircea Teodorescu,Univ. of California - Santa Cruz,https://www.soe.ucsc.edu/people/mteodorescu,JDm_5pMAAAAJ,0000-0001-7085-5248
Mirco Giacobbe,University of Birmingham,https://www.birmingham.ac.uk/staff/profiles/computer-science/academic-staff/giacobbe-mirco.aspx,gQC8pYUAAAAJ,0000-0001-8180-0904
Mirco Marchetti,Univ. of Modena and Reggio Emilia,https://personale.unimore.it/rubrica/dettaglio/mmarchetti,UdOISqYAAAAJ,0000-0002-7408-6906
Mirco Musolesi,University College London,https://iris.ucl.ac.uk/iris/browse/profile?upi=MMUSO05,8t4SqVwAAAAJ,0000-0001-9712-4090
Mirco Ravanelli,Concordia University,https://sites.google.com/site/mircoravanelli,-6Pj3IYAAAAJ,0000-0002-3929-5526
Mireilla Bikanga Ada,University of Glasgow,https://www.gla.ac.uk/schools/computing/staff/mireillabikangaada,0caCUzUAAAAJ,0000-0000-0000-0000
Mireille Hildebrandt,Radboud University,https://works.bepress.com/mireille_hildebrandt,r3Os9_4AAAAJ,0000-0003-4558-9149
Mirek Riedewald,Northeastern University,http://www.ccs.neu.edu/home/mirek,qz6YaN4AAAAJ,0000-0002-6102-7472
Mirek Truszczynski,University of Kentucky,http://www.cs.uky.edu/~mirek,3N0nXb4AAAAJ,0000-0000-0000-0000
Mirela Alistar,University of Colorado Boulder,http://www.personallab.org,NzXVg-MAAAAJ,0000-0001-9730-1616
Mirela Ben-Chen,Technion,http://mirela.net.technion.ac.il,19AaowkAAAAJ,0000-0002-1732-2327
Mirella Lapata,University of Edinburgh,http://homepages.inf.ed.ac.uk/mlap,j67B9Q4AAAAJ,0000-0000-0000-0000
Mirella M. Moro,UFMG,http://homepages.dcc.ufmg.br/~mirella,MRbdeWkAAAAJ,0000-0002-0545-2001
Mirella Moura Moro,UFMG,http://homepages.dcc.ufmg.br/~mirella,MRbdeWkAAAAJ,0000-0002-0545-2001
Miriam Backens,University of Birmingham,https://www.birmingham.ac.uk/staff/profiles/computer-science/academic-staff/backens-miriam.aspx,yDlqLwsAAAAJ,0000-0000-0000-0000
Miriam Mehl,University of Stuttgart,http://www.ipvs.uni-stuttgart.de/abteilungen/sgs/abteilung/mitarbeiter/Miriam.Mehl,DGIIXCEAAAAJ,0000-0000-0000-0000
Mirjam Minor,Goethe University Frankfurt,http://www.wi.informatik.uni-frankfurt.de/index.php?Itemid=494&lang=de,NOSCHOLARPAGE,0000-0002-6592-631X
Mirjana Stojilovic,EPFL,https://mirjanastojilovic.github.io,wwEwOqwAAAAJ,0000-0001-5649-5020
Mirko Marras,University of Cagliari,https://dblp.org/pid/208/4100.html,JZhqKBIAAAAJ,0000-0003-1989-6057
Miron Livny,University of Wisconsin - Madison,http://pages.cs.wisc.edu/~miron,nFdbcvsAAAAJ,0000-0001-5444-7439
Miroslav Kulich,Czech Technical University,http://imr.ciirc.cvut.cz/People/Mirek,68vFe80AAAAJ,0000-0002-0997-5889
Miroslav Pajic,Duke University,http://people.duke.edu/~mp275,Fbn21-8AAAAJ,0000-0002-5357-0117
Miroslaw Bober,University of Surrey,https://www.surrey.ac.uk/people/miroslaw-bober,rmATQ28AAAAJ,0000-0001-9484-9125
Miroslaw Kowaluk,University of Warsaw,http://cs.lth.se/english/algorithms/projects/combinatorial-and-geometric-problems,NOSCHOLARPAGE,0000-0000-0000-0000
Miroslaw Staron,Chalmers/GU,https://www.chalmers.se/en/staff/Pages/miroslaw.aspx,NOSCHOLARPAGE,0000-0002-9052-0864
Miroslaw Truszczynski,University of Kentucky,http://www.cs.uky.edu/~mirek,3N0nXb4AAAAJ,0000-0000-0000-0000
Miroslaw Z. Bober,University of Surrey,https://www.surrey.ac.uk/people/miroslaw-bober,rmATQ28AAAAJ,0000-0000-0000-0000
Mirsad Hadzikadic,UNC - Charlotte,https://cci.charlotte.edu/people/mirsad-hadzikadic,SiFFNkgAAAAJ,0000-0000-0000-0000
Miryung Kim,Univ. of California - Los Angeles,http://www.cs.ucla.edu/~miryung,a_50FBsAAAAJ,0000-0003-3802-1512
Mirza Karamehmedovic,DTU,https://www.compute.dtu.dk/english,NOSCHOLARPAGE,0000-0000-0000-0000
Misako Takayasu,Tokyo Institute of Technology,http://www.smp.dis.titech.ac.jp/en,fnFoz8gAAAAJ,0000-0002-2467-614X
Misha Chertkov,University of Arizona,https://sites.google.com/site/mchertkov,k4UNBd4AAAAJ,0000-0000-0000-0000
Misha Elena Kilmer,Tufts University,https://engineering.tufts.edu/cs/people/faculty/misha-kilmer,y4ZFdcYAAAAJ,0000-0000-0000-0000
Misha Kazhdan,Johns Hopkins University,http://www.cs.jhu.edu/~misha,soUq_eQAAAAJ,0000-0002-6904-2167
Misha Sra,Univ. of California - Santa Barbara,https://www.cs.ucsb.edu/people/faculty/sra,yDkV9BsAAAAJ,0000-0001-8154-8518
Miss Laiha Mat Kiah,University of Malaya,https://umexpert.um.edu.my/misslaiha,6dQhTn4AAAAJ,0000-0000-0000-0000
Mitch Cherniack,Brandeis University,http://www.cs.brandeis.edu/~mfc,NOSCHOLARPAGE,0000-0001-7461-891X
Mitchell A. Thornton,Southern Methodist University,https://www.smu.edu/Lyle/Departments/CSE/People/Faculty/ThorntonMitchell,qIY28F8AAAAJ,0000-0003-3559-9511
Mitchell Aaron Thornton,Southern Methodist University,https://www.smu.edu/Lyle/Departments/CSE/People/Faculty/ThorntonMitchell,qIY28F8AAAAJ,0000-0000-0000-0000
Mitchell D. Theys,University of Illinois at Chicago,https://www.cs.uic.edu/Theys,NOSCHOLARPAGE,0000-0000-0000-0000
Mitchell L. Neilsen,Kansas State University,http://www.cis.ksu.edu/~neilsen,NOSCHOLARPAGE,0000-0000-0000-0000
Mitchell Olsthoorn,TU Delft,https://se.ewi.tudelft.nl/people.html,djxFT8IAAAAJ,0000-0003-0551-6690
Mitchell W. McEwan,Macquarie University,https://researchers.mq.edu.au/en/persons/mitchell-mcewan,U0XSuS0AAAAJ,0000-0002-7389-5189
Mitesh M. Khapra,IIT Madras,http://www.cse.iitm.ac.in/~miteshk,DV8z8DYAAAAJ,0000-0000-0000-0000
Mitra Baratchi,Leiden University,https://www.mitrabaratchi.com,EKXdFToAAAAJ,0000-0002-1279-9310
Mitra Bokaei Hosseini,University of Texas at San Antonio,https://sciences.utsa.edu/faculty/profiles/bokaei-hosseini-mitra.html,yfVLJHYAAAAJ,0000-0000-0000-0000
Mitra J. Hartmann,Northwestern University,https://sense-lab.github.io,dVK_KfEAAAAJ,0000-0000-0000-0000
Mitra J. Z. Hartmann,Northwestern University,https://sense-lab.github.io,dVK_KfEAAAAJ,0000-0003-0783-1483
Mitsuhisa Sato,University of Tsukuba,http://www.hpcs.cs.tsukuba.ac.jp/~msato,vRRebPgAAAAJ,0000-0000-0000-0000
Mitsunori Ogihara,University of Miami,http://www.cs.miami.edu/~ogihara,vdMVIH4AAAAJ,0000-0002-5690-7854
Mitsunori Ogiwara,University of Miami,http://www.cs.miami.edu/~ogihara,vdMVIH4AAAAJ,0000-0000-0000-0000
Mitsuru Shibayama,Kyoto University,http://yang.amp.i.kyoto-u.ac.jp/~shibayama/top_e.html,NOSCHOLARPAGE,0000-0002-5909-6890
Mituhiro Fukuda,Tokyo Institute of Technology,http://mf.c.titech.ac.jp/mituhiro,NOSCHOLARPAGE,0000-0000-0000-0000
Mizuki Oka,University of Tsukuba,https://websci.cs.tsukuba.ac.jp/member/mizuki-oka,7Vzt_YAAAAJ,0000-0000-0000-0000
Mladen A. Vouk,North Carolina State University,http://renoir.csc.ncsu.edu/Faculty/Vouk,NOSCHOLARPAGE,0000-0000-0000-0000
Mladen Berekovic,University of Lübeck,https://www.iti.uni-luebeck.de/mitarbeiter/berekovic.html,70NvAoYAAAAJ,0000-0003-1911-756X
Mo Chen 0001,Simon Fraser University,https://www.sfu.ca/computing/people/faculty/mochen1111.html,4372x88AAAAJ,0000-0000-0000-0000
Mo El-Haj,VinUniversity,https://elhaj.uk,diBeuuEAAAAJ,0000-0000-0000-0000
Mo Li 0001,Nanyang Technological University,https://www3.ntu.edu.sg/home/limo,U77AEBsAAAAJ,0000-0002-6047-9709
Mo Sha 0001,Florida International University,https://users.cs.fiu.edu/~msha,RIfUf0IAAAAJ,0000-0002-2701-0159
Mo Zareei,Victoria University of Wellington,https://ecs.victoria.ac.nz/Main/MoZareei,Hb-pljwAAAAJ,0000-0000-0000-0000
Moa Johansson,Chalmers/GU,https://www.chalmers.se/en/staff/Pages/moa-johansson.aspx,NOSCHOLARPAGE,0000-0000-0000-0000
Moacir A. Ponti,USP-ICMC,http://www.icmc.usp.br/pessoas/moacir,ZxQDyNcAAAAJ,0000-0000-0000-0000
Moacir Antonelli Ponti,USP-ICMC,http://www.icmc.usp.br/pessoas/moacir,ZxQDyNcAAAAJ,0000-0000-0000-0000
Moacir P. Ponti,USP-ICMC,http://www.icmc.usp.br/pessoas/moacir,ZxQDyNcAAAAJ,0000-0000-0000-0000
Moacir P. Ponti Jr.,USP-ICMC,http://www.icmc.usp.br/pessoas/moacir,ZxQDyNcAAAAJ,0000-0000-0000-0000
Moacir Ponti,USP-ICMC,http://www.icmc.usp.br/pessoas/moacir,ZxQDyNcAAAAJ,0000-0003-2059-9463
Mobin Javed,LUMS,http://web.lums.edu.pk/~mobin,jVAQ9IAAAAAJ,0000-0002-1321-1988
Mobyen Uddin Ahmed,Mälardalen University,http://www.es.mdh.se/staff/149-Mobyen_Uddin_Ahmed,4M4ynPkAAAAJ,0000-0000-0000-0000
Moffat Mathews,University of Canterbury,http://www.cosc.canterbury.ac.nz/moffat.mathews,S_0AsA4AAAAJ,0000-0002-2063-1569
Moh'd B. Al-Zoubi,University of Jordan,http://old.bau.edu.jo/ar/Colleges/fet/new/Academic%20_Departments/Applied%20Sciences/Academic%20Staff/Professor%20Abu-Hamatteh%20CV%202013.pdf,NOSCHOLARPAGE,0000-0000-0000-0000
Mohamad Gharib,University of Tartu,https://kodu.ut.ee/~gharib,xDTf-jgAAAAJ,0000-0003-2286-2819
Mohamad Jaber 0001,American University of Beirut,https://www.aub.edu.lb/fas/cs/people/Pages/mj54.aspx,k5WqqOcAAAAJ,0000-0003-2457-9742
Mohamed A. Sharaf,University of Queensland,http://researchers.uq.edu.au/researcher/2491,KHjLaWAAAAAJ,0000-0000-0000-0000
Mohamed Abouelenien,University of Michigan-Dearborn,https://umdearborn.edu/users/zmohamed,yxvWYEUAAAAJ,0000-0001-5351-5778
Mohamed Al Hosani,Masdar Institute,https://www2.masdar.ac.ae/aboutus/management/faculty-directory/item/6318-mohamed-al-hosani,uB5LmJoAAAAJ,0000-0000-0000-0000
Mohamed Ali Kâafar,Macquarie University,https://dali-kaafar.github.io,9DR87DQAAAAJ,0000-0003-2714-0276
Mohamed Amine Chatti,University of Duisburg-Essen,https://www.uni-due.de/soco/people/mohamed-chatti.php,gyLI8FYAAAAJ,0000-0002-1311-7852
Mohamed Amine Ferrag,UAEU,https://www.uaeu.ac.ae/en/cit/profile.shtml?email=mohamed.ferrag@uaeu.ac.ae,IkPeqxMAAAAJ,0000-0000-0000-0000
Mohamed Aymen Saied,Université Laval,https://saiedmoh.github.io,KxON99YAAAAJ,0000-0000-0000-0000
Mohamed Bouguessa,Université du Québec à Montréal,https://professeurs.uqam.ca/professeur/bouguessa.mohamed,NOSCHOLARPAGE,0000-0000-0000-0000
Mohamed Cheriet,ETS Montreal,http://www.synchromedia.ca,oG89PhIAAAAJ,0000-0000-0000-0000
Mohamed Daoudi,CRIStAL,https://mohammeddaoudi.github.io/mdaoudi.github.io,7UoD6McAAAAJ,0000-0003-4219-7860
Mohamed El Baker Nassar,American University of Beirut,http://www.aub.edu.lb/pages/profile.aspx?memberId=mn115,GrvxLaUAAAAJ,0000-0000-0000-0000
Mohamed Elhoseiny,KAUST,http://www.mohamed-elhoseiny.com,iRBUTOAAAAAJ,0000-0001-9659-1551
Mohamed Elmoursi,Masdar Institute,https://www.masdar.ac.ae/component/k2/item/5703-mohamed-shawky-elmoursi,--y-03QAAAAJ,0000-0000-0000-0000
Mohamed F. Mokbel,University of Minnesota,http://www-users.cs.umn.edu/~mokbel,GHz1ZVIAAAAJ,0000-0002-6686-1757
Mohamed F. Younis,Univ. of Maryland - Baltimore County,http://www.csee.umbc.edu/~younis,Q4MvxMIAAAAJ,0000-0000-0000-0000
Mohamed Faouzi Atig,Uppsala University,https://www.it.uu.se/katalog/mohat117,KIXvH-8AAAAJ,0000-0001-8229-3481
Mohamed G. Gouda,University of Texas at Austin,https://www.cs.utexas.edu/~gouda,GSYS01oAAAAJ,0000-0000-0000-0000
Mohamed Hefeeda,Simon Fraser University,http://www.cs.sfu.ca/~mhefeeda,0pu-90QAAAAJ,0000-0003-3261-4376
Mohamed I. Ibrahem,Augusta University,https://www.augusta.edu/faculty/directory/view.php?id=MIBRAHEM,uXaXACEAAAAJ,0000-0000-0000-0000
Mohamed Khamis,University of Glasgow,http://mkhamis.com,0OupgU0AAAAJ,0000-0001-7051-5200
Mohamed Mejri,Université Laval,http://www2.ift.ulaval.ca/~mejri,NOSCHOLARPAGE,0000-0003-4820-3176
Mohamed N. Moustafa 0001,American University in Cairo,https://www.aucegypt.edu/fac/mohamedmoustafa,QGdReUEAAAAJ,0000-0000-0000-0000
Mohamed Nassar 0001,American University of Beirut,http://www.aub.edu.lb/pages/profile.aspx?memberId=mn115,GrvxLaUAAAAJ,0000-0000-0000-0000
Mohamed Riduan Abid,Mohammed VI Polytechnic University,https://cc.um6p.ma/people/Mohamed.ABID,4eoPZHcAAAAJ,0000-0001-8733-6823
Mohamed S. Abdelfattah [Tech],Cornell University,https://www.mohsaied.com,q4wBpWAAAAAJ,0000-0000-0000-0000
Mohamed Sarwat,Arizona State University,http://faculty.engineering.asu.edu/sarwat,kOc0x0MAAAAJ,0000-0000-0000-0000
Mohamed Sharaf Aun,UAEU,https://www.uaeu.ac.ae/en/cit/profile.shtml?email=m.sharaf@uaeu.ac.ae,O5EuXYYAAAAJ,0000-0000-0000-0000
Mohamed Shehab,UNC - Charlotte,https://cci.charlotte.edu/people/mohamed-shehab,l07_FHkAAAAJ,0000-0002-4189-9118
Mohamed Taleb,Concordia University,https://www.concordia.ca/encs/computer-science-software-engineering/faculty.html.html?fpid=mohamed-taleb,kG5niJsAAAAJ,0000-0000-0000-0000
Mohamed Wiem Mkaouer,Rochester Inst. of Technology,https://www.rit.edu/gccis/mohamed-wiem-mkaouer,UoHgCukAAAAJ,0000-0001-6010-7561
Mohamed Y. Eltabakh,Worcester Polytechnic Institute,http://www.wpi.edu/academics/facultydir/mye.html,KBiBATkAAAAJ,0000-0000-0000-0000
Mohamed Yehia Dahab,King Abdulaziz University,http://www.kau.edu.sa/Contacts.aspx?Site_ID=611&Lng=EN&Cont=18607,YExgqdMAAAAJ,0000-0000-0000-0000
Mohamed Younis,Univ. of Maryland - Baltimore County,http://www.csee.umbc.edu/~younis,Q4MvxMIAAAAJ,0000-0003-3865-9217
Mohammad A. Alsmirat,JUST,http://www.just.edu.jo/eportfolio/Pages/Default.aspx?email=masmirat,c1S0wzQAAAAJ,0000-0000-0000-0000
Mohammad A. Islam 0001,University of Texas at Arlington,http://crystal.uta.edu/~mislam,rxKWd1cAAAAJ,0000-0002-5778-4366
Mohammad A. M. Abushariah,University of Jordan,http://ju-jo.academia.edu/MohammadAbdAlrahmanMahmoudAbushariah/CurriculumVitae,NOSCHOLARPAGE,0000-0000-0000-0000
Mohammad Abbasnejad,Adelaide University,https://ehsanabb.github.io,OdlVfTsAAAAJ,0000-0000-0000-0000
Mohammad Abd-Alrahman Mahmoud Abushariah,University of Jordan,http://ju-jo.academia.edu/MohammadAbdAlrahmanMahmoudAbushariah/CurriculumVitae,NOSCHOLARPAGE,0000-0000-0000-0000
Mohammad Abdollahi Azgomi,IUST,http://www.iust.ac.ir/content/8313/Dr.-Abdollahi-Azgomi,OcWAFjcAAAAJ,0000-0000-0000-0000
Mohammad Abdulaziz,King's College London,https://www.kcl.ac.uk/people/mohammad-abdulaziz,x5z4rRkAAAAJ,0000-0002-8244-518X
Mohammad Abdullah Al Faruque,Univ. of California - Irvine,http://aicps.eng.uci.edu,ejWHC-cAAAAJ,0000-0002-5390-0497
Mohammad Al Hasan,IUPUI,http://cs.iupui.edu/~alhasan,fsCnri8AAAAJ,0000-0002-8279-1023
Mohammad Al-Smadi,JUST,http://www.just.edu.jo/eportfolio/Pages/Default.aspx?email=maalsmadi9,im_3CvwAAAAJ,0000-0000-0000-0000
Mohammad Ali Abam,Sharif University of Technology,http://sharif.ir/~abam,xuNJ-d8AAAAJ,0000-0000-0000-0000
Mohammad Alian,Cornell University,https://alian.csl.cornell.edu,wzQ8-gsAAAAJ,0000-0002-4622-2181
Mohammad Aliannejadi,University of Amsterdam,https://aliannejadi.com,yiZk6coAAAAJ,0000-0002-9447-4172
Mohammad Alizadeh,Massachusetts Inst. of Technology,https://people.csail.mit.edu/alizadeh,6_cxCKQAAAAJ,0000-0002-0014-6742
Mohammad Alshraideh,University of Jordan,http://computer.ju.edu.jo/Lists/FacultyAcademicStaff/Attachments/16/Mohammed%20Shriedeh.doc,mlPbP5QAAAAJ,0000-0002-2724-9290
Mohammad Amin Alipour,University of Houston,http://alipourm.github.io,hwlkAZYAAAAJ,0000-0002-6479-7202
Mohammad Amin Shokrollahi,EPFL,https://people.epfl.ch/amin.shokrollahi,ho_asq8AAAAJ,0000-0000-0000-0000
Mohammad Arif Ul Alam,University of Massachusetts Lowell,http://faculty.uml.edu/~alam,vsnEGjIAAAAJ,0000-0002-2240-0916
Mohammad Ashiqur Rahman,Florida International University,https://rahman.eng.fiu.edu,2OLia-cAAAAJ,0000-0002-2963-7430
Mohammad Ashjaei,Mälardalen University,http://www.es.mdh.se/staff/360-Mohammad_Ashjaei,AvWVYIkAAAAJ,0000-0003-3469-1834
Mohammad Atiqul Islam,University of Texas at Arlington,http://crystal.uta.edu/~mislam,rxKWd1cAAAAJ,0000-0000-0000-0000
Mohammad Atiquzzaman,University of Oklahoma,http://www.cs.ou.edu/~atiq,CPqBDqUAAAAJ,0000-0000-0000-0000
Mohammad Ghafari,TU Clausthal,https://www.isse.tu-clausthal.de/ueber-uns/team-neu/professoren-und-dozenten/prof-dr-mohammad-ghafari,6G3BI-UAAAAJ,0000-0002-1986-9668
Mohammad Ghodsi,Sharif University of Technology,http://sharif.ir/~ghodsi,70Rmp1oAAAAJ,0000-0000-0000-0000
Mohammad Goudarzi,Monash University,https://research.monash.edu/en/persons/mohammad-goudarzi,a7XqS_QAAAAJ,0000-0000-0000-0000
Mohammad H. Al-Towaiq,JUST,http://www.just.edu.jo/eportfolio/Pages/Default.aspx?email=towaiq,Af2ucRgAAAAJ,0000-0000-0000-0000
Mohammad H. Hajiesmaili,Univ. of Massachusetts Amherst,https://groups.cs.umass.edu/hajiesmaili,XCGuYKIAAAAJ,0000-0001-9278-2254
Mohammad Hajiabadi,University of Waterloo,https://sites.google.com/view/mdhajiabadi,eWWvxuAAAAAJ,0000-0000-0000-0000
Mohammad Hajiaghayi,Univ. of Maryland - College Park,http://www.cs.umd.edu/~hajiagha,SQ1eGN4AAAAJ,0000-0003-4842-0533
Mohammad Hajiesmaili,Univ. of Massachusetts Amherst,https://groups.cs.umass.edu/hajiesmaili,XCGuYKIAAAAJ,0000-0001-9278-2254
Mohammad Hamdaqa,Polytechnique Montreal,https://saet.polymtl.ca/saet/index.php/rushmore_teams/dr-hamdaqa,axhklvMAAAAJ,0000-0000-0000-0000
Mohammad Hassan Hajiesmaili,Univ. of Massachusetts Amherst,https://groups.cs.umass.edu/hajiesmaili,XCGuYKIAAAAJ,0000-0000-0000-0000
Mohammad Hayajneh 0001,UAEU,https://faculty.uaeu.ac.ae/mhayajneh,WN086f8AAAAJ,0000-0000-0000-0000
Mohammad Hossein Anisi,University of Essex,https://www.essex.ac.uk/people/anisi58203/hossein-anisi,aIJT1LgAAAAJ,0000-0001-8414-2708
Mohammad Hosseini 0001,Shahid Beheshti University,https://mohammad-hosseini.com,iRO-DVoAAAAJ,0000-0002-1911-9234
Mohammad Ilyas,Florida Atlantic University,http://www.eng.fau.edu/directory/faculty/ilyas,NOSCHOLARPAGE,0000-0003-2601-0162
Mohammad Izadi,Sharif University of Technology,http://sharif.edu/~izadi,8Oew09wCfkcC,0000-0000-0000-0000
Mohammad Javad Amiri,Stony Brook University,https://www3.cs.stonybrook.edu/~amiri,dKWuAzcAAAAJ,0000-0002-6220-8363
Mohammad Kaykobad,BUET,http://kaykobad.buet.ac.bd,3rYfNBIAAAAJ,0000-0000-0000-0000
Mohammad M. Masud 0001,UAEU,https://www.uaeu.ac.ae/en/cit/profile.shtml?email=m.masud@uaeu.ac.ae,4nGLOo4AAAAJ,0000-0000-0000-0000
Mohammad Mahdi Khalili,University of Delaware,https://sites.udel.edu/khalili,hSgnKecAAAAJ,0000-0000-0000-0000
Mohammad Mahmoody,University of Virginia,http://www.cs.virginia.edu/~mohammad,6yscPJwAAAAJ,0000-0002-6839-4697
Mohammad Mahmoody-Ghidary,University of Virginia,http://www.cs.virginia.edu/~mohammad,6yscPJwAAAAJ,0000-0002-6839-4697
Mohammad Maifi Hasan Khan,University of Connecticut,https://maifikhan.cse.uconn.edu,BxZd6T4AAAAJ,0000-0001-5046-4100
Mohammad Mannan,Concordia University,https://users.encs.concordia.ca/~mmannan,sEvIcA0AAAAJ,0000-0002-9630-5858
Mohammad Masbaul Alam Polash,University of Sydney,https://www.sydney.edu.au/engineering/about/our-people/academic-staff/masbaul-polash.html,mlKFcnEAAAAJ,0000-0001-8922-7938
Mohammad Masudur Rahman 0001,Dalhousie University,https://web.cs.dal.ca/~masud,9SrqOewAAAAJ,0000-0003-3821-5990
Mohammad Mohammadi Amiri,Rensselaer Polytechnic Institute,https://sites.google.com/view/mmamiri,jpJy6SEAAAAJ,0000-0000-0000-0000
Mohammad Obaid,Chalmers/GU,https://research.chalmers.se/en/person/mobaid,7EIqFn4AAAAJ,0000-0003-2351-0604
Mohammad Qatawneh,University of Jordan,http://computer.ju.edu.jo/Lists/FacultyAcademicStaff/Attachments/16/Mohammed%20Shriedeh.doc,V6iTZ-4AAAAJ,0000-0002-4917-3418
Mohammad R. Salavatipour,University of Alberta,https://webdocs.cs.ualberta.ca/~mreza,q4QmSekAAAAJ,0000-0000-0000-0000
Mohammad Reza Jahed-Motlagh,IUST,http://ce.iust.ac.ir/content/1049/Dr.-Jahed-Motlagh,i5G246QAAAAJ,0000-0000-0000-0000
Mohammad Reza Kangavari 0001,IUST,http://www.iust.ac.ir/content/1064/Dr.Kangavari,PJa-dVMAAAAJ,0000-0000-0000-0000
Mohammad Reza Mohammadi,IUST,http://ce.iust.ac.ir/page.php?slct_pg_id=18188&sid=14&slc_lang=en,H34y7Q0AAAAJ,0000-0000-0000-0000
Mohammad Sabokrou,IPM,http://cs.ipm.ac.ir/~sabokrou,jqHXvT0AAAAJ,0000-0002-9409-2799
Mohammad Sadoghi,Univ. of California - Davis,https://faculty.engineering.ucdavis.edu/sadoghi,Lx9fbJoAAAAJ,0000-0003-2779-6080
Mohammad Saidur Rahman 0001,RMIT University,https://www.rmit.edu.au/contact/staff-contacts/academic-staff/r/rahman-dr-mohammad-saidur,sMkHgdUAAAAJ,0000-0002-4024-0725
Mohammad Saidur Rahman 0002,University of Texas - El Paso,https://hb2504.utep.edu/Home/Profile?username=msrahman3,72uMkzoAAAAJ,0000-0000-0000-0000
Mohammad Saifur Rahman 0001,BUET,https://cse.buet.ac.bd/faculty_list/detail/mrahman,9d52x-cAAAAJ,0000-0002-9887-4456
Mohammad Saleh,Qatar University,http://www.qu.edu.qa/engineering/computer/faculty/mohamed_saleh.php,PtPt83cAAAAJ,0000-0000-0000-0000
Mohammad Sazadur Rahman,University of Central Florida,https://www.cs.ucf.edu/person/sazadur-rahman,HH6Bh2UAAAAJ,0000-0000-0000-0000
Mohammad Shahrad,University of British Columbia,https://ece.ubc.ca/mohammad-shahrad,iXgmttoAAAAJ,0000-0002-8214-9583
Mohammad Sohel Rahman,BUET,http://msrahman.buet.ac.bd,IUwFD9gAAAAJ,0000-0000-0000-0000
Mohammad Taghi Hajiaghayi,Univ. of Maryland - College Park,http://www.cs.umd.edu/~hajiagha,SQ1eGN4AAAAJ,0000-0003-4842-0533
Mohammad Taher Pilehvar,Cardiff University,https://pilehvar.github.io,P-c9CsIAAAAJ,0000-0000-0000-0000
Mohammad Wardat,Oakland University,https://wardat.github.io,04sYwigAAAAJ,0009-0001-0213-725X
Mohammad Yaqub,MBZUAI,https://mbzuai.ac.ae/study/faculty/mohammad-yaqub,9dfn5GkAAAAJ,0000-0000-0000-0000
Mohammad Zubair,Old Dominion University,http://odu.edu/directory/people/m/mzubair,NOSCHOLARPAGE,0000-0002-5449-1779
Mohammad Zulkernine,Queen’s University,http://www.cs.queensu.ca/~mzulker,NOSCHOLARPAGE,0000-0000-0000-0000
Mohammad-Reza Siadat,Oakland University,https://oakland.edu/secs/directory/siadat,NOSCHOLARPAGE,0000-0000-0000-0000
Mohammad-Taghi Manzuri Shalmani,Sharif University of Technology,http://sharif.edu/~manzuri,NOSCHOLARPAGE,0000-0000-0000-0000
MohammadReza Jahed-Motlagh,IUST,http://ce.iust.ac.ir/content/1049/Dr.-Jahed-Motlagh,i5G246QAAAAJ,0000-0000-0000-0000
MohammadTaghi Hajiaghayi,Univ. of Maryland - College Park,http://www.cs.umd.edu/~hajiagha,SQ1eGN4AAAAJ,0000-0003-4842-0533
Mohammadali Mohammadi,Queen's University Belfast,https://pure.qub.ac.uk/en/persons/mohammad-mohammadi,w94-ZZsAAAAJ,0000-0002-6942-988X
Mohammadkazem Taram,Purdue University,https://mktrm.github.io,DX4p3bQAAAAJ,0000-0000-0000-0000
Mohammadreza Kangavari,IUST,http://www.iust.ac.ir/content/1064/Dr.Kangavari,PJa-dVMAAAAJ,0000-0000-0000-0000
Mohammed (Ehsan) Hoque 0001,University of Rochester,http://web.media.mit.edu/~mehoque,ZJrR0KQAAAAJ,0000-0000-0000-0000
Mohammed Al-Refai,JUST,http://www.just.edu.jo/eportfolio/Pages/Default.aspx?email=mnalrefai,wa6HFR4AAAAJ,0000-0000-0000-0000
Mohammed Almeer,Qatar University,http://www.qu.edu.qa/engineering/computer/faculty/mohamed_almeer.php,NBENQG8AAAAJ,0000-0000-0000-0000
Mohammed Atiquzzaman,University of Oklahoma,http://www.cs.ou.edu/~atiq,CPqBDqUAAAAJ,0000-0001-9440-7669
Mohammed Bennamoun,University of Western Australia,http://staffhome.ecm.uwa.edu.au/~00051632,ylX5MEAAAAAJ,0000-0002-6603-3257
Mohammed E. Hoque 0001,University of Rochester,http://web.media.mit.edu/~mehoque,ZJrR0KQAAAAJ,0000-0003-4781-4733
Mohammed Ehsan Hoque 0001,University of Rochester,http://web.media.mit.edu/~mehoque,ZJrR0KQAAAAJ,0000-0000-0000-0000
Mohammed El-Hajjar,University of Southampton,https://www.ecs.soton.ac.uk/people/meh1r11,g-RfyyQAAAAJ,0000-0002-7987-1401
Mohammed El-Kebir,Univ. of Illinois at Urbana-Champaign,http://www.el-kebir.net,8mUzslcAAAAJ,0000-0002-1468-2407
Mohammed Eunus Ali,BUET,https://sites.google.com/site/mohammedeunusali,wf8iK0sAAAAJ,0000-0002-0384-7616
Mohammed Hasanuzzaman,Queen's University Belfast,https://pure.qub.ac.uk/en/persons/mohammed-hasanuzzaman,DhNDPn8AAAAJ,0000-0003-1838-0091
Mohammed I. Al-Saleh,JUST,http://www.just.edu.jo/eportfolio/Pages/Default.aspx?email=misaleh,KmFKpiMAAAAJ,0000-0000-0000-0000
Mohammed J. Zaki,Rensselaer Polytechnic Institute,http://www.cs.rpi.edu/~zaki,UmwJklEAAAAJ,0000-0003-4711-0234
Mohammed Javeed Zaki,Rensselaer Polytechnic Institute,http://www.cs.rpi.edu/~zaki,UmwJklEAAAAJ,0000-0003-4711-0234
Mohammed Mediani,UAEU,https://www.uaeu.ac.ae/en/cit/profile.shtml?email=mmediani@uaeu.ac.ae,Xg_1akIAAAAJ,0000-0000-0000-0000
Mohammed Mejri,Université Laval,http://www2.ift.ulaval.ca/~mejri,NOSCHOLARPAGE,0000-0000-0000-0000
Mohammed N. Moustafa 0001,American University in Cairo,https://www.aucegypt.edu/fac/mohamedmoustafa,QGdReUEAAAAJ,0000-0000-0000-0000
Mohammed Qatawneh,University of Jordan,http://computer.ju.edu.jo/Lists/FacultyAcademicStaff/Attachments/16/Mohammed%20Shriedeh.doc,V6iTZ-4AAAAJ,0000-0000-0000-0000
Mohammed Safayet Arefin,Colorado State University,https://www.safayetarefin.com,kBoqF08AAAAJ,0000-0003-2355-7154
Mohammed Samaka,Qatar University,http://www.qu.edu.qa/engineering/computer/faculty/mohamed_samaka.php,iqiEX78AAAAJ,0000-0001-7383-774X
Mohammed Seyam,Virginia Tech,https://sites.google.com/vt.edu/mohammedseyam/home,OYautn0AAAAJ,0000-0001-6831-3239
Mohan Kankanhalli,National University of Singapore,http://www.comp.nus.edu.sg/~mohan,6Lx_eowAAAAJ,0000-0002-4846-2015
Mohan Kumar,Rochester Inst. of Technology,https://www.cs.rit.edu/~mjk,FoRBkdsAAAAJ,0000-0002-0286-6997
Mohan L. Chaudhry,Royal Military College of Canada,https://www.rmc-cmr.ca/en/mathematics-and-computer-science/dr-mohan-chaudhry,NOSCHOLARPAGE,0000-0003-0165-114X
Mohan Liyanage,University of Tartu,https://www.etis.ee/CV/Liyanage%20Don%20Mohan%20Devapriya_Liyanage/eng,1SYZ7DoAAAAJ,0000-0001-6496-1562
Mohan Sridharan,University of Edinburgh,http://www.inf.ed.ac.uk/people/staff/Mohan_Sridharan.html,pKV2QvsAAAAJ,0000-0001-9922-8969
Mohand Tahar Kechadi,University College Dublin,https://people.ucd.ie/tahar.kechadi,N-0-CjwAAAAJ,0000-0002-0176-6281
Moharram Challenger,University of Antwerp,https://www.uantwerpen.be/en/staff/moharram-challenger,pINGpc8AAAAJ,0000-0002-5436-6070
Mohd Yamani Idna Idris,University of Malaya,https://umexpert.um.edu.my/yamani,JzyjGGUAAAAJ,0000-0003-4894-0838
Mohit Bansal,University of North Carolina,https://www.cs.unc.edu/~mbansal,DN8QtscAAAAJ,0000-0000-0000-0000
Mohit Gupta 0001,University of Wisconsin - Madison,https://wisionlab.com/people/mohit-gupta,Y3wdd8oAAAAJ,0000-0002-2323-7700
Mohit Iyyer,Univ. of Maryland - College Park,https://cs.umd.edu/~miyyer,rBVA5tcAAAAJ,0000-0001-7340-0804
Mohit Singh,Georgia Institute of Technology,https://www2.isye.gatech.edu/~msingh94,eQ9_vDAAAAAJ,0000-0002-0827-233X
Mohsen Amini Salehi,University of North Texas,https://computerscience.engineering.unt.edu/people/faculty/mohsen-amini,xOvIbXEAAAAJ,0000-0000-0000-0000
Mohsen Ansari,Sharif University of Technology,https://sharif.edu/~ansari,Dhfls4sAAAAJ,0000-0002-4670-8608
Mohsen Ghaffari 0001,Massachusetts Inst. of Technology,http://people.csail.mit.edu/ghaffari,NOSCHOLARPAGE,0000-0003-4213-9898
Mohsen Ghafouri,Concordia University,https://www.concordia.ca/faculty/mohsen-ghafouri.html,TzP7meUAAAAJ,0000-0003-2184-5734
Mohsen Guizani,MBZUAI,https://mbzuai.ac.ae/study/faculty/professor-mohsen-guizani,RigrYkcAAAAJ,0000-0002-8972-8094
Mohsen Heidari,Indiana University,https://luddy.indiana.edu/contact/profile/index.html?Mohsen_Heidari,ab9ZcfsAAAAJ,0000-0002-0012-2900
Mohsen Imani,Univ. of California - Irvine,http://www.mohsenimani.com,FY5WEKcAAAAJ,0000-0002-5761-0622
Mohsen Jozani,Augusta University,https://www.augusta.edu/ccs/faculty.php,rBRM8HYAAAAJ,0000-0002-8953-3983
Mohsen Khadem,University of Edinburgh,http://www.inf.ed.ac.uk/people/staff/Mohsen_Khadem.html,EdlB5Q8AAAAJ,0000-0002-6873-273X
Mohsen Lesani,Univ. of California - Santa Cruz,https://mohsenlesani.github.io,cVLicJYAAAAJ,0000-0002-3165-2322
Mohsen Naderpour,University of Technology Sydney,https://www.uts.edu.au/staff/mohsen.naderpour,Ok8wAsIAAAAJ,0000-0002-3549-3875
Mohsen Sharifi,IUST,http://ce.iust.ac.ir/page.php?slct_pg_id=6531&sid=14&slc_lang=en,lboyQG8AAAAJ,0000-0000-0000-0000
Mohsen Soryani,IUST,http://ce.iust.ac.ir/content/527/Mohsen-Soryani,NOSCHOLARPAGE,0000-0000-0000-0000
Moi-Tin Chew,Massey University,https://www.massey.ac.nz/massey/learning/colleges/college-of-sciences/staff-profile.cfm?stref=505530,NOSCHOLARPAGE,0000-0002-7820-1203
Moinuddin K. Qureshi,Georgia Institute of Technology,http://moin.ece.gatech.edu,EWU0STsAAAAJ,0000-0002-1314-9096
Moinul Islam Zaber,University of Dhaka,https://du.ac.bd/body/faculty_details/CSE/1782,_gGdTOEAAAAJ,0000-0000-0000-0000
Moira C. Norrie,ETH Zurich,https://globis.ethz.ch/person/moira-c-norrie,NOSCHOLARPAGE,0000-0000-0000-0000
Moisés Piedade,Universidade de Lisboa,https://fenix.tecnico.ulisboa.pt/homepage/ist11049,NOSCHOLARPAGE,0000-0000-0000-0000
Moisés Simões Piedade,Universidade de Lisboa,https://fenix.tecnico.ulisboa.pt/homepage/ist11049,NOSCHOLARPAGE,0000-0000-0000-0000
Mojmír Kretínský,Masaryk University,https://www.muni.cz/en/people/631,CcXNE7YAAAAJ,0000-0000-0000-0000
Mokhtar Aboelaze,York University,http://www.cs.yorku.ca/~aboelaze,NOSCHOLARPAGE,0000-0000-0000-0000
Molei Tao,Georgia Institute of Technology,https://mtao8.math.gatech.edu/index.html,NOSCHOLARPAGE,0000-0000-0000-0000
Momotaz Begum,University of New Hampshire,http://www.cs.unh.edu/~mbegum,YP9KtBQAAAAJ,0000-0002-1073-2008
Mona Singh 0001,Princeton University,https://www.cs.princeton.edu/~mona,JpAehzgAAAAJ,0000-0001-8271-6026
Mona T. Diab,Carnegie Mellon University,https://www.lti.cs.cmu.edu/people/222228496/mona-diab,-y6SIhQAAAAJ,0000-0000-0000-0000
Moncef Gabbouj,Tampere University,https://www.tuni.fi/en/moncef-gabbouj,cHukfSUAAAAJ,0000-0002-9788-2323
Mong-Li Lee,National University of Singapore,https://www.comp.nus.edu.sg/~leeml,_xFTK8wAAAAJ,0000-0002-9636-388X
Mong-ying Ani Hsieh,University of Pennsylvania,https://www.grasp.upenn.edu/people/ani-hsieh,Bh8bGCYAAAAJ,0000-0000-0000-0000
Mongi A. Abidi,University of Tennessee,http://www.eecs.utk.edu/people/faculty/abidi,p6w_qmoAAAAJ,0000-0000-0000-0000
Moni Naor,Weizmann Institute of Science,https://www.weizmann.ac.il/pages/search/people?language=english&single=1&person_id=2337,stSUaHAAAAAJ,0000-0003-3381-0221
Monia Ghobadi,Massachusetts Inst. of Technology,http://people.csail.mit.edu/ghobadi,M78g4SAAAAAJ,0000-0000-0000-0000
Monica Agrawal,Duke University,https://www.monicaagrawal.com,R4Q7jzgAAAAJ,0009-0003-5116-2819
Monica Anderson 0001,The University of Alabama,http://robotics.cs.ua.edu,NOSCHOLARPAGE,0000-0001-5624-1872
Monica Anderson Herzog,The University of Alabama,http://robotics.cs.ua.edu,NOSCHOLARPAGE,0000-0000-0000-0000
Monica Brockmeyer,Wayne State University,http://engineering.wayne.edu/profile/ag7006,NOSCHOLARPAGE,0000-0000-0000-0000
Monica D. Anderson,The University of Alabama,http://robotics.cs.ua.edu,NOSCHOLARPAGE,0000-0000-0000-0000
Monica Divitini,NTNU,https://www.ntnu.edu/employees/divitini,w9p5LZoAAAAJ,0000-0000-0000-0000
Monica Lam 0001,Stanford University,https://suif.stanford.edu/~lam,4hS0jZ8AAAAJ,0000-0000-0000-0000
Monica M. C. Schraefel,University of Southampton,https://www.ecs.soton.ac.uk/people/sign,nAtF6UMAAAAJ,0000-0002-9061-7957
Monica N. Nicolescu,University of Nevada,https://www.cse.unr.edu/~monica,CjRSS8MAAAAJ,0000-0000-0000-0000
Monica S. Lam,Stanford University,https://suif.stanford.edu/~lam,4hS0jZ8AAAAJ,0000-0002-7626-6468
Monica Sebillo,University of Salerno,http://www.unisa.it/docenti/monicamariasebillo/index,NOSCHOLARPAGE,0000-0000-0000-0000
Monica Sin-Ling Lam,Stanford University,https://suif.stanford.edu/~lam,NOSCHOLARPAGE,0000-0000-0000-0000
Monica T. Whitty,Monash University,https://research.monash.edu/en/persons/monica-whitty,7ZPNXmMAAAAJ,0000-0000-0000-0000
Monika Akbar,University of Texas - El Paso,https://hb2504.utep.edu/Home/Profile?username=makbar,jp4c0ocAAAAJ,0000-0002-9402-5799
Monika Heiner,Brandenburg Univ. of Technology,https://www-dssz.informatik.tu-cottbus.de/DSSZ/Main/MonikaHeiner,UseozQIAAAAJ,0000-0003-1815-1205
Monika Henzinger,IST Austria,https://ist.ac.at/de/forschung/henzinger_monika-gruppe,NXbggxYAAAAJ,0000-0002-5008-6530
Monika Rauch,IST Austria,https://ist.ac.at/de/forschung/henzinger_monika-gruppe,NXbggxYAAAAJ,0000-0000-0000-0000
Monika Rauch Henzinger,IST Austria,https://ist.ac.at/de/forschung/henzinger_monika-gruppe,NXbggxYAAAAJ,0000-0000-0000-0000
Monika Roznere,Binghamton University,https://www.binghamton.edu/computer-science/people/profile.html?id=mroznere,cIlDO6oAAAAJ,0000-0001-6615-8028
Monique Meuschke,University of Magdeburg,https://wasd.urz.uni-magdeburg.de/meuschke,iMiFnq4AAAAJ,0000-0003-2183-6619
Monique Ross,Florida International University,https://www.cis.fiu.edu/faculty-staff/ross-monique,LtfU7CgAAAAJ,0000-0002-6320-636X
Monojit Choudhury,MBZUAI,https://mbzuai.ac.ae/study/faculty/monojit-choudhury,WR1ImCMAAAAJ,0000-0000-0000-0000
Monosij Maitra,IIT Kharagpur,https://monosijm.github.io,8XVPvXQAAAAJ,0009-0000-3554-4794
Monowar Hasan,Washington State University,https://school.eecs.wsu.edu/faculty/profile/?nid=monowar.hasan,lLMWtnkAAAAJ,0000-0002-2657-0402
Montek Singh,University of North Carolina,https://www.cs.unc.edu/~montek,NOSCHOLARPAGE,0000-0000-0000-0000
Mooi Choo Chuah,Lehigh University,http://www.cse.lehigh.edu/~chuah,SZBKvksAAAAJ,0000-0002-0117-0621
Mooly Sagiv,Tel Aviv University,http://www.cs.tau.ac.il/~msagiv,j4UuW80AAAAJ,0000-0002-0723-1309
Moonis Ali,Texas State University,http://www.cs.txstate.edu/~ma04,NOSCHOLARPAGE,0000-0000-0000-0000
Moonzoo Kim,KAIST,http://swtv.kaist.ac.kr/~moonzoo,HPB-yOEAAAAJ,0000-0000-0000-0000
Mor Geva,Tel Aviv University,https://mega002.github.io,GxpQbSkAAAAJ,0000-0001-9529-6315
Mor Harchol-Balter,Carnegie Mellon University,http://www.cs.cmu.edu/~harchol,Ooc7UNUAAAAJ,0000-0003-1721-6759
Mor Naaman [Tech],Cornell University,http://infosci.cornell.edu/faculty/mor-naaman,IeqjwlIAAAAJ,0000-0000-0000-0000
Mor Nitzan,Hebrew University of Jerusalem,https://www.cs.huji.ac.il/~mornitzan,D7WH8ksAAAAJ,0000-0003-0074-9196
Moran Feldman,University of Haifa,https://cs.haifa.ac.il/~moranfe,oM8J2m0AAAAJ,0000-0002-1535-2979
Moran Koren,Ben-Gurion University of the Negev,https://cris.bgu.ac.il/en/persons/moran-koren,ivzD5oQAAAAJ,0000-0003-0012-0208
Mordecai J. Golin,HKUST,https://www.cse.ust.hk/faculty/golin,NOSCHOLARPAGE,0000-0002-1260-6574
Mordechai Ben-Ari,Weizmann Institute of Science,https://www.weizmann.ac.il/pages/search/people?language=english&single=1&person_id=3788,Dy5IhH4AAAAJ,0000-0000-0000-0000
Moreen Heine,University of Lübeck,https://www.imis.uni-luebeck.de/de/institut/team/moreen-heine,NOSCHOLARPAGE,0000-0000-0000-0000
Morgan Vigil,Northern Arizona University,https://nau.edu/siccs/faculty,NOSCHOLARPAGE,0000-0000-0000-0000
Morgan Vigil-Hayes,Northern Arizona University,https://nau.edu/siccs/faculty,NOSCHOLARPAGE,0000-0000-0000-0000
Moris Behnam,Mälardalen University,http://www.es.mdh.se/staff/157-Moris_Behnam,zRqKryYAAAAJ,0000-0002-1687-930X
Moritoshi Yasunaga,University of Tsukuba,http://www.islab.cs.tsukuba.ac.jp/~yasunaga/EnglishWebPage/index.html,NOSCHOLARPAGE,0000-0002-5051-3467
Moritz Grosse-Wentrup,University of Vienna,https://cs.univie.ac.at/moritz.grosse-wentrup,15GNzKcAAAAJ,0000-0001-9787-2291
Moritz Hardt [IS],Max Planck Society,http://mrtz.org,adnTgaAAAAAJ,0000-0000-0000-0000
Moritz Schloegel,CISPA Helmholtz Center,https://mschloegel.me,7mj_0q8AAAAJ,0000-0003-1630-1687
Morris Sloman,Imperial College London,http://wp.doc.ic.ac.uk/mss,ey299DUAAAAJ,0000-0003-3920-0416
Morten Brøns,DTU,https://www.compute.dtu.dk/english,NOSCHOLARPAGE,0000-0000-0000-0000
Morten Fjeld,Chalmers/GU,https://www.chalmers.se/en/staff/Pages/morten-fjeld.aspx,ZQhqxscAAAAJ,0000-0002-9562-5147
Morten Kyng,Aarhus University,http://au.dk/en/mkyng@cs,geVags8AAAAJ,0000-0001-9114-1164
Morten Misfeldt,University of Copenhagen,https://di.ku.dk/english/staff/vip/researchers_hcc/?pure=en/persons/21225,TN1IujQAAAAJ,0000-0002-6481-4121
Morten Mørup,DTU,https://www.compute.dtu.dk/english,NOSCHOLARPAGE,0000-0003-4985-4368
Morten Øygarden,University of Bergen,https://www4.uib.no/en/find-employees/Morten.%C3%98ygarden,v_ptoFwAAAAJ,0000-0003-1783-1700
Morteza Amini,Sharif University of Technology,http://sharif.edu/~amini,Rsmx5DYAAAAJ,0000-0001-7269-779X
Morteza Analoui,IUST,http://ce.iust.ac.ir/content/580/welcome-you-to-his-web-page,WN82kZoAAAAJ,0000-0000-0000-0000
Morteza Dehghani,University of Southern California,http://morteza-dehghani.net,my6AUyAAAAAJ,0000-0002-9478-4365
Morteza H. Chehreghani,Chalmers/GU,https://www.chalmers.se/en/staff/Pages/haghir.aspx,NOSCHOLARPAGE,0000-0000-0000-0000
Morteza Haghir Chehreghani,Chalmers/GU,https://www.chalmers.se/en/staff/Pages/haghir.aspx,NOSCHOLARPAGE,0000-0000-0000-0000
Morteza Haghir Cheraghani,Chalmers/GU,https://www.chalmers.se/en/staff/Pages/haghir.aspx,NOSCHOLARPAGE,0000-0000-0000-0000
Morteza Mohaqeqi,Uppsala University,https://katalog.uu.se/profile/?id=N15-1617,G6t23eUAAAAJ,0000-0001-8837-2068
Morteza Varasteh,University of Essex,https://www.essex.ac.uk/people/varas35607/morteza-varasteh,mESc6v0AAAAJ,0000-0002-1163-5074
Mosaddek Hossain Kamal Tushar,University of Dhaka,https://du.ac.bd/body/faculty_details/CSE/1764,QBwimpcAAAAJ,0000-0000-0000-0000
Mosarrat Jahan,University of Dhaka,https://du.ac.bd/body/faculty_details/CSE/1777,cgoZCmcAAAAJ,0000-0001-8834-0242
Moses Charikar,Stanford University,https://profiles.stanford.edu/moses-charikar,zX3ba1kAAAAJ,0000-0003-0807-3389
Moses Ganardi,TU Kaiserslautern,https://www.mpi-sws.org/people/mganardi,V471C2sAAAAJ,0000-0002-0775-7781
Moses Samson Charikar,Stanford University,https://profiles.stanford.edu/moses-charikar,zX3ba1kAAAAJ,0000-0000-0000-0000
Mosharaf Chowdhury,University of Michigan,http://www.mosharaf.com,Dzh5C9EAAAAJ,0000-0003-0884-6740
Moshe Babaioff,Hebrew University of Jerusalem,https://www.cs.huji.ac.il/~mosheb,zghjmDgAAAAJ,0000-0002-7066-2005
Moshe Chai Barukh,UNSW,https://my.cse.unsw.edu.au/staff/staff.php,NOSCHOLARPAGE,0000-0000-0000-0000
Moshe Koppel,Bar-Ilan University,http://u.cs.biu.ac.il/~koppel,qZGY6TEAAAAJ,0000-0000-0000-0000
Moshe Lewenstein,Bar-Ilan University,http://u.cs.biu.ac.il/~moshe,r4_ZQ2AAAAAJ,0000-0002-8272-244X
Moshe Sidi,Technion,http://www.technion.ac.il/en/1900/01/prof-moshe-sidi-appointed-as-senior-executive-vice-president,NOSCHOLARPAGE,0000-0000-0000-0000
Moshe Tennenholtz,Technion,https://web.iem.technion.ac.il/en/people/userprofile/Moshet.html,NOSCHOLARPAGE,0000-0002-9459-5388
Moshe Y. Vardi,Rice University,http://www.cs.rice.edu/~vardi,DQaARsgAAAAJ,0000-0002-0661-5773
Mostafa A. Bassiouni,University of Central Florida,http://www.cs.ucf.edu/~bassi,NOSCHOLARPAGE,0000-0000-0000-0000
Mostafa H. Ammar,Georgia Institute of Technology,http://www.cc.gatech.edu/fac/Mostafa.Ammar,OT79Y9UAAAAJ,0000-0003-2803-300X
Mostafa Mehdipour-Ghazi,University of Copenhagen,https://di.ku.dk/english/staff/vip/researchers_p1ai/?pure=en/persons/595060,8LoF2mEAAAAJ,0000-0000-0000-0000
Mostafa Milani,Western University,https://www.csd.uwo.ca/~mmilani7,4KeuWDYAAAAJ,0000-0002-3386-7079
Motonobu Kanagawa,EURECOM,https://sites.google.com/site/motonobukanagawa,9G-g30IAAAAJ,0000-0002-3948-8053
Motoshi Saeki,Tokyo Institute of Technology,http://www.se.cs.titech.ac.jp,NOSCHOLARPAGE,0009-0009-7352-1951
Moumita Patra,IIIT Hyderabad,https://www.iiit.ac.in/people/faculty/moumita.patra,BIGZy7sAAAAJ,0000-0000-0000-0000
Mounir Boukadoum,Université du Québec à Montréal,https://professeurs.uqam.ca/professeur/boukadoum.mounir,tjMtB4AAAAJ,0000-0002-4894-2350
Mounir Ghogho,Mohammed VI Polytechnic University,https://cc.um6p.ma/people/Mounir.GHOGHO,aIXHNpAAAAAJ,0000-0002-0055-7867
Mounir Hamdi,HKUST,http://www.cs.ust.hk/~hamdi,QBietV4AAAAJ,0000-0000-0000-0000
Mourad Debbabi,Concordia University,https://users.encs.concordia.ca/~debbabi,EkqEbIYAAAAJ,0000-0003-3015-3043
Mourad Ouzzani,Qatar Computing Research Inst.,http://www.qcri.org/our-people/bio?pid=30&par=acc&name=MouradOuzzani,FzNzuBsAAAAJ,0000-0000-0000-0000
Mousa Al-Akhras,University of Jordan,https://www.facebook.com/public/Mousa-Al-Akhras,KtHYblAAAAAJ,0000-0002-2208-372X
Mozhgan Pourmoradnasseri,University of Tartu,https://ut.ee/en/node/106047,7CrxW4YAAAAJ,0000-0002-2092-816X
Mridul Aanjaneya,Rutgers University,https://www.cs.rutgers.edu/~ma635,ZyaSau8AAAAJ,0000-0002-5286-8173
Mridul Nandi,ISI Kolkata,https://www.isical.ac.in/~mridul,WUzh8tgAAAAJ,0000-0002-1029-6576
Mridul Sankar Barik,Jadavpur University,http://jaduniv.edu.in/profile.php?uid=785,8fs7V4UAAAAJ,0000-0000-0000-0000
Mridula Singh,CISPA Helmholtz Center,https://cispa.de/en/people/c01mrsi,0nTK5BsAAAAJ,0009-0007-5145-1003
Mrinal Kumar 0001,Tata Inst. of Fundamental Research,https://mrinalkr.bitbucket.io,NOSCHOLARPAGE,0000-0002-6430-0219
Mrinmaya Sachan,ETH Zurich,http://www.mrinmaya.io,Tpp9ZjoAAAAJ,0000-0001-8787-8681
Mu Li 0005,Harbin Institute of Technology,https://faculty.hitsz.edu.cn/limu,61inLP4AAAAJ,0000-0002-7327-3304
Mu Zhang 0001,University of Utah,https://www.cs.utah.edu/~muzhang,UFiuFf8AAAAJ,0000-0001-5905-9515
Muath Obaidat,CUNY,https://www.jjay.cuny.edu/faculty/muath-obaidat,XLYQ1ukAAAAJ,0000-0000-0000-0000
Mubarak Shah,University of Central Florida,https://www.crcv.ucf.edu/person/mubarak-shah,p8gsO3gAAAAJ,0000-0001-6172-5572
Mubbasir Kapadia,Rutgers University,http://www.cs.rutgers.edu/~mk1353,xhkzmycAAAAJ,0000-0000-0000-0000
Muchao Ye,University of Iowa,https://cs.uiowa.edu/people/muchao-ye,FXXzewYAAAAJ,0009-0006-9112-8895
Muffy Calder,University of Glasgow,http://www.dcs.gla.ac.uk/~muffy,HvAfVsAAAAAJ,0000-0001-5033-7232
Muffy Thomas,University of Glasgow,http://www.dcs.gla.ac.uk/~muffy,HvAfVsAAAAAJ,0000-0000-0000-0000
Muhamad Erza Aminanto,Monash University Indonesia,https://www.monash.edu/indonesia/about/academic-staff/muhamad-erza-aminanto,DiZLydwAAAAJ,0000-0001-5614-2276
Muhamad Risqi U. Saputra,Monash University Indonesia,https://www.monash.edu/indonesia/about/academic-staff/Muhamad-Risqi-Saputra,7wZkVT8AAAAJ,0000-0001-6067-630X
Muhamad Risqi Utama Saputra,Monash University Indonesia,https://www.monash.edu/indonesia/about/academic-staff/Muhamad-Risqi-Saputra,7wZkVT8AAAAJ,0000-0001-6067-630X
Muhammad Aamir Cheema,Monash University,http://www.aamircheema.com,chWbG70AAAAJ,0000-0003-2139-9121
Muhammad Abdullah Adnan,BUET,https://sites.google.com/site/abdullahadnan,T5QF918AAAAJ,0000-0003-3219-9053
Muhammad Abulaish,South Asian University,http://www.abulaish.com,2VMLm7gAAAAJ,0000-0003-3387-4743
Muhammad Ali Babar 0001,Adelaide University,http://www.adelaide.edu.au/directory/ali.babar,BjzKrCsAAAAJ,0000-0001-9696-3626
Muhammad Ali Babar Abbasi,Queen's University Belfast,https://pure.qub.ac.uk/en/persons/muhammad-ali-babar-abbasi,56muy2AAAAAJ,0000-0002-1283-4614
Muhammad Ali Gulzar,Virginia Tech,http://people.cs.vt.edu/~gulzar,k9M-nccAAAAJ,0000-0002-8007-8662
Muhammad Asif Hossain Khan,University of Dhaka,https://du.ac.bd/body/faculty_details/CSE/1771,MxsRecMAAAAJ,0000-0003-3313-6812
Muhammad Awais,Queen's University Belfast,https://pure.qub.ac.uk/en/persons/muhammad-awais,bA-9t1cAAAAJ,0000-0000-0000-0000
Muhammad Fahim,Queen's University Belfast,https://pure.qub.ac.uk/en/persons/muhammad-fahim,HFp8hzMAAAAJ,0000-0001-6259-5458
Muhammad Fareed Zaffar,LUMS,https://lums.edu.pk/lums_employee/422,NOSCHOLARPAGE,0000-0000-0000-0000
Muhammad Hamad Alizai,LUMS,http://web.lums.edu.pk/~alizai,L4lhO6AAAAAJ,0000-0003-3112-0374
Muhammad Haris Khan,MBZUAI,https://mbzuai.ac.ae/study/faculty/muhammad-haris-khan,ZgERfFwAAAAJ,0000-0001-9746-276X
Muhammad Ikram 0001,Macquarie University,https://researchers.mq.edu.au/en/persons/muhammad-ikram,vkSaUFwAAAAJ,0000-0003-2113-3390
Muhammad Johan Alibasa,Monash University Indonesia,https://www.monash.edu/indonesia/about/academic-staff/johan-alibasa,1KnOEhsAAAAJ,0000-0000-0000-0000
Muhammad Masroor Ali,BUET,https://cse.buet.ac.bd/faculty_list/detail/mmasroorali,N8d3dk4AAAAJ,0000-0000-0000-0000
Muhammad Mustafa Rafique,Rochester Inst. of Technology,https://cs.rit.edu/~mrafique,utSvhGEAAAAJ,0000-0000-0000-0000
Muhammad Najib,Heriot-Watt University,https://researchportal.hw.ac.uk/en/persons/muhammad-najib,a_49dn0AAAAJ,0000-0002-6289-5124
Muhammad Rashedul Haq Rashed,University of Texas at Arlington,https://www.uta.edu/academics/faculty/profile?username=rashedm,0v7bYZoAAAAJ,0000-0003-0450-695X
Muhammad Rezaul Karim 0001,University of Dhaka,https://du.ac.bd/body/faculty_details/CSE/1763,c42tILcAAAAJ,0009-0003-8431-4583
Muhammad Rizwan Asghar,University of Auckland,https://www.cs.auckland.ac.nz/~asghar,Oe5b51kAAAAJ,0000-0002-9607-376X
Muhammad Salman Asif,Univ. of California - Riverside,http://www.ece.ucr.edu/~sasif,Dl0puDcAAAAJ,0000-0000-0000-0000
Muhammad Samaka,Qatar University,http://www.qu.edu.qa/engineering/computer/faculty/mohamed_samaka.php,iqiEX78AAAAJ,0000-0000-0000-0000
Muhammad Shafique 0001,NYU Abu Dhabi,https://engineering.nyu.edu/faculty/muhammad-shafique,xSR276UAAAAJ,0000-0002-2607-8135
Muhammad Shahbaz 0001,University of Michigan,https://muhammad.shahbaz.org,UhWjpNMAAAAJ,0000-0001-5168-9045
Muhammad Shahzad 0001,North Carolina State University,https://www.csc.ncsu.edu/people/mshahza,Xnc5WPwAAAAJ,0000-0000-0000-0000
Muhammad Zubair Shafiq,Univ. of California - Davis,https://www.cs.ucdavis.edu/~zubair,Q3FvLzUAAAAJ,0000-0000-0000-0000
Muhammed F. Esgin,Monash University,https://research.monash.edu/en/persons/muhammed-esgin,5T1IaFQAAAAJ,0000-0003-1650-3748
Muhammed Tawfiqul Islam,University of Melbourne,https://findanexpert.unimelb.edu.au/profile/845353-tawfiq-islam,TVzqs2YAAAAJ,0000-0003-4922-7807
Muhammet Mustafa Ozdal,Bilkent University,http://www.cs.bilkent.edu.tr/~mustafa.ozdal,mD2TUGQAAAAJ,0000-0002-6239-9622
Muhan Zhang,Peking University,https://muhanzhang.github.io,OBBqkosAAAAJ,0000-0002-7680-6401
Muhao Chen 0001,Univ. of California - Davis,https://luka-group.github.io,k79yEZkAAAAJ,0000-0003-0118-3147
Mujdat Cetin,University of Rochester,https://www.hajim.rochester.edu/ece/people/faculty/cetin_mujdat,nq7tuDkAAAAJ,0000-0002-9824-1229
Mukesh K. Mohania,IIIT Delhi,https://www.iiitd.ac.in/mukesh,zgaqvNQAAAAJ,0000-0003-4429-1412
Mukesh Kumar Rohil,BITS Pilani,http://www.bits-pilani.ac.in/pilani/rohil/profile,puTDrJkAAAAJ,0000-0000-0000-0000
Mukesh Kumar Saini,IIT Ropar,http://www.iitrpr.ac.in/cse/mukeshsaini,XpWL11EAAAAJ,0000-0000-0000-0000
Mukesh Prasad,University of Technology Sydney,https://www.uts.edu.au/staff/mukesh.prasad,0TUoub0AAAAJ,0000-0002-7745-9667
Mukesh Saini,IIT Ropar,http://www.iitrpr.ac.in/cse/mukeshsaini,XpWL11EAAAAJ,0000-0000-0000-0000
Mukesh Singhal,Univ. of California - Merced,http://cloudlab.ucmerced.edu/people/~mukesh,If8AWhgAAAAJ,0000-0000-0000-0000
Mukkai Krishnamoorthy,Rensselaer Polytechnic Institute,http://www.cs.rpi.edu/~moorthy,3XYmsKQAAAAJ,0000-0000-0000-0000
Mukul Goyal,Univ. of Wisconsin - Milwaukee,https://uwm.edu/engineering/people/goyal-ph-d-mukul,NOSCHOLARPAGE,0000-0000-0000-0000
Mukul S. Bansal,University of Connecticut,http://www.engr.uconn.edu/~mukul,XCa-z_QAAAAJ,0000-0003-0039-2596
Mukulika Maity,IIIT Delhi,http://www.iiitd.ac.in/people/faculty,F5sooVMAAAAJ,0000-0002-4240-4746
Mukund Raghothaman,University of Southern California,https://r-mukund.github.io,56YYqRcAAAAJ,0000-0003-2879-0932
Mulagala Sandhya,National Inst. of Tech. Warangal,https://wsdc.nitw.ac.in/facultynew/facultyprofile/id/16913,43b3kbAAAAAJ,0000-0000-0000-0000
Muli Safra,Tel Aviv University,http://www.tau.ac.il/~safra,NOSCHOLARPAGE,0000-0002-5022-7727
Mun Choon Chan,National University of Singapore,https://www.comp.nus.edu.sg/~chanmc,QVeujWMAAAAJ,0000-0002-6563-275X
Muna Alebri,UAEU,https://www.uaeu.ac.ae/en/cit/profile.shtml?email=muna.alebri@uaeu.ac.ae,U13jw8gAAAAJ,0000-0002-6471-6206
Muneer Bani Yasin,JUST,http://www.just.edu.jo/eportfolio/Pages/Default.aspx?email=masadeh,E8muBrkAAAAJ,0000-0000-0000-0000
Muneer Beni Yassien,JUST,http://www.just.edu.jo/eportfolio/Pages/Default.aspx?email=masadeh,E8muBrkAAAAJ,0000-0000-0000-0000
Muneer O. Bani Yassein,JUST,http://www.just.edu.jo/eportfolio/Pages/Default.aspx?email=masadeh,E8muBrkAAAAJ,0000-0001-5030-6196
Munindar P. Singh,North Carolina State University,https://www.csc.ncsu.edu/faculty/mpsingh,qNznu3kAAAAJ,0000-0003-3599-3893
Munira Raja,University of Liverpool,https://liverpool.ac.uk/electrical-engineering-and-electronics/staff/munira-raja,NOSCHOLARPAGE,0000-0002-5215-6571
Munkhjargal Gochoo,UAEU,https://www.uaeu.ac.ae/en/cit/profile.shtml?email=mgochoo@uaeu.ac.ae,W24nk7wAAAAJ,0000-0000-0000-0000
Munmun De Choudhury,Georgia Institute of Technology,http://www.munmund.net,Z9Pfp6UAAAAJ,0000-0002-8939-264X
Muoi Tran,Chalmers/GU,https://www.chalmers.se/en/persons/muoi,P4EG734AAAAJ,0000-0000-0000-0000
Murad Hizlan,Cleveland State University,https://academic.csuohio.edu/hizlanm,NOSCHOLARPAGE,0000-0000-0000-0000
Murali Annavaram,University of Southern California,http://scip-lab.usc.edu,NAntFXIAAAAJ,0000-0002-4633-6867
Murali Sitaraman,Clemson University,https://people.cs.clemson.edu/~murali,kLWmLJwAAAAJ,0000-0000-0000-0000
Murari Kejariwal,Washington State University,https://school.eecs.wsu.edu/people/faculty/murari-kejariwal,NOSCHOLARPAGE,0000-0000-0000-0000
Murari Mandal,KIIT Bhubaneswar,https://murarimandal.github.io,U8AyzLIAAAAJ,0000-0002-0157-0967
Murat A. Erdogdu,University of Toronto,https://erdogdu.github.io,Lqc4cdAAAAAJ,0000-0000-0000-0000
Murat Akin,Galatasaray University,https://avesis.gsu.edu.tr/murakin,NOSCHOLARPAGE,0000-0002-8036-3375
Murat Arcak,Univ. of California - Berkeley,https://www2.eecs.berkeley.edu/Faculty/Homepages/arcak.html,rtmW640AAAAJ,0000-0001-9060-4032
Murat Aydos,Hacettepe University,https://web.cs.hacettepe.edu.tr/~maydos,pzer348AAAAJ,0000-0002-7570-9204
Murat Demirbas,University at Buffalo,https://cse.buffalo.edu/~demirbas,plv0rRQAAAAJ,0000-0000-0000-0000
Murat Dundar,IUPUI,http://cadkd.cs.iupui.edu,UvNbBnEAAAAJ,0000-0000-0000-0000
Murat Kantarcioglu,Virginia Tech,https://www.kantarcioglu.net,qXb4xQMAAAAJ,0000-0001-9795-9063
Murat Kocaoglu,Johns Hopkins University,https://www.muratkocaoglu.com,7N7bzdwAAAAJ,0000-0000-0000-0000
Murat Kulahci,DTU,https://www.compute.dtu.dk/english,NOSCHOLARPAGE,0000-0000-0000-0000
Murat Manguoglu,Middle East Technical University,http://user.ceng.metu.edu.tr/~manguoglu,Lok_27YAAAAJ,0000-0000-0000-0000
Murat Yuksel,University of Central Florida,http://www.ece.ucf.edu/~yuksem,2Jk34E8AAAAJ,0000-0000-0000-0000
Murdoch Gabbay,Heriot-Watt University,https://www.hw.ac.uk/staff/uk/macs/murdoch-james-gabbay.htm,2B9QID8AAAAJ,0000-0001-5796-3455
Murdoch James Gabbay,Heriot-Watt University,https://www.hw.ac.uk/staff/uk/macs/murdoch-james-gabbay.htm,2B9QID8AAAAJ,0000-0000-0000-0000
Muriel Médard,Massachusetts Inst. of Technology,http://www.rle.mit.edu/ncrc,6_oL_9IAAAAJ,0000-0000-0000-0000
Murilo Vicente Gonçalves Da Silva,UFPR,https://www.inf.ufpr.br/murilo,eDQAE9UAAAAJ,0000-0000-0000-0000
Murphy Yuezhen Niu,Univ. of California - Santa Barbara,https://cs.ucsb.edu/index.php/people/faculty/murphy-niu,0wJPxfkAAAAJ,0000-0000-0000-0000
Murray Cole,University of Edinburgh,http://www.inf.ed.ac.uk/people/staff/Murray_Cole.html,Xw4Ky0sAAAAJ,0000-0000-0000-0000
Murray Shanahan,Imperial College London,https://www.doc.ic.ac.uk/~mpsha,00bnGpAAAAAJ,0000-0001-5984-2964
Murtaza Taj,LUMS,https://lums.edu.pk/lums_employee/2860,Gk3G9N0AAAAJ,0000-0000-0000-0000
Murtazo Nazarov,Uppsala University,http://user.it.uu.se/~nazar000,n16CWycAAAAJ,0000-0000-0000-0000
Murtuza Jadliwala,University of Texas at San Antonio,http://www.cs.utsa.edu/~jadliwala,FWPlkI0AAAAJ,0000-0001-9316-1943
Murugesan Venkatapathi,IISc Bangalore,https://cds.iisc.ac.in/faculty/murugesh,NOSCHOLARPAGE,0000-0000-0000-0000
Mury Thian,Queen's University Belfast,https://www.qub.ac.uk/schools/eeecs/Connect/Staff/BusinessCard/?name=m.thian,8ny-HR8AAAAJ,0000-0000-0000-0000
Musard Balliu,KTH Royal Inst. of Technology,http://www.csc.kth.se/~musard,aTUgj08AAAAJ,0000-0001-6005-5992
Muslum Ozgur Ozmen,Arizona State University,https://search.asu.edu/profile/5143759,MSBT_V4AAAAJ,0000-0000-0000-0000
Mustafa A. Mustafa,University of Manchester,https://research.manchester.ac.uk/en/persons/mustafa.mustafa,lP0z5wEAAAAJ,0000-0002-8772-8023
Mustafa Bilgic 0001,Illinois Institute of Technology,https://science.iit.edu/people/faculty/mustafa-bilgic,bOM9qN8AAAAJ,0000-0001-5123-9992
Mustafa Cenk Gursoy,Syracuse University,http://eng-cs.syr.edu/directory,qBxl76YAAAAJ,0000-0000-0000-0000
Mustafa E. Kamasak,Istanbul Technical University,http://web.itu.edu.tr/kamasak,U5UhNHEAAAAJ,0000-0000-0000-0000
Mustafa Ersel Kamasak,Istanbul Technical University,http://web.itu.edu.tr/kamasak,U5UhNHEAAAAJ,0000-0000-0000-0000
Mustafa Ozdal,Bilkent University,http://www.cs.bilkent.edu.tr/~mustafa.ozdal,mD2TUGQAAAAJ,0000-0002-6239-9622
Mustafa Özuysal,Izmir Institute of Technology,http://ceng.iyte.edu.tr/people/mustafa-ozuysal,CfT5AZYAAAAJ,0000-0003-0257-6882
Mustakimur Khandaker,University of Georgia,https://www.cs.uga.edu/directory/people/mustakimur-r-khandaker,pEvjTs8AAAAJ,0000-0003-1854-3794
Mustakimur Rahman Khandaker,University of Georgia,https://www.cs.uga.edu/directory/people/mustakimur-r-khandaker,pEvjTs8AAAAJ,0000-0003-1854-3794
Mustapha Hedabou,Mohammed VI Polytechnic University,https://cc.um6p.ma/people/Mustapha.HEDABOU,E-YKy3AAAAAJ,0000-0000-0000-0000
Mustaqeem Khan 0001,UAEU,https://www.uaeu.ac.ae/en/cit/profile.shtml?email=mustaqeem.k@uaeu.ac.ae,7s2YR-AAAAAJ,0000-0000-0000-0000
Mustaque Ahamad,Georgia Institute of Technology,http://www.cc.gatech.edu/~mustaq,xkCYK58AAAAJ,0000-0002-7955-5126
Musti Narasimha Murty,IISc Bangalore,http://www.csa.iisc.ac.in/~mnm,VQZTmpcAAAAJ,0000-0000-0000-0000
Muthucumaru Maheswaran,McGill University,http://www.cs.mcgill.ca/~maheswar,1qbLa7YAAAAJ,0000-0000-0000-0000
Muthuramakrishnan Venkitasubramaniam,Georgetown University,https://muthu.georgetown.domains,VYBH2BsAAAAJ,0000-0001-9765-7911
Muyinatu A. Lediju Bell,Johns Hopkins University,https://pulselab.jhu.edu,Yjm8HO4AAAAJ,0000-0000-0000-0000
Muyun Yang,Harbin Institute of Technology,http://mitlab.hit.edu.cn/2018/0608/c9183a210161/page.htm,-eepG9kAAAAJ,0000-0002-5940-0266
My T. Thai,University of Florida,http://www.cise.ufl.edu/~mythai,zLLJimcAAAAJ,0000-0000-0000-0000
My Tra Thai,University of Florida,http://www.cise.ufl.edu/~mythai,zLLJimcAAAAJ,0000-0000-0000-0000
Myeongjae Jeon,POSTECH,https://sites.google.com/site/myeongjae,q942rJgAAAAJ,0000-0002-0748-6627
Mykola Pechenizkiy,TU Eindhoven,http://www.win.tue.nl/~mpechen,F0uFT_kAAAAJ,0000-0003-4955-0743
Mylène C. Q. Farias,Texas State University,https://userweb.cs.txstate.edu/~mylene,3m4U2zkAAAAJ,0000-0000-0000-0000
Mylène Christine Queiroz de Farias,Texas State University,https://userweb.cs.txstate.edu/~mylene,3m4U2zkAAAAJ,0000-0000-0000-0000
Myotaeg Lim,Korea University,http://cml.korea.ac.kr,scecuqcAAAAJ,0000-0000-0000-0000
Myoung Ho Kim,KAIST,http://dbserver.kaist.ac.kr/~mhkim,B-NBZREAAAAJ,0000-0000-0000-0000
Myounggyu Won,University of Memphis,https://www.cs.memphis.edu/~mwon1,XCEYO_kAAAAJ,0000-0002-8703-8188
Myounghoon Jeon,Virginia Tech,https://www.ise.vt.edu/people/faculty/jeon.html,nSkz6JcAAAAJ,0000-0000-0000-0000
Myounghoon Philart Jeon,Virginia Tech,https://www.ise.vt.edu/people/faculty/jeon.html,nSkz6JcAAAAJ,0000-0000-0000-0000
Myoungkyu Song,University of Nebraska - Omaha,https://www.unomaha.edu/college-of-information-science-and-technology/about/faculty-staff/myoungkyu-song.php,NOSCHOLARPAGE,0000-0000-0000-0000
Myoungsoo Jung,KAIST,http://camelab.org,sbWjyP4AAAAJ,0000-0002-9832-5801
Myra B. Cohen,Iowa State University,https://www.cs.iastate.edu/people/myra-cohen,i_XdxLcAAAAJ,0000-0003-2443-2425
Myra S. Wilson,Aberystwyth University,https://www.aber.ac.uk/en/cs/staff-profiles/listing/profile/mxw,NOSCHOLARPAGE,0000-0000-0000-0000
Myra Spiliopoulou,University of Magdeburg,http://www.kmd.ovgu.de,3r6LmdAAAAAJ,0000-0000-0000-0000
Myrthe L. Tielman,TU Delft,https://www.tudelft.nl/ewi/over-de-faculteit/afdelingen/intelligent-systems/interactive-intelligence/people/current-group-members/myrthe-tielman,Kdq9EQwAAAAJ,0000-0000-0000-0000
Myrthe Tielman,TU Delft,https://www.tudelft.nl/ewi/over-de-faculteit/afdelingen/intelligent-systems/interactive-intelligence/people/current-group-members/myrthe-tielman,Kdq9EQwAAAAJ,0000-0000-0000-0000
Myrto Arapinis,University of Edinburgh,https://www.inf.ed.ac.uk/people/staff/Myrto_Arapinis.html,1GaX8xQAAAAJ,0009-0007-1757-1423
Mythili Vutukuru,IIT Bombay,https://www.cse.iitb.ac.in/~mythili,-OpGJpYAAAAJ,0000-0000-0000-0000
Myung J. Lee,CUNY,https://www.ccny.cuny.edu/profiles/myung-lee,8JJp_KEAAAAJ,0000-0000-0000-0000
Myung Jong Lee,CUNY,https://www.ccny.cuny.edu/profiles/myung-lee,8JJp_KEAAAAJ,0000-0000-0000-0000
Myung-Soo Kim,Seoul National University,http://3map.snu.ac.kr/mskim,F7VO16YAAAAJ,0000-0003-4755-5727
Myungchul Kim,KAIST,http://winslab.kaist.ac.kr/member/member.html,G7ez9RYAAAAJ,0000-0000-0000-0000
Myunghee Cho Paik,Seoul National University,https://mcpstat.github.io,ww1zLWEAAAAJ,0000-0000-0000-0000
Myungjoo Kang,Seoul National University,https://www.ncia.snu.ac.kr/general-5-1,NOSCHOLARPAGE,0000-0000-0000-0000
Myungsuk Kim,Kyungpook National University,https://sites.google.com/view/mecca-knu/home,t8rDZY0AAAAJ,0000-0002-8667-3198
Máire McLoone,Queen's University Belfast,https://www.qub.ac.uk/schools/eeecs/Connect/Staff/BusinessCard/?name=m.oneill,NOSCHOLARPAGE,0000-0000-0000-0000
Máire O'Neill,Queen's University Belfast,https://www.qub.ac.uk/schools/eeecs/Connect/Staff/BusinessCard/?name=m.oneill,NOSCHOLARPAGE,0000-0002-6865-6212
Márcia A. Fernandes,UFU,http://www.ppgco.facom.ufu.br/pt-br/pessoas/marcia-aparecida-fernandes,U_SI5mwAAAAJ,0000-0000-0000-0000
Márcia Aparecida Fernandes,UFU,http://www.ppgco.facom.ufu.br/pt-br/pessoas/marcia-aparecida-fernandes,U_SI5mwAAAAJ,0000-0000-0000-0000
Márcia R. Cerioli,UFRJ,http://www.cos.ufrj.br/~cerioli,GGOtBaoAAAAJ,0000-0000-0000-0000
Márcio Cornélio,UFPE,https://www.cin.ufpe.br/~mlc2,NOSCHOLARPAGE,0000-0000-0000-0000
Márcio Dorn,UFRGS,http://inf.ufrgs.br/~mdorn,gc0ljMIAAAAJ,0000-0001-8534-3480
Márcio E. Delamaro,USP-ICMC,http://conteudo.icmc.usp.br/pessoas/delamaro,htqWT0IAAAAJ,0000-0000-0000-0000
Márcio Eduardo Delamaro,USP-ICMC,http://conteudo.icmc.usp.br/pessoas/delamaro,htqWT0IAAAAJ,0000-0000-0000-0000
Márcio Lopes Cornélio,UFPE,https://www.cin.ufpe.br/~mlc2,NOSCHOLARPAGE,0000-0000-0000-0000
Márcio Sarroglia Pinho,PUC-RS,http://www.inf.pucrs.br/pinho,HOUAzukAAAAJ,0000-0002-8873-1005
Márcio de Carvalho,UFMG,http://homepages.dcc.ufmg.br/~mlbc,05AnG9wAAAAJ,0000-0000-0000-0000
Mária Bieliková,Kempelen Institute - KInIT,https://kinit.sk/member/maria-bielikova,wGB6dnEAAAAJ,0000-0000-0000-0000
Mária Lucká,Kempelen Institute - KInIT,https://kinit.sk/member/maria-lucka,1bQwDSgAAAAJ,0000-0000-0000-0000
Mário A. T. Figueiredo,Universidade de Lisboa,https://fenix.tecnico.ulisboa.pt/homepage/ist12403,S-pd0NwAAAAJ,0000-0000-0000-0000
Mário J. Silva,Universidade de Lisboa,http://lisboa.academia.edu/M%C3%A1rioJSilva,OVQ9WIAAAAAJ,0000-0002-5452-6185
Mário José Parreira,Universidade NOVA de Lisboa,https://mariojppereira.github.io,KBd-9yUAAAAJ,0000-0000-0000-0000
Mário Pereira,Universidade NOVA de Lisboa,https://mariojppereira.github.io,KBd-9yUAAAAJ,0000-0003-4234-5376
Mário Rui Gomes,Universidade de Lisboa,https://pt-pt.facebook.com/public/M%C3%A1rio-Rui-Gomes,SZ9r1FgAAAAJ,0000-0000-0000-0000
Mário S. Alvim,UFMG,http://homepages.dcc.ufmg.br/~msalvim,9r8YfCgAAAAJ,0000-0002-4196-7467
Mário Serafim Nunes,Universidade de Lisboa,https://fenix.tecnico.ulisboa.pt/homepage/ist11453,NOSCHOLARPAGE,0000-0000-0000-0000
Mário Serafim dos Santos Nunes,Universidade de Lisboa,https://fenix.tecnico.ulisboa.pt/homepage/ist11453,NOSCHOLARPAGE,0000-0000-0000-0000
Mário Sérgio Alvim,UFMG,http://homepages.dcc.ufmg.br/~msalvim,9r8YfCgAAAAJ,0000-0000-0000-0000
Márk Jelasity,University of Szeged,http://www.inf.u-szeged.hu/~jelasity,ScDJx68AAAAJ,0000-0001-9363-1482
Márton Karsai,Ecole Normale Superieure de Lyon,http://perso.ens-lyon.fr/marton.karsai/Marton_Karsai/main.html,Pl9cdEYAAAAJ,0000-0001-5382-8950
Máté Lengyel,University of Cambridge,https://www.eng.cam.ac.uk/profiles/ml468,WvgoL14AAAAJ,0000-0000-0000-0000
Mélanie Bouroche,Trinity College Dublin,https://www.scss.tcd.ie/Melanie.Bouroche,cuVe_vQAAAAJ,0000-0002-5039-0815
Mücahid Kutlu,TOBB ETÜ,https://www.etu.edu.tr/en/bolum/computer-engineering/akademik-kadro?l=1#mucahid-kutlu,9pxldM0AAAAJ,0000-0002-5660-4992
m. c. schraefel,University of Southampton,https://www.ecs.soton.ac.uk/people/sign,nAtF6UMAAAAJ,0000-0002-9061-7957
