name,affiliation,homepage,scholarid,orcid
L. C. Verbrugge,University of Groningen,http://www.ai.rug.nl/~rineke,p6lcxiMAAAAJ,0000-0000-0000-0000
L. Darrell Whitley,Colorado State University,http://www.cs.colostate.edu/~whitley,0VzUxIcAAAAJ,0000-0002-2752-6534
L. Gwenn Volkert,Kent State University,http://www.cs.kent.edu/~volkert,NOSCHOLARPAGE,0000-0000-0000-0000
L. Jean Camp,UNC - Charlotte,https://cci.charlotte.edu/people/linda-j-camp,wJPGa2IAAAAJ,0000-0001-8731-7884
L. Miguel Silveira,Universidade de Lisboa,http://algos.inesc-id.pt/~lms,NOSCHOLARPAGE,0000-0003-3542-229X
L. Ridgway Scott,University of Chicago,http://people.cs.uchicago.edu/~ridg,gBefoakAAAAJ,0000-0000-0000-0000
L. Sunil Chandran,IISc Bangalore,http://www.csa.iisc.ac.in/~sunil,020isz4AAAAJ,0000-0000-0000-0000
Lace M. K. Padilla,Northeastern University,http://www.lacepadilla.com,WqJQayQAAAAJ,0000-0001-9251-5279
Lachlan L. H. Andrew,University of Melbourne,https://findanexpert.unimelb.edu.au/profile/15524-lachlan-andrew,LvFKbc8AAAAJ,0000-0000-0000-0000
Laci Babai,University of Chicago,http://people.cs.uchicago.edu/~laci,KbVFiKYAAAAJ,0000-0000-0000-0000
Ladislau Bölöni,University of Central Florida,http://www.cs.ucf.edu/~lboloni,drG1_tsAAAAJ,0000-0000-0000-0000
Ladislav Kavan,University of Utah,https://www.cs.utah.edu/~ladislav,6YTlV5oAAAAJ,0000-0001-8549-0878
Laetitia Jourdan,CRIStAL,http://cristal.univ-lille.fr/~jourdan,HEUAUJkAAAAJ,0000-0000-0000-0000
Laetitia Vermeulen-Jourdan,CRIStAL,http://cristal.univ-lille.fr/~jourdan,HEUAUJkAAAAJ,0000-0000-0000-0000
Lahcen Ouarbya,Goldsmiths University of London,https://www.gold.ac.uk/computing/staff/l-ouarbya,NOSCHOLARPAGE,0009-0003-2700-1011
Lai-Wan Chan,Chinese University of Hong Kong,http://www.cse.cuhk.edu.hk/~lwchan,9z_5eo8AAAAJ,0000-0000-0000-0000
Laila Nassef,King Abdulaziz University,http://www.kau.edu.sa/Contacts.aspx?Site_ID=611&Lng=EN&Cont=17753,NOSCHOLARPAGE,0000-0001-9707-1259
Laiping Zhao,Tianjin University,http://clouduv.cn/index.html,l21cCTIAAAAJ,0000-0003-1967-2192
Laiwan Chan,Chinese University of Hong Kong,http://www.cse.cuhk.edu.hk/~lwchan,9z_5eo8AAAAJ,0000-0000-0000-0000
Laizhong Cui,Shenzhen University,http://csse.szu.edu.cn/staff/cuilz,cb8kYbUAAAAJ,0000-0003-1991-290X
Lajos Hanzo,University of Southampton,https://www.ecs.soton.ac.uk/people/hanzo,p0jnEW0AAAAJ,0000-0002-2636-5214
Laks V. S. Lakshmanan,University of British Columbia,https://www.cs.ubc.ca/~laks,_RCsaOsAAAAJ,0000-0002-9775-4241
Lakshmi Subramanian,New York University,https://cs.nyu.edu/~lakshmi/Lakshmi/Home.html,sNeVyqoAAAAJ,0000-0001-8101-1243
Lakshminarayanan Subramanian,New York University,https://cs.nyu.edu/~lakshmi/Lakshmi/Home.html,sNeVyqoAAAAJ,0000-0001-8101-1243
Lakshmish Ramaswamy,University of Georgia,http://cobweb.cs.uga.edu/~laks,I6RpLrkAAAAJ,0000-0002-4567-4186
Lale Akarun,Boğaziçi University,https://www.cmpe.boun.edu.tr/~akarun/doku.php,MybhMyUAAAAJ,0000-0002-8813-8084
Lale Özkahya,Hacettepe University,https://web.cs.hacettepe.edu.tr/~ozkahya,1GKiDzwAAAAJ,0000-0000-0000-0000
Lam For Kwok,City University of Hong Kong,https://www.cs.cityu.edu.hk/~lfkwok,NOSCHOLARPAGE,0000-0001-8208-9659
Lam-for Kwok,City University of Hong Kong,https://www.cs.cityu.edu.hk/~lfkwok,NOSCHOLARPAGE,0000-0001-8208-9659
Lamberto Ballan,University of Padova,https://www.math.unipd.it/~ballan,JUcVsxQAAAAJ,0000-0003-0819-851X
Lambros Lambrinos,Cyprus University of Technology,https://www.cut.ac.cy/faculties/comm/cis/staff/lambros.lambrinos/?languageId=1,NOSCHOLARPAGE,0000-0002-6810-1479
Lamiaa A. Elrefaei,King Abdulaziz University,http://www.kau.edu.sa/Contacts.aspx?Site_ID=611&Lng=EN&Cont=17754,lhzoMp8AAAAJ,0000-0000-0000-0000
Lamiae Azizi,Mohammed VI Polytechnic University,https://cc.um6p.ma/people/Lamiae.AZIZI,fThAv-cAAAAJ,0000-0000-0000-0000
Lamya F. Daghestani,King Abdulaziz University,http://www.kau.edu.sa/Contacts.aspx?Site_ID=611&Lng=EN&Cont=8941,dIUKgS4AAAAJ,0000-0000-0000-0000
Lan Du 0002,Monash University,https://research.monash.edu/en/persons/lan-du,HtiTsgwAAAAJ,0000-0002-9925-0223
Lan Wang,University of Memphis,https://www.memphis.edu/cs/people/faculty_pages/lan-wang.php,o_hq28oAAAAJ,0000-0002-7341-4904
Lan Xu,ShanghaiTech University,http://xu-lan.com,aPS5pJkAAAAJ,0000-0000-0000-0000
Lan Zhang 0002,USTC,http://cs.ustc.edu.cn/2016/0923/c3050a23918/page.htm,83QxmA8AAAAJ,0000-0003-1004-8588
Lan-Da Van,National Chiao Tung University,http://www.cs.nctu.edu.tw/~ldvan,qbTpOVsAAAAJ,0000-0001-5673-1193
Lan-Zhe Guo,Nanjing University,https://www.lamda.nju.edu.cn/guolz,dpunvqgAAAAJ,0000-0001-8965-1288
Lana Yarosh,University of Minnesota,http://lanayarosh.com,n6bjh24AAAAJ,0000-0001-8389-2064
Lance Fortnow,Illinois Institute of Technology,http://www.cc.gatech.edu/people/lance-fortnow,Yf5wVssAAAAJ,0000-0000-0000-0000
Lance R. Williams,University of New Mexico,https://www.cs.unm.edu/~williams,OJBW1aUAAAAJ,0009-0006-5733-5495
Lance Williams,University of New Mexico,https://www.cs.unm.edu/~williams,OJBW1aUAAAAJ,0009-0006-5733-5495
Lane A. Hemachandra,University of Rochester,http://www.cs.rochester.edu/~lane,_LsUHeoAAAAJ,0000-0003-0659-5204
Lane A. Hemaspaandra,University of Rochester,http://www.cs.rochester.edu/~lane,_LsUHeoAAAAJ,0000-0003-0659-5204
Lane Harrison,Worcester Polytechnic Institute,http://web.cs.wpi.edu/~ltharrison,0RPdShUAAAAJ,0000-0003-3029-2799
Lane P. Hughston,Goldsmiths University of London,https://www.gold.ac.uk/computing/people/hughston-lane,ASy_EF4AAAAJ,0000-0000-0000-0000
Lane T. Harrison,Worcester Polytechnic Institute,http://web.cs.wpi.edu/~ltharrison,0RPdShUAAAAJ,0000-0003-3029-2799
Langis Roy,Ontario Tech University,https://engineering.ontariotechu.ca/people/ecse/langis.roy.php,NOSCHOLARPAGE,0000-0000-0000-0000
Lannan Luo,George Mason University,https://lannan.github.io,JPXjw04AAAAJ,0000-0003-2476-7831
Lanshun Nie,Harbin Institute of Technology,http://homepage.hit.edu.cn/lanshun,NOSCHOLARPAGE,0000-0003-2079-1252
Lantao Liu,Indiana University,http://homes.sice.indiana.edu/lantao,L5dHk5cAAAAJ,0000-0000-0000-0000
Lap Chi Lau,University of Waterloo,https://cs.uwaterloo.ca/~lapchi,umOOMzsAAAAJ,0000-0000-0000-0000
Lap-Fai Craig Yu,George Mason University,https://craigyuyu.github.io/home,p_Un9ssAAAAJ,0000-0000-0000-0000
Lap-Fai Yu,George Mason University,https://craigyuyu.github.io/home,p_Un9ssAAAAJ,0000-0002-2656-5654
Lara Jean Martin,Univ. of Maryland - Baltimore County,https://laramartin.net,YjiWURYAAAAJ,0000-0000-0000-0000
Larisa N. Soldatova,Goldsmiths University of London,https://www.gold.ac.uk/computing/people/soldatova-larisa,wUFUS-oAAAAJ,0000-0001-6489-3029
Larissa A. Meinicke,University of Queensland,http://researchers.uq.edu.au/researcher/644,oMK7xR4AAAAJ,0000-0000-0000-0000
Larissa Meinicke,University of Queensland,http://researchers.uq.edu.au/researcher/644,oMK7xR4AAAAJ,0000-0002-5272-820X
Larry A. Wasserman,Carnegie Mellon University,http://www.stat.cmu.edu/~larry,XcD1ffwAAAAJ,0000-0000-0000-0000
Larry B. Holder,Washington State University,http://www.eecs.wsu.edu/~holder,SjPX43QAAAAJ,0000-0000-0000-0000
Larry Birnbaum,Northwestern University,http://www.mccormick.northwestern.edu/research-faculty/directory/profiles/birnbaum-larry.html,vxmUoXEAAAAJ,0000-0002-9315-2796
Larry Cheng,Oregon State University,http://eecs.oregonstate.edu/people/cheng-larry,lhw-EFMAAAAJ,0000-0000-0000-0000
Larry F. Hodges,Clemson University,http://people.clemson.edu/~lfh,plbm7ncAAAAJ,0000-0000-0000-0000
Larry Heck,Georgia Institute of Technology,https://ece.gatech.edu/directory/larry-p-heck,33ZWJmEAAAAJ,0000-0003-3358-6362
Larry Hill,Rochester Inst. of Technology,https://www.rit.edu/gccis/larry-hill,NOSCHOLARPAGE,0000-0000-0000-0000
Larry Holder,Washington State University,http://www.eecs.wsu.edu/~holder,SjPX43QAAAAJ,0000-0000-0000-0000
Larry L. Peterson,University of Arizona,https://www.cs.arizona.edu/~llp,hmq4rGIAAAAJ,0000-0000-0000-0000
Larry Latour,University of Maine,https://umaine.edu/cs,NOSCHOLARPAGE,0000-0000-0000-0000
Larry P. Heck,Georgia Institute of Technology,https://larryheck.github.io,33ZWJmEAAAAJ,0000-0000-0000-0000
Larry Stillman,Monash University,http://monash.edu/research/explore/en/persons/larry-stillman(0e852ee0-bced-4b17-ba84-8b5defb30293).html,2J5mNZ0AAAAJ,0000-0001-6886-1593
Lars Ailo Bongo,UiT The Arctic Univ. of Norway,https://uit.no/ansatte/lars.ailo.bongo,erl1NJcAAAAJ,0000-0000-0000-0000
Lars Bengtsson,Chalmers/GU,https://www.chalmers.se/en/staff/Pages/labe.aspx,NOSCHOLARPAGE,0000-0000-0000-0000
Lars Birkedal,Aarhus University,http://cs.au.dk/~birke,1rW-bi0AAAAJ,0000-0003-1320-0098
Lars C. Wolf,TU Braunschweig,https://www.ibr.cs.tu-bs.de/users/wolf,XCvtyc4AAAAJ,0000-0000-0000-0000
Lars Christian Wolf,TU Braunschweig,https://www.ibr.cs.tu-bs.de/users/wolf,XCvtyc4AAAAJ,0000-0000-0000-0000
Lars Grunske,Humboldt University of Berlin,http://www.informatik.hu-berlin.de/de/forschung/gebiete/SE,tXYPtDgAAAAJ,0000-0002-8747-3745
Lars Hedrich,Goethe University Frankfurt,http://www.em.cs.uni-frankfurt.de/index.php?id=24&team=2&cHash=59b36835fc4a27500f786c83279706c0,NOSCHOLARPAGE,0000-0002-4189-5360
Lars J. Svensson,Chalmers/GU,https://www.chalmers.se/en/staff/Pages/lars-svensson.aspx,NOSCHOLARPAGE,0000-0000-0000-0000
Lars Kai Hansen,DTU,https://www.compute.dtu.dk/english,NOSCHOLARPAGE,0000-0003-0442-5877
Lars Kulik,University of Melbourne,http://www.findanexpert.unimelb.edu.au/display/person97563,3kVu88AAAAAJ,0000-0003-3357-736X
Lars Lindemann,ETH Zurich,https://sites.google.com/view/larslindemann,AkVKyzkAAAAJ,0000-0003-3430-6625
Lars Linsen,University of Münster,https://www.uni-muenster.de/VISIX/linsen.shtml,3YRfrpsAAAAJ,0000-0002-6168-8748
Lars Mikelsons,University of Augsburg,https://www.informatik.uni-augsburg.de/lehrstuehle/imech/Team,NOSCHOLARPAGE,0000-0000-0000-0000
Lars Nagel 0001,Loughborough University,https://www.lboro.ac.uk/departments/compsci/staff/academic-teaching/lars-nagel,9z7L6NQAAAAJ,0000-0002-1444-9541
Lars Oestreicher,Uppsala University,https://katalog.uu.se/empinfo/?id=XX3662,PBwBAzQAAAAJ,0000-0000-0000-0000
Lars R. Knudsen,DTU,https://www.compute.dtu.dk/english,NOSCHOLARPAGE,0000-0003-3057-9327
Lars Ramkilde Knudsen,DTU,https://www.compute.dtu.dk/english,NOSCHOLARPAGE,0000-0000-0000-0000
Lars Rune Christensen,IT University of Copenhagen,https://pure.itu.dk/portal/en/persons/lars-rune-christensen(92f6c3f3-0ad2-40fc-b278-69170f87567d).html,JZ1V3H0AAAAJ,0000-0001-7204-465X
Lars Ruthotto,Emory University,https://www.math.emory.edu/~lruthot,EaBF6r0AAAAJ,0000-0003-0803-3299
Lars Schmidt-Thieme,University of Hildesheim,https://www.ismll.uni-hildesheim.de/personen/lst.html,l3taTdYAAAAJ,0000-0001-5729-6023
Lars-Henrik Eriksson,Uppsala University,http://www.it.uu.se/katalog/lhe,95JnemoAAAAJ,0000-0002-7137-7716
Lars-Åke Norden,Uppsala University,http://www.it.uu.se/katalog/lln,bW_EJ8cAAAAJ,0000-0000-0000-0000
Lasse Engbo Christiansen,DTU,https://www.compute.dtu.dk/english,NOSCHOLARPAGE,0000-0000-0000-0000
Lasse Natvig,NTNU,https://www.ntnu.edu/employees/lasse.natvig,21EFqlYAAAAJ,0000-0000-0000-0000
Lassi Paunonen,Tampere University,https://www.tuni.fi/en/lassi-paunonen,ZNQtHXIAAAAJ,0000-0001-6497-4718
Lata Narayanan,Concordia University,http://www.cs.concordia.ca/~lata,sY3us-kAAAAJ,0000-0002-3875-0371
Latifur Khan,University of Texas at Dallas,https://www.utdallas.edu/~lkhan,7nERaWEAAAAJ,0000-0002-9300-1576
Latifur R. Khan,University of Texas at Dallas,https://www.utdallas.edu/~lkhan,7nERaWEAAAAJ,0000-0000-0000-0000
Lauge Sørensen,University of Copenhagen,http://image.diku.dk/lauges,ZWZ0yiEAAAAJ,0000-0000-0000-0000
Laura A. Dabbish,Carnegie Mellon University,http://www.lauradabbish.com,DdNAgNwAAAAJ,0000-0001-9489-4188
Laura Alonso Alemany,Universidad Nacional de Córdoba,https://cs.famaf.unc.edu.ar/~laura,ZhbejRkAAAAJ,0000-0001-6283-6266
Laura Balzano,University of Michigan,https://web.eecs.umich.edu/~girasole,X6fRNfUAAAAJ,0000-0003-2914-123X
Laura Bocchi,University of Kent,https://www.cs.kent.ac.uk/people/staff/lb514,R_QSej4AAAAJ,0000-0002-7177-9395
Laura Brandán Briones,Universidad Nacional de Córdoba,https://www.famaf.unc.edu.ar/archivo/perfiles/lbrandan,NOSCHOLARPAGE,0000-0000-0000-0000
Laura Dabbish,Carnegie Mellon University,http://www.lauradabbish.com,DdNAgNwAAAAJ,0000-0001-9489-4188
Laura Devendorf,University of Colorado Boulder,http://artfordorks.com,fre2wIQAAAAJ,0000-0002-3656-7936
Laura Dietz,University of New Hampshire,http://www.cs.unh.edu/~dietz,IIXpJ8oAAAAJ,0000-0003-1624-3907
Laura Diosan,Babeș-Bolyai University,http://www.cs.ubbcluj.ro/~lauras,vkTFEd4AAAAJ,0000-0002-6339-1622
Laura E. Brown,Michigan Technological University,http://www.cs.mtu.edu/~lebrown,fi756TwAAAAJ,0000-0000-0000-0000
Laura Edelson,Northeastern University,https://lauraedelson.com,5-5-AqcAAAAJ,0000-0003-4988-6810
Laura Galli,University of Pisa,http://www.di.unipi.it/~galli,55RZxbQAAAAJ,0000-0000-0000-0000
Laura Hollink,CWI,http://homepages.cwi.nl/~hollink,T6b4scsAAAAJ,0000-0002-6865-0021
Laura Ildikó Kovács,TU Wien,https://forsyte.at/people/kovacs,X4K5SpIAAAAJ,0000-0000-0000-0000
Laura J. Brattain,University of Central Florida,https://www.cs.ucf.edu/person/laura-brattain,QIegbakAAAAJ,0000-0000-0000-0000
Laura K. Dillon,Michigan State University,http://www.cse.msu.edu/~ldillon,NOSCHOLARPAGE,0000-0000-0000-0000
Laura Koesten,MBZUAI,https://mbzuai.ac.ae/study/faculty/laura-koesten,REX4hmkAAAAJ,0000-0003-4110-1759
Laura Kovács,TU Wien,https://forsyte.at/people/kovacs,X4K5SpIAAAAJ,0000-0002-8299-2714
Laura Leal-Taixé,TU Munich,https://dvl.in.tum.de/team/lealtaixe,tT2TC-UAAAAJ,0000-0001-8709-1133
Laura M. Castro,University of A Coruña,http://www.madsgroup.org/staff/laura,uWBv3OMAAAAJ,0000-0000-0000-0000
Laura M. Haas,Univ. of Massachusetts Amherst,https://www.cics.umass.edu/about/directory/laura-haas,e9qUUSgAAAAJ,0000-0000-0000-0000
Laura M. Koesten,MBZUAI,https://mbzuai.ac.ae/study/faculty/laura-koesten,REX4hmkAAAAJ,0000-0003-4110-1759
Laura M. Stanley,Montana State University,http://www.cs.montana.edu/directory/1524633/laura-stanley,eUFHwysAAAAJ,0000-0000-0000-0000
Laura Mancinska,University of Copenhagen,https://www.math.ku.dk/english/staff/?pure=en/persons/604782,6hjdwrsAAAAJ,0000-0001-9727-4961
Laura Moran-Fernandez,University of A Coruña,https://pdi.udc.es/en/File/Pdi/B439H,QmrFgeYAAAAJ,0000-0000-0000-0000
Laura Morán-Fernández,University of A Coruña,https://pdi.udc.es/en/File/Pdi/B439H,QmrFgeYAAAAJ,0000-0000-0000-0000
Laura Po,Univ. of Modena and Reggio Emilia,https://personale.unimore.it/rubrica/dettaglio/laurapo,zpBeoc8AAAAJ,0000-0002-3345-176X
Laura Pozzi 0001,Università della Svizzera italiana,http://www.inf.usi.ch/faculty/pozzi,q59L86wAAAAJ,0000-0003-1083-8782
Laura Ricci,University of Pisa,http://www.di.unipi.it/~ricci,ODbzAR4AAAAJ,0000-0002-8179-8215
Laura Ruotsalainen,University of Helsinki,https://researchportal.helsinki.fi/en/persons/laura-ruotsalainen,oKWnTMgAAAAJ,0000-0002-4057-4143
Laura Sanità,Bocconi University,https://laurasanita.github.io,odfHRTcAAAAJ,0000-0000-0000-0000
Laura Semini,University of Pisa,http://www.di.unipi.it/~semini,NOSCHOLARPAGE,0000-0000-0000-0000
Laura Sevilla-Lara,University of Edinburgh,http://www.inf.ed.ac.uk/people/staff/Laura_Sevilla-Lara.html,bel5BBcAAAAJ,0000-0001-8276-0094
Laura Sánchez García,UFPR,https://www.inf.ufpr.br/laura,HJT0JpwAAAAJ,0000-0000-0000-0000
Laura Waller,Univ. of California - Berkeley,https://www2.eecs.berkeley.edu/Faculty/Homepages/waller.html,aPxDp7wAAAAJ,0000-0003-1243-2356
Laura-Silvia Diosan,Babeș-Bolyai University,http://www.cs.ubbcluj.ro/~lauras,vkTFEd4AAAAJ,0000-0000-0000-0000
Laure Daviaud,Ecole Normale Superieure de Lyon,http://perso.ens-lyon.fr/laure.daviaud,566YXhkAAAAJ,0000-0002-9220-7118
Laure Gonnord,Ecole Normale Superieure de Lyon,http://laure.gonnord.org/pro,DmA3SakAAAAJ,0000-0002-8013-1611
Laurel D. Riek,Univ. of California - San Diego,https://cseweb.ucsd.edu/~lriek,W6zy3tkAAAAJ,0000-0001-7906-6691
Laurel Dawn Riek,Univ. of California - San Diego,https://cseweb.ucsd.edu/~lriek,W6zy3tkAAAAJ,0000-0000-0000-0000
Lauren Pick,Chinese University of Hong Kong,https://lmpick.github.io,M42jRkMAAAAJ,0000-0003-1605-5383
Laurence Aitchison,University of Bristol,http://www.gatsby.ucl.ac.uk/~laurence,DF9khKUAAAAJ,0000-0000-0000-0000
Laurence Anthony F. Park,Western Sydney University,https://www.westernsydney.edu.au/staff_profiles/WSU/associate_professor_laurence_park,W9VGXw4AAAAJ,0000-0000-0000-0000
Laurence Capus,Université Laval,http://www2.ift.ulaval.ca/~capus,NOSCHOLARPAGE,0009-0002-3372-0023
Laurence D. Merkle,Air Force Inst. of Technology,http://afit.academia.edu/xphileprof,NOSCHOLARPAGE,0000-0002-6108-0345
Laurence Dooley,Open University UK,http://stem.open.ac.uk/people/lsd3#tab2,NOSCHOLARPAGE,0000-0000-0000-0000
Laurence Duchien,CRIStAL,http://chercheurs.lille.inria.fr/~duchien,wwofzdYAAAAJ,0000-0000-0000-0000
Laurence Robert Tratt,King's College London,https://www.kcl.ac.uk/people/laurence-tratt,_iWWkmIAAAAJ,0000-0000-0000-0000
Laurence Rodrigues do Amaral,UFU,http://www.ppgco.facom.ufu.br/pt-br/pessoas/laurence-rodrigues-amaral,vT0a-8sAAAAJ,0000-0000-0000-0000
Laurence S. Dooley,Open University UK,http://stem.open.ac.uk/people/lsd3#tab2,NOSCHOLARPAGE,0000-0000-0000-0000
Laurence T. Yang,HUST,http://faculty.hust.edu.cn/yangtianruo/en/index.htm,a39Yz5cAAAAJ,0000-0002-7986-4244
Laurence Tianruo Yang,HUST,http://faculty.hust.edu.cn/yangtianruo/en/index.htm,a39Yz5cAAAAJ,0000-0002-7986-4244
Laurence Tratt,King's College London,https://www.kcl.ac.uk/people/laurence-tratt,_iWWkmIAAAAJ,0000-0002-5258-3805
Laurens Boer,IT University of Copenhagen,https://pure.itu.dk/portal/en/persons/laurens-boer(25a5a0d6-404b-419c-9502-b246525617a2).html,XssDfsgAAAAJ,0000-0001-9723-5516
Laurent D. Michel,University of Connecticut,http://www.engr.uconn.edu/~ldm,njNdGR0AAAAJ,0000-0000-0000-0000
Laurent Donzé,University of Fribourg,https://www.unifr.ch/inf/en/all/people/16989/506a1,ydkJn-4AAAAJ,0000-0003-3522-4672
Laurent Doyen 0001,Ecole Normale Superieure de Cachan,http://www.lsv.ens-cachan.fr/~doyen/publications.html,t77pcVUAAAAJ,0000-0000-0000-0000
Laurent El Ghaoui,VinUniversity,https://vinuni.edu.vn/people/laurent-el-ghaoui-phd-2,3XLQbL8AAAAJ,0000-0000-0000-0000
Laurent Fribourg,Ecole Normale Superieure de Cachan,http://www.lsv.ens-cachan.fr/~fribourg,ivNbnaYAAAAJ,0000-0000-0000-0000
Laurent Gourvès,Université Paris Dauphine,https://www.lamsade.dauphine.fr/~gourves,NOSCHOLARPAGE,0000-0000-0000-0000
Laurent Grisoni,CRIStAL,https://www.cristal.univ-lille.fr/profil/grisoni,38F4-JIAAAAJ,0000-0002-5897-5957
Laurent Hébert-Dufresne,University of Vermont,http://www.uvm.edu/cems/cs/profiles/laurent-hebert-dufresne,LdkfcuwAAAAJ,0000-0000-0000-0000
Laurent Itti,University of Southern California,http://ilab.usc.edu/itti,xhUvqK8AAAAJ,0000-0002-0168-2977
Laurent Kneip,ShanghaiTech University,https://laurentkneip.com,lTmh1e0AAAAJ,0000-0001-6727-6608
Laurent Lefèvre,Ecole Normale Superieure de Lyon,http://perso.ens-lyon.fr/laurent.lefevre,c7L9_mcAAAAJ,0000-0000-0000-0000
Laurent Lessard,Northeastern University,http://www.laurentlessard.com,5PBPqeQAAAAJ,0000-0001-5389-9361
Laurent Michel,University of Connecticut,http://www.engr.uconn.edu/~ldm,njNdGR0AAAAJ,0000-0001-7230-7130
Laurent Noé,CRIStAL,https://www.cristal.univ-lille.fr/profil/noe,PtgUoRIAAAAJ,0000-0002-1170-8376
Laurent Thévenoux,Ecole Normale Superieure de Lyon,http://www.ens-lyon.fr/annuaire/m-thevenoux-laurent-261284.kjsp?RH=ENS-LYON,NOSCHOLARPAGE,0000-0000-0000-0000
Laurent Vanbever,ETH Zurich,https://nsg.ee.ethz.ch/people/laurent-vanbever,uyCsSAEAAAAJ,0000-0003-1455-4381
Laurent Younes,Johns Hopkins University,https://www.cis.jhu.edu/~younes,FPCU9lYAAAAJ,0000-0003-2017-9565
Laurenz Wiskott,Ruhr-University Bochum,https://www.ini.rub.de/PEOPLE/wiskott,Uk8Le0YAAAAJ,0000-0001-6237-740X
Lauri Hella,Tampere University,https://www.tuni.fi/en/lauri-hella,AT-K5EAAAAAJ,0000-0002-9117-8124
Lauri Malmi,Aalto University,http://www.cs.hut.fi/~lma,uKJ_WV4AAAAJ,0000-0003-1064-796X
Lauri Savioja,Aalto University,https://mediatech.aalto.fi/~las,wTfO6z0AAAAJ,0000-0000-0000-0000
Laurie A. Williams,North Carolina State University,http://collaboration.csc.ncsu.edu/laurie,Cln2viUAAAAJ,0000-0003-3300-6540
Laurie P. Dringus,Nova Southeastern University,https://cec.nova.edu/faculty/dringus.html,NOSCHOLARPAGE,0000-0000-0000-0000
Laurie Williams,North Carolina State University,http://collaboration.csc.ncsu.edu/laurie,Cln2viUAAAAJ,0000-0003-3300-6540
Lauritz Thamsen,University of Glasgow,https://www.gla.ac.uk/schools/computing/staff/lauritzthamsen,yOXcVswAAAAJ,0000-0003-3755-1503
Lav R. Varshney,Stony Brook University,https://ai.stonybrook.edu/people/faculty/lav-r-varshney,JIJGu30AAAAJ,0000-0003-2798-5308
Lavika Goel,BITS Pilani,http://www.bits-pilani.ac.in/pilani/lavikagoel/profile,S9hsnNoAAAAJ,0000-0000-0000-0000
Lawqueen Kanesh,IIT Jodhpur,https://sites.google.com/view/lawqueenkanesh/home,WD1JUOEAAAAJ,0000-0000-0000-0000
Lawrence B. Holder,Washington State University,http://www.eecs.wsu.edu/~holder,SjPX43QAAAAJ,0000-0000-0000-0000
Lawrence Birnbaum,Northwestern University,http://www.mccormick.northwestern.edu/research-faculty/directory/profiles/birnbaum-larry.html,vxmUoXEAAAAJ,0000-0000-0000-0000
Lawrence Carin,Duke University,https://ece.duke.edu/people/lawrence-carin,yuxwFscAAAAJ,0000-0001-6277-7948
Lawrence Cavedon,RMIT University,https://www.rmit.edu.au/contact/staff-contacts/academic-staff/c/cavedon-associate-professor-lawrence,ZAEiiEUAAAAJ,0000-0001-7464-857X
Lawrence Chung,University of Texas at Dallas,http://www.utdallas.edu/~chung,pFRPgsIAAAAJ,0000-0000-0000-0000
Lawrence E. Hunter,University of Colorado Boulder,https://www.colorado.edu/cs/lawrence-hunter,58cKLg4AAAAJ,0000-0000-0000-0000
Lawrence H. Kim,Simon Fraser University,https://www.lhkim.com,J1S9wLUAAAAJ,0000-0003-1278-5688
Lawrence Holder,Washington State University,http://www.eecs.wsu.edu/~holder,SjPX43QAAAAJ,0000-0002-6586-3144
Lawrence Hunter,University of Colorado Boulder,https://www.colorado.edu/cs/lawrence-hunter,58cKLg4AAAAJ,0000-0003-1455-3370
Lawrence J. Cavedon,RMIT University,https://www.rmit.edu.au/contact/staff-contacts/academic-staff/c/cavedon-associate-professor-lawrence,ZAEiiEUAAAAJ,0000-0000-0000-0000
Lawrence L. Larmore,University of Nevada Las Vegas,http://web.cs.unlv.edu/larmore,_mRgp6cAAAAJ,0000-0000-0000-0000
Lawrence Mitchell,Durham University,https://www.dur.ac.uk/computer.science/staff/profile/?id=17243,GfzjtHEAAAAJ,0000-0001-8062-1453
Lawrence Rauchwerger,Univ. of Illinois at Urbana-Champaign,https://parasollab.web.illinois.edu/people/rwerger,ronge0AAAAAJ,0000-0002-1545-4991
Lawrence S. Moss,Indiana University,https://iulg.sitehost.iu.edu/moss,9XDfKqYAAAAJ,0000-0000-0000-0000
Lawson L. S. Wong,Northeastern University,http://www.ccs.neu.edu/home/lsw,MbDzOP0AAAAJ,0000-0000-0000-0000
Laxman Dhulipala,Univ. of Maryland - College Park,https://www.umiacs.umd.edu/people/laxman,TJSHa2IAAAAJ,0000-0003-0685-064X
Laxmi P. Gewali,University of Nevada Las Vegas,http://www.egr.unlv.edu/~laxmi,NOSCHOLARPAGE,0000-0000-0000-0000
Laxminarayana S. Pillutla,DAIICT,http://intranet.daiict.ac.in/~laxminarayana_pillutla,_0RzZvAAAAAJ,0000-0000-0000-0000
Layne T. Watson,Virginia Tech,http://people.cs.vt.edu/~ltw/shortvita.html,NOSCHOLARPAGE,0000-0000-0000-0000
Lazaros F. Merakos,University of Athens,http://cnl.di.uoa.gr/merakos,H5xlwE4AAAAJ,0000-0003-4822-2393
Le Gruenwald,University of Oklahoma,https://cs.ou.edu/~database/faculty,MTdLuRsAAAAJ,0000-0000-0000-0000
Le Guan,University of Georgia,https://guanle.org,gz-6ugcAAAAJ,0000-0000-0000-0000
Le Song,MBZUAI,http://www.cc.gatech.edu/~lsong,Xl4E0CsAAAAJ,0000-0002-9655-2787
Le Sun 0001,Chinese Academy of Sciences,http://www.icip.org.cn/team/sunle,6bFNhtwAAAAJ,0000-0000-0000-0000
Le Zhang 0004,Sichuan University,http://120.78.69.27/zhangle/index.html,NOSCHOLARPAGE,0000-0002-3708-1727
Lea Frermann,University of Melbourne,http://www.frermann.de,y3l6y4IAAAAJ,0000-0002-9712-1188
Lea Schönherr,CISPA Helmholtz Center,https://leaschoenherr.me,DtLfiGoAAAAJ,0000-0003-3779-7781
Leah Findlater,University of Washington,http://faculty.washington.edu/leahkf,NeDnx2EAAAAJ,0000-0002-5619-4452
Leana Golubchik,University of Southern California,http://bourbon.usc.edu/leana,2gpXz3IAAAAJ,0000-0000-0000-0000
Leandro A. F. Fernandes,UFF,http://www2.ic.uff.br/~laffernandes,4OcyYJ4AAAAJ,0000-0001-8491-793X
Leandro A. Villas,UNICAMP,http://www.ic.unicamp.br/~leandro,7ZTnzxQAAAAJ,0000-0000-0000-0000
Leandro Aparecido Villas,UNICAMP,http://www.ic.unicamp.br/~leandro,7ZTnzxQAAAAJ,0000-0000-0000-0000
Leandro Augusto Frata Fernandes,UFF,http://www2.ic.uff.br/~laffernandes,4OcyYJ4AAAAJ,0000-0000-0000-0000
Leandro Krug Wives,UFRGS,http://www.inf.ufrgs.br/~wives,VV5p1EEAAAAJ,0000-0000-0000-0000
Leandro L. Minku,University of Birmingham,https://www.birmingham.ac.uk/staff/profiles/computer-science/academic-staff/minku-leandro.aspx,meC54dkAAAAJ,0000-0002-2639-0671
Leandro M. Almeida,UFPE,https://www.cin.ufpe.br/~lma3,4VLuIWgAAAAJ,0000-0000-0000-0000
Leandro Maciel Almeida,UFPE,https://www.cin.ufpe.br/~lma3,4VLuIWgAAAAJ,0000-0000-0000-0000
Leandro Marín,University of Murcia,http://webs.um.es/leandro/miwiki/doku.php,7l_3V7cAAAAJ,0000-0000-0000-0000
Leandro Marín Muñoz,University of Murcia,http://webs.um.es/leandro/miwiki/doku.php,7l_3V7cAAAAJ,0000-0000-0000-0000
Leandro Soares Indrusiak,University of Leeds,https://eps.leeds.ac.uk/computing/staff/14038/professor-leandro-soares-indrusiak-,f1PUDsEAAAAJ,0000-0002-9938-2920
Leandro Soriano Marcolino,Lancaster University,https://www.lancaster.ac.uk/scc/about-us/people/leandro-soriano-marcolino,PBzg9G4AAAAJ,0000-0002-3337-8611
Leandro Villas,UNICAMP,http://www.ic.unicamp.br/~leandro,7ZTnzxQAAAAJ,0000-0000-0000-0000
Leandros Tassiulas,Yale University,http://seas.yale.edu/faculty-research/faculty-directory/leandros-tassiulas,9qtgcZ8AAAAJ,0000-0000-0000-0000
Leanne Rylands,Western Sydney University,https://www.westernsydney.edu.au/staff_profiles/WSU/associate_professor_leanne_rylands,uvFmviYAAAAJ,0000-0000-0000-0000
Lech Szymanski,University of Otago,http://www.cs.otago.ac.nz/staff/Lech_Szymanski,P8aMU9AAAAAJ,0000-0000-0000-0000
Lee A. Hollaar,University of Utah,http://www.cs.utah.edu/~hollaar,NOSCHOLARPAGE,0000-0000-0000-0000
Lee Altenberg,University of Hawaii at Manoa,https://dynamics.org/Altenberg,e6zMVywAAAAJ,0000-0000-0000-0000
Lee D. Coraor,Pennsylvania State University,http://www.eecs.psu.edu/departments/faculty-staff-list.aspx,NOSCHOLARPAGE,0000-0000-0000-0000
Lee Gillam,University of Surrey,https://www.surrey.ac.uk/people/lee-gillam,8GJC9fAAAAAJ,0000-0000-0000-0000
Lee-Ad Gottlieb,Ariel University,http://www.cs.nyu.edu/~adi,HV6OPfcAAAAJ,0000-0003-3355-351X
Leen-Kiat Soh,University of Nebraska,http://cse.unl.edu/~lksoh,Q-UHlQ0AAAAJ,0000-0000-0000-0000
Leender van der Torre,University of Luxembourg,http://icr.uni.lu/leonvandertorre,kRoU8dEAAAAJ,0000-0000-0000-0000
Leendert W. N. van der Torre,University of Luxembourg,http://icr.uni.lu/leonvandertorre,kRoU8dEAAAAJ,0000-0003-4330-3717
Leendert van der Torre,University of Luxembourg,http://icr.uni.lu/leonvandertorre,kRoU8dEAAAAJ,0000-0000-0000-0000
Leenkiat Soh,University of Nebraska,http://cse.unl.edu/~lksoh,Q-UHlQ0AAAAJ,0000-0000-0000-0000
Lefei Zhang,Wuhan University,https://cs.whu.edu.cn/info/1019/2889.htm,BLKHwNwAAAAJ,0000-0003-0542-2280
Lefeng Zhang,City University of Macau,https://fds.cityu.edu.mo/en/members/289,nyvY5hEAAAAJ,0000-0000-0000-0000
Lefteris Kokoris-Kogias,IST Austria,https://ist.ac.at/en/research/kokoris-group,7TOIlqkAAAAJ,0000-0002-8827-3382
Lei Bu,Nanjing University,http://cs.nju.edu.cn/bulei,NOSCHOLARPAGE,0000-0003-0517-7801
Lei Cao 0004,University of Arizona,https://www.cs.arizona.edu/person/lei-cao,xiSS1ZIAAAAJ,0000-0001-9909-8607
Lei Chen 0002,HKUST,https://www.cse.ust.hk/~leichen,gtglwgYAAAAJ,0000-0002-8257-5806
Lei Deng 0002,Central South University,https://faculty.csu.edu.cn/denglei/zh_CN/index.htm,MAs2ET0AAAAJ,0000-0000-0000-0000
Lei Duan,Sichuan University,https://cs.scu.edu.cn/info/1282/13558.htm,rctiZjcAAAAJ,0000-0000-0000-0000
Lei Feng 0006,SUTD,https://istd.sutd.edu.sg/people/faculty/lei-feng,KomQOFkAAAAJ,0000-0003-2839-5799
Lei Guo 0002,NWPU,https://teacher.nwpu.edu.cn/en/guolei.html,NOSCHOLARPAGE,0000-0000-0000-0000
Lei Huang 0015,Beihang University,https://huangleibuaa.github.io,yTshbKkAAAAJ,0009-0002-6412-2149
Lei Jiang 0001,Indiana University,http://homes.sice.indiana.edu/jiang60,1sXorAAAAAJ,0000-0003-4795-0284
Lei Jimmy Ba,University of Toronto,https://jimmylba.github.io,ymzxRhAAAAAJ,0000-0000-0000-0000
Lei Ju 0001,Shandong University,https://faculty.sdu.edu.cn/julei/en/index.htm,7DZXXBQAAAAJ,0000-0001-6186-5399
Lei Li 0005,Carnegie Mellon University,https://lileicc.github.io,BYXqAlwAAAAJ,0000-0003-3095-9776
Lei Luo 0004,UESTC,https://www.scse.uestc.edu.cn/info/1081/11412.htm,NOSCHOLARPAGE,0000-0000-0000-0000
Lei Meng,Shandong University,https://ercdm.sdu.edu.cn/info/1013/1413.htm,KuukGGkAAAAJ,0000-0000-0000-0000
Lei Sha,Beihang University,https://shalei120.github.io,EbZ_P6gAAAAJ,0000-0001-5914-7590
Lei Shi 0003,Durham University,https://www.dur.ac.uk/computer.science/staff/profile/?id=18349,t6vecXsAAAAJ,0000-0000-0000-0000
Lei Wang 0001,University of Wollongong,https://scholars.uow.edu.au/lei-wang,5ClujcoAAAAJ,0000-0002-0961-0441
Lei Wang 0031,Shanghai Jiao Tong University,https://www.cs.sjtu.edu.cn/PeopleDetail.aspx?id=324,QvKutBkAAAAJ,0000-0002-2749-0930
Lei Wu 0012,Zhejiang University,https://person.zju.edu.cn/lei_wu,xOVpf1sAAAAJ,0000-0003-1675-5283
Lei Xie 0001,NWPU,http://lxie.nwpu-aslp.org/index.htm,NOSCHOLARPAGE,0000-0000-0000-0000
Lei Xie 0004,Nanjing University,http://cs.nju.edu.cn/lxie,aZFCUpcAAAAJ,0000-0002-2994-6743
Lei Xie 0006,CUNY,http://compsci.hunter.cuny.edu/~leixie,CujCxdYAAAAJ,0000-0000-0000-0000
Lei Xu 0001,Shanghai Jiao Tong University,http://www.cs.sjtu.edu.cn/~lxu,rN2ny9kAAAAJ,0000-0000-0000-0000
Lei Xu 0003,Nanjing University,http://cs.nju.edu.cn/xulei,NOSCHOLARPAGE,0000-0000-0000-0000
Lei Xue 0001,Sun Yat-sen University,https://cslxue.github.io,59gKrsoAAAAJ,0000-0001-5321-5740
Lei Yang 0001,University of Nevada,http://www.unr.edu/cse/people/faculty/yang,uztxAqsAAAAJ,0000-0002-5176-003X
Lei Yang 0018,George Mason University,https://leiyang0416.github.io,UTTE_wEAAAAJ,0000-0002-0646-440X
Lei Yang 0025,The Hong Kong Polytechnic Univ.,https://www4.comp.polyu.edu.hk/~csyanglei/#/pages/profile/about,rvlURhkAAAAJ,0000-0001-9651-0811
Lei Yu 0002,Rensselaer Polytechnic Institute,https://leiyucs.github.io,zI4I51UAAAAJ,0000-0001-5968-0344
Lei Zhang 0005,Sichuan University,https://cs.scu.edu.cn/info/1288/13624.htm,I8elC9sAAAAJ,0000-0000-0000-0000
Lei Zhang 0006,The Hong Kong Polytechnic Univ.,https://www4.comp.polyu.edu.hk/~cslzhang,tAK5l1IAAAAJ,0000-0002-2078-4215
Lei Zhang 0009,East China Normal University,https://faculty.ecnu.edu.cn/_s43/zl2_en/main.psp,Y0Mf58wAAAAJ,0000-0000-0000-0000
Lei Zhang 0066,Shenzhen University,https://leizhang19.github.io,aKgV8B8AAAAJ,0000-0002-7395-3780
Lei Zhang 0078,Univ. of Maryland - Baltimore County,https://est.umbc.edu/leizhang,ia03cmIAAAAJ,0000-0001-9343-3654
Lei Zhang 0096,Fudan University,https://zxlfd.github.io,PFy8xNcAAAAJ,0009-0004-3295-1991
Lei Zhao 0001,Soochow University,http://web.suda.edu.cn/zhaol,NOSCHOLARPAGE,0000-0002-5123-9279
Lei Zou 0001,Peking University,http://www.icst.pku.edu.cn/intro/leizou/index.html,jZgjlGUAAAAJ,0000-0002-8586-4400
Leida Li,Xidian University,https://web.xidian.edu.cn/ldli/en/index.html,xMvuFI8AAAAJ,0000-0001-9069-8796
Leif Azzopardi,University of Strathclyde,https://pureportal.strath.ac.uk/en/persons/leif-azzopardi/publications,TmvrscMAAAAJ,0000-0002-6900-0557
Leif Kobbelt,RWTH Aachen University,https://www.graphics.rwth-aachen.de,eCsqoJgAAAAJ,0000-0002-7880-9470
Leif P. Kobbelt,RWTH Aachen University,https://www.graphics.rwth-aachen.de,eCsqoJgAAAAJ,0000-0000-0000-0000
Leila De Floriani,Univ. of Maryland - College Park,https://www.cs.umd.edu/people/deflo,NOSCHOLARPAGE,0000-0002-1361-2888
Leila Ismail,UAEU,https://www.uaeu.ac.ae/en/cit/profile.shtml?email=leila@uaeu.ac.ae,TY-2fcUAAAAJ,0000-0003-0946-1818
Leila Kosseim,Concordia University,https://users.encs.concordia.ca/~kosseim,nc2WmbsAAAAJ,0000-0000-0000-0000
Leila Musavian,University of Essex,https://www.essex.ac.uk/people/musav85708/leila-musavian,AcQ6zI0AAAAJ,0000-0000-0000-0000
Leila Ribeiro 0001,UFRGS,http://www.inf.ufrgs.br/~leila,gVbcXTQAAAAJ,0000-0001-7039-092X
Leila Ribeiro Korff,UFRGS,http://www.inf.ufrgs.br/~leila,gVbcXTQAAAAJ,0000-0000-0000-0000
Leila Taher,Graz University of Technology,https://www.tugraz.at/institute/bioinfo/institute/team,W2nzzwcAAAAJ,0000-0002-2013-5426
Leila Takayama,Univ. of California - Santa Cruz,http://www.leilatakayama.org,yFEHsv4AAAAJ,0000-0003-0790-6123
Leilani Battle,University of Washington,https://homes.cs.washington.edu/~leibatt/bio.html,9ghHK7sAAAAJ,0000-0003-3870-636X
Leilani Gilpin,Univ. of California - Santa Cruz,http://lgilpin.com,UFT_ijYAAAAJ,0000-0000-0000-0000
Leilani H. Gilpin,Univ. of California - Santa Cruz,http://lgilpin.com,UFT_ijYAAAAJ,0000-0000-0000-0000
Lein Harn,Univ. of Missouri - Kansas City,https://sce.umkc.edu/about/directory/name/lein-harn-ph-d,2kNUXJcAAAAJ,0000-0000-0000-0000
Leiting Chen,UESTC,http://en.uestc.edu.cn/index.php?m=content&c=index&a=show&catid=79&id=4736,NOSCHOLARPAGE,0000-0000-0000-0000
Leizhen Cai,Chinese University of Hong Kong,https://www.cse.cuhk.edu.hk/~lcai,NOSCHOLARPAGE,0000-0000-0000-0000
Lejla Batina,Radboud University,http://www.cs.ru.nl/~lejla,jsDgMzkAAAAJ,0000-0003-0727-3573
Leliane N. de Barros,USP,http://www.ime.usp.br/~leliane,CqqZ8b0AAAAJ,0000-0000-0000-0000
Leliane Nunes de Barros,USP,http://www.ime.usp.br/~leliane,CqqZ8b0AAAAJ,0000-0000-0000-0000
Len Adleman,University of Southern California,https://www.usc.edu/dept/molecular-science/fm-adleman.htm,NOSCHOLARPAGE,0000-0000-0000-0000
Lena Mamykina,Columbia University,https://www.mamykina.com,LT0qxKwAAAAJ,0000-0001-5203-274X
Lena Mashayekhy,University of Delaware,https://www.eecis.udel.edu/lena,b9gs2WYAAAAJ,0000-0000-0000-0000
Lena Peterson,Chalmers/GU,https://www.chalmers.se/en/staff/Pages/lenap.aspx,NOSCHOLARPAGE,0000-0000-0000-0000
Lene Nielsen,IT University of Copenhagen,https://pure.itu.dk/portal/en/persons/lene-nielsen(1052b289-f510-4c5a-9662-2db48c12ebc2).html,NduaoNUAAAAJ,0000-0003-1768-7147
Lenhart K. Schubert,University of Rochester,https://www.cs.rochester.edu/~schubert,NOSCHOLARPAGE,0000-0001-8398-9923
Lenka Zdeborová,EPFL,https://people.epfl.ch/lenka.zdeborova,gkCjy_UAAAAJ,0000-0000-0000-0000
Lennart Johnsson,University of Houston,http://www2.cs.uh.edu/~johnsson,Sm6LugIAAAAJ,0000-0003-0337-879X
Lenore Blum,Carnegie Mellon University,http://www.cs.cmu.edu/~lblum,NOSCHOLARPAGE,0000-0000-0000-0000
Lenore Cowen,Tufts University,http://www.cs.tufts.edu/~cowen,TarR6_8AAAAJ,0000-0001-6698-6413
Lenore J. Cowen,Tufts University,http://www.cs.tufts.edu/~cowen,TarR6_8AAAAJ,0000-0001-6698-6413
Leo Bertossi,Carleton University,http://www.scs.carleton.ca/~bertossi,TeBUgNcAAAAJ,0000-0000-0000-0000
Leo Dorst,University of Amsterdam,https://staff.science.uva.nl/l.dorst,5sjd5F8AAAAJ,0000-0003-3680-2745
Leo Joskowicz,Hebrew University of Jerusalem,http://www.cs.huji.ac.il/~josko,PoyxglsAAAAJ,0000-0002-3010-4770
Leo Porter 0001,Univ. of California - San Diego,https://leoporter.ucsd.edu,2ITK0EUAAAAJ,0000-0003-1435-8401
Leo Selavo,University of Latvia,https://www.edi.lv/en/team/dr-sc-comp-leo-selavo-2,wCDg9EcAAAAJ,0000-0003-2858-7635
Leo Yu Zhang,Griffith University,https://experts.griffith.edu.au/41503-leo-zhang,JK21OM0AAAAJ,0000-0001-9330-2662
Leon A. Watts,University of Bath,http://www.cs.bath.ac.uk/Leon,NOSCHOLARPAGE,0000-0002-7685-4067
Leon Adam Watts,University of Bath,http://www.cs.bath.ac.uk/Leon,NOSCHOLARPAGE,0000-0002-7685-4067
Leon Bergen,Univ. of California - San Diego,http://ling.ucsd.edu/people/faculty/profiles/LeonBergen.html,0FclEuAAAAAJ,0000-0000-0000-0000
Leon Bungert,University of Würzburg,https://www.uni-wuerzburg.de/caidas/people,ToD4fG0AAAAJ,0000-0002-6554-9892
Leon Danon,University of Exeter,http://emps.exeter.ac.uk/computer-science/staff/ld450,KLeQTtEAAAAJ,0000-0002-7076-1871
Leon Derczynski,IT University of Copenhagen,https://pure.itu.dk/portal/en/persons/leon-derczynski(785a7089-e58e-4aaa-986d-ae0e615ba508).html,d8iwqa8AAAAJ,0000-0002-8656-3431
Leon M. Tolbert,University of Tennessee,http://web.eecs.utk.edu/~tolbert,c7PEGQUAAAAJ,0000-0000-0000-0000
Leon Reznik,Rochester Inst. of Technology,https://www.cs.rit.edu/~lr,GX_Iau8AAAAJ,0000-0003-4622-220X
Leon Richard Anthony Strømberg-Derczynski,IT University of Copenhagen,https://pure.itu.dk/portal/en/persons/leon-derczynski(785a7089-e58e-4aaa-986d-ae0e615ba508).html,d8iwqa8AAAAJ,0000-0000-0000-0000
Leon Sterling,University of Melbourne,https://findanexpert.unimelb.edu.au/profile/13376-leon-sterling,N056eT4AAAAJ,0000-0000-0000-0000
Leon Watts,University of Bath,http://www.cs.bath.ac.uk/Leon,NOSCHOLARPAGE,0000-0002-7685-4067
Leon van der Torre,University of Luxembourg,http://icr.uni.lu/leonvandertorre,kRoU8dEAAAAJ,0000-0000-0000-0000
Leonard J. Schulman,California Inst. of Technology,https://users.cms.caltech.edu/~schulman,NOSCHOLARPAGE,0000-0001-9901-2797
Leonard M. Adleman,University of Southern California,https://www.usc.edu/dept/molecular-science/fm-adleman.htm,NOSCHOLARPAGE,0000-0000-0000-0000
Leonard Manzara,University of Calgary,http://contacts.ucalgary.ca/info/cpsc/profiles/102-3503,NOSCHOLARPAGE,0000-0000-0000-0000
Leonard Max Adleman,University of Southern California,https://www.usc.edu/dept/molecular-science/fm-adleman.htm,NOSCHOLARPAGE,0000-0000-0000-0000
Leonard McMillan,University of North Carolina,http://www.csbio.unc.edu/mcmillan/index.py,z6cJOmMAAAAJ,0000-0002-8453-0847
Leonardo Aniello,University of Southampton,https://www.ecs.soton.ac.uk/people/la1e17,lZbsRvQAAAAJ,0000-0003-2886-8445
Leonardo B. Oliveira,UFMG,http://homepages.dcc.ufmg.br/~leob,YTEzpH0AAAAJ,0000-0000-0000-0000
Leonardo Barbosa e Oliveira,UFMG,http://homepages.dcc.ufmg.br/~leob,YTEzpH0AAAAJ,0000-0000-0000-0000
Leonardo Bobadilla,Florida International University,http://users.cis.fiu.edu/~jabobadi,-lKA19EAAAAJ,0000-0003-2097-2432
Leonardo Emmendorfer,Federal University of Rio Grande,http://www.leonardo.c3.furg.br,EHpCyU0AAAAJ,0000-0000-0000-0000
Leonardo G. P. Murta,UFF,http://www2.ic.uff.br/~leomurta,VEbJeB8AAAAJ,0000-0000-0000-0000
Leonardo Gresta Paulino Murta,UFF,http://www2.ic.uff.br/~leomurta,VEbJeB8AAAAJ,0000-0000-0000-0000
Leonardo Montecchi,NTNU,https://www.ntnu.edu/employees/leonarmo,_BDj4fgAAAAJ,0000-0000-0000-0000
Leonardo Murta 0001,UFF,http://www2.ic.uff.br/~leomurta,VEbJeB8AAAAJ,0000-0000-0000-0000
Leonardo Querzoni,Sapienza University of Rome,http://www.diag.uniroma1.it/users/leonardo%20querzoni,-_WFIJIAAAAJ,0000-0002-8711-4216
Leonardo R. Emmendorfer,Federal University of Rio Grande,http://www.leonardo.c3.furg.br,EHpCyU0AAAAJ,0000-0000-0000-0000
Leonardo Ramos Emmendorfer,Federal University of Rio Grande,http://www.leonardo.c3.furg.br,EHpCyU0AAAAJ,0000-0000-0000-0000
Leonardo Stella,University of Birmingham,https://www.birmingham.ac.uk/staff/profiles/computer-science/academic-staff/stella-leonardo.aspx,BaRj8XYAAAAJ,0000-0002-2670-9873
Leonel Augusto Sousa,Universidade de Lisboa,http://sips.inesc-id.pt/las,Xw4F4y0AAAAJ,0000-0000-0000-0000
Leonel Sousa,Universidade de Lisboa,http://sips.inesc-id.pt/las,Xw4F4y0AAAAJ,0000-0002-8066-221X
Leong Hou U,University of Macau,https://www.fst.um.edu.mo/people/ryanlhu,Mri6PoQAAAAJ,0000-0002-5135-5165
Leonid A. Levin,Boston University,http://www.cs.bu.edu/~lnd,qe_J1w4AAAAJ,0000-0000-0000-0000
Leonid Chindelevitch,Simon Fraser University,http://www.cs.sfu.ca/~leonid,hO01mTUAAAAJ,0000-0002-6619-6013
Leonid Gurvits,CUNY,https://www.ccny.cuny.edu/profiles/leonid-gurvits,aBofVRoAAAAJ,0000-0000-0000-0000
Leonid K. Reznik,Rochester Inst. of Technology,https://www.cs.rit.edu/~lr,GX_Iau8AAAAJ,0000-0000-0000-0000
Leonid Kontorovich,Ben-Gurion University of the Negev,https://www.cs.bgu.ac.il/~karyeh,UNVQ5DsAAAAJ,0000-0000-0000-0000
Leonid Libkin,University of Edinburgh,http://homepages.inf.ed.ac.uk/libkin,4q-MIB0AAAAJ,0000-0002-6698-2735
Leonid Reyzin,Boston University,https://www.cs.bu.edu/~reyzin,1KRXBIwAAAAJ,0000-0002-2052-8203
Leonid Sigal,University of British Columbia,https://www.cs.ubc.ca/~lsigal,Ywx45aQAAAAJ,0000-0002-3942-2804
Leonidas Fegaras,University of Texas at Arlington,http://lambda.uta.edu,NOSCHOLARPAGE,0000-0000-0000-0000
Leonidas J. Guibas,Stanford University,https://profiles.stanford.edu/leonidas-guibas,5JlEyTAAAAAJ,0000-0002-8315-4886
Leonidas Lampropoulos,Univ. of Maryland - College Park,https://www.cs.umd.edu/~llampro,JNUvp5kAAAAJ,0000-0003-0269-9815
Leonidas Palios,University of Ioannina,https://cs.uoi.gr/~palios,fk4I4B8AAAAJ,0000-0001-8630-3835
Leonie Maria Tanczer,University College London,https://iris.ucl.ac.uk/iris/browse/profile?upi=LMTAN17,NOSCHOLARPAGE,0000-0002-2618-6208
Leonor Barroca 0001,Open University UK,http://stem.open.ac.uk/people/lmb3,hQXBcDoAAAAJ,0000-0002-6054-5366
Leonor Becerra,Université Jean Monnet,http://perso.univ-st-etienne.fr/bele8436,NOSCHOLARPAGE,0009-0009-0177-8360
Leonor Becerra-Bonache,Université Jean Monnet,http://perso.univ-st-etienne.fr/bele8436,NOSCHOLARPAGE,0009-0009-0177-8360
Leonor Maria Melo Torcato Barroca,Open University UK,http://stem.open.ac.uk/people/lmb3,hQXBcDoAAAAJ,0000-0000-0000-0000
Leopoldo E. Bertossi,Carleton University,http://www.scs.carleton.ca/~bertossi,TeBUgNcAAAAJ,0000-0000-0000-0000
Leopoldo Teixeira,UFPE,http://www.cin.ufpe.br/~lmt,kCcCrNMAAAAJ,0000-0002-6154-1666
Lerrel Pinto,New York University,https://cs.nyu.edu/~lp91,pmVPj94AAAAJ,0000-0000-0000-0000
Les A. Piegl,University of South Florida,http://www.piegl.com,yvA23lcAAAAJ,0000-0000-0000-0000
Les Carr,University of Southampton,https://www.ecs.soton.ac.uk/people/lac,OK59DcoAAAAJ,0000-0000-0000-0000
Leslie A. Henderson,University of Oxford,https://www.cs.ox.ac.uk/people/leslieann.goldberg,rXpctjYAAAAJ,0000-0000-0000-0000
Leslie Ann Goldberg,University of Oxford,https://www.cs.ox.ac.uk/people/leslieann.goldberg,rXpctjYAAAAJ,0000-0003-1879-6089
Leslie C. Lander,Binghamton University,https://www.binghamton.edu/computer-science/people/profile.html?id=lander,NOSCHOLARPAGE,0000-0000-0000-0000
Leslie Carr,University of Southampton,https://www.ecs.soton.ac.uk/people/lac,OK59DcoAAAAJ,0000-0002-2113-9680
Leslie F. Greengard,New York University,https://math.nyu.edu/~greengar,lW-MnjMAAAAJ,0000-0000-0000-0000
Leslie G. Valiant,Harvard University,http://people.seas.harvard.edu/~valiant,H509xdsAAAAJ,0000-0000-0000-0000
Leslie Greengard,New York University,https://math.nyu.edu/~greengar,lW-MnjMAAAAJ,0000-0000-0000-0000
Leslie Pack Kaelbling,Massachusetts Inst. of Technology,http://people.csail.mit.edu/lpk,NOSCHOLARPAGE,0000-0000-0000-0000
Lesly-Ann Daniel,EURECOM,https://leslyann-daniel.fr,pbph4eUAAAAJ,0000-0002-2772-3722
Leszek Antoni Gasieniec,University of Liverpool,http://www.csc.liv.ac.uk/~leszek,TbQXQ7EAAAAJ,0000-0000-0000-0000
Leszek Gasieniec,University of Liverpool,http://www.csc.liv.ac.uk/~leszek,TbQXQ7EAAAAJ,0000-0003-1809-9814
Leszek Lilien,Western Michigan University,https://cs.wmich.edu/llilien,5iB3-eMAAAAJ,0000-0001-5410-8680
Leszek Pacholski,University of Wroclaw,https://www.ii.uni.wroc.pl/~pacholsk/index.phtml?lang=en,8U18-YQAAAAJ,0000-0000-0000-0000
Leszek T. Lilien,Western Michigan University,https://cs.wmich.edu/llilien,5iB3-eMAAAAJ,0000-0000-0000-0000
Letha H. Etzkorn,University of Alabama - Huntsville,http://www.cs.uah.edu/~letzkorn,_k0dq8QAAAAJ,0000-0000-0000-0000
Leticia Mara Peres,UFPR,https://www.inf.ufpr.br/lmperes,kxiyjf8AAAAJ,0000-0000-0000-0000
Letizia Jaccheri,NTNU,https://www.ntnu.edu/employees/letizia.jaccheri,xBnjjysAAAAJ,0000-0000-0000-0000
Letizia Leonardi,Univ. of Modena and Reggio Emilia,https://personale.unimore.it/rubrica/dettaglio/letizia,rtS86OEAAAAJ,0000-0003-4035-8560
Letizia Tanca,Politecnico di Milano,http://home.deib.polimi.it/tanca,FmRpFsoAAAAJ,0000-0003-2607-3171
Letícia M. Peres,UFPR,https://www.inf.ufpr.br/lmperes,kxiyjf8AAAAJ,0000-0000-0000-0000
Letícia Mara Peres,UFPR,https://www.inf.ufpr.br/lmperes,kxiyjf8AAAAJ,0000-0000-0000-0000
Lev Manovich,CUNY,https://www.gc.cuny.edu/Page-Elements/Academics-Research-Centers-Initiatives/Doctoral-Programs/Computer-Science/Faculty-Bios/Lev-Manovich,QP5JHg_7o_cC,0000-0000-0000-0000
Lev Reyzin,University of Illinois at Chicago,https://www.math.uic.edu/people/profile?netid=lreyzin,IQBTvn4AAAAJ,0000-0001-7443-6024
Levent Burak Kara,Carnegie Mellon University,http://vdel.me.cmu.edu,_X2eOeQAAAAJ,0000-0002-2203-4020
Levent Onder Yilmaz,Auburn University,http://www.eng.auburn.edu/~yilmaz,uPBKJewAAAAJ,0000-0000-0000-0000
Levent Yilmaz 0001,Auburn University,http://www.eng.auburn.edu/~yilmaz,uPBKJewAAAAJ,0000-0000-0000-0000
Levi H. S. Lelis,University of Alberta,https://webdocs.cs.ualberta.ca/~santanad,eoXoLFgAAAAJ,0000-0000-0000-0000
Levi Lelis,University of Alberta,https://webdocs.cs.ualberta.ca/~santanad,eoXoLFgAAAAJ,0000-0000-0000-0000
Levin Kuhlmann,Monash University,https://research.monash.edu/en/persons/levin-kuhlmann,2oIqQ_MAAAAJ,0000-0002-5108-6348
Lewis D. Griffin,University College London,http://www0.cs.ucl.ac.uk/people/L.Griffin.html,Gw5Pc1UAAAAJ,0000-0000-0000-0000
Lewis M. Mackenzie,University of Glasgow,http://www.dcs.gla.ac.uk/~lewis,fh24VJAAAAAJ,0000-0000-0000-0000
Lewis Mackenzie,University of Glasgow,http://www.dcs.gla.ac.uk/~lewis,fh24VJAAAAAJ,0009-0007-9836-6842
Lewis Tseng,Boston College,https://sites.google.com/site/lewiscytseng/home,v80SHFMAAAAJ,0000-0002-4717-4038
Lexing Xie,Australian National University,https://cs.anu.edu.au/people/lexing-xie,u0xUDSoAAAAJ,0000-0001-8319-0118
Leye Wang,Peking University,http://cs.pku.edu.cn/info/1174/2334.htm,o2I4sL8AAAAJ,0000-0002-7627-8485
Leysia Palen,University of Colorado Boulder,http://cmci.colorado.edu/~palen,x0OsogEAAAAJ,0000-0003-3903-8041
Leïla Musavian,University of Essex,https://www.essex.ac.uk/people/musav85708/leila-musavian,AcQ6zI0AAAAJ,0000-0000-0000-0000
Li Chen 0009,Hong Kong Baptist University,http://www.comp.hkbu.edu.hk/~lichen,1kIvpVQAAAAJ,0000-0002-5842-838X
Li Chen 0019,Univ. of Louisiana - Lafayette,https://lichenut.github.io,-2tpbVgAAAAJ,0000-0000-0000-0000
Li Fei-Fei 0001,Stanford University,http://vision.stanford.edu/feifeili,rDfyQnIAAAAJ,0000-0002-7481-0810
Li Jiang 0002,Shanghai Jiao Tong University,http://www.cs.sjtu.edu.cn/~jiangli,pSD4uSoAAAAJ,0000-0002-7353-8798
Li Jiang 0009,CUHK (SZ),https://llijiang.github.io,5cIodxsAAAAJ,0000-0001-7058-6957
Li Li 0029,Beihang University,http://lilicoding.github.io,zuUsFkgAAAAJ,0000-0003-2990-1614
Li Li 0040,USTC,https://faculty.ustc.edu.cn/lil1/en,dEm6VKAAAAAJ,0000-0000-0000-0000
Li Li 0064,University of Macau,https://www.fst.um.edu.mo/personal/llili,uLzU3OcAAAAJ,0000-0002-2044-8289
Li Liao,University of Delaware,https://www.eecis.udel.edu/~lliao,o6e8dvUAAAAJ,0000-0000-0000-0000
Li Liu 0001,Chongqing University,http://www.cse.cqu.edu.cn/info/2095/5647.htm,DfxieQEAAAAJ,0000-0002-4776-5292
Li Liu 0028,Soochow University,http://web.suda.edu.cn/lliu6819,G1pw9G0AAAAJ,0000-0002-3161-0464
Li Lu 0001,UESTC,https://www.scse.uestc.edu.cn/info/1081/12001.htm,NOSCHOLARPAGE,0000-0002-4361-012X
Li Lu 0008,Zhejiang University,https://person.zju.edu.cn/lynnluli,mQSqGYAAAAAJ,0000-0001-5230-3749
Li Lucy,University of Wisconsin - Madison,https://lucy3.github.io,9IyAwc4AAAAJ,0000-0000-0000-0000
Li Niu 0002,Shanghai Jiao Tong University,http://bcmi.sjtu.edu.cn/home/niuli/index.html,OhT3AWMAAAAJ,0000-0003-1970-8634
Li Sun 0005,University of Sheffield,https://www.sheffield.ac.uk/dcs/people/academic/li-sun,JZViN_4AAAAJ,0000-0002-0393-8665
Li Weigang 0001,Universidade de Brasília,http://cic.unb.br/~weigang,Sw_i7yQAAAAJ,0000-0000-0000-0000
Li Xiao 0001,Michigan State University,http://www.cse.msu.edu/~lxiao,NOSCHOLARPAGE,0000-0003-2861-8438
Li Xiao 0004,University of Aberdeen,https://www.abdn.ac.uk/people/xiao.li,dZLlkYQAAAAJ,0000-0000-0000-0000
Li Xiong 0001,Emory University,https://cs.emory.edu/~lxiong,jJ8BLgsAAAAJ,0000-0001-7354-0428
Li Xiu 0001,Tsinghua University,http://www.cs.tsinghua.edu.cn/publish/csen/4623/2010/20101224001632440223805/20101224001632440223805_.html,wrKyJYsAAAAJ,0000-0000-0000-0000
Li Yang 0008,Western Michigan University,https://wmich.edu/geography/directory/yang,NOSCHOLARPAGE,0000-0000-0000-0000
Li Yang 0009,UNC - Charlotte,https://lyang-666.github.io,qpUT1I8AAAAJ,0000-0002-2839-6196
Li Yi 0001,Tsinghua University,https://iiis.tsinghua.edu.cn/en/People/Faculty/YiLi.htm,UyZL660AAAAJ,0000-0002-9319-0354
Li Zhang 0004,Soochow University,http://web.suda.edu.cn/zhangliml,NOSCHOLARPAGE,0000-0000-0000-0000
Li Zhang 0013,Royal Holloway Univ. of London,https://pure.royalholloway.ac.uk/en/persons/li-zhang,SNh9qOQAAAAJ,0000-0000-0000-0000
Li Zhang 0039,Drexel University,https://zharry29.github.io,_VLzlBIAAAAJ,0000-0000-0000-0000
Li-Chen Fu,National Taiwan University,https://robotlab.csie.ntu.edu.tw,xJQGpUgAAAAJ,0000-0002-6947-7646
Li-Hsing Yen,National Chiao Tung University,http://people.cs.nctu.edu.tw/~lhyen,lgBtvGwAAAAJ,0000-0003-2518-1728
Li-Mei Peng,Kyungpook National University,http://ican.knu.ac.kr,OujN4S0AAAAJ,0000-0000-0000-0000
Li-Pin Chang,National Chiao Tung University,https://sites.google.com/view/lpchang,t21ZkxEAAAAJ,0000-0001-6543-2064
Li-Ping Liu 0001,Tufts University,https://www.eecs.tufts.edu/~liulp,aFaGunAAAAAJ,0000-0002-3690-3928
Li-San Wang,University of Pennsylvania,http://tesla.pcbi.upenn.edu/~lswang,ncxi_G4AAAAJ,0000-0002-3684-0031
Li-Shiuan Peh,National University of Singapore,http://people.csail.mit.edu/peh,H-l2HbsAAAAJ,0000-0001-9010-6519
Li-Wei Chan 0001,National Chiao Tung University,http://people.cs.nctu.edu.tw/~liweichan,yF0Cw1EAAAAJ,0000-0002-7862-2817
Li-Yan Yuan,University of Alberta,https://webdocs.cs.ualberta.ca/~yuan,NOSCHOLARPAGE,0000-0000-0000-0000
Li-Yang Tan,Stanford University,http://theory.stanford.edu/~liyang,pXzn2akAAAAJ,0000-0000-0000-0000
Li-jie Wen 0001,Tsinghua University,http://ise.thss.tsinghua.edu.cn/~wenlijie,f3C0jUIAAAAJ,0000-0000-0000-0000
LiGuo Huang,Southern Methodist University,http://lyle.smu.edu/~lghuang,NOSCHOLARPAGE,0000-0001-7790-0195
Liam D. Turner,Cardiff University,https://www.cardiff.ac.uk/people/view/473239-turner-liam,YO4cVgsAAAAJ,0000-0003-4877-5289
Liam Murphy 0001,University College Dublin,https://people.ucd.ie/liam.murphy,h4bGPQQAAAAJ,0000-0003-0717-4743
Liam O'Connor,Australian National University,https://comp.anu.edu.au/people/liam-oconnor,PDIijq8AAAAJ,0000-0003-2765-4269
Liam Paull,University of Montreal,http://people.csail.mit.edu/lpaull,H9xADK0AAAAJ,0000-0000-0000-0000
Liam Peyton,University of Ottawa,http://www.site.uottawa.ca/~lpeyton,jKBUKKgAAAAJ,0000-0000-0000-0000
Liam Roditty,Bar-Ilan University,https://u.cs.biu.ac.il/~liamr,UY5xtq0AAAAJ,0000-0002-5289-198X
Lian Li 0002,Chinese Academy of Sciences,http://people.ucas.ac.cn/~lianli,yAIhkEsAAAAJ,0000-0002-4476-0541
Liang Bao,Xidian University,https://web.xidian.edu.cn/baoliang,PScbt3kAAAAJ,0000-0000-0000-0000
Liang Chen 0001,Sun Yat-sen University,https://chenliang.tech,pGZtPjcAAAAJ ,0000-0002-3787-8832
Liang Cheng 0001,Lehigh University,http://liangcheng.info,7_2bG-YAAAAJ,0000-0000-0000-0000
Liang Feng 0001,Chongqing University,http://www.cs.cqu.edu.cn/info/1322/4182.htm,vUFmMrQAAAAJ,0000-0002-8356-7242
Liang He 0005,University of Texas at Dallas,https://www.lianghe.me,AXIunRIAAAAJ,0000-0003-4826-629X
Liang Hu 0002,University of Essex,https://www.essex.ac.uk/people/hulia47602/liang-hu,hUhUGfYAAAAJ,0000-0000-0000-0000
Liang Huang 0001,Oregon State University,http://eecs.oregonstate.edu/~huanlian,AdFeG5cAAAAJ,0000-0001-6444-7045
Liang Lan,Hong Kong Baptist University,https://www.comp.hkbu.edu.hk/~lanliang,1I9bfiYAAAAJ,0000-0002-0427-977X
Liang Lin,Sun Yat-sen University,http://www.linliang.net,Nav8m8gAAAAJ,0000-0003-2248-3755
Liang Liu 0001,BUPT,https://scs.bupt.edu.cn/info/1097/1346.htm,NOSCHOLARPAGE,0000-0002-5040-2468
Liang Wang 0001,Chinese Academy of Sciences,http://www.cbsr.ia.ac.cn/users/liangwang,8kzzUboAAAAJ,0000-0001-5353-7803
Liang Wang 0006,Nanjing University,http://cs.nju.edu.cn/wangliang,O6EwhtYAAAAJ,0000-0000-0000-0000
Liang Zhao 0002,Emory University,https://cs.emory.edu/~lzhao41,qnvyqtwAAAAJ,0000-0002-2648-9989
Liang Zheng 0001,Australian National University,https://cs.anu.edu.au/people/liang-zheng,vNHqr3oAAAAJ,0000-0002-1464-9500
Liang-Jie Zhang,Shenzhen University,https://orcid.org/0000-0002-6219-0853,DkEKl2QAAAAJ,0000-0002-6219-0853
Liang-Tien Chia,Nanyang Technological University,https://dr.ntu.edu.sg/cris/rp/rp00991,Eeolw80AAAAJ,0000-0000-0000-0000
Liangcai Gao,Peking University,http://www.icst.pku.edu.cn/cpdp/index.php/research-team/12-gaoliangcai,NOSCHOLARPAGE,0000-0002-5196-4825
Liangfeng Zhang,ShanghaiTech University,http://sist.shanghaitech.edu.cn/sist_en/2020/0814/c7582a54828/page.htm,dlkYO5gAAAAJ,0000-0000-0000-0000
Lianhui Qin,Univ. of California - San Diego,https://sites.google.com/view/lianhuiqin/home,smd19iIAAAAJ,0009-0002-4757-8136
Lianli Gao,UESTC,https://sites.google.com/site/drlianligao,zsm2dpYAAAAJ,0000-0002-2522-6394
Liat Cohen,Ariel University,https://pniot.ariel.ac.il/projects/trp/GeneralInformation.asp?numRec=851&id_lang=1,pT8Bb9cAAAAJ,0000-0000-0000-0000
Liat Peterfreund,Hebrew University of Jerusalem,https://www.cs.huji.ac.il/~liatpeter,K16Gp8sAAAAJ,0000-0002-4788-0944
Libertario Demi,University of Trento,https://sites.google.com/view/drlibertariodemi/home,QiKVYI0AAAAJ,0000-0002-0635-2133
Libin Liu 0002,Peking University,http://libliu.info,q7FiLBkAAAAJ,0000-0003-2280-6817
Libo Ivy Liu,University of Melbourne,https://findanexpert.unimelb.edu.au/profile/864133-libo-liu,NYRYeR0AAAAJ,0000-0000-0000-0000
Libo Zhang 0001,Chinese Academy of Sciences,http://people.ucas.ac.cn/~zhanglibo,u92yhxUAAAAJ,0000-0002-7153-6465
Lichao Sun 0001,Lehigh University,https://www.cs.uic.edu/~lsun,WhGUE7AAAAAJ,0000-0003-1539-7939
Licheng Jiao,Xidian University,http://see.xidian.edu.cn/iiip,FZbrL2YAAAAJ,0000-0003-3354-9617
Licheng Wang,BUPT,https://scss.bupt.edu.cn/info/1063/1166.htm,3-IJ1tsAAAAJ,0000-0000-0000-0000
Licia Capra,University College London,http://www0.cs.ucl.ac.uk/staff/l.capra,iwzlsmUAAAAJ,0000-0003-1425-3837
Licia Sbattella,Politecnico di Milano,http://home.deib.polimi.it/sbattell,NOSCHOLARPAGE,0000-0000-0000-0000
Lidan Shou,Zhejiang University,http://mypage.zju.edu.cn/should,0OlITuIAAAAJ,0000-0001-8062-8356
Lidia Feklistova,University of Tartu,https://ut.ee/et/tootaja/lidia-feklistova,73mZdCoAAAAJ,0000-0000-0000-0000
Lie He,SUFE,https://liehe.github.io,rIAYxaMAAAAJ,0000-0000-0000-0000
Lie-Liang Yang,University of Southampton,https://www.ecs.soton.ac.uk/people/llyang,ZqFpYh4AAAAJ,0000-0002-2032-9327
Lifang He 0001,Lehigh University,https://engineering.lehigh.edu/faculty/lifang-he,obgTcyoAAAAJ,0000-0001-7810-9071
Lifeng Lai,Univ. of California - Davis,https://cs.ucdavis.edu/directory/lifeng-lai,gOhaCfUAAAAJ,0000-0000-0000-0000
Lifeng Sun,Tsinghua University,http://media.cs.tsinghua.edu.cn/en/sunlf,NOSCHOLARPAGE,0000-0002-4057-5138
Lifu Huang,Univ. of California - Davis,https://cs.ucdavis.edu/people/lifu-huang,76IEGtYAAAAJ,0000-0002-2743-7718
Lifu Wang,Peking University,http://www.sei.pku.edu.cn/people/wlf,NOSCHOLARPAGE,0000-0000-0000-0000
Ligang He,University of Warwick,https://warwick.ac.uk/fac/sci/dcs/people/ligang_he,g3lthZYAAAAJ,0000-0002-5671-0576
Ligang Liu 0001,USTC,http://staff.ustc.edu.cn/~lgliu,1U9U_cYAAAAJ,0000-0003-4352-1431
Liguo Huang,Southern Methodist University,http://lyle.smu.edu/~lghuang,NOSCHOLARPAGE,0000-0001-7790-0195
Lihai Nie,Nankai University,https://denghuo98.github.io/nlh-homepage/,A2KHTokAAAAJ,0000-0001-8569-3739
Lihao Xu,Wayne State University,http://www.cs.wayne.edu/~lihao,Q1QN1qYAAAAJ,0000-0000-0000-0000
Lihi Zelnik,Technion,http://lihi.eew.technion.ac.il,E_ejWvYAAAAJ,0000-0002-7930-8985
Lihi Zelnik-Manor,Technion,http://lihi.eew.technion.ac.il,E_ejWvYAAAAJ,0000-0002-7930-8985
Lihong Jiang,Shanghai Jiao Tong University,http://www.se.sjtu.edu.cn/teacher/teacherdetail.aspx?id=11,NOSCHOLARPAGE,0000-0000-0000-0000
Lihua Yue,USTC,http://www.jucs.org/jucs_articles_by_author/Yue_Lihua,NOSCHOLARPAGE,0000-0000-0000-0000
Lijia Ma,Shenzhen University,https://csse.szu.edu.cn/pages/user/index?id=830,RXJkbr8AAAAJ,0000-0000-0000-0000
Lijie Chen,Univ. of California - Berkeley,https://chen-lijie.github.io,T_OhvOsAAAAJ,0000-0000-0000-0000
Lijie Hu,MBZUAI,https://mbzuai.ac.ae/study/faculty/lijie-hu,C-3UuqsAAAAJ,0000-0003-1251-8504
Lijie Wang,UESTC,https://www.en.scse.uestc.edu.cn/info/1085/2079.htm,NOSCHOLARPAGE,0000-0000-0000-0000
Lijie Wen 0001,Tsinghua University,http://ise.thss.tsinghua.edu.cn/~wenlijie,f3C0jUIAAAAJ,0000-0003-0358-3160
Lijing Wang 0001,NJIT,https://christa60.github.io,P0xw_5IAAAAJ,0000-0002-0836-9190
Lijuan Cao,UNC - Charlotte,https://cci.charlotte.edu/people/lijuan-cao,rY-KxFsAAAAJ,0000-0002-1755-1541
Lijun Chang,University of Sydney,http://sydney.edu.au/engineering/people/lijun.chang.php,SWYX6pgAAAAJ,0000-0002-6830-3900
Lijun Chen 0001,University of Colorado Boulder,http://spot.colorado.edu/~lich1539,p0rj1lEAAAAJ,0000-0001-6694-4299
Lijun Chen 0002,Peking University,http://eecs.pku.edu.cn/EN/People/Faculty/Detail/?ID=6011,NOSCHOLARPAGE,0000-0000-0000-0000
Lijun Chen 0006,Nanjing University,https://cs.nju.edu.cn/58/16/c2639a153622/page.htm,NOSCHOLARPAGE,0009-0003-9062-2304
Lijun Yin 0001,Binghamton University,http://www.cs.binghamton.edu/~lijun,PYV9NvYAAAAJ,0000-0000-0000-0000
Lijun Zhang 0005,Nanjing University,http://cs.nju.edu.cn/zlj,DC5FEjoAAAAJ,0000-0003-1946-7105
Lila Kari,University of Waterloo,https://cs.uwaterloo.ca/about/people/lila,HqqZlPUAAAAJ,0000-0001-5700-5353
Lila Santean,University of Waterloo,https://cs.uwaterloo.ca/about/people/lila,HqqZlPUAAAAJ,0000-0000-0000-0000
Lili Bo,Yangzhou University,https://teacher.yzu.edu.cn/BLL/zh_CN/index.htm,NOSCHOLARPAGE,0000-0002-7267-4923
Lili Mou,University of Alberta,https://lili-mou.github.io,32UrMrQAAAAJ,0000-0000-0000-0000
Lili Qiu,University of Texas at Austin,https://www.cs.utexas.edu/~lili,16posrQAAAAJ,0009-0003-8131-7439
Lili Shan,Harbin Institute of Technology,http://homepage.hit.edu.cn/shanlili,8NObiJAAAAAJ,0000-0000-0000-0000
Lilia Georgieva,Heriot-Watt University,https://www.hw.ac.uk/staff/uk/macs/lilia-georgieva.htm,NOSCHOLARPAGE,0000-0000-0000-0000
Lilian Blot,University of York,https://www-users.cs.york.ac.uk/~lblot,Enkx56UAAAAJ,0000-0000-0000-0000
Lilian Tang,University of Surrey,https://www.surrey.ac.uk/people/h-lilian-tang,KnKmoRsAAAAJ,0000-0003-2534-737X
Liliana Florea,Johns Hopkins University,http://florealab.org,s0AZ_6IAAAAJ,0000-0001-8124-2324
Liliana Pasquale,University College Dublin,https://people.ucd.ie/liliana.pasquale,N8uPjssAAAAJ,0000-0001-9673-3054
Lillian Lee,Cornell University,http://www.cs.cornell.edu/home/llee,oJESe-cAAAAJ,0000-0003-4770-1712
Lilly C. Irani,Univ. of California - San Diego,https://quote.ucsd.edu/lirani,FGWYdYUAAAAJ,0000-0001-8990-2411
Lilly Irani,Univ. of California - San Diego,https://quote.ucsd.edu/lirani,FGWYdYUAAAAJ,0000-0001-8990-2411
Lily Weng,Univ. of California - San Diego,https://datascience.ucsd.edu/people/lily-weng,v8GM4xoAAAAJ,0000-0000-0000-0000
Lilya Budaghyan,University of Bergen,https://people.uib.no/lbu061,NOSCHOLARPAGE,0000-0000-0000-0000
Limei Peng,Kyungpook National University,http://ican.knu.ac.kr,OujN4S0AAAAJ,0000-0000-0000-0000
Limin Wang 0002,Nanjing University,http://wanglimin.github.io,HEuN8PcAAAAJ,0000-0002-3674-7718
Limin Xiao,Beihang University,http://scse.buaa.edu.cn/info/1078/2653.htm,NOSCHOLARPAGE,0000-0001-9438-9181
Liming Cai,University of Georgia,http://cobweb.cs.uga.edu/~cai,xj8uYUUAAAAJ,0000-0000-0000-0000
Liming Zhu,UNSW,https://www.unsw.edu.au/staff/liming-zhu,C1zfS7wAAAAJ,0000-0000-0000-0000
Limsoon Wong,National University of Singapore,https://www.comp.nus.edu.sg/~wongls,Inqu8SkAAAAJ,0000-0003-1241-5441
Lin Chen 0009,Zhejiang University,https://person.zju.edu.cn/0024110,a0DapS0AAAAJ,0000-0003-3909-4916
Lin Chen 0015,Nanjing University,https://cs.nju.edu.cn/chenlin,kuWNhAoAAAAJ,0000-0003-2352-2226
Lin Feng 0001,Nanyang Technological University,http://research.ntu.edu.sg/expertise/academicprofile/Pages/StaffProfile.aspx?ST_EMAILID=ASFLIN,vasvExMAAAAJ,0000-0000-0000-0000
Lin Gao 0004,Chinese Academy of Sciences,http://www.geometrylearning.com/lin,_RIupXUAAAAJ,0000-0002-1021-8148
Lin Gu 0002,HUST,http://faculty.hust.edu.cn/gulin/en/index.htm,VJIV0AQAAAAJ,0000-0002-6525-9334
Lin Guan,Loughborough University,https://www.lboro.ac.uk/departments/compsci/staff/academic-teaching/lin-guan,NwT42zkAAAAJ,0009-0006-6034-4819
Lin Gui 0001,Shanghai Jiao Tong University,http://www.se.sjtu.edu.cn/teacher/teacherdetail.aspx?id=1029,NOSCHOLARPAGE,0000-0000-0000-0000
Lin Gui 0003,King's College London,https://www.kcl.ac.uk/people/lin-gui,1b3Eyx4AAAAJ,0000-0002-8054-9524
Lin Jiang 0001,University of Liverpool,https://liverpool.ac.uk/electrical-engineering-and-electronics/staff/lin-jiang,nZCtaPgAAAAJ,0000-0000-0000-0000
Lin Li 0051,UESTC,https://www.en.scse.uestc.edu.cn/info/1085/1922.htm,NOSCHOLARPAGE,0000-0000-0000-0000
Lin Li 0067,Augusta University,https://www.augusta.edu/faculty/directory/view.php?id=LLI1,krQPTJcAAAAJ,0000-0000-0000-0000
Lin Liu 0001,Tsinghua University,http://ise.thss.tsinghua.edu.cn/~liulin,0-SZSzgAAAAJ,0000-0002-3704-2322
Lin Lv,Shandong University,https://irc.cs.sdu.edu.cn/~lulin/index.html,B9fHveAAAAAJ,0000-0000-0000-0000
Lin Ma 0006,University of Michigan,https://web.eecs.umich.edu/~linmacse,UU9gkwEAAAAJ,0009-0003-7177-7327
Lin Padgham,RMIT University,https://www.rmit.edu.au/contact/staff-contacts/academic-staff/p/padgham-professor-lin,Bt3NOyAAAAAJ,0000-0002-6974-3318
Lin Qiao,Tsinghua University,http://www.cs.tsinghua.edu.cn/publish/csen/4623/2010/20101224001718934225189/20101224001718934225189_.html,zAQYGk4AAAAJ,0000-0000-0000-0000
Lin Shang 0001,Nanjing University,https://cs.nju.edu.cn/shanglin,BN25W0AAAAAJ,0000-0000-0000-0000
Lin Shao 0002,National University of Singapore,https://linsats.github.io,UU76Pg4AAAAJ,0000-0000-0000-0000
Lin Tan 0001,Purdue University,https://www.cs.purdue.edu/homes/lintan,C6yankcAAAAJ,0000-0002-6690-8332
Lin Wang 0004,University of Jinan,https://linwang.ujn.edu.cn/lab/index_en.htm,pWqVlQwAAAAJ,0000-0000-0000-0000
Lin Wang 0015,Paderborn University,https://linwang.info,SMpEBgwAAAAJ,0000-0001-7181-6128
Lin Yan 0003,Iowa State University,https://www.cs.iastate.edu/people/lin-yan,cbCrnbEAAAAJ,0000-0001-7017-0329
Lin Yang 0002,Westlake University,https://www.yanglinlab.com,fskm0zEAAAAJ,0000-0000-0000-0000
Lin Yang 0011,Univ. of California - Los Angeles,https://lyang36.github.io,umivlPQAAAAJ,0000-0003-4602-3366
Lin Yang 0013,Nanjing University,https://yanglin2021.github.io,AikWhjkAAAAJ,0000-0001-9056-0500
Lin Zhang 0014,Tongji University,https://sse.tongji.edu.cn/linzhang,8VOk_S4AAAAJ,0000-0000-0000-0000
Lin Zhong 0001,Yale University,https://cpsc.yale.edu/people/lin-zhong,hJPN-G8AAAAJ,0000-0003-0840-167X
Lin Zuo,UESTC,https://www.is.uestc.edu.cn/teachers.do?id=8028,NOSCHOLARPAGE,0000-0000-0000-0000
Lin-Na Zhou,BUPT,https://scss.bupt.edu.cn/info/1063/3295.htm,NOSCHOLARPAGE,0000-0000-0000-0000
Lin-shan Lee,National Taiwan University,http://speech.ee.ntu.edu.tw/previous_version/lslNew.htm,NOSCHOLARPAGE,0000-0000-0000-0000
LinLin Shen,Shenzhen University,http://csse.szu.edu.cn/en/people31dd.html?25226,AZ_y9HgAAAAJ,0000-0000-0000-0000
Lina Marsso,Polytechnique Montreal,https://www.cs.toronto.edu/~lmarsso,NOSCHOLARPAGE,0000-0002-0220-191X
Lina Ochoa,TU Eindhoven,https://research.tue.nl/en/persons/lina-ochoa-venegas,gDL_aukAAAAJ,0000-0000-0000-0000
Lina Yao 0001,UNSW,http://www.linayao.com,EU3snBgAAAAJ,0000-0002-4149-839X
Lina von Sydow,Uppsala University,https://www.it.uu.se/katalog/lina,YY0uJ-gAAAAJ,0000-0000-0000-0000
Linchao Bao,University of Birmingham,https://www.birmingham.ac.uk/staff/profiles/computer-science/academic-staff/bao-linchao,xQZMbkUAAAAJ,0000-0001-9543-3754
Linchao Zhu,Zhejiang University,https://person.zju.edu.cn/en/linchao,9ZukE28AAAAJ,0000-0002-4093-7557
Linda G. Shapiro,University of Washington,http://cs.washington.edu/homes/shapiro,6pGeV2wAAAAJ,0000-0000-0000-0000
Linda Jean Camp,UNC - Charlotte,https://cci.charlotte.edu/people/linda-j-camp,wJPGa2IAAAAJ,0000-0000-0000-0000
Linda Kleist,University of Hamburg,https://www.inf.uni-hamburg.de/en/inst/ab/algo/team/kleist.html,-0-W2TgAAAAJ,0000-0002-3786-916X
Linda M. Ott,Michigan Technological University,https://www.mtu.edu/cs/department/faculty-staff/faculty/ott,HnxM2zkAAAAJ,0000-0000-0000-0000
Linda Mannila,University of Helsinki,https://www.helsinki.fi/en/about-us/people/people-finder/linda-mannila-9368865,sSmaTKyAk8MC,0000-0001-6020-2737
Linda Pagli,University of Pisa,http://www.di.unipi.it/~pagli,NOSCHOLARPAGE,0000-0003-3717-3952
Linda R. Petzold,Univ. of California - Santa Barbara,https://cse.cs.ucsb.edu,6IxWYR0AAAAJ,0000-0000-0000-0000
Linda Ruth Petzold,Univ. of California - Santa Barbara,https://cse.cs.ucsb.edu,6IxWYR0AAAAJ,0000-0000-0000-0000
Linda Weiser Friedman,CUNY,http://zicklin.baruch.cuny.edu/faculty/profiles/friedman.html,LUgrnWMAAAAJ,0000-0000-0000-0000
Linda Xie,UNC - Charlotte,https://ece.charlotte.edu/directory/dr-jiang-linda-xie-phd,NOSCHOLARPAGE,0000-0000-0000-0000
Lindsay Groves,Victoria University of Wellington,http://ecs.victoria.ac.nz/Main/LindsayGroves,SbbFviUAAAAJ,0000-0000-0000-0000
Lindsay J. Groves,Victoria University of Wellington,http://ecs.victoria.ac.nz/Main/LindsayGroves,SbbFviUAAAAJ,0000-0000-0000-0000
Lindsey Kuper,Univ. of California - Santa Cruz,https://users.soe.ucsc.edu/~lkuper,TNqlmxEAAAAJ,0000-0002-1374-7715
Line H. Clemmensen,DTU,https://www.compute.dtu.dk/english,NOSCHOLARPAGE,0000-0001-5527-5798
Line Harder Clemmensen,DTU,https://www.compute.dtu.dk/english,NOSCHOLARPAGE,0000-0001-5527-5798
Line Katrine Harder Clemmensen,DTU,https://www.compute.dtu.dk/english,NOSCHOLARPAGE,0000-0000-0000-0000
Ling Chen 0001,Zhejiang University,http://mypage.zju.edu.cn/lc,Vxi9eakAAAAJ,0000-0003-1934-5992
Ling Chen 0006,University of Technology Sydney,https://www.uts.edu.au/staff/ling.chen,NOSCHOLARPAGE,0000-0002-6468-5729
Ling Feng,Tsinghua University,http://www.tsinghua.edu.cn/publish/csen/4623/2010/20101224173832153159683/20101224173832153159683_.html,sFFYgzkAAAAJ,0000-0001-7378-4342
Ling Li 0001,Chinese Academy of Sciences,http://people.ucas.ac.cn/~lli,5QHSaT8AAAAJ,0000-0001-8877-9052
Ling Liu 0001,Georgia Institute of Technology,http://www.cc.gatech.edu/~lingliu,VIwtdckAAAAJ,0000-0002-4138-3082
Ling Luo 0002,University of Melbourne,https://findanexpert.unimelb.edu.au/profile/849504-ling-luo,iDYAxCcAAAAJ,0000-0002-1363-8308
Ling Pan,HKUST,https://ling-pan.github.io,9XrWuI8AAAAJ,0000-0002-4413-281X
Ling Ren 0001,Univ. of Illinois at Urbana-Champaign,https://sites.google.com/view/renling,0uB26_QAAAAJ,0000-0003-3437-7570
Ling Tian,UESTC,https://www.en.scse.uestc.edu.cn/info/1085/1992.htm,NOSCHOLARPAGE,0000-0000-0000-0000
Ling Wang,Nova Southeastern University,https://cec.nova.edu/faculty/wang.html,HwIAqgIAAAAJ,0000-0000-0000-0000
Ling-Qi Yan 0001,MBZUAI,https://mbzuai.ac.ae/study/faculty/lingqi-yan,IP5vaxAAAAAJ,0000-0002-9379-094X
Ling-Yu Duan,Peking University,http://eecs.pku.edu.cn/EN/People/Faculty/Detail/?ID=6096,NOSCHOLARPAGE,0000-0000-0000-0000
Ling-qi Yan 0001,MBZUAI,https://mbzuai.ac.ae/study/faculty/lingqi-yan,IP5vaxAAAAAJ,0000-0002-9379-094X
Lingfei Jin,Fudan University,http://www.cs.fudan.edu.cn/?page_id=8856###,S83wFzEAAAAJ,0000-0000-0000-0000
Lingfei Wu 0002,University of Pittsburgh,https://lingfeiwu.github.io,NoDUFVUAAAAJ,0000-0000-0000-0000
Lingfeng Bao,Zhejiang University,https://baolingfeng.github.io,RMJI97QAAAAJ,0000-0003-1846-0921
Linghe Kong,Shanghai Jiao Tong University,https://www.cs.sjtu.edu.cn/~linghe.kong,-wm2X-8AAAAJ,0000-0001-9266-3044
Lingjia Tang,University of Michigan,http://www.lingjia.org,hc9PP9gAAAAJ,0000-0002-5609-7775
Lingjie Liu,University of Pennsylvania,https://lingjie0206.github.io,HZPnJ9gAAAAJ,0000-0003-4301-1474
Lingjun Pu,Nankai University,https://cc.nankai.edu.cn/2021/0323/c13620a549973/page.htm,7d0kj50AAAAJ,0000-0002-3063-8887
Lingling Li 0002,Xidian University,https://web.xidian.edu.cn/llli,W_Vi_hIAAAAJ,0000-0000-0000-0000
Lingming Zhang 0001,Univ. of Illinois at Urbana-Champaign,http://lingming.cs.illinois.edu,zzbWQE4AAAAJ,0000-0001-5175-2702
Lingqi Yan 0001,MBZUAI,https://mbzuai.ac.ae/study/faculty/lingqi-yan,IP5vaxAAAAAJ,0000-0002-9379-094X
Lingqiao Liu,Adelaide University,https://www.adelaide.edu.au/directory/lingqiao.liu,Y2xu62UAAAAJ,0000-0003-3584-795X
Lingwei Chen,Rochester Inst. of Technology,https://lgchen.org,CnKs0mEAAAAJ,0000-0000-0000-0000
Lingxiao Huang,Nanjing University,https://sites.google.com/site/lingxiaohuang1990,NOSCHOLARPAGE,0000-0001-7512-142X
Lingxiao Jiang,Singapore Management University,http://www.mysmu.edu/faculty/lxjiang,0hssXLPZL2YC,0000-0002-4336-8548
Lingxiao Wang 0001,NJIT,https://lingxiaowang-ai.github.io,VPyxd6kAAAAJ,0000-0000-0000-0000
Lingyang Chu,McMaster University,https://lingyangchu.github.io,VfSFLR0AAAAJ,0000-0002-8937-1750
Lingyu Duan,Peking University,http://eecs.pku.edu.cn/EN/People/Faculty/Detail/?ID=6096,NOSCHOLARPAGE,0000-0002-4491-2023
Lingyu Wang 0001,Concordia University,https://users.encs.concordia.ca/~wang,lf_G8EAAAAAJ,0000-0000-0000-0000
Lingyun Sun,Zhejiang University,http://mypage.zju.edu.cn/sly,zzW8d-wAAAAJ,0000-0002-5561-0493
Lingzhi Li 0001,Soochow University,http://web.suda.edu.cn/lilingzhi,NOSCHOLARPAGE,0000-0000-0000-0000
Linh Anh Nguyen,University of Warsaw,http://www.mimuw.edu.pl/~nguyen,NOSCHOLARPAGE,0000-0000-0000-0000
Linh T. X. Phan,University of Pennsylvania,http://www.cis.upenn.edu/~linhphan,ojH7GEgAAAAJ,0000-0000-0000-0000
Linh Thi Xuan Phan,University of Pennsylvania,http://www.cis.upenn.edu/~linhphan,ojH7GEgAAAAJ,0000-0002-3458-7511
Linhai Song,Pennsylvania State University,https://songlh.github.io,RVQMz2sAAAAJ,0000-0002-3185-9278
Lining Yao,Univ. of California - Berkeley,http://morphingmatter.cs.cmu.edu,FEnuzckAAAAJ,0000-0002-8842-2317
Linkang Du,Xi'an Jiaotong University,https://gr.xjtu.edu.cn/zh/web/linkangd,r-neGREAAAAJ,0009-0004-9028-9326
Linli Xu,USTC,http://staff.ustc.edu.cn/~linlixu/index.html,NOSCHOLARPAGE,0000-0003-0227-3793
Linlin Shen,Shenzhen University,http://csse.szu.edu.cn/en/people31dd.html?25226,AZ_y9HgAAAAJ,0000-0003-1420-0815
Linlin Yu,Augusta University,https://linlin-yu.github.io,3pu55HoAAAAJ,0000-0000-0000-0000
Linmei Hu,BUPT,https://scs.bupt.edu.cn/info/1089/2292.htm,TN7dWwEAAAAJ,0000-0003-0993-8495
Linmi Tao,Tsinghua University,http://www.tsinghua.edu.cn/publish/csen/4623/2010/20101224172944081935675/20101224172944081935675_.html,NOSCHOLARPAGE,0000-0001-7731-708X
Linna Zhou,BUPT,https://scss.bupt.edu.cn/info/1063/3295.htm,NOSCHOLARPAGE,0000-0000-0000-0000
Linpeng Huang,Shanghai Jiao Tong University,https://ddst.sjtu.edu.cn/MemberDetail.aspx?id=2,IC620Q4AAAAJ,0000-0002-1531-7962
Linqi Song,City University of Hong Kong,https://sites.google.com/site/aisquaredlab,UcGN3MoAAAAJ,0000-0003-2756-4984
Linwei Wang,Rochester Inst. of Technology,https://www.rit.edu/gccis/linwei-wang,CG56DzcAAAAJ,0000-0000-0000-0000
Linyi Li 0001,Simon Fraser University,https://linyil.com,-b0sk-YAAAAJ,0000-0002-5403-3217
Linyi Yang,SUSTech,https://yanglinyi.github.io,go3sFxcAAAAJ,0000-0003-0667-7349
Linzhang Wang,Nanjing University,http://cs.nju.edu.cn/lzwang,3BoHCW8AAAAJ,0000-0003-4794-1652
Lionel M. Ni,HKUST,https://www.cse.ust.hk/~ni,OzMYwDIAAAAJ,0000-0000-0000-0000
Lionel Ming-shuan Ni,HKUST,https://www.cse.ust.hk/~ni,OzMYwDIAAAAJ,0000-0000-0000-0000
Lionel Morel,Ecole Normale Superieure de Lyon,http://lionel.morel.ouvaton.org/wp,fkrc1-MAAAAJ,0000-0000-0000-0000
Lionel Parreaux,HKUST,https://www.cse.ust.hk/~parreaux,jQqTdHwAAAAJ,0000-0002-8805-0728
Lionel Robert Morel,Ecole Normale Superieure de Lyon,http://lionel.morel.ouvaton.org/wp,fkrc1-MAAAAJ,0000-0000-0000-0000
Lionel Seinturier,CRIStAL,http://chercheurs.lille.inria.fr/~seinturi,XmiDIkYAAAAJ,0000-0003-0006-6088
Lior Pachter,California Inst. of Technology,http://pachterlab.github.io/biography.html,DKfEcuEAAAAJ,0000-0002-9164-6231
Lior S. Pachter,California Inst. of Technology,http://pachterlab.github.io/biography.html,DKfEcuEAAAAJ,0000-0000-0000-0000
Lior Shamir,Kansas State University,http://people.cs.ksu.edu/~lshamir,mP-0XmYAAAAJ,0000-0002-6207-1491
Lior Wolf,Tel Aviv University,http://www.cs.tau.ac.il/~wolf,UbFrXTsAAAAJ,0000-0001-5578-8892
Liping Liu 0001,Tufts University,https://www.eecs.tufts.edu/~liulp,aFaGunAAAAAJ,0000-0002-3690-3928
Liping Shen,Shanghai Jiao Tong University,http://www.cs.sjtu.edu.cn/~shen-lp,NOSCHOLARPAGE,0009-0001-2688-1868
Lipsarani Sahoo,UNC - Charlotte,https://cci.charlotte.edu/people/lipsarani-sahoo,fMWmYIIAAAAJ,0000-0000-0000-0000
Liqiang Lu,Zhejiang University,http://person.zju.edu.cn/liqianglu,wvpFjh0AAAAJ,0000-0002-3801-6847
Liqiang Nie,Harbin Institute of Technology,http://faculty.hitsz.edu.cn/nieliqiang,yywVMhUAAAAJ,0000-0003-1476-0273
Liqiang Wang 0001,University of Central Florida,http://www.cs.ucf.edu/~lwang/index.html,mZKxB10AAAAJ,0000-0002-1265-4656
Liqing Zhang 0001,Shanghai Jiao Tong University,http://bcmi.sjtu.edu.cn/~zhangliqing/Index.html,1smFmxAAAAAJ,0000-0001-7597-8503
Liqing Zhang 0002,Virginia Tech,http://people.cs.vt.edu/~lqzhang,erM6KTMAAAAJ,0000-0003-4660-9199
Liqiong Tang,Massey University,http://www.massey.ac.nz/massey/expertise/profile.cfm?stref=715330,NOSCHOLARPAGE,0000-0002-8499-5169
Liqun Chen 0002,University of Surrey,https://www.surrey.ac.uk/people/liqun-chen,3IH9iokAAAAJ,0000-0003-2680-4907
Lirong Xia,Rutgers University,https://people.cs.rutgers.edu/~lirong.xia,C19mgCgAAAAJ,0000-0002-9800-6691
Lisa Anthony,University of Florida,https://lisa-anthony.com,GUucp2UAAAAJ,0000-0002-9617-2952
Lisa Beinborn,University of Göttingen,https://clap-lab.github.io,Mh5y8L0AAAAJ,0000-0000-0000-0000
Lisa Bylinina,University of Groningen,https://bylinina.github.io,8ZBQ3bsAAAAJ,0000-0002-4603-616X
Lisa Cingiser DiPippo,University of Rhode Island,https://web.uri.edu/cs/meet/lisa-dipippo,NOSCHOLARPAGE,0000-0000-0000-0000
Lisa Fan,University of Regina,http://www.cs.uregina.ca/People/Profiles/LisaFan.html,NOSCHOLARPAGE,0000-0000-0000-0000
Lisa Hellerstein,New York University,https://cse.engineering.nyu.edu/~hstein,A45mhtsAAAAJ,0000-0000-0000-0000
Lisa McCann,University of Strathclyde,https://pureportal.strath.ac.uk/en/persons/lisa-mccann/publications,NOSCHOLARPAGE,0000-0002-5322-5778
Lisa Singh,Georgetown University,http://people.cs.georgetown.edu/~singh,NOSCHOLARPAGE,0000-0002-8300-2970
Lisa Wu 0001,Duke University,https://www.lisawuwills.com,bAhJeo0AAAAJ,0000-0002-3574-3440
Lisa Wu Wills,Duke University,https://www.lisawuwills.com,bAhJeo0AAAAJ,0000-0002-3574-3440
Lisandro Zambenedetti Granville,UFRGS,http://www.inf.ufrgs.br/granville,v9JjkyYAAAAJ,0000-0000-0000-0000
Lise Getoor,Univ. of California - Santa Cruz,https://www.soe.ucsc.edu/people/getoor,Y8-xGncAAAAJ,0000-0000-0000-0000
Lishan Yang,George Mason University,https://lishanyang.github.io,y_n3bHoAAAAJ,0000-0002-0735-8617
Lisheng Huang,UESTC,https://www.en.scse.uestc.edu.cn/info/1085/2027.htm,NOSCHOLARPAGE,0000-0000-0000-0000
Lisi Chen 0001,UESTC,https://www.en.scse.uestc.edu.cn/info/1085/2018.htm,2YD5wcEAAAAJ,0000-0003-4233-3543
Lisimachos P. Kondi,University of Ioannina,https://cs.uoi.gr/~lkon,VVz5ATwAAAAJ,0000-0000-0000-0000
Lisimachos Paul Kondi,University of Ioannina,https://cs.uoi.gr/~lkon,VVz5ATwAAAAJ,0000-0000-0000-0000
Lisong Xu,University of Nebraska,http://cse.unl.edu/~xu,ns_6BgMAAAAJ,0000-0003-3465-4056
Liting Hu,Univ. of California - Santa Cruz,https://people.ucsc.edu/~lhu82,jG2EBooAAAAJ,0009-0007-7222-5507
Lituan Wang,Sichuan University,https://cs.scu.edu.cn/info/1289/17442.htm,NOSCHOLARPAGE,0000-0000-0000-0000
Liu Leqi,University of Texas at Austin,https://leqiliu.github.io,zmbW4iUAAAAJ,0000-0002-9707-4529
Liu Liu 0017,Rensselaer Polytechnic Institute,https://liuliu-cs.github.io,_lxwnx4AAAAJ,0000-0003-0792-8146
Liuba Shrira,Brandeis University,http://www.cs.brandeis.edu/~liuba,tyUShkAAAAAJ,0000-0000-0000-0000
Liujuan Cao,Xiamen University,https://mac.xmu.edu.cn/ljcao,iYEcVaAAAAAJ,0000-0000-0000-0000
Liusheng Huang,USTC,http://dsxt.ustc.edu.cn/zj_ywjs.asp?zzid=36,1XHpROsAAAAJ,0000-0000-0000-0000
Liwan H. Liyanage,Western Sydney University,https://www.westernsydney.edu.au/staff_profiles/WSU/doctor_liwan_liyanage,Yor2urQAAAAJ,0000-0000-0000-0000
Liwei Chan 0001,National Chiao Tung University,http://people.cs.nctu.edu.tw/~liweichan,yF0Cw1EAAAAJ,0000-0002-7862-2817
Liwei Wang 0001,Peking University,http://www.cis.pku.edu.cn/faculty/vision/wangliwei,NOSCHOLARPAGE,0000-0000-0000-0000
Liwei Wang 0009,Chinese University of Hong Kong,https://lwwangcse.github.io,qnbdnZEAAAAJ,0000-0003-3264-1294
Lixia Zhang 0001,Univ. of California - Los Angeles,http://www.cs.ucla.edu/~lixia,CZyWk8kAAAAJ,0000-0000-0000-0000
Lixiang Li 0001,BUPT,https://scss.bupt.edu.cn/info/1063/1187.htm,xXyZ2VkAAAAJ,0000-0000-0000-0000
Lixiang Lian,ShanghaiTech University,https://lixianglian.github.io,8TyVElEAAAAJ,0000-0000-0000-0000
Lixiao Cui,Nankai University,https://cc.nankai.edu.cn/2021/0323/c13621a584707/page.htm,8582HcQAAAAJ,0000-0002-4017-0974
Lixin Ding,Wuhan University,https://cs.whu.edu.cn/info/1019/2885.htm,NOSCHOLARPAGE,0000-0000-0000-0000
Lixin Duan,UESTC,http://www.lxduan.info,inRIcS0AAAAJ,0000-0002-0723-4016
Lixin Fu 0001,UNC - Greensboro,https://home.uncg.edu/~l_fu,epLooGEAAAAJ,0000-0000-0000-0000
Lixin Gao 0001,Univ. of Massachusetts Amherst,https://www.umass.edu/engineering/about/directory/lixin-gao,bOKmjf8AAAAJ,0000-0002-9017-5132
Liyan Xie,CUHK (SZ),https://mypage.cuhk.edu.cn/academics/xieliyan,KtLwkBYAAAAJ,0000-0000-0000-0000
Liyana Shuib,University of Malaya,https://umexpert.um.edu.my/liyanashuib,qXTI0QAAAAJ,0000-0000-0000-0000
Liyao Xiang,Shanghai Jiao Tong University,http://xiangliyao.cn,lnE2EFIAAAAJ,0000-0003-0165-4930
Liyi Li 0002,Iowa State University,https://www.cs.iastate.edu/people/liyi-li,elqX6foAAAAJ,0000-0001-8184-0244
Liyi Zhou,University of Sydney,https://lzhou1110.github.io,xEXQBfMAAAAJ,0000-0002-2820-9872
Liying Li 0001,University of Glasgow,https://www.gla.ac.uk/schools/computing/staff/emmali,kaDrMqwAAAAJ,0000-0003-4200-0669
Liyong Ren,UESTC,https://www.is.uestc.edu.cn/teachers.do?id=1042,NOSCHOLARPAGE,0000-0000-0000-0000
Liyong Tang,Peking University,http://eecs.pku.edu.cn/EN/People/Faculty/Detail/?ID=6071,NOSCHOLARPAGE,0000-0000-0000-0000
Liyue Fan,UNC - Charlotte,https://webpages.charlotte.edu/lfan4/index.html,mPJmXakAAAAJ,0000-0000-0000-0000
Liz Sonenberg,University of Melbourne,http://people.eng.unimelb.edu.au/lizs,w8EFH0IAAAAJ,0000-0000-0000-0000
Lizbeth Escobedo,Dalhousie University,https://sites.google.com/site/lizbethescobedo/home,lPSfdqAAAAAJ,0000-0003-2783-047X
Lizhao You,Xiamen University,https://youlizhao.github.io,K-ezxtsAAAAJ,0000-0002-9672-7938
Lizhen Qu,Monash University,https://research.monash.edu/en/persons/lizhen-qu,cHXZgHUAAAAJ,0000-0002-7764-431X
Lizhi Liao,University of Guelph,https://socs.uoguelph.ca/~lliao01,yN6yKMYAAAAJ,0000-0001-9920-5855
Lizhi Peng,University of Jinan,https://mln.ujn.edu.cn/MLNBA/index.html,4wYP1csAAAAJ,0000-0000-0000-0000
Lizhong Chen,Oregon State University,http://web.engr.oregonstate.edu/~chenliz,txM1gcUAAAAJ,0000-0000-0000-0000
Lizhuang Ma,Shanghai Jiao Tong University,https://dmcv.sjtu.edu.cn/people,yd58y_0AAAAJ,0000-0003-1653-4341
Lizi Liao,Singapore Management University,https://scis.smu.edu.sg/faculty/profile/6261/liao-lizi,W2b08EUAAAAJ,0000-0002-9973-3305
Lizong Zhang,UESTC,https://www.en.scse.uestc.edu.cn/info/1085/1931.htm,NOSCHOLARPAGE,0000-0000-0000-0000
Lizzie Coles-Kemp,Royal Holloway Univ. of London,https://pure.royalholloway.ac.uk/en/persons/lizzie-coles-kemp,NOSCHOLARPAGE,0000-0003-4143-2347
Ljubomir Perkovic,DePaul University,http://www.cdm.depaul.edu/about/Pages/People/facultyinfo.aspx?fid=188,6dwowIYAAAAJ,0000-0000-0000-0000
Llorenç Cerdà,Polytechnic Univ. of Catalonia,http://dsg.ac.upc.edu/llorenc,LwfxWokAAAAJ,0000-0000-0000-0000
Llorenç Cerdà-Alabern,Polytechnic Univ. of Catalonia,http://dsg.ac.upc.edu/llorenc,LwfxWokAAAAJ,0000-0000-0000-0000
Lluís Màrquez,Qatar Computing Research Inst.,http://www.qcri.org/our-people/bio?pid=145&amp;par=acc&amp;name=LluisMarquez,yFNUfjsAAAAJ,0000-0000-0000-0000
Lluís Màrquez i Villodre,Qatar Computing Research Inst.,http://www.qcri.org/our-people/bio?pid=145&amp;par=acc&amp;name=LluisMarquez,yFNUfjsAAAAJ,0000-0000-0000-0000
Lluís Vilanova,Imperial College London,https://www.doc.ic.ac.uk/~lvilanov,aMMzgPoAAAAJ,0000-0002-1452-840X
Loai M. Alnemer,University of Jordan,http://eacademic.ju.edu.jo/L.nemer,4w18VJgAAAAJ,0000-0000-0000-0000
Loana Tito Nogueira,UFF,http://www2.ic.uff.br/~loana,AQsF0MYAAAAJ,0000-0000-0000-0000
Loay Sabry-Ismaïl,Qatar University,http://www.qu.edu.qa/engineering/computer/faculty/loay.php,NOSCHOLARPAGE,0000-0000-0000-0000
Lodewyk F. A. Wessels,TU Delft,https://www.nki.nl/divisions/molecular-carcinogenesis/wessels-l-group,NOSCHOLARPAGE,0000-0000-0000-0000
Loek Cleophas,TU Eindhoven,https://www.tue.nl/en/university/departments/mathematics-and-computer-science/the-department/staff/detail/ep/e/d/ep-uid/19971941,dKA2bqcAAAAJ,0000-0000-0000-0000
Loek G. Cleophas,TU Eindhoven,https://www.tue.nl/en/university/departments/mathematics-and-computer-science/the-department/staff/detail/ep/e/d/ep-uid/19971941,dKA2bqcAAAAJ,0000-0000-0000-0000
Lois Wright Hawkes,Florida State University,http://www.cs.fsu.edu/~hawkes,NOSCHOLARPAGE,0000-0000-0000-0000
Lok-won Kim,Kyung Hee University,http://ce.khu.ac.kr/eng/blog/blog_page.php?r_Idx=28&b_menuNum=2,Df1_a_4AAAAJ,0000-0000-0000-0000
Lone Leth,Aalborg University,http://people.cs.aau.dk/~lone,vyYcihcAAAAJ,0000-0000-0000-0000
Lone Leth Thomsen,Aalborg University,http://people.cs.aau.dk/~lone,vyYcihcAAAAJ,0000-0003-1035-5975
Long Chen 0016,HKUST,https://zjuchenlong.github.io,-gtmMpIAAAAJ,0000-0001-6148-9709
Long Cheng 0005,Clemson University,https://people.computing.clemson.edu/~lcheng2,GuaBhicAAAAJ,0000-0003-1736-0873
Long Hoang Dang,PTIT,https://longhoangdang.github.io,unEG5bgAAAAJ ,0000-0002-2701-2365
Long Jiao,Univ. of Massachusetts Dartmouth,https://longjiao993.github.io,lMtcRhsAAAAJ,0000-0000-0000-0000
Long Lu,Northeastern University,http://www.longlu.org,5whzpxEAAAAJ,0000-0000-0000-0000
Long Quan,HKUST,https://www.cse.ust.hk/~quan,o1BYTL4AAAAJ,0000-0001-8148-1771
Long Tran-Thanh,University of Warwick,https://warwick.ac.uk/fac/sci/dcs/people/long_tran-thanh,YBQai3gAAAAJ,0000-0003-1617-8316
Long Zheng 0003,HUST,http://faculty.hust.edu.cn/ZhengLong/en/index.htm,NOSCHOLARPAGE,0000-0001-7903-2061
Long-Kai Huang,Hong Kong Baptist University,https://long-kai.github.io,CaP64WUAAAAJ,0000-0001-5263-1443
Long-Wen Chang,National Tsing Hua University,http://www.cs.nthu.edu.tw/~lchang,NOSCHOLARPAGE,0000-0000-0000-0000
Longbiao Chen,Xiamen University,https://asc.xmu.edu.cn/t/chenlongbiao,GnYUnUAAAAAJ,0000-0002-4554-6782
Longbing Cao,Macquarie University,https://researchers.mq.edu.au/en/persons/longbing-cao,cDs3DM8AAAAJ,0000-0003-1562-9429
Longbo Huang,Tsinghua University,http://iiis.tsinghua.edu.cn/~huang,g9d_K0sAAAAJ,0000-0002-7341-447X
Longbu Huang,Tsinghua University,http://iiis.tsinghua.edu.cn/~huang,g9d_K0sAAAAJ,0000-0000-0000-0000
Longfei Shangguan,University of Pittsburgh,https://shanggdlk.github.io,JsQoLTQAAAAJ,0000-0002-1153-7087
Longin Jan Latecki,Temple University,https://cis.temple.edu/~latecki,6sQtqo8AAAAJ,0000-0002-5102-8244
Longjun Liu,Xi'an Jiaotong University,http://gr.xjtu.edu.cn/en/web/liulongjun,Fq8U66oAAAAJ,0000-0002-7467-4994
Lonnie R. Welch,Ohio University,https://www.ohio.edu/engineering/about/people/profiles.cfm?profile=welch,NOSCHOLARPAGE,0000-0000-0000-0000
Lora Aroyo,VU Amsterdam,http://www.cs.vu.nl/~laroyo,FXGgl5IAAAAJ,0000-0001-9402-1133
Lora Oehlberg,University of Calgary,http://cpsc.ucalgary.ca/~lora.oehlberg,8GzaBdwAAAAJ,0000-0001-7216-7895
Loren G. Terveen,University of Minnesota,http://www-users.cs.umn.edu/~terveen,r6cAovIAAAAJ,0000-0000-0000-0000
Loren Gilbert Terveen,University of Minnesota,http://www-users.cs.umn.edu/~terveen,r6cAovIAAAAJ,0000-0000-0000-0000
Loren Schwiebert,Wayne State University,http://www.cs.wayne.edu/~loren,mP7h9LcAAAAJ,0000-0002-7167-7436
Loren Terveen,University of Minnesota,http://www-users.cs.umn.edu/~terveen,r6cAovIAAAAJ,0000-0002-8843-4035
Lorenz M. Hilty,University of Zurich,http://www.ifi.uzh.ch/isr/people/hilty.html,nRTZV54AAAAJ,0000-0000-0000-0000
Lorenzo Alvisi,Cornell University,https://www.cs.utexas.edu/~lorenzo,K_-KJi8AAAAJ,0000-0002-9857-5528
Lorenzo Baraldi 0001,Univ. of Modena and Reggio Emilia,https://aimagelab.ing.unimore.it/imagelab/person.asp?idpersona=82,V4RuMvsAAAAJ,0000-0001-5125-4957
Lorenzo Bruzzone,University of Trento,https://rslab.disi.unitn.it,ff9-TK4AAAAJ,0000-0000-0000-0000
Lorenzo Carlucci,Sapienza University of Rome,http://wwwusers.di.uniroma1.it/~carlucci,ELz2WEoAAAAJ,0000-0000-0000-0000
Lorenzo Cavallaro,University College London,https://s2lab.cs.ucl.ac.uk/people/sullivan,oWT7fIYAAAAJ,0000-0002-3878-2680
Lorenzo Clemente,University of Warsaw,http://www.labri.fr/perso/herbrete,N5a0IB8AAAAJ,0000-0000-0000-0000
Lorenzo Gatti,University of Twente,https://research.utwente.nl/en/persons/05c20deb-29ea-4131-b079-4223e8674824,W21Zb70AAAAJ,0000-0000-0000-0000
Lorenzo Livi,University of Manitoba,https://sites.google.com/site/lorenzlivi/home,hAL9amAAAAAJ,0000-0001-6384-4743
Lorenzo Masia,Heidelberg University,https://www.lorenzomasia.com/home,07hYOU0AAAAJ,0000-0003-2402-7139
Lorenzo Orecchia,University of Chicago,http://www.bu.edu/cs/lorenzo-orecchia,dT7yOrwAAAAJ,0000-0001-7558-1397
Lorenzo Strigini,City University of London,https://www.city.ac.uk/people/academics/lorenzo-strigini,NOSCHOLARPAGE,0000-0000-0000-0000
Lorenzo Torresani,Northeastern University,https://ltorresa.github.io/home.html,ss8KR5gAAAAJ,0000-0000-0000-0000
Lori L. Pollock,University of Delaware,https://www.eecis.udel.edu/~pollock,fmt12jMAAAAJ,0000-0002-4388-4892
Lorie M. Liebrock,New Mexico Tech,https://www.cs.nmt.edu/~liebrock,TMkX4lMAAAAJ,0000-0000-0000-0000
Loris D'Antoni,Univ. of California - San Diego,https://cseweb.ucsd.edu/~ldantoni,ao8EeJ8AAAAJ,0000-0001-9625-4037
Loris Marchal,Ecole Normale Superieure de Lyon,http://graal.ens-lyon.fr/~lmarchal,Fv5NiSwAAAAJ,0000-0002-5519-9913
Lorna K. Stewart,University of Alberta,http://webdocs.cs.ualberta.ca/~stewart,NOSCHOLARPAGE,0000-0000-0000-0000
Lorna Stewart,University of Alberta,http://webdocs.cs.ualberta.ca/~stewart,NOSCHOLARPAGE,0000-0000-0000-0000
Lorne Olfman,Claremont Graduate University,https://www.cgu.edu/people/lorne-olfman,fXqjPDUAAAAJ,0000-0000-0000-0000
Lorraine A. K. Ayad,Brunel University London,http://people.brunel.ac.uk/~blla008,i51w1C0AAAAJ,0000-0003-0846-2616
Lorraine McGinty,University College Dublin,https://people.ucd.ie/lorraine.mcginty,ArXHFdYAAAAJ,0000-0000-0000-0000
Lorrie Faith Cranor,Carnegie Mellon University,http://lorrie.cranor.org,kIUqgbcAAAAJ,0000-0003-2125-0124
Lothar Thiele,ETH Zurich,https://people.ee.ethz.ch/~thiele,OaAKHewAAAAJ,0000-0001-6139-868X
Louay Bazzi,American University of Beirut,https://www.aub.edu.lb/fea/publicprofile/Pages/profile.aspx?MemberId=lb13,9oNkK7YAAAAJ,0000-0000-0000-0000
Louay M. J. Bazzi,American University of Beirut,https://www.aub.edu.lb/fea/publicprofile/Pages/profile.aspx?MemberId=lb13,9oNkK7YAAAAJ,0000-0000-0000-0000
Loubna Mekouar,Mohammed VI Polytechnic University,https://cc.um6p.ma/people/Loubna.MEKOUAR,QrGz_fMAAAAJ,0000-0002-2432-9105
Louiqa Raschid,Univ. of Maryland - College Park,https://www.cs.umd.edu/people/lraschid,MD8nInYAAAAJ,0000-0002-0630-6049
Louis Bigo,CRIStAL,http://louisbigo.com/louis_bigo,NOSCHOLARPAGE,0000-0000-0000-0000
Louis D'Alotto,CUNY,https://www.york.cuny.edu/portal_college/ldaotto,OtxLPl4AAAAJ,0000-0000-0000-0000
Louis D. Nel,Carleton University,http://www.scs.carleton.ca/~ldnel,NOSCHOLARPAGE,0000-0000-0000-0000
Louis I. Steinberg,Rutgers University,https://www.cs.rutgers.edu/~lou,NOSCHOLARPAGE,0000-0000-0000-0000
Louis L. Whitcomb,Johns Hopkins University,https://dscl.lcsr.jhu.edu,ppn7g_cAAAAJ,0000-0003-2398-1000
Louis Massey,Royal Military College of Canada,https://www.rmc-cmr.ca/en/mathematics-and-computer-science/dr-louis-massey,NOSCHOLARPAGE,0000-0000-0000-0000
Louis Petingi,CUNY,http://www.cs.csi.cuny.edu/~petingi,LCBI27EAAAAJ,0000-0000-0000-0000
Louis Salvail,University of Montreal,http://www.iro.umontreal.ca/~salvail,NOSCHOLARPAGE,0000-0000-0000-0000
Louis-Noël Pouchet,Colorado State University,https://www.cs.colostate.edu/~pouchet,TCppIZYAAAAJ,0000-0000-0000-0000
Louis-Philippe Morency,Carnegie Mellon University,https://www.cs.cmu.edu/~morency,APgaFK0AAAAJ,0000-0001-6376-7696
Louise A. Dennis,University of Manchester,https://personalpages.manchester.ac.uk/staff/louise.dennis,5d8ouI8AAAAJ,0000-0003-1426-1896
Louise Abigail Dennis,University of Liverpool,https://www.liverpool.ac.uk/computer-science/staff/louise-dennis,5d8ouI8AAAAJ,0000-0000-0000-0000
Louise Barkhuus,IT University of Copenhagen,https://barkhu.us,dAeFXDcAAAAJ,0000-0003-1306-249X
Louise Knight,Cardiff University,https://www.cardiff.ac.uk/people/view/1235342-knight-louise,hdQxi5cAAAAJ,0000-0003-1431-197X
Louise Laforest,Université du Québec à Montréal,https://professeurs.uqam.ca/professeur/Y%252bVnHzE%252bja4_,NOSCHOLARPAGE,0000-0000-0000-0000
Loukas Georgiadis,University of Ioannina,https://cs.uoi.gr/~loukas,y5vDB7sAAAAJ,0000-0002-9706-7409
Lourdes Agapito,University College London,http://www0.cs.ucl.ac.uk/people/L.Agapito.html,IRMX4-4AAAAJ,0000-0002-6947-1092
Lourdes Peña Castillo,Memorial Univ. of Newfoundland,https://www.mun.ca/computerscience/people/lourdes.php,4MmWOFMAAAAJ,0000-0002-0643-2547
Lourdes de Agapito,University College London,http://www0.cs.ucl.ac.uk/people/L.Agapito.html,IRMX4-4AAAAJ,0000-0002-6947-1092
Louwe B. Kuijer,University of Liverpool,https://www.liverpool.ac.uk/computer-science/staff/louwe-kuijer,iF9PsigAAAAJ,0000-0000-0000-0000
Louwe Bouke Kuijer,University of Liverpool,https://www.liverpool.ac.uk/computer-science/staff/louwe-kuijer,iF9PsigAAAAJ,0000-0000-0000-0000
Loïc Cerf,UFMG,http://homepages.dcc.ufmg.br/~lcerf,NOSCHOLARPAGE,0000-0000-0000-0000
Loïc Denis,Université Jean Monnet,http://perso.univ-st-etienne.fr/deniloic,QGsZcgIAAAAJ,0000-0000-0000-0000
Loïc Guégan,UiT The Arctic Univ. of Norway,https://uit.no/ansatte/loic.guegan,Pbx3UJMAAAAJ,0000-0002-2576-2672
Lu Bai 0006,Queen's University Belfast,https://pure.qub.ac.uk/en/persons/lu-bai,MUOkK-IAAAAJ,0000-0000-0000-0000
Lu Chen 0001,Zhejiang University,https://person.zju.edu.cn/luchen,gLOpEaIAAAAJ,0000-0002-5685-7017
Lu Chen 0002,Shanghai Jiao Tong University,https://coai-sjtu.github.io,Fb3jWaYAAAAJ,0000-0001-8687-4806
Lu Cheng 0001,University of Illinois at Chicago,https://cs.uic.edu/profiles/cheng-lu,9rpkTSkAAAAJ,0000-0002-2503-2522
Lu Feng 0001,University of Virginia,http://www.cs.virginia.edu/~lufeng,HiyMQzEAAAAJ,0000-0000-0000-0000
Lu Lin 0001,Pennsylvania State University,https://louise-lulin.github.io,8N04pBgAAAAJ,0000-0002-2539-3352
Lu Mi,Tsinghua University,https://lumimim.github.io,vokCG-MAAAAJ,0000-0000-0000-0000
Lu Peng 0001,Tulane University,https://cs.tulane.edu/~lpeng3,NOSCHOLARPAGE,0000-0003-3545-286X
Lu Qin 0001,University of Technology Sydney,https://www.uts.edu.au/staff/lu.qin,DQHL47oAAAAJ,0000-0001-6068-5062
Lu Ruan 0001,Iowa State University,http://www.cs.iastate.edu/~ruan,3FrD14AAAAAJ,0000-0003-3902-3747
Lu Su,University at Buffalo,https://cse.buffalo.edu/~lusu,38RuCN4AAAAJ,0000-0000-0000-0000
Lu Sun 0001,ShanghaiTech University,https://lusun912.github.io,TOwN47oAAAAJ,0000-0001-8126-2982
Lu Tang 0004,Xiamen University,https://grace-tl.github.io,ztD94z4AAAAJ,0000-0003-2923-6247
Lu Wang 0002,Shenzhen University,https://luwang-szu.github.io,zIsOLWUAAAAJ,0000-0001-6345-3873
Lu Wang 0004,Texas State University,https://cs.txstate.edu/accounts/profiles/tsu9,vL-EZ_IAAAAJ,0000-0000-0000-0000
Lu Wang 0008,University of Michigan,https://web.eecs.umich.edu/~wangluxy,uczqEdUAAAAJ,0000-0003-2337-2619
Lu Wei 0001,Texas Tech University,https://sites.google.com/site/homeluwei,f-RAC80AAAAJ,0000-0000-0000-0000
Lu Yin 0006,University of Surrey,https://www.surrey.ac.uk/people/lu-yin,G4Xe1NkAAAAJ,0000-0000-0000-0000
Lu Zhang 0021,University of Arkansas,http://www.csce.uark.edu/~lz006,06ms8fMAAAAJ,0000-0002-8972-8799
Lu Zhang 0023,Peking University,http://sei.pku.edu.cn/~zhanglu,JUnz2VcAAAAJ,0000-0001-8304-7055
Luana Ruiz,Johns Hopkins University,https://luanaruiz9.github.io,SWVeT4AAAAAJ,0000-0002-9666-1211
Luay Nakhleh,Rice University,https://www.cs.rice.edu/~nakhleh,46HLWf8AAAAJ,0000-0003-3288-6769
Lubomir Bic,Univ. of California - Irvine,http://www.ics.uci.edu/~bic,NOSCHOLARPAGE,0000-0000-0000-0000
Lubomir F. Bic,Univ. of California - Irvine,http://www.ics.uci.edu/~bic,NOSCHOLARPAGE,0000-0000-0000-0000
Lubomír Bulej,Charles University,https://d3s.mff.cuni.cz/people/lubomirbulej,atYTBKIAAAAJ,0000-0002-4573-6084
Lubomír Popelínský,Masaryk University,https://www.muni.cz/en/people/1945,NOSCHOLARPAGE,0000-0000-0000-0000
Lubos Brim,Masaryk University,https://www.muni.cz/en/people/197,-EvkffIAAAAJ,0000-0001-9393-7545
Lubos Popelínský,Masaryk University,https://www.muni.cz/en/people/1945,NOSCHOLARPAGE,0000-0000-0000-0000
Luc Berthouze,University of Sussex,http://www.sussex.ac.uk/informatics/people/peoplelists/person/201607,WvYeh5IAAAAJ,0000-0003-3774-2369
Luc Bougé,Ecole Normale Superieure de Rennes,https://team.inria.fr/kerdata/luc-bouge,uag6ZjcAAAAJ,0000-0002-5510-4443
Luc De Raedt,KU Leuven,https://people.cs.kuleuven.be/~luc.deraedt,dgobB6AAAAAJ,0000-0002-6860-6303
Luc Devroye,McGill University,http://luc.devroye.org,DC_7koIAAAAJ,0009-0001-4330-8991
Luc Lamontagne,Université Laval,http://www2.ift.ulaval.ca/~lamontagne,mCsuyb0AAAAJ,0000-0003-0255-5117
Luc Lavoie,Université de Sherbrooke,https://www.usherbrooke.ca/informatique/personnel/corps-professoral/professeurs/luc-lavoie,NOSCHOLARPAGE,0000-0000-0000-0000
Luc Longpré,University of Texas - El Paso,http://faculty.utep.edu/longpre,NOSCHOLARPAGE,0000-0000-0000-0000
Luc Maranget,INRIA,https://cambium.inria.fr/~maranget,LXUYoD8AAAAJ,0000-0001-5312-7759
Luc Moreau 0001,King's College London,https://www.kcl.ac.uk/people/luc-moreau,q6JskukAAAAJ,0000-0002-3494-120X
Luc Segoufin,Ecole Normale Superieure de Cachan,http://www.lsv.ens-cachan.fr/~segoufin/Papers,NOSCHOLARPAGE,0000-0002-9564-7581
Luc Van Gool,INSAIT,https://insait.ai/prof-luc-van-gool,TwMib_QAAAAJ,0000-0002-3445-5711
Luca Abeni,Scuola Superiore Sant'Anna,http://retis.sssup.it/~luca,C3a6glEAAAAJ,0000-0002-7080-9601
Luca Aceto,GSSI,http://www.ru.is/faculty/luca,UVWAdjsAAAAJ,0000-0000-0000-0000
Luca Allodi,TU Eindhoven,https://www.tue.nl/en/university/departments/mathematics-and-computer-science/the-department/staff/detail/ep/e/d/ep-uid/20179507/ep-tab/2,aHbp3AQAAAAJ,0000-0003-1600-0868
Luca Barletta,Politecnico di Milano,http://home.deib.polimi.it/barletta,vu_mjR0AAAAJ,0000-0000-0000-0000
Luca Becchetti,Sapienza University of Rome,http://www.diag.uniroma1.it/users/luca%20becchetti,EEVf5wEAAAAJ,0000-0002-4941-0532
Luca Bedogni,Univ. of Modena and Reggio Emilia,https://personale.unimore.it/rubrica/dettaglio/bedogni,N0ocP0EAAAAJ,0000-0001-9993-4046
Luca Benini,ETH Zurich,https://www.ee.ethz.ch/the-department/people-a-z/person-detail.html?persid=194234,8riq3sYAAAAJ,0000-0001-8068-3806
Luca Biggio,Bocconi University,https://cs.unibocconi.eu/people/luca-biggio,6HtmuegAAAAJ,0000-0000-0000-0000
Luca Breveglieri,Politecnico di Milano,https://www.deib.polimi.it/eng/people/details/110272,NOSCHOLARPAGE,0000-0001-5294-6840
Luca Cardelli,University of Oxford,https://www.cs.ox.ac.uk/people/luca.cardelli,npBTgSsAAAAJ,0000-0002-8705-8488
Luca Citi,University of Essex,https://www.essex.ac.uk/people/citil35902/luca-citi,HnQm_pAAAAAJ,0000-0001-8702-5654
Luca Daniel,Massachusetts Inst. of Technology,http://www.mit.edu/~dluca,JtPNrS8AAAAJ,0000-0002-5880-3151
Luca Deri,University of Pisa,http://luca.ntop.org,srOJdg8AAAAJ,0000-0000-0000-0000
Luca Ferretti,Univ. of Modena and Reggio Emilia,https://personale.unimore.it/rubrica/dettaglio/lferrett,yXmalr4AAAAJ,0000-0000-0000-0000
Luca Gemignani,University of Pisa,http://www.di.unipi.it/~lgemignani,PtMCtZsAAAAJ,0000-0000-0000-0000
Luca Greco 0001,University of Salerno,https://docenti.unisa.it/023586/home,bLphet8AAAAJ,0000-0003-0246-2842
Luca Iocchi,Sapienza University of Rome,https://sites.google.com/a/dis.uniroma1.it/iocchi/home,KHhijC0AAAAJ,0000-0001-9057-8946
Luca Magri,Politecnico di Milano,https://magrilu.github.io,dF3qKXMAAAAJ,0000-0002-0598-8279
Luca Maria Aiello,IT University of Copenhagen,http://www.lajello.com,FIX-7hcAAAAJ,0000-0002-0654-2527
Luca Mariot,University of Twente,https://people.utwente.nl/l.mariot,I8Vq5WQAAAAJ,0000-0003-3089-6517
Luca Mottola,Politecnico di Milano,http://home.deib.polimi.it/mottola/index.html,VkFc88EAAAAJ,0000-0003-4560-9541
Luca P. Carloni,Columbia University,http://www.cs.columbia.edu/~luca,sEAoh3MAAAAJ,0000-0001-5600-8931
Luca Pasa,University of Padova,https://www.math.unipd.it/~lpasa,8_iWJqQAAAAJ,0000-0000-0000-0000
Luca Pazzi,Univ. of Modena and Reggio Emilia,https://personale.unimore.it/rubrica/dettaglio/pazzi,z6v7j1EAAAAJ,0000-0000-0000-0000
Luca Piras,Middlesex University,https://www.mdx.ac.uk/about-us/our-people/staff-directory/profile/piras-luca,m8bqB64AAAAJ,0000-0002-7530-4119
Luca Rossi 0003,IT University of Copenhagen,https://pure.itu.dk/portal/en/persons/luca-rossi(1b45e3f5-b8cd-4c0d-a444-2901304f76ee).html,Vv1gFf0AAAAJ,0000-0000-0000-0000
Luca Saglietti,Bocconi University,https://faculty.unibocconi.eu/lucasaglietti,klxwxyUAAAAJ,0000-0000-0000-0000
Luca Trevisan 0001,Bocconi University,https://lucatrevisan.github.io,4yuKD_AAAAAJ,0000-0002-6982-8530
Luca Viganò 0001,King's College London,https://www.kcl.ac.uk/people/luca-vigano,LFcIRfAAAAAJ,0000-0001-9916-271X
Luca de Alfaro,Univ. of California - Santa Cruz,https://users.soe.ucsc.edu/~luca,gkACFVcAAAAJ,0000-0000-0000-0000
Lucas C. Cordeiro,University of Manchester,https://ssvlab.github.io/lucasccordeiro,Lje1SFgAAAAJ,0000-0002-6235-4272
Lucas Ferrari De Oliveira,UFPR,https://web.inf.ufpr.br/lferrari,xrCN900AAAAJ,0000-0000-0000-0000
Lucas M. Silva,University of Iowa,https://cs.uiowa.edu/people/lucas-silva,wr-fjOgAAAAJ,0000-0001-9795-9071
Lucas Mello Schnorr,UFRGS,http://inf.ufrgs.br/~schnorr,nPAkDeYAAAAJ,0000-0000-0000-0000
Luce Brotcorne,CRIStAL,https://www.cristal.univ-lille.fr/profil/brotcorn,FbDXUDEAAAAJ,0000-0000-0000-0000
Lucia Dettori,DePaul University,https://www.cdm.depaul.edu/about/Pages/People/facultyinfo.aspx?fid=203,NOSCHOLARPAGE,0000-0000-0000-0000
Lucia Moura,University of Ottawa,http://www.site.uottawa.ca/~lucia,oL0v45UAAAAJ,0000-0003-1763-2584
Lucia Rapanotti,Open University UK,http://stem.open.ac.uk/people/lr38,NOSCHOLARPAGE,0000-0001-9032-775X
Lucia Specia,Imperial College London,http://wp.doc.ic.ac.uk/lspecia,wVl_z8kAAAAJ,0000-0002-5495-3128
Lucian Ilie,Western University,http://www.csd.uwo.ca/faculty/ilie,LdhygQ4AAAAJ,0000-0003-1856-3509
Luciana Benotti,Universidad Nacional de Córdoba,https://cs.famaf.unc.edu.ar/~luciana,QqsVx-oAAAAJ,0000-0001-7456-4333
Luciana P. Nedel,UFRGS,http://www.inf.ufrgs.br/~nedel,PNdeI7UAAAAJ,0000-0002-2390-1392
Luciana Porcher Nedel,UFRGS,http://www.inf.ufrgs.br/~nedel,PNdeI7UAAAAJ,0000-0002-2390-1392
Luciana S. Buriol,UFRGS,http://www.inf.ufrgs.br/~buriol,5BoIwjYAAAAJ,0000-0000-0000-0000
Luciana Salete Buriol,UFRGS,http://www.inf.ufrgs.br/~buriol,5BoIwjYAAAAJ,0000-0000-0000-0000
Lucianna Kiffer,IMDEA Networks Institute,https://networks.imdea.org/team/imdea-networks-team/people/lucianna-kiffer,5Uh677EAAAAJ,0000-0003-2022-7993
Luciano Baresi,Politecnico di Milano,http://home.deib.polimi.it/baresi,xvzzSFgAAAAJ,0000-0001-6467-837X
Luciano Cavalcante Siebert,TU Delft,https://www.tudelft.nl/ewi/over-de-faculteit/afdelingen/intelligent-systems/interactive-intelligence/people/current-group-members/luciano-cavalcante-siebert,txZ302gAAAAJ,0000-0002-7531-3154
Luciano García-Bañuelos,University of Tartu,http://www.ut.ee/en/luciano-garcia-banuelos,ly9UiYMAAAAJ,0000-0001-9076-903X
Luciano Paschoal Gaspary,UFRGS,http://www.inf.ufrgs.br/~paschoal,SnT7z5wAAAAJ,0000-0000-0000-0000
Luciano Silva,UFPR,https://www.inf.ufpr.br/luciano,_xB5NUgAAAAJ,0000-0001-6341-1323
Lucie Flek,University of Bonn,https://www.uni-bonn.de/de/forschung-lehre/forschungsprofil/transdisziplinaere-forschungsbereiche/modelling/mitgliederverzeichnis/lucie-flek,qZCZFp0AAAAJ,0000-0000-0000-0000
Lucien Haddad,Royal Military College of Canada,https://www.rmc-cmr.ca/en/mathematics-and-computer-science/dr-lucien-haddad,amlkJmIAAAAJ,0000-0000-0000-0000
Lucinéia Heloisa Thom,UFRGS,http://inf.ufrgs.br/~lucineia,MTLCh6oAAAAJ,0000-0000-0000-0000
Lucinéia Thom,UFRGS,http://inf.ufrgs.br/~lucineia,MTLCh6oAAAAJ,0000-0000-0000-0000
Lucio Mauro Duarte,UFRGS,http://inf.ufrgs.br/~lmduarte,NOSCHOLARPAGE,0000-0000-0000-0000
Lucjan Hanzlik,CISPA Helmholtz Center,https://cispa.saarland/people/lucjan.hanzlik,xV54a20AAAAJ,0009-0006-1941-693X
Lucy Hederman,Trinity College Dublin,https://www.scss.tcd.ie/Lucy.Hederman,hNpiWxkAAAAJ,0000-0001-6073-4063
Lucy Lu Wang,University of Washington,https://llwang.net,REBtJOYAAAAJ,0000-0001-8752-6635
Lucy Sparrow,University of Melbourne,https://findanexpert.unimelb.edu.au/profile/833179-lucy-sparrow,qhFWmqMAAAAJ,0000-0000-0000-0000
Ludek Matyska,Masaryk University,https://www.muni.cz/en/people/1904,XA85OFQAAAAJ,0000-0000-0000-0000
Ludger Humbert,University of Wuppertal,https://www.ai.uni-wuppertal.de/de/angewandte-informatik/personen/prof-ludger-humbert.html,NOSCHOLARPAGE,0000-0000-0000-0000
Ludovico Boratto,University of Cagliari,https://www.ludovicoboratto.com,1unjC10AAAAJ,0000-0002-6053-3015
Ludovico Iovino,GSSI,http://cs.gssi.it/ludovico.iovino,9LQwMlMAAAAJ,0000-0000-0000-0000
Ludwig Schmidt,University of Washington,https://www.engr.washington.edu/facresearch/newfaculty/2021/schmidt,SWMKy70AAAAJ,0000-0000-0000-0000
Lui Sha,Univ. of Illinois at Urbana-Champaign,https://cs.illinois.edu/directory/profile/lrs,SlXqNooAAAAJ,0000-0002-5578-0791
Luidi Gelabert Simonetti,UFRJ,http://www.cos.ufrj.br/~luidi,xOugM_4AAAAJ,0000-0000-0000-0000
Luidi Simonetti,UFRJ,http://www.cos.ufrj.br/~luidi,xOugM_4AAAAJ,0000-0000-0000-0000
Luigi Acerbi,University of Helsinki,https://lacerbi.github.io,QYBZoGwAAAAJ,0000-0001-7471-7336
Luigi Atzori,University of Cagliari,https://scholar.google.it/citations?user=O1bi1kAAAAAJ&hl=en,O1bi1kAAAAAJ,0000-0003-1350-3574
Luigi Benedicenti,University of New Brunswick,https://blogs.unb.ca/newsroom/2017/05/03/luigi-benedicenti-named-dean-of-computer-science-at-unb,hmN53dQAAAAJ,0000-0000-0000-0000
Luigi Carro,UFRGS,http://www.inf.ufrgs.br/~carro,vS6vkY4AAAAJ,0000-0002-7402-4780
Luigi Cerulo,University of Sannio,https://www.unisannio.it/it/users/luigi-cerulo,pumq55sAAAAJ,0000-0001-8342-3487
Luigi Cinque,Sapienza University of Rome,http://visionlab.di.uniroma1.it/content/luigi-cinque,NOSCHOLARPAGE,0000-0001-9149-2175
Luigi Lancieri,CRIStAL,http://cristal.univ-lille.fr/~lancieri,rYa0IzwAAAAJ,0000-0000-0000-0000
Luigi Palopoli 0002,University of Trento,https://luigipalopoli.disi.unitn.it,LhUmZKwAAAAJ,0000-0000-0000-0000
Luigi Troiano,University of Salerno,https://docenti.unisa.it/luigi.troiano,OegnMPoAAAAJ,0000-0002-8304-8813
Luigi V. Mancini,Sapienza University of Rome,https://sites.google.com/di.uniroma1.it/mancini,4ZkNiZYAAAAJ,0000-0003-4859-2191
Luigi Vincenzo Mancini,Sapienza University of Rome,https://sites.google.com/di.uniroma1.it/mancini,4ZkNiZYAAAAJ,0000-0003-4859-2191
Luigia Aiello,Sapienza University of Rome,http://www.diag.uniroma1.it/users/luigia%20carlucci-aiello,NOSCHOLARPAGE,0000-0000-0000-0000
Luigia Carlucci Aiello,Sapienza University of Rome,http://www.diag.uniroma1.it/users/luigia%20carlucci-aiello,NOSCHOLARPAGE,0000-0000-0000-0000
Luis A. F. M. Ferreira,Universidade de Lisboa,http://ciisa.fmv.ulisboa.pt/en/research-labs/research-lab-10/pessoas/item/64-luis-ferreira,7eEExREAAAAJ,0000-0000-0000-0000
Luis Antonio Brasil Kowada,UFF,http://www.professores.uff.br/kowada,8DN4mmEAAAAJ,0000-0000-0000-0000
Luis Antonio Garcia,University of Utah,https://lagarcia.us,F6Gzg9gAAAAJ,0000-0002-5111-0694
Luis C. E. Bona,UFPR,https://web.inf.ufpr.br/bona,YJL1PhUAAAAJ,0000-0000-0000-0000
Luis Carlos Erpen De Bona,UFPR,https://web.inf.ufpr.br/bona,YJL1PhUAAAAJ,0000-0001-6339-499X
Luis Ceze,University of Washington,https://www.cs.washington.edu/people/faculty/luisceze,KzESVKwAAAAJ,0000-0002-1377-6217
Luis Cruz 0002,TU Delft,https://luiscruz.github.io,O13oaH0AAAAJ,0000-0000-0000-0000
Luis Eduardo Teixeira Rodrigues,Universidade de Lisboa,http://www.gsd.inesc-id.pt/~ler,iSVcwh8AAAAJ,0000-0000-0000-0000
Luis Espinosa Anke,Cardiff University,https://www.cardiff.ac.uk/people/view/1063569-anke-luis,elA4WqkAAAAJ,0000-0000-0000-0000
Luis Felipe Costa Sperb,University of Edinburgh,http://www.inf.ed.ac.uk/people/staff/Felipe_Costa_Sperb.html,NOSCHOLARPAGE,0000-0000-0000-0000
Luis Felipe Gonzalez,Queensland Univ. of Technology,https://research.qut.edu.au/qcr/people/felipe-gonzalez,c_5ewxYAAAAJ,0000-0002-4342-3682
Luis Garcia 0001,University of Utah,https://lagarcia.us,F6Gzg9gAAAAJ,0000-0002-5111-0694
Luis Gravano,Columbia University,http://www.cs.columbia.edu/~gravano,Ff6era8AAAAJ,0000-0000-0000-0000
Luis Mateus Rocha,Indiana University,https://homes.luddy.indiana.edu/rocha,SIouE70AAAAJ,0000-0000-0000-0000
Luis Mejías,Queensland Univ. of Technology,https://research.qut.edu.au/qcr/people/luis-mejias-alvarez,MDWCSOQAAAAJ,0000-0002-6298-2340
Luis Mejías Alvarez,Queensland Univ. of Technology,https://research.qut.edu.au/qcr/people/luis-mejias-alvarez,MDWCSOQAAAAJ,0000-0002-6298-2340
Luis Pedrosa,Universidade de Lisboa,https://pedrosa.2y.net,Rue7JwcAAAAJ,0000-0002-4611-8309
Luis Rademacher,Univ. of California - Davis,https://www.math.ucdavis.edu/~lrademac,wNqCOAEAAAAJ,0000-0001-8708-2755
Luis Ramos Pinto,Universidade de Lisboa,https://ciencias.ulisboa.pt/perfil/lmpinto,stvtLQgAAAAJ,0000-0003-1997-5484
Luis Rueda 0001,University of Windsor,http://www.uwindsor.ca/science/computerscience/1033/dr-luis-rueda,2OPjLFkAAAAJ,0000-0001-7988-2058
Luis Velasco,Polytechnic Univ. of Catalonia,http://people.ac.upc.edu/lvelasco,lu3TqZMAAAAJ,0000-0000-0000-0000
Luis von Ahn,Carnegie Mellon University,https://www.cs.cmu.edu/~biglou,NOSCHOLARPAGE,0000-0000-0000-0000
Luisa Gargano,University of Salerno,http://www.di.unisa.it/~lg,bT6SzasAAAAJ,0000-0003-3459-1075
Luisa Siniscalchi,DTU,https://www.luisasiniscalchi.com,pzi3xdsAAAAJ,0000-0003-1813-1132
Luise Pufahl,TU Munich,https://www.professoren.tum.de/en/pufahl-luise,hPM4he0AAAAJ,0000-0000-0000-0000
Luiz Augusto de Macêdo Morais,UFPE,https://www.cin.ufpe.br/~lamm,QikAoAUAAAAJ,0000-0002-5506-9473
Luiz Carlos Pessoa Albini,UFPR,https://www.inf.ufpr.br/albini,4v6Ov_MAAAAJ,0000-0000-0000-0000
Luiz Chaimowicz,UFMG,http://homepages.dcc.ufmg.br/~chaimo,-6ws0MoAAAAJ,0000-0001-8156-9941
Luiz Eduardo Buzato,UNICAMP,http://www.ic.unicamp.br/~buzato,7MRt4MsAAAAJ,0000-0000-0000-0000
Luiz Eduardo Soares De Oliveira,UFPR,https://web.inf.ufpr.br/luizoliveira,oMgb9jgAAAAJ,0000-0000-0000-0000
Luiz F. Bittencourt,UNICAMP,http://www.ic.unicamp.br/~bit,ohMT6gcAAAAJ,0000-0000-0000-0000
Luiz Fernando Bittencourt,UNICAMP,http://www.ic.unicamp.br/~bit,ohMT6gcAAAAJ,0000-0000-0000-0000
Luiz Filipe M. Vieira,UFMG,http://homepages.dcc.ufmg.br/~lfvieira,KGysOTEAAAAJ,0000-0000-0000-0000
Luiz Filipe Menezes Vieira,UFMG,http://homepages.dcc.ufmg.br/~lfvieira,KGysOTEAAAAJ,0000-0000-0000-0000
Luiz G. A. Martins,UFU,http://www.facom.ufu.br/~gustavo,2p2GbVYAAAAJ,0000-0000-0000-0000
Luiz G. L. Fernandes,PUC-RS,http://www.inf.pucrs.br/~gustavo,ZkUd394AAAAJ,0000-0000-0000-0000
Luiz Gustavo Almeida Martins,UFU,http://www.facom.ufu.br/~gustavo,2p2GbVYAAAAJ,0000-0000-0000-0000
Luiz Gustavo Fernandes,PUC-RS,http://www.inf.pucrs.br/~gustavo,ZkUd394AAAAJ,0000-0002-7506-3685
Luiz Gustavo Leão Fernandes,PUC-RS,http://www.inf.pucrs.br/~gustavo,ZkUd394AAAAJ,0000-0000-0000-0000
Luiz Olavo Bonino da Silva Santos,University of Twente,https://research.utwente.nl/en/persons/12b9e696-014c-47be-b99b-972c0e4c45f4,ZppZjc4AAAAJ,0000-0000-0000-0000
Luiz S. Ochi,UFF,http://www2.ic.uff.br/~satoru,w3KB2MoAAAAJ,0000-0000-0000-0000
Luiz Satoru Ochi,UFF,http://www2.ic.uff.br/~satoru,w3KB2MoAAAAJ,0000-0002-5007-4513
Luiza Antonie,University of Guelph,http://www.uoguelph.ca/~lantonie,NOSCHOLARPAGE,0000-0001-9718-3795
Lujo Bauer,Carnegie Mellon University,http://www.ece.cmu.edu/~lbauer,5cJzDZEAAAAJ,0000-0002-8209-6792
Lukasz A. Kurgan,Virginia Commonwealth University,http://biomine.cs.vcu.edu,zXw_54AAAAAJ,0000-0002-7749-0314
Lukasz Debowski,IPI PAN,https://ipipan.waw.pl/instytut/pracownicy/lukasz-debowski,cNmTluAAAAAJ,0000-0000-0000-0000
Lukasz Golab,University of Waterloo,https://www.engineering.uwaterloo.ca/~lgolab,NOSCHOLARPAGE,0000-0000-0000-0000
Lukasz Jez,University of Wroclaw,https://www.enterprisetimes.co.uk/2017/04/28/infor-donates-erp-to-wroclaw-university,TJ4i9WQAAAAJ,0000-0000-0000-0000
Lukasz Kowalik,University of Warsaw,http://www.mimuw.edu.pl/~kowalik,etDDW8sAAAAJ,0000-0002-7546-2969
Lukasz Ziarek,University at Buffalo,https://cse.buffalo.edu/~lziarek,hKkEZ7oAAAAJ,0000-0003-4353-1998
Luke Huan,University of Kansas,https://www.ittc.ku.edu/~jhuan,j2PH0Y0AAAAJ,0000-0000-0000-0000
Luke J. Lee,Univ. of California - Berkeley,http://biopoets.berkeley.edu,xADN4DUAAAAJ,0000-0000-0000-0000
Luke N. Olson,Univ. of Illinois at Urbana-Champaign,http://lukeo.cs.illinois.edu,o43oc6AAAAAJ,0000-0000-0000-0000
Luke Ong,Nanyang Technological University,https://dr.ntu.edu.sg/cris/rp/rp01699,NOSCHOLARPAGE,0000-0001-7509-680X
Luke S. Zettlemoyer,University of Washington,https://www.cs.washington.edu/people/faculty/lsz,UjpbO6IAAAAJ,0000-0000-0000-0000
Luke Zettlemoyer,University of Washington,https://www.cs.washington.edu/people/faculty/lsz,UjpbO6IAAAAJ,0009-0008-8296-0764
Lukás Burget,Brno University of Technology,https://www.fit.vut.cz/person/burget,pRBbU7wAAAAJ,0000-0000-0000-0000
Lukás Holík,Brno University of Technology,https://www.fit.vut.cz/person/holik,0cPbvY0AAAAJ,0000-0001-6957-1651
Lukás Sekanina,Brno University of Technology,https://www.fit.vut.cz/person/sekanina,-fLMT2cAAAAJ,0000-0000-0000-0000
Lung-Pan Cheng,National Taiwan University,https://www.lungpancheng.tw,qfORd34AAAAJ,0000-0002-7712-8622
Lunjia Hu,Northeastern University,https://lunjiahu.com,ss7CIgcAAAAJ,0000-0003-1820-6800
Lunjin Lu,Oakland University,http://www.secs.oakland.edu/~l2lu,HkY25zMAAAAJ,0000-0000-0000-0000
Luo Mai,University of Edinburgh,https://luomai.github.io,I6GYccIAAAAJ,0000-0002-3594-1092
Luoyi Fu,Shanghai Jiao Tong University,http://www.cs.sjtu.edu.cn/~fu-ly/index.html,xHs9mCUAAAAJ,0000-0001-7796-9168
Luping Ji,UESTC,https://www.scse.uestc.edu.cn/info/1081/11252.htm,Uw8zvfIAAAAJ,0000-0002-1200-5218
Luping Xiang,Nanjing University,https://ninelab.org.cn/?p=969,zE5j2o8AAAAJ,0000-0000-0000-0000
Luqi,Naval Postgraduate School,http://faculty.nps.edu/luqi,OJBm5MYAAAAJ,0000-0000-0000-0000
Lusheng Wang 0001,City University of Hong Kong,https://www.cs.cityu.edu.hk/~lwang,rb0Rzp8AAAAJ,0000-0002-4344-8791
Lutz Hamel,University of Rhode Island,https://lutzhamel.github.io/homepage,NOSCHOLARPAGE,0000-0000-0000-0000
Lutz Maicher,Friedrich Schiller University Jena,http://tt.uni-jena.de,8k5_f7cAAAAJ,0000-0002-9196-5742
Lutz Prechelt,Freie Universitaet Berlin,https://www.mi.fu-berlin.de/w/Main/LutzPrechelt,ZY2MP7QAAAAJ,0000-0001-5592-3521
Lutz Schröder,University of Erlangen–Nuremberg,https://www8.cs.fau.de/schroeder,buulfpEAAAAJ,0000-0002-3146-5906
Luu Anh Tuan,Nanyang Technological University,https://tuanluu.github.io,d6ixOGYAAAAJ,0000-0000-0000-0000
Luuk J. Spreeuwers,University of Twente,https://research.utwente.nl/en/persons/fde5a472-5571-4147-993b-3262d3a3d3f3,YrhxxlcAAAAJ,0000-0000-0000-0000
Luyi Xing,Univ. of Illinois at Urbana-Champaign,https://luyixing.weebly.com,xTjH_GAAAAAJ,0000-0002-1036-1163
Luís C. Lamb,UFRGS,http://www.inf.ufrgs.br/~lamb,NOSCHOLARPAGE,0000-0003-1571-165X
Luís Caires,Universidade de Lisboa,http://web.tecnico.ulisboa.pt/luis.caires,mzi8n0QAAAAJ,0000-0002-3215-6734
Luís Caldas de Oliveira,Universidade de Lisboa,https://www.l2f.inesc-id.pt/wiki/index.php/Lu%C3%ADs_Caldas_de_Oliveira,ZlqnYZoAAAAJ,0000-0000-0000-0000
Luís Carriço,Universidade de Lisboa,https://ciencias.ulisboa.pt/perfil/lmcarrico,MLg1ZJMAAAAJ,0000-0002-5036-6735
Luís Cruz 0002,TU Delft,https://luiscruz.github.io,O13oaH0AAAAJ,0000-0000-0000-0000
Luís D. Pedrosa,Universidade de Lisboa,https://pedrosa.2y.net,Rue7JwcAAAAJ,0000-0000-0000-0000
Luís E. T. Rodrigues,Universidade de Lisboa,http://www.gsd.inesc-id.pt/~ler,iSVcwh8AAAAJ,0000-0002-0313-6590
Luís F. M. de Moraes,UFRJ,http://www.cos.ufrj.br/~moraes,NOSCHOLARPAGE,0000-0000-0000-0000
Luís Felipe M. de Moraes,UFRJ,http://www.cos.ufrj.br/~moraes,NOSCHOLARPAGE,0000-0000-0000-0000
Luís Ferreira Pires,University of Twente,https://research.utwente.nl/en/persons/99383afa-a288-4e2c-a11f-d02abc089905,IOHqaDIAAAAJ,0000-0000-0000-0000
Luís G. Rueda,University of Windsor,http://www.uwindsor.ca/science/computerscience/1033/dr-luis-rueda,2OPjLFkAAAAJ,0000-0000-0000-0000
Luís Guerra e Silva,Universidade de Lisboa,http://algos.inesc-id.pt/~lgs,4HUmvlUAAAAJ,0000-0001-5761-0131
Luís M. Correia,Universidade de Lisboa,http://www.di.fc.ul.pt/~lcorreia,a0tgRXcAAAAJ,0000-0000-0000-0000
Luís M. S. Russo,Universidade de Lisboa,http://web.tecnico.ulisboa.pt/luis.russo,O-PD_hsAAAAJ,0000-0000-0000-0000
Luís Manuel Jesus Sousa Correia,Universidade de Lisboa,http://www.di.fc.ul.pt/~lcorreia,a0tgRXcAAAAJ,0000-0000-0000-0000
Luís Miguel Parreira Correia,Universidade de Lisboa,https://ciencias.ulisboa.pt/perfil/lmcorreia,2IbMjzgAAAAJ,0000-0000-0000-0000
Luís Miguel Silveira,Universidade de Lisboa,http://algos.inesc-id.pt/~lms,NOSCHOLARPAGE,0000-0003-3542-229X
Luís Moniz Pereira,Universidade NOVA de Lisboa,https://userweb.fct.unl.pt/~lmp,2YvVEn8AAAAJ,0000-0000-0000-0000
Luís Pina,University of Illinois at Chicago,https://www.luispina.me,EtfPm7EAAAAJ,0000-0003-4585-5259
Luís Rodrigues 0001,Universidade de Lisboa,http://www.gsd.inesc-id.pt/~ler,iSVcwh8AAAAJ,0000-0000-0000-0000
Luís Veiga,Universidade de Lisboa,http://www.gsd.inesc-id.pt/~lveiga,JFkgoeEAAAAJ,0000-0002-9285-0736
Luís da Cunha Lamb,UFRGS,http://www.inf.ufrgs.br/~lamb,NOSCHOLARPAGE,0000-0000-0000-0000
Luísa Coheur,Universidade de Lisboa,https://www.l2f.inesc-id.pt/wiki/index.php/Lu%C3%ADsa_Coheur,dJ5sl_QAAAAJ,0000-0002-2456-5028
Luíz Moniz Pereira,Universidade NOVA de Lisboa,https://userweb.fct.unl.pt/~lmp,2YvVEn8AAAAJ,0000-0000-0000-0000
Lydia B. Chilton,Columbia University,https://www.cs.columbia.edu/~chilton,RpxD-7QAAAAJ,0000-0002-1737-1276
Lydia E. Kavraki,Rice University,http://www.cs.rice.edu/~kavraki,Q6pxNZYAAAAJ,0000-0003-0699-8038
Lydia Lau,University of Leeds,https://eps.leeds.ac.uk/computing/staff/44/dr-lydia-lau,NOSCHOLARPAGE,0000-0000-0000-0000
Lydia T. Liu,Princeton University,https://www.cs.princeton.edu/people/profile/ltliu,IQ2eTA8AAAAJ,0000-0000-0000-0000
Lydia Tapia,University of New Mexico,http://www.cs.unm.edu/~tapia,V2LAAxUAAAAJ,0000-0002-7822-7091
Lydia Y. Chen,TU Delft,https://www.lydiaychen.com,xXu_fMcAAAAJ,0000-0002-4228-6735
Lydia Yiyu Chen,TU Delft,https://www.lydiaychen.com,xXu_fMcAAAAJ,0000-0002-4228-6735
Lydia Zakynthinou,Johns Hopkins University,https://lydiazakynthinou.com,s1UQI6kAAAAJ,0000-0001-9258-6798
Lyle H. Ungar,University of Pennsylvania,http://www.cis.upenn.edu/~ungar,KCiDjbkAAAAJ,0000-0003-2047-1443
Lyle Ungar,University of Pennsylvania,http://www.cis.upenn.edu/~ungar,KCiDjbkAAAAJ,0000-0003-2047-1443
Lynda Hardman,CWI,http://homepages.cwi.nl/~lynda,tO5nca4AAAAJ,0000-0000-0000-0000
Lyndon While,University of Western Australia,http://uwa.edu.au/people/lyndon.while,NOSCHOLARPAGE,0000-0000-0000-0000
Lynette van Zijl,Stellenbosch University,http://www.cs.sun.ac.za/~lvzijl,VYsbpdwAAAAJ,0000-0000-0000-0000
Lynn Dombrowski,Georgia Institute of Technology,https://www.cc.gatech.edu/people/lynn-dombrowski,ZCNrpS8AAAAJ,0000-0002-9831-3229
Lynn L. Peterson,University of Texas at Arlington,http://ranger.uta.edu/~peterson/peterson.html,NOSCHOLARPAGE,0000-0000-0000-0000
Lynn S. Dombrowski,Georgia Institute of Technology,https://www.cc.gatech.edu/people/lynn-dombrowski,ZCNrpS8AAAAJ,0000-0002-9831-3229
Lynne Baillie,Heriot-Watt University,https://www.hw.ac.uk/staff/uk/macs/lynne-baillie.htm,qusCPxoAAAAJ,0000-0002-2514-5981
Lynne Blair,Lancaster University,https://www.lancaster.ac.uk/scc/about-us/people/lynne-blair,h8gpGz0AAAAJ,0000-0000-0000-0000
Lynne E. Parker,University of Tennessee,http://web.eecs.utk.edu/~leparker,XxGyUpAAAAAJ,0000-0002-6744-5675
Lynne Parker,University of Tennessee,http://web.eecs.utk.edu/~leparker,XxGyUpAAAAAJ,0000-0002-6744-5675
Lásaro J. Camargos,UFU,http://www.ppgco.facom.ufu.br/pt-br/pessoas/lasaro-jonas-camargos,ZTKP1OwAAAAJ,0000-0000-0000-0000
Lásaro Jonas Camargos,UFU,http://www.ppgco.facom.ufu.br/pt-br/pessoas/lasaro-jonas-camargos,ZTKP1OwAAAAJ,0000-0000-0000-0000
László Babai,University of Chicago,http://people.cs.uchicago.edu/~laci,KbVFiKYAAAAJ,0000-0002-2058-685X
László Egri,Indiana State University,http://cs.indstate.edu/~legri,NOSCHOLARPAGE,0000-0000-0000-0000
László Erdös,IST Austria,https://ist.ac.at/research/research-groups/erdoes-group,T61lMmsAAAAJ,0000-0000-0000-0000
László Kozma 0002,TU Dresden,https://www.lkozma.net,9E0oO9YAAAAJ,0000-0002-3253-2373
Léon J. M. Rothkrantz,TU Delft,https://www.tudelft.nl/ewi/over-de-faculteit/afdelingen/intelligent-systems/interactive-intelligence/people/current-group-members/leon-rothkrantz,YPXhqgUAAAAJ,0000-0000-0000-0000
Lúcia Maria de A. Drummond,UFF,http://www2.ic.uff.br/~lucia,UhYdnvYAAAAJ,0000-0000-0000-0000
Lúcia Maria de Assumpção Drummond,UFF,http://www2.ic.uff.br/~lucia,UhYdnvYAAAAJ,0000-0000-0000-0000
