name,affiliation,homepage,scholarid,orcid
R. A. Bodnar,University of Southampton,https://www.ecs.soton.ac.uk/people/rab1e14,NOSCHOLARPAGE,0000-0000-0000-0000
R. B. Mishra,IIT (BHU) Varanasi,http://www.iitbhu.ac.in/cse/index.php/people/faculty/24.html,5ujlOtgAAAAJ,0000-0000-0000-0000
R. B. Sandeep,IIT Dharwad,https://sites.google.com/site/homepagesandeeprb,OWtAvUsAAAAJ,0000-0003-4383-1819
R. B. V. Subramanyam,National Inst. of Tech. Warangal,https://wsdc.nitw.ac.in/facultynew/facultyprofile/id/16341,NOSCHOLARPAGE,0000-0000-0000-0000
R. Benjamin Shapiro,University of Washington,https://benshapi.ro,etj4J9QAAAAJ,0000-0002-1359-7120
R. Chandrasekaran,University of Texas at Dallas,https://www.utdallas.edu/~chandra,NOSCHOLARPAGE,0000-0000-0000-0000
R. Clint Whaley,Indiana University,http://homes.sice.indiana.edu/rcwhaley,NOSCHOLARPAGE,0000-0000-0000-0000
R. Clinton Whaley,Indiana University,http://homes.sice.indiana.edu/rcwhaley,NOSCHOLARPAGE,0000-0000-0000-0000
R. E. Ellis,Queen’s University,http://www.cs.queensu.ca/~ellis,u97Fg9IAAAAJ,0000-0000-0000-0000
R. Govindarajan,IISc Bangalore,http://www.csa.iisc.ac.in/~govind,wWrR-qgAAAAJ,0000-0003-2517-9994
R. Inkulu,IIT Guwahati,http://www.iitg.ernet.in/rinkulu,NOSCHOLARPAGE,0000-0000-0000-0000
R. Iris Bahar,Colorado School of Mines,https://people.mines.edu/ribahar,kfIj9oYAAAAJ,0000-0001-6927-8527
R. James Cotton,Northwestern University,https://www.feinberg.northwestern.edu/faculty-profiles/az/profile.html?xid=49313,M9ocp0cAAAAJ,0000-0000-0000-0000
R. Jayakumar,Concordia University,http://www.concordia.ca/faculty/rajagopalan-jayakumar.html,uyA1jcQAAAAJ,0000-0000-0000-0000
R. K. Bagga,IIIT Hyderabad,https://www.iiit.ac.in/people/faculty/rbagga,NOSCHOLARPAGE,0000-0000-0000-0000
R. Krithika 0001,IIT Palakkad,https://www.iitpkd.ac.in/people/krithika,nAeD9dUAAAAJ,0000-0000-0000-0000
R. M. Duwairi,JUST,http://www.just.edu.jo/eportfolio/Pages/Default.aspx?email=rehab,J6lMBuEAAAAJ,0000-0000-0000-0000
R. Michael Young,University of Utah,https://faculty.utah.edu/u6006841-ROBERT_MICHAEL_YOUNG/research/index.hml,HLz6zx4AAAAJ,0000-0000-0000-0000
R. Mukundan,University of Canterbury,http://www.cosc.canterbury.ac.nz/mukundan,Bk5BJ80AAAAJ,0000-0000-0000-0000
R. Mukundan 0001,University of Canterbury,http://www.cosc.canterbury.ac.nz/mukundan,Bk5BJ80AAAAJ,0000-0000-0000-0000
R. Padmavathy,National Inst. of Tech. Warangal,https://wsdc.nitw.ac.in/facultynew/facultyprofile/id/16345,QVuSh6EAAAAJ,0000-0000-0000-0000
R. Ramanujam,IMSc,http://www.imsc.res.in/~jam,NOSCHOLARPAGE,0000-0000-0000-0000
R. Rodrey Howell,Kansas State University,http://people.cs.ksu.edu/~rhowell,NOSCHOLARPAGE,0000-0000-0000-0000
R. Ryan Williams,Massachusetts Inst. of Technology,https://people.csail.mit.edu/rrw,Wp38QQYAAAAJ,0000-0003-2326-2233
R. S. Lazic,University of Warwick,https://warwick.ac.uk/fac/sci/dcs/people/ranko_lazic/biography,yGOk7boAAAAJ,0000-0000-0000-0000
R. S. Meir,Technion,https://ronmeir.net.technion.ac.il,r3NAa9oAAAAJ,0000-0000-0000-0000
R. Sekar 0001,Stony Brook University,http://seclab.cs.sunysb.edu/sekar,FBIbhGoAAAAJ,0009-0008-9135-3296
R. Sharathkumar,North Carolina State University,https://www.csc.ncsu.edu/people/skraghve,kOfRa7MAAAAJ,0000-0000-0000-0000
R. Stuart Geiger,Univ. of California - San Diego,https://stuartgeiger.com,0AvWi3wAAAAJ,0000-0001-7215-0532
R. V. Dantu,University of North Texas,http://www.cse.unt.edu/~rdantu/index.html,NOSCHOLARPAGE,0000-0000-0000-0000
R. Venkatesh Babu,IISc Bangalore,https://cds.iisc.ac.in/faculty/venky,cVg7HrEAAAAJ,0000-0002-1926-1804
R. Venkatesha Prasad,TU Delft,http://homepage.tudelft.nl/w5p50,9RVkIfsAAAAJ,0000-0001-7443-7641
R.C. Hansdah,IISc Bangalore,http://www.csa.iisc.ac.in/people/people-faculty-hansdah.html,ZxBF_lUAAAAJ,0000-0000-0000-0000
Raanan Fattal,Hebrew University of Jerusalem,http://www.cs.huji.ac.il/~raananf,9fO1bn8AAAAJ,0000-0000-0000-0000
Raaz Dwivedi [Tech],Cornell University,https://raazdwivedi.github.io,9ehX_58AAAAJ,0000-0000-0000-0000
Rabi N. Mahapatra,Texas A&M University,http://codesign.cs.tamu.edu/people/director,PHGvd5cAAAAJ,0000-0000-0000-0000
Rabie Ben Atitallah,Galatasaray University,https://cv.gsu.edu.tr/tr/CV/rabie-ben-atitallah,EkBJrH4AAAAJ,0000-0000-0000-0000
Rachee Singh,Cornell University,https://www.racheesingh.com,GKja_-QAAAAJ,0000-0002-8118-3026
Rachel Blagojevic,Massey University,https://www.massey.ac.nz/massey/learning/colleges/college-of-sciences/staff-profile.cfm?stref=380350,22gHgyAAAAAJ,0000-0000-0000-0000
Rachel Cardell-Oliver,University of Western Australia,http://uwa.edu.au/people/rachel.cardell-oliver,2vXqE0wAAAAJ,0000-0003-0590-1003
Rachel Cavill,Maastricht University,https://www.maastrichtuniversity.nl/rachel.cavill,H56EnEYAAAAJ,0000-0000-0000-0000
Rachel Douglas-Jones,IT University of Copenhagen,https://pure.itu.dk/portal/en/persons/rachel-douglasjones(f11b0cc1-ad9f-4b12-b805-65b70e5bcd65).html,EEpVj44AAAAJ,0000-0000-0000-0000
Rachel Greenstadt,New York University,https://www.cs.drexel.edu/~greenie,FsbND-sAAAAJ,0000-0000-0000-0000
Rachel Karchin,Johns Hopkins University,https://karchinlab.org,_3axEQ8AAAAJ,0000-0002-5069-1239
Rachel Kolodny,University of Haifa,https://cs.haifa.ac.il/~trachel,WTihfsYAAAAJ,0000-0000-0000-0000
Rachel McDonnell,Trinity College Dublin,https://www.scss.tcd.ie/Rachel.McDonnell,wNunWxoAAAAJ,0000-0002-1957-2506
Rachel Menzies,University of Dundee,https://discovery.dundee.ac.uk/en/persons/rachel-menzies,AP_IlJUAAAAJ,0000-0002-3942-130X
Rachel Player,Royal Holloway Univ. of London,https://pure.royalholloway.ac.uk/en/persons/rachel-player,nW3l2MAAAAAJ,0000-0001-7292-4702
Rachel Pottinger,University of British Columbia,http://www.cs.ubc.ca/~rap,B_GQDXMAAAAJ,0000-0000-0000-0000
Rachel Rudinger,Univ. of Maryland - College Park,https://rudinger.github.io,QKCHaHUAAAAJ,0000-0002-5506-4701
Rachel Schwartz,University of Rhode Island,https://schwartzlaburi.github.io,z-xKqyIAAAAJ,0000-0001-7414-9893
Rachelle Bosua,University of Melbourne,http://www.msi.unimelb.edu.au/people/rachelle-bosua,4RZU_pIAAAAJ,0000-0000-0000-0000
Rachelle S. Heller,George Washington University,https://www.seas.gwu.edu/~sheller,NOSCHOLARPAGE,0000-0000-0000-0000
Rachid Guerraoui,EPFL,http://lpdwww.epfl.ch/rachid,_TR-7CEAAAAJ,0000-0002-4794-8902
Rachid Hadjidj,Qatar University,http://www.qu.edu.qa/engineering/computer/faculty/rachid.php,vCPvJMMAAAAJ,0000-0000-0000-0000
Rachid Hamadi,UNSW,https://www.unsw.edu.au/staff/rachid-hamadi,d1Wil74AAAAJ,0000-0000-0000-0000
Rachid Hourizi,University of Bath,http://www.bath.ac.uk/cdas/people/associates/rachid-hourizi/index.html,NOSCHOLARPAGE,0000-0000-0000-0000
Rachit Agarwal 0001,Cornell University,http://www.cs.cornell.edu/~ragarwal,0YTyPHoAAAAJ,0000-0001-6731-9938
Rachit Nigam,Massachusetts Inst. of Technology,https://rachit.pl,RNL2GjEAAAAJ,0000-0003-0983-5867
Rada Chirkova,North Carolina State University,https://www.csc.ncsu.edu/people/rychirko,Jh3QCRYAAAAJ,0000-0000-0000-0000
Rada Flavia Mihalcea,University of Michigan,https://web.eecs.umich.edu/~mihalcea,UetM7FgAAAAJ,0000-0000-0000-0000
Rada Mihalcea,University of Michigan,https://web.eecs.umich.edu/~mihalcea,UetM7FgAAAAJ,0000-0000-0000-0000
Rada Y. Chirkova,North Carolina State University,https://www.csc.ncsu.edu/people/rychirko,Jh3QCRYAAAAJ,0000-0000-0000-0000
Rade Kutil,University of Salzburg,https://www.cosy.sbg.ac.at/~rkutil,NOSCHOLARPAGE,0000-0000-0000-0000
Radek Pelánek,Masaryk University,https://www.muni.cz/en/people/4297,Q5pgzoUAAAAJ,0000-0001-8877-4729
Radha Jagadeesan,DePaul University,http://reed.cs.depaul.edu/rjagadeesan,zh0DETsAAAAJ,0000-0000-0000-0000
Radha Venkatagiri,Georgetown University,https://gufaculty360.georgetown.edu/s/contact/0031Q00002cs4FTQAY/radha-venkatagiri,R4KY_noAAAAJ,0000-0000-0000-0000
Radhakrishnan Venkatesh Babu,IISc Bangalore,https://cds.iisc.ac.in/faculty/venky,cVg7HrEAAAAJ,0000-0000-0000-0000
Radhika Mamidi,IIIT Hyderabad,https://www.iiit.ac.in/people/faculty/radhikamamidi,DsIpZR0AAAAJ,0000-0000-0000-0000
Radhika Mittal,Univ. of Illinois at Urbana-Champaign,http://radhikam.web.illinois.edu,96mJbhwAAAAJ,0000-0003-4082-7865
Radhika Nagpal,Princeton University,http://www.radhikanagpal.org,a3ZGDsoAAAAJ,0000-0001-9756-0167
Radim Bartos,University of New Hampshire,http://www.cs.unh.edu/~rbartos,VgGq9i0AAAAJ,0000-0000-0000-0000
Radim Sára,Czech Technical University,http://cmp.felk.cvut.cz/~sara,STnEoYAAAAAJ,0000-0002-2032-5764
Radoslav Ivanov,Rensselaer Polytechnic Institute,http://www.cs.rpi.edu/~ivanor,fLDy4eAAAAAJ,0000-0003-4987-4836
Radouan Boukharfane,Mohammed VI Polytechnic University,https://cc.um6p.ma/people/Radouan.BOUKHARFANE,ahOg0jsAAAAJ,0000-0000-0000-0000
Radu C. Calinescu,University of York,https://www-users.cs.york.ac.uk/~raduc,NLiNqPwAAAAJ,0000-0000-0000-0000
Radu Calinescu,University of York,https://www-users.cs.york.ac.uk/~raduc,NLiNqPwAAAAJ,0000-0002-2678-9260
Radu Curticapean,University of Regensburg,https://www.uni-regensburg.de/informatik-data-science/algorithmen-komplexitaetstheorie/team/prof-dr-radu-curticapean/index.html,5MeyUVQAAAAJ,0000-0001-7201-9905
Radu Dobrin,Mälardalen University,http://www.es.mdh.se/staff/44-Radu_Dobrin,GQuDs5MAAAAJ,0000-0000-0000-0000
Radu Grigore,University of Kent,https://www.cs.kent.ac.uk/people/staff/rg399,njvGGTgAAAAJ,0000-0000-0000-0000
Radu Grosu,TU Wien,https://ti.tuwien.ac.at/cps/people/grosu,1g_muAgAAAAJ,0000-0001-5715-2142
Radu Jianu,City University of London,https://www.city.ac.uk/people/academics/radu-jianu,z1YqlisAAAAJ,0000-0002-5834-2658
Radu Marculescu,University of Texas at Austin,https://radum.ece.utexas.edu,ZCmYP5cAAAAJ,0000-0003-1826-7646
Radu Mardare,Aalborg University,http://people.cs.aau.dk/~mardare,NOSCHOLARPAGE,0000-0000-0000-0000
Radu Nicolescu,University of Auckland,https://unidirectory.auckland.ac.nz/profile/r-nicolescu,NOSCHOLARPAGE,0000-0000-0000-0000
Radu Prodan,University of Klagenfurt,http://www.itec.aau.at/~radu,ELx8lB8AAAAJ,0000-0002-8247-5426
Radu Sion,Stony Brook University,https://www.cs.stonybrook.edu/people/faculty/RaduSion,cn-X2AIAAAAJ,0000-0002-1237-8276
Radu Stoleru,Texas A&M University,http://faculty.cs.tamu.edu/stoleru,beAeG20AAAAJ,0000-0003-3976-4502
Radu Teodorescu,Ohio State University,http://web.cse.ohio-state.edu/~teodores,IKz0hvkAAAAJ,0000-0002-6474-2201
Radu Timofte,University of Würzburg,https://www.informatik.uni-wuerzburg.de/computervision,u3MwH5kAAAAJ,0000-0002-1478-0402
Radwa El Shawi,University of Tartu,https://bigdata.cs.ut.ee/dr-radwa-elshawi,RD5PdpwAAAAJ,0000-0000-0000-0000
Rae Harbird,University College London,http://www0.cs.ucl.ac.uk/people/R.Harbird.html,NOSCHOLARPAGE,0000-0000-0000-0000
Raef Bassily,Ohio State University,https://sites.google.com/view/rbassily,C8qMVQUAAAAJ,0000-0000-0000-0000
Raf Vandebril,KU Leuven,https://people.cs.kuleuven.be/~raf.vandebril,7TVXvioAAAAJ,0000-0003-2119-8696
Rafael A. Cabredo,De La Salle University,https://www.dlsu.edu.ph/colleges/ccs/faculty-profile/single/?id=32742737579&command=GETPROFILE,3Fqol3cAAAAJ,0000-0000-0000-0000
Rafael Bidarra,TU Delft,https://graphics.tudelft.nl/rafael-bidarra,hALzOP0AAAAJ,0000-0003-4281-6019
Rafael C. S. Schouery,UNICAMP,https://www.facebook.com/public/Raf-Saliba,1CLkVewaTAEC,0000-0000-0000-0000
Rafael Cabredo,De La Salle University,https://www.dlsu.edu.ph/colleges/ccs/faculty-profile/single/?id=32742737579&command=GETPROFILE,3Fqol3cAAAAJ,0000-0000-0000-0000
Rafael Capilla,Universidad Rey Juan Carlos,https://www.researchgate.net/profile/Rafael_Capilla,IXswbY8AAAAJ,0000-0002-6943-1285
Rafael Crivellari Saliba Schouery,UNICAMP,https://www.facebook.com/public/Raf-Saliba,1CLkVewaTAEC,0000-0000-0000-0000
Rafael Dowsley,Monash University,https://research.monash.edu/en/persons/rafael-baiao-dowsley,6NdIS2AAAAAJ,0000-0000-0000-0000
Rafael Dueire Lins,UFPE,http://sites.google.com/site/rafaeldueirelins,jR-40QMAAAAJ,0000-0000-0000-0000
Rafael F. Schaefer,TU Berlin,https://www.commit.tu-berlin.de/menue/mitarbeiter/juniorprofessor_rafael_schaefer,PrTUgYQAAAAJ,0000-0000-0000-0000
Rafael F. Wyrembelski,TU Berlin,https://www.commit.tu-berlin.de/menue/mitarbeiter/juniorprofessor_rafael_schaefer,PrTUgYQAAAAJ,0000-0000-0000-0000
Rafael García Vázquez,University of A Coruña,https://pdi.udc.es/en/File/Pdi/HL99E,NOSCHOLARPAGE,0000-0000-0000-0000
Rafael H. Bordini,PUC-RS,http://www.inf.pucrs.br/r.bordini/Rafael_Bordini/Welcome.html,PAs5hY4AAAAJ,0000-0000-0000-0000
Rafael Heitor Bordini,PUC-RS,http://www.inf.pucrs.br/r.bordini/Rafael_Bordini/Welcome.html,PAs5hY4AAAAJ,0000-0000-0000-0000
Rafael Kuffner dos Anjos,University of Leeds,https://eps.leeds.ac.uk/computing/staff/9770/dr-rafael-kuffner-dos-anjos,2qxiV5IAAAAJ,0000-0002-2616-7541
Rafael M. Frongillo,University of Colorado Boulder,http://www.cs.colorado.edu/~rafr5066,ZtQVZawAAAAJ,0000-0002-0170-7572
Rafael Mendes de Oliveira,University of Waterloo,https://www.cs.utoronto.ca/~rafael,z5zwAxAAAAAJ,0000-0000-0000-0000
Rafael Pasquini,UFU,http://www.facom.ufu.br/~pasquini,Qt7oyS0AAAAJ,0000-0000-0000-0000
Rafael Pass,Tel Aviv University,https://sites.google.com/view/rafaelpass,_7IzKZQAAAAJ,0000-0001-7440-5690
Rafael Perez,University of South Florida,http://www.usf.edu/engineering/cse/people/perez-rafael.aspx,q-LsHfYAAAAJ,0000-0000-0000-0000
Rafael Prikladnicki,PUC-RS,http://www.inf.pucrs.br/~rafael,_W9zu7sAAAAJ,0000-0003-3351-4916
Rafael Santos Coelho,UFRGS,https://www.inf.ufrgs.br/site/docente/rafael-santos-coelho,NOSCHOLARPAGE,0000-0000-0000-0000
Rafael Valencia-García,University of Murcia,http://webs.um.es/valencia/miwiki/doku.php,GLpBPNMAAAAJ,0000-0000-0000-0000
Rafail M. Ostrovsky,Univ. of California - Los Angeles,http://www.cs.ucla.edu/~rafail,UvFrX04AAAAJ,0000-0000-0000-0000
Rafail Ostrovsky,Univ. of California - Los Angeles,http://www.cs.ucla.edu/~rafail,UvFrX04AAAAJ,0000-0002-1501-1330
Rafal A. Angryk,Georgia State University,https://grid.cs.gsu.edu/~rangryk,Phw2RfEAAAAJ,0000-0000-0000-0000
Rafal K. Mantiuk,University of Cambridge,https://www.cl.cam.ac.uk/~rkm38,pJEb8x4AAAAJ,0000-0003-2353-0349
Rafal Mantiuk,University of Cambridge,https://www.cl.cam.ac.uk/~rkm38,pJEb8x4AAAAJ,0000-0003-2353-0349
Rafat Damseh,UAEU,https://www.uaeu.ac.ae/en/cit/profile.shtml?email=rafatd@uaeu.ac.ae,uPj_lH4AAAAJ,0000-0000-0000-0000
Raffaele Pizzolante,University of Salerno,https://docenti.unisa.it/025505/home,NOSCHOLARPAGE,0000-0000-0000-0000
Raffaele Sommese,University of Twente,https://research.utwente.nl/en/persons/565fd9ee-68be-4143-bb3a-bbe0149ca217,Teo5BTEAAAAJ,0000-0003-3484-9259
Raffaella Bernardi,University of Trento,http://disi.unitn.it/~bernardi,bMavvosAAAAJ,0000-0002-3423-1208
Raffaella Mirandola,Politecnico di Milano,http://home.deib.polimi.it/mirandol,_NqFoiYAAAAJ,0000-0000-0000-0000
Raffi Khatchadourian,CUNY,http://www.cs.hunter.cuny.edu/~Raffi.Khatchadourian99,gr8cON0AAAAJ,0000-0002-7930-0182
Ragesh Jaiswal,IIT Delhi,http://www.cse.iitd.ernet.in/~rjaiswal,hrbj92oAAAAJ,0009-0002-4475-0922
Raghav Sampangi,Dalhousie University,https://www.dal.ca/academics/programs/graduate/computer-science/graduate-life/current-students/raghav-sampangi.html,x_Cy69EAAAAJ,0000-0000-0000-0000
Raghava Mutharaju,IIIT Delhi,https://www.iiitd.ac.in/raghavam,69pEM_YAAAAJ,0000-0000-0000-0000
Raghavan Komondoor,IISc Bangalore,http://www.csa.iisc.ac.in/~raghavan,fZq9W2cAAAAJ,0000-0000-0000-0000
Raghavendra Kanakagiri,IIT Tirupati,https://raghavendrak.github.io,7udEeZcAAAAJ,0000-0002-5561-2421
Raghavendra Pradyumna Pothukuchi,University of North Carolina,https://www.cs.unc.edu/~raghav,WXYEFn4AAAAJ,0000-0003-0109-7417
Raghavendra Selvan,University of Copenhagen,https://raghavian.github.io,R9VBQ54AAAAJ,0000-0003-4302-0207
Raghu Machiraju,Ohio State University,http://web.cse.ohio-state.edu/~raghu,HHialjcAAAAJ,0000-0000-0000-0000
Raghu Meka,Univ. of California - Los Angeles,http://www.raghumeka.org,xuDZ9-sAAAAJ,0009-0004-7676-2762
Raghu Reddy,IIIT Hyderabad,http://faculty.iiit.ac.in/~raghu.reddy,NOSCHOLARPAGE,0000-0000-0000-0000
Raghunath Tewari,IIT Kanpur,http://www.cse.iitk.ac.in/users/rtewari,Ks3QdEUAAAAJ,0000-0000-0000-0000
Raghuvansh Saxena,Tata Inst. of Fundamental Research,https://www.tcs.tifr.res.in/web/people/faculty,NOSCHOLARPAGE,0000-0000-0000-0000
Ragib Hasan,University of Alabama - Birmingham,http://ua-birmingham.academia.edu/RagibHasan,2R1w6xwAAAAJ,0000-0000-0000-0000
Ragunathan Raj Rajkumar,Carnegie Mellon University,https://users.ece.cmu.edu/~raj,6JU9KqgAAAAJ,0000-0000-0000-0000
Ragunathan Rajkumar,Carnegie Mellon University,https://users.ece.cmu.edu/~raj,6JU9KqgAAAAJ,0000-0000-0000-0000
Raheem A. Beyah,Georgia Institute of Technology,https://rbeyah.ece.gatech.edu,KhnJQ20AAAAJ,0000-0002-9188-3464
Raheem Beyah,Georgia Institute of Technology,https://rbeyah.ece.gatech.edu,KhnJQ20AAAAJ,0000-0002-9188-3464
Rahmatollah Beheshti,University of Delaware,https://www.cis.udel.edu/people/faculty-profile/?id=265,hi0U4RwAAAAJ,0000-0001-8912-3063
Rahul Banerjee,BITS Pilani,http://www.bits-pilani.ac.in/pilani/rahulbanerjee/profile,4ky6cJ0AAAAJ,0000-0000-0000-0000
Rahul Chatterjee 0001,University of Wisconsin - Madison,https://pages.cs.wisc.edu/~chatterjee,lR6kCu4AAAAJ,0000-0002-5112-3188
Rahul Dubey,DAIICT,http://www.daiict.ac.in/daiict/people/faculty.html,w5W-kUsAAAAJ,0000-0000-0000-0000
Rahul G. Krishnan,University of Toronto,http://www.cs.toronto.edu/~rahulgk/index.html,ilJgXHkAAAAJ,0000-0000-0000-0000
Rahul Garg 0001,IIT Delhi,http://www.cse.iitd.ernet.in/~rahulgarg,1B4UlwUAAAAJ,0000-0000-0000-0000
Rahul Gopinath,University of Sydney,https://rahul.gopinath.org,ZN-7smAAAAAJ,0000-0001-9953-0930
Rahul Jain 0001,National University of Singapore,https://www.comp.nus.edu.sg/~rahul,sq1To-IAAAAJ,0000-0002-3649-6576
Rahul Mangharam,University of Pennsylvania,http://www.seas.upenn.edu/~rahulm,b9WsJN4AAAAJ,0000-0002-3388-8283
Rahul Muthu,DAIICT,http://www.daiict.ac.in/daiict/people/faculty.html,NOSCHOLARPAGE,0000-0000-0000-0000
Rahul Narain,IIT Delhi,http://rahul.narain.name,NOSCHOLARPAGE,0000-0003-4905-6649
Rahul Purandare,University of Nebraska,https://cse-apps.unl.edu/facdb/users/103/details,_OLz-J0AAAAJ,0000-0001-8677-0601
Rahul Santhanam,University of Oxford,https://www.cs.ox.ac.uk/people/rahul.santhanam,rlMZibgAAAAJ,0000-0000-0000-0000
Rahul Sarpeshkar,Dartmouth College,https://engineering.dartmouth.edu/community/faculty/rahul-sarpeshkar,1UbzzQcAAAAJ,0000-0000-0000-0000
Rahul Savani,University of Liverpool,https://cgi.csc.liv.ac.uk/~rahul,bfqfILEAAAAJ,0000-0003-1262-7831
Rahul Shah 0001,Louisiana State University,http://www.csc.lsu.edu/~rahul,ZpkdT2UAAAAJ,0000-0000-0000-0000
Rahul Sharma 0003,University of Queensland,http://researchers.uq.edu.au/researcher/2660,UhDW6jkAAAAJ,0000-0000-0000-0000
Rahul Shome,Australian National University,http://comp.anu.edu.au/people/rahul-shome,tXraTF8AAAAJ,0000-0002-1689-9220
Rahul Simha,George Washington University,https://www.seas.gwu.edu/~simha,NOSCHOLARPAGE,0000-0000-0000-0000
Rahul Vaze,Tata Inst. of Fundamental Research,http://www.tcs.tifr.res.in/~vaze,NOSCHOLARPAGE,0000-0000-0000-0000
Raimund Dachselt,TU Dresden,https://mt.inf.tu-dresden.de/~dachselt,4SXviVAAAAAJ,0000-0002-2176-876X
Raimund Seidel,Saarland University,http://www-tcs.cs.uni-saarland.de,LyGtZIkAAAAJ,0000-0000-0000-0000
Raimundas Matulevicius,University of Tartu,http://www.ut.ee/en/kontakt/arvutiteaduse-instituut,2CN14WkAAAAJ,0000-0000-0000-0000
Rainer Böhme,University of Innsbruck,https://informationsecurity.uibk.ac.at/people/rainer-boehme,ez_Q6GMAAAAJ,0000-0003-4518-6227
Rainer Dietmann,Royal Holloway Univ. of London,https://pure.royalholloway.ac.uk/en/persons/rainer-dietmann,NOSCHOLARPAGE,0000-0000-0000-0000
Rainer G. Spallek,TU Dresden,http://forschungsinfo.tu-dresden.de/detail/professur/249,NOSCHOLARPAGE,0000-0000-0000-0000
Rainer Gemulla,University of Mannheim,https://www.uni-mannheim.de/dws/people/professors/prof-dr-rainer-gemulla,s_GmFv0AAAAJ,0000-0003-2762-0050
Rainer Groh 0001,TU Dresden,https://tu-dresden.de/ing/informatik/smt/mg/die-professur/mitarbeiter/prof-dr-ing-habil-rainer-groh,1OaQa1kAAAAJ,0000-0000-0000-0000
Rainer Knauf,TU Ilmenau,https://www.tu-ilmenau.de/ki/mitarbeiter/leiter,IMSGBksAAAAJ,0000-0000-0000-0000
Rainer Koschke,University of Bremen,http://www.informatik.uni-bremen.de/~koschke,F02JdKUAAAAJ,0000-0000-0000-0000
Rainer Lienhart,University of Augsburg,https://www.uni-augsburg.de/de/fakultaet/fai/informatik/prof/mmc/team/lienhart,eKQPhGgAAAAJ,0000-0003-4007-6889
Rainer Malaka,University of Bremen,https://www.uni-bremen.de/dmlab-1/team/rainer-malaka,BBtN8OYAAAAJ,0000-0001-6463-4828
Rainer Spang,University of Regensburg,https://www.spang-lab.de,XxOvbqwAAAAJ,0000-0002-1326-4297
Rainer Stiefelhagen,Karlsruhe Inst. of Technology,https://cvhci.anthropomatik.kit.edu/people_596.php,SFCOJxMAAAAJ,0000-0001-8046-4945
Raissa M. D'Souza,Univ. of California - Davis,http://mae.engr.ucdavis.edu/dsouza,jM23vRsKxuIC,0000-0000-0000-0000
Raiyan Abdul Baten,University of South Florida,https://www.raiyan-ab.com,B5JI3bYAAAAJ,0000-0002-9203-4528
Raj Acharya,Indiana University,http://www.cse.psu.edu/~rua1,v28Y9r8AAAAJ,0000-0000-0000-0000
Raj Bhatnagar,University of Cincinnati,https://researchdirectory.uc.edu/p/bhatnark,0AGs4soAAAAJ,0000-0000-0000-0000
Raj Jain,Washington University in St. Louis,https://www.cse.wustl.edu/~jain,runT3RsAAAAJ,0000-0000-0000-0000
Raj Korpan,CUNY,https://www.gc.cuny.edu/people/raj-korpan,8D_Ggb4AAAAJ,0000-0000-0000-0000
Raj Rajkumar,Carnegie Mellon University,https://users.ece.cmu.edu/~raj,6JU9KqgAAAAJ,0000-0000-0000-0000
Raj Reddy,Carnegie Mellon University,http://www.rr.cs.cmu.edu,6n7rzokAAAAJ,0000-0000-0000-0000
Raj S. Acharya,Indiana University,http://www.cse.psu.edu/~rua1,v28Y9r8AAAAJ,0000-0000-0000-0000
Raj Sunderraman,Georgia State University,http://tinman.cs.gsu.edu/~raj,pXsiqKwAAAAJ,0000-0000-0000-0000
Raja Appuswamy,EURECOM,http://www.eurecom.fr/en/people/appuswamy-raja,47beUDAAAAAJ,0000-0001-5887-4091
Raja Giryes,Tel Aviv University,http://web.eng.tau.ac.il/~raja,9aQUYVQAAAAJ,0000-0002-2830-0297
Raja Loganantharaj,Univ. of Louisiana - Lafayette,http://louisiana.academia.edu/RasiahLoganantharaj,avhN-IMAAAAJ,0000-0000-0000-0000
Raja Natarajan,Tata Inst. of Fundamental Research,http://www.tcs.tifr.res.in/~raja,VOKcfrcAAAAJ,0000-0000-0000-0000
Raja R. Sambasivan,Tufts University,https://raja.cs.tufts.edu,Eaw_ahIAAAAJ,0000-0001-7940-403X
Raja S 0001,IIT Tirupati,https://iittp.ac.in/dr-s-raja,u_u7LggAAAAJ,0000-0000-0000-0000
Rajagopal Nagarajan,Middlesex University,http://www.cs.mdx.ac.uk/people/rajagopal_nagarajan/raja,SE6e-QMAAAAJ,0000-0000-0000-0000
Rajagopalan Jayakumar,Concordia University,http://www.concordia.ca/faculty/rajagopalan-jayakumar.html,uyA1jcQAAAAJ,0000-0000-0000-0000
Rajalakshmi Nandakumar [Tech],Cornell University,https://tech.cornell.edu/people/rajalakshmi-nandakumar,CO4txjAAAAAJ,0000-0000-0000-0000
Rajalida Lipikorn,Chulalongkorn University,http://www.math.sc.chula.ac.th/en/profile/rajalida.l,NOSCHOLARPAGE,0000-0000-0000-0000
Rajasekhar Anguluri,Univ. of Maryland - Baltimore County,https://www.csee.umbc.edu/rajasekhar-anguluri,GH4f3-sAAAAJ,0000-0000-0000-0000
Rajasekhar Inkulu,IIT Guwahati,http://www.iitg.ernet.in/rinkulu,NOSCHOLARPAGE,0000-0000-0000-0000
Rajat Kumar De,ISI Kolkata,https://www.isical.ac.in/~rajat,gM9LAI0AAAAJ,0000-0000-0000-0000
Rajat Mittal 0001,IIT Kanpur,http://www.cse.iitk.ac.in/users/rmittal,gK5DF9QAAAAJ,0000-0000-0000-0000
Rajat Moona,IIT Kanpur,http://www.cse.iitk.ac.in/users/moona,NOSCHOLARPAGE,0000-0000-0000-0000
Rajat Subhra Chakraborty,IIT Kharagpur,https://sites.google.com/site/rschakraborty,ITIg9kkAAAAJ,0000-0003-3588-163X
Rajdeep Chatterjee,KIIT Bhubaneswar,https://cse.kiit.ac.in/profiles/rajdeep-chatterjee,BozHYf4AAAAJ,0000-0000-0000-0000
Rajdeep Niyogi,IIT Roorkee,http://www.iitr.ac.in/departments/CSE/pages/People+Faculty+rajdpfec.html,NOSCHOLARPAGE,0000-0000-0000-0000
Rajeev Alur,University of Pennsylvania,https://www.cis.upenn.edu/~alur,kWnv_YkAAAAJ,0000-0003-1733-7083
Rajeev Balasubramonian,University of Utah,http://www.cs.utah.edu/~rajeev,9Zq_duwAAAAJ,0009-0009-4093-5904
Rajeev Barua,Univ. of Maryland - College Park,https://terpconnect.umd.edu/~barua,NaIdl8EAAAAJ,0000-0000-0000-0000
Rajeev J. Ram,Massachusetts Inst. of Technology,http://www.rle.mit.edu/sclaser,KSukVvIAAAAJ,0000-0000-0000-0000
Rajeev R. Raje,IUPUI,https://science.iupui.edu/people/raje-rajeev,kf7o8yAAAAAJ,0000-0000-0000-0000
Rajeev Sangal,IIT (BHU) Varanasi,https://www.iiit.ac.in/people/faculty/sangal,NOSCHOLARPAGE,0000-0000-0000-0000
Rajen Dinesh Shah,University of Cambridge,https://www.dpmms.cam.ac.uk/person/rds37,-_eqrncAAAAJ,0000-0000-0000-0000
Rajendra K. Raj,Rochester Inst. of Technology,https://www.cs.rit.edu/~rkr,NOSCHOLARPAGE,0000-0003-2378-1068
Rajendra Kumar 0002,IIT Delhi,https://k-rajendra.github.io,7TRwmusAAAAJ,0000-0000-0000-0000
Rajendra Mitharwal,DAIICT,http://faculty.daiict.ac.in/rmitharwal,NOSCHOLARPAGE,0000-0000-0000-0000
Rajendra V. Boppana,University of Texas at San Antonio,http://www.cs.utsa.edu/faculty/boppana,bNOQrU0AAAAJ,0000-0000-0000-0000
Rajesh Balan,Singapore Management University,https://apollo.smu.edu.sg,U1jLrJcAAAAJ,0000-0001-6289-9902
Rajesh Chitnis,University of Birmingham,https://www.birmingham.ac.uk/staff/profiles/computer-science/academic-staff/chitnis-rajesh.aspx,u4oLgMAAAAAJ,0000-0002-6098-7770
Rajesh Gupta 0001,Univ. of California - San Diego,http://mesl.ucsd.edu/gupta,I1w51gUAAAAJ,0000-0002-6489-7633
Rajesh Hemant Chitnis,University of Birmingham,https://www.birmingham.ac.uk/staff/profiles/computer-science/chitnis-rajesh.aspx,u4oLgMAAAAAJ,0000-0002-6098-7770
Rajesh K. Gupta 0001,Univ. of California - San Diego,http://mesl.ucsd.edu/gupta,I1w51gUAAAAJ,0000-0002-6489-7633
Rajesh Krishna Balan,Singapore Management University,https://apollo.smu.edu.sg,U1jLrJcAAAAJ,0000-0001-6289-9902
Rajesh Kumar 0012,BITS Pilani-Goa,https://beta.bits-pilani.ac.in/faculty-overview/?faculty=rajesh-kumar-3,ZZFnM2gAAAAJ,0000-0000-0000-0000
Rajesh Kumar Mundotiya,IIT Bhilai,https://rajeshkmmundotiya.wixsite.com/home,jp3MgBAAAAAJ,0000-0000-0000-0000
Rajesh P. N. Rao,University of Washington,https://homes.cs.washington.edu/~rao,02nHF0gAAAAJ,0000-0003-0682-8952
Rajesh Ranganath,New York University,https://cims.nyu.edu/~rajeshr,kddKBCsAAAAJ,0000-0000-0000-0000
Rajesh Sharma 0002,Plaksha University,https://plaksha.edu.in/faculty-details/rajesh-sharma,GKegbo0AAAAJ,0000-0000-0000-0000
Rajib Lochan Das,DAIICT,http://www.daiict.ac.in/daiict/people/faculty.html,Mwvvro4AAAAJ,0000-0000-0000-0000
Rajib Mall,IIT Kharagpur,http://www.iitkgp.ac.in/department/CS/faculty/cs-rajib,dt2fhqYAAAAJ,0000-0000-0000-0000
Rajit Manohar,Yale University,http://csl.yale.edu/~rajit,xpiTjY0AAAAJ,0000-0001-8211-6602
Rajiv Bagai,Wichita State University,https://www.wichita.edu/profiles/academics/engineering/SoC/Bagai-Rajiv.php,NOSCHOLARPAGE,0000-0000-0000-0000
Rajiv Gupta 0001,Univ. of California - Riverside,http://www.cs.ucr.edu/~gupta,6P4bGWAAAAAJ,0000-0002-9348-3974
Rajiv K. Kalia,University of Southern California,http://physics.usc.edu/Faculty/Kalia,NOSCHOLARPAGE,0000-0002-8835-5249
Rajiv Khanna,Purdue University,https://www.cs.purdue.edu/people/faculty/rajivak.html,523w4w8AAAAJ,0000-0003-1314-3126
Rajiv Misra,IIT Patna,https://iitp.ac.in/index.php/departments/engineering/computer-science-a-engineering/people/faculty/dr-rajiv-misra.html,VDbjyx4AAAAJ,0000-0002-4910-5749
Rajiv Raman 0001,IIIT Delhi,https://www.iiitd.ac.in/rajiv,ota_lSEAAAAJ,0000-0000-0000-0000
Rajiv Ratn Shah,IIIT Delhi,https://old.iiitd.ac.in/people/adjunct-visiting,WAChZv4AAAAJ,0000-0003-1028-9373
Rajkumar Buyya,University of Melbourne,http://www.buyya.com,7xN6JqYAAAAJ,0000-0000-0000-0000
Rajmohan Rajaraman,Northeastern University,http://www.ccs.neu.edu/home/rraj,QZrx9MEAAAAJ,0000-0000-0000-0000
Rajsekar Manokaran,IIT Madras,http://www.cse.iitm.ac.in/~rajsekar,NOSCHOLARPAGE,0000-0000-0000-0000
Rajshekar Kalayappan,IIT Dharwad,https://www.iitdh.ac.in/~rajshekar.k,w82I_8UAAAAJ,0000-0001-8154-2984
Rajshekhar Sunderraman,Georgia State University,http://tinman.cs.gsu.edu/~raj,pXsiqKwAAAAJ,0000-0000-0000-0000
Raju Bhukya,National Inst. of Tech. Warangal,https://wsdc.nitw.ac.in/facultynew/facultyprofile/id/16343,YUfDlyUAAAAJ,0000-0000-0000-0000
Raju Halder,IIT Patna,https://iitp.ac.in/~halder,mA0HQJEAAAAJ,0000-0002-8873-8258
Raju Rangaswami,Florida International University,http://www.cis.fiu.edu/~raju,-Y_xfI8AAAAJ,0009-0000-5243-9451
Raju S. Bapi,IIIT Hyderabad,https://www.iiit.ac.in/people/faculty/rajubapi,bbSYyiAAAAAJ,0000-0003-2204-0890
Rakesh B. Bobba,Oregon State University,http://eecs.oregonstate.edu/people/bobba-rakesh,_0x5unAAAAAJ,0000-0002-5440-0785
Rakesh Bobba,Oregon State University,http://eecs.oregonstate.edu/people/bobba-rakesh,_0x5unAAAAAJ,0000-0002-5440-0785
Rakesh Kaundal,Utah State University,https://www.usu.edu/cs/directory/adjunct-faculty/kaundal-rakesh,Vu1-tr8AAAAJ,0000-0000-0000-0000
Rakesh Kumar 0002,Univ. of Illinois at Urbana-Champaign,https://www.ece.illinois.edu/directory/profile/rakeshk,HN8BPrEAAAAJ,0009-0008-1535-1889
Rakesh Kumar 0003,NTNU,https://www.ntnu.edu/employees/rakesh.kumar,z_ylJuoAAAAJ,0000-0001-6306-304X
Rakesh M. Verma,University of Houston,http://www2.cs.uh.edu/~rmverma,va3JOtYAAAAJ,0000-0002-7466-7823
Rakesh V. Vohra,University of Pennsylvania,https://sites.google.com/site/quaerereverum9,JnWSU4oAAAAJ,0000-0000-0000-0000
Rakesh Venkat,IIT Hyderabad,https://www.iith.ac.in/~rakeshvenkat,Igl7BusAAAAJ,0000-0000-0000-0000
Rakesh Vohra,University of Pennsylvania,https://sites.google.com/site/quaerereverum9,JnWSU4oAAAAJ,0000-0003-1049-0827
Rakeshbabu Bobba,Oregon State University,http://eecs.oregonstate.edu/people/bobba-rakesh,_0x5unAAAAAJ,0000-0000-0000-0000
Rakibul Hasan 0001,Arizona State University,https://rakib062.github.io,EuZ5pnwAAAAJ,0000-0001-8374-7596
Ralf Bierig,Maynooth University,https://www.maynoothuniversity.ie/faculty-science-engineering/our-people/ralf-bierig,PDb_0lwAAAAJ,0000-0002-2939-140X
Ralf H. Reussner,Karlsruhe Inst. of Technology,http://sdq.ipd.kit.edu/people/ralf_reussner,wsPDe4IAAAAJ,0000-0002-9308-6290
Ralf Herbrich,Hasso Plattner Institute,https://hpi.de/en/research/research-groups/artificial-intelligence-and-sustainability,RuvHkikAAAAJ,0000-0000-0000-0000
Ralf Hinze,TU Kaiserslautern,https://pl.cs.uni-kl.de/homepage/de/staff/RalfHinze,SGND_ocAAAAJ,0000-0000-0000-0000
Ralf Hofestädt,Bielefeld University,https://ekvv.uni-bielefeld.de/pers_publ/publ/PersonDetail.jsp?personId=161045,NOSCHOLARPAGE,0000-0000-0000-0000
Ralf Jung 0002,ETH Zurich,https://research.ralfj.de,zddokfoAAAAJ,0000-0001-7669-6348
Ralf Küsters,University of Stuttgart,https://sec.informatik.uni-stuttgart.de/people/kuesters,NOSCHOLARPAGE,0000-0002-9071-9312
Ralf L. M. Peeters,Maastricht University,https://www.maastrichtuniversity.nl/ralf.peeters,4gv6c1sAAAAJ,0000-0000-0000-0000
Ralf Lämmel,University of Koblenz-Landau,http://softlang.wikidot.com/rlaemmel:home,rlhpWRQAAAAJ,0000-0001-9946-4363
Ralf M. Haefner,University of Rochester,https://www2.bcs.rochester.edu/sites/haefnerlab/index.html,XlAFwrsAAAAJ,0000-0000-0000-0000
Ralf Martin Zimmer,LMU Munich,https://www.bio.ifi.lmu.de/mitarbeiter/ralf-zimmer/index.html,lJd_PUwAAAAJ,0000-0000-0000-0000
Ralf Möller 0001,University of Hamburg,https://www.philosophie.uni-hamburg.de/chai/personen/moeller.html,IF53lyMAAAAJ,0000-0002-1174-3323
Ralf Möller 0002,Bielefeld University,http://ekvv.uni-bielefeld.de/pers_publ/publ/PersonDetail.jsp?personId=3722277,Ahid9xsAAAAJ,0000-0000-0000-0000
Ralf Peeters,Maastricht University,https://www.maastrichtuniversity.nl/ralf.peeters,4gv6c1sAAAAJ,0000-0000-0000-0000
Ralf Romeike,Freie Universitaet Berlin,https://www.mi.fu-berlin.de/en/inf/groups/ag-ddi/team/prof/index.html,NOSCHOLARPAGE,0000-0002-2941-4288
Ralf Schenkel,University of Trier,https://www.uni-trier.de/index.php?id=17320,4gaNzroAAAAJ,0000-0001-5379-5191
Ralf Schlüter,RWTH Aachen University,http://www-i6.informatik.rwth-aachen.de/~schluter,JmuAC9oAAAAJ,0000-0000-0000-0000
Ralf Zimmer,LMU Munich,https://www.bio.ifi.lmu.de/mitarbeiter/ralf-zimmer/index.html,lJd_PUwAAAAJ,0000-0003-1439-2327
Ralph Bergmann,University of Trier,https://www.uni-trier.de/index.php?id=12983,LTh6r-MAAAAJ,0000-0000-0000-0000
Ralph Deters,University of Saskatchewan,http://p2irc.usask.ca/profiles/theme-3/ralph-deters.php,oiWdcN0AAAAJ,0000-0000-0000-0000
Ralph Etienne-Cummings,Johns Hopkins University,https://engineering.jhu.edu/faculty/ralph-etienne-cummings,AA16968AAAAJ,0000-0003-4445-973X
Ralph Ewerth,University of Hannover,https://www2.kbs.uni-hannover.de/ewerth.html,rDiYRfwAAAAJ,0000-0003-0918-6297
Ralph Holz,University of Twente,https://research.utwente.nl/en/persons/ralph-günther-holz,x9wWrzkAAAAJ,0000-0001-9614-2377
Ralph Moseley,Middlesex University,https://www.mdx.ac.uk/about-us/our-people/staff-directory/profile/moseley-ralph,NOSCHOLARPAGE,0000-0000-0000-0000
Ralph-Günther Holz,University of Twente,https://research.utwente.nl/en/persons/ralph-günther-holz,x9wWrzkAAAAJ,0000-0000-0000-0000
Raluca A. Popa,Univ. of California - Berkeley,http://www.eecs.berkeley.edu/~raluca,NvKHgzkAAAAJ,0000-0000-0000-0000
Raluca Ada Popa,Univ. of California - Berkeley,http://www.eecs.berkeley.edu/~raluca,NvKHgzkAAAAJ,0000-0001-8899-801X
Raluca Gordân,Duke University,http://gordanlab.cs.duke.edu,SV2GPKwAAAAJ,0000-0000-0000-0000
Ram Dantu,University of North Texas,http://www.cse.unt.edu/~rdantu/index.html,NOSCHOLARPAGE,0000-0000-0000-0000
Ram Gopal Raj,University of Malaya,https://umexpert.um.edu.my/ramdr,46t8jZUAAAAJ,0000-0000-0000-0000
Ram Krishnan,University of Texas at San Antonio,https://sciences.utsa.edu/faculty/profiles/krishnan-ram.html,cHjkxfUAAAAJ,0000-0002-7402-553X
Ram Nevatia,University of Southern California,http://iris.usc.edu/people/nevatia,EUMYhUvzt6IC,0000-0000-0000-0000
Ram Sarkar,Jadavpur University,http://www.jaduniv.edu.in/profile.php?uid=686,bDj0BUEAAAAJ,0000-0000-0000-0000
Ram Sundara Raman,Univ. of California - Santa Cruz,https://ramakrishnansr.com,1gyokIMAAAAJ,0000-0002-2411-8463
Rama Chellappa,Johns Hopkins University,https://engineering.jhu.edu/ece/faculty/rama-chellappa,mZxsTCcAAAAJ,0000-0000-0000-0000
Rama Murthy Garimella,IIIT Hyderabad,https://www.iiit.ac.in/people/faculty/ramamurthy,YUWS9LAAAAAJ,0000-0000-0000-0000
Ramakant Nevatia,University of Southern California,http://iris.usc.edu/people/nevatia,EUMYhUvzt6IC,0000-0000-0000-0000
Ramakanth Kavuluru,University of Kentucky,http://www.cs.uky.edu/people/faculty/rkavuluru,azW9YzYAAAAJ,0000-0000-0000-0000
Ramakrishna Thurimella,University of Denver,https://ritchieschool.du.edu/ramakrishna-thurimella,tamVEbAAAAAJ,0000-0000-0000-0000
Ramakrishna U.,IIT Hyderabad,http://www.iith.ac.in/~ramakrishna,3qZCtWYAAAAJ,0000-0000-0000-0000
Ramakrishna Upadrasta,IIT Hyderabad,http://www.iith.ac.in/~ramakrishna,3qZCtWYAAAAJ,0000-0002-5290-3266
Ramakrishnan Durairajan,University of Oregon,http://ix.cs.uoregon.edu/~ram,6jzveA4AAAAJ,0000-0003-2859-5598
Ramakrishnan Mukundan,University of Canterbury,http://www.cosc.canterbury.ac.nz/mukundan,Bk5BJ80AAAAJ,0000-0000-0000-0000
Ramalingam Chellappa,Johns Hopkins University,https://engineering.jhu.edu/ece/faculty/rama-chellappa,mZxsTCcAAAAJ,0000-0000-0000-0000
Ramalingam Sridhar,University at Buffalo,http://www.cse.buffalo.edu/~rsridhar,xKC_LZ8AAAAJ,0000-0000-0000-0000
Ramalingaswamy Cheruku,National Inst. of Tech. Warangal,https://wsdc.nitw.ac.in/facultynew/facultyprofile/id/17070,E-XoNN0AAAAJ,0000-0000-0000-0000
Ramamohan Paturi,Univ. of California - San Diego,http://jacobsschool.ucsd.edu/faculty/faculty_bios/index.sfe?fmp_recid=118,NOSCHOLARPAGE,0000-0000-0000-0000
Raman Arora,Johns Hopkins University,http://www.cs.jhu.edu/~raman/Home.html,Spe0xdkAAAAJ,0000-0003-2002-3923
Raman Balasubramanian,IIT Roorkee,http://www.iitr.ac.in/departments/CSE/pages/Home+Departments_and_Centres+Mathematics+People+Faculty+Balasubramanian_R_.html,QU2O6JMAAAAJ,0000-0000-0000-0000
Raman Ramsin,Sharif University of Technology,http://sharif.edu/~ramsin,12Az6pUAAAAJ,0000-0000-0000-0000
Ramana Vinjamuri,Univ. of Maryland - Baltimore County,https://www.csee.umbc.edu/ramana-vinjamuri,Ok92zD4AAAAJ,0000-0000-0000-0000
Ramani Duraiswami,Univ. of Maryland - College Park,http://www.umiacs.umd.edu/~ramani,GNEcpkAAAAAJ,0000-0002-5596-8460
Ramanujan Sridharan,University of Warwick,https://warwick.ac.uk/fac/sci/dcs/people/ramanujan_sridharan,XMuyXpEAAAAJ,0000-0000-0000-0000
Ramaswamy Chandrasekaran,University of Texas at Dallas,https://www.utdallas.edu/~chandra,NOSCHOLARPAGE,0000-0000-0000-0000
Ramaswamy Govindarajan,IISc Bangalore,http://www.csa.iisc.ac.in/~govind,wWrR-qgAAAAJ,0000-0000-0000-0000
Ramaswamy Palaniappan,University of Kent,https://www.cs.kent.ac.uk/people/staff/pr254,rSkK_B4AAAAJ,0000-0000-0000-0000
Ramaswamy Ramanujam,IMSc,http://www.imsc.res.in/~jam,NOSCHOLARPAGE,0000-0000-0000-0000
Ramazan Aygun,University of Alabama - Huntsville,http://ua-huntsville.academia.edu/RamazanAygun,ptQHOV0AAAAJ,0000-0000-0000-0000
Ramazan Gokberk Cinbis,Middle East Technical University,http://user.ceng.metu.edu.tr/~gcinbis,Za7uka8AAAAJ,0000-0003-0962-7101
Ramazan Gökberk Cinbis,Middle East Technical University,http://user.ceng.metu.edu.tr/~gcinbis,Za7uka8AAAAJ,0000-0000-0000-0000
Rambabu Kalla,IIIT Hyderabad,https://www.iiit.ac.in/people/faculty/rambabukalla,NOSCHOLARPAGE,0000-0000-0000-0000
Ramchandra Phawade,IIT Dharwad,https://iitdh.ac.in/prb,Am3Edr4AAAAJ,0000-0000-0000-0000
Ramesh Govindan,University of Southern California,https://govindan.usc.edu,ZTkRs84AAAAJ,0000-0001-8311-8853
Ramesh K. Karne,Towson University,http://orion.towson.edu/~karne,NOSCHOLARPAGE,0000-0000-0000-0000
Ramesh K. Rayudu,Victoria University of Wellington,http://ecs.victoria.ac.nz/Main/RameshRayudu,Mewq7J0AAAAJ,0000-0000-0000-0000
Ramesh K. Sitaraman,Univ. of Massachusetts Amherst,https://groups.cs.umass.edu/ramesh,Hj4o7GYAAAAJ,0000-0003-0558-6875
Ramesh Karri,New York University,http://engineering.nyu.edu/people/ramesh-karri,o60TaTEAAAAJ,0000-0001-7989-5617
Ramesh Kolluru,Univ. of Louisiana - Lafayette,https://louisiana.edu/about-us/offices,NOSCHOLARPAGE,0000-0000-0000-0000
Ramesh Krishnamurti,Simon Fraser University,https://www.sfu.ca/computing/people/faculty/RameshKrishnamurti.html,TqKkwlAAAAAJ,0000-0000-0000-0000
Ramesh Kumar Rayudu,Victoria University of Wellington,http://ecs.victoria.ac.nz/Main/RameshRayudu,NOSCHOLARPAGE,0000-0000-0000-0000
Ramesh Kumar Thakur,KIIT Bhubaneswar,https://cse.kiit.ac.in/profiles/ramesh-kumar-thakur,W7uKdfQAAAAJ,0000-0000-0000-0000
Ramesh Loganathan,IIIT Hyderabad,https://www.iiit.ac.in/people/faculty/ramesh.loganathan,NOSCHOLARPAGE,0000-0000-0000-0000
Ramesh Raskar,Massachusetts Inst. of Technology,https://www.media.mit.edu/people/raskar/overview,8hpOmVgAAAAJ,0000-0002-3254-3224
Ramesh Rayudu,Victoria University of Wellington,http://ecs.victoria.ac.nz/Main/RameshRayudu,Mewq7J0AAAAJ,0000-0000-0000-0000
Ramgopal Mettu,Tulane University,http://www2.tulane.edu/sse/cs/faculty/ramgopal-mettu.cfm,gHZTKpkAAAAJ,0000-0001-9479-9156
Ramgopal R. Mettu,Tulane University,http://www2.tulane.edu/sse/cs/faculty/ramgopal-mettu.cfm,gHZTKpkAAAAJ,0000-0001-9479-9156
Rami Bahsoon,University of Birmingham,https://www.birmingham.ac.uk/staff/profiles/computer-science/academic-staff/bahsoon-rami.aspx,YUgbZRgAAAAJ,0000-0000-0000-0000
Rami G. Melhem,University of Pittsburgh,https://people.cs.pitt.edu/~melhem,017pCpkAAAAJ,0000-0001-6403-5446
Rami Puzis,Ben-Gurion University of the Negev,https://faramirp.wixsite.com/puzis,SfJ_pOYAAAAJ,0000-0000-0000-0000
Ramin Ayanzadeh,University of Colorado Boulder,https://raminayanzadeh.com,syeN3NQAAAAJ,0000-0001-6687-5668
Ramin Yahyapour,University of Göttingen,https://www.gwdg.de/about-us/organization/management/ramin-yahyapour,BUIdFgEAAAAJ,0000-0002-9057-4395
Ramin Zabih [Tech],Cornell University,http://www.cs.cornell.edu/rdz,8Lp0W54AAAAJ,0000-0000-0000-0000
Ramiro Liscano,Ontario Tech University,https://engineering.ontariotechu.ca/people/ecse/ramiro.liscano.php,NOSCHOLARPAGE,0000-0000-0000-0000
Ramki Thurimella,University of Denver,https://ritchieschool.du.edu/ramakrishna-thurimella,tamVEbAAAAAJ,0000-0000-0000-0000
Ramnatthan Alagappan,Univ. of Illinois at Urbana-Champaign,https://ramalagappan.github.io,K_pmyVcAAAAJ,0000-0001-9911-4208
Ramon Antonio Rodriges Zalipynis,HSE University,https://www.hse.ru/en/staff/rodriges,OcK7fUUAAAAJ,0000-0002-3627-6688
Ramon Canal,Polytechnic Univ. of Catalonia,http://people.ac.upc.edu/rcanal,L_vwQQ4AAAAJ,0000-0000-0000-0000
Ramon Fraga Pereira,University of Manchester,https://www.ramonfpereira.com,9HRSVRgAAAAJ,0000-0000-0000-0000
Ramon Morros,Polytechnic Univ. of Catalonia,https://imatge.upc.edu/web/people/josep-ramon-morros,Eh5V620AAAAJ,0000-0000-0000-0000
Ramprasad Joshi,BITS Pilani-Goa,https://universe.bits-pilani.ac.in/goa/rsj/profile,2Sv-n_sAAAAJ,0000-0000-0000-0000
Ramprasad S. Joshi,BITS Pilani-Goa,https://universe.bits-pilani.ac.in/goa/rsj/profile,2Sv-n_sAAAAJ,0000-0000-0000-0000
Ramprasad Saptharishi,Tata Inst. of Fundamental Research,http://www.tcs.tifr.res.in/~ramprasad,NOSCHOLARPAGE,0000-0002-7485-3220
Ramtin Zand,University of South Carolina,https://sc.edu/study/colleges_schools/engineering_and_computing/faculty-staff/zand.php,JyzaowcAAAAJ,0000-0002-1786-1152
Ramviyas Parasuraman,University of Georgia,https://cobweb.cs.uga.edu/~ramviyas,gmhcslQAAAAJ,0000-0001-5451-8209
Ramya Korlakai Vinayak,University of Wisconsin - Madison,https://ramyakv.github.io,-dDKMgoAAAAJ,0000-0003-0248-9551
Ramyaa,New Mexico Tech,https://www.cs.nmt.edu/~ramyaa,NOSCHOLARPAGE,0000-0000-0000-0000
Ramyaa Ramyaa,New Mexico Tech,https://www.cs.nmt.edu/~ramyaa,NOSCHOLARPAGE,0000-0000-0000-0000
Ramzi A. Haraty,Lebanese American University,http://sas.lau.edu.lb/csm/people/rharaty.php,yHGvAkYAAAAJ,0000-0000-0000-0000
Ramzi Ahmed Haraty,Lebanese American University,http://sas.lau.edu.lb/csm/people/rharaty.php,yHGvAkYAAAAJ,0000-0000-0000-0000
Ran Ben Basat,University College London,https://www.bbasat.com,6G61qDwAAAAJ,0000-0003-0196-9190
Ran Ben-Basat,University College London,https://www.bbasat.com,6G61qDwAAAAJ,0000-0003-0196-9190
Ran Canetti,Boston University,https://www.bu.edu/cs/profiles/ran-canetti,-PWcE1YAAAAJ,0000-0002-5479-7540
Ran Cheng,SUSTech,https://scholar.google.com/citations?hl=en&user=bjeIdlcAAAAJ,bjeIdlcAAAAJ,0000-0000-0000-0000
Ran Duan,Tsinghua University,http://iiis.tsinghua.edu.cn/zh/duanr,NOSCHOLARPAGE,0000-0001-9948-6714
Ran Dubin,Ariel University,https://www.ariel.ac.il/wp/ran-dubin,kHW5Is4AAAAJ,0000-0000-0000-0000
Ran El-Yaniv,Technion,http://www.cs.technion.ac.il/~rani,D9eVSd8AAAAJ,0000-0000-0000-0000
Ran Gilad-Bachrach,Tel Aviv University,https://english.tau.ac.il/profile/rgb,nnLiId8AAAAJ,0000-0002-4001-8307
Ran He 0001,Chinese Academy of Sciences,http://teacher.ucas.ac.cn/~heran,ayrg9AUAAAAJ,0000-0002-3807-991X
Ran Raz,Princeton University,https://www.cs.princeton.edu/people/profile/ranr,vmHFZM0AAAAJ,0009-0008-1656-2258
Ran Yi,Shanghai Jiao Tong University,https://yiranran.github.io,y68DLo4AAAAJ,0000-0000-0000-0000
Ran Zhang,UNC - Charlotte,https://ece.charlotte.edu/directory/dr-ran-zhang-phd,HkmH6qEAAAAJ,0000-0002-7630-1251
Rana Hanocka,University of Chicago,http://people.cs.uchicago.edu/~ranahanocka,3Bk5C9EAAAAJ,0000-0003-3214-3703
Rana Yousef,University of Jordan,https://www.facebook.com/public/Rana-Yousef/school/University-of-Jordan-103146266391742,N0DGOlYAAAAJ,0000-0000-0000-0000
Ranald Alexander Clouston,Australian National University,https://cs.anu.edu.au/people/ranald-clouston,_7YKlyMAAAAJ,0000-0000-0000-0000
Ranald Clouston,Australian National University,https://cs.anu.edu.au/people/ranald-clouston,_7YKlyMAAAAJ,0000-0000-0000-0000
Randal C. Burns,Johns Hopkins University,http://www.cs.jhu.edu/~randal,rTJTJJ4AAAAJ,0000-0002-2924-1997
Randal C. Nelson,University of Rochester,https://www.cs.rochester.edu/~nelson,NOSCHOLARPAGE,0000-0000-0000-0000
Randall Balestriero,Brown University,https://randallbalestriero.github.io,S1x_xqcAAAAJ,0000-0000-0000-0000
Randall Bramley,Indiana University,https://www.soic.indiana.edu/all-people/profile.html?profile_id=169,NOSCHOLARPAGE,0000-0000-0000-0000
Randall D. Beer,Indiana University,http://mypage.iu.edu/~rdbeer,F_J8QyAAAAAJ,0000-0000-0000-0000
Randall Davis,Massachusetts Inst. of Technology,https://www.csail.mit.edu/user/805,NOSCHOLARPAGE,0000-0000-0000-0000
Randi Karlsen,UiT The Arctic Univ. of Norway,https://uit.no/ansatte/randi.karlsen,3doMrrkAAAAJ,0000-0000-0000-0000
Randy Avent,North Carolina State University,https://www.csc.ncsu.edu/people/rkavent,NOSCHOLARPAGE,0000-0000-0000-0000
Randy E. Ellis,Queen’s University,http://www.cs.queensu.ca/~ellis,u97Fg9IAAAAJ,0000-0000-0000-0000
Randy Goebel,University of Alberta,https://webdocs.cs.ualberta.ca/~goebel,fTgRyn4AAAAJ,0000-0000-0000-0000
Randy H. Katz,Univ. of California - Berkeley,http://bnrg.eecs.berkeley.edu/~randy,PkfChMgAAAAJ,0000-0000-0000-0000
Randy Howard Katz,Univ. of California - Berkeley,http://bnrg.eecs.berkeley.edu/~randy,PkfChMgAAAAJ,0000-0000-0000-0000
Randy K. Smith,The University of Alabama,http://cs.ua.edu/people/rsmith,NOSCHOLARPAGE,0000-0000-0000-0000
Randy Klaassen,University of Twente,https://research.utwente.nl/en/persons/8cabe314-4f70-43ea-9a19-54f393958c94,9t0KJpQAAAAJ,0000-0000-0000-0000
Ranendu Ghosh,DAIICT,http://www.daiict.ac.in/daiict/people/faculty.html,BDnMnJkAAAAJ,0000-0000-0000-0000
Ranga Rao Venkatesha Prasad,TU Delft,http://homepage.tudelft.nl/w5p50,9RVkIfsAAAAJ,0000-0000-0000-0000
Rangachar Kasturi,University of South Florida,http://www.cse.usf.edu/~r1k,EFB9ZuwAAAAJ,0000-0000-0000-0000
Rangarao Venkatesha Prasad,TU Delft,http://homepage.tudelft.nl/w5p50,9RVkIfsAAAAJ,0000-0000-0000-0000
Ranggi Hwang,UNIST,https://sites.google.com/view/unist-cocolab,X6GMiFIAAAAJ,0000-0003-2343-586X
Ranita Biswas,IIT Roorkee,http://faculty.iitr.ac.in/~ranitafcs,x2obmAYAAAAJ,0000-0000-0000-0000
Ranjay A. Krishna,University of Washington,http://www.ranjaykrishna.com/index.html,IcqahyAAAAAJ,0000-0000-0000-0000
Ranjay Krishna,University of Washington,http://www.ranjaykrishna.com/index.html,IcqahyAAAAAJ,0000-0001-8784-2531
Ranjit Jhala,Univ. of California - San Diego,https://ranjitjhala.github.io,H3wb878AAAAJ,0000-0002-1802-9421
Ranjitha Kumar,Univ. of Illinois at Urbana-Champaign,https://cs.illinois.edu/directory/profile/ranjitha,5fiQ8-YAAAAJ,0009-0001-2107-1647
Ranko Lazic,University of Warwick,https://warwick.ac.uk/fac/sci/dcs/people/ranko_lazic/biography,yGOk7boAAAAJ,0000-0000-0000-0000
Ranko Lazic 0001,University of Warwick,https://warwick.ac.uk/fac/sci/dcs/people/ranko_lazic/biography,yGOk7boAAAAJ,0000-0000-0000-0000
Ranko S. Lazic,University of Warwick,https://warwick.ac.uk/fac/sci/dcs/people/ranko_lazic/biography,yGOk7boAAAAJ,0000-0000-0000-0000
Rann Smorodinsky,Technion,https://web.iem.technion.ac.il/en/people/rann.html,ZAwAVJkAAAAJ,0000-0001-7447-5605
Ransalu Senanayake,Arizona State University,https://search.asu.edu/profile/4843390,mmo0bDIAAAAJ,0000-0000-0000-0000
Rao Muhammad Anwer,MBZUAI,https://mbzuai.ac.ae/study/faculty/rao-muhammad-anwer,_KlvMVoAAAAJ,0000-0002-9041-2214
Rao Sreenivasa Krothapalli,IIT Kharagpur,https://cse.iitkgp.ac.in/~ksrao,TATEL2EAAAAJ,0000-0000-0000-0000
Raouf Boutaba,University of Waterloo,http://rboutaba.cs.uwaterloo.ca,L1RHDCcAAAAJ,0000-0001-7936-6862
Raphael A. Finkel,University of Kentucky,https://www.cs.uky.edu/~raphael,VqXOKkgAAAAJ,0000-0000-0000-0000
Raphael Wimmer,University of Regensburg,https://hci.ur.de/people/raphael_wimmer,IF-2DfQAAAAJ,0000-0001-5162-5113
Raphaël Clifford,University of Bristol,http://www.cs.bris.ac.uk/~clifford,9hXaff4AAAAJ,0000-0003-0599-0915
Raphaël Pestourie,Georgia Institute of Technology,https://www.raphaelpestourie.com,Lxv3W74AAAAJ,0000-0000-0000-0000
Raphaël Troncy,EURECOM,http://www.eurecom.fr/~troncy,1BxhcigAAAAJ,0000-0003-0457-1436
Raquel Benbunan-Fich,CUNY,http://zicklin.baruch.cuny.edu/faculty/profiles/fich.html,ZjMEEo0AAAAJ,0000-0000-0000-0000
Raquel C. de Melo,UFMG,http://homepages.dcc.ufmg.br/~raquelcm,FnfdiqQAAAAJ,0000-0000-0000-0000
Raquel Cardoso de Melo Minardi,UFMG,http://homepages.dcc.ufmg.br/~raquelcm,FnfdiqQAAAAJ,0000-0001-5190-100X
Raquel Fernández,University of Amsterdam,https://staff.science.uva.nl/r.fernandezrovira,XbosWYQAAAAJ,0000-0000-0000-0000
Raquel Hill,Indiana University,http://www.cs.indiana.edu/~ralhill,kBNKU1YAAAAJ,0000-0000-0000-0000
Raquel O. Prates,UFMG,http://homepages.dcc.ufmg.br/~rprates,6aL3UScAAAAJ,0000-0000-0000-0000
Raquel Oliveira Prates,UFMG,http://homepages.dcc.ufmg.br/~rprates,6aL3UScAAAAJ,0000-0000-0000-0000
Rares Bodnar,University of Southampton,https://www.ecs.soton.ac.uk/people/rab1e14,NOSCHOLARPAGE,0000-0000-0000-0000
Rasha Mohammad Obeidat,JUST,http://www.just.edu.jo/eportfolio/Pages/Default.aspx?email=rmobeidat,jgxnYvgAAAAJ,0000-0000-0000-0000
Rasha Obeidat,JUST,http://www.just.edu.jo/eportfolio/Pages/Default.aspx?email=rmobeidat,jgxnYvgAAAAJ,0000-0000-0000-0000
Rashid Rashid,Massey University,http://www.massey.ac.nz/massey/expertise/profile.cfm?stref=721530,NOSCHOLARPAGE,0000-0000-0000-0000
Rashina Hoda,Monash University,https://research.monash.edu/en/persons/rashina-hoda,WrNBfzwAAAAJ,0000-0001-5147-8096
Rashmi Dutta Baruah,IIT Guwahati,https://www.iitg.ernet.in/r.duttabaruah,pSiO0xoAAAAJ,0000-0000-0000-0000
Rashmi Jha,University of Cincinnati,https://researchdirectory.uc.edu/p/jhari,NOSCHOLARPAGE,0000-0002-2656-5945
Rashmi Ranjan Rout,National Inst. of Tech. Warangal,https://wsdc.nitw.ac.in/facultynew/facultyprofile/id/16336,SQTBOa8AAAAJ,0000-0000-0000-0000
Rashmi Vinayak,Carnegie Mellon University,http://www.cs.cmu.edu/~rvinayak,gUO59T8AAAAJ,0000-0002-2227-7460
Rasiah Loganantharaj,Univ. of Louisiana - Lafayette,http://louisiana.academia.edu/RasiahLoganantharaj,avhN-IMAAAAJ,0000-0000-0000-0000
Rasit Eskicioglu,University of Manitoba,http://www.cs.umanitoba.ca/~rasit,NOSCHOLARPAGE,0000-0000-0000-0000
Rasmus Ejlers Møgelberg,IT University of Copenhagen,http://www.itu.dk/people/mogel,NOSCHOLARPAGE,0000-0003-0386-4376
Rasmus Ibsen-Jensen,University of Liverpool,https://www.liverpool.ac.uk/computer-science/staff/rasmus-ibsen-jensen,NVTh2QgAAAAJ,0000-0003-4783-0389
Rasmus Kyng,ETH Zurich,http://rasmuskyng.com,DHHVA9IAAAAJ,0000-0002-8268-6258
Rasmus Pagh,University of Copenhagen,https://di.ku.dk/english/staff/?pure=en/persons/309342,VO4oS8UAAAAJ,0000-0002-1516-9306
Rasmus R. Paulsen,DTU,https://www.compute.dtu.dk/english,NOSCHOLARPAGE,0000-0003-0647-3215
Rasmus Reinhold Paulsen,DTU,https://www.compute.dtu.dk/english,NOSCHOLARPAGE,0000-0000-0000-0000
Rasool Jalili,Sharif University of Technology,http://ce.sharif.edu/faculty/rasool-jalili,NOSCHOLARPAGE,0000-0000-0000-0000
Rassul Saeedipour,University of Kansas,https://people.eecs.ku.edu/~rassul,NOSCHOLARPAGE,0000-0000-0000-0000
Ratan Guha,University of Central Florida,http://www.cs.ucf.edu/~guha,NOSCHOLARPAGE,0000-0000-0000-0000
Ratan K. Guha,University of Central Florida,http://www.cs.ucf.edu/~guha,NOSCHOLARPAGE,0000-0000-0000-0000
Rathish Das,University of Houston,https://www.rathishdas.com,jONg_qUAAAAJ,0000-0002-2416-6422
Ratikanta Behera,IISc Bangalore,https://cds.iisc.ac.in/faculty/ratikanta,8jKAiq8AAAAJ,0000-0000-0000-0000
Rattikorn Hewett,Texas Tech University,http://www.depts.ttu.edu/cs/faculty/faculty.php?name=Rattikorn%20Hewett,NOSCHOLARPAGE,0000-0000-0000-0000
Ratul Mahajan,University of Washington,https://ratul.org,Sh1yq5QAAAAJ,0009-0005-8005-6948
Raul Astudillo,MBZUAI,https://mbzuai.ac.ae/study/faculty/raul-astudillo-marban,r1Jkj7MAAAAJ,0000-0000-0000-0000
Raul Castro Fernandez,University of Chicago,http://raulcastrofernandez.com,bBHxY_MAAAAJ,0000-0001-7675-6080
Raul Fervari,Universidad Nacional de Córdoba,http://cs.famaf.unc.edu.ar/~rfervari,3dg1ASwAAAAJ,0000-0000-0000-0000
Raul Vicente,University of Tartu,https://nail.cs.ut.ee/index.php/team/raul-vicente,oQc8avwAAAAJ,0000-0000-0000-0000
Raula Gaikovina Kula,Osaka University,https://raux.github.io,BxUrdQEAAAAJ,0000-0003-2324-0608
Raunak Manekar,BITS Pilani-Goa,https://raunakmanekar.github.io,ct6Om_wAAAAJ,0000-0000-0000-0000
Raunak P. Bhattacharyya,IIT Delhi,https://raunak-bhattacharyya.github.io,x7pTbCgAAAAJ,0000-0000-0000-0000
Ravi Anand,IIIT Delhi,https://www.iiitd.ac.in/ravianand,ZB6aUc0AAAAJ,0000-0000-0000-0000
Ravi Chugh,University of Chicago,http://people.cs.uchicago.edu/~rchugh,DKuq2fIAAAAJ,0000-0002-1339-2889
Ravi Janardan,University of Minnesota,http://umn.edu/home/janardan,NOSCHOLARPAGE,0000-0000-0000-0000
Ravi K. Iyer,Univ. of Illinois at Urbana-Champaign,https://www.ece.illinois.edu/directory/profile/rkiyer,NOSCHOLARPAGE,0000-0000-0000-0000
Ravi Karkar,Univ. of Massachusetts Amherst,https://people.cs.umass.edu/~rkarkar,n_vk_EAAAAAJ,0000-0003-1467-4439
Ravi Kiran Sarvadevabhatla,IIIT Hyderabad,https://www.iiit.ac.in/people/faculty/ravi.kiran,oLJTcXIAAAAJ,0000-0003-4134-1154
Ravi Kuber,Univ. of Maryland - Baltimore County,https://userpages.umbc.edu/~rkuber,QdMjnlwAAAAJ,0000-0003-1095-3772
Ravi Mangal,Colorado State University,https://ravimangal.github.io,5OFQ4A8AAAAJ,0000-0000-0000-0000
Ravi Mukkamala,Old Dominion University,http://www.cs.odu.edu/~mukka,xXQljv0AAAAJ,0000-0000-0000-0000
Ravi Netravali,Princeton University,https://www.cs.princeton.edu/~ravian,4C9naMgAAAAJ,0000-0001-7002-5033
Ravi Prakash 0001,University of Texas at Dallas,http://www.utdallas.edu/~ravip,MJyWxOYAAAAJ,0000-0002-8430-7813
Ravi Ramamoorthi,Univ. of California - San Diego,https://cseweb.ucsd.edu/~ravir,q0MzO6cAAAAJ,0000-0003-3993-5789
Ravi S. Sandhu,University of Texas at San Antonio,http://www.profsandhu.com,wic7YpkAAAAJ,0000-0000-0000-0000
Ravi Sandhu,University of Texas at San Antonio,http://www.profsandhu.com,wic7YpkAAAAJ,0000-0000-0000-0000
Ravi Sethi,University of Arizona,https://www.cs.arizona.edu/~rsethi,ID4wZFwAAAAJ,0000-0000-0000-0000
Ravi Shankar,Florida Atlantic University,http://www.eng.fau.edu/directory/faculty/shankar,4nMakAEAAAAJ,0009-0006-1778-873X
Ravi Sundaram,Northeastern University,http://www.ccs.neu.edu/home/koods,WEQF9DgAAAAJ,0000-0000-0000-0000
Ravichandra Sadam,National Inst. of Tech. Warangal,https://wsdc.nitw.ac.in/facultynew/facultyprofile/id/16342,JFldEvMAAAAJ,0000-0000-0000-0000
Ravin Balakrishnan,University of Toronto,http://www.dgp.toronto.edu/~ravin,WtijM48AAAAJ,0000-0002-3379-7680
Ravinder M.,IGDTUW,https://www.igdtuw.ac.in/computerScience.php?name=ravinderm,H8QKaLoAAAAJ,0000-0000-0000-0000
Ravinderpal Singh Sandhu,University of Texas at San Antonio,http://www.profsandhu.com,wic7YpkAAAAJ,0000-0000-0000-0000
Ravindra B. Keskar,VNIT Nagpur,https://vnit.ac.in/engineering/cse/dr-r-b-keskar,B1Eq0bYAAAAJ,0000-0000-0000-0000
Ravishankar K. Iyer,Univ. of Illinois at Urbana-Champaign,https://www.ece.illinois.edu/directory/profile/rkiyer,NOSCHOLARPAGE,0000-0003-2245-3038
Ravishankar Krishnan Iyer,Univ. of Illinois at Urbana-Champaign,https://www.ece.illinois.edu/directory/profile/rkiyer,NOSCHOLARPAGE,0000-0000-0000-0000
Raviv Raich,Oregon State University,http://web.engr.oregonstate.edu/~raich,NOSCHOLARPAGE,0000-0000-0000-0000
Rawan Alghofaili,University of Texas at Dallas,https://rawanmg.com,5iCpo_8AAAAJ,0000-0001-6510-4562
Ray-I Chang,National Taiwan University,http://homepage.ntu.edu.tw/~rayichang,YiqWyHkAAAAJ,0000-0000-0000-0000
Rayford B. Vaughn,University of Alabama - Huntsville,https://www.uah.edu/images/research/ovpr/cvs/vaughn.pdf,UK-AZvMAAAAJ,0000-0000-0000-0000
Rayford B. Vaughn Jr.,University of Alabama - Huntsville,https://www.uah.edu/images/research/ovpr/cvs/vaughn.pdf,UK-AZvMAAAAJ,0000-0000-0000-0000
Rayid Ghani,Carnegie Mellon University,http://www.rayidghani.com,_ufWH4IAAAAJ,0000-0003-0235-1843
Raymond A. Yeh,Purdue University,https://www.cs.purdue.edu/people/faculty/rayyeh.html,7HDE1ZwAAAAJ,0000-0003-4375-0680
Raymond Bisdorff,University of Luxembourg,http://wwwen.uni.lu/studies/doctoral_education/contact/raymond_bisdorff,Vz4YXfcAAAAJ,0000-0000-0000-0000
Raymond Chi-Wing Wong,HKUST,http://www.cse.ust.hk/~raywong,IKgiD0AAAAAJ,0000-0001-7045-6503
Raymond D. Gumb,University of Massachusetts Lowell,http://www.cs.uml.edu/~gumb,NOSCHOLARPAGE,0000-0000-0000-0000
Raymond Hu,Queen Mary University of London,https://www.qmul.ac.uk/eecs/people/profiles/huraymond.html,b08Zz1kAAAAJ,0000-0003-4361-6772
Raymond J. Mooney,University of Texas at Austin,https://www.cs.utexas.edu/~mooney,p9RsPG4AAAAJ,0000-0000-0000-0000
Raymond K. Wong,UNSW,http://www.cse.unsw.edu.au/~wong,h1zOnWUAAAAJ,0000-0000-0000-0000
Raymond K. Wong 0001,UNSW,http://www.cse.unsw.edu.au/~wong,h1zOnWUAAAAJ,0000-0000-0000-0000
Raymond Knopp,EURECOM,http://www.eurecom.fr/en/people/knopp-raymond,jE-78dsAAAAJ,0000-0000-0000-0000
Raymond Kwok-Kay Wong,UNSW,http://www.cse.unsw.edu.au/~wong,h1zOnWUAAAAJ,0000-0000-0000-0000
Raymond Laflamme,University of Waterloo,https://laflamme.iqc.uwaterloo.ca,UBusZfYAAAAJ,0000-0000-0000-0000
Raymond S. K. Kwan,University of Leeds,https://eps.leeds.ac.uk/computing/staff/37/professor-raymond-kwan,kfllGLUAAAAJ,0000-0000-0000-0000
Raymond Spiteri,University of Saskatchewan,https://www.cs.usask.ca/faculty/spiteri,S82hWW0AAAAJ,0000-0000-0000-0000
Raymond T. Ng,University of British Columbia,https://www.cs.ubc.ca/~rng,reYJaYMAAAAJ,0000-0000-0000-0000
Raymund C. Sison,De La Salle University,https://www.dlsu.edu.ph/colleges/ccs/faculty-profile/single/?id=32742700789&command=GETPROFILE,piWqzCYAAAAJ,0000-0000-0000-0000
Raymund Sison,De La Salle University,https://www.dlsu.edu.ph/colleges/ccs/faculty-profile/single/?id=32742700789&command=GETPROFILE,piWqzCYAAAAJ,0000-0000-0000-0000
Rayna Dimitrova,CISPA Helmholtz Center,https://www.sheffield.ac.uk/dcs/people/academic/rayna-dimitrova,HgCDGyQAAAAJ,0009-0006-2494-8690
Raza Abidi,Dalhousie University,https://www.dal.ca/faculty/computerscience/faculty-staff/raza-abidi.html,fzr2PUYAAAAJ,0000-0000-0000-0000
Razieh Rahimi,Univ. of Massachusetts Amherst,https://people.cs.umass.edu/~rahimi,zk3TSwIAAAAJ,0000-0000-0000-0000
Razvan C. Bunescu,UNC - Charlotte,https://webpages.uncc.edu/rbunescu,fi4HWW8AAAAJ,0000-0003-2919-3566
Razvan V. Marinescu,Univ. of California - Santa Cruz,https://razvanmarinescu.com,AzfoycUAAAAJ,0000-0000-0000-0000
Raúl García-Patrón,University of Edinburgh,http://www.inf.ed.ac.uk/people/staff/Raul_Garcia-Patron_Sanchez.html,EmnabekAAAAJ,0000-0000-0000-0000
Raúl Rojas 0001,University of Nevada,https://www.unr.edu/math/people/raul-rojas,xAs1vMkAAAAJ,0000-0000-0000-0000
Rebecca A. Hutchinson,Oregon State University,http://web.engr.oregonstate.edu/~rah,1pnbx9QAAAAJ,0000-0000-0000-0000
Rebecca C. Steorts,Duke University,https://resteorts.github.io,EdgSKFEAAAAJ,0000-0000-0000-0000
Rebecca E. Grinter,Georgia Institute of Technology,http://www.cc.gatech.edu/~beki/Beki.html,PNalJ58AAAAJ,0000-0002-1957-4130
Rebecca E. Morrison,University of Colorado Boulder,https://www.colorado.edu/cs/rebecca-morrison,16zZJloAAAAJ,0000-0000-0000-0000
Rebecca Fiebrink,Goldsmiths University of London,https://www.gold.ac.uk/computing/people/fiebrink-rebecca,fEMWXvkAAAAJ,0000-0002-7609-2234
Rebecca Hwa,George Washington University,https://cs.engineering.gwu.edu/rebecca-hwa,T8-BGRsAAAAJ,0000-0003-1158-7014
Rebecca J. Passonneau,Pennsylvania State University,https://www.eecs.psu.edu/departments/directory-detail-g.aspx?q=rjp49,jb9VOp0AAAAJ,0000-0001-8626-811X
Rebecca M. Willett,University of Chicago,https://voices.uchicago.edu/willett,bGRVPl8AAAAJ,0000-0000-0000-0000
Rebecca M. Williams,Univ. of Maryland - Baltimore County,https://www.csee.umbc.edu/people/faculty/rebecca-williams,NOSCHOLARPAGE,0000-0000-0000-0000
Rebecca Reiffenhäuser,University of Amsterdam,https://reiffenhaeuser.de,WFQLVEkAAAAJ,0000-0002-0959-2589
Rebecca Schulman,Johns Hopkins University,https://engineering.jhu.edu/faculty/rebecca-schulman,segdJQYAAAAJ,0000-0000-0000-0000
Rebecca Willett,University of Chicago,https://voices.uchicago.edu/willett,bGRVPl8AAAAJ,0000-0000-0000-0000
Rebekah Overdorf,Ruhr-University Bochum,https://informatik.rub.de/overdorf,D_eYiHQAAAAJ,0000-0003-3462-9539
Rebekah Tromble,Northeastern University,https://cssh.northeastern.edu/faculty/rebekah-tromble,LjCY4-QAAAAJ,0000-0003-3875-2729
Rebekka Burkholz,CISPA Helmholtz Center,https://sites.google.com/view/rebekkaburkholz/rebekka-burkholz,vkWBb2wAAAAJ,0000-0000-0000-0000
Reda A. Ammar,University of Connecticut,http://www.engr.uconn.edu/~reda,NOSCHOLARPAGE,0000-0000-0000-0000
Reda Alhajj,University of Calgary,http://alhajj.cpsc.ucalgary.ca,NOSCHOLARPAGE,0000-0000-0000-0000
Reda Ammar,University of Connecticut,http://www.engr.uconn.edu/~reda,NOSCHOLARPAGE,0000-0000-0000-0000
Redha Gouicem,RWTH Aachen University,https://redha.gouicem.fr,L0oei2IAAAAJ,0000-0003-4619-5221
Reem Qadan Al Fayez,University of Jordan,http://www2.warwick.ac.uk/fac/sci/dcs/people/research/csrlaq,NOSCHOLARPAGE,0000-0000-0000-0000
Reena Kasana,University of Delhi,https://cs.du.ac.in/faculty,loVW9b0AAAAJ,0000-0000-0000-0000
Reetu Das,University of Michigan,http://web.eecs.umich.edu/~reetudas,h0gtwxIAAAAJ,0000-0000-0000-0000
Reetuparna Das,University of Michigan,http://web.eecs.umich.edu/~reetudas,h0gtwxIAAAAJ,0000-0002-5894-8342
Reeva Lederman,University of Melbourne,http://www.findanexpert.unimelb.edu.au/display/person5168,t1M-bQsAAAAJ,0000-0003-4005-329X
Reeva M. Lederman,University of Melbourne,http://www.findanexpert.unimelb.edu.au/display/person5168,t1M-bQsAAAAJ,0000-0000-0000-0000
Refik Molva,EURECOM,http://www.eurecom.fr/en/people/molva-refik,KufrHlgAAAAJ,0000-0001-5947-5850
Regan L. Mandryk,University of Victoria,https://www.uvic.ca/ecs/computerscience/people/faculty/profiles/mandryk-regan.php,3-YPyEMAAAAJ,0000-0003-0772-6616
Regina Barzilay,Massachusetts Inst. of Technology,http://people.csail.mit.edu/regina,NOSCHOLARPAGE,0000-0000-0000-0000
Regina Berretta,University of Newcastle,https://www.newcastle.edu.au/profile/regina-berretta,Nzd11McAAAAJ,0000-0000-0000-0000
Regina Hebig,Chalmers/GU,https://www.chalmers.se/en/staff/Pages/hebig.aspx,NOSCHOLARPAGE,0000-0002-1459-2081
Regina N. Hebig,Chalmers/GU,https://www.chalmers.se/en/staff/Pages/hebig.aspx,NOSCHOLARPAGE,0000-0000-0000-0000
Reginald L. Lagendijk,TU Delft,https://www.tudelft.nl/ewi/over-de-faculteit/afdelingen/intelligent-systems/people/profdrir-rl-inald-lagendijk,nFYok08AAAAJ,0000-0000-0000-0000
Regis Kopper,Iowa State University,https://www.cs.iastate.edu/people/regis-kopper,eGJHBDoAAAAJ,0000-0003-2081-7061
Rehab Duwairi,JUST,http://www.just.edu.jo/eportfolio/Pages/Default.aspx?email=rehab,J6lMBuEAAAAJ,0000-0000-0000-0000
Rehab M. Duwairi,JUST,http://www.just.edu.jo/eportfolio/Pages/Default.aspx?email=rehab,J6lMBuEAAAAJ,0000-0000-0000-0000
Reheem Beyah,Georgia Institute of Technology,https://rbeyah.ece.gatech.edu,KhnJQ20AAAAJ,0000-0000-0000-0000
Reid Holmes,University of British Columbia,https://www.cs.ubc.ca/~rtholmes,i2jSMA8AAAAJ,0000-0003-4213-494X
Reihaneh Rabbany,McGill University,http://www.reirab.com,Foh_c-QAAAAJ,0000-0003-2348-0353
Reihaneh Rabbany Khorasgani,McGill University,http://www.reirab.com,Foh_c-QAAAAJ,0000-0000-0000-0000
Reihaneh Safavi-Naini,University of Calgary,http://pages.cpsc.ucalgary.ca/~rei,SjZEzOYAAAAJ,0000-0000-0000-0000
Reiji Suda,University of Tokyo,http://olab.is.s.u-tokyo.ac.jp/~reiji,NOSCHOLARPAGE,0000-0000-0000-0000
Reimo Palm,University of Tartu,http://www.ut.ee/en/reimo-palm,NOSCHOLARPAGE,0000-0000-0000-0000
Reinder J. Bril,TU Eindhoven,http://www.win.tue.nl/~rbril,kOwzhloAAAAJ,0000-0001-6234-5117
Reiner Hähnle,TU Darmstadt,https://www.informatik.tu-darmstadt.de/se/gruppenmitglieder/groupmembers_detailseite_30784.en.jsp,UXmx_RUAAAAJ,0000-0001-8000-7613
Reiner Kolla,University of Würzburg,https://www.informatik.uni-wuerzburg.de/lehrstuehleprofessuren/info5/mitarbeiter/kolla-reiner,NOSCHOLARPAGE,0000-0000-0000-0000
Reinhard German,University of Erlangen–Nuremberg,https://www.cs7.tf.fau.de/person/german,NOSCHOLARPAGE,0000-0000-0000-0000
Reinhard Gotzhein,TU Kaiserslautern,https://vs.informatik.uni-kl.de/people/gotzhein,NOSCHOLARPAGE,0000-0000-0000-0000
Reinhard Heckel,TU Munich,http://reinhardheckel.com,ZWV0I7cAAAAJ,0000-0002-2874-2984
Reinhard Kahle,University of Tübingen,https://uni-tuebingen.de/en/faculties/faculty-of-science/departments/interfaculty-facilities/philosophy-and-history-of-science/#c840039,NOSCHOLARPAGE,0000-0000-0000-0000
Reinhard Klein,University of Bonn,https://cg.cs.uni-bonn.de/de/mitarbeiter/prof-dr-reinhard-klein,NOSCHOLARPAGE,0000-0002-5505-9347
Reinhard Koch,University of Kiel,https://www.mip.informatik.uni-kiel.de/en/team/prof.-dr.-ing.-reinhard-koch,xgjKDqAAAAAJ,0000-0003-4398-1569
Reinhard Pichler,TU Wien,https://www.dbai.tuwien.ac.at/staff/pichler,OiYGd-IAAAAJ,0000-0002-1760-122X
Reinhard Wilhelm,Saarland University,http://rw4.cs.uni-saarland.de/people/wilhelm.shtml,cmvUbRUAAAAJ,0000-0000-0000-0000
Reinhard von Hanxleden,University of Kiel,https://www.rtsys.informatik.uni-kiel.de/en/team/rvh,OKUzh7QAAAAJ,0000-0001-5691-1215
Reinhold Haux,TU Braunschweig,https://plri.de/mitarbeiter/reinhold-haux,6_4K9QsAAAAJ,0000-0000-0000-0000
Reinhold Plösch,JKU Linz,http://www.se.jku.at/ploesch,29YTNJgAAAAJ,0000-0000-0000-0000
Reinhold Scherer,University of Essex,https://www.essex.ac.uk/people/scher51108/reinhold-scherer,E_wVwfUAAAAJ,0000-0003-3407-9709
Reis Burak Arslan,Galatasaray University,https://avesis.gsu.edu.tr/buarslan,mseeu7YAAAAJ,0000-0000-0000-0000
Rem W. Collier,University College Dublin,https://people.ucd.ie/rem.collier,P6Qta-8AAAAJ,0000-0003-0319-0797
Remco C. Veltkamp,Utrecht University,https://www.uu.nl/staff/RCVeltkamp,xGkWUqMAAAAJ,0000-0000-0000-0000
Remco Chang,Tufts University,http://www.cs.tufts.edu/~remco,Q29WmWwAAAAJ,0000-0002-6484-6430
Remi A. Chou,University of Texas at Arlington,https://remichou.github.io,1yJ_XP8AAAAJ,0000-0000-0000-0000
Remo Pareschi,University of Molise,http://docenti.unimol.it/index.php?u=remo.pareschi&id=8,4LGMlCEAAAAJ,0000-0002-4912-582X
Remo Rohs,University of Southern California,https://rohslab.usc.edu,lNFZCgwAAAAJ,0000-0003-1752-1884
Remzi H. Arpaci,University of Wisconsin - Madison,http://pages.cs.wisc.edu/~remzi,C1skWKgAAAAJ,0000-0000-0000-0000
Remzi H. Arpaci-Dusseau,University of Wisconsin - Madison,http://pages.cs.wisc.edu/~remzi,C1skWKgAAAAJ,0000-0001-9965-7704
Ren Ng,Univ. of California - Berkeley,http://www.eecs.berkeley.edu/Faculty/Homepages/yirenng.html,6H0mhLUAAAAJ,0009-0007-2207-021X
Ren-Song Tsay,National Tsing Hua University,http://logos.cs.nthu.edu.tw/index.php/our-boss,NOSCHOLARPAGE,0000-0002-8997-0219
Renan G. Cattelan,UFU,http://www.facom.ufu.br/~renan,c4ncSUUAAAAJ,0000-0001-9993-8469
Renan Maffei,UFRGS,https://www.inf.ufrgs.br/site/docente/renan-de-queiroz-maffei,NOSCHOLARPAGE,0000-0003-0637-9747
Renan de Queiroz Maffei,UFRGS,https://www.inf.ufrgs.br/site/docente/renan-de-queiroz-maffei,NOSCHOLARPAGE,0000-0000-0000-0000
Renata Borovica,University of Melbourne,https://findanexpert.unimelb.edu.au/profile/794609-renata-borovica-gajic,HYkhTeYAAAAJ,0000-0003-3503-4123
Renata Dividino,Brock University,https://sites.google.com/view/renatadividino,78Z5hMkAAAAJ,0000-0000-0000-0000
Renata G. Raidou,TU Wien,https://www.cg.tuwien.ac.at/staff/RenataRaidou,u-oaGJEAAAAJ,0000-0003-2468-0664
Renata Galante,UFRGS,http://www.inf.ufrgs.br/~galante,QoMBjT4AAAAJ,0000-0000-0000-0000
Renata Georgia Raidou,TU Wien,https://www.cg.tuwien.ac.at/staff/RenataRaidou,u-oaGJEAAAAJ,0000-0003-2468-0664
Renata M. C. R. Souza,UFPE,https://lattes.cnpq.br/9289080285504453,hy2Mw-0AAAAJ,0000-0000-0000-0000
Renata M. C. R. de Souza,UFPE,https://lattes.cnpq.br/9289080285504453,hy2Mw-0AAAAJ,0000-0000-0000-0000
Renata Maria Cardoso R. de Souza,UFPE,https://lattes.cnpq.br/9289080285504453,hy2Mw-0AAAAJ,0000-0000-0000-0000
Renata Maria Cardoso Rodrigues De Souza,UFPE,https://lattes.cnpq.br/9289080285504453,hy2Mw-0AAAAJ,0000-0000-0000-0000
Renata Medeiros de Carvalho,TU Eindhoven,https://studiegids.tue.nl/opleidingen/graduate-school/special-masters-tracks/eit-digital-embedded-systems/coaching-and-professional-skills/mentoring,MXsM-RkAAAAJ,0000-0000-0000-0000
Renata P. M. Fortes,USP-ICMC,http://conteudo.icmc.usp.br/pessoas/renata,5_c3LVUAAAAJ,0000-0000-0000-0000
Renata Pontin de Mattos Fortes,USP-ICMC,http://conteudo.icmc.usp.br/pessoas/renata,5_c3LVUAAAAJ,0000-0000-0000-0000
Renata Queiroz Dividino,Brock University,https://sites.google.com/view/renatadividino,78Z5hMkAAAAJ,0000-0000-0000-0000
Renata Souza 0002,UFPE,https://lattes.cnpq.br/9289080285504453,hy2Mw-0AAAAJ,0000-0000-0000-0000
Renata Vieira,PUC-RS,http://www.inf.pucrs.br/~rvieira,5Lw-0-UAAAAJ,0000-0000-0000-0000
Renata Wassermann,USP,http://www.ime.usp.br/~renata,_CyspwkAAAAJ,0000-0001-8065-1433
Renata de Matos Galante,UFRGS,http://www.inf.ufrgs.br/~galante,QoMBjT4AAAAJ,0000-0000-0000-0000
Renate A. Schmidt,University of Manchester,http://www.cs.man.ac.uk/~schmidt,1bu5pB0AAAAJ,0000-0000-0000-0000
Renate Motschnig,University of Vienna,https://cs.univie.ac.at/renate.motschnig,NOSCHOLARPAGE,0000-0000-0000-0000
Renate Motschnig-Pitrik,University of Vienna,https://cs.univie.ac.at/renate.motschnig,NOSCHOLARPAGE,0000-0000-0000-0000
Renate Scheidler,University of Calgary,http://people.ucalgary.ca/~rscheidl,EkWmcu4AAAAJ,0000-0001-7164-8769
Renato A. C. Ferreira,UFMG,http://homepages.dcc.ufmg.br/~renato,Y7Ce3MUAAAAJ,0000-0000-0000-0000
Renato Antônio Celso Ferreira,UFMG,http://homepages.dcc.ufmg.br/~renato,Y7Ce3MUAAAAJ,0000-0000-0000-0000
Renato Assunção,UFMG,http://homepages.dcc.ufmg.br/~assuncao,rjVMpKoAAAAJ,0000-0001-7442-9166
Renato B. Pajarola,University of Zurich,http://www.ifi.uzh.ch/vmml/people/current-staff/pajarola.html,O-Zn7k4AAAAJ,0000-0000-0000-0000
Renato C. Ferreira,UFMG,http://homepages.dcc.ufmg.br/~renato,Y7Ce3MUAAAAJ,0000-0000-0000-0000
Renato Cordeiro de Amorim,University of Essex,https://www.essex.ac.uk/people/corde69103/renato-amorim,Bft9pPYAAAAJ,0000-0000-0000-0000
Renato Ferreira 0001,UFMG,http://homepages.dcc.ufmg.br/~renato,Y7Ce3MUAAAAJ,0000-0000-0000-0000
Renato J. O. Figueiredo,Oregon State University,https://engineering.oregonstate.edu/people/renato-figueiredo,DrH0wK8AAAAJ,0000-0001-9841-6060
Renato José Da Silva Carmo,UFPR,https://www.inf.ufpr.br/renato,OpWpdtIAAAAJ,0000-0000-0000-0000
Renato M. Assunção,UFMG,http://homepages.dcc.ufmg.br/~assuncao,rjVMpKoAAAAJ,0000-0000-0000-0000
Renato Mancuso 0001,Boston University,http://cs-people.bu.edu/rmancuso,gDkEWtYAAAAJ,0000-0003-3558-5216
Renato Mariz de Moraes,UFPE,https://www.cin.ufpe.br/~renatomdm,TqJ7cT4AAAAJ,0000-0000-0000-0000
Renato Martins Assunção,UFMG,http://homepages.dcc.ufmg.br/~assuncao,rjVMpKoAAAAJ,0000-0000-0000-0000
Renato P. Ribas,UFRGS,http://inf.ufrgs.br/~rpribas,NOSCHOLARPAGE,0000-0002-9895-7489
Renato Pajarola,University of Zurich,http://www.ifi.uzh.ch/vmml/people/current-staff/pajarola.html,O-Zn7k4AAAAJ,0000-0002-6724-526X
Renato Perez Ribas,UFRGS,http://inf.ufrgs.br/~rpribas,NOSCHOLARPAGE,0000-0000-0000-0000
Renchao Xie,BUPT,https://sites.google.com/site/renchaoxie,sT5_96EAAAAJ,0000-0000-0000-0000
Renchi Yang,Hong Kong Baptist University,https://renchi.ac.cn,eI1rzdIAAAAJ,0000-0002-7284-3096
Rene Mayrhofer,JKU Linz,https://www.jku.at/institut-fuer-netzwerke-und-sicherheit/ueber-uns/ins-team/mayrhofer,Mt_op3IAAAAJ,0000-0003-1566-4646
Rene Thiemann,University of Innsbruck,http://cl-informatik.uibk.ac.at/users/thiemann,NOSCHOLARPAGE,0000-0000-0000-0000
Renee C. Bryce,University of North Texas,http://www.cse.unt.edu/~reneebryce/Renee_Bryce/Home.html,b2ews4oAAAAJ,0000-0000-0000-0000
Renee Elio,University of Alberta,https://webdocs.cs.ualberta.ca/~ree,NOSCHOLARPAGE,0000-0000-0000-0000
Renfa Li,Hunan University,http://csee.hnu.edu.cn/people/lirenfa,NOSCHOLARPAGE,0000-0003-4573-7375
Renjie Wan,Hong Kong Baptist University,https://wanrenjie.github.io,S8_ES4MAAAAJ,0000-0002-0161-0367
Renjie Zhao,Johns Hopkins University,https://renjiezhao.github.io,2IrtUS4AAAAJ,0000-0000-0000-0000
Rens Bod,University of Amsterdam,https://www.uva.nl/profiel/b/o/l.w.m.bod/l.w.m.bod.html,LRKlkaAAAAAJ,0000-0000-0000-0000
Renu M. Rameshan,IIT Mandi,http://faculty.iitmandi.ac.in/research/publications/Author/renumr.php,NOSCHOLARPAGE,0000-0000-0000-0000
Renu Rameshan,IIT Mandi,http://faculty.iitmandi.ac.in/research/publications/Author/renumr.php,NOSCHOLARPAGE,0000-0000-0000-0000
Renwei Dian,Hunan University,https://sites.google.com/view/publication-code-renweidian/homepage,EoTrH5UAAAAJ,0000-0001-9197-6292
Renzhe Xu,SUFE,https://windxrz.github.io,NnppITIAAAAJ,0000-0001-8418-0034
René Just,University of Washington,https://homes.cs.washington.edu/~rjust,Y_KtQ8kAAAAJ,0000-0002-5982-275X
René Mayrhofer,JKU Linz,https://www.jku.at/institut-fuer-netzwerke-und-sicherheit/ueber-uns/ins-team/mayrhofer,Mt_op3IAAAAJ,0000-0003-1566-4646
René Rydhof Hansen,Aalborg University,http://people.cs.aau.dk/~rrh,MGLEvwkAAAAJ,0000-0002-5688-6432
René Serral-Gracià,Polytechnic Univ. of Catalonia,http://www.netit.upc.edu/rserral,OQVlz4sAAAAJ,0000-0000-0000-0000
René Vidal,University of Pennsylvania,https://www.grasp.upenn.edu/people/rene-vidal,uT8fgagAAAAJ,0000-0003-1838-0761
René Witte,Concordia University,https://www.concordia.ca/encs/computer-science-software-engineering/faculty.html.html?fpid=rene-witte,rynGoGYAAAAJ,0000-0000-0000-0000
Renée Elio,University of Alberta,https://webdocs.cs.ualberta.ca/~ree,NOSCHOLARPAGE,0000-0000-0000-0000
Renée J. Miller,University of Waterloo,https://cs.uwaterloo.ca/contacts/renee-j-miller,NjeM1LsAAAAJ,0000-0002-1484-4787
Rephael Wenger,Ohio State University,http://web.cse.ohio-state.edu/~wenger,NOSCHOLARPAGE,0000-0000-0000-0000
Reshef Meir,Technion,http://reshef.net.technion.ac.il,NOSCHOLARPAGE,0000-0000-0000-0000
Reshma Khemchandani,South Asian University,http://sau.int/faculty/faculty-profile.html?staff_id=73,NqIkygEAAAAJ,0000-0000-0000-0000
Reshma Rastogi,South Asian University,http://sau.int/faculty/faculty-profile.html?staff_id=73,NqIkygEAAAAJ,0000-0000-0000-0000
Reto Achermann,University of British Columbia,https://retoachermann.ch,6f_fJgYAAAAJ,0000-0003-3263-7236
Reuben Binns,University of Oxford,https://www.cs.ox.ac.uk/people/reuben.binns,CE3vQzMAAAAJ,0000-0002-8272-5667
Reuben Kirkham,Monash University,https://research.monash.edu/en/persons/reuben-kirkham,G1qzdOQAAAAJ,0000-0002-1902-549X
Reuben N. S. Rowe,Royal Holloway Univ. of London,https://pure.royalholloway.ac.uk/portal/en/persons/reuben-rowe(70354339-7bc5-475d-b8d5-7fa95114d851).html,7jBLbSsAAAAJ,0000-0002-4271-9078
Reuben Rowe,Royal Holloway Univ. of London,https://pure.royalholloway.ac.uk/portal/en/persons/reuben-rowe(70354339-7bc5-475d-b8d5-7fa95114d851).html,7jBLbSsAAAAJ,0000-0002-4271-9078
Reut Tsarfaty,Bar-Ilan University,https://nlp.biu.ac.il/~rtsarfaty,0Eome9MAAAAJ,0000-0000-0000-0000
Reuth Mirsky,Tufts University,https://engineering.tufts.edu/cs/people/faculty/reuth-mirsky,5SBQMQ0AAAAJ,0000-0000-0000-0000
Reuven Bar-Yehuda,Technion,http://www.cs.technion.ac.il/~reuven,NOSCHOLARPAGE,0000-0000-0000-0000
Reuven Cohen,Technion,http://rcohen.cs.technion.ac.il,lYCzcUIAAAAJ,0000-0000-0000-0000
Reyer Zwiggelaar,Aberystwyth University,https://www.aber.ac.uk/en/cs/staff-profiles/listing/profile/rrz,NZldyesAAAAJ,0000-0000-0000-0000
Reyhan Aydogan,Özyeğin University,https://faculty.ozyegin.edu.tr/reyhanaydogan,sHL3j0kAAAAJ,0000-0000-0000-0000
Reyhaneh Jabbarvand,Univ. of Illinois at Urbana-Champaign,http://reyhaneh.cs.illinois.edu,9gmW8MYAAAAJ,0000-0002-0668-8526
Reyhaneh Jabbarvand Behrouz,Univ. of Illinois at Urbana-Champaign,http://reyhaneh.cs.illinois.edu,9gmW8MYAAAAJ,0000-0000-0000-0000
Reynold Bailey,Rochester Inst. of Technology,https://www.cs.rit.edu/~rjb,H_BCGA0AAAAJ,0000-0001-8964-9663
Reynold C. K. Cheng,University of Hong Kong,https://i.cs.hku.hk/~ckcheng,7R7MSb4AAAAJ,0000-0002-9480-9809
Reynold Cheng,University of Hong Kong,https://i.cs.hku.hk/~ckcheng,7R7MSb4AAAAJ,0000-0002-9480-9809
Reynold J. Bailey,Rochester Inst. of Technology,https://www.cs.rit.edu/~rjb,H_BCGA0AAAAJ,0000-0001-8964-9663
Reza Ahmadi,University of Kansas,http://www.eecs.ku.edu/people/faculty,NmDhU5wAAAAJ,0000-0000-0000-0000
Reza Azarderakhsh,Florida Atlantic University,http://www.eng.fau.edu/directory/faculty/azarderakhsh/index.php,zsnXFgwAAAAJ,0000-0002-6921-6868
Reza Berangi,IUST,http://www.iust.ac.ir/content/1074/Berangi-Reza.-PH.D,A030YlYAAAAJ,0000-0000-0000-0000
Reza Curtmola,NJIT,https://web.njit.edu/~crix,mS1VzxkAAAAJ,0000-0000-0000-0000
Reza Derakhshani,Univ. of Missouri - Kansas City,https://info.umkc.edu/scenews/tag/reza-derakhshani,NOSCHOLARPAGE,0000-0000-0000-0000
Reza Entezari-Maleki,IUST,http://ce.iust.ac.ir/page.php?slct_pg_id=18357&sid=14&slc_lang=en,nOx3MnAAAAAJ,0000-0000-0000-0000
Reza Haffari,Monash University,https://research.monash.edu/en/persons/reza-haffari,Perjx5EAAAAJ,0000-0000-0000-0000
Reza Malekian,Malmö University,https://mau.se/en/persons/reza.malekian,2LC8SugAAAAJ,0000-0000-0000-0000
Reza Rahaeimehr,Augusta University,https://www.augusta.edu/faculty/directory/view.php?id=RRAHAEIMEHR,SSMiDecAAAAJ,0000-0000-0000-0000
Reza Rejaie,University of Oregon,http://ix.cs.uoregon.edu/~reza,dgRIYXIAAAAJ,0000-0002-9654-1316
Reza Samavi,McMaster University,http://www.cas.mcmaster.ca/samavi,wbObcaQAAAAJ,0000-0001-6768-0168
Reza Shokri,National University of Singapore,https://www.comp.nus.edu.sg/~reza,udlZXXcAAAAJ,0000-0001-9816-0173
Reza Tourani,Saint Louis University,https://cs.slu.edu/people/tourani,Z1KsnyIAAAAJ,0000-0000-0000-0000
Reza Zafarani,Syracuse University,http://ecs.syr.edu/faculty/reza,NOSCHOLARPAGE,0000-0000-0000-0000
Rezaul Alam Chowdhury,Stony Brook University,http://www3.cs.stonybrook.edu/~rezaul,5nmElSoAAAAJ,0000-0000-0000-0000
Rezaul Chowdhury,Stony Brook University,http://www3.cs.stonybrook.edu/~rezaul,5nmElSoAAAAJ,0000-0002-7022-5278
Rezaul Hasan,Massey University,http://www.massey.ac.nz/massey/expertise/profile.cfm?stref=648830,mDiFYcYAAAAJ,0000-0000-0000-0000
RhongHo Jang,Wayne State University,https://engineering.wayne.edu/profile/hf8512,h9Nfyf0AAAAJ,0000-0002-3417-6851
Rhongho Jang,Wayne State University,https://engineering.wayne.edu/profile/hf8512,h9Nfyf0AAAAJ,0000-0002-3417-6851
Rhys Tague,Western Sydney University,https://www.westernsydney.edu.au/staff_profiles/WSU/doctor_rhys_tague,RPpLQjoAAAAJ,0000-0000-0000-0000
Riad Jabri,University of Jordan,http://eacademic.ju.edu.jo/jabri,6OS8WIIAAAAJ,0000-0000-0000-0000
Riad S. Wahby,Carnegie Mellon University,https://wahby.net,cwIxVGgAAAAJ,0000-0002-0224-1989
Riad Wahby,Carnegie Mellon University,https://wahby.net,cwIxVGgAAAAJ,0000-0000-0000-0000
Riadul Islam,Univ. of Maryland - Baltimore County,https://www.csee.umbc.edu/people/faculty/riadul-islam,y1x9Hx8AAAAJ,0000-0000-0000-0000
Riaz Ahmed Shaikh,King Abdulaziz University,http://www.kau.edu.sa/Content.aspx?Site_ID=61117&lng=EN&cid=60829,aKvhKTAAAAAJ,0000-0000-0000-0000
Ribana Roscher,University of Osnabrück,https://www.informatik.uni-osnabrueck.de/institut/personen.html,37m2U7QAAAAJ,0000-0000-0000-0000
Ricardo A. L. Reis,UFRGS,http://inf.ufrgs.br/~reis,Iw4qTucAAAAJ,0000-0000-0000-0000
Ricardo Augusto da Luz Reis,UFRGS,http://inf.ufrgs.br/~reis,Iw4qTucAAAAJ,0000-0000-0000-0000
Ricardo B. C. Prudêncio,UFPE,https://www.cin.ufpe.br/~rbcp,P6InHKcAAAAJ,0000-0000-0000-0000
Ricardo Bastos Cavalcante Prudêncio,UFPE,https://www.cin.ufpe.br/~rbcp,P6InHKcAAAAJ,0000-0000-0000-0000
Ricardo C. Farias,UFRJ,http://www.cos.ufrj.br/~rfarias,tmOKSCgAAAAJ,0000-0000-0000-0000
Ricardo Chaves,Universidade de Lisboa,http://sips.inesc-id.pt/~rjfc/mypublications.php,fCwoC5gAAAAJ,0000-0002-4450-3983
Ricardo Dahab,UNICAMP,http://www.ic.unicamp.br/~rdahab,0wWyXsMAAAAJ,0000-0000-0000-0000
Ricardo Fernández-Pascual,University of Murcia,https://ditec.um.es/~rfernandez,mtoDHs8AAAAJ,0000-0002-2337-4369
Ricardo Ferreira 0001,Universidade Federal de Viçosa,http://www2.dpi.ufv.br/?page_id=546,wjD-OY8AAAAJ,0000-0000-0000-0000
Ricardo G. Sanfelice,Univ. of California - Santa Cruz,https://hybrid.soe.ucsc.edu,wCWPJG8AAAAJ,0000-0002-6671-5362
Ricardo Gonçalves 0001,Universidade NOVA de Lisboa,https://userweb.fct.unl.pt//~rjrg,i7FluKUAAAAJ,0000-0003-4289-7197
Ricardo Guerra Marroquim,TU Delft,http://graphics.tudelft.nl/~marroquim,VNSYnOAAAAAJ,0000-0000-0000-0000
Ricardo Gutierrez-Osuna,Texas A&M University,http://psi.cse.tamu.edu/people/ricardo-gutierrez-osuna,UnuQfEwAAAAJ,0000-0000-0000-0000
Ricardo J. F. Lopes Pereira,Universidade de Lisboa,http://tagus.inesc-id.pt/~rpereira,25OSsS8AAAAJ,0000-0000-0000-0000
Ricardo J. G. B. Campello,USP-ICMC,http://icmc.usp.br/pessoas?id=11548141,jh1yfPIAAAAJ,0000-0000-0000-0000
Ricardo José Gabrielli Barreto Campello,USP-ICMC,http://icmc.usp.br/pessoas?id=11548141,jh1yfPIAAAAJ,0000-0000-0000-0000
Ricardo L. de Queiroz,Universidade de Brasília,http://queiroz.divp.org,jsGOqjEAAAAJ,0000-0000-0000-0000
Ricardo Lima 0001,UFPE,https://lattes.cnpq.br/0033981436042117,b3YHn_EAAAAJ,0000-0000-0000-0000
Ricardo M. A. Silva,UFPE,https://www.cin.ufpe.br/~rmas,eqqC3cwAAAAJ,0000-0000-0000-0000
Ricardo M. F. Lima,UFPE,https://lattes.cnpq.br/0033981436042117,b3YHn_EAAAAJ,0000-0000-0000-0000
Ricardo Marroquim,TU Delft,http://graphics.tudelft.nl/~marroquim,VNSYnOAAAAAJ,0000-0001-8299-7067
Ricardo Martins 0001,UFPE,https://www.cin.ufpe.br/~rmas,eqqC3cwAAAAJ,0000-0000-0000-0000
Ricardo Martins Abreu e Silva,UFPE,https://www.cin.ufpe.br/~rmas,eqqC3cwAAAAJ,0000-0000-0000-0000
Ricardo Martins de Abreu Silva,UFPE,https://www.cin.ufpe.br/~rmas,eqqC3cwAAAAJ,0000-0000-0000-0000
Ricardo Massa 0001,UFPE,https://lattes.cnpq.br/0033981436042117,b3YHn_EAAAAJ,0000-0000-0000-0000
Ricardo Massa Ferreira Lima,UFPE,https://lattes.cnpq.br/0033981436042117,b3YHn_EAAAAJ,0000-0000-0000-0000
Ricardo N. Rodrigues,Federal University of Rio Grande,http://ricardo.c3.furg.br,4pX-2jUAAAAJ,0000-0000-0000-0000
Ricardo P. Jacobi,Universidade de Brasília,http://cic.unb.br/~rjacobi/Home.html,NOSCHOLARPAGE,0000-0002-4520-7641
Ricardo Pezzuol Jacobi,Universidade de Brasília,http://cic.unb.br/~rjacobi/Home.html,NOSCHOLARPAGE,0000-0000-0000-0000
Ricardo Reis 0001,UFRGS,http://inf.ufrgs.br/~reis,Iw4qTucAAAAJ,0000-0001-5781-5858
Ricardo Rodriguez,University of Buenos Aires,http://www-2.dc.uba.ar/profesores/ricardo,I14fhF4AAAAJ,0000-0000-0000-0000
Ricardo S. Ferreira,Universidade Federal de Viçosa,http://www2.dpi.ufv.br/?page_id=546,wjD-OY8AAAAJ,0000-0000-0000-0000
Ricardo Santos 0002,UFMS,https://www.facom.ufms.br/~ricardo,NOSCHOLARPAGE,0000-0000-0000-0000
Ricardo Santos Ferreira,Universidade Federal de Viçosa,http://www2.dpi.ufv.br/?page_id=546,wjD-OY8AAAAJ,0000-0000-0000-0000
Ricardo Vilalta,University of Houston,http://www2.cs.uh.edu/~vilalta,YXtB2JkAAAAJ,0000-0000-0000-0000
Ricardo da Silva Torres,UNICAMP,http://www.ic.unicamp.br/~rtorres,IGZ5WmgAAAAJ,0000-0001-9772-263X
Ricardo dos Santos Ferreira,Universidade Federal de Viçosa,http://www2.dpi.ufv.br/?page_id=546,wjD-OY8AAAAJ,0000-0000-0000-0000
Ricarose Roque,University of Colorado Boulder,http://www.ricarose.com,Vvb4YzoAAAAJ,0000-0003-3100-2466
Riccardo Bettati,Texas A&M University,http://faculty.cs.tamu.edu/bettati,LiAGLcwAAAAJ,0000-0000-0000-0000
Riccardo Di Clemente,University of Exeter,http://emps.exeter.ac.uk/computer-science/staff/rd497,P4fwjZIAAAAJ,0000-0000-0000-0000
Riccardo Distasi,University of Salerno,http://www.unisa.it/docenti/riccardodistasi/index,NOSCHOLARPAGE,0000-0000-0000-0000
Riccardo Guidotti,University of Pisa,http://kdd.isti.cnr.it/kdd7/?q=people/riccardo-guidotti,KZUaK6YAAAAJ,0000-0002-2827-7613
Riccardo Lancellotti,Univ. of Modena and Reggio Emilia,https://personale.unimore.it/rubrica/dettaglio/rlancellotti,ZMntbg4AAAAJ,0000-0002-9470-8784
Riccardo Lazzeretti,Sapienza University of Rome,http://www.diag.uniroma1.it/users/riccardo%20lazzeretti,mBq2JNsAAAAJ,0000-0000-0000-0000
Riccardo Paccagnella,Carnegie Mellon University,https://www.cs.cmu.edu/~rpaccagn,yUt1PFIAAAAJ,0000-0002-9552-8216
Riccardo Poli,University of Essex,https://www.essex.ac.uk/people/polir15101/riccardo-poli,fNVNLBcAAAAJ,0000-0000-0000-0000
Riccardo Rosati 0001,Sapienza University of Rome,http://www.diag.uniroma1.it/rosati,4HPbOwwAAAAJ,0000-0002-7697-4958
Riccardo Scandariato,Chalmers/GU,http://www.scandariato.org,NOSCHOLARPAGE,0000-0000-0000-0000
Riccardo Scateni,University of Cagliari,https://web.unica.it/unica/page/it/riccardo_scateni,qAPNMOcAAAAJ,0000-0002-0950-7372
Riccardo Zecchina,Bocconi University,https://sites.google.com/view/riccardozecchina,fNOReswAAAAJ,0000-0002-1221-5207
Rich Gazan,University of Hawaii at Manoa,http://www2.hawaii.edu/~gazan,b8pOXakAAAAJ,0000-0003-0741-9050
Rich Vuduc,Georgia Institute of Technology,http://vuduc.org,CCGI7x4AAAAJ,0000-0000-0000-0000
Rich Wolski,Univ. of California - Santa Barbara,https://www.cs.ucsb.edu/~rich,NOSCHOLARPAGE,0000-0000-0000-0000
Richa Singh 0001,IIT Jodhpur,http://home.iitj.ac.in/~richa,okqK5UAAAAAJ,0000-0003-4060-4573
Richard A. DeMillo,Georgia Institute of Technology,http://c21u.gatech.edu/team/staff/demillo,Pil9rEEAAAAJ,0000-0000-0000-0000
Richard A. Kemmerer,Univ. of California - Santa Barbara,https://www.cs.ucsb.edu/~kemm,NOSCHOLARPAGE,0000-0000-0000-0000
Richard A. O'Keefe,University of Otago,http://www.cs.otago.ac.nz/staff/richard.html,NOSCHOLARPAGE,0000-0000-0000-0000
Richard A. Watson,University of Southampton,https://www.ecs.soton.ac.uk/people/raw1,DBDLLYQAAAAJ,0000-0000-0000-0000
Richard Alterman,Brandeis University,http://www.brandeis.edu/facultyguide/person.html?emplid=4a09ce0d1a4b429db8f07e9e0210e5e2e7ab094b,NOSCHOLARPAGE,0000-0000-0000-0000
Richard B. Borie,The University of Alabama,http://borie.cs.ua.edu,NOSCHOLARPAGE,0000-0000-0000-0000
Richard B. Brown,University of Utah,http://www.coe.utah.edu/brown,Pq-WxP8AAAAJ,0000-0000-0000-0000
Richard Banach,University of Manchester,https://www.research.manchester.ac.uk/portal/richard.banach.html,l0KTTxcAAAAJ,0000-0000-0000-0000
Richard Bartle,University of Essex,https://www.essex.ac.uk/people/bartl01006/richard-bartle,ZKvoljcAAAAJ,0000-0000-0000-0000
Richard Beigel,Temple University,https://cis.temple.edu/~beigel,wdnoVk0AAAAJ,0000-0000-0000-0000
Richard Berntsson Svensson,Chalmers/GU,https://www.chalmers.se/en/staff/Pages/ricbern.aspx,NOSCHOLARPAGE,0000-0000-0000-0000
Richard Booth 0001,Cardiff University,https://www.cardiff.ac.uk/people/view/473179-booth-richard,r2orIhYAAAAJ,0000-0000-0000-0000
Richard Bowden,University of Surrey,http://personal.ee.surrey.ac.uk/Personal/R.Bowden,mvvgDvcAAAAJ,0000-0003-3285-8020
Richard Brown,University of Utah,https://faculty.utah.edu/u0456963-RICHARD_B_BROWN/research/index.hml%3Bjsessionid=745e53f2851f901651d427dce28e:cgFJUMHsaTyTLw5p,0bOGwxoAAAAJ,0000-0000-0000-0000
Richard Buckland,UNSW,http://www.cse.unsw.edu.au/~richardb,NOSCHOLARPAGE,0000-0000-0000-0000
Richard C. Wilson 0001,University of York,https://www-users.cs.york.ac.uk/wilson,o4Sq5yMAAAAJ,0000-0000-0000-0000
Richard Chang 0001,Univ. of Maryland - Baltimore County,http://umbc.edu/~chang,jBpRIe0AAAAJ,0000-0000-0000-0000
Richard Chapman,Auburn University,https://www.eng.auburn.edu/comp/faculty,Ncn4IvUAAAAJ,0000-0000-0000-0000
Richard Cleve,University of Waterloo,http://cleve.iqc.uwaterloo.ca,dNq5mN4AAAAJ,0000-0000-0000-0000
Richard D. Green,University of Canterbury,http://www.cosc.canterbury.ac.nz/richard.green,NOSCHOLARPAGE,0000-0000-0000-0000
Richard D. Lange,Rochester Inst. of Technology,https://sites.google.com/view/bonsai-lab/home,xc-Z4CoAAAAJ,0000-0000-0000-0000
Richard David Evans,Dalhousie University,https://www.dal.ca/faculty/computerscience/faculty-staff/richard-evans.html,NqlOPkMAAAAJ,0000-0000-0000-0000
Richard DeFrancisco,Augusta University,https://www3.cs.stonybrook.edu/~rdefrancisco,tcGjTOoAAAAJ,0000-0000-0000-0000
Richard E. Jones,University of Kent,https://www.cs.kent.ac.uk/~rej,WL9WBgoAAAAJ,0000-0002-8159-0297
Richard E. Newman,University of Florida,http://www.cise.ufl.edu/~nemo,7im4NjEAAAAJ,0000-0000-0000-0000
Richard E. Newman-Wolfe,University of Florida,http://www.cise.ufl.edu/~nemo,7im4NjEAAAAJ,0000-0000-0000-0000
Richard E. Turner,University of Cambridge,https://www.eng.cam.ac.uk/profiles/ret26,DgLEyZgAAAAJ,0000-0000-0000-0000
Richard Egli,Université de Sherbrooke,https://www.usherbrooke.ca/informatique/personnel/corps-professoral/professeurs/richard-egli,NOSCHOLARPAGE,0000-0000-0000-0000
Richard F. Paige,McMaster University,https://www.cas.mcmaster.ca/paige,HzFjuyUAAAAJ,0000-0000-0000-0000
Richard F. Riesenfeld,University of Utah,https://www.cs.utah.edu/~rfr,NOSCHOLARPAGE,0000-0000-0000-0000
Richard G. Baraniuk,Rice University,http://richb.rice.edu,N-BBA20AAAAJ,0000-0000-0000-0000
Richard Gault,Queen's University Belfast,https://pure.qub.ac.uk/en/persons/richard-gault,cOjkKvkAAAAJ,0000-0000-0000-0000
Richard H. Clayton,University of Sheffield,https://www.sheffield.ac.uk/dcs/people/academic/richard-clayton,XzTziRcAAAAJ,0000-0000-0000-0000
Richard H. Lathrop,Univ. of California - Irvine,http://www.ics.uci.edu/~rickl,D9UDlHYAAAAJ,0000-0000-0000-0000
Richard H. R. Harper,Lancaster University,https://www.lancaster.ac.uk/scc/about-us/people/richard-harper,RGVGixkAAAAJ,0000-0001-8838-2012
Richard Han 0001,University of Colorado Boulder,http://www.cs.colorado.edu/~rhan,mah-B4IAAAAJ,0000-0002-2161-8622
Richard Harper 0001,Lancaster University,https://www.lancaster.ac.uk/scc/about-us/people/richard-harper,RGVGixkAAAAJ,0000-0001-8838-2012
Richard Haverkamp,Massey University,http://www.massey.ac.nz/massey/expertise/profile.cfm?stref=627430,UanjyZMAAAAJ,0000-0000-0000-0000
Richard Hughey,Univ. of California - Santa Cruz,https://www.soe.ucsc.edu/people/rph,D8iiWtEAAAAJ,0000-0000-0000-0000
Richard J. Duro,University of A Coruña,https://pdi.udc.es/en/File/Pdi/RX99E,XhXX7ZkAAAAJ,0000-0002-6807-524X
Richard J. Duro Fernandez,University of A Coruña,https://pdi.udc.es/en/File/Pdi/RX99E,XhXX7ZkAAAAJ,0000-0000-0000-0000
Richard J. Enbody,Michigan State University,http://www.cse.msu.edu/~enbody,QR4VpsIAAAAJ,0000-0000-0000-0000
Richard J. Samworth,University of Cambridge,https://www.statslab.cam.ac.uk/~rjs57,AmLUgFAAAAAJ,0000-0000-0000-0000
Richard J. Trefler,University of Waterloo,https://cs.uwaterloo.ca/~trefler,NOSCHOLARPAGE,0000-0000-0000-0000
Richard Jensen,Aberystwyth University,https://www.aber.ac.uk/en/cs/staff-profiles/listing/profile/rkj,_nYdqsoAAAAJ,0000-0000-0000-0000
Richard Johansson,Chalmers/GU,https://www.chalmers.se/en/staff/Pages/richard-johansson.aspx,FvhWYU8AAAAJ,0000-0000-0000-0000
Richard Khoury,Université Laval,http://www2.ift.ulaval.ca/~rikho,PgyHf0oAAAAJ,0000-0000-0000-0000
Richard Lenz,University of Erlangen–Nuremberg,https://www.cs6.tf.fau.de/lehrstuhl/personen/richard-lenz,pN7nt2gAAAAJ,0000-0000-0000-0000
Richard M. Everson,University of Exeter,http://emps.exeter.ac.uk/computer-science/staff/reverson,2XJDEWUAAAAJ,0000-0000-0000-0000
Richard M. Jiang 0001,Lancaster University,https://www.lancaster.ac.uk/scc/about-us/people/richard-jiang,NuyoNc4AAAAJ,0000-0000-0000-0000
Richard M. Karp,Univ. of California - Berkeley,https://www.eecs.berkeley.edu/Faculty/Homepages/karp.html,NOSCHOLARPAGE,0000-0000-0000-0000
Richard M. Mortier,University of Cambridge,http://mort.io,9LJgRFAAAAAJ,0000-0000-0000-0000
Richard M. Murray,California Inst. of Technology,https://www.bbe.caltech.edu/people/richard-m-murray,NOSCHOLARPAGE,0000-0002-5785-7481
Richard M. Stern,Carnegie Mellon University,http://www.cs.cmu.edu/~rms,ffUu1PcAAAAJ,0000-0000-0000-0000
Richard Mann,University of Waterloo,https://cs.uwaterloo.ca/~mannr,NOSCHOLARPAGE,0000-0000-0000-0000
Richard Marciano,Univ. of Maryland - College Park,https://www.cs.umd.edu/people/marciano,6xPi5mQAAAAJ,0000-0002-6813-5046
Richard Mayr,University of Edinburgh,http://homepages.inf.ed.ac.uk/rmayr,o5doXYoAAAAJ,0009-0003-2164-9933
Richard McCreadie,University of Glasgow,https://www.gla.ac.uk/schools/computing/staff/richardmccreadie,p8550tQAAAAJ,0000-0002-2751-2087
Richard Mortier,University of Cambridge,http://mort.io,9LJgRFAAAAAJ,0000-0001-5205-5992
Richard N. Thomas,University of Queensland,https://communication-arts.uq.edu.au/tutor-contact-details,RYlsfBQAAAAJ,0000-0000-0000-0000
Richard Nelson,University of Waikato,http://www.cms.waikato.ac.nz/people/richardn,18npA5wAAAAJ,0000-0000-0000-0000
Richard O. Sinnott,University of Melbourne,http://www.findanexpert.unimelb.edu.au/display/person342078,irye6KMAAAAJ,0000-0000-0000-0000
Richard P. Martin,Rutgers University,https://www.cs.rutgers.edu/~rmartin,kPyVN7AAAAAJ,0000-0000-0000-0000
Richard P. Wildes,York University,http://www.cse.yorku.ca/~wildes,1vEw_kgAAAAJ,0000-0003-3433-1329
Richard Peng,Carnegie Mellon University,https://www.cs.cmu.edu/~yangp,loh7ivYAAAAJ,0000-0002-5407-7965
Richard Ryan Williams,Massachusetts Inst. of Technology,https://people.csail.mit.edu/rrw,Wp38QQYAAAAJ,0000-0003-2326-2233
Richard S. Bird,University of Oxford,http://www.cs.ox.ac.uk/richard.bird,1vrc8EUAAAAJ,0000-0000-0000-0000
Richard S. Sutton,University of Alberta,https://webdocs.cs.ualberta.ca/~sutton,hNTyptAAAAAJ,0000-0000-0000-0000
Richard S. Zemel,Columbia University,http://www.cs.toronto.edu/~zemel,iBeDoRAAAAAJ,0000-0001-9353-7509
Richard Souvenir,Temple University,https://cis.temple.edu/~souvenir,1sMNiJIAAAAJ,0000-0000-0000-0000
Richard Squier,Georgetown University,http://explore.georgetown.edu/people/squier,TsnIyVQAAAAJ,0000-0000-0000-0000
Richard T. B. Ma,National University of Singapore,https://www.comp.nus.edu.sg/~tbma,gdyYJz4AAAAJ,0000-0002-9883-5844
Richard T. Snodgrass,University of Arizona,http://www.cs.arizona.edu/~rts,BkrB4awAAAAJ,0000-0000-0000-0000
Richard T. Vaughan,Simon Fraser University,http://www.cs.sfu.ca/~vaughan,rPCzqN4AAAAJ,0000-0000-0000-0000
Richard Torkar,Chalmers/GU,https://www.chalmers.se/en/staff/Pages/richard-torkar.aspx,NOSCHOLARPAGE,0000-0002-0118-8143
Richard Veras,University of Oklahoma,https://www.ou.edu/coe/cs/people/faculty/richard-veras,MT2aQT0AAAAJ,0000-0000-0000-0000
Richard W. Vuduc,Georgia Institute of Technology,http://vuduc.org,CCGI7x4AAAAJ,0000-0003-2178-138X
Richard Watson,Texas Tech University,http://www.depts.ttu.edu/cs/faculty/faculty.php?name=Richard%20Watson,NOSCHOLARPAGE,0000-0000-0000-0000
Richard West,Boston University,https://www.cs.bu.edu/~richwest,5XXBTc8AAAAJ,0000-0001-5100-0666
Richard Wildes,York University,http://www.cse.yorku.ca/~wildes,1vEw_kgAAAAJ,0000-0000-0000-0000
Richard Wolski,Univ. of California - Santa Barbara,https://www.cs.ucsb.edu/~rich,NOSCHOLARPAGE,0000-0000-0000-0000
Richard Zanibbi,Rochester Inst. of Technology,https://www.cs.rit.edu/~rlaz,k6xVb1QAAAAJ,0000-0001-5921-9750
Richard Zhang 0002,Simon Fraser University,http://www.cs.sfu.ca/~haoz,NOSCHOLARPAGE,0000-0000-0000-0000
Richong Zhang,Beihang University,http://act.buaa.edu.cn/zhangrc,bjFPXksAAAAJ,0000-0002-1207-0300
Richárd Farkas,University of Szeged,http://www.inf.u-szeged.hu/~rfarkas,YCQqrdcAAAAJ,0000-0000-0000-0000
Rick Alterman,Brandeis University,http://www.brandeis.edu/facultyguide/person.html?emplid=4a09ce0d1a4b429db8f07e9e0210e5e2e7ab094b,NOSCHOLARPAGE,0000-0000-0000-0000
Rick Kazman,University of Hawaii at Manoa,https://shidler.hawaii.edu/itm/directory/rick-kazman,NUJQv_oAAAAJ,0000-0000-0000-0000
Rick L. Stevens,University of Chicago,https://cs.uchicago.edu/directory/rick-stevens,2oSSsLYAAAAJ,0000-0000-0000-0000
Rick Rabiser,JKU Linz,https://www.jku.at/en/lit-cyber-physical-systems-lab/about-us/our-team/univ-prof-mag-dr-rick-rabiser,7-AdX4sAAAAJ,0000-0003-3862-1112
Rick Stevens,University of Chicago,https://cs.uchicago.edu/directory/rick-stevens,2oSSsLYAAAAJ,0000-0000-0000-0000
Rick Wildes,York University,http://www.cse.yorku.ca/~wildes,1vEw_kgAAAAJ,0000-0000-0000-0000
Rickard Ewetz,University of Central Florida,http://www.ece.ucf.edu/~ewetz,h_RaG-8AAAAJ,0000-0002-4183-6926
Rico Moeckel,Maastricht University,https://www.maastrichtuniversity.nl/rico.mockel,57dQcbgAAAAJ,0000-0001-5497-3754
Rico Möckel,Maastricht University,https://www.maastrichtuniversity.nl/rico.mockel,57dQcbgAAAAJ,0000-0000-0000-0000
Rico Sennrich,University of Zurich,https://www.cl.uzh.ch/en/people/team/sennrich.html,XTpJvCgAAAAJ,0000-0002-1438-4741
Rida A. Bazzi,Arizona State University,http://bazzi.faculty.asu.edu,FrMOlk8AAAAJ,0000-0003-1872-1634
Rida Laraki,University of Liverpool,https://sites.google.com/site/ridalaraki,zwkQWEgAAAAJ,0000-0000-0000-0000
Ridha Khedri,McMaster University,http://www.cas.mcmaster.ca/~khedri,NOSCHOLARPAGE,0000-0000-0000-0000
Rie Yamaguchi,University of Tokyo,http://www.yamagula.ic.i.u-tokyo.ac.jp/index_e.html,NOSCHOLARPAGE,0000-0000-0000-0000
Rifat Shahriyar,BUET,http://rifatshahriyar.github.io,p-w4hOUAAAAJ,0000-0000-0000-0000
Rihan Hai,TU Delft,https://www.wis.ewi.tudelft.nl/hai,vD8M9R0AAAAJ,0000-0000-0000-0000
Rijurekha Sen,IIT Delhi,http://www.cse.iitd.ernet.in/~rijurekha,yTPVlzgAAAAJ,0000-0002-2465-3650
Rik Sarkar,University of Edinburgh,http://homepages.inf.ed.ac.uk/rsarkar,rmMWizEAAAAJ,0000-0000-0000-0000
Rika Antonova,University of Cambridge,https://www.cst.cam.ac.uk/people/ra702,hFWPVTAAAAAJ,0000-0000-0000-0000
Rikke Bjerg Jensen,Royal Holloway Univ. of London,https://pure.royalholloway.ac.uk/en/persons/rikke-bjerg-jensen,NOSCHOLARPAGE,0000-0001-6546-6723
Rikky Muller,Univ. of California - Berkeley,https://www2.eecs.berkeley.edu/Faculty/Homepages/rikky.html,4bgii4oAAAAJ,0000-0000-0000-0000
Riko Jacob,IT University of Copenhagen,https://pure.itu.dk/portal/en/persons/riko-jacob(e6f70fb0-caf1-4736-b583-b0777bc1390f).html,Bt7TAOYAAAAJ,0000-0001-9470-1809
Rina Dechter,Univ. of California - Irvine,http://www.ics.uci.edu/~dechter,PI_3bqEAAAAJ,0000-0000-0000-0000
Rina R. Wehbe,Dalhousie University,https://rinawehbe.ca,UrFw3XEAAAAJ,0000-0003-3677-5185
Rineke Verbrugge,University of Groningen,http://www.ai.rug.nl/~rineke,p6lcxiMAAAAJ,0000-0000-0000-0000
Rini van Solingen,TU Delft,https://rinivansolingen.nl,9LxiPOUAAAAJ,0000-0000-0000-0000
Rinku Dewri,University of Denver,http://www.cs.du.edu/~rdewri,gJ7XMyoAAAAJ,0000-0000-0000-0000
Rinku Shah,IIIT Delhi,https://www.iiitd.ac.in/rinku,jNhSvOEAAAAJ,0000-0000-0000-0000
Rio Yokota,Tokyo Institute of Technology,http://www.rio.gsic.titech.ac.jp/jp/index.html,klw9KE0AAAAJ,0000-0001-7573-7873
Ripon Patgiri,National Inst. of Tech. Silchar,http://cs.nits.ac.in/rp,UqnzylwAAAAJ,0000-0000-0000-0000
Risat Mahmud Pathan,Chalmers/GU,https://www.chalmers.se/en/staff/Pages/risat.aspx,NOSCHOLARPAGE,0000-0000-0000-0000
Risat Pathan,Chalmers/GU,https://www.chalmers.se/en/staff/Pages/risat.aspx,NOSCHOLARPAGE,0000-0000-0000-0000
Rishab Goyal,University of Wisconsin - Madison,https://pages.cs.wisc.edu/~rishab,YsOdB70AAAAJ,0000-0000-0000-0000
Rishab Nithyanand,University of Iowa,https://cs.uiowa.edu/people/rishab-nithyanand,iFjAUN8AAAAJ,0000-0000-0000-0000
Rishabh K. Iyer,University of Texas at Dallas,https://sites.google.com/view/rishabhiyer,l_XxJ1kAAAAJ,0000-0001-9851-463X
Rishabh R. Iyer,Univ. of California - Berkeley,https://rishabh246.github.io,o-Aoyn0AAAAJ,0009-0008-5599-8636
Rishi Ranjan Singh,IIT Bhilai,https://www.iitbhilai.ac.in/index.php?pid=rishi,4J9VnWAAAAAJ,0000-0000-0000-0000
Rishiraj Bhattacharyya,University of Birmingham,https://www.birmingham.ac.uk/staff/profiles/computer-science/academic-staff/bhattacharyya-rishiraj.aspx,NOSCHOLARPAGE,0000-0002-0407-7780
Risi Kondor,University of Chicago,http://people.cs.uchicago.edu/~risi,v12-jLUAAAAJ,0000-0000-0000-0000
Risto Miikkulainen,University of Texas at Austin,https://www.cs.utexas.edu/~risto,2SmbjHAAAAAJ,0000-0000-0000-0000
Rita Borgo,King's College London,https://www.kcl.ac.uk/people/rita-borgo,OtAll0cAAAAJ,0000-0003-2875-6793
Rita Cucchiara,Univ. of Modena and Reggio Emilia,https://personale.unimore.it/rubrica/dettaglio/cucchiara,OM3sZEoAAAAJ,0000-0002-2239-283X
Rita Francese,University of Salerno,http://salerno.academia.edu/RitaFrancese,zb3BXvcAAAAJ,0000-0000-0000-0000
Rita Maria da Silva Julia,UFU,http://www.ppgco.facom.ufu.br/pt-br/pessoas/rita-maria-da-silva-julia,NOSCHOLARPAGE,0000-0000-0000-0000
Rita Orji,Dalhousie University,https://www.dal.ca/faculty/computerscience/news-events/events/2017/03/22/cs_seminar__rita_orji___designing_for_behavior_change__improving_the_efficacy_of_persuasive_technology_using_personalization_models.html,-1cHtBQAAAAJ,0000-0001-6152-8034
Ritambhara Singh,Brown University,https://ritambharasingh.com,V6lRMxoAAAAJ,0000-0002-7523-160X
Rittika Shamsuddin,Oklahoma State University,https://ileadlab.okstate.edu,NOSCHOLARPAGE,0000-0002-5848-8630
Ritu Chaturvedi,University of Guelph,https://www.uoguelph.ca/computing/people/ritu-chaturvedi,NOSCHOLARPAGE,0000-0000-0000-0000
Rivalino Matias,UFU,http://www.facom.ufu.br/~rivalino,ldNItkAAAAAJ,0000-0000-0000-0000
Rivalino Matias Jr.,UFU,http://www.facom.ufu.br/~rivalino,ldNItkAAAAAJ,0000-0000-0000-0000
Rivalino Matias Júnior,UFU,http://www.facom.ufu.br/~rivalino,ldNItkAAAAAJ,0000-0000-0000-0000
Rivka Levitan,CUNY,http://www.sci.brooklyn.cuny.edu/~levitan,BKeOMSkAAAAJ,0000-0000-0000-0000
Riyadh Baghdadi,NYU Abu Dhabi,https://nyuad.nyu.edu/en/academics/divisions/science/faculty/riyadh-baghdadi.html,cVZZ7PAAAAAJ,0000-0002-9350-3998
Riza Batista-Navarro,University of Manchester,http://www.cs.manchester.ac.uk/about-us/staff/profile/?ea=riza.batista,NOSCHOLARPAGE,0000-0001-6693-7531
Riza Theresa Batista-Navarro,University of Manchester,http://www.cs.manchester.ac.uk/about-us/staff/profile/?ea=riza.batista,NOSCHOLARPAGE,0000-0000-0000-0000
Rizka Purwanto,Monash University Indonesia,https://www.monash.edu/indonesia/about/academic-staff/rizka-widyarini-purwanto,mJw7w4AAAAAJ,0000-0000-0000-0000
Rizka Widyarini Purwanto,Monash University Indonesia,https://www.monash.edu/indonesia/about/academic-staff/rizka-widyarini-purwanto,mJw7w4AAAAAJ,0000-0000-0000-0000
Rizos Sakellariou,University of Manchester,http://www.cs.man.ac.uk/~rizos,5LPRRM8AAAAJ,0000-0002-6104-6649
Rob A. Rutenbar,University of Pittsburgh,https://www.chancellor.pitt.edu/people/rob-rutenbar,avq8-1QAAAAJ,0009-0006-6193-0537
Rob Alexander,University of York,https://www-users.cs.york.ac.uk/~rda,DFdBpC0AAAAJ,0000-0000-0000-0000
Rob D. van der Mei,CWI,http://www.few.vu.nl/~mei,MTrV8cgAAAAJ,0000-0000-0000-0000
Rob H. Bemthuis,University of Twente,https://research.utwente.nl/en/persons/abe242bc-8185-4bb7-917e-b1c1ddd29a04,sL-2XfMAAAAJ,0000-0000-0000-0000
Rob J. van Glabbeek,University of Edinburgh,http://www.inf.ed.ac.uk/people/staff/Rob_van_Glabbeek.html,Ngf21nIAAAAJ,0000-0000-0000-0000
Rob Knight 0001,Univ. of California - San Diego,https://knightlab.ucsd.edu,_e3QL94AAAAJ,0000-0002-0975-9019
Rob Kremer,University of Calgary,http://kremer.cpsc.ucalgary.ca,KTHrGlQAAAAJ,0000-0000-0000-0000
Rob Lindeman 0001,University of Canterbury,http://www.canterbury.ac.nz/spark/Researcher.aspx?researcherid=4447467,50jH5EUAAAAJ,0000-0000-0000-0000
Rob Miller 0001,Massachusetts Inst. of Technology,http://www.mit.edu/~rcm,1MK2_tMAAAAJ,0000-0000-0000-0000
Rob Patro,Univ. of Maryland - College Park,https://www.cs.umd.edu/people/nomad,H36hOqEAAAAJ,0000-0001-8463-1675
Rob Procter,University of Warwick,https://warwick.ac.uk/fac/sci/dcs/people/rob_procter,IH2TPkkAAAAJ,0000-0001-8059-5224
Rob Simmonds,University of Cape Town,https://www.researchgate.net/profile/Rob_Simmonds,NOSCHOLARPAGE,0000-0000-0000-0000
Rob Smith,University College London,http://www0.cs.ucl.ac.uk/people/Rob.Smith.html,NOSCHOLARPAGE,0000-0000-0000-0000
Rob Voigt,Northwestern University,https://faculty.wcas.northwestern.edu/robvoigt,8mypUVwAAAAJ,0000-0000-0000-0000
Rob van Nieuwpoort,University of Amsterdam,https://www.esciencecenter.nl/team/prof-dr-rob-van-nieuwpoort,z7-NbJ0AAAAJ,0000-0002-2947-9444
Rob van der Goot,IT University of Copenhagen,https://robvanderg.github.io,lU4zpOEAAAAJ,0000-0000-0000-0000
Rob van der Mei,CWI,http://www.few.vu.nl/~mei,MTrV8cgAAAAJ,0000-0000-0000-0000
Robbert Krebbers,Radboud University,http://robbertkrebbers.nl,8JmcliwAAAAJ,0000-0002-1185-5237
Robbert van Renesse,Cornell University,https://www.cs.cornell.edu/home/rvr,uJbM58UAAAAJ,0000-0000-0000-0000
Robby,Kansas State University,http://robby.santoslab.org,j5aiHcsAAAAJ,0000-0000-0000-0000
Robby Bruce Findler,Northwestern University,https://www.eecs.northwestern.edu/~robby,eBqftc8AAAAJ,0000-0000-0000-0000
Robby van Delden,University of Twente,https://research.utwente.nl/en/persons/bed2c5c1-0654-47ec-a4c7-7dafb0709b55,qlAMzzwAAAAJ,0000-0002-6592-1199
Robert A. van Engelen,Florida State University,https://www.asee.org/public/conferences/32/papers/9523/view,6qaOBTMAAAAJ,0000-0000-0000-0000
Robert A. van de Geijn,University of Texas at Austin,https://cs.utexas.edu/~rvdg,62GM5XcAAAAJ,0009-0004-6434-8492
Robert Akl,University of North Texas,http://www.cse.unt.edu/~rakl/index.html,P5ZVxE0AAAAJ,0000-0000-0000-0000
Robert Alexander,University of York,https://www-users.cs.york.ac.uk/~rda,DFdBpC0AAAAJ,0000-0000-0000-0000
Robert Allison,York University,http://www.cse.yorku.ca/~allison,1LbWyf4AAAAJ,0000-0000-0000-0000
Robert Amor,University of Auckland,https://www.cs.auckland.ac.nz/~trebor,WqqlB5oAAAAJ,0000-0000-0000-0000
Robert Atkey,University of Strathclyde,https://pureportal.strath.ac.uk/en/persons/bob-atkey/publications,0bo89OQAAAAJ,0000-0002-4414-5047
Robert B. Fisher,University of Edinburgh,http://homepages.inf.ed.ac.uk/rbf,LigYduEAAAAJ,0000-0000-0000-0000
Robert B. Heckendorn,University of Idaho,http://marvin.cs.uidaho.edu/~heckendo,Hd0x1I4AAAAJ,0000-0000-0000-0000
Robert B. Schnabel,University of Colorado Boulder,https://www.colorado.edu/cs/bobby-schnabel,NOSCHOLARPAGE,0000-0000-0000-0000
Robert B. Stevenson,University of Notre Dame,https://engineering.nd.edu/profiles/rstevenson,fv9jGnkAAAAJ,0000-0000-0000-0000
Robert Babuska,Czech Technical University,https://www.ciirc.cvut.cz/people/people-list/?uid=babusrob,0orN2FUAAAAJ,0000-0001-9578-8598
Robert Basmadjian,Mohammed VI Polytechnic University,https://cc.um6p.ma/people/Robert.BASMADJIAN,rl6u8YoAAAAJ,0000-0000-0000-0000
Robert Beiko,Dalhousie University,https://www.dal.ca/faculty/computerscience/faculty-staff/robert-beiko.html,OmUy3vUAAAAJ,0000-0000-0000-0000
Robert Bergevin,Université Laval,http://w3.gel.ulaval.ca/~bergevin,j9jEMToAAAAJ,0000-0002-1115-7471
Robert Best,Queen's University Belfast,https://pure.qub.ac.uk/en/persons/robert-best,A65lbfMAAAAJ,0000-0000-0000-0000
Robert Biddle,Carleton University,https://carleton.ca/scs/people/robert-biddle,Z3jkhWIAAAAJ,0000-0001-5971-2705
Robert Bredereck,TU Clausthal,https://robert.bredereck.info,DdtpTRwAAAAJ,0000-0002-6303-6276
Robert Bruce Findler,Northwestern University,https://www.eecs.northwestern.edu/~robby,eBqftc8AAAAJ,0000-0002-4245-2000
Robert C. Berwick,Massachusetts Inst. of Technology,https://lids.mit.edu/people/facultypi/robert-berwick,NOSCHOLARPAGE,0000-0000-0000-0000
Robert C. Holte,University of Alberta,https://webdocs.cs.ualberta.ca/~holte,CXPlI08AAAAJ,0000-0000-0000-0000
Robert C. Miller,Massachusetts Inst. of Technology,http://www.mit.edu/~rcm,1MK2_tMAAAAJ,0000-0002-0442-691X
Robert C. Williamson,University of Tübingen,https://uni-tuebingen.de/en/197812,G4MBruQAAAAJ,0000-0000-0000-0000
Robert Cartwright,Rice University,https://www.cs.rice.edu/~cork/index.shtml,TtJeqqoAAAAJ,0000-0000-0000-0000
Robert Craig Holte,University of Alberta,https://webdocs.cs.ualberta.ca/~holte,CXPlI08AAAAJ,0000-0000-0000-0000
Robert D. Cameron,Simon Fraser University,http://www.cs.sfu.ca/~cameron,NOSCHOLARPAGE,0000-0000-0000-0000
Robert D. Gregg,University of Michigan,https://gregg.engin.umich.edu,hEypYOEAAAAJ,0000-0002-0729-2857
Robert D. Gregg IV,University of Michigan,https://gregg.engin.umich.edu,hEypYOEAAAAJ,0000-0000-0000-0000
Robert D. Kent,University of Windsor,http://www.uwindsor.ca/science/computerscience/1037/dr-robert-kent,NOSCHOLARPAGE,0000-0000-0000-0000
Robert D. Kleinberg,Cornell University,http://www.cs.cornell.edu/~rdk,zkvW8FQAAAAJ,0000-0002-8306-3407
Robert D. Macredie,Brunel University London,https://www.brunel.ac.uk/people/robert-macredie,jdB84x8AAAAJ,0000-0000-0000-0000
Robert D. Montoya,Indiana University,http://robertdmontoya.com,JwuWrxkAAAAJ,0000-0000-0000-0000
Robert D. Mullins,University of Cambridge,https://www.cl.cam.ac.uk/~rdm34,zjXO2HMAAAAJ,0000-0002-8393-2748
Robert D. Nowak,University of Wisconsin - Madison,http://nowak.ece.wisc.edu,fn13u8IAAAAJ,0000-0000-0000-0000
Robert D. Rodman,North Carolina State University,https://www.csc.ncsu.edu/people/rodman,NOSCHOLARPAGE,0000-0000-0000-0000
Robert D. Stevens,University of Manchester,https://www.research.manchester.ac.uk/portal/robert.stevens.html,P7ACZMQAAAAJ,0000-0000-0000-0000
Robert D. Tennent,Queen’s University,http://www.cs.queensu.ca/people/faculty.php,NOSCHOLARPAGE,0000-0000-0000-0000
Robert D. van der Mei,CWI,http://www.few.vu.nl/~mei,MTrV8cgAAAAJ,0000-0000-0000-0000
Robert Dabrowski,University of Warsaw,https://www.facebook.com/public/Robert-Dabrowski/school/Warsaw-University-of-Technology-109438579082305,jJXYs6EAAAAJ,0000-0000-0000-0000
Robert Duncan Macredie,Brunel University London,https://www.brunel.ac.uk/people/robert-macredie,jdB84x8AAAAJ,0000-0000-0000-0000
Robert Dyer,University of Nebraska,https://go.unl.edu/rdyer,-tLiAa8AAAAJ,0000-0000-0000-0000
Robert Dyer 0001,University of Nebraska,https://go.unl.edu/rdyer,-tLiAa8AAAAJ,0000-0001-9571-5567
Robert E. Bodenheimer,Vanderbilt University,http://www.vuse.vanderbilt.edu/~bobbyb,hI4XguUAAAAJ,0000-0000-0000-0000
Robert E. Fields,Middlesex University,http://www.cs.mdx.ac.uk/people/bob-fields,DrLWtAYAAAAJ,0000-0000-0000-0000
Robert E. Hiromoto,University of Idaho,http://www.uidaho.edu/engr/departments/cs/our-people/faculty/robert-hiromoto,NOSCHOLARPAGE,0000-0000-0000-0000
Robert E. Kinicki,Worcester Polytechnic Institute,http://www.cs.wpi.edu/~rek,NOSCHOLARPAGE,0000-0000-0000-0000
Robert E. Mahony,Australian National University,http://users.cecs.anu.edu.au/Robert.Mahony,GbLX3cIAAAAJ,0000-0002-7803-2868
Robert E. Mercer,Western University,http://www.csd.uwo.ca/~mercer,HKJ_SkAAAAAJ,0000-0000-0000-0000
Robert E. Tarjan,Princeton University,https://www.cs.princeton.edu/~ret,lazJixIAAAAJ,0000-0000-0000-0000
Robert E. Webber,Western University,http://www.csd.uwo.ca/~webber,A4nm80EAAAAJ,0000-0000-0000-0000
Robert Elsässer,University of Salzburg,https://algorithms.cosy.sbg.ac.at/group/robert-elsaesser.html,WIY8ymUAAAAJ,0000-0002-5766-8103
Robert Endre Tarjan,Princeton University,https://www.cs.princeton.edu/~ret,lazJixIAAAAJ,0000-0000-0000-0000
Robert F. Kelly,Stony Brook University,https://www.cs.stonybrook.edu/people/faculty/RobertKelly,M6IXlpgAAAAJ,0000-0000-0000-0000
Robert Feldt,Chalmers/GU,https://www.chalmers.se/en/staff/Pages/robert-feldt.aspx,VemqkeEAAAAJ,0000-0002-5179-4205
Robert G. Crawford,Queen’s University,http://research.cs.queensu.ca/home/rgc,EQ-mkaAAAAAJ,0000-0000-0000-0000
Robert G. Maunder,University of Southampton,https://www.ecs.soton.ac.uk/people/rgm1y07,IpSIFzkAAAAJ,0000-0000-0000-0000
Robert G. Merkel,Monash University,http://monash.edu/research/explore/en/persons/robert-merkel(60ae5e11-1b74-4e46-bd00-0194549d414d).html,n8wCPF4AAAAJ,0000-0002-0658-9800
Robert G. Olsen,Washington State University,http://www.eecs.wsu.edu/~olsen,UO6K1TkAAAAJ,0000-0000-0000-0000
Robert G. Reynolds,Wayne State University,http://ai.cs.wayne.edu/ai/member%20webs/Reynolds/index.htm,DGxl9iUAAAAJ,0000-0000-0000-0000
Robert G. Trenary,Western Michigan University,https://www.cs.wmich.edu/~trenary,NOSCHOLARPAGE,0000-0000-0000-0000
Robert Ganian,TU Wien,https://www.ac.tuwien.ac.at/people/rganian,nNem5xIAAAAJ,0000-0002-7762-8045
Robert Geist,Clemson University,https://people.cs.clemson.edu/~geist/homepage.html,Ui2NKZUAAAAJ,0000-0000-0000-0000
Robert Gene Reynolds,Wayne State University,http://ai.cs.wayne.edu/ai/member%20webs/Reynolds/index.htm,DGxl9iUAAAAJ,0000-0000-0000-0000
Robert George Mercas,Loughborough University,https://www.lboro.ac.uk/departments/compsci/staff/academic-teaching/robert-mercas,HJ0ZXFIAAAAJ,0000-0000-0000-0000
Robert Glück,University of Copenhagen,http://www.diku.dk/~glueck,cGfKulEAAAAJ,0000-0000-0000-0000
Robert Granger,University of Surrey,https://www.surrey.ac.uk/people/robert-granger,7Bhcs94AAAAJ,0000-0002-7731-0758
Robert H. Deng,Singapore Management University,https://www.smu.edu.sg/faculty/profile/9611/Robert-H-DENG,OPbZGPsAAAAJ,0000-0003-3491-8146
Robert H. Sloan,University of Illinois at Chicago,https://www.cs.uic.edu/Sloan,RiJSLsoAAAAJ,0000-0001-9517-3139
Robert Harle,University of Cambridge,https://www.cl.cam.ac.uk/~rkh23,MUWnoZIAAAAJ,0000-0000-0000-0000
Robert Harper 0001,Carnegie Mellon University,http://www.cs.cmu.edu/~rwh,hbpHGtQAAAAJ,0000-0002-9400-2941
Robert Hirschfeld,Hasso Plattner Institute,https://hpi.de/en/research/research-groups/software-architecture,NOSCHOLARPAGE,0000-0002-4249-6003
Robert Hoehndorf,KAUST,https://www.kaust.edu.sa/en/study/faculty/robert-hoehndorf,4vVGk3kAAAAJ,0000-0001-8149-5890
Robert Holte,University of Alberta,https://webdocs.cs.ualberta.ca/~holte,CXPlI08AAAAJ,0000-0000-0000-0000
Robert Huijie Deng,Singapore Management University,https://www.smu.edu.sg/faculty/profile/9611/Robert-H-DENG,OPbZGPsAAAAJ,0000-0000-0000-0000
Robert I. Davis 0001,University of York,https://www-users.cs.york.ac.uk/~robdavis,xjVBcr4AAAAJ,0000-0000-0000-0000
Robert I. Soare,University of Chicago,http://people.cs.uchicago.edu/~soare,NOSCHOLARPAGE,0000-0000-0000-0000
Robert Ian Davis,University of York,https://www-users.cs.york.ac.uk/~robdavis,xjVBcr4AAAAJ,0000-0002-5772-0928
Robert Irving Soare,University of Chicago,http://people.cs.uchicago.edu/~soare,NOSCHOLARPAGE,0000-0000-0000-0000
Robert J. Brunner,Univ. of Illinois at Urbana-Champaign,http://www.astro.illinois.edu/people/bigdog,tL8qoFQAAAAJ,0000-0000-0000-0000
Robert J. Fornaro,North Carolina State University,https://www.csc.ncsu.edu/people/fornaro,NOSCHOLARPAGE,0000-0000-0000-0000
Robert J. Full,Univ. of California - Berkeley,https://ib.berkeley.edu/people/faculty/fullr,82eHqZYAAAAJ,0000-0000-0000-0000
Robert J. Gaizauskas,University of Sheffield,https://www.sheffield.ac.uk/dcs/people/academic/rob-gaizauskas,HY8ATOgAAAAJ,0000-0002-3356-5126
Robert J. Hammell,Towson University,https://www.towson.edu/fcsm/departments/computerinfosci/facultystaff/rhammell.html,NOSCHOLARPAGE,0000-0000-0000-0000
Robert J. Hammell II,Towson University,https://www.towson.edu/fcsm/departments/computerinfosci/facultystaff/rhammell.html,NOSCHOLARPAGE,0000-0000-0000-0000
Robert J. Hendley,University of Birmingham,https://www.birmingham.ac.uk/staff/profiles/computer-science/hendley-bob.aspx,9KywR_cAAAAJ,0000-0000-0000-0000
Robert J. Hilderman,University of Regina,http://www.cs.uregina.ca/People/Profiles/RobertHilderman.html,NOSCHOLARPAGE,0000-0000-0000-0000
Robert J. K. Jacob,Tufts University,http://www.cs.tufts.edu/~jacob,NOSCHOLARPAGE,0000-0002-5983-7388
Robert J. Renka,University of North Texas,http://www.cse.unt.edu/~renka,XzNYtXMAAAAJ,0000-0000-0000-0000
Robert J. Stewart,Heriot-Watt University,https://www.hw.ac.uk/staff/uk/macs/robert-stewart.htm,ArZWHf4AAAAJ,0000-0000-0000-0000
Robert J. Walker,University of Calgary,http://lsmr.org/walker,lvXu4XcAAAAJ,0000-0002-0953-6907
Robert J. Walls,Worcester Polytechnic Institute,http://rjwalls.github.io,7yHU8hMAAAAJ,0000-0002-1338-6403
Robert Jenssen,UiT The Arctic Univ. of Norway,https://uit.no/ansatte/robert.jenssen,HiviXjIAAAAJ,0000-0000-0000-0000
Robert K. Harle,University of Cambridge,https://www.cl.cam.ac.uk/~rkh23,MUWnoZIAAAAJ,0000-0000-0000-0000
Robert Karam,University of South Florida,https://cse.usf.edu/~rkaram,8m6uKm0AAAAJ,0000-0000-0000-0000
Robert Kleinberg,Cornell University,http://www.cs.cornell.edu/~rdk,zkvW8FQAAAAJ,0000-0002-8306-3407
Robert Kooima,Louisiana State University,http://csc.lsu.edu/~kooima,OcIwjtEAAAAJ,0000-0000-0000-0000
Robert Krauthgamer,Weizmann Institute of Science,https://www.weizmann.ac.il/pages/search/people?language=english&single=1&person_id=4211,M3yUD0cAAAAJ,0009-0003-8154-3735
Robert Krüger,New York University,https://kruegert.github.io,UHmEAooAAAAJ,0000-0002-6468-8356
Robert L. Pastel,Michigan Technological University,https://www.mtu.edu/cs/department/faculty-staff/faculty/pastel,NOSCHOLARPAGE,0000-0000-0000-0000
Robert Laganière,University of Ottawa,http://www.site.uottawa.ca/~laganier,59ohye8AAAAJ,0000-0000-0000-0000
Robert Lagerström,KTH Royal Inst. of Technology,https://www.kth.se/profile/robertl,SazOHOQAAAAJ,0000-0000-0000-0000
Robert Legenstein,Graz University of Technology,https://www.tugraz.at/institute/igi/team/prof-legenstein,nyUoJk0AAAAJ,0000-0002-8724-5507
Robert Lindeman,University of Canterbury,http://www.canterbury.ac.nz/spark/Researcher.aspx?researcherid=4447467,50jH5EUAAAAJ,0000-0000-0000-0000
Robert Lorenz 0001,University of Augsburg,https://www.informatik.uni-augsburg.de/lehrstuehle/inf/mitarbeiter/lorenz,5otllo8AAAAJ,0000-0000-0000-0000
Robert M. Haralick,CUNY,http://www.gc.cuny.edu/Page-Elements/Academics-Research-Centers-Initiatives/Doctoral-Programs/Computer-Science/Faculty-Bios/Robert-M-Haralick,HMnF6i0AAAAJ,0000-0000-0000-0000
Robert M. Hierons,University of Sheffield,https://www.sheffield.ac.uk/dcs/people/academic/rob-hierons,Bd0QYCEAAAAJ,0000-0002-4771-1446
Robert M. Kirby,University of Utah,https://www.cs.utah.edu/~kirby,IATz8BMAAAAJ,0000-0001-5712-4141
Robert M. Rioux,Washington State University,https://school.eecs.wsu.edu/people/faculty/robert-rioux,ALxkJQEAAAAJ,0000-0000-0000-0000
Robert Martin Haralick,CUNY,http://www.gc.cuny.edu/Page-Elements/Academics-Research-Centers-Initiatives/Doctoral-Programs/Computer-Science/Faculty-Bios/Robert-M-Haralick,HMnF6i0AAAAJ,0000-0000-0000-0000
Robert McCartney,University of Connecticut,http://www.cse.uconn.edu/people/faculty,UCqaj3gAAAAJ,0000-0000-0000-0000
Robert Mercas,Loughborough University,https://www.lboro.ac.uk/departments/compsci/staff/academic-teaching/robert-mercas,HJ0ZXFIAAAAJ,0000-0000-0000-0000
Robert Merkel,Monash University,http://monash.edu/research/explore/en/persons/robert-merkel(60ae5e11-1b74-4e46-bd00-0194549d414d).html,n8wCPF4AAAAJ,0000-0000-0000-0000
Robert Michael Kirby,University of Utah,https://www.cs.utah.edu/~kirby,IATz8BMAAAAJ,0000-0001-5712-4141
Robert Michael Lewis,College of William and Mary,http://www.wm.edu/as/computerscience/faculty/lewis_rm.php,hdoSFx0AAAAJ,0000-0000-0000-0000
Robert Michael Young,University of Utah,https://faculty.utah.edu/u6006841-ROBERT_MICHAEL_YOUNG/research/index.hml,HLz6zx4AAAAJ,0000-0000-0000-0000
Robert Muller,Boston College,http://www.cs.bc.edu/~muller,NOSCHOLARPAGE,0000-0000-0000-0000
Robert Mullins,University of Cambridge,https://www.cl.cam.ac.uk/~rdm34,zjXO2HMAAAAJ,0000-0000-0000-0000
Robert N. M. Watson,University of Cambridge,https://www.cl.cam.ac.uk/~rnw24,wAO9FfoAAAAJ,0000-0001-8139-8783
Robert Nicholas Maxwell Watson,University of Cambridge,https://www.cl.cam.ac.uk/~rnw24,wAO9FfoAAAAJ,0000-0000-0000-0000
Robert Nowak 0001,University of Wisconsin - Madison,http://nowak.ece.wisc.edu,fn13u8IAAAAJ,0000-0000-0000-0000
Robert P. Burton,Brigham Young University,https://cs.byu.edu/faculty/rpburton,0NKgxEEAAAAJ,0000-0000-0000-0000
Robert P. Dick,University of Michigan,https://ece.engin.umich.edu/personnel/dick-robert,p2I_CecAAAAJ,0000-0001-5428-9530
Robert Pastel,Michigan Technological University,https://www.mtu.edu/cs/department/faculty-staff/faculty/pastel,NOSCHOLARPAGE,0000-0000-0000-0000
Robert Patro,Univ. of Maryland - College Park,https://www.cs.umd.edu/people/nomad,H36hOqEAAAAJ,0000-0000-0000-0000
Robert Platt 0001,Northeastern University,http://www.ccs.neu.edu/home/rplatt,Z4Y5S2oAAAAJ,0009-0001-2033-3473
Robert Platt Jr. 0001,Northeastern University,http://www.ccs.neu.edu/home/rplatt,Z4Y5S2oAAAAJ,0000-0000-0000-0000
Robert Pless,George Washington University,https://www.cs.seas.gwu.edu/robert-pless,uVBjUtAAAAAJ,0000-0000-0000-0000
Robert Powell,Durham University,https://www.dur.ac.uk/computer.science/staff/profile/?id=8278,24NxejMAAAAJ,0000-0001-8428-0537
Robert R. Kessler,University of Utah,https://www.cs.utah.edu/~kessler,j9XJD8QAAAAJ,0000-0000-0000-0000
Robert Rand 0001,University of Chicago,http://rand.cs.uchicago.edu,jYrnZVwAAAAJ,0000-0001-6842-5505
Robert Rinker,University of Idaho,http://www.uidaho.edu/engr/departments/cs/our-people/faculty/robert-rinker,NOSCHOLARPAGE,0000-0000-0000-0000
Robert Robere,McGill University,https://www.cs.mcgill.ca/~robere,ss6bWnwAAAAJ,0000-0002-6065-6023
Robert Rönngren,KTH Royal Inst. of Technology,https://www.kth.se/profile/rron,NOSCHOLARPAGE,0000-0000-0000-0000
Robert S. Balog,Texas A&M at Qatar,http://energy.tamu.edu/faculty-experts/robert-s-balog,ARbJn1UAAAAJ,0000-0000-0000-0000
Robert Sablatnig,TU Wien,https://cvl.tuwien.ac.at/staff/robert-sablatnig,iMlKiaEAAAAJ,0000-0000-0000-0000
Robert Sabourin,ETS Montreal,https://www.etsmtl.ca/Unites-de-recherche/LIVIA,l33dD0wAAAAJ,0000-0000-0000-0000
Robert Seiringer,IST Austria,https://ist.ac.at/research/research-groups/seiringer-group,NOSCHOLARPAGE,0000-0000-0000-0000
Robert Shan,Chinese Academy of Sciences,http://vipl.ict.ac.cn/view_people.php?id=12,Vkzd7MIAAAAJ,0000-0000-0000-0000
Robert Sheehan,University of Auckland,https://www.cs.auckland.ac.nz/people/r-sheehan,h44VIt4AAAAJ,0000-0000-0000-0000
Robert Signorile,Boston College,http://www.cs.bc.edu/~signoril,NOSCHOLARPAGE,0000-0000-0000-0000
Robert Soden,University of Toronto,http://robertsoden.io,1vePPCkAAAAJ,0000-0003-2657-0485
Robert Soulé,Yale University,https://cpsc.yale.edu/people/robert-soule,di_T0vwAAAAJ,0000-0002-2825-6660
Robert St. Amant,North Carolina State University,http://www4.ncsu.edu/~stamant,5dOPwnoAAAAJ,0000-0000-0000-0000
Robert Stevens 0001,University of Manchester,https://www.research.manchester.ac.uk/portal/robert.stevens.html,P7ACZMQAAAAJ,0000-0000-0000-0000
Robert Strzodka,Heidelberg University,https://www.physik.uni-heidelberg.de/personen/lsf.php?details=25474,NOSCHOLARPAGE,0000-0000-0000-0000
Robert Sámal,Charles University,https://iuuk.mff.cuni.cz/~samal,kSEwBlUAAAAJ,0000-0002-0172-6511
Robert T. Collins,Pennsylvania State University,http://www.cse.psu.edu/~rtc12,2Bc3UN4AAAAJ,0000-0000-0000-0000
Robert T. Loftin,University of Sheffield,https://www.sheffield.ac.uk/cs/people/academic/robert-loftin,ttJ9AWAAAAAJ,0000-0000-0000-0000
Robert Tappan Morris,Massachusetts Inst. of Technology,https://pdos.csail.mit.edu/~rtm,NOSCHOLARPAGE,0000-0000-0000-0000
Robert V. Kenyon,University of Illinois at Chicago,https://www.cs.uic.edu/bin/view/Kenyon/WebHome,NOSCHOLARPAGE,0000-0000-0000-0000
Robert W. Cox,UNC - Charlotte,https://ece.charlotte.edu/directory/dr-robert-cox-phd,NOSCHOLARPAGE,0000-0000-0000-0000
Robert W. Doran,University of Auckland,https://www.cs.auckland.ac.nz/~bob,NwTYDFwAAAAJ,0000-0000-0000-0000
Robert W. Harrison,Georgia State University,https://grid.cs.gsu.edu/rharrison,px5AJoYAAAAJ,0000-0003-2449-1214
Robert W. J. Simmonds,University of Cape Town,https://www.researchgate.net/profile/Rob_Simmonds,NOSCHOLARPAGE,0000-0000-0000-0000
Robert W. Lindeman,University of Canterbury,http://www.canterbury.ac.nz/spark/Researcher.aspx?researcherid=4447467,50jH5EUAAAAJ,0000-0002-0637-7701
Robert West 0001,EPFL,https://people.epfl.ch/robert.west,ZiFn598AAAAJ,0000-0002-3984-1232
Robert Wille,TU Munich,https://www.cda.cit.tum.de/team/wille,dWkUqVsAAAAJ,0000-0002-4993-7860
Robert William Harper Jr.,Carnegie Mellon University,http://www.cs.cmu.edu/~rwh,hbpHGtQAAAAJ,0000-0000-0000-0000
Robert Xiao,University of British Columbia,https://www.robertxiao.ca,uphhX0QAAAAJ,0000-0003-4306-8825
Robert Zimmer,Goldsmiths University of London,https://www.gold.ac.uk/computing/staff/r-zimmer,NOSCHOLARPAGE,0000-0000-0000-0000
Robert van Engelen,Florida State University,https://www.asee.org/public/conferences/32/papers/9523/view,6qaOBTMAAAAJ,0000-0000-0000-0000
Robert van Liere,CWI,http://homepages.cwi.nl/~robertl,NOSCHOLARPAGE,0000-0000-0000-0000
Roberta Gori,University of Pisa,http://www.di.unipi.it/~gori,NOSCHOLARPAGE,0000-0000-0000-0000
Roberta Sinatra,IT University of Copenhagen,https://www.robertasinatra.com,PL8nGh4AAAAJ,0000-0000-0000-0000
Roberto André Hexsel,UFPR,https://www.inf.ufpr.br/roberto,6SJwDZIAAAAJ,0000-0000-0000-0000
Roberto Baldoni,Sapienza University of Rome,http://www.diag.uniroma1.it/users/roberto%20baldoni,82tR6VoAAAAJ,0000-0000-0000-0000
Roberto Barbuti,University of Pisa,http://pages.di.unipi.it/barbuti,NOSCHOLARPAGE,0000-0000-0000-0000
Roberto Battiti,University of Trento,https://rtm.science.unitn.it/~battiti,fO-wkZkAAAAJ,0000-0002-0259-8603
Roberto Beraldi,Sapienza University of Rome,http://www.diag.uniroma1.it/users/roberto%20beraldi,WaJQ4-wAAAAJ,0000-0000-0000-0000
Roberto Bruni 0001,University of Pisa,http://www.di.unipi.it/~bruni,9foj2J0AAAAJ,0000-0002-7771-4154
Roberto Cabral de Mello Borges,UFRGS,https://www.inf.ufrgs.br/site/docente/roberto-cabral-de-mello-borges,NOSCHOLARPAGE,0000-0000-0000-0000
Roberto Calandra,TU Dresden,https://www.robertocalandra.com,fA0rYxMAAAAJ,0000-0001-9430-8433
Roberto Capobianco,Sapienza University of Rome,http://robertocapobianco.com,6VJaD6EAAAAJ,0000-0002-2219-215X
Roberto Cipolla,University of Cambridge,https://www.eng.cam.ac.uk/profiles/rc10001,Eclg4mwAAAAJ,0000-0002-8999-2151
Roberto Confalonieri 0001,University of Padova,http://www.inf.unibz.it/~rconfalonieri,zZPB9jUAAAAJ,0000-0000-0000-0000
Roberto De Prisco,University of Salerno,http://www.di.unisa.it/~robdep,VsTTQSUAAAAJ,0000-0003-0559-6897
Roberto Di Pietro,KAUST,https://www.kaust.edu.sa/en/study/faculty/roberto-di-pietro,Io9QeG0AAAAJ,0000-0003-1909-0336
Roberto Ferrero,University of Liverpool,https://liverpool.ac.uk/electrical-engineering-and-electronics/staff/roberto-ferrero,NOSCHOLARPAGE,0000-0000-0000-0000
Roberto Giacobazzi,University of Arizona,https://www2.cs.arizona.edu/people/giacobazzi,8yjJnbgAAAAJ,0000-0002-9582-3960
Roberto Grossi,University of Pisa,http://www.di.unipi.it/~grossi,IisGl48AAAAJ,0000-0000-0000-0000
Roberto Guanciale,KTH Royal Inst. of Technology,http://www.csc.kth.se/~robertog,VZUWVp4AAAAJ,0000-0002-8069-6495
Roberto Hirata Jr,USP,http://www.ime.usp.br/~hirata,Z6UgkRkAAAAJ,0000-0000-0000-0000
Roberto Ierusalimschy,PUC-RIO,http://www.inf.puc-rio.br/~roberto,_pZgPlIAAAAJ,0000-0000-0000-0000
Roberto M. Cesar,USP,http://www.ime.usp.br/~cesar,NOSCHOLARPAGE,0000-0000-0000-0000
Roberto M. Cesar Jr.,USP,http://www.ime.usp.br/~cesar,NOSCHOLARPAGE,0000-0003-2701-4288
Roberto M. Negrini,Politecnico di Milano,http://www.deib.polimi.it/eng/people/details/474684,r8hwBOcAAAAJ,0000-0000-0000-0000
Roberto Manduchi,Univ. of California - Santa Cruz,https://users.soe.ucsc.edu/~manduchi,7YDSuZEAAAAJ,0000-0000-0000-0000
Roberto Marcondes Cesar Jr.,USP,http://www.ime.usp.br/~cesar,NOSCHOLARPAGE,0000-0000-0000-0000
Roberto Marcondes Cesar Junior,USP,http://www.ime.usp.br/~cesar,NOSCHOLARPAGE,0000-0000-0000-0000
Roberto Martin Martin,University of Texas at Austin,https://robertomartinmartin.com,XOJE8OEAAAAJ,0000-0002-9586-2759
Roberto Martín-Martín,University of Texas at Austin,https://robertomartinmartin.com,XOJE8OEAAAAJ,0000-0002-9586-2759
Roberto Martínez-Maldonado,Monash University,https://research.monash.edu/en/persons/roberto-martinez-maldonado,sWXrhB0AAAAJ,0000-0002-8375-1816
Roberto Morabito,EURECOM,https://www.eurecom.fr/fr/people/morabito-roberto/publications,R21oWZsAAAAJ,0000-0002-4240-9934
Roberto Navigli,Sapienza University of Rome,http://wwwusers.di.uniroma1.it/~navigli,BsgVJ-EAAAAJ,0000-0003-3831-9706
Roberto Palmieri,Lehigh University,http://www.cse.lehigh.edu/~palmieri,iipJ5hsAAAAJ,0000-0002-1530-4088
Roberto Parisella,University of Tartu,https://ut.ee/en/employee/roberto-parisella,uvcVWE8AAAAJ,0009-0007-2241-801X
Roberto Passerone,University of Trento,http://disi.unitn.it/~roby,ziBaxi0AAAAJ,0000-0001-6315-1023
Roberto Perdisci,University of Georgia,http://roberto.perdisci.com,M_soLLcAAAAJ,0000-0002-7339-0041
Roberto Pereira 0002,UFPR,https://web.inf.ufpr.br/rpereira,rZ52C8YAAAAJ,0000-0000-0000-0000
Roberto S. M. Barros,UFPE,http://www.cin.ufpe.br/~roberto,OnmLz-AAAAAJ,0000-0000-0000-0000
Roberto S. M. de Barros,UFPE,https://www.cin.ufpe.br/~roberto,OnmLz-AAAAAJ,0000-0000-0000-0000
Roberto Sebastiani,University of Trento,http://disi.unitn.it/rseba,qmnmdYsAAAAJ,0000-0000-0000-0000
Roberto Solis-Oba,Western University,http://www.csd.uwo.ca/faculty/solis,NOSCHOLARPAGE,0000-0000-0000-0000
Roberto Souto Maior de Barros,UFPE,http://www.cin.ufpe.br/~roberto,OnmLz-AAAAAJ,0000-0000-0000-0000
Roberto Souza 0001,University of Calgary,https://www.ai2lab.ca,G2V4oBIAAAAJ,0000-0000-0000-0000
Roberto Tagliaferri,University of Salerno,http://www.unisa.it/docenti/robertotagliaferri/en/index,lwgZxjIAAAAJ,0000-0001-8134-9025
Roberto Tamassia,Brown University,http://cs.brown.edu/~rt,eEYPTKUAAAAJ,0000-0003-2445-6064
Roberto V. Zicari,Goethe University Frankfurt,http://www.bigdata.uni-frankfurt.de/people,NOSCHOLARPAGE,0000-0000-0000-0000
Roberto Vezzani,Univ. of Modena and Reggio Emilia,https://personale.unimore.it/rubrica/dettaglio/rvezzani,WbY1huwAAAAJ,0000-0002-1046-6870
Roberto Yus,Univ. of Maryland - Baltimore County,https://robertoyus.com,x8h02QMAAAAJ,0000-0002-9311-954X
Robi Malik,University of Waikato,http://www.cs.waikato.ac.nz/~robi,ZPixU7kAAAAJ,0000-0000-0000-0000
Robin Adams,Chalmers/GU,https://www.chalmers.se/en/staff/Pages/robinad.aspx,JzC9b1cAAAAJ,0000-0000-0000-0000
Robin Bing-Yu Chen 0004,National Taiwan University,http://graphics.im.ntu.edu.tw/~robin,8UC5dY4AAAAJ,0000-0000-0000-0000
Robin Bloomfield,City University of London,https://www.city.ac.uk/people/academics/robin-bloomfield,lV0tme4AAAAJ,0000-0000-0000-0000
Robin Burke,University of Colorado Boulder,http://www.that-recsys-lab.net/home/people/burke,wRwI6d0AAAAJ,0000-0001-5766-6434
Robin C. Laney,Open University UK,http://stem.open.ac.uk/people/rcl46,10qds5IAAAAJ,0000-0002-9319-8209
Robin Cockett,University of Calgary,http://www.cpsc.ucalgary.ca/~robin,NOSCHOLARPAGE,0000-0000-0000-0000
Robin Cohen,University of Waterloo,https://cs.uwaterloo.ca/~rcohen,7OnAKPIAAAAJ,0000-0000-0000-0000
Robin D. Burke,University of Colorado Boulder,http://www.that-recsys-lab.net/home/people/burke,wRwI6d0AAAAJ,0000-0001-5766-6434
Robin D. Dowell,University of Colorado Boulder,http://dowell.colorado.edu,yVPoRI4AAAAJ,0000-0001-7665-9985
Robin Dykstra,Victoria University of Wellington,http://ecs.victoria.ac.nz/Main/RobinDykstra,NOSCHOLARPAGE,0000-0000-0000-0000
Robin E. Bloomfield,City University of London,https://www.city.ac.uk/people/academics/robin-bloomfield,lV0tme4AAAAJ,0000-0000-0000-0000
Robin Gras,University of Windsor,http://www.uwindsor.ca/science/computerscience/1048/dr-robin-gras,98LyA1oAAAAJ,0000-0000-0000-0000
Robin Hillary Kravets,Univ. of Illinois at Urbana-Champaign,https://cs.illinois.edu/directory/profile/rhk,dACRUjgAAAAJ,0009-0002-5042-6715
Robin Hirsch,University College London,http://www.cs.ucl.ac.uk/staff/robin_hirsch,NOSCHOLARPAGE,0000-0000-0000-0000
Robin Jia,University of Southern California,https://robinjia.github.io,ajZ-_O0AAAAJ,0009-0002-8123-7132
Robin Kravets,Univ. of Illinois at Urbana-Champaign,https://cs.illinois.edu/directory/profile/rhk,dACRUjgAAAAJ,0009-0002-5042-6715
Robin R. Murphy,Texas A&M University,http://faculty.cs.tamu.edu/murphy,SIcRijoAAAAJ,0000-0000-0000-0000
Robin Roberson Murphy,Texas A&M University,http://faculty.cs.tamu.edu/murphy,SIcRijoAAAAJ,0000-0000-0000-0000
Robin Strand,Uppsala University,http://user.it.uu.se/~rostr275/index.html,uyklfiYAAAAJ,0000-0000-0000-0000
Robin W. Dawes,Queen’s University,http://www.cs.queensu.ca/home/dawes,NOSCHOLARPAGE,0000-0000-0000-0000
Robin Walters 0001,Northeastern University,https://www.khoury.northeastern.edu/people/robin-walters,fnprJmUAAAAJ,0000-0000-0000-0000
Robin Welsch,Aalto University,https://www.aalto.fi/en/people/robin-welsch,EYAMLKYAAAAJ,0000-0002-7255-7890
Robson E. De Grande,Brock University,http://www.cosc.brocku.ca/~rdegrande,L7cdSB0AAAAJ,0000-0000-0000-0000
Robson Eduardo De Grande,Brock University,http://www.cosc.brocku.ca/~rdegrande,L7cdSB0AAAAJ,0000-0000-0000-0000
Robson N. Fidalgo,UFPE,https://www.cin.ufpe.br/~rdnf,0-wmNIMAAAAJ,0000-0000-0000-0000
Robson do Nascimento Fidalgo,UFPE,https://www.cin.ufpe.br/~rdnf,0-wmNIMAAAAJ,0000-0000-0000-0000
Robyn R. Lutz,Iowa State University,http://www.cs.iastate.edu/~rlutz,sdVfpyQAAAAJ,0000-0001-5390-7982
Rocco A. Servedio,Columbia University,http://www.cs.columbia.edu/~rocco,vZrIrN4AAAAJ,0000-0003-2407-543X
Rocco Oliveto,University of Molise,https://dibt.unimol.it/staff/oliveto,8sCivdQAAAAJ,0000-0002-7995-8582
Roch Guérin,Washington University in St. Louis,https://www.cse.wustl.edu/~guerin,54w2_AcAAAAJ,0000-0002-8928-9984
Rocky Slavin,University of Texas at San Antonio,http://galadriel.cs.utsa.edu/~rslavin,Y4c96KkAAAAJ,0000-0003-1283-2595
Rod Dilnutt,University of Melbourne,https://findanexpert.unimelb.edu.au/profile/12147-rod-dilnutt,na0g1r8AAAAJ,0000-0000-0000-0000
Roded Sharan,Tel Aviv University,http://www.cs.tau.ac.il/~roded,64G5UgMAAAAJ,0000-0001-8363-4882
Roderich Gross,TU Darmstadt,https://www.informatik.tu-darmstadt.de/fb20/organisation_fb20/professuren_und_gruppenleitungen/index.en.jsp,s-Unqd8AAAAJ,0000-0003-1826-1375
Roderich Groß,TU Darmstadt,https://www.informatik.tu-darmstadt.de/fb20/organisation_fb20/professuren_und_gruppenleitungen/index.en.jsp,s-Unqd8AAAAJ,0000-0003-1826-1375
Roderick Bloem,Graz University of Technology,https://www.iaik.tugraz.at/content/about_iaik/people/bloem_roderick,Sv1AfEYAAAAJ,0000-0002-1411-5744
Roderick Murray-Smith,University of Glasgow,http://www.dcs.gla.ac.uk/~rod,laX7LzQAAAAJ,0000-0003-4228-7962
Roderick Paul Bloem,Graz University of Technology,https://www.iaik.tugraz.at/content/about_iaik/people/bloem_roderick,Sv1AfEYAAAAJ,0000-0000-0000-0000
Rodger Kibble,Goldsmiths University of London,https://www.gold.ac.uk/computing/staff/r-kibble,NOSCHOLARPAGE,0000-0000-0000-0000
Rodion M. Podorozhny,Texas State University,http://www.cs.txstate.edu/~rp31,NOSCHOLARPAGE,0000-0000-0000-0000
Rodney D. Nielsen,University of North Texas,http://www.cse.unt.edu/~nielsen,6GN3BG8AAAAJ,0000-0000-0000-0000
Rodney Nielsen,University of North Texas,http://www.cse.unt.edu/~nielsen,NOSCHOLARPAGE,0000-0000-0000-0000
Rodolfo Azevedo,UNICAMP,http://www.ic.unicamp.br/~rodolfo,yjK-jq0AAAAJ,0000-0002-8803-0401
Rodolfo F. Resende,UFMG,http://homepages.dcc.ufmg.br/~rodolfo,JuyaieQAAAAJ,0000-0000-0000-0000
Rodolfo Ferreira Resende,UFMG,http://homepages.dcc.ufmg.br/~rodolfo,JuyaieQAAAAJ,0000-0000-0000-0000
Rodolfo Jardim de Azevedo,UNICAMP,http://www.ic.unicamp.br/~rodolfo,yjK-jq0AAAAJ,0000-0000-0000-0000
Rodrigo Bonifácio,UFPE,https://rbonifacio.github.io,YegiOugAAAAJ,0000-0000-0000-0000
Rodrigo Bruno,Universidade de Lisboa,https://rodrigo-bruno.github.io,aNVwYMAAAAAJ,0000-0003-1578-5149
Rodrigo C. Barros,PUC-RS,http://www.pucrs.br/facin/programa-de-pos-graduacao-em-ciencia-da-computacao/corpo-docente,2vo62sIAAAAJ,0000-0002-0782-9482
Rodrigo Cardoso,Universidad de los Andes,https://profesores.virtual.uniandes.edu.co/rcardoso/es/inicio,NOSCHOLARPAGE,0000-0000-0000-0000
Rodrigo Castro,University of Buenos Aires,http://www.dc.uba.ar/People/rcastro,RyiXX3YAAAAJ,0000-0000-0000-0000
Rodrigo Coelho Barros,PUC-RS,http://www.pucrs.br/facin/programa-de-pos-graduacao-em-ciencia-da-computacao/corpo-docente,2vo62sIAAAAJ,0000-0000-0000-0000
Rodrigo D. Castro,University of Buenos Aires,http://www.dc.uba.ar/People/rcastro,RyiXX3YAAAAJ,0000-0000-0000-0000
Rodrigo Fernandes de Mello,USP-ICMC,http://conteudo.icmc.usp.br/pessoas/mello,DYjyZjgAAAAJ,0000-0000-0000-0000
Rodrigo G. F. Soares,UFPE,https://www.cin.ufpe.br/~rgfs,bxHKVogAAAAJ,0000-0000-0000-0000
Rodrigo M. M. Ventura,Universidade de Lisboa,http://users.isr.ist.utl.pt/~yoda/homepage,sftSuj8AAAAJ,0000-0002-5655-9562
Rodrigo Machado,UFRGS,https://www.inf.ufrgs.br/site/docente/rodrigo-machado,NOSCHOLARPAGE,0000-0000-0000-0000
Rodrigo N. Calheiros,Western Sydney University,https://www.westernsydney.edu.au/staff_profiles/WSU/associate_professor_rodrigo_neves_calheiros,Fj8MuyEAAAAJ,0000-0000-0000-0000
Rodrigo O. Spinola,Virginia Commonwealth University,https://egr.vcu.edu/directory/rodrigo.spinola,M-9bZggAAAAJ,0000-0000-0000-0000
Rodrigo Rodrigues 0001,Universidade de Lisboa,http://www.gsd.inesc-id.pt/~rodrigo,mxdX7FYAAAAJ,0000-0001-8367-4024
Rodrigo Sanches Miani,UFU,http://www.facom.ufu.br/~miani,nQF_Pk8AAAAJ,0000-0000-0000-0000
Rodrigo Seromenho Miragaia Rodrigues,Universidade de Lisboa,http://www.gsd.inesc-id.pt/~rodrigo,mxdX7FYAAAAJ,0000-0000-0000-0000
Rodrigo Toro Icarte,UC Chile,https://www.ing.uc.cl/academicos-e-investigadores/rodrigo-andres-toro-icarte,W9DykFMAAAAJ,0000-0000-0000-0000
Rodrigo Ventura 0001,Universidade de Lisboa,http://users.isr.ist.utl.pt/~yoda/homepage,sftSuj8AAAAJ,0000-0002-5655-9562
Rodrigo Zelir Azzolin,Federal University of Rio Grande,http://www.rodrigo.c3.furg.br,AaqPK4AAAAAJ,0000-0000-0000-0000
Rodrygo L. T. Santos,UFMG,http://homepages.dcc.ufmg.br/~rodrygo,NAyozE0AAAAJ,0000-0003-2921-8444
Roei Tell,University of Toronto,https://sites.google.com/site/roeitell,DvRAeQcAAAAJ,0000-0002-9693-9244
Roel C. de Vrijer,VU Amsterdam,http://www.cs.vu.nl/~rdv,NOSCHOLARPAGE,0000-0000-0000-0000
Roel Vertegaal,Queen’s University,http://www.hml.queensu.ca/people/roelvertegaal,H04FDWQAAAAJ,0000-0000-0000-0000
Roeland C. H. J. van Ham,TU Delft,https://www.tudelft.nl/ewi/over-de-faculteit/afdelingen/intelligent-systems/pattern-recognition-bioinformatics/the-delft-bioinformatics-lab/people/roeland-van-ham,2bJ-DgsAAAAJ,0000-0000-0000-0000
Roeland M. H. Merks,CWI,https://www.cwi.nl/people/2230,rLcMoaUAAAAJ,0000-0000-0000-0000
Roeland Merks,CWI,https://www.cwi.nl/people/2230,rLcMoaUAAAAJ,0000-0000-0000-0000
Rogelio Cardona-Rivera,University of Utah,http://rogel.io,04bZH_kAAAAJ,0000-0000-0000-0000
Rogelio E. Cardona-Rivera,University of Utah,http://rogel.io,04bZH_kAAAAJ,0000-0000-0000-0000
Rogelio Enrique Cardona-Rivera,University of Utah,http://rogel.io,04bZH_kAAAAJ,0000-0000-0000-0000
Roger A. Crawfis,Ohio State University,http://web.cse.ohio-state.edu/~crawfis,Id792TsAAAAJ,0000-0000-0000-0000
Roger Azevedo,University of Central Florida,https://www.ist.ucf.edu/People/Roger-Azevedo,gAFP2yQAAAAJ,0000-0002-5018-6232
Roger B. Grosse,University of Toronto,https://www.cs.toronto.edu/~rgrosse,xgQd1qgAAAAJ,0000-0000-0000-0000
Roger Baker Grosse,University of Toronto,https://www.cs.toronto.edu/~rgrosse,xgQd1qgAAAAJ,0000-0000-0000-0000
Roger Crawfis,Ohio State University,http://web.cse.ohio-state.edu/~crawfis,Id792TsAAAAJ,0000-0000-0000-0000
Roger D. Chamberlain,Washington University in St. Louis,https://www.ccrc.wustl.edu/~roger,fAw_t5EAAAAJ,0000-0000-0000-0000
Roger Dean Chamberlain,Washington University in St. Louis,https://www.ccrc.wustl.edu/~roger,fAw_t5EAAAAJ,0000-0000-0000-0000
Roger Espasa,Polytechnic Univ. of Catalonia,http://engineering.academickeys.com/browse_whoswho_by_institution/Polytechnic_University_of_Catalonia?&start=104,NOSCHOLARPAGE,0000-0000-0000-0000
Roger F. Woods,Queen's University Belfast,https://www.qub.ac.uk/schools/eeecs/Connect/Staff/BusinessCard/?name=r.woods,KXIxFesAAAAJ,0000-0001-6201-4270
Roger Grosse,University of Toronto,https://www.cs.toronto.edu/~rgrosse,xgQd1qgAAAAJ,0000-0000-0000-0000
Roger Johansson,Chalmers/GU,https://www.chalmers.se/en/staff/Pages/Roger-Johansson.aspx,8uyxqCQAAAAJ,0000-0000-0000-0000
Roger K. Moore,University of Sheffield,https://www.sheffield.ac.uk/dcs/people/academic/roger-moore,Ib1I-uAAAAAJ,0000-0000-0000-0000
Roger L. Wainwright,University of Tulsa,http://personal.utulsa.edu/~rogerw,NOSCHOLARPAGE,0000-0000-0000-0000
Roger Luis Uy,De La Salle University,https://www.dlsu.edu.ph/colleges/ccs/faculty-profile/single/?id=32742701038&command=GETPROFILE,4l3OqhwAAAAJ,0000-0000-0000-0000
Roger M. Whitaker,Cardiff University,https://www.cardiff.ac.uk/people/view/118176-whitaker-roger,NOSCHOLARPAGE,0000-0000-0000-0000
Roger Mailler,University of Tulsa,https://faculty.utulsa.edu/~/roger-mailler,No-tOxoAAAAJ,0000-0000-0000-0000
Roger N'Kambou,Université du Québec à Montréal,http://gdac.uqam.ca/nkambou,qBEFCVAAAAAJ,0000-0000-0000-0000
Roger Nkambou,Université du Québec à Montréal,http://gdac.uqam.ca/nkambou,qBEFCVAAAAAJ,0000-0000-0000-0000
Roger T. Hartley,New Mexico State University,http://www.cs.nmsu.edu/~rth/publications/Publications.html,XpI0EjcAAAAJ,0000-0000-0000-0000
Roger Villemaire,Université du Québec à Montréal,https://professeurs.uqam.ca/professeur/villemaire.roger,RuCQLRwAAAAJ,0009-0008-9222-885X
Roger Wattenhofer,ETH Zurich,https://disco.ethz.ch,EG3VPm4AAAAJ,0000-0002-6339-3134
Roger Zimmermann,National University of Singapore,https://www.comp.nus.edu.sg/~rogerz/roger.html,IDREwXEAAAAJ,0000-0002-7410-2590
Rogers Mathew,IIT Hyderabad,https://iith.ac.in/~rogers,-euQnQYAAAAJ,0000-0000-0000-0000
Roghayeh Barmaki,University of Delaware,https://www.cis.udel.edu/people/faculty-profile/?id=263,vS0MhokAAAAJ,0000-0000-0000-0000
Rogério de Lemos,University of Kent,https://www.cs.kent.ac.uk/people/staff/rdl,gq9hIiAAAAAJ,0000-0002-0281-6308
Rohan Basu Roy,University of Utah,https://rohanbasuroy.github.io,Pm6kh38AAAAJ,0000-0002-1082-9846
Rohan Chandra,University of Virginia,https://engineering.virginia.edu/faculty/rohan-chandra,uOIgTt8AAAAJ,0000-0003-4843-6375
Rohan Padhye,Carnegie Mellon University,https://rohan.padhye.org,XI03UxYAAAAJ,0000-0003-4939-033X
Rohan Paul,IIT Delhi,https://www.cse.iitd.ac.in/~rohanpaul,Cgp-L2UAAAAJ,0000-0000-0000-0000
Rohini K. Srihari,University at Buffalo,https://cse.buffalo.edu/~rohini,Uttu9kkAAAAJ,0000-0000-0000-0000
Rohit Babbar,Aalto University,https://research.aalto.fi/en/persons/rohit-babbar,QsqvuGsAAAAJ,0000-0002-3787-8971
Rohit Chadha,University of Missouri,https://engineering.missouri.edu/faculty/rohit-chadha,NC5SnUcAAAAJ,0000-0002-1674-1650
Rohit Gurjar,IIT Bombay,https://www.cse.iitb.ac.in/~rgurjar,dtbKJVUAAAAJ,0000-0002-8623-0872
Rohit Parikh,CUNY,http://www.sci.brooklyn.cuny.edu/cis/parikh,UrXap5MAAAAJ,0000-0000-0000-0000
Rohit Singh 0001,Duke University,https://singhlab.net,N65pn8kAAAAJ,0000-0002-4084-7340
Rohit Vaish,IIT Delhi,https://rohitvaish.in,GqHUPT0AAAAJ,0000-0002-4417-3718
Rohith Venkatakrishnan,University of Central Florida,https://www.cs.ucf.edu/person/rohithvenkatakrishnan,WJNAMRUAAAAJ,0000-0002-8484-3915
Roi Livni,Tel Aviv University,https://www.tau.ac.il/~rlivni,xhU85M4AAAAJ,0000-0000-0000-0000
Roi Reichart,Technion,https://ie.technion.ac.il/~roiri,xXJIsh4AAAAJ,0000-0000-0000-0000
Roi Weiss,Ariel University,https://pniot.ariel.ac.il/Projects/trp/GeneralInformation.asp?numRec=727&id_lang=1,w3ieXocAAAAJ,0000-0000-0000-0000
Roi Yozevitch,Ariel University,https://cris.ariel.ac.il/en/persons/roi-yozevitch,VrAH3pIAAAAJ,0000-0000-0000-0000
Roie Levin,Rutgers University,https://roielevin.com,RxbhQBcAAAAJ,0000-0003-2907-7186
Roie Zivan,Ben-Gurion University of the Negev,http://www.bgu.ac.il/~zivanr,NOSCHOLARPAGE,0000-0000-0000-0000
Roisin McNaney,Monash University,https://research.monash.edu/en/persons/roisin-mcnaney,M6I1uSAAAAAJ,0000-0003-3761-296X
Roland Bless,Karlsruhe Inst. of Technology,https://telematics.tm.kit.edu/staff_bless.php,bGTAgfYAAAAJ,0000-0002-1651-1548
Roland Carl Backhouse,University of Nottingham,https://www.nottingham.ac.uk/computerscience/people/roland.backhouse,tksgOiYAAAAJ,0000-0000-0000-0000
Roland Grappe,Université Paris Dauphine,https://www.lamsade.dauphine.fr/~rgrappe,NOSCHOLARPAGE,0000-0002-7093-2175
Roland H. C. Yap,National University of Singapore,https://www.comp.nus.edu.sg/~ryap,NOSCHOLARPAGE,0000-0002-1188-7474
Roland Herzog,Heidelberg University,https://scoop.iwr.uni-heidelberg.de/team/rherzog,sKRnoKsAAAAJ,0000-0000-0000-0000
Roland Kwitt,University of Salzburg,https://rkwitt.github.io,sfGFi6UAAAAJ,0000-0001-9947-4465
Roland Meyer 0001,TU Braunschweig,https://www.tcs.cs.tu-bs.de/group/meyer,zRo3ZJ4AAAAJ,0000-0001-8495-671X
Roland N. Bol,Uppsala University,http://user.it.uu.se/~rolandb,NOSCHOLARPAGE,0000-0000-0000-0000
Roland T. Chin,HKUST,https://www.cse.ust.hk/~roland,NOSCHOLARPAGE,0000-0000-0000-0000
Roland Wismüller,University of Siegen,https://www.bs.informatik.uni-siegen.de/mitarbeiter/wismueller/index_html,NOSCHOLARPAGE,0000-0000-0000-0000
Roland van Rijswijk-Deij,University of Twente,https://research.utwente.nl/en/persons/9861b98e-09a6-43d7-be97-f869898f0a8b,mcfGEsgAAAAJ,0000-0002-0249-8776
Rolando Estrada,Georgia State University,https://grid.cs.gsu.edu/~restrada1,chojFxIAAAAJ,0000-0000-0000-0000
Rolf Backofen,University of Freiburg,http://www.bioinf.uni-freiburg.de/~backofen,ZCTrqQkAAAAJ,0000-0001-8231-3323
Rolf Drechsler,University of Bremen,http://www.informatik.uni-bremen.de/agra/eng/team.php,9v_MAAIAAAAJ,0000-0002-9872-1740
Rolf H. Krause,Università della Svizzera italiana,http://search.usi.ch/people/385ec98e41e4068a2f61ba6cdbf33c9d/Krause-Rolf,NOSCHOLARPAGE,0000-0000-0000-0000
Rolf Hennicker,LMU Munich,https://www.sosy-lab.org/people/hennicker,NOSCHOLARPAGE,0000-0000-0000-0000
Rolf Kraemer,Brandenburg Univ. of Technology,https://www.b-tu.de/fg-systeme/team/professor,-rT-Qp0AAAAJ,0000-0000-0000-0000
Rolf Krause,Università della Svizzera italiana,http://search.usi.ch/people/385ec98e41e4068a2f61ba6cdbf33c9d/Krause-Rolf,NOSCHOLARPAGE,0000-0001-5408-5271
Rolf Niedermeier,TU Berlin,https://www.akt.tu-berlin.de/index.php?id=110570,NC3NEUkAAAAJ,0000-0003-1703-1236
Rolf Snedsböl,Chalmers/GU,https://www.chalmers.se/en/staff/Pages/rolf.aspx,NOSCHOLARPAGE,0000-0000-0000-0000
Rolf Stadler,KTH Royal Inst. of Technology,https://www.kth.se/profile/stadler,y7lELJMAAAAJ,0000-0000-0000-0000
Rolf Wanka,University of Erlangen–Nuremberg,https://www12.informatik.uni-erlangen.de/people/rwanka,GU_nblQAAAAJ,0000-0000-0000-0000
Rolf-Rainer Grigat,Hamburg University of Technology,https://www.tuhh.de/bvs/institut/home.html,NOSCHOLARPAGE,0000-0000-0000-0000
Rom Langerak,University of Twente,https://research.utwente.nl/en/persons/1d7eb6b6-b528-4a63-bacb-67c85473ab9d,AuNw4RYAAAAJ,0000-0002-1955-5183
Roma Maguire,University of Strathclyde,https://pureportal.strath.ac.uk/en/persons/roma-maguire/publications,NOSCHOLARPAGE,0000-0000-0000-0000
Romain Lopez,New York University,https://romain-lopez.github.io,0AtmeCYAAAAJ,0000-0000-0000-0000
Romain Rouvoy,CRIStAL,http://romain.rouvoy.fr,U3217h0AAAAJ,0000-0003-1771-8791
Roman Barták,Charles University,https://ktiml.mff.cuni.cz/~bartak,NOSCHOLARPAGE,0000-0002-6717-8175
Roman Bauer 0001,University of Surrey,https://www.surrey.ac.uk/people/roman-bauer,VCrrvZcAAAAJ,0000-0002-7268-9359
Roman Beck,IT University of Copenhagen,https://pure.itu.dk/portal/en/persons/roman-beck(d72cc0d6-fe4f-4392-bf88-243e5d7e36e5).html,ZbDAIXUAAAAJ,0000-0000-0000-0000
Roman Belavkin,Middlesex University,http://www.eis.mdx.ac.uk/staffpages/rvb,EYJhJ1oAAAAJ,0000-0000-0000-0000
Roman Dumitrescu,Paderborn University,http://www.hni.uni-paderborn.de/ase,KS0eiXYAAAAJ,0000-0000-0000-0000
Roman Garnett,Washington University in St. Louis,https://www.cse.wustl.edu/~garnett,CUkAtC4AAAAJ,0000-0002-0152-5453
Roman Kern,Graz University of Technology,http://kti.tugraz.at/staff/rkern/about,5R14JLcAAAAJ,0000-0003-0202-6100
Roman Klinger,University of Bamberg,https://www.uni-bamberg.de/en/nlproc/team/prof-dr-roman-klinger,1flvefwAAAAJ,0000-0002-2014-6619
Roman Kontchakov,Birkbeck University of London,https://www.dcs.bbk.ac.uk/about/people/academic-staff/roman,i9GOeLUAAAAJ,0000-0002-9349-9159
Roman Obermaisser,University of Siegen,https://networked-embedded.de/es/index.php/staff.html,py_vtrcAAAAJ,0009-0002-4483-1503
Roman V. Belavkin,Middlesex University,http://www.eis.mdx.ac.uk/staffpages/rvb,EYJhJ1oAAAAJ,0000-0000-0000-0000
Roman V. Yampolskiy,University of Louisville,http://cecs.louisville.edu/ry,0_Rq68cAAAAJ,0000-0000-0000-0000
Roman Yampolskiy,University of Louisville,http://cecs.louisville.edu/ry,0_Rq68cAAAAJ,0000-0000-0000-0000
Romi Banerjee,IIT Jodhpur,https://sites.google.com/site/romibitsnbob/home,BiSvmeMAAAAJ,0000-0000-0000-0000
Romina Spalazzese,Malmö University,https://www.rominaspalazzese.com,gXtk7Y0AAAAJ,0000-0000-0000-0000
Romit Roy Choudhury,Univ. of Illinois at Urbana-Champaign,http://croy.web.engr.illinois.edu,dq2wG-AAAAAJ,0000-0000-0000-0000
Ron Alterovitz,University of North Carolina,https://www.cs.unc.edu/~ron,NOSCHOLARPAGE,0000-0000-0000-0000
Ron Baecker,University of Toronto,http://ron.taglab.ca,NOSCHOLARPAGE,0000-0000-0000-0000
Ron Brachman,Cornell University,http://brachman.org,NOSCHOLARPAGE,0000-0000-0000-0000
Ron Brachman [Tech],Cornell University,http://brachman.org,NOSCHOLARPAGE,0000-0000-0000-0000
Ron Chrisley,University of Sussex,http://www.sussex.ac.uk/informatics/people/peoplelists/person/476,9Cy00wEAAAAJ,0000-0000-0000-0000
Ron Cytron,Washington University in St. Louis,https://www.cs.wustl.edu/~cytron,NOSCHOLARPAGE,0000-0000-0000-0000
Ron Day,Indiana University,https://info.sice.indiana.edu/~roday,hJsSfQkAAAAJ,0000-0000-0000-0000
Ron Eglash,Rensselaer Polytechnic Institute,http://www.rpi.edu/~eglash/eglash.htm,gNUtbNUAAAAJ,0000-0003-1354-1300
Ron Fedkiw,Stanford University,http://cs.stanford.edu/~fedkiw,OoItXTkAAAAJ,0000-0000-0000-0000
Ron G. van Schyndel,RMIT University,https://www.rmit.edu.au/contact/staff-contacts/academic-staff/v/van-schyndel-dr-ron,Ahvs0CsAAAAJ,0000-0000-0000-0000
Ron Goldman 0002,Rice University,https://www.cs.rice.edu/~rng,6Vv8ZGAAAAAJ,0000-0000-0000-0000
Ron K. Cytron,Washington University in St. Louis,https://www.cs.wustl.edu/~cytron,NOSCHOLARPAGE,0009-0009-5915-602X
Ron Kikinis,University of Bremen,http://www.mic.uni-bremen.de/cmt-management-team/ron-kikinis,n01L0mEAAAAJ,0000-0000-0000-0000
Ron Kimmel,Technion,http://www.cs.technion.ac.il/~ron,yV7LaW8AAAAJ,0000-0002-3180-7961
Ron Lavi,Technion,http://ronlavi.net.technion.ac.il,r8NO774AAAAJ,0000-0002-5215-5165
Ron Levie,Technion,https://sites.google.com/view/ronlevie/home,5M94lRgAAAAJ,0000-0000-0000-0000
Ron M. Roth,Technion,http://ronny.cswp.cs.technion.ac.il,NOSCHOLARPAGE,0000-0000-0000-0000
Ron Meir,Technion,https://ronmeir.net.technion.ac.il,r3NAa9oAAAAJ,0000-0000-0000-0000
Ron Metoyer,University of Notre Dame,https://engineering.nd.edu/profiles/rmetoyer,GgKnNwEAAAAJ,0000-0000-0000-0000
Ron O. Dror,Stanford University,http://cs.stanford.edu/people/rondror,GTmdNU0AAAAJ,0000-0002-6418-2793
Ron Poet,University of Glasgow,http://www.dcs.gla.ac.uk/~ron,NOSCHOLARPAGE,0000-0000-0000-0000
Ron Rivest,Massachusetts Inst. of Technology,http://people.csail.mit.edu/rivest,6qE0tdAAAAAJ,0000-0000-0000-0000
Ron Rothblum,Technion,https://csaws.cs.technion.ac.il/~rothblum,8_Pony0AAAAJ,0000-0000-0000-0000
Ron Shamir,Tel Aviv University,http://www.cs.tau.ac.il/~rshamir,ri4rEPMAAAAJ,0000-0003-1889-9870
Ron Steinfeld,Monash University,https://research.monash.edu/en/persons/ron-steinfeld,Xv7eWKcAAAAJ,0000-0003-1745-4183
Ron Weiss,Massachusetts Inst. of Technology,https://be.mit.edu/directory/ron-weiss,_VhMIOIAAAAJ,0000-0000-0000-0000
Ron Y. Pinter,Technion,http://www.cs.technion.ac.il/~pinter,JaMJZ6EAAAAJ,0000-0000-0000-0000
Ron van der Meyden,UNSW,http://www.cse.unsw.edu.au/~meyden,gIO3pCgAAAAJ,0000-0002-9243-0571
Ronak Etemadpour,CUNY,https://www.ccny.cuny.edu/profiles/ronak-etemadpour,KMaxQlkAAAAJ,0000-0000-0000-0000
Ronald (Ron) M. Baecker,University of Toronto,http://ron.taglab.ca,NOSCHOLARPAGE,0000-0000-0000-0000
Ronald A. Metoyer,University of Notre Dame,https://engineering.nd.edu/profiles/rmetoyer,GgKnNwEAAAAJ,0000-0003-2206-1720
Ronald A. Rensink,University of British Columbia,https://www.cs.ubc.ca/~rensink,s_5xXxQXpU0C,0000-0002-4105-8845
Ronald Baecker,University of Toronto,http://ron.taglab.ca,NOSCHOLARPAGE,0000-0000-0000-0000
Ronald Beaubrun,Université Laval,https://monarc.ift.ulaval.ca,NOSCHOLARPAGE,0000-0000-0000-0000
Ronald Clark,University of Oxford,https://www.cs.ox.ac.uk/people/ronald.clark,0bzqo0YAAAAJ,0000-0000-0000-0000
Ronald Cools,KU Leuven,https://people.cs.kuleuven.be/~ronald.cools,DcaHlZMAAAAJ,0000-0000-0000-0000
Ronald Cramer,CWI,http://homepages.cwi.nl/~cramer,Hxj1rlgAAAAJ,0000-0000-0000-0000
Ronald D. Dutton,University of Central Florida,http://www.cs.ucf.edu/~dutton,NOSCHOLARPAGE,0000-0000-0000-0000
Ronald D. Sass,UNC - Charlotte,https://ece.charlotte.edu/directory/dr-ronald-sass-phd,NOSCHOLARPAGE,0000-0000-0000-0000
Ronald Day,Indiana University,https://info.sice.indiana.edu/~roday,hJsSfQkAAAAJ,0000-0000-0000-0000
Ronald Dreslinski Jr.,University of Michigan,https://web.eecs.umich.edu/~rdreslin,4O-rMYEAAAAJ,0000-0000-0000-0000
Ronald E. Day,Indiana University,https://info.sice.indiana.edu/~roday,hJsSfQkAAAAJ,0000-0000-0000-0000
Ronald E. Parr,Duke University,https://users.cs.duke.edu/~parr,b-GJ3QIAAAAJ,0000-0000-0000-0000
Ronald F. DeMara,University of Central Florida,http://cal.ucf.edu,jZpJNhoAAAAJ,0000-0001-6864-7255
Ronald Fedkiw,Stanford University,http://cs.stanford.edu/~fedkiw,OoItXTkAAAAJ,0000-0000-0000-0000
Ronald Freund,TU Berlin,https://www.eecs.tu-berlin.de/menue/einrichtungen/professuren/professorinnen/freund,aMbbTOEAAAAJ,0000-0000-0000-0000
Ronald G. Dreslinski,University of Michigan,https://web.eecs.umich.edu/~rdreslin,4O-rMYEAAAAJ,0000-0003-4188-4650
Ronald Garcia,University of British Columbia,http://www.cs.ubc.ca/~rxg,QqnkA2IAAAAJ,0000-0002-0982-1118
Ronald J. Brachman,Cornell University,http://brachman.org,NOSCHOLARPAGE,0000-0000-0000-0000
Ronald L. Chrisley,University of Sussex,http://www.sussex.ac.uk/informatics/people/peoplelists/person/476,9Cy00wEAAAAJ,0000-0000-0000-0000
Ronald L. Rivest,Massachusetts Inst. of Technology,http://people.csail.mit.edu/rivest,6qE0tdAAAAAJ,0000-0000-0000-0000
Ronald L. Westra,Maastricht University,https://dke.maastrichtuniversity.nl/ronald.westra,aL1iCW4AAAAJ,0000-0000-0000-0000
Ronald Lyndon While,University of Western Australia,http://uwa.edu.au/people/lyndon.while,NOSCHOLARPAGE,0000-0000-0000-0000
Ronald M. Baecker,University of Toronto,http://ron.taglab.ca,NOSCHOLARPAGE,0000-0000-0000-0000
Ronald Martin,Augusta University,https://www.augusta.edu/faculty/directory/view.php?id=RMARTI16,NOSCHOLARPAGE,0000-0000-0000-0000
Ronald N. Goldman,Rice University,https://www.cs.rice.edu/~rng,6Vv8ZGAAAAAJ,0000-0000-0000-0000
Ronald P. A. Petrick,Heriot-Watt University,https://www.hw.ac.uk/staff/uk/macs/ron-petrick.htm,xbfb8YgAAAAJ,0000-0000-0000-0000
Ronald Parr,Duke University,https://users.cs.duke.edu/~parr,b-GJ3QIAAAAJ,0000-0000-0000-0000
Ronald Poppe,Utrecht University,https://www.uu.nl/staff/RWPoppe,khmLnVIAAAAJ,0000-0002-0843-7878
Ronald Rosenfeld,Carnegie Mellon University,http://www.cs.cmu.edu/~roni,ct3WjtoAAAAJ,0000-0002-3274-5862
Ronald S. Fearing,Univ. of California - Berkeley,https://robotics.eecs.berkeley.edu/~ronf,mx9gMZ4AAAAJ,0000-0001-6242-5379
Ronald Vullo,Rochester Inst. of Technology,http://ist.rit.edu/~rpv,NOSCHOLARPAGE,0000-0000-0000-0000
Ronald W. Poppe,Utrecht University,https://www.uu.nl/staff/RWPoppe,khmLnVIAAAAJ,0000-0000-0000-0000
Ronald de Haan,University of Amsterdam,https://staff.science.uva.nl/r.dehaan,r_PMdJEAAAAJ,0000-0000-0000-0000
Ronald de Wolf,CWI,http://homepages.cwi.nl/~rdewolf,0tUCIPwAAAAJ,0000-0000-0000-0000
Ronaldo A. Ferreira,UFMS,https://www.facom.ufms.br/~raf,WlY9jd8AAAAJ,0000-0002-9144-7187
Ronaldo Alves Ferreira,UFMS,https://www.facom.ufms.br/~raf,WlY9jd8AAAAJ,0000-0002-9144-7187
Ronaldo Fumio Hashimoto,USP,http://www.ime.usp.br/~ronaldo,SBu22bUAAAAJ,0000-0002-6399-8790
Ronaldo Menezes,Florida Institute of Technology,https://cs.fit.edu/~rmenezes/Home.html,eHej2g8AAAAJ,0000-0002-6479-6429
Ronen Basri,Weizmann Institute of Science,https://www.weizmann.ac.il/pages/search/people?language=english&single=1&person_id=12111,d6vuvHIAAAAJ,0000-0000-0000-0000
Ronen I. Brafman,Ben-Gurion University of the Negev,https://www.cs.bgu.ac.il/~brafman,FRxsXjcAAAAJ,0000-0001-8227-5646
Ronen Shaltiel,University of Haifa,https://cs.haifa.ac.il/~ronen,P_q1TRgAAAAJ,0000-0002-5182-593X
Rong Chen 0001,Shanghai Jiao Tong University,http://ipads.se.sjtu.edu.cn/~rchen,kcGU8aoAAAAJ,0000-0002-6115-8130
Rong Ge 0001,Duke University,https://users.cs.duke.edu/~rongge,MVxcjEoAAAAJ,0000-0000-0000-0000
Rong Ge 0002,Clemson University,https://people.cs.clemson.edu/~rge,TWALAzsAAAAJ,0000-0002-2218-3675
Rong Peng,Wuhan University,https://cs.whu.edu.cn/info/1019/2951.htm,NOSCHOLARPAGE,0000-0000-0000-0000
Rong Qu,University of Nottingham,https://www.nottingham.ac.uk/computerscience/people/rong.qu,DubfkQ8AAAAJ,0000-0000-0000-0000
Rong Xie,Wuhan University,https://cs.whu.edu.cn/info/1019/2883.htm,NOSCHOLARPAGE,0000-0000-0000-0000
Rong Zheng 0001,McMaster University,http://www.cas.mcmaster.ca/~rzheng,hO6xhakAAAAJ,0000-0003-4070-075X
Rong-Jaye Chen,National Chiao Tung University,http://www.cs.nctu.edu.tw/~rjchen,NOSCHOLARPAGE,0000-0000-0000-0000
Rongfang Wang,Xidian University,https://web.xidian.edu.cn/rfwang,OSTHVJYAAAAJ,0000-0000-0000-0000
Ronghua Shang,Xidian University,https://web.xidian.edu.cn/rhshang,SYcWIJEAAAAJ,0000-0000-0000-0000
Ronghua Shi,Central South University,https://faculty.csu.edu.cn/shironghua/zh_CN/index.htm,NOSCHOLARPAGE,0000-0000-0000-0000
Ronghui Gu,Columbia University,https://www.cs.columbia.edu/~rgu,5WLG7j8AAAAJ,0000-0002-6812-6182
Rongqing Hui,University of Kansas,http://www.ittc.ku.edu/~hui,c273BNoAAAAJ,0000-0002-0710-3518
Rongrong Ji,Xiamen University,https://mac.xmu.edu.cn/rrji,lRSD7PQAAAAJ,0000-0001-9163-2932
Rongxin Wu,Xiamen University,https://wurongxin1987.github.io/wurongxin.xmu.edu.cn,xdxTt38AAAAJ,0000-0002-4648-3795
Rongxing Lu,University of New Brunswick,http://www.cs.unb.ca/~rlu1,DeBXK0UAAAAJ,0000-0000-0000-0000
Rongye Shi,Beihang University,https://rongyeshi.github.io,F97pRpkAAAAJ,0000-0000-0000-0000
Roni Khardon,Indiana University,http://homes.sice.indiana.edu/rkhardon,ymCi4oEAAAAJ,0000-0000-0000-0000
Roni Rosenfeld,Carnegie Mellon University,http://www.cs.cmu.edu/~roni,vrbjXlMAAAAJ,0000-0002-3274-5862
Roni Sengupta,University of North Carolina,https://cs.unc.edu/person/roni-sengupta,Id8SJl8AAAAJ,0000-0001-5914-3469
Roni Stern,Ben-Gurion University of the Negev,http://www.bgu.ac.il/~sternron,vQG9AkQAAAAJ,0000-0003-0043-8179
Roni Tzvi Stern,Ben-Gurion University of the Negev,http://www.bgu.ac.il/~sternron,vQG9AkQAAAAJ,0000-0000-0000-0000
Ronitt Rubinfeld,Massachusetts Inst. of Technology,http://people.csail.mit.edu/ronitt,pZhZndYAAAAJ,0000-0002-4353-7639
Ronnie E. S. Santos,University of Calgary,https://www.drdesouzasantos.ca,wYfnBrYAAAAJ,0000-0000-0000-0000
Ronny Meir,Technion,https://ronmeir.net.technion.ac.il,r3NAa9oAAAAJ,0000-0000-0000-0000
Roopa Vishwanathan,New Mexico State University,https://www.cs.nmsu.edu/~roopa,o6jDwowAAAAJ,0000-0000-0000-0000
Roope Raisamo,Tampere University,https://www.tuni.fi/en/roope-raisamo,KJr447YAAAAJ,0000-0003-3276-7866
Roozbeh Jafari,Texas A&M University,http://jafari.tamu.edu/rjafari,ZKg1UKwAAAAJ,0000-0002-6358-0458
Roque Marín,University of Murcia,http://perseo.inf.um.es/~roque,1UhXRsUAAAAJ,0000-0000-0000-0000
Roque Meseguer Pallares,Polytechnic Univ. of Catalonia,https://www.ac.upc.edu/en/content/meseguer,NOSCHOLARPAGE,0000-0000-0000-0000
Rory A. Lewis,UCCS,https://www.rorylewis.com,MclvcTIAAAAJ,0000-0000-0000-0000
Rory C. Flemmer,Massey University,https://www.massey.ac.nz/massey/learning/colleges/college-of-sciences/staff-profile.cfm?stref=240930,NOSCHOLARPAGE,0000-0000-0000-0000
Rosa I. Arriaga,Georgia Institute of Technology,https://sites.google.com/view/riarriaga/home,TaR3dq4AAAAJ,0000-0002-8642-7245
Rosa M. M. Leão,UFRJ,http://www.cos.ufrj.br/index.php/pt-BR/pessoas/details/18/1050-rosa,l1BE1DAAAAAJ,0000-0000-0000-0000
Rosa Maria Meri Leão,UFRJ,http://www.cos.ufrj.br/index.php/pt-BR/pessoas/details/18/1050-rosa,l1BE1DAAAAAJ,0000-0000-0000-0000
Rosa Maria Vicari,UFRGS,http://inf.ufrgs.br/~rosa,XsX10SQAAAAJ,0000-0000-0000-0000
Rosa Maria Viccari,UFRGS,http://inf.ufrgs.br/~rosa,XsX10SQAAAAJ,0000-0000-0000-0000
Rosa Vicari,UFRGS,http://inf.ufrgs.br/~rosa,XsX10SQAAAAJ,0000-0000-0000-0000
Rosalba Zizza,University of Salerno,http://www.di.unisa.it/professori/zizza,NOSCHOLARPAGE,0000-0000-0000-0000
Rosalee Wolfe,DePaul University,http://www.cdm.depaul.edu/about/Pages/People/facultyinfo.aspx?fid=946,S-RYbV0AAAAJ,0000-0000-0000-0000
Rosana T. V. Braga,USP-ICMC,http://conteudo.icmc.usp.br/pessoas/rtvb,hib1SKYAAAAJ,0000-0000-0000-0000
Rosana T. Vaccare Braga,USP-ICMC,http://conteudo.icmc.usp.br/pessoas/rtvb,hib1SKYAAAAJ,0000-0000-0000-0000
Rosana Teresinha Vaccare Braga,USP-ICMC,http://conteudo.icmc.usp.br/pessoas/rtvb,hib1SKYAAAAJ,0000-0000-0000-0000
Rosane Minghim,USP-ICMC,http://www.lcad.icmc.usp.br/~rosane,TodwpSwAAAAJ,0000-0002-4799-8774
Rosanna Bellini,New York University,https://www.rosiebellini.com,Q_xsCXcAAAAJ,0000-0002-2223-2801
Rosario Gennaro,CUNY,http://www-cs.ccny.cuny.edu/~rosario,YAZHNDUAAAAJ,0000-0002-3297-3750
Rosario Giustolisi,IT University of Copenhagen,https://pure.itu.dk/portal/en/persons/rosario-giustolisi(62db65c9-470c-472f-b039-6c4a704ef170).html,NOSCHOLARPAGE,0000-0002-2917-9601
Rose Yu,Univ. of California - San Diego,http://roseyu.com,4HTITaMAAAAJ,0000-0002-8491-7937
Roseli A. F. Romero,USP-ICMC,http://conteudo.icmc.usp.br/pessoas/rafrance,pdtTa-8AAAAJ,0000-0000-0000-0000
Roseli A. Francelin Romero,USP-ICMC,http://conteudo.icmc.usp.br/pessoas/rafrance,pdtTa-8AAAAJ,0000-0000-0000-0000
Roseli Aparecida Francelin Romero,USP-ICMC,http://conteudo.icmc.usp.br/pessoas/rafrance,pdtTa-8AAAAJ,0000-0000-0000-0000
Roshan Ayyalasomayajula,University at Buffalo,https://cse.buffalo.edu/~roshana,j1BjHf0AAAAJ,0000-0000-0000-0000
Roshan Dharshana Yapa,University of Peradeniya,https://sci.pdn.ac.lk/scs/staff/Roshan-Yapa,hfEXzKYAAAAJ,0000-0000-0000-0000
Roshan G. Ragel,University of Peradeniya,https://people.ce.pdn.ac.lk/staff/academic/roshan-ragel,UTYj8usAAAAJ,0000-0002-4511-2335
Roshan L. Peiris,Rochester Inst. of Technology,https://www.rit.edu/directory/rxpics-roshan-peiris,cVEUHIIAAAAJ,0000-0002-4191-3565
Roshan Venkatakrishnan,University of Central Florida,https://www.cs.ucf.edu/person/roshanvenkatakrishnan,lW3IM5YAAAAJ,0000-0002-6538-627X
Roshni Chakraborty,University of Tartu,https://www.etis.ee/CV/Roshni_Chakraborty/eng,9yWBPqoAAAAJ,0000-0000-0000-0000
Rosli Bin Salleh,University of Malaya,https://umexpert.um.edu.my/rosli_salleh,6SFSABkAAAAJ,0000-0000-0000-0000
Rosli Salleh,University of Malaya,https://umexpert.um.edu.my/rosli_salleh,6SFSABkAAAAJ,0000-0000-0000-0000
Ross D. King,University of Manchester,https://www.research.manchester.ac.uk/portal/ross.king.html,BgZp7XcAAAAJ,0000-0001-7208-4387
Ross Maciejewski,Arizona State University,http://rmaciejewski.faculty.asu.edu,nChgOjEAAAAJ,0000-0001-8803-6355
Ross Paterson,City University of London,https://www.city.ac.uk/people/academics/ross-paterson,p-9vNkIAAAAJ,0000-0000-0000-0000
Ross T. Whitaker,University of Utah,http://www.cs.utah.edu/~whitaker,FaOZ6EMAAAAJ,0000-0000-0000-0000
Rossano Venturini,University of Pisa,http://pages.di.unipi.it/rossano,FhcyCswAAAAJ,0000-0002-9830-3936
Rosta Farzan,University of Pittsburgh,http://rosta-farzan.net,uQTkheYAAAAJ,0000-0000-0000-0000
Rotem Oshman,Tel Aviv University,http://www.cs.tau.ac.il/~roshman,NOSCHOLARPAGE,0009-0007-5065-5557
Routo Terada,USP,http://www.ime.usp.br/~rt,NH6zsPUAAAAJ,0000-0000-0000-0000
Roxana Geambasu,Columbia University,https://roxanageambasu.github.io,NOSCHOLARPAGE,0009-0004-5209-9206
Roy A. Ruddle,University of Leeds,https://eps.leeds.ac.uk/computing/staff/257/professor-roy-ruddle,QE6gxWYAAAAJ,0000-0001-8662-8103
Roy Adams,Johns Hopkins University,https://royadams.github.io,M5yRbdMAAAAJ,0000-0000-0000-0000
Roy Fox,Univ. of California - Irvine,https://roydfox.com,FH9nKOAAAAAJ,0000-0000-0000-0000
Roy Friedman,Technion,http://www.cs.technion.ac.il/~roy,qhJgyt4AAAAJ,0000-0001-6460-9665
Roy Ka-Wei Lee,SUTD,https://istd.sutd.edu.sg/people/faculty/roy-lee,uQxdOlsAAAAJ,0000-0002-1986-7750
Roy M. Turner,University of Maine,https://umaine.edu/scis/faculty-and-staff/roy-m-turner,smEVZp4AAAAJ,0000-0000-0000-0000
Roy Maxion,Carnegie Mellon University,http://www.cs.cmu.edu/~maxion,2buw6_IAAAAJ,0000-0000-0000-0000
Roy P. Pargas,Clemson University,https://people.cs.clemson.edu/~pargas,NOSCHOLARPAGE,0000-0000-0000-0000
Roy Poranne,University of Haifa,https://inf.ethz.ch/personal/poranner,xC6XLaYAAAAJ,0000-0000-0000-0000
Roy Schwartz 0001,Hebrew University of Jerusalem,https://schwartz-lab-huji.github.io,wvfWo9IAAAAJ,0000-0002-5351-6209
Roy Schwartz 0002,Technion,http://www.cs.technion.ac.il/people/schwartz,VTvD_YQAAAAJ,0000-0000-0000-0000
Roya Ensafi,University of Michigan,https://ensa.fi,1eDQjxcAAAAJ,0000-0003-2188-8267
Rozenn Dahyot,Maynooth University,https://roznn.github.io,nUbM7GYAAAAJ,0000-0003-0983-3052
Rozita A. Dara,University of Guelph,http://www.uoguelph.ca/~drozita/members,NOSCHOLARPAGE,0000-0000-0000-0000
Rozita Dara,University of Guelph,http://www.uoguelph.ca/~drozita/members,NOSCHOLARPAGE,0000-0000-0000-0000
Rrezarta Krasniqi,UNC - Charlotte,https://cci.charlotte.edu/people/rrezarta-krasniqi,r_Wi0GYAAAAJ,0000-0000-0000-0000
Ruba Abu-Salma,King's College London,https://www.kcl.ac.uk/people/ruba-abu-salma,0X6B3fEAAAAJ,0000-0002-5316-9956
Rubby Casallas,Universidad de los Andes,https://profesores.virtual.uniandes.edu.co/rcasalla/es/inicio,WVzxlbUAAAAJ,0000-0000-0000-0000
Rubem P. Mondaini,UFRJ,http://www.cos.ufrj.br/index.php/pt-BR/pessoas/details/18/1051-mondaini,NOSCHOLARPAGE,0000-0000-0000-0000
Ruben A. Gamboa,University of Wyoming,https://www.uwyo.edu/cosc/cosc-directory/ruben/index.html,wFHEcsgAAAAJ,0000-0000-0000-0000
Ruben Gamboa,University of Wyoming,https://www.uwyo.edu/cosc/cosc-directory/ruben/index.html,wFHEcsgAAAAJ,0000-0000-0000-0000
Ruben Kruiper,Heriot-Watt University,https://www.hw.ac.uk/uk/profiles/teaching/macs/ruben-kruiper.htm,PMO_ww0AAAAJ,0000-0002-2288-3743
Ruben Mayer,University of Bayreuth,https://ruben-mayer.com,ex-eO0UAAAAJ,0000-0001-9870-7466
Rubing Huang,MUST,https://huangrubing.github.io,-MXImc4AAAAJ,0000-0000-0000-0000
Ruby B. Lee,Princeton University,https://www.princeton.edu/~rblee,odeKATgAAAAJ,0000-0000-0000-0000
Rubén Tous,Polytechnic Univ. of Catalonia,http://personals.ac.upc.edu/rtous,eSkDKsAAAAAJ,0000-0000-0000-0000
Rucha Joshi,Plaksha University,https://plaksha.edu.in/faculty-details/dr-rucha-joshi,KicDEkMAAAAJ,0000-0000-0000-0000
Ruchir Gupta,IIT (BHU) Varanasi,http://www.iitbhu.ac.in/cse/index.php/people/faculty.html,eIlo7rEAAAAJ,0000-0001-9970-3889
Rudi Knorr,University of Augsburg,https://www.informatik.uni-augsburg.de/lehrstuehle/lks/mitarbeiter/knorr,NOSCHOLARPAGE,0000-0000-0000-0000
Rudinei Goularte,USP-ICMC,http://icmc.usp.br/pessoas?id=4325947,6lc68RgAAAAJ,0000-0000-0000-0000
Rudolf Eigenmann,University of Delaware,https://www.cis.udel.edu/people/faculty-profile/?id=1141,pM3DuC0AAAAJ,0000-0000-0000-0000
Rudolf Fleischer,Fudan University,http://www.tcs.fudan.edu.cn/~rudolf,rNGxPRgAAAAJ,0000-0000-0000-0000
Rudolf Freund,TU Wien,https://www.logic.at/staff/rudi/indexe.html,ATDSEUwAAAAJ,0000-0000-0000-0000
Rudolf H. Mak,TU Eindhoven,https://www.tue.nl/en/university/departments/mathematics-and-computer-science/the-department/staff/detail/ep/e/d/ep-uid/19820121,ZtO9BeIAAAAJ,0000-0000-0000-0000
Rudolf Mathon,University of Toronto,http://www.cs.toronto.edu/dcs/people-faculty-combin.html,TtReo2kAAAAJ,0000-0000-0000-0000
Rudolf Stollberger,Graz University of Technology,https://www.tugraz.at/institutes/imt/home,5prEu_4AAAAJ,0000-0000-0000-0000
Rudolf_Lioutikov,Karlsruhe Inst. of Technology,https://www.irl.iar.kit.edu/team_58.php,hvjV43MAAAAJ,0000-0000-0000-0000
Rudolph P. Darken,Naval Postgraduate School,http://faculty.nps.edu/vitae/cgi-bin/vita.cgi?p=display_vita&id=1023567683,NOSCHOLARPAGE,0000-0000-0000-0000
Rudra Dutta,North Carolina State University,http://dutta.csc.ncsu.edu,FODlT4sAAAAJ,0000-0002-7840-4182
Rudra Pratap,Plaksha University,https://plaksha.edu.in/faculty-details/dr-rudra-pratap,KiDhcfkAAAAJ,0000-0000-0000-0000
Rudy Arthur,University of Exeter,http://emps.exeter.ac.uk/computer-science/staff/ra414,yHf0w3gAAAAJ,0000-0000-0000-0000
Rudy Darken,Naval Postgraduate School,http://faculty.nps.edu/vitae/cgi-bin/vita.cgi?p=display_vita&id=1023567683,NOSCHOLARPAGE,0000-0000-0000-0000
Ruey-Feng Chang,National Taiwan University,https://www.csie.ntu.edu.tw/~rfchang,NOSCHOLARPAGE,0000-0000-0000-0000
Ruhui Ma,Shanghai Jiao Tong University,https://cs.sjtu.edu.cn/en/PeopleDetail.aspx?id=329,PcrtqDsAAAAJ,0000-0001-9592-8490
Rui Abreu 0001,Universidade de Lisboa,https://pt-pt.facebook.com/public/Rui-Abreu/city/Lisboa-110432202311659,x25BFgEAAAAJ,0000-0003-3734-3157
Rui Dai 0002,University of Cincinnati,http://www.ceas3.uc.edu/profiles/dairi,5FpqqysAAAAJ,0000-0000-0000-0000
Rui Fan 0004,ShanghaiTech University,https://sist.shanghaitech.edu.cn/sist_en/2020/0814/c7582a54758/page.htm,NOSCHOLARPAGE,0000-0000-0000-0000
Rui Filipe Lima Maranhão de Abreu,Universidade de Lisboa,https://ruimaranhao.com,x25BFgEAAAAJ,0000-0003-3734-3157
Rui Hu 0005,University of Nevada,https://sites.google.com/view/ruihu/home,3o5dRvsAAAAJ,0000-0000-0000-0000
Rui Huang 0001,CUHK (SZ),https://myweb.cuhk.edu.cn/ruihuang,t8UduWwAAAAJ,0000-0002-7950-1662
Rui Kuang,University of Minnesota,http://www-users.cs.umn.edu/~kuang,NOSCHOLARPAGE,0000-0000-0000-0000
Rui Li 0002,Rochester Inst. of Technology,https://www.rit.edu/directory/rxlics-rui-li,AHx53ngAAAAJ,0000-0000-0000-0000
Rui Mao 0001,Shenzhen University,https://www.sics.ac.cn/mao/szu/eng,MVbJ9wQAAAAJ,0000-0002-3645-5520
Rui Ponte Costa,University of Bristol,https://research-information.bris.ac.uk/en/persons/rui-ponte-costa,otGgQKQAAAAJ,0000-0000-0000-0000
Rui Prada,Universidade de Lisboa,http://gaips.inesc-id.pt/component/gaips/people/displayPerson/8/11,UvoCzwcAAAAJ,0000-0002-5370-1893
Rui Wang 0004,Zhejiang University,http://www.cad.zju.edu.cn/home/rwang,yUxnN_EAAAAJ,0000-0003-4267-0347
Rui Wang 0015,Shanghai Jiao Tong University,https://wangruinlp.github.io,oTU0v5IAAAAJ,0000-0001-8007-2503
Rui Xia,Nanjing University,https://rxiacn.github.io/index_en,Znde6gwAAAAJ,0000-0002-0621-1058
Rui Xiao 0002,SUFE,https://ruixiao24.github.io,NHuUuycAAAAJ,0009-0007-5362-6399
Rui Yamaguchi,University of Tokyo,http://bonsai.hgc.jp/~ruiy,NOSCHOLARPAGE,0000-0000-0000-0000
Rui Yan 0001,Renmin University of China,http://www.ruiyan.me,NOSCHOLARPAGE,0000-0002-3356-6823
Rui Yu 0002,University of Louisville,https://ruiyu0.github.io,wTAyQhIAAAAJ,0000-0002-0946-6769
Rui Zhang 0007,University of Delaware,https://www.eecis.udel.edu/~ruizhang,Htf2zbsAAAAJ,0000-0001-5230-5998
Rui Zhang 0037,Pennsylvania State University,https://ryanzhumich.github.io,8GCLiUwAAAAJ,0000-0000-0000-0000
Rui Zhao 0005,University of Nebraska - Omaha,https://sites.google.com/view/ruizhao/home,pECklRAAAAAJ,0000-0001-8292-8483
Ruibang Luo,University of Hong Kong,http://www.bio8.cs.hku.hk,CwGy9jsAAAAJ,0000-0001-9711-6533
Ruifeng Xu 0001,Harbin Institute of Technology,http://www.hitsz.edu.cn/teacher/view/id-492.html,mObXnNIAAAAJ,0000-0002-4009-5679
Ruihai Dong,University College Dublin,https://people.ucd.ie/ruihai.dong,icGRQ68AAAAJ,0000-0000-0000-0000
Ruihong Huang,Texas A&M University,https://engineering.tamu.edu/cse/people/huang-ruihong,NU2aHWUAAAAJ,0000-0000-0000-0000
Ruihua Song,Renmin University of China,http://ai.ruc.edu.cn/faculty/rsong,v5LctN8AAAAJ,0000-0002-2163-7401
Ruihua Zhang,Shandong University,http://www.cs.sdu.edu.cn/info/1091/2352.htm,NOSCHOLARPAGE,0000-0000-0000-0000
Ruihui Li,Hunan University,https://liruihui.github.io,kFNXpOsAAAAJ,0000-0002-4266-6420
Ruimao Zhang,CUHK (SZ),http://zhangruimao.site,ZJwZdtgAAAAJ,0000-0001-9511-7532
Ruimin Hu,Wuhan University,https://cs.whu.edu.cn/info/1019/2880.htm,c9ZfhU0AAAAJ,0000-0000-0000-0000
Ruimin Shen,Shanghai Jiao Tong University,https://cs.sjtu.edu.cn/~shen-rm/index_2.html,NOSCHOLARPAGE,0000-0000-0000-0000
Ruimin Sun,Florida International University,https://www.ruiminsun.com,PPnRtaoAAAAJ,0000-0003-2940-5549
Ruini Xue,UESTC,https://www.en.scse.uestc.edu.cn/info/1085/2004.htm,1Pnz1OkAAAAJ,0000-0000-0000-0000
Ruiping Wang 0001,Chinese Academy of Sciences,http://vipl.ict.ac.cn/homepage/rpwang/index.htm,duIUwpwAAAAJ,0000-0003-1830-2595
Ruiqin Xiong,Peking University,http://idm.pku.edu.cn/staff/xiongruiqin/home.html,46Rur-YAAAAJ,0000-0000-0000-0000
Ruishan Liu,University of Southern California,https://viterbi-web.usc.edu/~ruishanl,7UkqY6gAAAAJ,0000-0000-0000-0000
Ruitao Xie,Shenzhen University,https://rtxie.github.io,eWCNDKIAAAAJ,0000-0000-0000-0000
Ruixiang Tang,Rutgers University,https://www.ruixiangtang.net,T575jsoAAAAJ,0000-0001-6476-2336
Ruixuan Li 0001,HUST,http://faculty.hust.edu.cn/rxli/en/index.htm,scAIu2MAAAAJ,0000-0002-7791-5511
Ruiyuan Li,Chongqing University,http://www.kangry.net/blog/?type=about-me,Dza0loYAAAAJ,0000-0000-0000-0000
Ruize Han,SUAT,http://www.ruizehan.cn,ef0Fw9QAAAAJ,0000-0002-6587-8936
Ruizhe Li 0001,University of Aberdeen,https://www.abdn.ac.uk/people/ruizhe.li,f_5wLsUAAAAJ,0000-0003-2512-845X
Ruizhe Ma,University of Massachusetts Lowell,https://www.uml.edu/Sciences/computer-science/faculty/Ma-Ruizhe.aspx,LOsL_7gAAAAJ,0000-0003-2749-3063
Ruizhen Hu,Shenzhen University,http://csse.szu.edu.cn/staff/ruizhenhu,MloRITsAAAAJ,0000-0002-6798-0336
Rumi Chunara,New York University,https://rumichunara.github.io,7NhhkR8AAAAJ,0000-0002-5346-7259
Rumyana Neykova,Brunel University London,https://www.brunel.ac.uk/people/rumyana-neykova,AN2wqD0AAAAJ,0000-0000-0000-0000
Rune Kristian Lundedal Nielsen,IT University of Copenhagen,https://pure.itu.dk/portal/en/persons/rune-kristian-lundedal-nielsen(80784458-06f6-4eff-b0c8-df982ffa9835).html,xS-DSmQAAAAJ,0000-0000-0000-0000
Rune Møller Jensen,IT University of Copenhagen,https://pure.itu.dk/portal/en/persons/rune-moeller-jensen(4d7fda5a-3cf4-4d39-9daf-1ae192b0e0e7).html,NOSCHOLARPAGE,0000-0000-0000-0000
Runhua Xu,Beihang University,https://runhua.me,tst3wGMAAAAJ,0000-0003-4541-9764
Runmin Cong,Shandong University,https://rmcong.github.io,-VrKJ0EAAAAJ,0000-0003-0972-4008
Runyao Duan,University of Technology Sydney,https://www.uts.edu.au/staff/runyao.duan,xcuO0hkAAAAJ,0000-0000-0000-0000
Runzhou Tao,Univ. of Maryland - College Park,https://www.cs.umd.edu/people/rztao,I0EoZyQAAAAJ,0000-0000-0000-0000
Ruofeng Tong,Zhejiang University,http://give.zju.edu.cn/memberHomepage/TongRuofeng.html,jsoBob0AAAAJ,0000-0000-0000-0000
Ruohan Gao,Univ. of Maryland - College Park,https://www.cs.umd.edu/people/rhgao,i02oEgMAAAAJ,0000-0002-8346-1114
Ruohan Zhang,Northwestern University,https://ruohanzhang.com,-bqvNWoAAAAJ,0000-0001-6681-3360
Ruoming Jin,Kent State University,http://www.cs.kent.edu/~jin,lNQmMTMAAAAJ,0000-0003-1895-4243
Ruonan Liu,Shanghai Jiao Tong University,https://automation.sjtu.edu.cn/Ruonan,jiAlRAwAAAAJ,0000-0000-0000-0000
Ruonan Rao,Shanghai Jiao Tong University,http://www.se.sjtu.edu.cn/teacher/teacherdetail.aspx?id=15,NOSCHOLARPAGE,0000-0000-0000-0000
Ruosong Wang,Peking University,https://cfcs.pku.edu.cn/english/people/faculty/ruosongwang/index.htm,n8ZpnWMAAAAJ,0000-0000-0000-0000
Ruoxi Jia 0001,Virginia Tech,https://ece.vt.edu/people/profile/ruoxijia.html,JCrug-YAAAAJ,0000-0001-9662-9556
Ruoyu Li 0003,Shenzhen University,https://ruoyu-li.github.io,fp_ua20AAAAJ,0000-0003-0754-2817
Ruoyu Sun 0001,CUHK (SZ),https://ruoyus.github.io,PsfzbCMAAAAJ,0000-0003-2487-5322
Ruoyu Wang 0001,Arizona State University,https://ruoyuwang.me,pi3Z8FgAAAAJ,0000-0003-1524-2566
Ruozhou Yu,North Carolina State University,https://people.engr.ncsu.edu/ryu5,WbFCWFsAAAAJ,0000-0003-0905-5158
Rupak Majumdar [SWS],Max Planck Society,https://www.mpi-sws.org/~rupak,COuXyKwAAAAJ,0000-0000-0000-0000
Rupal Patel,Northeastern University,http://www.northeastern.edu/bouve/directory/rupal-patel,iPDwvU8AAAAJ,0000-0000-0000-0000
Rupeng Yang,University of Wollongong,https://scholars.uow.edu.au/rupeng-yang,GAtgfAoAAAAJ,0000-0000-0000-0000
Rupesh Nasre,IIT Madras,http://www.cse.iitm.ac.in/~rupesh,kfUNJb8AAAAJ,0000-0001-7490-625X
Ruppa (Tulsi) Thulasiram,University of Manitoba,http://www.cs.umanitoba.ca/~tulsi,NOSCHOLARPAGE,0000-0000-0000-0000
Ruqi Zhang,Purdue University,https://ruqizhang.github.io,4ojpmc8AAAAJ,0000-0000-0000-0000
Rushikesh Joshi,IIT Bombay,https://www.cse.iitb.ac.in/~rkj,zmDfshUAAAAJ,0000-0000-0000-0000
Rushikesh K. Joshi,IIT Bombay,https://www.cse.iitb.ac.in/~rkj,zmDfshUAAAAJ,0000-0000-0000-0000
Ruslan Nikolaev 0001,Pennsylvania State University,https://rusnikola.github.io,CsiaC0cAAAAJ,0000-0002-1699-0593
Russ Greiner,University of Alberta,https://webdocs.cs.ualberta.ca/~greiner,Rn7APGIAAAAJ,0000-0000-0000-0000
Russ Harmer,Ecole Normale Superieure de Lyon,http://perso.ens-lyon.fr/russell.harmer,NOSCHOLARPAGE,0000-0000-0000-0000
Russ Joseph,Northwestern University,http://www.ece.northwestern.edu/~rjoseph,Zu-wy4wAAAAJ,0000-0001-6349-1888
Russ Miller,University at Buffalo,https://www.cse.buffalo.edu/faculty/miller,W5Me4Q8AAAAJ,0000-0000-0000-0000
Russ Tedrake,Massachusetts Inst. of Technology,https://groups.csail.mit.edu/locomotion/russt.html,nxNkEiYAAAAJ,0000-0000-0000-0000
Russa Biswas,Aalborg University,https://vbn.aau.dk/en/persons/rubi,kSHWjuoAAAAJ,0000-0002-7421-3389
Russell Beale,University of Birmingham,https://www.birmingham.ac.uk/staff/profiles/computer-science/academic-staff/beale-russell.aspx,kr40Kd8AAAAJ,0000-0000-0000-0000
Russell Greiner,University of Alberta,https://webdocs.cs.ualberta.ca/~greiner,Rn7APGIAAAAJ,0000-0000-0000-0000
Russell H. Taylor,Johns Hopkins University,http://www.cs.jhu.edu/~rht,Ph16U5wAAAAJ,0000-0001-6272-1100
Russell Harmer,Ecole Normale Superieure de Lyon,http://perso.ens-lyon.fr/russell.harmer,NOSCHOLARPAGE,0000-0000-0000-0000
Russell Highsmith Taylor,Johns Hopkins University,http://www.cs.jhu.edu/~rht,Ph16U5wAAAAJ,0000-0000-0000-0000
Russell Impagliazzo,Univ. of California - San Diego,https://cseweb.ucsd.edu/~russell,VwQRddkAAAAJ,0000-0003-3236-9796
Russell J. Bradford,University of Bath,http://www.bath.ac.uk/comp-sci/contacts/academics/russell_bradford,82dRKOQAAAAJ,0000-0000-0000-0000
Russell L. Tedrake,Massachusetts Inst. of Technology,https://groups.csail.mit.edu/locomotion/russt.html,nxNkEiYAAAAJ,0000-0000-0000-0000
Russell Lock,Loughborough University,https://www.lboro.ac.uk/departments/compsci/staff/academic-teaching/russell-lock,iMlCZkIAAAAJ,0000-0000-0000-0000
Russell Miller,CUNY,http://qcpages.qc.cuny.edu/~rmiller,WxCwDn8AAAAJ,0000-0000-0000-0000
Russell W. F. Lai,Aalto University,https://www.aalto.fi/en/people/russell-w-f-lai,UHNj5i4AAAAJ,0000-0001-9126-1887
Ruta Mehta,Univ. of Illinois at Urbana-Champaign,https://cs.illinois.edu/directory/profile/rutameht,NfvUWXgAAAAJ,0000-0002-1549-2752
Ruth Aylett,Heriot-Watt University,http://www.macs.hw.ac.uk/~ruth,qxC_AUAAAAAJ,0000-0000-0000-0000
Ruth Breu,University of Innsbruck,https://qe-informatik.uibk.ac.at/doctors/ruth-breu,wjWOdgUAAAAJ,0000-0000-0000-0000
Ruth Iris Bahar,Colorado School of Mines,https://people.mines.edu/ribahar,kfIj9oYAAAAJ,0000-0000-0000-0000
Ruth Letham,University of St Andrews,https://rah11.host.cs.st-andrews.ac.uk,NOSCHOLARPAGE,0000-0000-0000-0000
Ruth Milman,Ontario Tech University,https://engineering.ontariotechu.ca/people/ecse/ruth.milman.php,NOSCHOLARPAGE,0000-0000-0000-0000
Ruth Misener,Imperial College London,https://wp.doc.ic.ac.uk/rmisener,zvEK6hMAAAAJ,0000-0001-5612-5417
Ruth S. Aylett,Heriot-Watt University,http://www.macs.hw.ac.uk/~ruth,qxC_AUAAAAAJ,0000-0000-0000-0000
Ruth Urner,York University,https://www.eecs.yorku.ca/~ruth,O7p7lRAAAAAJ,0000-0000-0000-0000
Rutu Parekh,DAIICT,http://faculty.daiict.ac.in/rutu-parikh,NOSCHOLARPAGE,0000-0000-0000-0000
Ruurd Kuiper 0001,TU Eindhoven,https://www.tue.nl/en/university/departments/mathematics-and-computer-science/the-department/staff/detail/ep/e/d/ep-uid/19860157/ep-tab/3,FTfgmDQAAAAJ,0000-0000-0000-0000
Ruwan B. Tennakoon,RMIT University,https://www.rmit.edu.au/contact/staff-contacts/academic-staff/t/tennakoon-dr-ruwan,jJLCih0AAAAJ,0000-0001-8909-5728
Ruwan Bandara Tennakoon,RMIT University,https://www.rmit.edu.au/contact/staff-contacts/academic-staff/t/tennakoon-dr-ruwan,jJLCih0AAAAJ,0000-0000-0000-0000
Ruxin Wang,University of Texas at San Antonio,https://ruxinwang1994.github.io,14SswP4AAAAJ,0000-0001-8600-3752
Ruy J. G. B. de Queiroz,UFPE,https://www.cin.ufpe.br/~ruy,_g7Y7wUAAAAJ,0000-0000-0000-0000
Ruy José Guerra Barretto de Queiroz,UFPE,https://www.cin.ufpe.br/~ruy,_g7Y7wUAAAAJ,0000-0000-0000-0000
Ruzanna Chitchyan,University of Bristol,https://research-information.bris.ac.uk/en/persons/ruzanna-chitchyan,puu5arMAAAAJ,0000-0001-6293-3445
Ruzica Piskac,Yale University,http://www.cs.yale.edu/~piskac,71RQt3sAAAAJ,0000-0002-3267-0776
Ryan B. Hayward,University of Alberta,https://webdocs.cs.ualberta.ca/~hayward,h-VFYuUAAAAJ,0000-0000-0000-0000
Ryan Baker 0001,Adelaide University,https://learninganalytics.upenn.edu/ryanbaker,hvs8PEoAAAAJ,0000-0002-3051-3232
Ryan C. N. D'Arcy,Simon Fraser University,http://www.sfu.ca/engineering/people/faculty/ryan_darcy.html,APPBnh4AAAAJ,0000-0000-0000-0000
Ryan Cotterell,ETH Zurich,https://ryancotterell.github.io,DexOqtoAAAAJ,0000-0003-4080-1833
Ryan Farrell,Brigham Young University,https://faculty.cs.byu.edu/~farrell,56EZh6YAAAAJ,0000-0000-0000-0000
Ryan Hayward,University of Alberta,https://webdocs.cs.ualberta.ca/~hayward,h-VFYuUAAAAJ,0000-0000-0000-0000
Ryan Henry,University of Calgary,http://homes.soic.indiana.edu/henry,kj6ctNwAAAAJ,0000-0002-1142-4349
Ryan J. Leduc,McMaster University,http://www.cas.mcmaster.ca/~leduc,YFaGsQYAAAAJ,0000-0000-0000-0000
Ryan K. L. Ko,University of Queensland,https://researchers.uq.edu.au/researcher/23784,doBtsCkAAAAJ,0000-0003-0804-1176
Ryan Kastner,Univ. of California - San Diego,http://kastner.ucsd.edu,lfLiQmcAAAAJ,0000-0001-9062-5570
Ryan Kok Leong Ko,University of Queensland,https://researchers.uq.edu.au/researcher/23784,doBtsCkAAAAJ,0000-0000-0000-0000
Ryan Layer,University of Colorado Boulder,http://layerlab.org,AXnmFTIAAAAJ,0000-0000-0000-0000
Ryan M. Layer,University of Colorado Boulder,http://layerlab.org,AXnmFTIAAAAJ,0000-0000-0000-0000
Ryan Marcus,University of Pennsylvania,https://rmarcus.info,vPOl-IwAAAAJ,0000-0002-1279-1124
Ryan O'Donnell,Carnegie Mellon University,http://www.cs.cmu.edu/~odonnell,Z8U0BwcAAAAJ,0000-0001-7608-1458
Ryan P. Adams,Princeton University,https://www.cs.princeton.edu/~rpa,grQ_GBgAAAAJ,0000-0000-0000-0000
Ryan P. McMahan,Virginia Tech,https://website.cs.vt.edu/people/faculty/ryan-p-mcmahan.html,inGtCcMAAAAJ,0000-0001-9357-9696
Ryan Prescott Adams,Princeton University,https://www.cs.princeton.edu/~rpa,grQ_GBgAAAAJ,0000-0000-0000-0000
Ryan Riley,Qatar University,http://www.qu.edu.qa/engineering/computer/faculty/ryan.php,75JB_d0AAAAJ,0000-0000-0000-0000
Ryan Robucci,Univ. of Maryland - Baltimore County,https://eclipse.umbc.edu/robucci.html,Kdw47AcAAAAJ,0000-0000-0000-0000
Ryan S. Baker,Adelaide University,https://learninganalytics.upenn.edu/ryanbaker,hvs8PEoAAAAJ,0000-0000-0000-0000
Ryan Shaun Baker,Adelaide University,https://learninganalytics.upenn.edu/ryanbaker,hvs8PEoAAAAJ,0000-0002-3051-3232
Ryan Shaun Joazeiro de Baker,Adelaide University,https://learninganalytics.upenn.edu/ryanbaker,hvs8PEoAAAAJ,0000-0000-0000-0000
Ryan Shea,Simon Fraser University,http://www.sfu.ca/~rws1,rOPt1L4AAAAJ,0000-0000-0000-0000
Ryan St. Pierre,University at Buffalo,https://cse.buffalo.edu/~ryans,2zrGIDIAAAAJ,0000-0003-4609-5642
Ryan Stansifer,Florida Institute of Technology,https://cs.fit.edu/~ryan,NOSCHOLARPAGE,0000-0002-7797-647X
Ryan Stutsman,University of Utah,https://faculty.utah.edu/u0982239-Ryan_Stutsman/teaching/index.hml,pyZ_FH4AAAAJ,0000-0000-0000-0000
Ryan Tibshirani,Carnegie Mellon University,http://www.stat.cmu.edu/~ryantibs,cQ1P1qoAAAAJ,0000-0000-0000-0000
Ryan Williams 0001,Massachusetts Inst. of Technology,https://people.csail.mit.edu/rrw,Wp38QQYAAAAJ,0000-0003-2326-2233
Rym Mili,University of Texas at Dallas,http://www.utdallas.edu/~rmili,NOSCHOLARPAGE,0000-0000-0000-0000
Rym Wenkstern,University of Texas at Dallas,http://www.utdallas.edu/~rmili,NOSCHOLARPAGE,0000-0000-0000-0000
Rym Z. Wenkstern,University of Texas at Dallas,http://www.utdallas.edu/~rmili,NOSCHOLARPAGE,0000-0000-0000-0000
Rym Zalila Mili,University of Texas at Dallas,http://www.utdallas.edu/~rmili,NOSCHOLARPAGE,0000-0000-0000-0000
Rym Zalila-Wenkstern,University of Texas at Dallas,http://www.utdallas.edu/~rmili,NOSCHOLARPAGE,0000-0000-0000-0000
Rynson W. H. Lau,City University of Hong Kong,https://www.cs.cityu.edu.hk/~rynson,KilQqKYAAAAJ,0000-0002-8957-8129
Ryo Kashima,Tokyo Institute of Technology,http://www.is.c.titech.ac.jp/~is0000_kashima/lab/index-e.html,NOSCHOLARPAGE,0000-0000-0000-0000
Ryo Suzuki 0001,University of Colorado Boulder,https://ryosuzuki.org,klWjaQIAAAAJ,0000-0003-3294-9555
Ryohei Kanzaki,University of Tokyo,http://www.rcast.u-tokyo.ac.jp/research/people/staff-kanzaki_ryohei_en.html,91sdymMAAAAJ,0000-0000-0000-0000
Ryszard Janicki,McMaster University,http://www.cas.mcmaster.ca/~janicki,NOSCHOLARPAGE,0000-0000-0000-0000
Ryuhei Mori,Tokyo Institute of Technology,http://q.c.titech.ac.jp/profile.html,7q_zIE0AAAAJ,0000-0001-5474-5145
Ryuichi Shigemoto,IST Austria,https://ist.ac.at/research/research-groups/shigemoto-group,NOSCHOLARPAGE,0000-0000-0000-0000
Ryuma Niiyama,University of Tokyo,http://www.isi.imi.i.u-tokyo.ac.jp/en/member.html,NOSCHOLARPAGE,0000-0002-9072-8251
Ryusuke Sagawa,University of Tsukuba,https://staff.aist.go.jp/ryusuke.sagawa,aqKxVlQAAAAJ,0000-0002-6778-8838
Rémi A. Chou,University of Texas at Arlington,https://remichou.github.io,1yJ_XP8AAAAJ,0000-0000-0000-0000
Rémi Emonet,Université Jean Monnet,http://home.heeere.com,TOqZIGgAAAAJ,0000-0002-1870-1329
Rémi Gilleron,CRIStAL,https://sites.google.com/view/remi-gilleron,dKliE7IAAAAJ,0000-0000-0000-0000
Rúben Gouveia 0001,Universidade de Lisboa,https://www.rubengouveia.com,3Of_dqIAAAAJ,0000-0001-5042-6198
Rüdiger Dillmann,Karlsruhe Inst. of Technology,http://his.anthropomatik.kit.edu/21_321.php,8q019n8AAAAJ,0000-0000-0000-0000
Rüdiger Ehlers,TU Clausthal,https://www.isse.tu-clausthal.de/ueber-uns/team-neu/institutsverwaltung/prof-dr-ruediger-ehlers,nAD0OHIAAAAJ,0000-0002-8315-1431
Rüdiger Kapitza,TU Braunschweig,https://www.ibr.cs.tu-bs.de/users/kapitza,YRYGWv0AAAAJ,0000-0000-0000-0000
Rüdiger L. Urbanke,EPFL,https://people.epfl.ch/rudiger.urbanke,vFWw1NoAAAAJ,0000-0000-0000-0000
Rüdiger Reischuk,University of Lübeck,http://www.tcs.uni-luebeck.de/mitarbeiter/reischuk,NOSCHOLARPAGE,0000-0000-0000-0000
Rüdiger Schack,Royal Holloway Univ. of London,https://pure.royalholloway.ac.uk/portal/en/persons/ruediger-schack,tjusX-4AAAAJ,0000-0000-0000-0000
Rüdiger Westermann,TU Munich,https://wwwcg.in.tum.de/group/persons/westermann.html,a8YUuWwAAAAJ,0000-0002-3394-0731
