name,affiliation,homepage,scholarid,orcid
S. A. Puzynina,Ecole Normale Superieure de Lyon,http://math.nsc.ru/~puzynina,NOSCHOLARPAGE,0000-0000-0000-0000
S. Akshay 0001,IIT Bombay,https://www.cse.iitb.ac.in/~akshayss,0XXd3J0AAAAJ,0000-0002-2471-5997
S. Arun-Kumar 0004,IIT Delhi,http://www.cse.iitd.ernet.in/~sak,kfWW5x4AAAAJ,0000-0000-0000-0000
S. Arunkumar 0004,IIT Delhi,http://www.cse.iitd.ernet.in/~sak,kfWW5x4AAAAJ,0000-0000-0000-0000
S. Bapi Raju,IIIT Hyderabad,https://www.iiit.ac.in/people/faculty/rajubapi,bbSYyiAAAAAJ,0000-0000-0000-0000
S. Ben Slimane,KTH Royal Inst. of Technology,https://www.kth.se/profile/slimane,zSfzj6sAAAAJ,0000-0000-0000-0000
S. C. Mukhopadhyay,Massey University,http://www.massey.ac.nz/massey/expertise/profile.cfm?stref=265530,fsu2yL8AAAAJ,0000-0000-0000-0000
S. Dov Gordon,George Mason University,http://cs.gmu.edu/~gordon,wS_5894AAAAJ,0009-0001-6490-1786
S. E. M. O'Keefe,University of York,https://www-users.cs.york.ac.uk/~sok,QL1JHlUAAAAJ,0000-0000-0000-0000
S. Hamed Hassani,University of Pennsylvania,https://www.seas.upenn.edu/~hassani,M9V6y-0AAAAJ,0000-0000-0000-0000
S. J. Creese,University of Oxford,http://www.cs.ox.ac.uk/sadie.creese,hZ3DmHkAAAAJ,0000-0000-0000-0000
S. J. Overbeek,Utrecht University,http://www.sietseoverbeek.nl,JEmkfmsAAAAJ,0000-0000-0000-0000
S. J. Wright,Monash University,http://monash.edu/research/explore/en/persons/steven-wright(40be3258-c026-4e34-a74d-08837c38344b).html,icJpxpMAAAAJ,0000-0000-0000-0000
S. Krishna 0004,IIT Bombay,https://www.cse.iitb.ac.in/~krishnas,14JlaZsAAAAJ,0000-0003-0925-398X
S. Lakshmivarahan,University of Oklahoma,http://www.ou.edu/coe/cs/people/varahan,NOSCHOLARPAGE,0000-0000-0000-0000
S. M. Rezaul Hasan,Massey University,http://www.massey.ac.nz/~smhasan,NOSCHOLARPAGE,0000-0000-0000-0000
S. M. Shahriar Nirjon,University of North Carolina,http://cs.unc.edu/~nirjon,CsGlDGEAAAAJ,0000-0000-0000-0000
S. Manoharan,University of Auckland,https://unidirectory.auckland.ac.nz/profile/s-manoharan,55FwvisAAAAJ,0000-0000-0000-0000
S. Masoud Sadjadi,Florida International University,http://www.cis.fiu.edu/~sadjadi,qmkC7FQAAAAJ,0000-0000-0000-0000
S. Matthew Weinberg,Princeton University,https://www.cs.princeton.edu/~smattw,CBUpEcQAAAAJ,0000-0001-7744-795X
S. P. Luttik,TU Eindhoven,http://www.win.tue.nl/~luttik,mwYLD4QAAAAJ,0000-0000-0000-0000
S. P. Suresh,CMI,http://www.cmi.ac.in/~spsuresh,S0fWcAoAAAAJ,0000-0000-0000-0000
S. Prahallad Kishore,IIIT Hyderabad,https://www.iiit.ac.in/people/faculty/kishore,3-8i_54AAAAJ,0000-0000-0000-0000
S. Q. Zheng,University of Texas at Dallas,http://www.utdallas.edu/~sizheng,NOSCHOLARPAGE,0000-0000-0000-0000
S. R. N. Reddy,IGDTUW,https://www.igdtuw.ac.in/computerScience.php?name=SRNReddy,KC5ePSoAAAAJ,0000-0000-0000-0000
S. R. S. Iyengar,IIT Ropar,http://sudarshaniyengar.com,NOSCHOLARPAGE,0000-0000-0000-0000
S. R. Sathe,VNIT Nagpur,https://vnit.ac.in/engineering/cse/dr-s-r-sathe,NOSCHOLARPAGE,0000-0000-0000-0000
S. Raja 0001,IIT Tirupati,https://iittp.ac.in/dr-s-raja,u_u7LggAAAAJ,0000-0000-0000-0000
S. Rao Kosaraju,Johns Hopkins University,http://www.cs.jhu.edu/~kosaraju,NOSCHOLARPAGE,0000-0000-0000-0000
S. S. Iyengar 0001,Florida International University,http://users.cis.fiu.edu/~iyengar,eNONM8AAAAAJ,0000-0003-2944-8178
S. Shaheen Fatima,Loughborough University,https://www.lboro.ac.uk/departments/compsci/staff/academic-teaching/shaheen-fatima,KqRKHv4AAAAJ,0000-0000-0000-0000
S. Shankar Sastry,Univ. of California - Berkeley,http://robotics.eecs.berkeley.edu/~sastry,KgZxzjsAAAAJ,0000-0000-0000-0000
S. Sitharama Iyengar,Florida International University,http://users.cis.fiu.edu/~iyengar,eNONM8AAAAAJ,0000-0003-2944-8178
S. Srinivasa Rao 0001,Seoul National University,http://tcs.snu.ac.kr/members/ssrao,ZFDS3bEAAAAJ,0000-0000-0000-0000
S. Sudarshan 0001,IIT Bombay,https://www.cse.iitb.ac.in/~sudarsha,KtP9-zYAAAAJ,0000-0002-6230-2288
S. V. N. Vishwanathan,Univ. of California - Santa Cruz,https://www.soe.ucsc.edu/people/vishy,tqcSvFIAAAAJ,0009-0007-0041-3488
S. V. Rao,IIT Guwahati,https://www.iitg.ernet.in/svrao,4NoqGCEAAAAJ,0000-0000-0000-0000
S.-H. Gary Chan,HKUST,https://home.cse.ust.hk/~gchan,uiCSOycAAAAJ,0000-0003-4207-764X
Saad Biaz,Auburn University,http://www.eng.auburn.edu/users/sbiaz,B4fHhe0AAAAJ,0000-0000-0000-0000
Saad Hassan,Tulane University,https://sse.tulane.edu/cs/faculty/hassan,oy6dZIIAAAAJ,0000-0003-2792-2964
Saad Mneimneh,CUNY,http://www.cs.hunter.cuny.edu/~saad,8dRxlUsAAAAJ,0000-0000-0000-0000
Saadia Gabriel,Univ. of California - Los Angeles,https://saadiagabriel.com,VrFFU84AAAAJ,0009-0001-9353-951X
Saba Alimadadi,Simon Fraser University,http://www.ece.ubc.ca/~saba,zqiilhcAAAAJ,0000-0002-5667-152X
Saba Eskandarian,University of North Carolina,https://www.cs.unc.edu/~saba,WncvzksAAAAJ,0000-0000-0000-0000
Sabarish V. Babu,Clemson University,http://sbabu.people.clemson.edu,72RvQTgAAAAJ,0000-0002-8348-0534
Saber Salehkaleybar,Leiden University,https://sabersalehk.github.io,-f0AwZcAAAAJ,0000-0000-0000-0000
Sabine Bergler,Concordia University,http://www.cs.concordia.ca/~bergler,o4FjPMIAAAAJ,0000-0000-0000-0000
Sabine Glesner,TU Berlin,https://www.sese.tu-berlin.de/menue/ueber_uns/team/sabine_glesner,fIL76aIAAAAJ,0000-0000-0000-0000
Sabine Oechsner,VU Amsterdam,https://soechsner.de,KQjMMacAAAAJ,0000-0002-4612-2471
Sabine Roller,TU Dresden,https://www.dlr.de/en/sp,t0bQs8oAAAAJ,0000-0000-0000-0000
Sabine Schulte im Walde,University of Stuttgart,https://www.ims.uni-stuttgart.de/institut/mitarbeiter/schulte,kObRYIAAAAAJ,0000-0000-0000-0000
Sabine Süsstrunk,EPFL,http://ivrl.epfl.ch/people/susstrunk,EX3OYP4AAAAJ,0000-0002-0441-6068
Sabine Timpf,University of Augsburg,https://www.uni-augsburg.de/en/fakultaet/fai/geo/prof/geoinf/geoinf-team/s-timpf,LT_XljUAAAAJ,0000-0000-0000-0000
Sabrina M. Neuman,Boston University,https://sites.bu.edu/sneuman,5OVcAw4AAAAJ,0000-0001-5772-5916
Sabrina Marczak,PUC-RS,http://www.inf.pucrs.br/sabrina.marczak/SabrinaMarczak/Welcome.html,tjnEfX4AAAAJ,0000-0000-0000-0000
Sabrina Senatore,University of Salerno,http://docenti.unisa.it/005133/home,dkBV8b8AAAAJ,0000-0000-0000-0000
Sabrina de Azevedo Silveira,Universidade Federal de Viçosa,http://homepages.dcc.ufmg.br%2C~sabrinas,NOSCHOLARPAGE,0000-0000-0000-0000
Sabyasachi Karati,ISI Kolkata,https://www.isical.ac.in/~skarati,NOSCHOLARPAGE,0000-0000-0000-0000
Sachin Chaudhari,IIIT Hyderabad,https://www.iiit.ac.in/people/faculty/sachin.chaudhari,vowwEQgAAAAJ,0000-0000-0000-0000
Sachin Kumar 0009,Ohio State University,https://shocheen.com,qO38fRIAAAAJ,0009-0001-4400-114X
Sachit Rao,IIIT Bangalore,http://www.iiitb.ac.in/faculty_page.php?name=SachitRao,NOSCHOLARPAGE,0000-0000-0000-0000
Sadao Kurohashi,Kyoto University,http://nlp.ist.i.kyoto-u.ac.jp/member/kuro/index.html,gpKS5P0AAAAJ,0000-0000-0000-0000
Sadegh Talebi,University of Copenhagen,https://di.ku.dk/english/staff/vip/researchers_ml/?pure=en/persons/673024,Q4_AHDYAAAAJ,0000-0000-0000-0000
Sadek Belamfedel Alaoui,Mohammed VI Polytechnic University,https://cc.um6p.ma/people/Sadek.ALAOUI,bnml-uYAAAAJ,0000-0000-0000-0000
Sadia Sharmin,BUET,https://cse.buet.ac.bd/faculty_list/detail/sadia,NOSCHOLARPAGE,0000-0001-7017-1022
Sadie Creese,University of Oxford,http://www.cs.ox.ac.uk/sadie.creese,hZ3DmHkAAAAJ,0000-0000-0000-0000
Sadik Fikret Gürgen,Boğaziçi University,https://www.cmpe.boun.edu.tr/~gurgen,B8EWl8gAAAAJ,0000-0000-0000-0000
Saed Alrabaee,UAEU,https://www.uaeu.ac.ae/en/cit/profile.shtml?email=salrabaee@uaeu.ac.ae,8Y-CzPYAAAAJ,0000-0000-0000-0000
Saeed Boorboor,University of Illinois at Chicago,https://saeedboorboor.github.io,xwoLr1sAAAAJ,0000-0001-6644-5983
Saeed Hassanpour,Dartmouth College,https://www.hassanpourlab.com,vkFXULkAAAAJ,0000-0000-0000-0000
Saeed Lotfifard,Washington State University,http://eecs.wsu.edu/~lotfi,NOSCHOLARPAGE,0000-0000-0000-0000
Saeed Mehraban,Tufts University,https://sites.google.com/view/saeedmehraban/about,tVif3VUAAAAJ,0000-0002-1323-360X
Saeed Parsa,IUST,http://www.iust.ac.ir/page.php?slct_pg_id=717&sid=14&slc_lang=en,uONxvOwAAAAJ,0000-0000-0000-0000
Saeed Rajput,Nova Southeastern University,http://www.nova.edu/~rajput,NOSCHOLARPAGE,0000-0000-0000-0000
Saeed Salem,North Dakota State University,http://www.cs.ndsu.nodak.edu/~ssalem,IBf9TWsAAAAJ,0000-0000-0000-0000
Saeed Samet,University of Windsor,http://www.uwindsor.ca/science/computerscience/1052/dr-saeed-samet,XVnPhgMAAAAJ,0000-0000-0000-0000
Saeid Belkasim,Georgia State University,https://grid.cs.gsu.edu/belkasim,NOSCHOLARPAGE,0000-0000-0000-0000
Saeid Hassanpour,Dartmouth College,https://www.hassanpourlab.com,vkFXULkAAAAJ,0000-0000-0000-0000
Saeid Mehrkanoon,University of Queensland,http://researchers.uq.edu.au/researcher/14135,NOSCHOLARPAGE,0000-0000-0000-0000
Saeid Nooshabadi,Michigan Technological University,https://www.mtu.edu/data-science/people-groups/faculty/nooshabadi,NOSCHOLARPAGE,0000-0000-0000-0000
Saeid Sanei,VinUniversity,https://www.saeidsanei.com,zUaubUQAAAAJ,0000-0000-0000-0000
Saeid Tizpaz-Niari,University of Illinois at Chicago,https://tizpaz.github.io,eQnKAqsAAAAJ,0000-0002-1375-3154
Saewoong Bahk,Seoul National University,http://netlab.snu.ac.kr/~sbahk,QQ8diWkAAAAJ,0000-0002-4771-3927
Safwan Wshah,University of Vermont,https://www.uvm.edu/cems/cs/profiles/safwan-wshah,7fk521IAAAAJ,0000-0000-0000-0000
Sageev Oore,Dalhousie University,https://www.dal.ca/faculty/computerscience/faculty-staff/sageev-oore.html,cI0dYX4AAAAJ,0000-0002-8130-3569
Sagie Benaim,Hebrew University of Jerusalem,https://www.cs.huji.ac.il/~sagieb,-zSM2I8AAAAJ,0000-0000-0000-0000
Sagnik Mukhopadhyay,University of Sheffield,https://sagnikm.github.io,9JQnLLoAAAAJ,0000-0002-3722-4679
Sagnik Ray Choudhury,University of North Texas,https://facultyinfo.unt.edu/faculty-profile?profile=sr2004,xl5b_vcAAAAJ,0009-0001-0524-849X
Sahand N. Negahban,Yale University,http://www.stat.yale.edu/~snn7,3p-KQUwAAAAJ,0000-0000-0000-0000
Sahand Negahban,Yale University,http://www.stat.yale.edu/~snn7,3p-KQUwAAAAJ,0000-0000-0000-0000
Sahar Al Seesi,University of Connecticut,http://dna.engr.uconn.edu/?page_id=199,s6xZ-pwAAAAJ,0000-0002-7918-4791
Sahar Al-Sudani,King's College London,https://www.kcl.ac.uk/people/sahar-al-sudani,6Y4cGQsAAAAJ,0000-0000-0000-0000
Sahar S. Shabanah,King Abdulaziz University,http://sshabana.kau.edu.sa/Default.aspx?Site_ID=0003166&lng=EN,NOSCHOLARPAGE,0000-0000-0000-0000
Saher S. Manaseer,University of Jordan,http://www.just.edu.jo/~masadeh/pages/pup.htm,Hy2l2bcAAAAJ,0000-0000-0000-0000
Sahil Singla 0001,Georgia Institute of Technology,https://www.cc.gatech.edu/~ssingla7,BHZT068AAAAJ,0000-0002-8800-6479
Sahin Albayrak,TU Berlin,https://www.eecs.tu-berlin.de/menue/einrichtungen/professuren/professorinnen/albayrak,K7BOZUAAAAAJ,0000-0001-5092-4584
Sai Kit Yeung,HKUST,http://www.saikit.org,16iMMwwAAAAJ,0000-0000-0000-0000
Sai Praneeth Karimireddy,University of Southern California,https://spkreddy.org,wKJeOQoAAAAJ,0000-0000-0000-0000
Sai Qian Zhang,New York University,https://www.saiqianzhang.com,kcCZkTwAAAAJ,0000-0002-4815-9235
Sai Swaminathan,University of Tennessee,https://eecs.utk.edu/people/sai-swaminathan,OYYNyjIAAAAJ,0009-0009-5055-2632
Sai Wu,Zhejiang University,http://mypage.zju.edu.cn/en/wusai,RMaqDKAAAAAJ,0000-0002-1866-9197
Sai-Keung Wong,National Chiao Tung University,http://www.cs.nctu.edu.tw/~cswingo,QSh468sAAAAJ,0000-0002-4248-0052
Sai-Kit Yeung,HKUST,http://www.saikit.org,16iMMwwAAAAJ,0000-0001-7974-0607
Saibal Mukhopadhyay,Georgia Institute of Technology,https://greenlab.ece.gatech.edu/members/professor,5KRtMEkAAAAJ,0000-0002-8894-3390
Saifuddin Md. Tareeq,University of Dhaka,https://du.ac.bd/body/faculty_details/CSE/1767,NVhNaugAAAAJ,0000-0000-0000-0000
Saikat Dutta 0001,Cornell University,https://www.cs.cornell.edu/~saikatd,-Y3XqDQAAAAJ,0000-0001-8346-4019
Saining Xie,New York University,https://www.sainingxie.com,Y2GtJkAAAAAJ,0000-0000-0000-0000
Sainyam Galhotra,Cornell University,http://sainyamgalhotra.com,0_9V8PgAAAAJ,0000-0003-2529-4036
Saiph Savage,Northeastern University,http://www.saiph.org,GHGHYZAAAAAJ,0000-0001-9020-8929
Sajal K. Das 0001,Missouri S&T,https://isc.mst.edu/people/ri/sdas,mbaG-mQAAAAJ,0000-0002-9471-0868
Sajedul Rahim Talukder,SIU Carbondale,https://www2.cs.siu.edu/~stalukder,VJl925AAAAAJ,0000-0000-0000-0000
Sajedul Talukder,University of Texas - El Paso,https://www.cs.utep.edu/stalukder,VJl925AAAAAJ,0000-0000-0000-0000
Sajin Koroth,University of Victoria,https://web.uvic.ca/~skoroth,Tf_natAAAAAJ,0000-0000-0000-0000
Sajin Sasy,CISPA Helmholtz Center,https://ssasy.github.io,rrJTgX0AAAAJ,0000-0003-3447-1006
Sajith Gopalan,IIT Guwahati,http://www.iitg.ernet.in/sajith,Ukp9zWcAAAAJ,0000-0000-0000-0000
Sajjad Haider,University of Technology Sydney,https://www.uts.edu.au/staff/stephen.wozniak,lTVB7qUAAAAJ,0000-0000-0000-0000
Sajjan G. Shiva,University of Memphis,https://www.memphis.edu/cs/people/faculty_pages/sajjan-shiva.php,rDMVc08AAAAJ,0000-0000-0000-0000
Saket Anand,IIIT Delhi,https://www.iiitd.ac.in/anands,YmYvVEQAAAAJ,0000-0002-6229-3940
Saket Saurabh 0001,IMSc,http://www.imsc.res.in/~saket,SB7uTZoAAAAJ,0000-0001-7847-6402
Sakir Sezer,Queen's University Belfast,https://www.qub.ac.uk/schools/eeecs/Connect/Staff/BusinessCard/?name=s.sezer,2l3evCsAAAAJ,0000-0000-0000-0000
Sakire Arslan Ay,Washington State University,https://school.eecs.wsu.edu/people/faculty/sakire-arslan-ay,NOSCHOLARPAGE,0000-0000-0000-0000
Saksham Agarwal,Univ. of Illinois at Urbana-Champaign,https://saksham.web.illinois.edu,3niRlWQAAAAJ,0000-0000-0000-0000
Saku Sugawara,National Inst. of Informatics,https://www.nii.ac.jp/en/faculty/digital_content/sugawara_saku,1nun9kgAAAAJ,0000-0000-0000-0000
Saladi Rahul,IISc Bangalore,https://drona.csa.iisc.ac.in/~saladi,CuqCFEYAAAAJ,0000-0001-5984-0934
Salah Bouktif,UAEU,https://www.uaeu.ac.ae/en/cit/profile.shtml?email=bouktif@uaeu.ac.ae,oF6YoawAAAAJ,0000-0000-0000-0000
Salamah Salamah,University of Texas - El Paso,http://www.cs.utep.edu/isalamah,NOSCHOLARPAGE,0000-0000-0000-0000
Saleem Bhatti,University of St Andrews,https://saleem.host.cs.st-andrews.ac.uk,0JYLOawAAAAJ,0000-0000-0000-0000
Saleem N. Bhatti,University of St Andrews,https://saleem.host.cs.st-andrews.ac.uk,0JYLOawAAAAJ,0000-0000-0000-0000
Saleh Al-Sharaeh,University of Jordan,http://eacademic.ju.edu.jo/ssharaeh,7zZ86FsAAAAJ,0000-0000-0000-0000
Salem Lahlou,MBZUAI,https://mbzuai.ac.ae/study/faculty/salem-lahlou,xLSkCrIAAAAJ,0000-0000-0000-0000
Salih Murat Egi,Galatasaray University,https://avesis.gsu.edu.tr/megi,NOSCHOLARPAGE,0000-0000-0000-0000
Salil Kanhere,UNSW,http://www.cse.unsw.edu.au/~salilk,sgqmaPMAAAAJ,0000-0000-0000-0000
Salil P. Vadhan,Harvard University,http://www.eecs.harvard.edu/~salil,37frPb8AAAAJ,0000-0002-4059-4072
Salil S. Kanhere,UNSW,http://www.cse.unsw.edu.au/~salilk,sgqmaPMAAAAJ,0000-0002-1835-3475
Salles V. G. Magalhães,Universidade Federal de Viçosa,http://www2.dpi.ufv.br/?page_id=548,9xmUqzUAAAAJ,0000-0000-0000-0000
Salles Viana Gomes Magalhães,Universidade Federal de Viçosa,http://www2.dpi.ufv.br/?page_id=548,9xmUqzUAAAAJ,0000-0000-0000-0000
Salles Viana Gomes de Magalhães,Universidade Federal de Viçosa,http://www2.dpi.ufv.br/?page_id=548,9xmUqzUAAAAJ,0000-0000-0000-0000
Sally A. Fincher,University of Kent,https://www.cs.kent.ac.uk/people/staff/saf,CwnKRzMAAAAJ,0000-0000-0000-0000
Sally Fincher,University of Kent,https://www.cs.kent.ac.uk/people/staff/saf,CwnKRzMAAAAJ,0000-0000-0000-0000
Sally Jo Cunningham,University of Waikato,http://www.cms.waikato.ac.nz/people/sallyjo,IIwwrfcAAAAJ,0000-0000-0000-0000
Salman Avestimehr,University of Southern California,https://www.avestimehr.com,Qhe5ua0AAAAJ,0000-0003-3102-0867
Salman H. Khan 0001,MBZUAI,https://salman-h-khan.github.io,M59O9lkAAAAJ,0000-0000-0000-0000
Salman Hameed Khan,MBZUAI,https://salman-h-khan.github.io,M59O9lkAAAAJ,0000-0000-0000-0000
Salsabeel F. M. AlFalah,University of Jordan,http://ieeexplore.ieee.org/document/6918271,AIQFoMkAAAAJ,0000-0000-0000-0000
Saluka R. Kodituwakku,University of Peradeniya,https://sci.pdn.ac.lk/scs/staff/Saluka-Kodituwakku,PwZyjZUAAAAJ,0000-0000-0000-0000
Salvatore Carta,University of Cagliari,https://web.unica.it/unica/page/en/salvatorem_carta,3lY9PpcAAAAJ,0000-0001-9481-511X
Salvatore J. Stolfo,Columbia University,http://www.cs.columbia.edu/~sal,DknsgF8AAAAJ,0000-0000-0000-0000
Salvatore La Torre,University of Salerno,http://www.di.unisa.it/professori/latorre,aWRR6EAAAAAJ,0000-0002-4978-4307
Salvatore Pontarelli,Sapienza University of Rome,https://www.di.uniroma1.it/it/docenti/pontarelli-salvatore,iTWBxPMAAAAJ,0000-0002-3626-6404
Salvatore Rampone,University of Sannio,https://www.unisannio.it/it/users/salvatore-rampone,SONRi2UAAAAJ,0000-0000-0000-0000
Salvatore Riccobene,University of Catania,https://dmi.unict.it/docenti/salvatore.antonio.riccobene,NOSCHOLARPAGE,0000-0000-0000-0000
Salvatore Romeo,Qatar Computing Research Inst.,http://www.qcri.org/our-people/bio?pid=242&amp;par=acc&amp;name=SalvatoreRomeo,rE8OSHwAAAAJ,0000-0000-0000-0000
Salvatore Ruggieri,University of Pisa,http://www.di.unipi.it/~ruggieri,q41ZMpAAAAAJ,0000-0002-1917-6087
Sam Buss,Univ. of California - San Diego,http://www.math.ucsd.edu/~sbuss,HlXPvCoAAAAJ,0000-0000-0000-0000
Sam Guinea,Politecnico di Milano,http://home.deib.polimi.it/guinea,NOSCHOLARPAGE,0000-0000-0000-0000
Sam H. Noh,Virginia Tech,https://next.cs.vt.edu,i5lr8uEAAAAJ,0000-0002-9152-0321
Sam Kriegman,Northwestern University,https://skriegman.github.io,DCIwaLwAAAAJ,0000-0000-0000-0000
Sam Kumar,Univ. of California - Los Angeles,https://www.samkumar.org,a9uH1SYAAAAJ,0009-0003-4036-2233
Sam Kwong,City University of Hong Kong,https://scholars.cityu.edu.hk/en/persons/tak-wu-sam-kwong(ecda1ded-9af7-4abf-8985-e0d1d65be69f).html,_PVI6EAAAAAJ,0000-0001-7484-7261
Sam Lau,Univ. of California - San Diego,https://www.samlau.me,lZrWotMAAAAJ,0000-0002-3160-0151
Sam Lindley,University of Edinburgh,https://homepages.inf.ed.ac.uk/slindley,0cB7Ky4AAAAJ,0000-0002-1360-4714
Sam Madden 0001,Massachusetts Inst. of Technology,http://db.csail.mit.edu/madden,a1ngrCIAAAAJ,0000-0002-7470-3265
Sam Malek,Univ. of California - Irvine,http://www.ics.uci.edu/~malek,qrCVP0YAAAAJ,0000-0001-6152-7402
Sam Staton,University of Oxford,http://www.cs.ox.ac.uk/people/samuel.staton/main.html,4ZGaYlIAAAAJ,0000-0002-0141-8922
Sam Tobin-Hochstadt,Indiana University,http://www.ccs.neu.edu/home/samth,vMSSQbAAAAAJ,0000-0003-1302-6499
Sam Toueg,University of Toronto,http://www.cs.toronto.edu/theory/People.html,NOSCHOLARPAGE,0009-0000-2014-1132
Sam Westrick,New York University,https://cs.nyu.edu/~shw8119,RVeOcIgAAAAJ,0000-0003-2848-9808
Samah Mohamed Saeed,CUNY,https://www.gc.cuny.edu/people/samah-saeed,bdOGHkwAAAAJ,0000-0002-8107-3644
Saman A. Zonouz,Georgia Institute of Technology,https://sites.google.com/site/samanzonouz4n6,kgFnNewAAAAJ,0000-0001-9047-4047
Saman P. Amarasinghe,Massachusetts Inst. of Technology,http://people.csail.mit.edu/saman,cF6i_goAAAAJ,0000-0002-7231-7643
Saman Zonouzsaman,Georgia Institute of Technology,https://sites.google.com/site/samanzonouz4n6/saman-zonouz,kgFnNewAAAAJ,0000-0000-0000-0000
Samantha Kleinberg,Stevens Institute of Technology,http://www.skleinberg.org,WIRLT4UAAAAJ,0000-0000-0000-0000
Samantha M. W. Wood,Indiana University,https://luddy.indiana.edu/contact/profile/index.html?Samantha_Wood,LduPsQ4AAAAJ,0000-0000-0000-0000
Samantha Reig,University of Massachusetts Lowell,https://samreig.com,bn1UzGAAAAAJ,0000-0003-3544-7462
Samar Agnihotri,IIT Mandi,http://faculty.iitmandi.ac.in/~samar,qZkww5oAAAAJ,0000-0000-0000-0000
Samaresh Bera,IIT Jammu,https://www.iitjammu.ac.in/computer_science_engineering/faculty-list/~samareshbera,avYKpzAAAAAJ,0000-0000-0000-0000
Samarjit Chakraborty,University of North Carolina,https://www.cs.unc.edu/~samarjit,ez7zZa8AAAAJ,0000-0002-0503-6235
Sambuddho Chakravarty,IIIT Delhi,https://www.iiitd.ac.in/sambuddho,8CJgHUIAAAAJ,0000-0000-0000-0000
Sameem Abdul Kareem,University of Malaya,https://umexpert.um.edu.my/sameem,Rl2ebS4AAAAJ,0000-0000-0000-0000
Sameem Binti Abdul Kareem,University of Malaya,https://umexpert.um.edu.my/sameem,Rl2ebS4AAAAJ,0000-0000-0000-0000
Sameer G. Kulkarni,IIT Gandhinagar,https://iitgn.ac.in/faculty/cse/sameer,CnPfKYUAAAAJ,0000-0000-0000-0000
Sameer Patil,University of Utah,https://www.sameerpatil.com,JGEniHoAAAAJ,0000-0002-8214-0765
Samer Al-Kiswany,University of Waterloo,https://cs.uwaterloo.ca/~alkiswan,t7n06tsAAAAJ,0000-0002-6429-9983
Samer Lahoud,Dalhousie University,https://www.dal.ca/faculty/computerscience/faculty-staff/Samer-Lahoud.html,Fnkc3a4AAAAJ,0000-0000-0000-0000
Samer S. Habre,Lebanese American University,http://sas.lau.edu.lb/csm/people/shabre.php,rY1x32oAAAAJ,0000-0000-0000-0000
Samet Oymak,University of Michigan,http://www.sametoymak.com,AY6InkoAAAAJ,0000-0000-0000-0000
Sami Haddadin,MBZUAI,https://mbzuai.ac.ae/study/faculty/sami-haddadin,H1v0ztEAAAAJ,0000-0001-7696-4955
Sami S. Brandt,IT University of Copenhagen,http://image.diku.dk/sbrandt,P7lhQ30AAAAJ,0000-0003-2141-9815
Sami Sebastian Brandt,IT University of Copenhagen,http://image.diku.dk/sbrandt,P7lhQ30AAAAJ,0000-0000-0000-0000
Sami Serhan,University of Jordan,http://www.psut.edu.jo/users/prof-sami-serhan,xyS6meEAAAAJ,0000-0000-0000-0000
Samik Basu 0001,Iowa State University,http://www.cs.iastate.edu/~sbasu,qa9dTwkAAAAJ,0000-0000-0000-0000
Samir Chatterjee,Claremont Graduate University,https://www.cgu.edu/people/samir-chatterjee,NOSCHOLARPAGE,0000-0000-0000-0000
Samir Datta,CMI,http://www.cmi.ac.in/~sdatta,rQj5IIkAAAAJ,0000-0000-0000-0000
Samir Khuller,Northwestern University,https://www.samirkhuller.com,6vXTtDQAAAAJ,0000-0000-0000-0000
Samir Kumar Borgohain,National Inst. of Tech. Silchar,http://cs.nits.ac.in/samir,sxajfT0AAAAJ,0000-0000-0000-0000
Samir R. Das,Stony Brook University,http://www3.cs.stonybrook.edu/~samir,frOtmtAAAAAJ,0000-0002-0802-3130
Samir Ranjan Das,Stony Brook University,http://www3.cs.stonybrook.edu/~samir,frOtmtAAAAAJ,0000-0000-0000-0000
Samira Ebrahimi Kahou,University of Calgary,https://saebrahimi.github.io,F99FuaAAAAAJ,0000-0000-0000-0000
Samira Manabi Khan,University of Virginia,http://www.cs.virginia.edu/~smk9u,NOSCHOLARPAGE,0000-0000-0000-0000
Samira Mirbagher Ajorpaz,North Carolina State University,https://mirbagher.com,jcO-2qwAAAAJ,0009-0008-4997-5980
Samira Sadaoui,University of Regina,http://www.cs.uregina.ca/People/Profiles/SamiraSadaouiMouhoub.html,NOSCHOLARPAGE,0000-0000-0000-0000
Samit Bhattacharya,IIT Guwahati,http://www.iitg.ernet.in/samit,oXu5o6gAAAAJ,0000-0000-0000-0000
Samitha Elvitigala,Monash University,https://research.monash.edu/en/persons/don-samitha-samitha-elvitigala,IZJ_0EMAAAAJ,0000-0000-0000-0000
Sampalli Srinivas,Dalhousie University,https://web.cs.dal.ca/~srini,NOSCHOLARPAGE,0000-0000-0000-0000
Sampath Kannan,University of Pennsylvania,https://www.cis.upenn.edu/~kannan,WhvtccoAAAAJ,0000-0000-0000-0000
Sampsa Hyysalo,Aalto University,https://inuse.fi/people/sampsa-hyysalo,Uzl_pPYAAAAJ,0000-0000-0000-0000
Sampsa Pursiainen,Tampere University,https://www.tuni.fi/en/sampsa-pursiainen,apRQxxAAAAAJ,0000-0000-0000-0000
Samrat Mondal,IIT Patna,https://iitp.ac.in/index.php/departments/engineering/computer-science-a-engineering/people/faculty/dr-samrat-mondal.html,NOSCHOLARPAGE,0000-0002-2159-3410
Samson Abramsky,University College London,https://www.cs.ox.ac.uk/samson.abramsky,L2vmD3MAAAAJ,0000-0003-3921-6637
Samson Zhou,Texas A&M University,https://samsonzhou.github.io,NpjsgocAAAAJ,0000-0001-8288-5698
Samuel B. Hopkins 0001,Massachusetts Inst. of Technology,https://www.samuelbhopkins.com,E_a3VB4AAAAJ,0000-0001-6519-8079
Samuel Carton,University of New Hampshire,https://shcarton.github.io,Zx7iVcUAAAAJ,0000-0001-7520-0400
Samuel Dov Gordon,George Mason University,http://cs.gmu.edu/~gordon,wS_5894AAAAJ,0000-0000-0000-0000
Samuel Fiorini,Université libre de Bruxelles,http://homepages.ulb.ac.be/~sfiorini,Klc6YZcAAAAJ,0000-0000-0000-0000
Samuel Hopkins 0001,Massachusetts Inst. of Technology,https://www.samuelbhopkins.com,E_a3VB4AAAAJ,0000-0000-0000-0000
Samuel Horváth,MBZUAI,https://mbzuai.ac.ae/study/faculty/samuel-horvath,k252J7kAAAAJ,0000-0000-0000-0000
Samuel Hym,CRIStAL,https://www.cristal.univ-lille.fr/profil/hym,NOSCHOLARPAGE,0000-0000-0000-0000
Samuel J. Lomonaco,Univ. of Maryland - Baltimore County,http://www.csee.umbc.edu/~lomonaco,0PMb9xcAAAAJ,0000-0000-0000-0000
Samuel J. Lomonaco Jr.,Univ. of Maryland - Baltimore County,http://www.csee.umbc.edu/~lomonaco,0PMb9xcAAAAJ,0000-0000-0000-0000
Samuel Kadoury,Polytechnique Montreal,https://www.polymtl.ca/expertises/en/kadoury-samuel,HOov_S8AAAAJ,0000-0000-0000-0000
Samuel Kaski,Aalto University,https://users.ics.aalto.fi/sami,uF6H9jMAAAAJ,0000-0000-0000-0000
Samuel Kounev,University of Würzburg,https://se.informatik.uni-wuerzburg.de/software-engineering-group/staff/samuel-kounev,1iN71-YAAAAJ,0000-0000-0000-0000
Samuel L. Braunstein,University of York,https://www-users.cs.york.ac.uk/~schmuel,jh-mlXoAAAAJ,0000-0000-0000-0000
Samuel Madden 0001,Massachusetts Inst. of Technology,http://db.csail.mit.edu/madden,a1ngrCIAAAAJ,0000-0002-7470-3265
Samuel R. Buss,Univ. of California - San Diego,http://www.math.ucsd.edu/~sbuss,HlXPvCoAAAAJ,0000-0000-0000-0000
Samuel R. Madden,Massachusetts Inst. of Technology,http://db.csail.mit.edu/madden,a1ngrCIAAAAJ,0000-0000-0000-0000
Samuel T. King,Univ. of California - Davis,https://bob.cs.ucdavis.edu,ca7sXDUAAAAJ,0000-0002-7890-6051
Samuel Talmadge King,Univ. of California - Davis,https://bob.cs.ucdavis.edu,ca7sXDUAAAAJ,0000-0000-0000-0000
Samuel Z. Guyer,Tufts University,http://www.cs.tufts.edu/~sguyer,3X9nW80AAAAJ,0000-0000-0000-0000
Samy Meftali,CRIStAL,https://www.cristal.univ-lille.fr/profil/meftali,W-8M4_YAAAAJ,0000-0000-0000-0000
Sana Belguith,University of Bristol,https://research-information.bris.ac.uk/en/persons/sana-belguith,iZDvtRkAAAAJ,0000-0000-0000-0000
Sanaa Abdullah M. Sharaf,King Abdulaziz University,http://www.kau.edu.sa/Contacts.aspx?Site_ID=0&Lng=EN&Ch=47&ctl00_ContentPlaceHolder1_RadGrid1ChangePage=22_50,NOSCHOLARPAGE,0000-0000-0000-0000
Sanaa Sharafeddine,Lebanese American University,http://sas.lau.edu.lb/csm/people/sanaa-sharafeddine.php,a9_xXAwAAAAJ,0000-0000-0000-0000
Sanasam Ranbir Singh,IIT Guwahati,https://www.iitg.ernet.in/ranbir,NOSCHOLARPAGE,0000-0000-0000-0000
Sanaz Mostaghim,University of Magdeburg,http://ci.ovgu.de,bvgkhBAAAAAJ,0000-0000-0000-0000
Sanchari Das,George Mason University,https://ist.gmu.edu/profiles/sdas35,nw3Rv28AAAAJ,0000-0000-0000-0000
Sanchuan Chen,Auburn University,https://schuan.github.io,mWLdekkAAAAJ,0009-0002-3925-8079
Sanda M. Harabagiu,University of Texas at Dallas,http://www.utdallas.edu/~sanda,fkyBx9EAAAAJ,0000-0002-8186-1501
Sandareka Wickramanayake,University of Moratuwa,https://sandareka.github.io,6mlKqLgAAAAJ,0000-0000-0000-0000
Sandeep Chandran,IIT Palakkad,https://www.iitpkd.ac.in/people/sandeepchandran,NOSCHOLARPAGE,0000-0001-7110-5668
Sandeep Juneja,Tata Inst. of Fundamental Research,http://www.tcs.tifr.res.in/~sandeepj,Tfgv6VgAAAAJ,0000-0000-0000-0000
Sandeep K. Juneja,Tata Inst. of Fundamental Research,http://www.tcs.tifr.res.in/~sandeepj,Tfgv6VgAAAAJ,0000-0000-0000-0000
Sandeep K. S. Gupta,Arizona State University,https://cidse.engineering.asu.edu/directory/gupta-sandeep,U9bcQkMAAAAJ,0000-0000-0000-0000
Sandeep K. Shukla,IIT Kanpur,http://www.cse.iitk.ac.in/users/sandeeps,SKqctYsAAAAJ,0000-0001-5525-7426
Sandeep Kaur Kuttal,North Carolina State University,https://www.csc.ncsu.edu/people/skuttal,RNfafUcAAAAJ,0000-0002-2610-5308
Sandeep Kulkarni,Michigan State University,http://www.cse.msu.edu/~sandeep,9us9lu0AAAAJ,0000-0000-0000-0000
Sandeep Kumar 0002,IIT Delhi,https://sites.google.com/view/sandeepkr/home,lycMMW8AAAAJ,0000-0002-5464-929X
Sandeep Kumar Shukla,IIT Kanpur,http://www.cse.iitk.ac.in/users/sandeeps,SKqctYsAAAAJ,0000-0001-5525-7426
Sandeep Manjanna,Plaksha University,https://plaksha.edu.in/faculty-details/dr-sandeep-manjanna,FkRY-OcAAAAJ,0000-0000-0000-0000
Sandeep Neema,Vanderbilt University,https://engineering.vanderbilt.edu/bio/?pid=sandeep-neema,OhUZTZ0AAAAJ,0000-0002-9781-3619
Sandeep Sen,IIT Delhi,http://www.cse.iitd.ac.in/~ssen,GK7JUpkAAAAJ,0000-0000-0000-0000
Sandeep Silwal,University of Wisconsin - Madison,https://sandeepsilwal.com,MnDnUvcAAAAJ,0000-0000-0000-0000
Sander Bakkes,Utrecht University,http://sander.landofsand.com,R4OXfi4AAAAJ,0000-0000-0000-0000
Sander C. J. Bakkes,Utrecht University,http://sander.landofsand.com,R4OXfi4AAAAJ,0000-0000-0000-0000
Sander J. J. Leemans,RWTH Aachen University,https://leemans.ch/Sander,5_gCz9oAAAAJ,0000-0000-0000-0000
Sander M. Bohte,CWI,http://homepages.cwi.nl/~sbohte,zHlebkUAAAAJ,0000-0000-0000-0000
Sander M. Bohté,CWI,http://homepages.cwi.nl/~sbohte,zHlebkUAAAAJ,0000-0000-0000-0000
Sandhya Dwarkadas,University of Virginia,https://engineering.virginia.edu/faculty/sandhya-dwarkadas,L1pb8GUAAAAJ,0000-0003-2631-8191
Sandhya Saisubramanian,Oregon State University,https://www.sandhyasai.com,pUWf24gAAAAJ,0000-0000-0000-0000
Sandip Chakraborty 0001,IIT Kharagpur,http://cse.iitkgp.ac.in/~sandipc,pQ6C8YAAAAAJ,0000-0003-3531-968X
Sandip Das 0001,ISI Kolkata,https://www.isical.ac.in/~sandipdas,nb68w1cAAAAJ,0000-0000-0000-0000
Sandip Roy,Washington State University,http://www.eecs.wsu.edu/~sroy,kZCVufIAAAAJ,0000-0000-0000-0000
Sandip Sen,University of Tulsa,http://sandip.ens.utulsa.edu,UCTa4eAAAAAJ,0000-0001-6107-4095
Sandiway Fong,University of Arizona,http://elmo.sbs.arizona.edu/sandiway,NOSCHOLARPAGE,0000-0000-0000-0000
Sandra Bae,University of Arizona,https://sandrabae.github.io,tsJCgD4AAAAJ,0000-0000-0000-0000
Sandra Carberry,University of Delaware,https://www.eecis.udel.edu/~carberry,NOSCHOLARPAGE,0000-0000-0000-0000
Sandra Céspedes,Concordia University,http://explore.concordia.ca/sandra-cespedes,8RDQ4k8AAAAJ,0000-0000-0000-0000
Sandra Deepthy Siby,NYU Abu Dhabi,https://nyuad.nyu.edu/en/academics/divisions/engineering/faculty/sandra-siby.html,F8iusbIAAAAJ,0000-0002-9481-0826
Sandra Geisler,RWTH Aachen University,https://dbis.rwth-aachen.de/dbis/index.php/user/sgeisler,T9sjzQUAAAAJ,0000-0000-0000-0000
Sandra Hirche,TU Munich,https://campus.tum.de/tumonline/ee/ui/ca2/app/desktop/#/pl/ui/$ctx/visitenkarte.show_vcard?$ctx=design=ca2;header=max;lang=de&pPersonenGruppe=3&pPersonenId=F8E4B4CD2678ABC1,1HUVcBkAAAAJ,0000-0000-0000-0000
Sandra Julieta Rueda,Universidad de los Andes,http://profesores.virtual.uniandes.edu.co/sarueda,picn4ngAAAAJ,0000-0000-0000-0000
Sandra Kübler,Indiana University,https://cl.indiana.edu/~skuebler,uhM9L5sAAAAJ,0000-0000-0000-0000
Sandra L. Mitchell,Clemson University,https://people.cs.clemson.edu/~shedet/Sandee_Hedetniemi/Blank.html,QStDPcwAAAAJ,0000-0000-0000-0000
Sandra M. Aluísio,USP-ICMC,http://icmc.usp.br/pessoas?id=109687,9mDOHngAAAAJ,0000-0001-5108-2630
Sandra Maria Aluísio,USP-ICMC,http://icmc.usp.br/pessoas?id=109687,9mDOHngAAAAJ,0000-0000-0000-0000
Sandra Mitchell Hedetniemi,Clemson University,https://people.cs.clemson.edu/~shedet/Sandee_Hedetniemi/Blank.html,QStDPcwAAAAJ,0000-0000-0000-0000
Sandra Rueda,Universidad de los Andes,http://profesores.virtual.uniandes.edu.co/sarueda,picn4ngAAAAJ,0000-0000-0000-0000
Sandra Schulz 0001,University of Hamburg,https://www.ew.uni-hamburg.de/ueber-die-fakultaet/personen/schulz-sandra.html,9IlSBacAAAAJ,0000-0000-0000-0000
Sandra Scott-Hayward,Queen's University Belfast,https://www.qub.ac.uk/schools/eeecs/Connect/Staff/BusinessCard/?name=s.scott-hayward,ljmCEHIAAAAJ,0000-0000-0000-0000
Sandra Siegert,IST Austria,https://ist.ac.at/research/research-groups/siegert-group,Kus1pPwAAAAJ,0000-0000-0000-0000
Sandra Zilles,University of Regina,http://www.cs.uregina.ca/People/Profiles/SandraZilles.html,gkUY7QMAAAAJ,0000-0000-0000-0000
Sandro Etalle,TU Eindhoven,http://www.win.tue.nl/~setalle,pS-2CjYAAAAJ,0000-0000-0000-0000
Sandro Fouché,Towson University,https://www.towson.edu/fcsm/departments/computerinfosci/facultystaff/sfouche.html,NOSCHOLARPAGE,0000-0000-0000-0000
Sandro Luigi Fiore,University of Trento,https://webapps.unitn.it/du/en/Persona/PER0228723/Didattica,VmTh7jcAAAAJ,0000-0000-0000-0000
Sandro Rigo,UNICAMP,http://www.ic.unicamp.br/~sandro,Bkd9ZXkAAAAJ,0000-0000-0000-0000
Sandro Spina,University of Malta,https://www.um.edu.mt/profile/sandrospina,xZnYeM8AAAAJ,0000-0000-0000-0000
Sandy Garner,University of Otago,http://www.cs.otago.ac.nz/staff/Sandy_Garner,NOSCHOLARPAGE,0000-0000-0000-0000
Sandy Gould,University of Birmingham,https://www.birmingham.ac.uk/staff/profiles/computer-science/gould-sandy.aspx,DF7FgAQAAAAJ,0000-0000-0000-0000
Sandy Irani,Univ. of California - Irvine,https://www.ics.uci.edu/~irani,dBhm_oIAAAAJ,0000-0000-0000-0000
Sandy J. J. Gould,University of Birmingham,https://www.birmingham.ac.uk/staff/profiles/computer-science/gould-sandy.aspx,DF7FgAQAAAAJ,0000-0003-0476-4270
Sanem Kabadayi,Istanbul Technical University,http://web.itu.edu.tr/kabadayi,NOSCHOLARPAGE,0000-0000-0000-0000
Sanem Sariel,Istanbul Technical University,http://web.itu.edu.tr/sariel,Fw0RC2IAAAAJ,0000-0003-2993-6681
Sanem Sariel Talay,Istanbul Technical University,http://web.itu.edu.tr/sariel,Fw0RC2IAAAAJ,0000-0000-0000-0000
Sang Ho Yoon,KAIST,https://hcitech.org,ejaRQn8AAAAJ,0000-0002-3780-5350
Sang Kil Cha,KAIST,http://softsec.kaist.ac.kr/~sangkilc,kV40DzcAAAAJ,0000-0002-6012-7228
Sang Lyul Min,Seoul National University,http://archi.snu.ac.kr/symin,U4ewRr0AAAAJ,0000-0000-0000-0000
Sang Won Lee 0001,Sungkyunkwan University,http://prof.icc.skku.ac.kr/~swlee,9a-vkpgAAAAJ,0000-0000-0000-0000
Sang Won Lee 0002,Virginia Tech,http://people.cs.vt.edu/sangwonlee,II2NGWIAAAAJ,0000-0002-1026-315X
Sang Woo Jun,Univ. of California - Irvine,https://www.ics.uci.edu/~swjun,l9zZMOYAAAAJ,0000-0002-5548-2241
Sang-Goo Lee,Seoul National University,http://ids.snu.ac.kr/site/members/M_Sang-goo_Lee.html,sg7xgbsAAAAJ,0000-0000-0000-0000
Sang-Hyun Park 0003,Yonsei University,http://delab.yonsei.ac.kr/sanghyun,wVcle04AAAAJ,0000-0000-0000-0000
Sang-Won Lee 0001,Sungkyunkwan University,http://prof.icc.skku.ac.kr/~swlee,9a-vkpgAAAAJ,0000-0002-4206-3718
Sang-Wook Kim,Hanyang University,http://www.agape.hanyang.ac.kr/members/prof,ed2vz_oAAAAJ,0000-0002-6345-9084
Sang-Yoon Chang,UCCS,https://academics.uccs.edu/~schang2,m9j4C0gAAAAJ,0000-0002-5736-5823
Sang-goo Lee,Seoul National University,http://ids.snu.ac.kr/site/members/M_Sang-goo_Lee.html,sg7xgbsAAAAJ,0000-0002-0063-0083
Sang-hyo Park,Kyungpook National University,http://sites.google.com/view/knuvi,ZG8REuYAAAAJ,0000-0000-0000-0000
SangKeun Lee 0001,Korea University,http://dilab.korea.ac.kr/?page_id=658,BGSUpLgAAAAJ,0000-0002-6249-8217
Sangeetha Abdu Jyothi,Univ. of California - Irvine,https://www.ics.uci.edu/~sabdujyo,MFZC4EgAAAAJ,0009-0000-0503-4478
Sangeun Oh,Korea University,https://mes.korea.ac.kr,4RSmVagAAAAJ,0000-0002-2294-6572
Sanghack Lee,Seoul National University,https://www.sanghacklee.me,hsxjzdkAAAAJ,0000-0000-0000-0000
Sanghamitra Bandyopadhyay,ISI Kolkata,https://www.isical.ac.in/~sanghami,mHrEBuUAAAAJ,0000-0000-0000-0000
Sanghamitra Dutta,Univ. of Maryland - College Park,https://www.cs.umd.edu/people/sanghamd,BgaqaXwAAAAJ,0000-0000-0000-0000
Sangharatna Godboley,National Inst. of Tech. Warangal,https://wsdc.nitw.ac.in/facultynew/facultyprofile/id/17074,_HlGuXAAAAAJ,0000-0002-6169-6334
Sanghyun Hong 0001,Oregon State University,https://sanghyun-hong.github.io,664LW90AAAAJ,0000-0003-4154-7611
Sanghyun Park 0003,Yonsei University,http://delab.yonsei.ac.kr/sanghyun,wVcle04AAAAJ,0000-0000-0000-0000
Sangjin Hong,Stony Brook University,http://www.stonybrook.edu/commcms/electrical/people/Hong_Sangjin.html,NOSCHOLARPAGE,0000-0000-0000-0000
Sangjin Lee 0002,Korea University,https://dfrc.korea.ac.kr,saNBwbQAAAAJ,0000-0000-0000-0000
Sangkyun Lee 0002,Korea University,https://air.korea.ac.kr,H9TufgYAAAAJ,0000-0000-0000-0000
Sanglu Lu,Nanjing University,https://cs.nju.edu.cn/58/1e/c2639a153630/page.htm,NOSCHOLARPAGE,0000-0003-1467-4519
Sangmi Lee Pallickara,Colorado State University,http://www.cs.colostate.edu/~sangmi,3_rdKBsAAAAJ,0000-0000-0000-0000
Sangmi Pallickara,Colorado State University,http://www.cs.colostate.edu/~sangmi,3_rdKBsAAAAJ,0000-0000-0000-0000
Sangmin Lee 0001,Korea University,https://sites.google.com/view/pixel-lab-ai,nP-AXZUAAAAJ,0000-0002-8606-2549
Sangtae Ha,University of Colorado Boulder,http://ngn.cs.colorado.edu/~sangtaeha,GcMKuu8AAAAJ,0000-0001-5983-5430
Sanguthevar Rajasekaran,University of Connecticut,http://www.engr.uconn.edu/~rajasek,fKoTRs8AAAAJ,0000-0000-0000-0000
Sangwook Kim,Kyungpook National University,http://media.knu.ac.kr,NOSCHOLARPAGE,0000-0000-0000-0000
Sanidhya Kashyap,EPFL,https://sanidhya.github.io,rJTH4mYAAAAJ,0000-0002-9534-8565
Sanjam Garg,Univ. of California - Berkeley,http://www.cs.berkeley.edu/~sanjamg,mb8mQH8AAAAJ,0000-0003-1330-0419
Sanjay Bhattacherjee,Ecole Normale Superieure de Lyon,http://perso.ens-lyon.fr/sanjay.bhattacherjee,rpUwbWIAAAAJ,0000-0002-3367-6192
Sanjay G. Rao,Purdue University,https://engineering.purdue.edu/~sanjay,v_uxLhgAAAAJ,0000-0003-4825-4352
Sanjay Jain 0001,National University of Singapore,https://www.comp.nus.edu.sg/~sanjay,PYOH-4kAAAAJ,0000-0001-6798-8330
Sanjay Jha,UNSW,http://www.cse.unsw.edu.au/~sjha,Hiv2PjEAAAAJ,0000-0000-0000-0000
Sanjay Jha 0001,UNSW,http://www.cse.unsw.edu.au/~sjha,Hiv2PjEAAAAJ,0000-0002-1844-1520
Sanjay K. Bose,Plaksha University,https://user.plaksha.edu.in/sanjay-bose,BR6HchkAAAAJ,0000-0000-0000-0000
Sanjay K. Jha,UNSW,http://www.cse.unsw.edu.au/~sjha,Hiv2PjEAAAAJ,0000-0002-1844-1520
Sanjay K. Sahay,BITS Pilani-Goa,https://www.bits-pilani.ac.in/goa/ssahay/profile,i6lSvKEAAAAJ,0000-0000-0000-0000
Sanjay Krishnan,University of Chicago,http://sanjayk.io,Yxh9WWoAAAAJ,0000-0001-6968-4090
Sanjay Kumar Bose,Plaksha University,https://user.plaksha.edu.in/sanjay-bose,BR6HchkAAAAJ,0000-0000-0000-0000
Sanjay Kumar Jha,UNSW,http://www.cse.unsw.edu.au/~sjha,q05SjeoAAAAJ,0000-0000-0000-0000
Sanjay Kumar Sahay,BITS Pilani-Goa,https://www.bits-pilani.ac.in/goa/ssahay/profile,i6lSvKEAAAAJ,0000-0000-0000-0000
Sanjay Kumar Singh,IIT (BHU) Varanasi,http://www.iitbhu.ac.in/cse/index.php/people/faculty/25.html,YEmMQUgAAAAJ,0000-0000-0000-0000
Sanjay Madria,Missouri S&T,https://web.mst.edu/cswebdb/people.html,4xAVBVIAAAAJ,0000-0000-0000-0000
Sanjay Mathrani,Massey University,http://www.massey.ac.nz/massey/expertise/profile.cfm?stref=534040,JXQvDqEAAAAJ,0000-0000-0000-0000
Sanjay Modgil,King's College London,https://www.kcl.ac.uk/people/sanjay-modgil,JSARf0MAAAAJ,0000-0000-0000-0000
Sanjay Purushotham,Univ. of Maryland - Baltimore County,https://sanjayp.is.umbc.edu,Q0iwucYAAAAJ,0000-0003-4315-7916
Sanjay Rajopadhye,Colorado State University,http://www.cs.colostate.edu/~svr,fYOdJ-oAAAAJ,0000-0000-0000-0000
Sanjay Ranka,University of Florida,https://www.cise.ufl.edu/people/faculty/ranka,j7WSgbwAAAAJ,0000-0003-4886-1988
Sanjay Rawat 0001,University of Bristol,http://www.bristol.ac.uk/engineering/people/sanjay-rawat/index.html,9T1aL3wAAAAJ,0000-0003-0875-7924
Sanjay Shakkottai,University of Texas at Austin,https://sites.google.com/view/sanjay-shakkottai/home,NOSCHOLARPAGE,0000-0002-4325-9050
Sanjay Srivastava,DAIICT,http://intranet.daiict.ac.in/~sanjay_srivastava,VpSSqi0AAAAJ,0000-0000-0000-0000
Sanjay V. Rajopadhye,Colorado State University,http://www.cs.colostate.edu/~svr,fYOdJ-oAAAAJ,0000-0002-4246-6066
Sanjaya Kumar Panda,National Inst. of Tech. Warangal,https://wsdc.nitw.ac.in/facultynew/facultyprofile/id/17027,Amtx7OIAAAAJ,0000-0000-0000-0000
Sanjeev Arora,Princeton University,https://www.cs.princeton.edu/~arora,RUP4S68AAAAJ,0000-0002-8636-9970
Sanjeev Baskiyar,Auburn University,http://www.eng.auburn.edu/~baskiyar,hrOiwPIAAAAJ,0000-0000-0000-0000
Sanjeev Bedi,University of Waterloo,https://uwaterloo.ca/mechanical-mechatronics-engineering/profile/sbedi,FrrPL50AAAAJ,0000-0000-0000-0000
Sanjeev Gupta,DAIICT,http://www.daiict.ac.in/daiict/people/faculty.html,yJ50KJsAAAAJ,0000-0000-0000-0000
Sanjeev Khanna,New York University,http://www.cis.upenn.edu/~sanjeev,HriWXcEAAAAJ,0009-0000-2601-1689
Sanjeev Khudanpur,Johns Hopkins University,https://www.clsp.jhu.edu/faculty/sanjeev-khudanpur,K-BdgNwAAAAJ,0000-0000-0000-0000
Sanjeev Saxena,IIT Kanpur,http://www.iitk.ac.in/new/dr-sanjeev-saxena,_hRiGsQAAAAJ,0000-0000-0000-0000
Sanjeev Setia,George Mason University,https://cs.gmu.edu/~setia,UlbFDqoAAAAJ,0000-0000-0000-0000
Sanjiang Li,University of Technology Sydney,https://www.uts.edu.au/staff/sanjiang.li,NOSCHOLARPAGE,0000-0002-3332-2546
Sanjib Sur 0001,University of South Carolina,https://cse.sc.edu/~sur,sgShf0sAAAAJ,0000-0002-5711-3087
Sanjiban Choudhury,Cornell University,https://www.sanjibanchoudhury.com,5lB_d78AAAAJ,0000-0003-2762-8888
Sanjit A. Seshia,Univ. of California - Berkeley,https://people.eecs.berkeley.edu/~sseshia,SlZavnIAAAAJ,0000-0001-6190-8707
Sanjit Chatterjee,IISc Bangalore,http://www.csa.iisc.ac.in/~sanjit,bbLLOyIAAAAJ,0000-0000-0000-0000
Sanjit Seshia,Univ. of California - Berkeley,https://people.eecs.berkeley.edu/~sseshia,SlZavnIAAAAJ,0000-0000-0000-0000
Sanjiv Kapoor,Illinois Institute of Technology,https://science.iit.edu/people/faculty/sanjiv-kapoor,5KwApbgAAAAJ,0000-0000-0000-0000
Sanjiva Prasad,IIT Delhi,http://www.cse.iitd.ernet.in/~sanjiva,NOSCHOLARPAGE,0000-0000-0000-0000
Sanjoy Dasgupta,Univ. of California - San Diego,http://cseweb.ucsd.edu/~dasgupta,NOSCHOLARPAGE,0000-0000-0000-0000
Sanjoy K. Baruah,Washington University in St. Louis,https://sites.wustl.edu/baruah,qC7oNRUAAAAJ,0000-0002-4541-3445
Sanjoy Kumar Saha 0001,Jadavpur University,http://jaduniv.edu.in/profile.php?uid=667,X3Cu3hYAAAAJ,0000-0000-0000-0000
Sanjukta Bhowmick,University of North Texas,https://computerscience.engineering.unt.edu/people/faculty/sanjukta-bhowmick,MegF9mYAAAAJ,0000-0000-0000-0000
Sanjukta Krishnagopal,Univ. of California - Santa Barbara,https://cs.ucsb.edu/people/faculty/sanjukta-krishnagopal,v2NCd7cAAAAJ,0000-0000-0000-0000
Sankha Narayan Guria,University of Kansas,https://sankhs.com,uBbQD4QAAAAJ,0000-0002-5155-0964
Sanli Li,Tsinghua University,http://www.tsinghua.edu.cn/publish/newthuen/newthuen_cnt/faculties/faculties-3-18.html,HE-BcAMAAAAJ,0000-0000-0000-0000
Sanmay Das,Virginia Tech,https://cs.gmu.edu/~sanmay,HRSDO6IAAAAJ,0000-0000-0000-0000
Sanmi Koyejo,Stanford University,https://cs.stanford.edu/~sanmi,EaaOeJwAAAAJ,0000-0002-4023-419X
Sanne Abeln,VU Amsterdam,http://www.few.vu.nl/~abeln,TUBisFAAAAAJ,0000-0002-2779-7174
Sanorita Dey,Univ. of Maryland - Baltimore County,https://redirect.cs.umbc.edu/~sanorita,A0_KDngAAAAJ,0000-0000-0000-0000
Sanshuai Cui,City University of Macau,https://fds.cityu.edu.mo/en/members/284,sRUo8BAAAAAJ,0000-0000-0000-0000
Sansiri Tanachutiwat,KMUTNB,https://tggs.kmutnb.ac.th/dr-sansiri-tanachutiwa,EDs4YooAAAAJ,0000-0000-0000-0000
Santanu Chaudhury,IIT Jodhpur,https://web.iitd.ac.in/~santanuc,V6NJi4kAAAAJ,0000-0000-0000-0000
Santanu Kumar Dash 0001,Royal Holloway Univ. of London,https://pure.royalholloway.ac.uk/en/persons/santanu-dash,aNI6aTkAAAAJ,0000-0002-5674-8531
Santhoshini Velusamy,University of Waterloo,https://uwaterloo.ca/computer-science/contacts/santhoshini-velusamy,GpxRFs4AAAAJ,0000-0002-0294-5425
Santi Ontañón,Drexel University,http://drexel.edu/cci/contact/Faculty/Ontanon-Santiago,aS-DrOwAAAAJ,0000-0000-0000-0000
Santi Ontañón Villar,Drexel University,http://drexel.edu/cci/contact/Faculty/Ontanon-Santiago,aS-DrOwAAAAJ,0000-0000-0000-0000
Santiago Ceria,University of Buenos Aires,https://twitter.com/santiagoceria?lang=en,NOSCHOLARPAGE,0000-0000-0000-0000
Santiago Chumbe,Heriot-Watt University,https://researchportal.hw.ac.uk/en/persons/santiago-segundo-chumbe,4zoTdQMAAAAJ,0000-0000-0000-0000
Santiago Figueira,University of Buenos Aires,http://www.glyc.dc.uba.ar/santiago,WzLmB-4AAAAJ,0000-0000-0000-0000
Santiago Franco Aixela,Royal Holloway Univ. of London,https://pure.royalholloway.ac.uk/en/persons/santiago-franco-aixela,lX6kGsYAAAAJ,0000-0000-0000-0000
Santiago Ontañón,Drexel University,http://drexel.edu/cci/contact/Faculty/Ontanon-Santiago,aS-DrOwAAAAJ,0000-0000-0000-0000
Santiago Rodríguez Yánez,University of A Coruña,https://pdi.udc.es/es/File/Pdi/SB2AF,NOSCHOLARPAGE,0000-0000-0000-0000
Santiago Segarra,Rice University,https://segarra.rice.edu,O1aSMXQAAAAJ,0000-0002-8408-9633
Santiago V. Ravelo,UFRGS,https://www.inf.ufrgs.br/site/docente/santiago-valdes-ravelo,hEanizAAAAAJ,0000-0000-0000-0000
Santo Fortunato,Indiana University,https://www.santofortunato.net,NDrCCokAAAAJ,0000-0000-0000-0000
Santonu Sarkar,BITS Pilani-Goa,https://www.bits-pilani.ac.in/goa/santonus/profile,8UNP6BIAAAAJ,0000-0001-9470-7012
Santosh Biswas,IIT Bhilai,https://www.iitbhilai.ac.in/index.php?pid=santosh,Myp5iZkAAAAJ,0000-0000-0000-0000
Santosh Kumar 0001,University of Memphis,https://www.memphis.edu/cs/people/faculty_pages/santosh-kumar.php,f0i_WNoAAAAJ,0000-0002-9273-0291
Santosh Nagarakatte,Rutgers University,https://www.cs.rutgers.edu/~santosh.nagarakatte,J7H4N_4AAAAJ,0000-0002-5048-8548
Santosh Pande,Georgia Institute of Technology,http://www.cc.gatech.edu/fac/Santosh.Pande,d6vL_ZkAAAAJ,0000-0001-6723-8062
Santosh Pandey,University of South Florida,https://www.usf.edu/ai-cybersecurity-computing/people/faculty/santosh_pandey.aspx,4jtGttIAAAAJ,0000-0000-0000-0000
Santosh S. Vempala,Georgia Institute of Technology,http://www.cc.gatech.edu/~vempala,hRggMmIAAAAJ,0000-0002-3779-433X
Santosh Srinivas Vempala,Georgia Institute of Technology,http://www.cc.gatech.edu/~vempala,hRggMmIAAAAJ,0000-0000-0000-0000
Santosh Vempala,Georgia Institute of Technology,http://www.cc.gatech.edu/~vempala,hRggMmIAAAAJ,0000-0000-0000-0000
Saori C. Tanaka,NAIST,https://xsaori.github.io,Kysh6goAAAAJ,0000-0000-0000-0000
Saptarashmi Bandyopadhyay,CUNY,https://www.gc.cuny.edu/people/saptarashmi-bandyopadhyay,UqTGV4gAAAAJ,0000-0000-0000-0000
Saptarshi Debroy,CUNY,http://www.cs.hunter.cuny.edu/~S.Debroy99,z1Lr_cUAAAAJ,0000-0000-0000-0000
Saptarshi Ghosh 0001,IIT Kharagpur,https://sites.google.com/site/saptarshighosh,7TmKZv0AAAAJ,0000-0002-2306-300X
Saqib A. Kakvi,Royal Holloway Univ. of London,https://pure.royalholloway.ac.uk/en/persons/saqib-kakvi,n7m68JwAAAAJ,0000-0003-4425-4240
Sara Beery,Massachusetts Inst. of Technology,https://beerys.github.io,Hbr4c10AAAAJ,0000-0002-2544-1844
Sara Bernardini,Royal Holloway Univ. of London,https://pure.royalholloway.ac.uk/portal/en/persons/sara-bernardini(775b7f60-f913-4a31-aac5-85231cd69f11).html,DoRgrvQAAAAJ,0000-0000-0000-0000
Sara C. Madeira,Universidade de Lisboa,https://ciencias.ulisboa.pt/pt/perfil/sacmadeira,rpaGL7AAAAAJ,0000-0002-1459-8096
Sara Cohen,Hebrew University of Jerusalem,http://www.cs.huji.ac.il/~sara,J2sg9BwAAAAJ,0000-0002-8482-9435
Sara Comai,Politecnico di Milano,http://home.deib.polimi.it/comai,NOSCHOLARPAGE,0000-0002-9554-8815
Sara Cordeiro Madeira,Universidade de Lisboa,https://ciencias.ulisboa.pt/pt/perfil/sacmadeira,rpaGL7AAAAAJ,0000-0000-0000-0000
Sara Heitlinger,City University of London,https://www.city.ac.uk/people/academics/sara-heitlinger,Ro_KHwgAAAAJ,0000-0001-6148-350X
Sara Hooshangi,Virginia Tech,https://nvc.cs.vt.edu/faculty/Sara-Hooshangi.html,NOSCHOLARPAGE,0000-0002-1378-7709
Sara J. Graves,University of Alabama - Huntsville,https://www.uah.edu/science/departments/computer-science/faculty-staff/sara-graves,NOSCHOLARPAGE,0000-0000-0000-0000
Sara Kalvala,University of Warwick,https://warwick.ac.uk/fac/sci/dcs/people/sara_kalvala,6pPqenQAAAAJ,0000-0000-0000-0000
Sara Khalifa,Queensland Univ. of Technology,https://www.qut.edu.au/about/our-people/academic-profiles/sara.khalifa,51qUEL4AAAAJ,0000-0000-0000-0000
Sara Ljungblad,Chalmers/GU,https://www.chalmers.se/en/staff/Pages/sara-ljungblad.aspx,NOSCHOLARPAGE,0000-0000-0000-0000
Sara McAllister,University of Wisconsin - Madison,https://saramcallister.github.io,6FV_p28AAAAJ,0000-0001-5253-7094
Sara Mostafavi,University of Washington,http://saramostafavi.github.io,nBL0J6kAAAAJ,0000-0000-0000-0000
Sara Nadi,University of Alberta,https://www.ualberta.ca/science/about-us/contact-us/faculty-directory/sarah-nadi,PxNO2g8AAAAJ,0000-0000-0000-0000
Sara Rampazzi,University of Florida,https://sararampazzi.com,I9d0CrAAAAAJ,0000-0002-3630-6269
Sara Shurin,Hebrew University of Jerusalem,http://www.cs.huji.ac.il/~sara,J2sg9BwAAAAJ,0000-0002-8482-9435
Sara Silva,Universidade de Lisboa,https://ciencias.ulisboa.pt/perfil/sgsilva,g15oqi0AAAAJ,0000-0000-0000-0000
Sarah Adel Bargal,Georgetown University,https://bargal.georgetown.domains,zjlFcrEAAAAJ,0000-0000-0000-0000
Sarah Chasins,Univ. of California - Berkeley,https://schasins.com,NOSCHOLARPAGE,0000-0000-0000-0000
Sarah Clinch,University of Manchester,https://www.research.manchester.ac.uk/portal/sarah.clinch.html,JBwY2kAAAAAJ,0000-0002-9305-4774
Sarah Creem,University of Utah,https://psych.utah.edu/people/faculty/creem-regehr-sarah.php,D2zmt18AAAAJ,0000-0000-0000-0000
Sarah Dean,Cornell University,https://sdean.website,xhKqjpYAAAAJ,0000-0002-5614-3532
Sarah E. Chasins,Univ. of California - Berkeley,https://schasins.com,NOSCHOLARPAGE,0000-0003-0557-3580
Sarah E. Frost,Boise State University,https://www.boisestate.edu/coen-cs/people/faculty/sarahfrost,Iqi1OssAAAAJ,0000-0000-0000-0000
Sarah E. Murphy,Boise State University,https://www.boisestate.edu/coen-cs/people/faculty/sarahfrost,Iqi1OssAAAAJ,0000-0000-0000-0000
Sarah Ellen Webber,University of Melbourne,https://findanexpert.unimelb.edu.au/profile/122722-sarah-webber,v2QpTA0AAAAJ,0000-0000-0000-0000
Sarah Goodwin,Monash University,https://research.monash.edu/en/persons/sarah-goodwin,dnAoihsAAAAJ,0000-0001-8894-8282
Sarah H. Creem-Regehr,University of Utah,https://psych.utah.edu/people/faculty/creem-regehr-sarah.php,D2zmt18AAAAJ,0000-0001-7740-1118
Sarah Homewood,University of Copenhagen,https://sarahhomewood.com,jph_2x4AAAAJ,0000-0003-1389-8246
Sarah Ita Levitan,CUNY,http://www.cs.columbia.edu/~sarahita,-U_XtWsAAAAJ,0000-0002-1160-6169
Sarah Keren,Technion,https://sarahk.cs.technion.ac.il,Lmco3q8AAAAJ,0000-0000-0000-0000
Sarah M. Brown,University of Rhode Island,http://sarahmbrown.org,01V-PE4AAAAJ,0000-0000-0000-0000
Sarah M. Erfani,University of Melbourne,https://findanexpert.unimelb.edu.au/profile/639922-sarah-monazam-erfani,Jq9ocx4AAAAJ,0000-0003-0885-0643
Sarah Masud Preum,Dartmouth College,https://web.cs.dartmouth.edu/people/sarah-masud-preum,TyO23NgAAAAJ,0000-0002-7771-8323
Sarah Nadi,NYU Abu Dhabi,https://sarahnadi.org,PxNO2g8AAAAJ,0000-0002-0091-6030
Sarah Pink,Monash University,https://research.monash.edu/en/persons/sarah-pink,fFdZsBQAAAAJ,0000-0000-0000-0000
Sarah Preum,Dartmouth College,https://web.cs.dartmouth.edu/people/sarah-masud-preum,TyO23NgAAAAJ,0000-0002-7771-8323
Sarah Scheffler,Carnegie Mellon University,https://www.sarahscheffler.net,YPq45Q0AAAAJ,0000-0003-1202-7502
Sarah Sebo,University of Chicago,https://sarahsebo.com,6gWYMigAAAAJ,0000-0003-2211-6429
Sarah Strohkorb,University of Chicago,https://sarahsebo.com,6gWYMigAAAAJ,0000-0000-0000-0000
Sarah Strohkorb Sebo,University of Chicago,https://sarahsebo.com,6gWYMigAAAAJ,0000-0000-0000-0000
Sarah Wiegreffe,Univ. of Maryland - College Park,https://www.cs.umd.edu/people/sarahwie,YoR3IugAAAAJ,0000-0000-0000-0000
Sarah Wiseman,Goldsmiths University of London,https://www.gold.ac.uk/computing/people/wiseman-sarah,NdRUEYIAAAAJ,0000-0000-0000-0000
Sarah Zelikovitz,CUNY,http://www.cs.csi.cuny.edu/~zelikovi,JJvTMLsAAAAJ,0000-0000-0000-0000
Saraju P. Mohanty,University of North Texas,http://www.smohanty.org,G0uvNwsAAAAJ,0000-0003-2959-6541
Sarana Nutanong,VISTEC,https://vistec.ist/faculty-member/sarana,fEPAC_AAAAAJ,0000-0003-1068-850X
Sarang C. Joshi,University of Utah,https://www.sci.utah.edu/people/sjoshi.html,GyqdQTEAAAAJ,0000-0000-0000-0000
Sarani Bhattacharya,IIT Kharagpur,https://sites.google.com/view/drsaranibhattacharya/bio,MYJwVyAAAAAJ,0000-0002-4190-2671
Saranya Maneeroj,Chulalongkorn University,http://www.math.sc.chula.ac.th/en/profile/saranya.m,NOSCHOLARPAGE,0000-0000-0000-0000
Saraswati Kalvala,University of Warwick,https://warwick.ac.uk/fac/sci/dcs/people/sara_kalvala,6pPqenQAAAAJ,0000-0000-0000-0000
Sarath Chandar,Polytechnique Montreal,http://sarathchandar.in,yxWtZLAAAAAJ,0000-0000-0000-0000
Sarath Dantu,Brunel University London,https://sites.google.com/view/sarathchandradantu/home,mzK5BcAAAAAJ,0000-0000-0000-0000
Sarath Sreedharan,Colorado State University,http://sarathsreedharan.com,zriD7s8AAAAJ,0000-0002-2299-0178
Sarbani Palit,ISI Kolkata,https://www.isical.ac.in/~sarbanip,RYeIY-0AAAAJ,0000-0000-0000-0000
Sarbani Roy,Jadavpur University,https://sites.google.com/site/sarbaniroy,vembv2sAAAAJ,0000-0000-0000-0000
Sargur N. Srihari,University at Buffalo,https://cedar.buffalo.edu/~srihari,tC7MXlwAAAAJ,0000-0000-0000-0000
Sariel Har-Peled,Univ. of Illinois at Urbana-Champaign,https://cs.illinois.edu/directory/profile/sariel,2s9_ZWgAAAAJ,0000-0003-2638-9635
Sarit Kraus,Bar-Ilan University,http://u.cs.biu.ac.il/~sarit,PfgeYGwAAAAJ,0000-0003-4672-623X
Sarita Mazzini Bruschi,USP-ICMC,http://icmc.usp.br/pessoas?id=3768967,WC0YcfkAAAAJ,0000-0000-0000-0000
Sarita Rosenstock,University of Melbourne,https://findanexpert.unimelb.edu.au/profile/1021043-sarita-rosenstock,6X3eiwcAAAAJ,0000-0000-0000-0000
Sarita V. Adve,Univ. of Illinois at Urbana-Champaign,http://rsim.cs.illinois.edu/~sadve,5m-oAesAAAAJ,0000-0002-3403-5119
Sarma B. K. Vrudhula,Arizona State University,https://search.asu.edu/profile/761142,2UF8gNsAAAAJ,0000-0001-9278-2959
Sarmistha Neogy,Jadavpur University,http://jaduniv.edu.in/profile.php?uid=873,ync_fv8AAAAJ,0000-0000-0000-0000
Saroj K. Biswas 0001,National Inst. of Tech. Silchar,http://cs.nits.ac.in/saroj,KHQrZawAAAAJ,0000-0000-0000-0000
Saroj Kaushik,IIT Delhi,http://www.cse.iitd.ernet.in/~saroj,NOSCHOLARPAGE,0000-0000-0000-0000
Saroj Kumar Biswas,National Inst. of Tech. Silchar,http://cs.nits.ac.in/saroj,KHQrZawAAAAJ,0000-0000-0000-0000
Sartaj K. Sahni,University of Florida,http://www.cise.ufl.edu/~sahni,gMQWxE0AAAAJ,0000-0000-0000-0000
Sartaj Sahni,University of Florida,http://www.cise.ufl.edu/~sahni,gMQWxE0AAAAJ,0000-0000-0000-0000
Sarunas Girdzijauskas,KTH Royal Inst. of Technology,https://www.kth.se/profile/sarunasg,mhqpsO4AAAAJ,0000-0003-4516-7317
Sarvapali D. Ramchurn,University of Southampton,https://www.ecs.soton.ac.uk/people/sdr1,PVZnzdsAAAAJ,0000-0001-9686-4302
Sarvapali Dyanand Ramchurn,University of Southampton,https://www.ecs.soton.ac.uk/people/sdr1,PVZnzdsAAAAJ,0000-0000-0000-0000
Sasa Misailovic,Univ. of Illinois at Urbana-Champaign,http://illinois.edu/calendar/detail/2568/32614650,3qJQjIYAAAAJ,0000-0001-7319-8845
Sasa Radomirovic,University of Surrey,https://www.surrey.ac.uk/people/sasa-radomirovic,3KP-_8cAAAAJ,0000-0001-5285-2297
Sasan Mahmoodi,University of Southampton,https://www.ecs.soton.ac.uk/people/sm3y07,O784PiEAAAAJ,0000-0000-0000-0000
Sasanka Roy,ISI Kolkata,https://www.isical.ac.in/~sasanka,MXzoc30AAAAJ,0000-0000-0000-0000
Sascha Fahl,CISPA Helmholtz Center,https://saschafahl.de,uiB3WGEAAAAJ,0000-0002-5644-3316
Sascha Hunold,TU Wien,https://hunoldscience.net,b5ezk4YAAAAJ,0000-0002-5280-3855
Sascha Ossowski,Universidad Rey Juan Carlos,http://www.ia.urjc.es/~sossowski,UYvMqW8AAAAJ,0000-0000-0000-0000
Sasha Boldyreva,Georgia Institute of Technology,http://www.cc.gatech.edu/~aboldyre,8mHLyRoAAAAJ,0000-0000-0000-0000
Sasha Rakhlin,Massachusetts Inst. of Technology,https://www.mit.edu/~rakhlin,fds2VpgAAAAJ,0000-0000-0000-0000
Sasha Rubin,University of Sydney,https://www.sydney.edu.au/engineering/about/our-people/academic-staff/sasha-rubin.html,f5HrcOwAAAAJ,0000-0002-3948-129X
Sashank Narain,University of Massachusetts Lowell,https://www.linkedin.com/in/sashanknarain,Wq9DQuoAAAAJ,0000-0001-5377-3750
Sashank Varma,Georgia Institute of Technology,https://www.cc.gatech.edu/people/sashank-varma,kq16N1AAAAAJ,0000-0000-0000-0000
Sashikumaar Ganesan,IISc Bangalore,https://cds.iisc.ac.in/faculty/sashi,h3t25mkAAAAJ,0000-0000-0000-0000
Sasikumar Punnekkat,Mälardalen University,http://www.es.mdh.se/staff/87-Sasikumar_Punnekkat,mEASLGcAAAAJ,0000-0001-5269-3900
Sasthi C. Ghosh 0001,ISI Kolkata,https://www.isical.ac.in/~sasthi,3ykZojsAAAAJ,0000-0000-0000-0000
Sasu Tarkoma,University of Helsinki,https://www.cs.helsinki.fi/u/starkoma,UTRmf5MAAAAJ,0000-0003-4220-3650
Saswata Shannigrahi,IIIT Hyderabad,https://www.iiit.ac.in/people/faculty/saswata.sh,PbbIftYAAAAJ,0000-0000-0000-0000
Sathiamoorthy Manoharan,University of Auckland,https://unidirectory.auckland.ac.nz/profile/s-manoharan,NOSCHOLARPAGE,0000-0003-4958-4185
Sathish A. P. Kumar,Cleveland State University,http://cis.csuohio.edu/~kumar/index.html,iU2nbYAAAAAJ,0000-0000-0000-0000
Sathish Gopalakrishnan,University of British Columbia,https://www.ece.ubc.ca/faculty/sathish-gopalakrishnan,NOSCHOLARPAGE,0000-0003-2959-4802
Sathish Govindarajan,IISc Bangalore,http://www.csa.iisc.ac.in/~gsat,6sRrxpAAAAAJ,0000-0000-0000-0000
Sathish S. Vadhiyar,IISc Bangalore,https://cds.iisc.ac.in/faculty/vss,DPhCyJMAAAAJ,0000-0000-0000-0000
Sathish Vadhiyar,IISc Bangalore,https://cds.iisc.ac.in/faculty/vss,DPhCyJMAAAAJ,0000-0000-0000-0000
Sathya N. Ravi,University of Illinois at Chicago,https://cs.uic.edu/profiles/sathya,FW-0thoAAAAJ,0000-0003-3881-6323
Sathya Narayanan Ravi,University of Illinois at Chicago,https://cs.uic.edu/profiles/sathya,FW-0thoAAAAJ,0000-0000-0000-0000
Sathya Peri,IIT Hyderabad,http://www.iith.ac.in/~sathya_p,fUUk1jkAAAAJ,0000-0002-3471-7929
Sathyanarayanan N. Aakur,Auburn University,https://saakur.github.io,ALuKL5oAAAAJ,0000-0003-1062-8929
Satish K. Tripathi,University at Buffalo,https://www.buffalo.edu/president/biography.html,sEWn3i8AAAAJ,0000-0000-0000-0000
Satish Narayana Srirama,University of Tartu,http://math.ut.ee/~srirama,Rx16jjwAAAAJ,0000-0002-7600-7124
Satish Narayanasamy,University of Michigan,http://web.eecs.umich.edu/~nsatish,MZKvGjYAAAAJ,0000-0001-5016-1214
Satish Puri,Missouri S&T,https://sites.mst.edu/puri,ZppYat0AAAAJ,0000-0003-1180-500X
Satish Rao,Univ. of California - Berkeley,http://www.cs.berkeley.edu/~satishr,x_cgL6gAAAAJ,0000-0000-0000-0000
Satish V. Ukkusuri,Purdue University,https://www.cs.purdue.edu/people/faculty/sukkusur.html,9gmoT80AAAAJ,0000-0001-8754-9925
Satoru Iwata 0001,University of Tokyo,http://www.opt.mist.i.u-tokyo.ac.jp/~iwata,6FWSv1EAAAAJ,0000-0000-0000-0000
Satoru Miyano,University of Tokyo,http://bonsai.hgc.jp/people/miyano/profile.html,NOSCHOLARPAGE,0000-0002-1753-6616
Satoshi Iizuka,University of Tsukuba,http://iizuka.cs.tsukuba.ac.jp/index_eng.html,fncZHTUAAAAJ,0000-0001-9136-8297
Satoshi Ikehata,National Inst. of Informatics,https://satoshi-ikehata.github.io,Poc22dcAAAAJ,0000-0002-6061-7956
Satoshi Matsuoka,Tokyo Institute of Technology,http://matsu-www.is.titech.ac.jp/~matsu/index.html.en,UcWOl8YAAAAJ,0000-0003-1910-8532
Satoshi Nakamura,NAIST,https://ahcweb01.naist.jp/en,ckdfXawAAAAJ,0000-0000-0000-0000
Satoshi Tsujimoto,Kyoto University,http://www-is.amp.i.kyoto-u.ac.jp/lab/en/tujimoto,NOSCHOLARPAGE,0000-0000-0000-0000
Satrajit Ghosh,IIT Kharagpur,https://satcrypt.github.io,DC6eaGYAAAAJ,0000-0003-2657-5286
Satwik Patnaik,University of Delaware,https://sites.google.com/udel.edu/satwikpatnaik,W6IEe98AAAAJ,0000-0002-8975-2414
Satya Ranjan Dash,KIIT Bhubaneswar,https://ksca.kiit.ac.in/profiles/satya-ranjan-dash,3aLkeUYAAAAJ,0000-0000-0000-0000
Satyadev Nandakumar,IIT Kanpur,http://www.cse.iitk.ac.in/users/satyadev,lMAxggwAAAAJ,0000-0000-0000-0000
Satyajayant Misra,New Mexico State University,http://www.cs.nmsu.edu/~misra,KJPGePAAAAAJ,0000-0000-0000-0000
Satyajit Thakor,IIT Mandi,http://faculty.iitmandi.ac.in/~satyajit,B4gJ7CoAAAAJ,0000-0000-0000-0000
Satyanath Bhat,IIT Goa,https://www.iitgoa.ac.in/faculty_page.php?id=112,YDBDyLIAAAAJ,0000-0000-0000-0000
Saugata Basu,Purdue University,https://www.math.purdue.edu/~sbasu,8i0lYbAAAAAJ,0000-0002-2441-0915
Saugata Ghose,Univ. of Illinois at Urbana-Champaign,https://ghose.web.illinois.edu,vdlcErkAAAAJ,0000-0002-9138-0613
Saul Aaron Kripke,CUNY,http://www.gc.cuny.edu/Page-Elements/Academics-Research-Centers-Initiatives/Doctoral-Programs/Philosophy/Faculty-Bios/Saul-Kripke,MRCc_ugAAAAJ,0000-0000-0000-0000
Saul Greenberg,University of Calgary,http://saul.cpsc.ucalgary.ca,TthhUuoAAAAJ,0000-0000-0000-0000
Saul Kripke,CUNY,http://www.gc.cuny.edu/Page-Elements/Academics-Research-Centers-Initiatives/Doctoral-Programs/Philosophy/Faculty-Bios/Saul-Kripke,MRCc_ugAAAAJ,0000-0000-0000-0000
Sauleh Eetemadi,IUST,http://ce.iust.ac.ir/page.php?slct_pg_id=18192&sid=14&slc_lang=en,Q25s5KkAAAAJ,0000-0003-1376-2023
Saumya Debray,University of Arizona,https://www.cs.arizona.edu/~debray,UwFA1KoAAAAJ,0000-0000-0000-0000
Saumya K. Debray,University of Arizona,https://www.cs.arizona.edu/~debray,UwFA1KoAAAAJ,0000-0000-0000-0000
Saurabh Bagchi,Purdue University,https://engineering.purdue.edu/ECE/People/ptProfile?resource_id=3261,3EfsOvYAAAAJ,0000-0002-4239-5632
Saurabh Bilgaiyan,KIIT Bhubaneswar,https://cse.kiit.ac.in/profiles/saurabh-bilgaiyan,ymBNFJ8AAAAJ,0000-0000-0000-0000
Saurabh Gupta 0001,Univ. of Illinois at Urbana-Champaign,http://saurabhg.web.illinois.edu,1HO5UacAAAAJ,0000-0002-1195-9028
Saurabh J. Shigwan,Shiv Nadar University,https://www.snu.edu.in/schools/school-of-engineering/faculty/saurabh-janardan-shigwan,j2Agh7EAAAAJ,0000-0000-0000-0000
Saurabh Joshi 0001,IIT Hyderabad,http://www.iith.ac.in/~sbjoshi,MvHEGbYAAAAJ,0000-0000-0000-0000
Saurabh Ray,NYU Abu Dhabi,https://nyuad.nyu.edu/en/academics/divisions/science/faculty/saurabh-ray.html,HrHxdCgAAAAJ,0000-0000-0000-0000
Saurabh Sinha,Georgia Institute of Technology,https://sites.google.com/view/sinhalaboratorygatech,7BM1uyYAAAAJ,0000-0000-0000-0000
Saurabh Tiwari,DAIICT,http://www.daiict.ac.in/daiict/people/faculty.html,rjyRdosAAAAJ,0000-0000-0000-0000
Savas Kaya,Ohio University,http://savaskaya.net,k8A7YxcAAAAJ,0000-0002-6010-1271
Sayak Ray Chowdhury,IIT Kanpur,https://sites.google.com/view/sayakraychowdhury/home,Q0_CaxYAAAAJ,0000-0000-0000-0000
Sayako Shimizu,National Inst. of Informatics,https://www.nii.ac.jp/en/faculty/architecture/sayako_shimizu,NOSCHOLARPAGE,0000-0000-0000-0000
Sayan Bhattacharya,University of Warwick,https://www.dcs.warwick.ac.uk/~u1671158,ca-urkIAAAAJ,0000-0003-1612-0296
Sayan Mitra,Univ. of Illinois at Urbana-Champaign,http://mitras.ece.illinois.edu,dXUl8ewAAAAJ,0000-0000-0000-0000
Sayan Mitra 0001,Univ. of Illinois at Urbana-Champaign,https://mitras.ece.illinois.edu/index.html,dXUl8ewAAAAJ,0000-0001-7082-5516
Sayan Mukherjee 0001,University of Leipzig,https://sayanmuk.github.io,YPD04uIAAAAJ,0000-0002-6715-3920
Sayan Ranu,IIT Delhi,http://www.cse.iitd.ac.in/~sayan,K4w5qYUAAAAJ,0000-0003-4147-9372
Sayan Sarcar,University of Tsukuba,https://sayansarcar.github.io/index.html,bIkNGO4AAAAJ,0009-0003-1052-4633
Sayandeep Saha,IIT Bombay,https://sites.google.com/view/sayandeepsaha/home,62tsJIQAAAAJ,0000-0002-5535-1102
Sayantan Mukherjee,IIT Jammu,https://www.iitjammu.ac.in/computer_science_engineering/faculty-list/~sayantanmukherjee,BklAwrMAAAAJ,0000-0000-0000-0000
Sayed Vahid Azhari,IUST,http://ce.iust.ac.ir/content/7755/Dr.-Azhari,-mM5PJAAAAAJ,0000-0000-0000-0000
Sayeef S. Salahuddin,Univ. of California - Berkeley,https://www2.eecs.berkeley.edu/Faculty/Homepages/salahuddin.html,Ay4FZFUAAAAJ,0000-0000-0000-0000
Sazzadur Rahaman,University of Arizona,https://www.sazzadur.com,JBbGF1gAAAAJ,0000-0002-1258-6470
Saúl A. Blanco,Indiana University,https://luddy.indiana.edu/contact/profile/?Saul_Blanco,3I6WH-cAAAAJ,0000-0003-2315-5331
Saúl Blanco,Indiana University,https://luddy.indiana.edu/contact/profile/?Saul_Blanco,3I6WH-cAAAAJ,0000-0000-0000-0000
Schahram Dustdar,TU Wien,https://dsg.tuwien.ac.at/team/sd,0n5S6uUAAAAJ,0000-0001-6872-8821
Scharam Dustdar,TU Wien,https://dsg.tuwien.ac.at/team/sd,0n5S6uUAAAAJ,0000-0000-0000-0000
Scott A. Brandt,Univ. of California - Santa Cruz,http://www.cs.ucsc.edu/~sbrandt,ZJF0GhEAAAAJ,0000-0000-0000-0000
Scott A. DeLoach,Kansas State University,http://cis.ksu.edu/~sdeloach,Zbbxb-gAAAAJ,0000-0000-0000-0000
Scott A. Kuhl,Michigan Technological University,https://www.mtu.edu/cs/department/faculty-staff/faculty/kuhl,jU731TAAAAAJ,0000-0000-0000-0000
Scott A. Mahlke,University of Michigan,http://web.eecs.umich.edu/~mahlke,-XpZ4fgAAAAJ,0000-0002-0438-0616
Scott A. Smolka,Stony Brook University,http://www3.cs.stonybrook.edu/~sas,4q-QenMAAAAJ,0000-0000-0000-0000
Scott Aaronson,University of Texas at Austin,http://www.scottaaronson.com,7Qra5zYAAAAJ,0000-0000-0000-0000
Scott Bateman,University of New Brunswick,https://www.cs.unb.ca/people/scottb,DV8i83MAAAAJ,0000-0003-3592-2163
Scott Beamer,Univ. of California - Santa Cruz,https://scottbeamer.net,WNSPregAAAAJ,0000-0003-0193-182X
Scott C. Schmidler,Duke University,http://www2.stat.duke.edu/~scs,UNa5ktYAAAAJ,0009-0006-3733-3716
Scott D. Fleming,University of Memphis,https://www.memphis.edu/cs/people/faculty_pages/scott-fleming.php,kLNLkgkAAAAJ,0000-0000-0000-0000
Scott D. Stoller,Stony Brook University,http://www3.cs.stonybrook.edu/~stoller,9HNdszIAAAAJ,0000-0000-0000-0000
Scott Dexter,CUNY,http://www.sci.brooklyn.cuny.edu/~sdexter,3G3DI9QAAAAJ,0000-0000-0000-0000
Scott E. Hudson,Carnegie Mellon University,http://www.cs.cmu.edu/~hudson,6YU6_QoAAAAJ,0000-0002-0948-3251
Scott F. Midkiff,Virginia Tech,https://ece.vt.edu/people/profile/midkiff.html,C0YqBPoAAAAJ,0000-0003-4933-7360
Scott F. Smith 0001,Johns Hopkins University,https://www.cs.jhu.edu/~scott,bRjJOrMAAAAJ,0009-0005-0495-2716
Scott Goetz,Northern Arizona University,https://nau.edu/siccs/faculty/scott-goetz,86BSe2oAAAAJ,0000-0000-0000-0000
Scott Jordan 0001,Univ. of California - Irvine,http://www.ics.uci.edu/~sjordan,NOSCHOLARPAGE,0000-0001-5588-311X
Scott L. Nykl,Air Force Inst. of Technology,https://www.afit.edu/BIOS/bio.cfm?facID=268,R06F8XQAAAAJ,0000-0000-0000-0000
Scott MacKenzie,York University,http://www.yorku.ca/mack,OBAePKYAAAAJ,0000-0000-0000-0000
Scott N. Woodfield,Brigham Young University,https://cs.byu.edu/faculty/woodfiel,NOSCHOLARPAGE,0000-0000-0000-0000
Scott Niekum,Univ. of Massachusetts Amherst,https://people.cs.umass.edu/~sniekum,4wXYfSUAAAAJ,0000-0000-0000-0000
Scott Nykl,Air Force Inst. of Technology,https://www.afit.edu/BIOS/bio.cfm?facID=268,R06F8XQAAAAJ,0000-0000-0000-0000
Scott Owens,University of Kent,https://www.cs.kent.ac.uk/~sao,jB5_iiMAAAAJ,0000-0002-7437-4780
Scott P. Robertson,University of Hawaii at Manoa,http://www2.hawaii.edu/~scottpr,rdbwZvIAAAAJ,0009-0000-4478-1265
Scott Piao,Lancaster University,https://www.lancaster.ac.uk/scc/about-us/people/scott-piao,qSTTL6MAAAAJ,0000-0000-0000-0000
Scott R. Klemmer,Univ. of California - San Diego,http://d.ucsd.edu/srk,BEHcR-IAAAAJ,0000-0000-0000-0000
Scott Rixner,Rice University,https://www.cs.rice.edu/~rixner,MvxSD2AAAAAJ,0000-0000-0000-0000
Scott Ruoti,University of Tennessee,https://isrl.byu.edu/researchers/scott-ruoti,u38Uv3QAAAAJ,0000-0002-6917-4186
Scott S. L. Piao,Lancaster University,https://www.lancaster.ac.uk/scc/about-us/people/scott-piao,qSTTL6MAAAAJ,0000-0000-0000-0000
Scott Sanner,University of Toronto,https://d3m.mie.utoronto.ca/members/ssanner,kB8UPNIAAAAJ,0000-0001-7984-8394
Scott Schaefer,Texas A&M University,http://faculty.cs.tamu.edu/schaefer,tIgxLTUAAAAJ,0000-0002-0988-1452
Scott Shenker,Univ. of California - Berkeley,https://www.eecs.berkeley.edu/Faculty/Homepages/shenker.html,GUAoEcAAAAAJ,0000-0002-1357-7533
Scott Songlin Piao,Lancaster University,https://www.lancaster.ac.uk/scc/about-us/people/scott-piao,qSTTL6MAAAAJ,0000-0000-0000-0000
Scott T. Leutenegger,University of Denver,http://www.cs.du.edu/~leut,UDOTNC0AAAAJ,0000-0000-0000-0000
Scott. D. Goodwin,University of Windsor,http://www.uwindsor.ca/science/computerscience/1036/dr-scott-goodwin,NOSCHOLARPAGE,0000-0000-0000-0000
Se Young Chun,Seoul National University,https://icl.snu.ac.kr/members,3jLuG64AAAAJ,0000-0001-8739-8960
Se-Young Yun,KAIST,https://fbsqkd.github.io,X_IAjb8AAAAJ,0000-0000-0000-0000
SeYoung Yun,KAIST,https://fbsqkd.github.io,X_IAjb8AAAAJ,0000-0000-0000-0000
Sea Ling,Monash University,http://monash.edu/research/explore/en/persons/chris-ling(12fc1dc1-ee0e-4294-a74d-7b6f2218dc2a).html,16YOBUgAAAAJ,0000-0000-0000-0000
Seah Hock Soon,Nanyang Technological University,http://www.ntu.edu.sg/home/ashsseah,NOSCHOLARPAGE,0000-0000-0000-0000
Sean B. Holden,University of Cambridge,https://www.cl.cam.ac.uk/~sbh11,NOSCHOLARPAGE,0000-0000-0000-0000
Sean B. Maynard,University of Melbourne,http://people.eng.unimelb.edu.au/seanbm/home.html,OkNuF20AAAAJ,0000-0000-0000-0000
Sean Bechhofer,University of Manchester,http://www.cs.man.ac.uk/~seanb,XRzaza0AAAAJ,0000-0002-5872-3573
Sean C. Warnick,Brigham Young University,https://cs.byu.edu/faculty/sean,k7WBrxoAAAAJ,0000-0000-0000-0000
Sean Chester,University of Victoria,https://sean-chester.github.io,ZxNF5OYAAAAJ,0000-0002-1065-605X
Sean Edward Russell,University College Dublin,https://people.ucd.ie/sean.russell,SmKCcJQAAAAJ,0000-0000-0000-0000
Sean Follmer,Stanford University,http://shape.stanford.edu,f3g5oeEAAAAJ,0000-0001-5592-5949
Sean Hallgren,Pennsylvania State University,http://www.cse.psu.edu/~sjh26,NOSCHOLARPAGE,0000-0000-0000-0000
Sean Holden,University of Cambridge,https://www.cl.cam.ac.uk/~sbh11,NOSCHOLARPAGE,0000-0000-0000-0000
Sean Luke,George Mason University,https://cs.gmu.edu/~sean,jwxhFAQAAAAJ,0000-0000-0000-0000
Sean MacAvaney,University of Glasgow,https://www.gla.ac.uk/schools/computing/staff/seanmacavaney,7wWfoDgAAAAJ,0000-0002-8914-2659
Sean McGrath,Goldsmiths University of London,https://www.gold.ac.uk/computing/people/mcgrath-sean,ETIBghkAAAAJ,0000-0000-0000-0000
Sean Murphy,Royal Holloway Univ. of London,https://pure.royalholloway.ac.uk/en/persons/sean-murphy,NOSCHOLARPAGE,0009-0001-4539-8433
Sean W. Smith,Dartmouth College,https://www.cs.dartmouth.edu/~sws,eCv3gnMAAAAJ,0000-0000-0000-0000
Sean Warnick,Brigham Young University,https://cs.byu.edu/faculty/sean,k7WBrxoAAAAJ,0000-0000-0000-0000
Sean Welleck,Carnegie Mellon University,https://wellecks.com,Ac6n5pQAAAAJ,0000-0000-0000-0000
Sean Yaw,Montana State University,http://www.cs.montana.edu/directory/2107479/sean-yaw,BlMGe9AAAAAJ,0000-0000-0000-0000
Sebastian Abeck,Karlsruhe Inst. of Technology,http://cm.tm.kit.edu/staff_abeck.php,ACsv4l8AAAAJ,0000-0000-0000-0000
Sebastian Alexander Mödersheim,DTU,https://www.compute.dtu.dk/english,NOSCHOLARPAGE,0000-0000-0000-0000
Sebastian Altmeyer,University of Augsburg,https://www.uni-augsburg.de/de/fakultaet/fai/informatik/prof/embsys/team/prof-dr-sebastian-altmeyer,O5JtLZsAAAAJ,0000-0000-0000-0000
Sebastian Angel,University of Pennsylvania,https://cis.upenn.edu/~sga001,pNaNj8EAAAAJ,0000-0002-3798-5590
Sebastian Baltes,Heidelberg University,https://empirical-software.engineering,xO09KrYAAAAJ,0000-0000-0000-0000
Sebastian Berndt 0001,University of Lübeck,https://www.its.uni-luebeck.de/mitarbeiterinnen/sebastian-berndt,kfE_tJsAAAAJ,0000-0000-0000-0000
Sebastian Brandt 0002,CISPA Helmholtz Center,https://cispa.de/de/people/c01sebr,3MIPfVYAAAAJ,0000-0001-5393-6636
Sebastian Böcker,Friedrich Schiller University Jena,http://bio.informatik.uni-jena.de,TWoYOQ4AAAAJ,0000-0002-9304-8091
Sebastian Erdweg,Karlsruhe Inst. of Technology,https://pl.ipd.kit.edu/erdweg.php,2jCQrk4AAAAJ,0000-0002-1974-5956
Sebastian Faust,TU Darmstadt,http://www.sebastian-faust.net,ZJp1L-AAAAAJ,0000-0002-8625-4639
Sebastian Fischmeister,University of Waterloo,https://uwaterloo.ca/embedded-software-group/people-profiles/sebastian-fischmeister,NOSCHOLARPAGE,0000-0000-0000-0000
Sebastian Forster,University of Salzburg,https://www.cosy.sbg.ac.at/~forster,Ic9r-5sAAAAJ,0000-0002-2191-3381
Sebastian G. Elbaum,University of Virginia,https://engineering.virginia.edu/faculty/sebastian-elbaum,swPW5FYAAAAJ,0000-0001-9592-1352
Sebastian Hack,Saarland University,http://compilers.cs.uni-saarland.de/people/hack,XxQ_bsQAAAAJ,0000-0002-3387-2134
Sebastian Halder 0001,University of Essex,https://www.essex.ac.uk/people/halde22909/sebastian-halder,qOdcDd8AAAAJ,0000-0000-0000-0000
Sebastian Hunt,City University of London,https://www.city.ac.uk/people/academics/sebastian-hunt,LBZJ9E0AAAAJ,0000-0001-7255-4465
Sebastian J. Vollmer,TU Kaiserslautern,https://sebastian.vollmer.ms/author/sebastian-vollmer,WoqSEpYAAAAJ,0000-0003-2831-1401
Sebastian Junges,Radboud University,https://sjunges.github.io,anwAmOEAAAAJ,0000-0003-0978-8466
Sebastian Krinninger,University of Salzburg,https://www.cosy.sbg.ac.at/~forster,Ic9r-5sAAAAJ,0000-0002-2191-3381
Sebastian Lehnhoff,University of Oldenburg,https://uol.de/ei/mitarbeiter/sebastian-lehnhoff,LrypS_MAAAAJ,0000-0000-0000-0000
Sebastian Link,University of Auckland,https://www.cs.auckland.ac.nz/people/s-link,_goLCI4AAAAJ,0000-0002-1816-2863
Sebastian Maneth,University of Bremen,http://user.informatik.uni-bremen.de/smaneth,GyklaXkAAAAJ,0000-0000-0000-0000
Sebastian Michel 0001,TU Kaiserslautern,https://dbis.informatik.uni-kl.de/index.php/en/people/michel,5_e2f04AAAAJ,0000-0000-0000-0000
Sebastian Mödersheim,DTU,https://www.compute.dtu.dk/english,NOSCHOLARPAGE,0000-0002-6901-8319
Sebastian Möller 0001,TU Berlin,https://www.tu.berlin/en/qu/about-us/management,BC_qcg0AAAAJ,0000-0003-3057-0760
Sebastian Ordyniak,University of Leeds,https://eps.leeds.ac.uk/computing/staff/8786/dr-sebastian-ordyniak,CkB7r4MAAAAJ,0000-0003-1935-651X
Sebastian Otte,University of Lübeck,https://www.rob.uni-luebeck.de/institut/mitarbeiter/otte-sebastian,kaZPCmoAAAAJ,0000-0000-0000-0000
Sebastian Padó,University of Stuttgart,http://www.ims.uni-stuttgart.de/~pado,vKqag_AAAAAJ,0000-0002-7529-6825
Sebastian Peitz,TU Dortmund,https://sas.cs.tu-dortmund.de/sebastian-peitz,9GsnuucAAAAJ,0000-0000-0000-0000
Sebastian Pokutta,TU Berlin,https://www.eecs.tu-berlin.de/menue/einrichtungen/professuren/professorinnen/pokutta/parameter/en,NOSCHOLARPAGE,0000-0000-0000-0000
Sebastian Proksch 0001,TU Delft,https://proks.ch,BBXa3QcAAAAJ,0000-0003-1856-9361
Sebastian Risi,IT University of Copenhagen,https://pure.itu.dk/portal/en/persons/sebastian-risi(a420ffb3-2ca6-4925-a25f-baaa5228fc15).html,Tf8winBIYUsC,0000-0003-3607-8400
Sebastian Rodriguez,RMIT University,https://www.rmit.edu.au/contact/staff-contacts/academic-staff/r/rodriguez-dr-sebastian,RjL2j9wAAAAJ,0000-0000-0000-0000
Sebastian Rudolph,TU Dresden,https://iccl.inf.tu-dresden.de/web/Sebastian_Rudolph/en,b3qVb6IAAAAJ,0000-0002-1609-2080
Sebastian Sardiña,RMIT University,https://www.rmit.edu.au/contact/staff-contacts/academic-staff/s/sardina-associate-professor-sebastian,9442viMAAAAJ,0000-0003-2962-0118
Sebastian Schelter,TU Berlin,https://deem.berlin/#professor,zCpQUukAAAAJ,0000-0003-4722-5840
Sebastian Schneider 0001,University of Twente,https://research.utwente.nl/en/persons/6f4818a4-ccf4-400e-9f85-3d36c448fe3b,xlngtkMAAAAJ,0000-0000-0000-0000
Sebastian Siebertz,University of Bremen,https://www.mimuw.edu.pl/~siebertz,B2g3quQAAAAJ,0000-0002-6347-1198
Sebastian Stein 0001,University of Southampton,https://www.ecs.soton.ac.uk/people/ss1y07,6TuZKj4AAAAJ,0000-0003-2858-8857
Sebastian Steinhorst,TU Munich,https://www.ce.cit.tum.de/esi/mitarbeiter/steinhorst,nUd33p4AAAAJ,0000-0002-4096-2584
Sebastian Stober,University of Magdeburg,http://ai.ovgu.de,OPyztE0AAAAJ,0000-0000-0000-0000
Sebastian Thore Erdweg,University of Mainz,https://www.informatik.uni-marburg.de/~seba/index.html,2jCQrk4AAAAJ,0000-0000-0000-0000
Sebastian Trimpe,RWTH Aachen University,https://www.dsme.rwth-aachen.de/cms/DSME/das-institut/Team/~jlolt/Prof-Sebastian-Trimpe/?allou=1,9kzHZssAAAAJ,0000-0002-2785-2487
Sebastian Tschiatschek,University of Vienna,https://dm.cs.univie.ac.at/team/person/109359,NOSCHOLARPAGE,0000-0002-2592-0108
Sebastian U. Stich,CISPA Helmholtz Center,https://www.sstich.ch,8l-mDfQAAAAJ,0000-0000-0000-0000
Sebastian Urban Stich,CISPA Helmholtz Center,https://www.sstich.ch,8l-mDfQAAAAJ,0000-0000-0000-0000
Sebastian Wandelt,Beihang University,http://m3nets.de/group/sw.html,lL0jebkAAAAJ,0000-0000-0000-0000
Sebastian Wiederrecht,KAIST,https://www.wiederrecht.com,wtuA0-sAAAAJ,0000-0003-0462-7815
Sebastian Wild,University of Liverpool,https://www.liverpool.ac.uk/computer-science/staff/sebastian-wild/publications,aMyZiK0AAAAJ,0000-0002-6061-9177
Sebastian Zug,TU Freiberg,https://tu-freiberg.de/fakult1/inf/professuren/softwaretechnologie-und-robotik/team,D6A7l-MAAAAJ,0000-0000-0000-0000
Sebastian von Mammen,University of Würzburg,https://hci.uni-wuerzburg.de/people/sebastian-von-mammen,Rni2mdIAAAAJ,0000-0000-0000-0000
Sebastiano Battiato,University of Catania,https://www.dmi.unict.it/~battiato,OplbtHgAAAAJ,0000-0001-6127-2470
Sebastijan Dumancic,TU Delft,https://sebdumancic.github.io,besOUicAAAAJ,0000-0003-0915-8034
Sebastijan Dumančić,TU Delft,https://sebdumancic.github.io,besOUicAAAAJ,0000-0000-0000-0000
Sebastián Uchitel,University of Buenos Aires,http://lafhis.dc.uba.ar/en/~suchitel,v-rnR5UAAAAJ,0000-0001-9352-1478
Sebastián Urrutia,UFMG,http://homepages.dcc.ufmg.br/~surrutia,mPBETD0AAAAJ,0000-0000-0000-0000
Sebti Foufou,Qatar University,http://www.qu.edu.qa/engineering/computer/faculty/Sebti.php,E-8Pz2IAAAAJ,0000-0002-3555-9125
Seda Ogrenci,Northwestern University,http://users.eecs.northwestern.edu/~seda,dojdbWYAAAAJ,0000-0000-0000-0000
Seda Ogrenci Memik,Northwestern University,http://users.eecs.northwestern.edu/~seda,dojdbWYAAAAJ,0000-0001-8327-9585
Seda Ogrenci-Memik,Northwestern University,http://users.eecs.northwestern.edu/~seda,dojdbWYAAAAJ,0000-0000-0000-0000
Sedat Akleylek,University of Tartu,https://sites.google.com/a/bil.omu.edu.tr/akleylek,plpKMjkAAAAJ,0000-0000-0000-0000
Sedat Ozer,Özyeğin University,http://www.sedatozer.com,G8rbKi4AAAAJ,0000-0002-2069-3807
Sedat Özer,Özyeğin University,http://www.sedatozer.com,G8rbKi4AAAAJ,0000-0000-0000-0000
Seddik M. Djouadi,University of Tennessee,https://www.eecs.utk.edu/people/faculty/mdjouadi,NOSCHOLARPAGE,0000-0000-0000-0000
See-Kiong Ng,National University of Singapore,http://datam.i2r.a-star.edu.sg/~skng,_wsommYAAAAJ,0000-0001-6565-7511
Seeun Umboh,University of Melbourne,http://williamumboh.com,Wd4ChQ8AAAAJ,0000-0001-6984-4007
Seeun William Umboh,University of Melbourne,http://williamumboh.com,Wd4ChQ8AAAAJ,0000-0001-6984-4007
Seffi Naor,Technion,http://www.cs.technion.ac.il/~naor,xGbDr7YAAAAJ,0000-0000-0000-0000
Sefki Kolozali,University of Essex,https://www.essex.ac.uk/people/koloz89402/sefki-kolozali,1xzZr9wAAAAJ,0000-0000-0000-0000
Sehoon Ha,Georgia Institute of Technology,https://faculty.cc.gatech.edu/~sha9,Q6F3O0sAAAAJ,0000-0002-1972-328X
Seif Haridi,KTH Royal Inst. of Technology,https://www.kth.se/profile/haridi,p4TZRwMAAAAJ,0000-0002-6718-0144
Seiji Isotani,USP-ICMC,http://icmc.usp.br/pessoas?id=6064889,GKphfGsAAAAJ,0000-0003-1574-0784
Seiji Yamada,National Inst. of Informatics,http://www.ymd.nii.ac.jp/lab/seiji,MBOlJ8UAAAAJ,0000-0002-5907-7382
Seiya Imoto,University of Tokyo,http://bonsai.hgc.jp/~imoto,Q7n6-FEAAAAJ,0000-0002-2989-308X
Sejun Song,Missouri S&T,https://sites.google.com/view/sejunsongswebpage/home?authuser=0,kHE12KEAAAAJ,0000-0000-0000-0000
Selim Aksoy,Bilkent University,http://www.cs.bilkent.edu.tr/~saksoy,rdXxs_AAAAAJ,0000-0000-0000-0000
Selim Balcisoy,Sabancı University,http://myweb.sabanciuniv.edu/balcisoy,FGQGOIkAAAAJ,0000-0002-6495-7341
Selim G. Akl,Queen’s University,http://www.cs.queensu.ca/home/akl,OFnFRS0AAAAJ,0000-0000-0000-0000
Selina C. Wriessnegger,Graz University of Technology,https://www.tugraz.at/institutes/ine/people/selina-wriessnegger,Y_B7AnAAAAAJ,0000-0000-0000-0000
Selina Christin Wriessnegger,Graz University of Technology,https://www.tugraz.at/institutes/ine/people/selina-wriessnegger,Y_B7AnAAAAAJ,0000-0000-0000-0000
Selma Sabanovic,Indiana University,https://www.soic.indiana.edu/all-people/profile.html?profile_id=288,P5pnLAcAAAAJ,0000-0002-2553-854X
Selma Tekir,Izmir Institute of Technology,http://ceng.iyte.edu.tr/people/selma-tekir,iRawdD8AAAAJ,0000-0000-0000-0000
Selmer Bringsjord,Rensselaer Polytechnic Institute,http://www.cogsci.rpi.edu/pl/faculty-staff-cogsci/selmer-bringsjord,NOSCHOLARPAGE,0000-0000-0000-0000
Sema F. Oktug,Istanbul Technical University,http://web.itu.edu.tr/oktug,3TRcRPkAAAAJ,0000-0000-0000-0000
Sema Fatma Oktug,Istanbul Technical University,http://web.itu.edu.tr/oktug,3TRcRPkAAAAJ,0000-0000-0000-0000
Sema Oktug,Istanbul Technical University,http://web.itu.edu.tr/oktug,3TRcRPkAAAAJ,0000-0000-0000-0000
Semih Salihoglu,University of Waterloo,https://cs.uwaterloo.ca/~ssalihog,XxQq8nsAAAAJ,0000-0002-8112-4501
Sen Cheng,Ruhr-University Bochum,https://www.ini.rub.de/the_institute/people/sen-cheng,_dzbEm4AAAAJ,0000-0000-0000-0000
Sen Jia 0001,Shenzhen University,http://csse.szu.edu.cn/cn/people?34040,UxbDMKoAAAAJ,0000-0000-0000-0000
Sen Lin 0001,University of Houston,https://slin70.github.io,94-TbUsAAAAJ,0000-0000-0000-0000
Sen Su,BUPT,https://int.bupt.edu.cn/content/content.php?p=6_16_95,JaDhAfsAAAAJ,0000-0003-4266-7527
Sencun Zhu,Pennsylvania State University,http://www.cse.psu.edu/~sxz16,5qwfn20AAAAJ,0000-0000-0000-0000
Sendong Zhao,Harbin Institute of Technology,http://homepage.hit.edu.cn/stanzhao,ZtIhRvwAAAAJ,0000-0002-4676-1812
Senem Velipasalar,Syracuse University,http://eng-cs.syr.edu/our-departments/electrical-engineering-and-computer-science/people/faculty,HEAE9XsAAAAJ,0000-0000-0000-0000
Senem Velipasalar Gursoy,Syracuse University,http://eng-cs.syr.edu/our-departments/electrical-engineering-and-computer-science/people/faculty,HEAE9XsAAAAJ,0000-0000-0000-0000
Senjuti Basu Roy,NJIT,https://web.njit.edu/~senjutib,O125w4cAAAAJ,0000-0003-3475-8138
Sennur Ulukus,Univ. of Maryland - College Park,http://www.cyber.umd.edu/faculty/ulukus,nTG_TQMAAAAJ,0000-0000-0000-0000
Senzhang Wang,Central South University,https://senzhangwangcsu.github.io/index.html,zdWyGRMAAAAJ,0000-0002-3615-4859
Seo Jin Park,University of Southern California,https://seojinpark.net,8hwtweIAAAAJ,0000-0000-0000-0000
Seok Joo Koh,Kyungpook National University,https://iot.knu.ac.kr,DAbaxjEAAAAJ,0000-0000-0000-0000
Seok-Hee Hong 0001,University of Sydney,https://www.sydney.edu.au/engineering/about/our-people/academic-staff/seokhee-hong.html,ctnBV1kAAAAJ,0000-0003-1698-3868
Seok-Hyung Bae,KAIST,http://i2dea.kaist.ac.kr/seokhyung/index,L1EahDgAAAAJ,0000-0001-7922-2623
Seok-Joo Koh,Kyungpook National University,https://iot.knu.ac.kr,DAbaxjEAAAAJ,0000-0000-0000-0000
Seokhee Hong 0001,University of Sydney,https://www.sydney.edu.au/engineering/about/our-people/academic-staff/seokhee-hong.html,ctnBV1kAAAAJ,0000-0000-0000-0000
Seokhie Hong,Korea University,http://crypto.korea.ac.kr,6_T-WhoAAAAJ,0000-0000-0000-0000
Seokin Hong,Sungkyunkwan University,http://compasslab.skku.edu,RdB0pDUAAAAJ,0000-0001-7842-125X
Seokjoo Koh,Kyungpook National University,https://iot.knu.ac.kr,DAbaxjEAAAAJ,0000-0000-0000-0000
Seokki Lee,University of Cincinnati,https://researchdirectory.uc.edu/p/lee5sk,IyEiD5QAAAAJ,0000-0002-5637-252X
Seon Joo Kim,Yonsei University,https://sites.google.com/site/seonjookim,1F2czKYAAAAJ,0000-0001-8512-216X
Seon Wook Kim,Korea University,http://compiler.korea.ac.kr,JT6vTYAAAAAJ,0000-0000-0000-0000
Seong Jae Hwang,Yonsei University,https://micv.yonsei.ac.kr/seongjae,d4WCQbUAAAAJ,0000-0002-3713-5553
Seong Tae Kim 0001,Kyung Hee University,https://ami.khu.ac.kr/people/pi,DEQbVOwAAAAJ,0000-0002-2132-6021
Seong-Jun Oh,Korea University,https://security.korea.ac.kr/m01_03/36,ebq6ex0AAAAJ,0000-0000-0000-0000
Seong-Tae Kim,Kyung Hee University,https://sites.google.com/site/sseongtaekim,DEQbVOwAAAAJ,0000-0000-0000-0000
Seong-Whan Lee,Korea University,http://pr.korea.ac.kr,NOSCHOLARPAGE,0000-0000-0000-0000
SeongKu Kang,Korea University,https://seongku-kang.github.io,fB0K-fMAAAAJ,0000-0001-5528-1426
Seongjun Park,Seoul National University,https://www.bnilab.com/members,sbzP_yUAAAAJ,0000-0000-0000-0000
Seongkook Heo,University of Virginia,http://seongkookheo.com,7r0_F0kAAAAJ,0000-0003-2004-4812
Sepehr Assadi,University of Waterloo,https://sepehr.assadi.info,QSVAzVIAAAAJ,0009-0006-8914-5995
Sepideh Ghanavati,Texas Tech University,https://www.depts.ttu.edu/provost/facultybios/2016/sepideh-ghanavati.php,cZL5a0gAAAAJ,0000-0001-7972-667X
Sepp Hochreiter,JKU Linz,https://www.jku.at/en/institute-for-machine-learning/about-us/team/sepp-hochreiter,tvUH3WMAAAAJ,0000-0001-7449-2528
Ser Nam Lim,University of Central Florida,https://www.cs.ucf.edu/person/ser-nam-lim,HX0BfLYAAAAJ,0000-0000-0000-0000
Ser-Nam Lim,University of Central Florida,https://www.cs.ucf.edu/person/ser-nam-lim,HX0BfLYAAAAJ,0000-0000-0000-0000
Serafeim Karampogias,University of Athens,http://www.di.uoa.gr/eng/staff/1179,NOSCHOLARPAGE,0000-0000-0000-0000
Serafeim Perdikis,University of Essex,https://www.essex.ac.uk/people/perdi05405/serafeim-perdikis,WDVeTH4AAAAJ,0000-0003-2033-2486
Serap Atay,Izmir Institute of Technology,http://ceng.iyte.edu.tr/tr/kisi/serap-sahin,NOSCHOLARPAGE,0000-0000-0000-0000
Serdar Bozdag,University of North Texas,https://computerscience.engineering.unt.edu/people/faculty/serdar-bozdag,cpxoRUMAAAAJ,0000-0002-4813-4310
Serengul Smith,Middlesex University,http://www.cs.mdx.ac.uk/people/serengul-smith,GLKMjFMAAAAJ,0000-0000-0000-0000
Serge Abiteboul,Ecole Normale Superieure de Cachan,http://abiteboul.com,lk_jn24AAAAJ,0000-0000-0000-0000
Serge Demeyer,University of Antwerp,https://www.uantwerpen.be/en/staff/serge-demeyer,YWYJU9MAAAAJ,0000-0002-4463-2945
Serge Demidenko,Massey University,https://www.massey.ac.nz/massey/learning/colleges/college-of-sciences/staff-profile.cfm?stref=601530,0DcFUWkAAAAJ,0000-0000-0000-0000
Serge Fehr,CWI,http://homepages.cwi.nl/~fehr,UPhB8eQAAAAJ,0000-0000-0000-0000
Serge G. Petiton,CRIStAL,https://www.cristal.univ-lille.fr/profil/petiton,NOSCHOLARPAGE,0000-0000-0000-0000
Serge Gaspers,UNSW,http://www.cse.unsw.edu.au/~sergeg,QVwxstgAAAAJ,0000-0000-0000-0000
Serge Haddad,Ecole Normale Superieure de Cachan,http://www.lsv.ens-cachan.fr/~haddad,caR0mbkAAAAJ,0000-0000-0000-0000
Serge J. Belongie,University of Copenhagen,https://di.ku.dk/ai-centre,ORr4XJYAAAAJ,0000-0002-0388-5217
Serge Torres,Ecole Normale Superieure de Lyon,http://perso.ens-lyon.fr/serge.torres,NOSCHOLARPAGE,0000-0000-0000-0000
Serge Vaudenay,EPFL,http://lasecwww.epfl.ch/~vaudenay,ub25b48AAAAJ,0000-0001-9185-1449
Sergei Bespamyatnikh,University of Texas at Dallas,https://www.utdallas.edu/~besp,t0j3HjcAAAAJ,0000-0000-0000-0000
Sergei Gorlatch,University of Münster,https://www.uni-muenster.de/PVS/personen/gorlatch.html,rS4GcY0AAAAJ,0000-0003-3857-9380
Sergei N. Artëmov,CUNY,http://sartemov.ws.gc.cuny.edu,MdiynQcAAAAJ,0000-0000-0000-0000
Sergei Nirenburg,Rensselaer Polytechnic Institute,http://www.cogsci.rpi.edu/pl/faculty-staff-cogsci/nirenburg,08W2rQIAAAAJ,0000-0002-4800-7143
Sergei O. Kuznetsov,HSE University,https://www.hse.ru/staff/skuznetsov,PK5Qz0cAAAAJ,0000-0003-3284-9001
Sergei P. Gorlatch,University of Münster,https://www.uni-muenster.de/PVS/personen/gorlatch.html,rS4GcY0AAAAJ,0000-0000-0000-0000
Sergej Fatikow,University of Oldenburg,https://uol.de/informatik/amir/personen/prof-dr-ing-habil-sergej-fatikow,NOSCHOLARPAGE,0000-0000-0000-0000
Sergey Bereg,University of Texas at Dallas,https://www.utdallas.edu/~besp,t0j3HjcAAAAJ,0000-0000-0000-0000
Sergey Bratus,Dartmouth College,https://sergeybratus.gitlab.io,mufO1rkAAAAJ,0000-0000-0000-0000
Sergey Gorbunov 0001,University of Waterloo,https://cs.uwaterloo.ca/~sgorbuno,joZ7vIgAAAAJ,0000-0000-0000-0000
Sergey Gorinsky,IMDEA Networks Institute,https://networks.imdea.org/team/imdea-networks-team/people/sergey-gorinsky,hiGGy0kAAAAJ,0000-0001-9612-8081
Sergey Levine,Univ. of California - Berkeley,https://people.eecs.berkeley.edu/~svlevine,8R35rCwAAAAJ,0000-0001-6764-2743
Sergey M. Plis,Georgia State University,https://trendscenter.org/sergey-plis,nm3liowAAAAJ,0000-0000-0000-0000
Sergey Mechtaev,University College London,http://mechtaev.com,XTFR93cAAAAJ,0000-0001-6088-4993
Sergey O. Kuznetsov,HSE University,https://www.hse.ru/staff/skuznetsov,PK5Qz0cAAAAJ,0000-0000-0000-0000
Sergey Sosnovsky,Utrecht University,http://www.staff.science.uu.nl/~sosno002,91gXaZUAAAAJ,0000-0000-0000-0000
Sergio Alvarez,Boston College,http://www.cs.bc.edu/~alvarez,X8_J4FEAAAAJ,0000-0000-0000-0000
Sergio Alvarez Pardo,Boston College,http://www.cs.bc.edu/~alvarez,X8_J4FEAAAAJ,0000-0000-0000-0000
Sergio Bampi,UFRGS,http://inf.ufrgs.br/gme,emFRxDUAAAAJ,0000-0002-9018-6309
Sergio De Agostino,Sapienza University of Rome,http://twiki.di.uniroma1.it/twiki/view/Users/SergioDeAgostino,lll7oscAAAAJ,0000-0000-0000-0000
Sergio F. Ochoa,Universidad de Chile,https://www.dcc.uchile.cl/sochoa,aUtukf4AAAAJ,0000-0000-0000-0000
Sergio Lucia,TU Berlin,https://www.iot.tu-berlin.de/menue/team/sergio_lucia,cp0sEgkAAAAJ,0000-0000-0000-0000
Sergio Maffeis,Imperial College London,https://www.doc.ic.ac.uk/~maffeis,ODKP7a0AAAAJ,0000-0003-1514-6857
Sergio Miguel Fernandes,Universidade de Lisboa,https://fenix.tecnico.ulisboa.pt/homepage/ist14264,VR4qbCIAAAAJ,0000-0000-0000-0000
Sergio Montenegro 0001,University of Würzburg,http://www8.informatik.uni-wuerzburg.de/mitarbeiter/montenegro,NOSCHOLARPAGE,0000-0000-0000-0000
Sergio Salinas 0001,Wichita State University,https://www.wichita.edu/profiles/academics/engineering/SoC/Salinas-Sergio.php,2Gh-ZdAAAAAJ,0000-0000-0000-0000
Sergio Yovine,University of Buenos Aires,http://lafhis.dc.uba.ar/en/~syovine,IFVbNzUAAAAJ,0000-0002-2737-4382
Sergios Theodoridis,University of Athens,http://cgi.di.uoa.gr/~stheodor,NOSCHOLARPAGE,0000-0000-0000-0000
Sergiu Dascalu,University of Nevada,https://www.cse.unr.edu/~dascalus,RLoNJA4AAAAJ,0000-0000-0000-0000
Sergiu M. Dascalu,University of Nevada,https://www.cse.unr.edu/~dascalus,RLoNJA4AAAAJ,0000-0000-0000-0000
Serif Bahtiyar,Istanbul Technical University,http://web.itu.edu.tr/bahtiyars,ouifgzwAAAAJ,0000-0000-0000-0000
Serina Chang,Univ. of California - Berkeley,https://serinachang5.github.io,ADxG8S4AAAAJ,0000-0002-4253-1016
Sernam Lim,University of Central Florida,https://www.cs.ucf.edu/person/ser-nam-lim,HX0BfLYAAAAJ,0000-0000-0000-0000
Seshadhri Comandur,Univ. of California - Santa Cruz,https://users.soe.ucsc.edu/~sesh,NOSCHOLARPAGE,0000-0000-0000-0000
Setareh Maghsudi,Ruhr-University Bochum,https://etit.ruhr-uni-bochum.de/en/lts/team/prof-dr-ing-setareh-maghsudi,lgiJRgoAAAAJ,0000-0000-0000-0000
Seth A. Hutchinson,Northeastern University,https://www.khoury.northeastern.edu/people/seth-hutchinson,-JPZ21IAAAAJ,0000-0002-3949-6061
Seth Bullock,University of Bristol,http://www.bristol.ac.uk/engineering/people/seth-g-bullock/index.html,wsZ5y0gAAAAJ,0000-0003-4371-5965
Seth Cooper,Northeastern University,http://www.ccis.northeastern.edu/people/seth-cooper,eZr-ai0AAAAJ,0000-0003-4504-0877
Seth Copen Goldstein,Carnegie Mellon University,http://www.cs.cmu.edu/~seth,NoNHPb4AAAAJ,0000-0000-0000-0000
Seth Flaxman,University of Oxford,https://www.cs.ox.ac.uk/people/seth.flaxman,Wnxq0mgAAAAJ,0000-0000-0000-0000
Seth Frey,Univ. of California - Davis,https://cs.ucdavis.edu/directory/seth-frey,DO4uc-kAAAAJ,0000-0002-5298-5089
Seth Gilbert,National University of Singapore,http://www.comp.nus.edu.sg/~gilbert,bKN3mSsAAAAJ,0000-0003-3298-7412
Seth Holladay,Brigham Young University,https://cs.byu.edu/faculty/srh43,FLK47OIAAAAJ,0000-0000-0000-0000
Seth Hutchinson,Northeastern University,https://www.khoury.northeastern.edu/people/seth-hutchinson,-JPZ21IAAAAJ,0000-0000-0000-0000
Seth Hutchinson 0001,Northeastern University,https://www.khoury.northeastern.edu/people/seth-hutchinson,-JPZ21IAAAAJ,0000-0002-3949-6061
Seth Lewis Gilbert,National University of Singapore,http://www.comp.nus.edu.sg/~gilbert,bKN3mSsAAAAJ,0000-0003-3298-7412
Seth Pettie,University of Michigan,http://web.eecs.umich.edu/~pettie,ao_EFbUAAAAJ,0000-0002-2610-1630
Seth Poulsen,Utah State University,https://www.usu.edu/cs/directory/faculty/poulsen-seth,yoEvwpsAAAAJ,0000-0001-6284-9972
Seth R. Flaxman,University of Oxford,https://www.cs.ox.ac.uk/people/seth.flaxman,Wnxq0mgAAAAJ,0000-0000-0000-0000
Seth R. Sanders,Univ. of California - Berkeley,https://www2.eecs.berkeley.edu/Faculty/Homepages/sanders.html,Qb7xQQ0AAAAJ,0000-0000-0000-0000
Seth Sanders,Univ. of California - Berkeley,https://www2.eecs.berkeley.edu/Faculty/Homepages/sanders.html,Qb7xQQ0AAAAJ,0000-0000-0000-0000
Sethu Vijayakumar,University of Edinburgh,http://homepages.inf.ed.ac.uk/svijayak,JdRs1sQAAAAJ,0000-0000-0000-0000
Sethuraman Panchanathan,Arizona State University,https://search.asu.edu/profile/88253,GKTKZ8kAAAAJ,0000-0002-8769-6340
Seulbae Kim,POSTECH,https://seulbae-security.github.io,ZCUVl9AAAAAJ,0000-0001-9990-7953
Seulki Lee 0002,UNIST,https://sites.google.com/view/seulkilee,qhI7uVMAAAAJ,0009-0004-7162-0845
Seung Jun Baek,Korea University,https://singkru.github.io,NOSCHOLARPAGE,0000-0000-0000-0000
Seung Ryoul Maeng,KAIST,http://camars.kaist.ac.kr/~maeng,NOSCHOLARPAGE,0000-0000-0000-0000
Seung-Hee Bae,Western Michigan University,https://wmich.edu/cs/directory/bae,PsOs9jAAAAAJ,0000-0000-0000-0000
Seung-Hee Lee,University of Tsukuba,https://kansei.design/en/author/seunghee-lee,NOSCHOLARPAGE,0000-0000-0000-0000
Seung-Hwan Baek,POSTECH,https://sites.google.com/view/shbaek,IX93v14AAAAJ,0000-0002-2784-4241
Seung-Jae Han,Yonsei University,http://mnet.yonsei.ac.kr/#professor,NOSCHOLARPAGE,0000-0000-0000-0000
Seung-Jong Park,Missouri S&T,https://sites.mst.edu/sjpark,AEJSH4UAAAAJ,0000-0001-7821-7793
Seung-Jun Kim 0002,Univ. of Maryland - Baltimore County,http://www.csee.umbc.edu/people/faculty/seung-jun-kim,AsHKhcsAAAAJ,0000-0000-0000-0000
Seung-won Hwang,Seoul National University,http://seungwonh.github.io,63bBmc3mYrAC,0000-0000-0000-0000
Seungbae Kim,University of South Florida,https://sites.google.com/site/sbkimcv,gFZlotAAAAAJ,0000-0001-5667-3560
Seunggeun Lee,Seoul National University,https://www.leelabsg.org/personnel,8GohEw0AAAAJ,0000-0002-8097-3878
Seunghee Shin,Binghamton University,https://sites.google.com/binghamton.edu/seunghee,wpGg2O4AAAAJ,0009-0003-0226-9951
Seunghoon Hong,KAIST,http://cvlab.postech.ac.kr/~maga33,hvr3ALkAAAAJ,0000-0000-0000-0000
Seunghoon Woo,Korea University,https://ssp.korea.ac.kr/ ,vm77ejwAAAAJ,0000-0002-5455-0804
Seungjin Choi,POSTECH,http://mlg.postech.ac.kr/~seungjin,_3O0RcUAAAAJ,0000-0000-0000-0000
Seungjoo Kim,Korea University,http://KimLab.net,MjJzWJEAAAAJ,0000-0000-0000-0000
Seungmoon Choi,POSTECH,http://choism71.wixsite.com/home,YpaI-NkAAAAJ,0000-0002-5889-1083
Seungryong Kim,KAIST,https://cvlab.kaist.ac.kr/members/faculty,cIK1hS8AAAAJ,0000-0003-2927-6273
Seungryoul Maeng,KAIST,http://camars.kaist.ac.kr/~maeng,NOSCHOLARPAGE,0000-0000-0000-0000
Seungryul Baek,UNIST,https://sites.google.com/site/bsrvision00,Mz1fab8AAAAJ,0000-0002-0856-6880
Seungwon Jung,Korea University,https://sites.google.com/view/deepiplab,2PHpYPQAAAAJ,0000-0000-0000-0000
Seungwon Shin 0001,KAIST,http://nss.kaist.ac.kr/?page_id=29,DbAmqd8AAAAJ,0000-0002-1077-5606
Seungwoo Je,SUSTech,https://www.sustech.edu.cn/en/faculties/seungwooje.html,yecBkvAAAAAJ,0000-0002-3968-7298
Seungyong Lee 0001,POSTECH,https://cg.postech.ac.kr/leesy,yGPH-nAAAAAJ,0000-0002-8159-4271
Seungyul Han,UNIST,https://mllab.unist.ac.kr,88JEVkQAAAAJ,0000-0002-5376-1976
Sevag Gharibian,Paderborn University,https://groups.uni-paderborn.de/fg-qi,k5G1dE0AAAAJ,0000-0000-0000-0000
Sevil Sen,Hacettepe University,https://web.cs.hacettepe.edu.tr/~ssen,Wqy6xC8AAAAJ,0000-0000-0000-0000
Sewon Min,Univ. of California - Berkeley,https://www.sewonmin.com/index.html,jU4IZs4AAAAJ,0000-0000-0000-0000
Sewoong Oh,University of Washington,http://swoh.web.engr.illinois.edu,55TAOdgAAAAJ,0000-0002-8975-8306
Seyda Ertekin,Middle East Technical University,http://web.mit.edu/seyda/www,8KrHjE0AAAAJ,0000-0000-0000-0000
Seyed A. Shahrestani,Western Sydney University,https://www.westernsydney.edu.au/staff_profiles/WSU/doctor_seyed_shahrestani,UXzgRPIAAAAJ,0000-0000-0000-0000
Seyed Abolfazl Motahari,Sharif University of Technology,http://ce.sharif.edu/faculty/abolfazl-motahari,rJ-biB0AAAAJ,0000-0000-0000-0000
Seyed Ebrahim Abtahi,Sharif University of Technology,http://sharif.edu/~abtahi,NOSCHOLARPAGE,0000-0000-0000-0000
Seyed Ghassem Miremadi,Sharif University of Technology,http://sina.sharif.ac.ir/~miremadi,LjQ5PFYAAAAJ,0000-0003-4347-4380
Seyed Hamed Hassani,University of Pennsylvania,https://www.seas.upenn.edu/~hassani,M9V6y-0AAAAJ,0000-0000-0000-0000
Seyed Hamid Rezatofighi,Monash University,https://research.monash.edu/en/persons/hamid-rezatofighi,VxAuxMwAAAAJ,0000-0000-0000-0000
Seyed Hassan Mirian,Sharif University of Technology,http://ce.sharif.edu/~mirian,NOSCHOLARPAGE,0000-0000-0000-0000
Seyed Masoud Sadjadi,Florida International University,http://www.cis.fiu.edu/~sadjadi,NOSCHOLARPAGE,0000-0000-0000-0000
Seyed Reza Ahmadzadeh,University of Massachusetts Lowell,http://www.ahmadzadeh.info,8sqAOOoAAAAJ,0000-0002-6651-8684
Seyed Vahid Azhari,IUST,http://ce.iust.ac.ir/content/7755/Dr.-Azhari,-mM5PJAAAAAJ,0000-0000-0000-0000
Seyed-Hassan Mirian-Hosseinabadi,Sharif University of Technology,http://ce.sharif.edu/~mirian,NOSCHOLARPAGE,0000-0000-0000-0000
Seyede Fatemeh Ghoreishi,Northeastern University,https://ghoreishi.sites.northeastern.edu/#_ga=2.121167816.151196753.1645503161-368177100.1593803560,BS8sZXgAAAAJ,0000-0000-0000-0000
Seyeon Kim,Korea University,https://seralab.korea.ac.kr,YE-FpR8AAAAJ,0009-0001-6426-5433
Seymour E. Goodman,Georgia Institute of Technology,http://www.iac.gatech.edu/people/faculty/goodman,NOSCHOLARPAGE,0000-0000-0000-0000
Seyoung Kim,Carnegie Mellon University,http://www.cs.cmu.edu/~sssykim,G99KBM8AAAAJ,0000-0000-0000-0000
Seyoung Park,Kyungpook National University,http://nlp.knu.ac.kr,TPBJpLQAAAAJ,0000-0003-4783-411X
Seyoung Yun,KAIST,https://fbsqkd.github.io,X_IAjb8AAAAJ,0000-0000-0000-0000
Seyran Khademi,TU Delft,https://www.tudelft.nl/en/ewi/over-de-faculteit/afdelingen/intelligent-systems/pattern-recognition-bioinformatics/computer-vision-lab/people/seyran-khademi,5xfMpw0AAAAJ,0000-0003-4623-3689
Seán F. McLoone,Queen's University Belfast,https://www.qub.ac.uk/schools/eeecs/Connect/Staff/BusinessCard/?name=s.mcloone,lNHnKBAAAAAJ,0000-0000-0000-0000
Shaahin Hessabi,Sharif University of Technology,http://sharif.edu/~hessabi,upXLWZEAAAAJ,0000-0003-3193-2567
Shaanan Cohney,University of Melbourne,https://findanexpert.unimelb.edu.au/profile/640004-shaanan-cohney,3_D6T9IAAAAJ,0000-0002-0890-6590
Shabbir Ahmed 0002,University of Dhaka,https://du.ac.bd/body/faculty_details/CSE/1759,UAFRIhYAAAAJ,0000-0000-0000-0000
Shabnam Kasra Kermanshahi,RMIT University,https://www.rmit.edu.au/contact/staff-contacts/academic-staff/k/kasra-kermanshahi-dr-shabnam,IX9BVTIAAAAJ,0000-0000-0000-0000
Shachar Itzhaky,Technion,https://csaws.cs.technion.ac.il/~shachari,U7MFtRwAAAAJ,0000-0002-7276-7644
Shachar Lovett,Univ. of California - San Diego,http://cseweb.ucsd.edu/~slovett,f6JF7BkAAAAJ,0000-0003-4552-1443
Shachi Sharma,South Asian University,http://sau.int/faculty/faculty-profile.html?staff_id=87,TltIxw8AAAAJ,0000-0000-0000-0000
Shadan Sadeghian,University of Siegen,https://www.mediacoop.uni-siegen.de/de/personen/sadedhian-shadan,DYGZQO0AAAAJ,0000-0002-8590-656X
Shadan Sadeghian Borojeni,University of Siegen,https://www.mediacoop.uni-siegen.de/de/personen/sadedhian-shadan,DYGZQO0AAAAJ,0000-0000-0000-0000
Shadan Sadeghianborojeni,University of Siegen,https://www.mediacoop.uni-siegen.de/de/personen/sadedhian-shadan,DYGZQO0AAAAJ,0000-0000-0000-0000
Shaddi Hasan,Virginia Tech,https://people.cs.vt.edu/shaddi,IHburiYAAAAJ,0000-0001-5432-6952
Shaddin Dughmi,University of Southern California,https://viterbi-web.usc.edu/~shaddin,jn-B_MoAAAAJ,0000-0002-2784-1868
Shady Elbassuoni,American University of Beirut,https://www.aub.edu.lb/fas/cs/people/Pages/se58.aspx,Fe8iIHMAAAAJ,0000-0000-0000-0000
Shafay Shamail,LUMS,https://lums.edu.pk/lums_employee/533,LEWgqDAAAAAJ,0000-0000-0000-0000
Shafi Goldwasser,Univ. of California - Berkeley,https://www2.eecs.berkeley.edu/Faculty/Homepages/goldwasser.html,NOSCHOLARPAGE,0000-0003-4728-1535
Shafiq R. Joty,Nanyang Technological University,https://raihanjoty.github.io,hR249csAAAAJ,0000-0000-0000-0000
Shafiq Rayhan Joty,Nanyang Technological University,https://raihanjoty.github.io,hR249csAAAAJ,0000-0000-0000-0000
Shaghayegh (Sherry) Sahebi,University at Albany - SUNY,https://www.albany.edu/ceas/73414.php,qxHat3oAAAAJ,0000-0000-0000-0000
Shaghayegh Sahebi,University at Albany - SUNY,https://www.albany.edu/ceas/73414.php,qxHat3oAAAAJ,0000-0000-0000-0000
Shagufta Mehnaz,Pennsylvania State University,https://smehnaz.github.io,xG6n34gAAAAJ,0000-0000-0000-0000
Shagufta Scanlon,University of Liverpool,https://www.liverpool.ac.uk/computer-science/staff/shagufta-scanlon,NOSCHOLARPAGE,0000-0000-0000-0000
Shah Muhammad Hamdi,Utah State University,https://www.usu.edu/cs/directory/faculty/hamdi-muhammad-shad,naRVOVoAAAAJ,0000-0000-0000-0000
Shahab Asoodeh,McMaster University,https://www.cas.mcmaster.ca/~asoodehs,CSxeFMsAAAAJ,0000-0000-0000-0000
Shahana Ibrahim,University of Central Florida,https://www.cs.ucf.edu/person/shahana-ibrahim,FxN93qsAAAAJ,0000-0000-0000-0000
Shahar Dobzinski,Weizmann Institute of Science,https://www.weizmann.ac.il/pages/search/people?language=english&single=1&person_id=41667,teS9lHAAAAAJ,0000-0003-1935-5808
Shahar Kvatinsky,Technion,http://webee.technion.ac.il/people/skva,6KHkduEAAAAJ,0000-0001-7277-7271
Shahar Maoz,Tel Aviv University,http://www.cs.tau.ac.il/~maozs,ePGs0fgAAAAJ,0000-0002-4022-5349
Shahed Khan Mohammed,UNC - Charlotte,https://ece.charlotte.edu/directory/dr-shahed-khan-mohammed-phd,LJj2lHwAAAAJ,0000-0000-0000-0000
Shahedur Rahman,Middlesex University,http://www.cs.mdx.ac.uk/people/shahedur-rahman,NOSCHOLARPAGE,0000-0000-0000-0000
Shaheen Fatima,Loughborough University,https://www.lboro.ac.uk/departments/compsci/staff/academic-teaching/shaheen-fatima,KqRKHv4AAAAJ,0000-0000-0000-0000
Shahid Raza,University of Glasgow,https://www.gla.ac.uk/schools/computing/staff/shahidraza,ivYcvvoAAAAJ,0000-0001-8192-0893
Shahin Jabbari,Drexel University,https://shahin-jabbari.github.io,h60zIiUAAAAJ,0000-0000-0000-0000
Shahin Jabbari Arfaee,Drexel University,https://shahin-jabbari.github.io,h60zIiUAAAAJ,0000-0000-0000-0000
Shahin Kamali,University of Manitoba,http://www.cs.umanitoba.ca/~kamalis,hQXlVLsAAAAJ,0000-0003-1404-2212
Shahram Ghandeharizadeh,University of Southern California,https://www.flslab.org,FI5-sZEAAAAJ,0000-0002-1792-7879
Shahram ShahbazPanahi,Ontario Tech University,https://engineering.ontariotechu.ca/people/ecse/shahram.shahbazpanahi.php,-kZ8x08AAAAJ,0000-0000-0000-0000
Shahram Shahbazpanahi,Ontario Tech University,https://engineering.ontariotechu.ca/people/ecse/shahram.shahbazpanahi.php,-kZ8x08AAAAJ,0000-0000-0000-0000
Shahriar Nirjon,University of North Carolina,http://cs.unc.edu/~nirjon,CsGlDGEAAAAJ,0000-0003-1443-1146
Shahryar Rahnamayan,Ontario Tech University,https://engineering.ontariotechu.ca/people/ecse/shahryar.rahnamayan.php,6ipYkfYAAAAJ,0000-0000-0000-0000
Shai Avidan,Tel Aviv University,http://www.eng.tau.ac.il/~avidan,hpItE1QAAAAJ,0000-0000-0000-0000
Shai Ben-David,University of Waterloo,https://cs.uwaterloo.ca/~shai,kezPqwoAAAAJ,0000-0000-0000-0000
Shai Shalev-Shwartz,Hebrew University of Jerusalem,https://www.cs.huji.ac.il/~shais,uYVc9koAAAAJ,0000-0000-0000-0000
Shaifu Gupta,IIT Jammu,https://www.iitjammu.ac.in/computer_science_engineering/faculty-list/~shaifugupta,XGMQWb8AAAAJ,0000-0000-0000-0000
Shailesh R. Sathe,VNIT Nagpur,https://vnit.ac.in/engineering/cse/dr-s-r-sathe,NOSCHOLARPAGE,0000-0000-0000-0000
Shaileshh Bojja Venkatakrishnan,Ohio State University,https://sites.google.com/site/shaileshhbv,NOSCHOLARPAGE,0000-0001-7355-634X
Shailey Minocha,Open University UK,http://stem.open.ac.uk/people/sm577,NOSCHOLARPAGE,0000-0000-0000-0000
Shalabh Bhatnagar,IISc Bangalore,http://www.csa.iisc.ac.in/~shalabh,cj3fJJsbjAoC,0000-0001-7644-3914
Shalev Ben-David,University of Waterloo,https://cs.uwaterloo.ca/~s4bendav,zPu_kWkAAAAJ,0000-0000-0000-0000
Shalom Lappin,Queen Mary University of London,http://eecs.qmul.ac.uk/profiles/lappinshalom.html,aE66FAYAAAAJ,0000-0000-0000-0000
Sham Kakade,Harvard University,https://sham.seas.harvard.edu,wb-DKCIAAAAJ,0000-0000-0000-0000
Sham M. Kakade,Harvard University,https://homes.cs.washington.edu/~sham,wb-DKCIAAAAJ,0000-0000-0000-0000
Sham Machandranath Kakade,Harvard University,https://homes.cs.washington.edu/~sham,wb-DKCIAAAAJ,0000-0000-0000-0000
Shambhu Upadhyaya,University at Buffalo,https://cse.buffalo.edu/~shambhu,9XFx3VMAAAAJ,0000-0000-0000-0000
Shamik Sengupta,University of Nevada,https://www.cse.unr.edu/~shamik,PqZY2oEAAAAJ,0000-0000-0000-0000
Shamik Sural,IIT Kharagpur,http://www.facweb.iitkgp.ac.in/~shamik,zmtaYLIAAAAJ,0000-0002-4315-7329
Shamkant B. Navathe,Georgia Institute of Technology,http://www.cc.gatech.edu/computing/Database/faculty/sham,_Z12v2IAAAAJ,0000-0002-6666-0031
Shamus P. Smith,Griffith University,https://experts.griffith.edu.au/37314-shamus-smith,0DdbGfAAAAAJ,0000-0001-9135-1356
Shan He 0001,University of Birmingham,https://www.birmingham.ac.uk/staff/profiles/computer-science/academic-staff/he-shan.aspx,VFbC7ycAAAAJ,0000-0003-1694-1465
Shan Lin 0001,Stony Brook University,http://www.ece.sunysb.edu/~slin,llOUqhkAAAAJ,0000-0001-6362-2972
Shan Luo 0001,University of Liverpool,https://cgi.csc.liv.ac.uk/~shanluo,ArnkrbwAAAAJ,0000-0003-4760-0372
Shan Suthaharan,UNC - Greensboro,https://shansuthaharan.com,nY9aMykAAAAJ,0000-0000-0000-0000
Shan Wang 0001,Renmin University of China,http://info.ruc.edu.cn/academic_professor.php?teacher_id=150,NOSCHOLARPAGE,0000-0000-0000-0000
Shan Zhang 0001,Beihang University,https://shi.buaa.edu.cn/zhangshan/zh_CN/index.htm,Low-un4AAAAJ,0000-0000-0000-0000
Shan e Ahmed Raza,University of Warwick,https://warwick.ac.uk/fac/sci/dcs/people/shan_raza,yPKOcgQAAAAJ,0000-0000-0000-0000
Shan-Chieh Yang,Rochester Inst. of Technology,https://people.rit.edu/sjyeec,Yblf_UQAAAAJ,0000-0000-0000-0000
Shan-Hung Wu,National Tsing Hua University,http://www.cs.nthu.edu.tw/~shwu,Pw-5jKcAAAAJ,0000-0000-0000-0000
Shan-Yuan Teng,National Taiwan University,https://tengshanyuan.info,FOngQGAAAAAJ,0000-0002-1079-097X
Shan-e-Ahmed Raza,University of Warwick,https://warwick.ac.uk/fac/sci/dcs/people/shan_raza,yPKOcgQAAAAJ,0000-0000-0000-0000
Shanchieh Jay Yang,Rochester Inst. of Technology,https://people.rit.edu/sjyeec,Yblf_UQAAAAJ,0000-0000-0000-0000
Shanchieh Yang,Rochester Inst. of Technology,https://people.rit.edu/sjyeec,Yblf_UQAAAAJ,0009-0004-5503-2082
Shandian Zhe,University of Utah,https://www.cs.utah.edu/~zhe,AVZXgyMAAAAJ,0000-0000-0000-0000
Shane K. Panter,Boise State University,https://www.boisestate.edu/coen-cs/people/faculty/shane-panter,0B7MuswAAAAJ,0000-0000-0000-0000
Shane McIntosh,University of Waterloo,http://shanemcintosh.org,FxUqGoUAAAAJ,0000-0002-0193-3975
Shanfeng Wang,Xidian University,https://web.xidian.edu.cn/sfwang,5iXRj7kAAAAJ,0000-0002-2151-6722
Shanfeng Zhu,Fudan University,http://datamining-iip.fudan.edu.cn,NOSCHOLARPAGE,0000-0002-6067-5312
Shang-En Huang,National Taiwan University,https://tmt514.github.io,EDdk-ncAAAAJ,0000-0002-9799-0981
Shang-Hong Lai,National Tsing Hua University,http://www.cs.nthu.edu.tw/~lai,LlybOXQAAAAJ,0000-0002-5092-993X
Shang-Hua Teng,University of Southern California,https://viterbi-web.usc.edu/~shanghua,NOSCHOLARPAGE,0000-0000-0000-0000
Shang-Liang Chen,National Cheng Kung University,http://www.csie.ncku.edu.tw/ncku_csie/depmember/teacherdetail/id/40,NOSCHOLARPAGE,0000-0000-0000-0000
Shang-Tse Chen,National Taiwan University,https://www.csie.ntu.edu.tw/~stchen,TLfsJRwAAAAJ,0000-0000-0000-0000
Shang-Wei Lin 0001,Nanyang Technological University,https://www3.ntu.edu.sg/home/shang-wei.lin,sCbkO2oAAAAJ,0000-0002-9726-3434
Shangfei Wang,USTC,http://staff.ustc.edu.cn/~sfwang,PmDOUfQAAAAJ,0000-0000-0000-0000
Shangguang Wang,BUPT,http://www.sguangwang.com,CSrn-jIAAAAJ,0000-0001-7245-1298
Shanghang Zhang,Peking University,https://www.shanghangzhang.com,voqw10cAAAAJ,0000-0000-0000-0000
Shangke Lyu,Nanjing University,https://lsk-robot.github.io,3_DtxJ8AAAAJ,0000-0002-8302-6630
Shangming Yang,UESTC,https://www.is.uestc.edu.cn/teachers.do?id=1098,NOSCHOLARPAGE,0000-0000-0000-0000
Shangqian Gao,Florida State University,https://www.cs.fsu.edu/department/faculty/sgao,9mNI83oAAAAJ,0000-0001-9699-1790
Shangqing Zhao,University of Oklahoma,https://cs.ou.edu/~shangqing,b3oT0dsAAAAJ,0000-0000-0000-0000
Shangtong Zhang,University of Virginia,http://shangtongzhang.github.io,Pn7fj4IAAAAJ,0000-0000-0000-0000
Shangwei Guo,Chongqing University,https://guoshangwei.github.io,wQrVkBYAAAAJ,0000-0002-6443-5308
Shangwei Lin 0001,Nanyang Technological University,http://www.ntu.edu.sg/home/shang-wei.lin,sCbkO2oAAAAJ,0000-0002-9726-3434
Shanika A. Karunasekera,University of Melbourne,http://findanexpert.unimelb.edu.au/display/person18115,WG0tRVcAAAAJ,0000-0000-0000-0000
Shanika Karunasekera,University of Melbourne,http://findanexpert.unimelb.edu.au/display/person18115,WG0tRVcAAAAJ,0000-0001-7080-5064
Shankar K. Ghosh,Shiv Nadar University,https://www.snu.edu.in/schools/school-of-engineering/faculty/shankar-kumar-ghosh,ck5tZy0AAAAJ,0000-0000-0000-0000
Shankar Kumar Ghosh,Shiv Nadar University,https://www.snu.edu.in/schools/school-of-engineering/faculty/shankar-kumar-ghosh,ck5tZy0AAAAJ,0000-0000-0000-0000
Shankar S. Sastry,Univ. of California - Berkeley,http://robotics.eecs.berkeley.edu/~sastry,KgZxzjsAAAAJ,0000-0000-0000-0000
Shankar Sastry 0001,Univ. of California - Berkeley,http://robotics.eecs.berkeley.edu/~sastry,KgZxzjsAAAAJ,0000-0000-0000-0000
Shankar Subramaniam,Univ. of California - San Diego,https://genome.ucsd.edu,66XO2NcAAAAJ,0000-0000-0000-0000
Shankara Narayanan Krishna,IIT Bombay,https://www.cse.iitb.ac.in/~krishnas,14JlaZsAAAAJ,0000-0003-0925-398X
Shankaranarayanan Krishna,IIT Bombay,https://www.cse.iitb.ac.in/~krishnas,14JlaZsAAAAJ,0000-0003-0925-398X
Shanmuganathan Raman,IIT Gandhinagar,http://www.iitgn.ac.in/faculty/electrical/shanmuganathan.htm,3YWptB8AAAAJ,0000-0003-2718-7891
Shannon D. Blunt,University of Kansas,http://www.eecs.ku.edu/people/faculty/sdblunt,M6isOVUAAAAJ,0000-0000-0000-0000
Shannon David Blunt,University of Kansas,http://www.eecs.ku.edu/people/faculty/sdblunt,M6isOVUAAAAJ,0000-0000-0000-0000
Shannon P. Quinn,University of Georgia,http://cobweb.cs.uga.edu/~squinn,4EjRiycAAAAJ,0000-0000-0000-0000
Shannon Quinn,University of Georgia,http://cobweb.cs.uga.edu/~squinn,4EjRiycAAAAJ,0000-0000-0000-0000
Shanping Li,Zhejiang University,https://person.zju.edu.cn/en/0087125,NOSCHOLARPAGE,0000-0003-2615-9792
Shanshan Li 0002,Nanjing University,https://software.nju.edu.cn//lss/index.html,E86VWYEAAAAJ,0000-0002-7588-5603
Shantanu Sharma 0001,NJIT,https://web.njit.edu/~ss797,NOSCHOLARPAGE,0000-0002-1339-5481
Shanton Chang,University of Melbourne,http://people.eng.unimelb.edu.au/slwc,saxbu9cAAAAJ,0000-0000-0000-0000
Shao-Qun Zhang,Nanjing University,https://www.lamda.nju.edu.cn/zhangsq,TCh08AUAAAAJ,0000-0000-0000-0000
Shao-Yuan Lo,National Taiwan University,https://shaoyuanlo.github.io,vL35nH4AAAAJ,0000-0000-0000-0000
Shaodi You,University of Amsterdam,https://youshaodi.github.io,DRoHXVMAAAAJ,0000-0000-0000-0000
Shaofeng H.-C. Jiang,Peking University,https://shaofengjiang.cn,F41MSDYAAAAJ,0000-0001-7972-827X
Shaogang Gong,Queen Mary University of London,http://www.eecs.qmul.ac.uk/~sgg,Nhi0I8cAAAAJ,0000-0001-8156-2299
Shaohua (David) Wang,NJIT,https://davidshaohuawang.wordpress.com,akcXrFAAAAAJ,0000-0000-0000-0000
Shaohua Duan,Washington State University,https://school.eecs.wsu.edu/faculty/profile/?nid=shaohua.duan,fxpHPAkAAAAJ,0000-0000-0000-0000
Shaohua Kevin Zhou,USTC,https://ic.ustc.edu.cn/v7info.php?Nav_x=77&detailId=732,8eNm2GMAAAAJ,0000-0000-0000-0000
Shaohua Li 0002,Chinese University of Hong Kong,https://shao-hua-li.github.io,MwJw4YwAAAAJ,0000-0001-7556-3615
Shaohua Tan,Peking University,http://www.klmp.pku.edu.cn/Faculty/FacultyDetail.aspx?FacultyID=35,NOSCHOLARPAGE,0000-0000-0000-0000
Shaohua Wang 0002,NJIT,https://davidshaohuawang.wordpress.com,akcXrFAAAAAJ,0000-0001-5777-7759
Shaohui Liu,Harbin Institute of Technology,http://homepage.hit.edu.cn/liushaohui,mpwos7UAAAAJ,0000-0002-1810-5412
Shaojie Zhang 0001,University of Central Florida,http://www.cs.ucf.edu/~shzhang,V-zvBOgAAAAJ,0000-0002-4051-5549
Shaolei Ren,Univ. of California - Riverside,https://shaoleiren.github.io,NOSCHOLARPAGE,0000-0001-9003-4324
Shaolei Zhang,Renmin University of China,https://zhangshaolei1998.github.io,gWwAWo4AAAAJ,0000-0000-0000-0000
Shaoliang Peng,Hunan University,http://csee.hnu.edu.cn/people/pengshaoliang,Ymn8pYwAAAAJ,0000-0002-4647-2615
Shaoping Ma,Tsinghua University,http://www.tsinghua.edu.cn/publish/csen/4623/2010/20101224180015486255888/20101224180015486255888_.html,NfSYQ90AAAAJ,0000-0002-8762-8268
Shaoqun Wu,University of Waikato,http://www.cms.waikato.ac.nz/people/shaoqun,RlOtjQoAAAAJ,0000-0000-0000-0000
Shaowei Cai 0001,Chinese Academy of Sciences,http://teacher.ucas.ac.cn/~caisw,mcuXqQoAAAAJ,0000-0003-1730-6922
Shaowei Wang 0002,University of Manitoba,https://sites.google.com/view/mambalab,PIBtljkAAAAJ,0000-0003-3823-1771
Shaowen Bardzell,Georgia Institute of Technology,https://shaowenbardzell.com,aD5ev8QAAAAJ,0000-0001-7596-9244
Shaowen Wang 0001,Univ. of Illinois at Urbana-Champaign,https://ggis.illinois.edu/directory/profile/shaowen,qcUhJIcAAAAJ,0000-0000-0000-0000
Shaoxu Song,Tsinghua University,http://ise.thss.tsinghua.edu.cn/sxsong,NOSCHOLARPAGE,0000-0002-9503-2755
Shaoyi Huang,Stevens Institute of Technology,https://www.shaoyihuang.com,Ybk2L10AAAAJ,0000-0001-6093-9798
Shaoying Cai,Hunan University,https://sites.google.com/site/drshaoyingcai,z6IRfM0AAAAJ,0000-0000-0000-0000
Shaozhang Niu,BUPT,https://teacher.bupt.edu.cn/niushaozhang/en/kyxm/6880/content/1799.htm,NOSCHOLARPAGE,0000-0000-0000-0000
Sharad Mehrotra,Univ. of California - Irvine,https://www.ics.uci.edu/~sharad,MTZaRW4AAAAJ,0000-0003-1667-5435
Sharad Sinha,IIT Goa,https://www.iitgoa.ac.in/~sharad,ZgvhpvEAAAAJ,0000-0002-4532-2017
Sharan Vaswani,Simon Fraser University,https://vaswanis.github.io,bDb2zWwAAAAJ,0000-0000-0000-0000
Sharareh Alipour,TeIAS,https://teias.institute/~alipour,YP90oGMAAAAJ,0000-0002-3626-8960
Sharat Chandran,IIT Bombay,https://www.cse.iitb.ac.in/~sharat,pRDtIYcAAAAJ,0000-0000-0000-0000
Sharath Raghvendra,North Carolina State University,https://www.csc.ncsu.edu/people/skraghve,kOfRa7MAAAAJ,0000-0000-0000-0000
Sharathkumar Raghvendra,North Carolina State University,https://www.csc.ncsu.edu/people/skraghve,kOfRa7MAAAAJ,0000-0000-0000-0000
Shareef Ahmed,University of South Florida,https://www.usf.edu/ai-cybersecurity-computing/people/faculty/shareef_ahmed.aspx,K4jSziQAAAAJ,0000-0002-9290-4896
Sharene D. Bungay,Memorial Univ. of Newfoundland,https://www.mun.ca/computerscience/people/sharene.php,NOSCHOLARPAGE,0000-0000-0000-0000
Sharib Ali,University of Leeds,https://eps.leeds.ac.uk/computing/staff/11465/dr-sharib-ali,NX8ifFkAAAAJ,0000-0003-1313-3542
Sharifa Sultana,Univ. of Illinois at Urbana-Champaign,https://www.sharifasultana.com,2wSaNE0AAAAJ,0000-0003-2906-7391
Sharma Chakravarthy,University of Texas at Arlington,http://itlab.uta.edu/sharma,N4oy61IAAAAJ,0000-0001-7548-2663
Sharma V. Thankachan,North Carolina State University,https://www.csc.ncsu.edu/people/svalliy,pwdQAPEAAAAJ,0000-0000-0000-0000
Sharon Ding,University of Glasgow,https://www.gla.ac.uk/schools/computing/staff/xianghuading,B9M48i8AAAAJ,0000-0000-0000-0000
Sharon Goldberg,Boston University,http://www.cs.bu.edu/~goldbe,lJ8qjPAAAAAJ,0000-0000-0000-0000
Sharon Goldwater,University of Edinburgh,http://homepages.inf.ed.ac.uk/sgwater,_ZxvlzoAAAAJ,0000-0000-0000-0000
Sharon Levy,Rutgers University,https://sharonlevy.github.io,KdTUNZIAAAAJ,0000-0000-0000-0000
Sharon Li 0001,University of Wisconsin - Madison,https://pages.cs.wisc.edu/~sharonli,QSTd1oUAAAAJ,0000-0000-0000-0000
Sharon Mason,Rochester Inst. of Technology,http://ist.rit.edu/~spm,_03eTDYAAAAJ,0000-0000-0000-0000
Sharon Shoham,Tel Aviv University,http://www.tau.ac.il/~sharonshoham,SCP6RcEAAAAJ,0000-0002-7226-3526
Sharon Wood,University of Sussex,http://www.sussex.ac.uk/informatics/people/peoplelists/person/2974,NOSCHOLARPAGE,0000-0000-0000-0000
Sharon X. Huang,Pennsylvania State University,https://faculty.ist.psu.edu/suh972,iTtzc1UAAAAJ,0000-0003-2338-6535
Sharon Xianghua Ding,Fudan University,http://www.xianghuading.com,B9M48i8AAAAJ,0000-0001-8122-6252
Sharon Xiaolei Huang,Pennsylvania State University,https://faculty.ist.psu.edu/suh972,iTtzc1UAAAAJ,0000-0000-0000-0000
Shasha Mao,Xidian University,https://web.xidian.edu.cn/ssmao,QLCqaOwAAAAJ,0000-0000-0000-0000
Shashank K. Mehta,IIT Kanpur,http://www.iitk.ac.in/new/dr-shashank-k-mehta,77K1J3cAAAAJ,0000-0000-0000-0000
Shashank Sonkar,University of Central Florida,https://www.cecs.ucf.edu/faculty/shashank-sonkar,4Rv56n4AAAAJ,0000-0000-0000-0000
Shashank Srivastava,University of North Carolina,https://www.ssriva.com,-vKI5s0AAAAJ,0009-0001-3882-5126
Shashi K. Gadia,Iowa State University,http://www.cs.iastate.edu/~gadia,NOSCHOLARPAGE,0000-0000-0000-0000
Shashi Shekhar 0001,University of Minnesota,http://umn.edu/home/shekhar,p26NfLgAAAAJ,0000-0000-0000-0000
Shatrunjay Rawat,IIIT Hyderabad,https://www.iiit.ac.in/people/faculty/shatrunjay.rawat,NOSCHOLARPAGE,0000-0000-0000-0000
Shaul Markovitch,Technion,http://www.cs.technion.ac.il/~shaulm,bYcqNlgAAAAJ,0000-0000-0000-0000
Shaull Almagor,Technion,https://shaull.cswp.cs.technion.ac.il,kpOkLNsAAAAJ,0000-0001-9021-1175
Shaun J. Canavan,University of South Florida,http://www.cse.usf.edu/~scanavan,zayQB-oAAAAJ,0000-0002-1538-476X
Shaun K. Kane,University of Colorado Boulder,http://shaunkane.info,v564lDgAAAAJ,0000-0002-0276-9417
Shaun Wallace,University of Rhode Island,https://shaunwallace.org,wyeu9MkAAAAJ,0000-0001-5297-1659
Shawn D. Newsam,Univ. of California - Merced,https://faculty.ucmerced.edu/snewsam/index.html,pQZX0mEAAAAJ,0000-0001-6803-5291
Shawn Newsam,Univ. of California - Merced,https://faculty.ucmerced.edu/snewsam/index.html,pQZX0mEAAAAJ,0000-0000-0000-0000
Shawn Ostermann,Ohio University,http://oucsace.cs.ohiou.edu/~osterman/Homepage.html,NOSCHOLARPAGE,0000-0000-0000-0000
Shawn Shan,Dartmouth College,https://www.shawnshan.com,vonYQc4AAAAJ,0009-0005-4324-7817
Shay B. Cohen,University of Edinburgh,http://homepages.inf.ed.ac.uk/scohen,Q4oVM7IAAAAJ,0000-0003-4753-8353
Shay Kutten,Technion,https://shay.net.technion.ac.il,80P45ZMAAAAJ,0000-0003-2062-6855
Shay Moran,Technion,https://shaymrn.cs.technion.ac.il,kALYnggAAAAJ,0000-0002-8662-2737
Shayan Oveis Gharan,University of Washington,http://homes.cs.washington.edu/~shayan,TZWVRR8AAAAJ,0000-0002-5504-0849
Shayma Alkobaisi,UAEU,https://www.uaeu.ac.ae/en/cit/profile.shtml?email=shayma.alkobaisi@uaeu.ac.ae,P2P-j68AAAAJ,0000-0000-0000-0000
Shayok Chakraborty,Florida State University,https://shayokch.com,5f3w1p0AAAAJ,0000-0000-0000-0000
Shazia Sadiq,University of Queensland,http://www.itee.uq.edu.au/dke/shazia,1Jo0EmIAAAAJ,0000-0001-6739-4145
Shazia W. Sadiq,University of Queensland,http://researchers.uq.edu.au/researcher/792,NOSCHOLARPAGE,0000-0000-0000-0000
Shazia Wasim Sadiq,University of Queensland,http://researchers.uq.edu.au/researcher/792,NOSCHOLARPAGE,0000-0000-0000-0000
She Kun 0001,UESTC,https://www.is.uestc.edu.cn/teachers.do?id=1044,NOSCHOLARPAGE,0000-0000-0000-0000
Sheel Sindhu Manohar,Shiv Nadar University,https://www.snu.edu.in/schools/school-of-engineering/faculty/sheel-sindhu-manohar,6S-CyeIAAAAJ,0000-0001-7490-6209
Sheelagh Carpendale,Simon Fraser University,https://www.cs.sfu.ca/~sheelagh,43LLX2kAAAAJ,0000-0002-5127-9780
Sheena Erete,Univ. of Maryland - College Park,https://www.cs.umd.edu/people/serete,cTrfR60AAAAJ,0000-0003-2819-1083
Shehab Ahmed,Texas A&M at Qatar,https://www.qatar.tamu.edu/programs/ecen/faculty-and-staff/dr.-shehab-ahmed,eOzpYdcAAAAJ,0000-0000-0000-0000
Sheida Nabavi,University of Connecticut,http://www.cse.uconn.edu/people/faculty,dGtRvk8AAAAJ,0000-0002-5996-1020
Sheila A. McIlraith,University of Toronto,http://www.cs.toronto.edu/~sheila,ny2zuvMAAAAJ,0000-0003-4953-0945
Shelby H. Funk,University of Georgia,http://www.cs.uga.edu/directory/shelby-h-funk,6qfyAZQAAAAJ,0000-0000-0000-0000
Sheldon Andrews,ETS Montreal,http://profs.etsmtl.ca/sandrews,aoAfWEQAAAAJ,0000-0001-9776-117X
Sheldon H. Jacobson,Univ. of Illinois at Urbana-Champaign,http://shj.cs.illinois.edu,ZLTSUtsAAAAJ,0000-0000-0000-0000
Sheldon S. Williamson,Ontario Tech University,https://engineering.ontariotechu.ca/people/ecse/sheldon.williamson.php,I9aBAuQAAAAJ,0000-0000-0000-0000
Sheldon X.-D. Tan,Univ. of California - Riverside,http://www.ee.ucr.edu/~stan,ugsbzTsAAAAJ,0000-0003-2119-6869
Shen Furao,Nanjing University,https://cs.nju.edu.cn/rinc/student/qty/index.html,bjSi-dIAAAAJ,0000-0000-0000-0000
Shen Wang,University College Dublin,https://people.ucd.ie/shen.wang,rPAOzIwAAAAJ,0000-0000-0000-0000
Sheng Cao,UESTC,https://sheng-cao.github.io,6zwMYZsAAAAJ,0009-0009-1532-1636
Sheng Chen 0001,University of Southampton,https://www.ecs.soton.ac.uk/people/sqc,ZikGt_kAAAAJ,0000-0000-0000-0000
Sheng Chen 0008,Univ. of Louisiana - Lafayette,http://www.ucs.louisiana.edu/~sxc2311,NOSCHOLARPAGE,0000-0001-7038-4407
Sheng Gao,BUPT,http://www.pris.net.cn/introduction/teacher/sheng-gao,V1q9QpgAAAAJ,0000-0000-0000-0000
Sheng Huang 0001,Chongqing University,http://www.cse.cqu.edu.cn/info/2096/3496.htm,JL-pDFYAAAAJ,0000-0001-5610-0826
Sheng Li 0001,University of Virginia,http://sheng-li.org,DEncVcYAAAAJ,0000-0003-1205-8632
Sheng Li 0002,Peking University,http://eecs.pku.edu.cn/EN/People/Faculty/Detail/?ID=6082,NOSCHOLARPAGE,0000-0000-0000-0000
Sheng Li 0003,Harbin Institute of Technology,http://ir.hit.edu.cn/~ls,NOSCHOLARPAGE,0000-0000-0000-0000
Sheng Luo 0001,Shenzhen University,https://csse.szu.edu.cn/en/pages/user/index?id=829,-veoRp8AAAAJ,0000-0000-0000-0000
Sheng Su,UESTC,https://www.is.uestc.edu.cn/teachers.do?id=1071,NOSCHOLARPAGE,0000-0000-0000-0000
Sheng Wang 0007,Wuhan University,http://sheng.whu.edu.cn,4VwsT3QAAAAJ,0000-0002-5461-4281
Sheng Wang 0012,University of Washington,https://homes.cs.washington.edu/~swang,b6wGKhsAAAAJ,0000-0002-0439-5199
Sheng Wei 0001,Rutgers University,http://eceweb1.rutgers.edu/~sw891,SFXTPv0AAAAJ,0000-0000-0000-0000
Sheng Xiao,Hunan University,http://www.xiaolab.net/index_CN.html#bio,drWH-BYAAAAJ,0000-0000-0000-0000
Sheng Zhang 0001,Nanjing University,https://cs.nju.edu.cn/sheng,2fqdkfMAAAAJ,0000-0002-6581-6399
Sheng Zhong 0002,Nanjing University,http://cosec.nju.edu.cn/index.php/%E4%BB%B2%E7%9B%9B_Sheng_Zhong,EztoKEIAAAAJ,0000-0002-6581-8730
Sheng-Fu Liang,National Cheng Kung University,http://www.csie.ncku.edu.tw/ncku_csie/depmember/teacherdetail/id/26,NOSCHOLARPAGE,0000-0000-0000-0000
Sheng-Hua Zhong,Shenzhen University,https://sheng-hua-zhong.weebly.com,O6XQ9c4AAAAJ,0000-0000-0000-0000
Sheng-Tzong Cheng,National Cheng Kung University,http://www.csie.ncku.edu.tw/ncku_csie/depmember/teacherdetail/id/9,NOSCHOLARPAGE,0000-0000-0000-0000
Sheng-hua Zhong,Shenzhen University,https://sheng-hua-zhong.weebly.com,O6XQ9c4AAAAJ,0000-0000-0000-0000
Shengan Zheng,Shanghai Jiao Tong University,https://venero.github.io,gRSfVAUAAAAJ,0000-0003-2485-760X
Shengcai Liao,UAEU,https://www.uaeu.ac.ae/en/cit/profile.shtml?email=scliao@uaeu.ac.ae,Hae2BSYAAAAJ,0000-0001-8941-2295
Shengchuan Zhang,Xiamen University,https://informatics.xmu.edu.cn/info/1020/18608.htm,GToqXScAAAAJ,0000-0002-0800-0609
Shengdong Zhao 0001,City University of Hong Kong,http://www.shengdongzhao.com,VfdLjCcAAAAJ,0000-0001-7971-3107
Shengfeng He,Singapore Management University,https://shengfenghe.github.io,rBWnK8wAAAAJ,0000-0002-3802-4644
Shenghao Yang 0001,CUHK (SZ),https://shhyang.github.io,wogDSg0AAAAJ,0000-0000-0000-0000
Shenghua Gao,ShanghaiTech University,https://svip-lab.github.io/news.html,fe-1v0MAAAAJ,0000-0003-1626-2040
Shenghui Liao,Central South University,https://faculty.csu.edu.cn/liaoshenghui/zh_CN/index.htm,NOSCHOLARPAGE,0000-0000-0000-0000
Shenghui Wang 0001,University of Twente,https://research.utwente.nl/en/persons/e55450d3-f688-48d3-8468-516c4b51560b,QswAYD0AAAAJ,0000-0003-0583-6969
Shengjie Wang 0001,NYU Shanghai,https://sheng-jie-wang.github.io,hLxJ02wAAAAJ,0000-0002-9311-102X
Shengjie Zhao,Tongji University,https://sse.tongji.edu.cn/Data/View/3914,NOSCHOLARPAGE,0000-0000-0000-0000
Shengli Liu 0001,Shanghai Jiao Tong University,https://www.cs.sjtu.edu.cn/PeopleDetail.aspx?id=96,bd8fPdsAAAAJ,0000-0003-1366-8256
Shenglin Gui,UESTC,https://www.en.scse.uestc.edu.cn/info/1085/2076.htm,NOSCHOLARPAGE,0000-0000-0000-0000
Shengping Zhang,Harbin Institute of Technology,http://homepage.hit.edu.cn/zhangshengping,hMNsT8sAAAAJ,0000-0001-5200-3420
Shengpu Tang,Emory University,https://shengpu-tang.me,a_z5a5wAAAAJ,0000-0000-0000-0000
Shengru Tu,University of New Orleans,http://new.uno.edu/profile/faculty/shengru_tu,NOSCHOLARPAGE,0000-0000-0000-0000
Shengrui Wang,Université de Sherbrooke,https://www.usherbrooke.ca/informatique/personnel/corps-professoral/professeurs/shengrui-wang,LrUajaoAAAAJ,0000-0000-0000-0000
Shengshan Hu,HUST,http://faculty.hust.edu.cn/HUSHENGSHAN/en/index.htm,lkAFwJgAAAAJ,0000-0000-0000-0000
Shengwei An,Virginia Tech,https://answ.in,qcmmzeEAAAAJ,0000-0003-0564-0018
Shengxin Liu,Harbin Institute of Technology,http://faculty.hitsz.edu.cn/sxliu,NOSCHOLARPAGE,0000-0001-5786-6938
Shengyao Lu,University of Victoria,https://sluxsr.github.io,MSsab9EAAAAJ,0000-0000-0000-0000
Shengyu Zhang 0002,Chinese University of Hong Kong,http://www.cse.cuhk.edu.hk/~syzhang,h9_LPeAAAAAJ,0000-0001-5907-2277
Shengyuan Wang,Tsinghua University,http://www.tsinghua.edu.cn/publish/csen/4623/2010/20101224194341363850614/20101224194341363850614_.html,o_XEptEAAAAJ,0000-0000-0000-0000
Shenlong Wang,Univ. of Illinois at Urbana-Champaign,http://shenlong.web.illinois.edu,QFpswmcAAAAJ,0000-0002-7984-266X
Sheqin Dong,Tsinghua University,http://www.tsinghua.edu.cn/publish/csen/4623/2010/20101223231437873460518/20101223231437873460518_.html,VxBX9CgAAAAJ,0000-0000-0000-0000
Sherah Kurnia,University of Melbourne,https://findanexpert.unimelb.edu.au/display/person6535,vasVu8sAAAAJ,0000-0000-0000-0000
Sherenaz W. Al Haj Baddar,University of Jordan,http://computer.ju.edu.jo/Lists/FacultyAcademicStaff/Disp_Staff.aspx?ID=18&Dept=Computer%20Science,tdIm-9oAAAAJ,0000-0000-0000-0000
Sheridan K. Houghten,Brock University,https://www.cosc.brocku.ca/~houghten,KNelux0AAAAJ,0000-0000-0000-0000
Sherief Reda,Brown University,https://scale-lab.github.io/pages/sreda.html,p69MQp4AAAAJ,0000-0001-8232-4516
Sherif El-Kassas,American University in Cairo,https://www.aucegypt.edu/fac/sherifel-kassas,NOSCHOLARPAGE,0000-0000-0000-0000
Sherif G. Aly,American University in Cairo,https://www.aucegypt.edu/fac/sherifaly,L-4bT2AAAAAJ,0000-0000-0000-0000
Sherif Saad Ahmed,University of Windsor,http://www.uwindsor.ca/science/computerscience/1026/dr-sherif-saad-ahmed,NOSCHOLARPAGE,0000-0000-0000-0000
Sherlock A. Licorish,University of Otago,https://www.otago.ac.nz/school-of-computing/our-people/sherlock-licorish,wBierhIAAAAJ,0000-0001-7318-2421
Sherry Yang 0001,New York University,https://sherryy.github.io,7c1B_fIAAAAJ,0000-0000-0000-0000
Shervin Rahimzadeh Arashloo,Bilkent University,http://www.cs.bilkent.edu.tr/~s.rahimzadeh,-m3v6L8AAAAJ,0000-0000-0000-0000
Shervin Shirmohammadi,University of Ottawa,http://www.site.uottawa.ca/~shervin,qJuYI44AAAAJ,0000-0002-3973-4445
Sherzod Turaev,UAEU,https://www.uaeu.ac.ae/en/cit/profile.shtml?email=sherzod@uaeu.ac.ae,dAXVaD4AAAAJ,0000-0000-0000-0000
Shi Gu,UESTC,https://guslab.org,9_jlOXUAAAAJ,0000-0000-0000-0000
Shi Li 0001,Nanjing University,https://tcs.nju.edu.cn/shili,11tt6p4AAAAJ,0000-0001-9140-9415
Shi Ying,Wuhan University,http://cs.whu.edu.cn/teacherinfo.aspx?id=221,NOSCHOLARPAGE,0000-0000-0000-0000
Shi Zhou,University College London,http://www0.cs.ucl.ac.uk/staff/S.Zhou,q-lN60cAAAAJ,0000-0001-9658-9195
Shi-Chun Tsai,National Chiao Tung University,http://www.cs.nctu.edu.tw/~sctsai,CoJCy94AAAAJ,0000-0000-0000-0000
Shi-Kuo Chang,University of Pittsburgh,https://cs.pitt.edu/~chang,NOSCHOLARPAGE,0000-0000-0000-0000
Shi-Min Cai,UESTC,https://www.en.scse.uestc.edu.cn/info/1085/2029.htm,nGDBb0kAAAAJ,0000-0000-0000-0000
Shi-Min Hu 0001,Tsinghua University,http://cg.cs.tsinghua.edu.cn/shimin.htm,LDb4tb0AAAAJ,0000-0001-7507-6542
Shi-Qiang Yang,Tsinghua University,http://media.cs.tsinghua.edu.cn/en/yangsq,NOSCHOLARPAGE,0000-0000-0000-0000
Shi-Qing Xin,Shandong University,https://www.xinshiqing.com,NOSCHOLARPAGE,0000-0000-0000-0000
Shiao-Li Tsao,National Chiao Tung University,http://people.cs.nctu.edu.tw/~sltsao,rk-q0YkAAAAJ,0000-0000-0000-0000
Shiaofen Fang,IUPUI,http://cs.iupui.edu/~sfang,NOSCHOLARPAGE,0000-0000-0000-0000
Shibashis Guha,Tata Inst. of Fundamental Research,https://www.tcs.tifr.res.in/web/people/faculty,NOSCHOLARPAGE,0000-0000-0000-0000
Shibbir Ahmed,Texas State University,https://shibbirtanvin.github.io,0WiJN4cAAAAJ,0000-0003-1183-883X
Shibiao Xu,BUPT,https://teacher.bupt.edu.cn/xushibiao/zh_CN/index.htm,NOSCHOLARPAGE,0000-0003-4037-9900
Shibo Li,Florida State University,https://www.cs.fsu.edu/department/faculty/shiboli,thvPDwgAAAAJ,0000-0000-0000-0000
Shibu Yooseph,University of Central Florida,http://www.cs.ucf.edu/~syooseph,OJKibFgAAAAJ,0000-0001-5581-5002
Shichao Pei,University of Massachusetts Boston,https://scpei.github.io,IDaNWgIAAAAJ,0000-0002-0802-1506
Shichen Zhang,University of South Florida,https://www.usf.edu/ai-cybersecurity-computing/people/faculty/shichen_zhang.aspx,RvFFvTYAAAAJ,0000-0000-0000-0000
Shie Mannor,Technion,http://shie.webee.eedev.technion.ac.il,q1HlbIUAAAAJ,0000-0003-4439-7647
Shie Yuan Wang,National Chiao Tung University,http://www.csie.nctu.edu.tw/~shieyuan,NOSCHOLARPAGE,0000-0000-0000-0000
Shie-Yuan Wang,National Chiao Tung University,http://www.csie.nctu.edu.tw/~shieyuan,NOSCHOLARPAGE,0000-0000-0000-0000
Shifeng Sun 0001,Shanghai Jiao Tong University,https://infosec.sjtu.edu.cn/DirectoryDetail.aspx?id=164,mP_cEisAAAAJ,0000-0000-0000-0000
Shigang Chen,University of Florida,http://www.cise.ufl.edu/~sgchen,jDCiMQkAAAAJ,0000-0001-7867-7765
Shigehiko Kanaya,NAIST,https://researchmap.jp/kanayan,4Onx7zgAAAAJ,0000-0000-0000-0000
Shigeng Zhang,Central South University,https://faculty.csu.edu.cn/zhangshigeng/zh_CN/index.htm,EkAcnVsAAAAJ,0000-0000-0000-0000
Shigeo Matsubara,Kyoto University,https://kyouindb.iimc.kyoto-u.ac.jp/e/yU9jT,NOSCHOLARPAGE,0000-0000-0000-0000
Shigeo Urushidani,National Inst. of Informatics,https://www.nii.ac.jp/en/faculty/architecture/urushidani_shigeo,NOSCHOLARPAGE,0000-0000-0000-0000
Shigeru Chiba,University of Tokyo,https://www.csg.ci.i.u-tokyo.ac.jp/~chiba/site,InqrIAUAAAAJ,0000-0002-1058-5941
Shiguang Shan,Chinese Academy of Sciences,http://vipl.ict.ac.cn/view_people.php?id=12,Vkzd7MIAAAAJ,0000-0002-8348-392X
Shigueo Nomura,UFU,http://www.ppgco.facom.ufu.br/pt-br/pessoas/shigueo-nomura,NOSCHOLARPAGE,0000-0000-0000-0000
Shih-Chieh Chang,National Tsing Hua University,http://www.cs.nthu.edu.tw/~scchang,LXaFMMAAAAAJ,0000-0000-0000-0000
Shih-Fen Cheng,Singapore Management University,https://www.smu.edu.sg/faculty/profile/9608/CHENG-Shih-Fen,zEHb5vMAAAAJ,0000-0001-9398-7892
Shih-Fu Chang,Columbia University,http://www.ee.columbia.edu/~sfchang,OMVTRscAAAAJ,0000-0000-0000-0000
Shih-Hao Hung,National Taiwan University,https://www.csie.ntu.edu.tw/~hungsh,VbfABcUAAAAJ,0000-0003-2043-2663
Shih-Hsuan Hung,National Tsing Hua University,https://cgv.cs.nthu.edu.tw/people,zNpxBWUAAAAJ,0000-0003-4487-8483
Shih-Wei Li,National Taiwan University,https://www.csie.ntu.edu.tw/~shihwei,1osd1tYAAAAJ,0009-0002-6883-5373
Shih-Wei Liao,National Taiwan University,https://www.csie.ntu.edu.tw/~liao,NOSCHOLARPAGE,0000-0000-0000-0000
Shih-wei Liao,National Taiwan University,https://www.csie.ntu.edu.tw/~liao,NOSCHOLARPAGE,0000-0000-0000-0000
Shihao Ji 0001,University of Connecticut,https://sji.soc.uconn.edu,qMfWf9EAAAAJ,0000-0002-3573-5379
Shihong Huang,Florida Atlantic University,http://faculty.eng.fau.edu/shihong,c2XTHWgAAAAJ,0000-0000-0000-0000
Shihong Xia,Chinese Academy of Sciences,http://humanmotion.ict.ac.cn/en/people/xiashihong.html,NOSCHOLARPAGE,0000-0002-7228-9646
Shihong Zou,BUPT,https://int.bupt.edu.cn/content/content.php?p=6_16_120,U6pT5qAAAAAJ,0000-0000-0000-0000
Shihui Guo,Xiamen University,https://informatics.xmu.edu.cn/info/1475/25669.htm,RPAVxiAAAAAJ,0000-0002-1473-297X
Shijia Gao,Monash University,http://monash.edu/research/explore/en/persons/caddie-gao(35c7d8e4-7fd7-411c-a388-6ae007aa8187).html,2BKHVi4AAAAJ,0000-0000-0000-0000
Shijia Pan,Univ. of California - Merced,http://www.andrew.cmu.edu/user/shijiapa,oauqR3wAAAAJ,0000-0002-3226-2318
Shijian Li,Zhejiang University,http://mypage.zju.edu.cn/lishijian,NOSCHOLARPAGE,0000-0000-0000-0000
Shijian Lu,Nanyang Technological University,https://www3.ntu.edu.sg/home/shijian.lu/index.htm,uYmK-A0AAAAJ,0000-0002-6766-2506
Shijin Yuan,Tongji University,https://sse.tongji.edu.cn/Data/View/2819,NOSCHOLARPAGE,0000-0000-0000-0000
Shijun Li,Wuhan University,https://cs.whu.edu.cn/info/1019/2853.htm,NOSCHOLARPAGE,0000-0000-0000-0000
Shikui Tu,Shanghai Jiao Tong University,https://www.cs.sjtu.edu.cn/~tushikui,NOSCHOLARPAGE,0000-0000-0000-0000
Shikui Wei,Beijing Jiaotong University,https://faculty.bjtu.edu.cn/8466,vpuMdMUAAAAJ,0000-0000-0000-0000
Shiliang Zhang,Peking University,http://idm.pku.edu.cn/staff/zhangshiliang/index.html,7phvKK4AAAAJ,0000-0000-0000-0000
Shilong Ma,Beihang University,http://scse.buaa.edu.cn/info/1078/2644.htm,NOSCHOLARPAGE,0000-0000-0000-0000
Shimei Pan,Univ. of Maryland - Baltimore County,https://nlp-lab.umbc.edu/home/shimei,HUpnUScAAAAJ,0000-0000-0000-0000
Shimeng Yu,Georgia Institute of Technology,https://shimeng.ece.gatech.edu/professor,XFgMpqYAAAAJ,0000-0002-0068-3652
Shimin Cai,UESTC,https://www.en.scse.uestc.edu.cn/info/1085/2029.htm,nGDBb0kAAAAJ,0000-0000-0000-0000
Shimin Chen,Chinese Academy of Sciences,http://teacher.ucas.ac.cn/~chensm,mGPuiasAAAAJ,0009-0000-1043-6236
Shimin Hu 0001,Tsinghua University,http://cg.cs.tsinghua.edu.cn/shimin.htm,LDb4tb0AAAAJ,0000-0001-7507-6542
Shimon Ullman,Weizmann Institute of Science,https://www.weizmann.ac.il/pages/search/people?language=english&single=1&person_id=1924,NOSCHOLARPAGE,0000-0000-0000-0000
Shimon Whiteson,University of Oxford,http://www.cs.ox.ac.uk/people/shimon.whiteson,9zeEI-cAAAAJ,0000-0000-0000-0000
Shin Hwei Tan,Concordia University,http://www.shinhwei.com,1eFjFs8AAAAJ,0000-0001-8633-3372
Shin Takahashi,University of Tsukuba,https://www.iplab.cs.tsukuba.ac.jp/~shin/index-e.html,Z834QG0AAAAJ,0000-0000-0000-0000
Shin Yoo,KAIST,https://cs.kaist.ac.kr/people/view?idx=516&kind=faculty&menu=160,W9ymXf4AAAAJ,0000-0002-0836-6993
Shin'ichi Satoh 0001,National Inst. of Informatics,https://www.nii.ac.jp/en/faculty/digital_content/satoh_shinichi,7aEF5cQAAAAJ,0000-0001-6995-6447
Shin-Dug Kim,Yonsei University,http://supercom.yonsei.ac.kr/Member,UMFYks8AAAAJ,0000-0002-2642-6662
Shin-Jie Lee,National Cheng Kung University,http://www.csie.ncku.edu.tw/ncku_csie/depmember/teacherdetail/id/46,NOSCHOLARPAGE,0000-0000-0000-0000
Shin-Mu Tseng,National Chiao Tung University,http://people.cs.nctu.edu.tw/~vtseng,DFjmS6AAAAAJ,0000-0000-0000-0000
Shin-ichi Minato,Kyoto University,http://www.lab2.kuis.kyoto-u.ac.jp/minato/index-e.html,REcGeeQAAAAJ,0000-0000-0000-0000
Shin-ya Nishizaki,Tokyo Institute of Technology,http://www.lambda.cs.titech.ac.jp/english,NOSCHOLARPAGE,0000-0000-0000-0000
Shing-Chi Cheung,HKUST,https://www.cse.ust.hk/~scc,5RIgb3wAAAAJ,0000-0002-3508-7172
Shingo Takada 0001,Keio University,https://www.st.keio.ac.jp/en/tprofile/ics/takada.html,DlYZVo0AAAAJ,0000-0000-0000-0000
Shinichi Honiden,University of Tokyo,http://research.nii.ac.jp/~honiden,6VvDzyMAAAAJ,0000-0000-0000-0000
Shinji Kusumoto,Osaka University,https://sdl.ist.osaka-u.ac.jp/~kusumoto/index-e.htm,NOSCHOLARPAGE,0000-0000-0000-0000
Shinjiro Sueda,Texas A&M University,http://people.tamu.edu/~sueda,mBqenhsAAAAJ,0000-0003-4656-498X
Shinnosuke Takamichi,Keio University,https://sites.google.com/site/shinnosuketakamichi/home,1mChvCIAAAAJ,0000-0000-0000-0000
Shinpei Kato,University of Tokyo,http://www.is.s.u-tokyo.ac.jp/english/lab.html,BpsmAcsAAAAJ,0000-0000-0000-0000
Shinsuke Kondoh,University of Tsukuba,https://staff.aist.go.jp/kondou-shinsuke,NOSCHOLARPAGE,0000-0000-0000-0000
Shinsuke Mori,Kyoto University,http://www.ar.media.kyoto-u.ac.jp/mori/author/main-e.html,NOSCHOLARPAGE,0000-0000-0000-0000
Shion Guha,University of Toronto,https://ischool.utoronto.ca/faculty-profile/shion-guha,c-yNpO4AAAAJ,0000-0003-0073-2378
Shiqi Wang 0001,City University of Hong Kong,https://www.cs.cityu.edu.hk/~shiqwang,Pr7s2VUAAAAJ,0000-0002-3583-959X
Shiqi Yu 0001,Shenzhen University,http://yushiqi.cn,rcrtTYEAAAAJ,0000-0002-5213-5877
Shiqi Zhang 0001,Binghamton University,https://www.binghamton.edu/computer-science/contact/profile.html?id=zhangs,D0pzuNoAAAAJ,0000-0000-0000-0000
Shiqian Ma,Univ. of California - Davis,https://www.math.ucdavis.edu/~sqma,kkzUrUgAAAAJ,0000-0003-1967-1069
Shiqiang Yang,Tsinghua University,http://media.cs.tsinghua.edu.cn/en/yangsq,NOSCHOLARPAGE,0000-0000-0000-0000
Shiqing Ma,Univ. of Massachusetts Amherst,https://people.cs.umass.edu/~shiqingma,X_mDnjkAAAAJ,0000-0003-1551-8948
Shiqing Wu 0001,City University of Macau,https://fds.cityu.edu.mo/en/members/409,q4RU6FkAAAAJ,0000-0001-6785-1203
Shiqing Xin,Shandong University,https://www.xinshiqing.com,NOSCHOLARPAGE,0000-0001-8452-8723
Shira L. Broschat,Washington State University,https://school.eecs.wsu.edu/people/faculty/shira-broschat,NOSCHOLARPAGE,0000-0000-0000-0000
Shireen Y. Elhabian,University of Utah,http://www.sci.utah.edu/~shireen,IABaOcUAAAAJ,0000-0002-7394-557X
Shiri Azenkot [Tech],Cornell University,https://tech.cornell.edu/people/shiri-azenkot,jNQlAkoAAAAJ,0000-0000-0000-0000
Shiri Chechik,Tel Aviv University,https://www.cs.tau.ac.il/~schechik,ILDtD7oAAAAJ,0009-0008-7909-7883
Shiri Dori-Hacohen,University of Connecticut,https://shiri.dori-hacohen.com,pW5kwa8AAAAJ,0000-0002-5609-7361
Shirin Nilizadeh,University of Texas at Arlington,http://crystal.uta.edu/~shirin,PxFbFJgAAAAJ,0000-0002-0539-3742
Shirish K. Shevade,IISc Bangalore,http://www.csa.iisc.ac.in/~shirish,HOIpJSwAAAAJ,0009-0009-7202-6860
Shirish Krishnaj Shevade,IISc Bangalore,http://www.csa.iisc.ac.in/~shirish,HOIpJSwAAAAJ,0000-0000-0000-0000
Shirley B. Chu,De La Salle University,https://www.dlsu.edu.ph/colleges/ccs/faculty-profile/single/?id=32742689439&command=GETPROFILE,y_VBFTMAAAAJ,0000-0000-0000-0000
Shirui Pan,Griffith University,https://experts.griffith.edu.au/37935-shirui-pan,frWRJN4AAAAJ,0000-0003-0794-527X
Shiry Ginosar,TTI Chicago,https://shiry.ttic.edu,bQNISbAAAAAJ,0000-0002-7362-1401
Shishir Kolathaya,IISc Bangalore,https://shishirny.github.io,is0x16gAAAAJ,0000-0001-8689-2318
Shishir Nadubettu Yadukumar,IISc Bangalore,https://shishirny.github.io,is0x16gAAAAJ,0000-0001-8689-2318
Shishir Nagaraja,University of Strathclyde,https://pureportal.strath.ac.uk/en/persons/shishir-nagaraja/publications,Z2g9YhAAAAAJ,0000-0000-0000-0000
Shishir Shah 0001,University of Oklahoma,https://www.ou.edu/coe/cs/people/faculty/shishir-shah,gJ3JGSsAAAAJ,0000-0000-0000-0000
Shital A. Raut,VNIT Nagpur,https://vnit.ac.in/engineering/cse/dr-mrs-s-a-raut,BJreyl4AAAAJ,0000-0000-0000-0000
Shiu-Kai Chin,Syracuse University,https://news.syr.edu/faculty-experts/shiu-kai-chin,NOSCHOLARPAGE,0000-0000-0000-0000
Shiuh-Pyng Shieh,National Chiao Tung University,https://dsns.cs.nctu.edu.tw/ssp.php,8huMZRAAAAAJ,0000-0000-0000-0000
Shiuh-Pyng Winston Shieh,National Chiao Tung University,https://dsns.cs.nctu.edu.tw/ssp.php,8huMZRAAAAAJ,0000-0000-0000-0000
Shiuhpyng Shieh,National Chiao Tung University,https://dsns.cs.nctu.edu.tw/ssp.php,8huMZRAAAAAJ,0000-0000-0000-0000
Shiuhpyng Winston Shieh,National Chiao Tung University,https://dsns.cs.nctu.edu.tw/ssp.php,8huMZRAAAAAJ,0000-0000-0000-0000
Shiva Azadegan,Towson University,http://cis1.towson.edu/~cisweb/dev/?staff=azadegan-shiva,NOSCHOLARPAGE,0000-0000-0000-0000
Shiva Darian,New Mexico State University,https://smdarian.github.io,HWqnD8IAAAAJ,0000-0000-0000-0000
Shivakant Mishra,University of Colorado Boulder,https://www.cs.colorado.edu/~mishras,0RMteS0AAAAJ,0000-0000-0000-0000
Shivani Agarwal 0001,University of Pennsylvania,https://directory.seas.upenn.edu/shivani-agarwal,Q4ErnU4AAAAJ,0000-0000-0000-0000
Shivaram Kalyanakrishnan,IIT Bombay,https://www.cse.iitb.ac.in/~shivaram,YZkeEqAAAAAJ,0000-0000-0000-0000
Shivaram Venkataraman,University of Wisconsin - Madison,http://shivaram.org,5LLV29oAAAAJ,0000-0001-9575-7935
Shivashankar B. Nair,IIT Guwahati,https://www.iitg.ernet.in/sbnair,wfeT0bYAAAAJ,0000-0000-0000-0000
Shivvrat Arya,NJIT,https://shivvrat.github.io,eM1co-kAAAAJ,0000-0002-9727-2533
Shiwei Fang,Augusta University,https://shiwei-fang.github.io,K44i-noAAAAJ,0000-0003-0134-5003
Shiwei Zeng 0001,Augusta University,https://sites.google.com/view/shiweizeng,gnNGU4UAAAAJ,0000-0000-0000-0000
Shiwen He,Central South University,https://faculty.csu.edu.cn/heshiwen/zh_CN/index.htm,zDnAE_cAAAAJ,0000-0000-0000-0000
Shixia Liu,Tsinghua University,http://shixialiu.com,ZYDz2GIAAAAJ,0000-0001-6104-4320
Shixiong Qi,University of Kentucky,https://shixiongqi.uky.edu,KEpqRlYAAAAJ,0000-0000-0000-0000
Shixuan Sun,Shanghai Jiao Tong University,https://shixuansun.github.io,jCAwFlgAAAAJ,0000-0003-4060-9438
Shixun Huang,University of Wollongong,https://shixunh.io,NLEeOI4AAAAJ,0000-0002-1195-9917
Shiyan Hu 0001,University of Southampton,https://www.ecs.soton.ac.uk/people/sh2e19,OLFPRHAAAAAJ,0000-0001-5029-1588
Shiyi Wei,University of Texas at Dallas,http://utdallas.edu/~swei,NOSCHOLARPAGE,0000-0002-2826-1857
Shiyong Lu,Wayne State University,http://www.cs.wayne.edu/~shiyong,ZsA3NvYAAAAJ,0000-0000-0000-0000
Shiyou Qian,Shanghai Jiao Tong University,https://cs.sjtu.edu.cn/en/PeopleDetail.aspx?id=341,ZtYOFWIAAAAJ,0000-0001-7775-1740
Shiyu Chang,Univ. of California - Santa Barbara,https://code-terminator.github.io,r21asW4AAAAJ,0000-0000-0000-0000
Shiyu Liang,Shanghai Jiao Tong University,https://jhc.sjtu.edu.cn/people/members/faculty/shiyu-liang.html,L8r9ox4AAAAJ,0009-0003-2917-2033
Shizhe Zhou,Hunan University,https://shizhezhou.github.io,eWfWmxwAAAAJ,0000-0002-9641-5483
Shizhen Zhao,Shanghai Jiao Tong University,https://jhc.sjtu.edu.cn/~shizhenzhao,OsrwHP0AAAAJ,0000-0001-8395-5109
Shizhu He,Chinese Academy of Sciences,https://nlpr.ia.ac.cn/cip/shizhuhe,zBPIt3QAAAAJ,0000-0000-0000-0000
Shlomi Steinberg,University of Waterloo,https://cs.uwaterloo.ca/about/people/shlomist,_keGAWsAAAAJ,0000-0003-2748-4036
Shlomo Zilberstein,Univ. of Massachusetts Amherst,http://rbr.cs.umass.edu/shlomo,q_n7d6EAAAAJ,0000-0001-9817-7848
Shmuel Peleg,Hebrew University of Jerusalem,http://www.cs.huji.ac.il/~peleg,CshJxRUAAAAJ,0000-0002-4468-2619
Shmuel Rotenstreich,George Washington University,https://www2.seas.gwu.edu/~shmuel/WORK/Contact.html,NOSCHOLARPAGE,0000-0000-0000-0000
Shmuel Safra,Tel Aviv University,http://www.tau.ac.il/~safra,NOSCHOLARPAGE,0000-0002-5022-7727
Shmuel Sagiv,Tel Aviv University,http://www.cs.tau.ac.il/~msagiv,j4UuW80AAAAJ,0000-0000-0000-0000
Shmuel T. Klein,Bar-Ilan University,http://u.cs.biu.ac.il/~tomi,4GBCCpgAAAAJ,0000-0002-9478-3303
Shmuel Tomi Klein,Bar-Ilan University,http://u.cs.biu.ac.il/~tomi,4GBCCpgAAAAJ,0000-0000-0000-0000
Shmuel Zaks,Technion,http://www.cs.technion.ac.il/~zaks,rWc3QtgAAAAJ,0000-0000-0000-0000
Sho Tsugawa,University of Tsukuba,http://www.mibel.cs.tsukuba.ac.jp/~s-tugawa/index.html,S62_6nIAAAAJ,0000-0000-0000-0000
Shoaib Akram 0001,Australian National University,https://cs.anu.edu.au/people/shoaib-akram,vwB9Q54AAAAJ,0000-0003-2388-0517
Shoaib Jameel,University of Essex,https://www.essex.ac.uk/people/jamee22406/shoaib-jameel,gyy0YOIAAAAJ,0000-0001-7534-3313
Shohei Nobuhara,Kyoto University,https://shohei.nobuhara.org/index.en.html,keXiLQ0AAAAJ,0000-0002-3204-8696
Shohreh Kasaei,Sharif University of Technology,http://sharif.ir/~skasaei,mvx4PvgAAAAJ,0000-0000-0000-0000
Shoji Kasahara,NAIST,https://www-lsm.naist.jp/~kasahara/index-e.html,GF0pmx4AAAAJ,0000-0000-0000-0000
Shoji Takeuchi,University of Tokyo,http://www.iis.u-tokyo.ac.jp/~takeuchi,DqVCX9AAAAAJ,0000-0000-0000-0000
Shomir Wilson,Pennsylvania State University,https://shomir.net,0GHjBSUAAAAJ,0000-0000-0000-0000
Shou-De Lin,National Taiwan University,https://www.csie.ntu.edu.tw/~sdlin,_82xf3QAAAAJ,0000-0001-9970-1250
Shou-de Lin,National Taiwan University,https://www.csie.ntu.edu.tw/~sdlin,_82xf3QAAAAJ,0000-0000-0000-0000
Shouhuai Xu,UCCS,https://xu-lab.org,XBj4HWoAAAAJ,0000-0001-8034-0942
Shouling Ji,Zhejiang University,http://person.zju.edu.cn/sji,5HoF_9oAAAAJ,0000-0003-4268-372X
Shouqian Shi,Nanjing University,https://shishouqian.cn,FnmFO_0AAAAJ,0000-0001-6039-6682
Shoushan Li,Soochow University,http://web.suda.edu.cn/lishoushan,ZRGSxdUAAAAJ,0000-0002-1000-3278
Shouvick Mondal,IIT Gandhinagar,https://sites.google.com/view/shouvick,QtsJ2pUAAAAJ,0000-0002-0703-8728
Shqiponja Ahmetaj,TU Wien,https://informatics.tuwien.ac.at/people/shqiponja-ahmetaj,aRW_IDQAAAAJ,0000-0003-3165-3568
Shravan R. Narayan,University of Texas at Austin,https://shravanrn.com,ZLFLzJ8AAAAJ,0000-0000-0000-0000
Shree K. Nayar,Columbia University,http://www.cs.columbia.edu/~nayar,Yj7KQmQAAAAJ,0000-0002-6452-6998
Shreyas Pai,IIT Madras,https://shreyaspai.com,yP41zOIAAAAJ,0000-0003-2409-7807
Shri Narayanan,University of Southern California,http://sail.usc.edu/people/shri.php,8EDHmYkAAAAJ,0000-0000-0000-0000
Shrideep Pallickara,Colorado State University,http://www.cs.colostate.edu/~shrideep,yjFpPkYAAAAJ,0000-0000-0000-0000
Shrikanth Narayanan,University of Southern California,http://sail.usc.edu/people/shri.php,8EDHmYkAAAAJ,0000-0002-1052-6204
Shrikanth S. Narayanan,University of Southern California,http://sail.usc.edu/people/shri.php,8EDHmYkAAAAJ,0000-0000-0000-0000
Shrikanth Shri Narayanan,University of Southern California,http://sail.usc.edu/people/shri.php,8EDHmYkAAAAJ,0000-0000-0000-0000
Shriram Krishnamurthi,Brown University,https://cs.brown.edu/~sk,Cxwj5hEAAAAJ,0000-0001-5184-1975
Shrisha Rao 0001,IIIT Bangalore,http://www.iiitb.ac.in/faculty_page.php?name=ShrishaRao,SxYeZQcAAAAJ,0000-0003-0625-5103
Shruti Phadke,Drexel University,https://sites.google.com/view/shrutiphadke/home,2ntdPF4AAAAJ,0000-0002-0524-830X
Shruti Vyas,University of Central Florida,https://www.cs.ucf.edu/person/shruti-vyas,15YqUQUAAAAJ,0000-0002-5591-5086
Shu Kong,University of Macau,https://www.fst.um.edu.mo/people/skong,sm9FdLoAAAAJ,0000-0002-1362-5937
Shu Yang 0002,Shenzhen University,https://csse.szu.edu.cn/en/pages/user/index?id=1098,JKR65R0AAAAJ,0000-0000-0000-0000
Shu Yin,ShanghaiTech University,https://sist.shanghaitech.edu.cn/sist_en/2020/0814/c7582a54835/page.htm,CJGqcXoAAAAJ,0000-0000-0000-0000
Shu-Ching Chen,Florida International University,https://www.cs.fiu.edu/~chens,NOSCHOLARPAGE,0000-0001-9209-390X
Shu-Mei Guo,National Cheng Kung University,http://www.csie.ncku.edu.tw/ncku_csie/depmember/teacherdetail/id/14,NOSCHOLARPAGE,0000-0000-0000-0000
Shuai Cheng Li,City University of Hong Kong,https://www.cs.cityu.edu.hk/~shuaicli,HycDtOMAAAAJ,0000-0000-0000-0000
Shuai Han 0001,Shanghai Jiao Tong University,https://infosec.sjtu.edu.cn/DirectoryDetail.aspx?id=183,VWY0HHIAAAAJ,0000-0002-8156-7089
Shuai Hao 0001,Old Dominion University,https://shhaos.github.io,nblhwAwAAAAJ,0000-0001-7483-5252
Shuai Li 0001,Beihang University,http://scse.buaa.edu.cn/info/1024/3022.htm,NOSCHOLARPAGE,0000-0003-4182-1588
Shuai Li 0010,Shanghai Jiao Tong University,https://shuaili8.github.io,kMZgQxcAAAAJ,0000-0002-3935-0708
Shuai Ma 0001,Beihang University,http://mashuai.buaa.edu.cn,vJUjFpQAAAAJ,0000-0002-4050-0443
Shuai Mu,Stony Brook University,http://mpaxos.com,wcbyR5UAAAAJ,0000-0000-0000-0000
Shuai Mu 0001,Stony Brook University,http://mpaxos.com,wcbyR5UAAAAJ,0000-0001-8244-2109
Shuai Shao 0001,USTC,http://staff.ustc.edu.cn/~wwwucuc,Lh-UKzcAAAAJ,0000-0003-0935-2929
Shuai Wang 0011,HKUST,https://home.cse.ust.hk/~shuaiw,POlWWAsAAAAJ,0000-0002-0866-0308
Shuai Wang 0016,Nanjing University,https://shuaiwang-nju.github.io,vW1ZaucAAAAJ,0000-0000-0000-0000
Shuai Zhang 0015,NJIT,https://inchs708.github.io/shuaizhang.github.io/index.html,RvDk-iwAAAAJ,0000-0000-0000-0000
Shuai Zhang 0024,City University of Macau,https://fds.cityu.edu.mo/en/members/460,6AVACdkAAAAJ,0000-0000-0000-0000
Shuai Zhao 0001,BUPT,https://int.bupt.edu.cn/content/content.php?p=6_16_345,NOSCHOLARPAGE,0000-0000-0000-0000
Shuai Zhao 0004,Sun Yat-sen University,https://zs673.github.io,BzXwx8YAAAAJ,0000-0003-0721-8021
Shuai Zhou 0001,City University of Macau,https://fds.cityu.edu.mo/en/members/296,pDsFedcAAAAJ,0000-0000-0000-0000
Shuai-Cheng Li,City University of Hong Kong,https://www.cs.cityu.edu.hk/~shuaicli,HycDtOMAAAAJ,0000-0000-0000-0000
Shuaicheng Li,City University of Hong Kong,https://www.cs.cityu.edu.hk/~shuaicli,HycDtOMAAAAJ,0000-0000-0000-0000
Shuaiwen Song,University of Sydney,https://www.sydney.edu.au/engineering/about/our-people/academic-staff/shuaiwen-song.html,NOSCHOLARPAGE,0000-0002-8402-1436
Shuang (Sean) Luan,University of New Mexico,https://www.cs.unm.edu/~sluan,JF8EmRMAAAAJ,0000-0000-0000-0000
Shuang Hao 0016,University of Texas at Dallas,http://utdallas.edu/~shao,FgpHWKYAAAAJ,0000-0000-0000-0000
Shuang Li 0002,CUHK (SZ),https://shuangli01.github.io,HxCZsCUAAAAJ,0009-0006-6656-1515
Shuang Luan,University of New Mexico,https://www.cs.unm.edu/~sluan,JF8EmRMAAAAJ,0000-0000-0000-0000
Shuang Qiu,City University of Hong Kong,https://shq-ml.github.io,-Z7fY00AAAAJ,0000-0000-0000-0000
Shuang Wang 0001,Xidian University,https://web.xidian.edu.cn/shwang,CeLvrv8AAAAJ,0000-0000-0000-0000
Shuang Zhao,Univ. of Illinois at Urbana-Champaign,http://shuangz.com,cbQB0MMAAAAJ,0000-0003-4759-0514
Shuang-Hua Yang,SUSTech,https://faculty.sustech.edu.cn/yangsh,7HXwJqEAAAAJ,0000-0003-0717-5009
Shuanghua Yang,SUSTech,https://faculty.sustech.edu.cn/yangsh,7HXwJqEAAAAJ,0000-0000-0000-0000
Shuangjiu Xiao,Shanghai Jiao Tong University,http://www.se.sjtu.edu.cn/teacher/teacherdetail.aspx?id=20,NOSCHOLARPAGE,0000-0000-0000-0000
Shuangshuang Jin,Clemson University,https://sjinwsu.wixsite.com/jin6,bYSZ-egAAAAJ,0000-0000-0000-0000
Shubham Chatterjee,Missouri S&T,https://sites.mst.edu/schatterjee,DdgpMIQAAAAJ,0000-0002-6729-1346
Shubham Jain,Stony Brook University,https://www3.cs.stonybrook.edu/~jain,P9Z011YAAAAJ,0000-0000-0000-0000
Shubham Tulsiani,Carnegie Mellon University,https://shubhtuls.github.io,06rffEkAAAAJ,0000-0000-0000-0000
Shubhangi K. Gawali,BITS Pilani-Goa,https://www.bits-pilani.ac.in/goa/shubhangi/profile,2hDkzdgAAAAJ,0000-0000-0000-0000
Shubhangi Saraf,University of Toronto,https://www.math.toronto.edu/ssaraf,NiRqwkcAAAAJ,0000-0000-0000-0000
Shubhra (Santu) K. Karmaker,University of Central Florida,https://karmake2.github.io,y6pZKT4AAAAJ,0000-0000-0000-0000
Shubhra Kanti Karmaker Santu,University of Central Florida,https://karmake2.github.io,y6pZKT4AAAAJ,0000-0001-5744-6925
Shubhra Sankar Ray,ISI Kolkata,https://www.isical.ac.in/~shubhra,or5TH2oAAAAJ,0000-0000-0000-0000
Shubin Cai,Shenzhen University,https://csse.szu.edu.cn/pages/user/index?id=585,Fv-dm5IAAAAJ,0000-0000-0000-0000
Shucheng Yu,Univ. of Arkansas - Little Rock,https://ualr.edu/faculty-7wazt/yu,jYW_WCwAAAAJ,0000-0001-6484-4382
Shuchi Chawla 0001,University of Texas at Austin,http://pages.cs.wisc.edu/~shuchi,Znp3UkEAAAAJ,0000-0001-5583-2320
Shuchin Aeron,Tufts University,https://engineering.tufts.edu/cs/people/faculty/shuchin-aeron,T7TUmRMAAAAJ,0000-0000-0000-0000
Shudong Huang,Sichuan University,https://huangsd.github.io,xa2bfaAAAAAJ,0009-0007-6215-272X
Shueng-Han Gary Chan,HKUST,https://home.cse.ust.hk/~gchan,uiCSOycAAAAJ,0000-0000-0000-0000
Shuguang Cui,CUHK (SZ),https://sse.cuhk.edu.cn/en/faculty/cuishuguang,1o_qvR0AAAAJ,0000-0003-2608-775X
Shuhan Qi,Harbin Institute of Technology,http://faculty.hitsz.edu.cn/qishuhan,NOSCHOLARPAGE,0000-0000-0000-0000
Shuhan Yuan,Utah State University,https://www.usu.edu/cs/directory/faculty/yuan-shuhan,14J_wuIAAAAJ,0000-0001-6816-419X
Shuhang Gu,UESTC,https://www.scse.uestc.edu.cn/info/1081/13459.htm,-kSTt40AAAAJ,0000-0000-0000-0000
Shuhao Zhang 0001,Nanyang Technological University,https://dr.ntu.edu.sg/cris/rp/rp02324,Xwn7lCEAAAAJ,0000-0002-9927-6925
Shuheng Zhou 0002,Univ. of California - Riverside,https://sites.google.com/view/shuhengz,mIW5J0AAAAAJ,0000-0000-0000-0000
Shuhui Bu,NWPU,https://teacher.nwpu.edu.cn/m/en/2011010101.html,spwZ6b4AAAAJ,0000-0000-0000-0000
Shuhui Wang,Chinese Academy of Sciences,http://vipl.ict.ac.cn/view_people.php?url=&id=62,h-JxBSYAAAAJ,0000-0002-5931-0527
ShuiGuang Deng,Zhejiang University,http://mypage.zju.edu.cn/shuiguang,txbuN0YAAAAJ,0000-0001-5015-6095
Shuibing He,Zhejiang University,https://shuibing9420.github.io,bVzOI38AAAAJ,0000-0002-7075-4153
Shuicheng Yan,National University of Singapore,https://www.comp.nus.edu.sg/cs/people/yansc,DNuiPHwAAAAJ,0000-0001-8906-3777
Shuichi Hirahara,National Inst. of Informatics,https://www.nii.ac.jp/en/faculty/informatics/hirahara_shuichi,NOSCHOLARPAGE,0000-0002-3101-446X
Shuichi Miyazaki,Kyoto University,http://www.lab2.kuis.kyoto-u.ac.jp/~shuichi,6rzcMYwAAAAJ,0000-0000-0000-0000
Shuichi Sakai,University of Tokyo,http://www.mtl.t.u-tokyo.ac.jp/~sakai,NOSCHOLARPAGE,0000-0002-5471-9091
Shuigeng Zhou,Fudan University,http://admis.fudan.edu.cn/~sgzhou,yAE-Av4AAAAJ,0000-0002-1949-2768
Shuiguang Deng,Zhejiang University,http://mypage.zju.edu.cn/shuiguang,txbuN0YAAAAJ,0000-0001-5015-6095
Shuiping Gou,Xidian University,https://web.xidian.edu.cn/shpgou,QdUISv8AAAAJ,0000-0002-2619-6481
Shuiwang Ji,Texas A&M University,http://people.tamu.edu/~sji,BZGj6sAAAAAJ,0000-0002-4205-4563
Shujian Huang,Nanjing University,http://nlp.nju.edu.cn/huangsj,HF3-E9kAAAAJ,0000-0000-0000-0000
Shujie Cui,Monash University,https://research.monash.edu/en/persons/shujie-cui,EYVNbx8AAAAJ,0000-0000-0000-0000
Shujun Li,University of Kent,http://www.hooklee.com,2DNYP3EAAAAJ,0000-0001-5628-7328
Shuly Wintner,University of Haifa,http://cs.haifa.ac.il/~shuly/Shuly_Wintner/Home.html,LFEmlnsAAAAJ,0000-0000-0000-0000
Shuming Gao,Zhejiang University,http://mypage.zju.edu.cn/smgao,QZBgwvsAAAAJ,0000-0000-0000-0000
Shumo Chu,Univ. of California - Santa Barbara,https://shumochu.com,eqZ2234AAAAJ,0000-0000-0000-0000
Shun Yan Cheung,Emory University,https://cs.emory.edu/people/faculty/individual.php?NUM=16,NOSCHOLARPAGE,0000-0000-0000-0000
Shun-Ren Yang,National Tsing Hua University,http://www.cs.nthu.edu.tw/~sryang,NOSCHOLARPAGE,0000-0000-0000-0000
Shunbo Lei,CUHK (SZ),http://leishunbo.info,ltUvPPkAAAAJ,0000-0000-0000-0000
Shungeng Zhang,Augusta University,https://sgzhang.top,ovmcuwcAAAAJ,0000-0002-1219-2084
Shunji Abe,National Inst. of Informatics,https://www.nii.ac.jp/en/faculty/architecture/abe_shunji,NOSCHOLARPAGE,0000-0000-0000-0000
Shunping Ji,Wuhan University,http://gpcv.whu.edu.cn/index.html,FjoRmF4AAAAJ,0000-0002-3088-1481
Shunquan Tan,Shenzhen University,https://tansq.github.io,WrKuu14AAAAJ,0000-0002-7457-3691
Shunsuke Aoki 0001,National Inst. of Informatics,https://www.shunsukeaoki.net,090BeX4AAAAJ,0000-0000-0000-0000
Shunsuke Kamijo,University of Tokyo,http://www.iis.u-tokyo.ac.jp/en/research/staff/shunsuke-kamijo,NOSCHOLARPAGE,0000-0000-0000-0000
Shuo Chen 0003,Nanjing University,https://shuochenya.github.io,vlu_3ksAAAAJ,0000-0000-0000-0000
Shuo Li 0001,Case Western Reserve University,https://case.edu/medicine/ccir/faculty/shuo-li,6WNtJa0AAAAJ,0000-0002-5184-3230
Shuo Shang,UESTC,https://www.en.scse.uestc.edu.cn/info/1085/1999.htm,NOSCHOLARPAGE,0000-0002-1117-2890
Shuo Wang 0005,University of Birmingham,https://www.birmingham.ac.uk/staff/profiles/computer-science/academic-staff/shuo-wang.aspx,kFBS6asAAAAJ,0000-0000-0000-0000
Shuo Wang 0012,Shanghai Jiao Tong University,https://infosec.sjtu.edu.cn/DirectoryDetail.aspx?id=181,uaGgpMgAAAAJ,0000-0001-8938-2364
Shuochao Yao,George Mason University,https://yscacaca.github.io,JyE51wcAAAAJ,0000-0001-7446-1430
Shuqiang Jiang,Chinese Academy of Sciences,http://vipl.ict.ac.cn/homepage/jsq,4Rvn-ykAAAAJ,0000-0000-0000-0000
Shuqun Zhang,CUNY,http://www.cs.csi.cuny.edu/~zhangs,Uhd766gAAAAJ,0000-0000-0000-0000
Shuran Song,Stanford University,http://shurans.github.io,5031vK4AAAAJ,0000-0002-8768-7356
Shurui Zhou,University of Toronto,https://www.eecg.utoronto.ca/~shuruiz,6ej1Rm4AAAAJ,0000-0002-6346-6073
Shuting He,SUFE,https://heshuting555.github.io,mO40IjIAAAAJ,0000-0002-1582-5684
Shuvra S. Bhattacharyya,Univ. of Maryland - College Park,https://www.umiacs.umd.edu/people/ssb,rNpUIKAAAAAJ,0000-0001-7719-1106
Shuyan Li,Queen's University Belfast,https://pure.qub.ac.uk/en/persons/shuyan-li,6_-FIp8AAAAJ,0000-0000-0000-0000
Shuyan Zhou,Duke University,https://shuyanzhou.github.io,t6YzEpgAAAAJ,0000-0000-0000-0000
Shuying Lai,City University of Macau,https://fds.cityu.edu.mo/en/members/456,MyIJceIAAAAJ,0000-0000-0000-0000
Shuyu Zhang 0002,Shenzhen University,https://ieeexplore.ieee.org/author/37089342533,O48TQQ4AAAAJ,0000-0000-0000-0000
Shuyuan Yang 0001,Xidian University,https://web.xidian.edu.cn/syyang,TimAUN0AAAAJ,0000-0000-0000-0000
Shuzhen Yao,Beihang University,http://scse.buaa.edu.cn/info/1078/2649.htm,NOSCHOLARPAGE,0000-0000-0000-0000
Shweta Agrawal 0001,IIT Madras,http://www.cse.iitm.ac.in/~shwetaag,uLkJ5_4AAAAJ,0000-0000-0000-0000
Shweta Jain 0001,CUNY,https://www.york.cuny.edu/portal_college/jain-shweta,OFAhH0AAAAAJ,0000-0002-4962-0054
Shweta Shinde,ETH Zurich,https://n.ethz.ch/~sshivaji,KYumLGkAAAAJ,0000-0003-0415-2960
Shweta Yadav 0001,University of Illinois at Chicago,https://shwetanlp.github.io,dMK8VBkAAAAJ,0000-0003-0001-4464
Shwetak N. Patel,University of Washington,http://abstract.cs.washington.edu/~shwetak,z4S5rC0AAAAJ,0000-0002-6300-4389
Shwetak Patel,University of Washington,http://abstract.cs.washington.edu/~shwetak,z4S5rC0AAAAJ,0000-0000-0000-0000
Shyam Gollakota,University of Washington,https://homes.cs.washington.edu/~gshyam,w_HJY2MAAAAJ,0000-0000-0000-0000
Shyamapada Mukherjee,National Inst. of Tech. Silchar,http://cs.nits.ac.in/shyama,qGuy8goAAAAJ,0000-0000-0000-0000
Shyamnath Gollakota,University of Washington,https://homes.cs.washington.edu/~gshyam,w_HJY2MAAAAJ,0000-0002-9863-3054
Shyamosree Pal,National Inst. of Tech. Silchar,http://cs.nits.ac.in/spal,lpybqSwAAAAJ,0000-0000-0000-0000
Shyan-Ming Yuan,National Chiao Tung University,http://dcslab.blog.nctu.edu.tw,X9nPxF4AAAAJ,0000-0002-3621-9528
Shyh-Hau Wang,National Cheng Kung University,http://www.csie.ncku.edu.tw/ncku_csie/depmember/teacherdetail/id/32,NOSCHOLARPAGE,0000-0000-0000-0000
Shyhtsun Felix Wu,Univ. of California - Davis,http://www.cs.ucdavis.edu/~wu,vth4SIcAAAAJ,0000-0000-0000-0000
Si Li 0001,BUPT,https://www.pris.net.cn/introduction/teacher/lisi,NOSCHOLARPAGE,0000-0000-0000-0000
Si Liu 0001,Beihang University,http://www.colalab.org/people,bqV8WoIAAAAJ,0000-0002-9180-2935
Si Liu 0003,Texas A&M University,https://siliunobi.github.io,tSYgue0AAAAJ,0000-0003-3578-7432
Si-Qing Zheng,University of Texas at Dallas,http://www.utdallas.edu/~sizheng,NOSCHOLARPAGE,0000-0000-0000-0000
Siamak (Moshen) Ravanbakhsh,McGill University,https://cs.mcgill.ca/~siamak,VciG3C8AAAAJ,0000-0000-0000-0000
Siamak F. Shahandashti,University of York,https://www-users.cs.york.ac.uk/~siamak,CZTajNQAAAAJ,0000-0000-0000-0000
Siamak Fayyaz Shahandashti,University of York,https://www-users.cs.york.ac.uk/~siamak,CZTajNQAAAAJ,0000-0000-0000-0000
Siamak Mehrkanoon,Maastricht University,https://sites.google.com/view/siamak-mehrkanoon/homepage,sOSxU7sAAAAJ,0000-0000-0000-0000
Siamak Ravanbakhsh,University of British Columbia,https://www.cs.ubc.ca/people/siamak-ravanbakhsh,NOSCHOLARPAGE,0000-0000-0000-0000
Siau-Cheng Khoo,National University of Singapore,http://msba.nus.edu/our-schools/7-faculty,jjcAIkQAAAAJ,0000-0000-0000-0000
Siavash Bayat Sarmadi,Sharif University of Technology,http://sharif.edu/~sbayat,Gv6KyR0AAAAJ,0000-0000-0000-0000
Siavash Mirarab,Univ. of California - San Diego,http://eceweb.ucsd.edu/~smirarab,uxSj18QAAAAJ,0000-0001-5410-1518
Siaw-Lynn Ng,Royal Holloway Univ. of London,https://pure.royalholloway.ac.uk/en/persons/siaw-lynn-ng,NOSCHOLARPAGE,0000-0000-0000-0000
Siba Narayan Swain,IIT Dharwad,https://scholar.google.com/citations?user=1H0G24kAAAAJ,1H0G24kAAAAJ,0000-0000-0000-0000
Sibei Yang,Sun Yat-sen University,https://sibeiyang.github.io,GTLCQ38AAAAJ,0000-0002-8144-7351
Sibel Adali,Rensselaer Polytechnic Institute,http://www.cs.rpi.edu/~sibel/SibelAdali/Sibel_Adali.html,Jk3gxBEAAAAJ,0000-0003-2055-0694
Sibel Tari,Middle East Technical University,http://user.ceng.metu.edu.tr/~sibel,H8hwB58AAAAJ,0000-0000-0000-0000
Sibin Mohan,George Washington University,https://sibin.github.io,MHG755YAAAAJ,0000-0002-3295-0233
Sibo Wang 0001,Chinese University of Hong Kong,http://www1.se.cuhk.edu.hk/~swang,b2gLqsgAAAAJ,0000-0003-1892-6971
Sibylle Schupp,Hamburg University of Technology,https://www.tuhh.de/sts/institute/prof-dr-sibylle-schupp.html,NOSCHOLARPAGE,0000-0000-0000-0000
Sicco Verwer,TU Delft,https://www.tudelft.nl/staff/s.e.verwer,gZGtgS4AAAAJ,0000-0000-0000-0000
Sichao Li,City University of Macau,https://fds.cityu.edu.mo/en/members/461,ylZQz2sAAAAJ,0000-0000-0000-0000
Sicong Liu,NWPU,https://sicongliu-deep.github.io,_maZt1AAAAAJ,0000-0000-0000-0000
Sicun Gao,Univ. of California - San Diego,https://scungao.github.io,UmyrEtcAAAAJ,0000-0000-0000-0000
Sid Ray,Monash University,http://users.monash.edu/~sid/shadowfax,NOSCHOLARPAGE,0000-0000-0000-0000
Siddharth,Plaksha University,https://ssiddharth.in/about-me,M3zP9NEAAAAJ,0000-0000-0000-0000
Siddharth Barman,IISc Bangalore,http://www.csa.iisc.ac.in/~barman,HcGQSKIAAAAJ,0000-0001-9276-2181
Siddharth Garg,New York University,http://engineering.nyu.edu/people/siddharth-garg,Yf8OqQQAAAAJ,0000-0002-6158-9512
Siddharth Gupta 0002,BITS Pilani-Goa,https://guptasid.bitbucket.io,B_2PPFgAAAAJ,0000-0000-0000-0000
Siddharth Joshi 0001,University of Notre Dame,http://isn.ucsd.edu/~siddharth,PegsFZ8AAAAJ,0000-0000-0000-0000
Siddharth Kaza,Towson University,https://www.towson.edu/fcsm/departments/computerinfosci/facultystaff/skaza.html,xj0-4yQAAAAJ,0000-0000-0000-0000
Siddharth Krishnan,UNC - Charlotte,https://webpages.uncc.edu/~skrish21,I8HrLhQAAAAJ,0000-0000-0000-0000
Siddharth Srivastava 0001,Arizona State University,http://siddharthsrivastava.net,H3ZnCqYAAAAJ,0000-0002-5217-2790
Siddhartha Banerjee,Cornell University,https://people.orie.cornell.edu/sbanerjee,_kqpoHIAAAAJ,0000-0002-8954-4578
Siddhartha Jayanti,Dartmouth College,https://sites.google.com/view/siddhartha-jayanti,NKDBBGkAAAAJ,0000-0002-2681-1632
Siddhartha Sarma,IIT Mandi,http://faculty.iitmandi.ac.in/~siddhartha/index.html,c-oFx5UAAAAJ,0000-0000-0000-0000
Sidhanth Mohanty,Northwestern University,https://sidhanthm.com,GF4pITIAAAAJ,0000-0001-8794-7616
Sidharth Kumar,University of Illinois at Chicago,https://sidharthkumar.io,TDHtzHcAAAAJ,0009-0007-0418-9962
Sidi Lu,College of William and Mary,https://www.sidilu.org,9mB_KO0AAAAJ,0000-0001-9846-7570
Sidney D'Mello,University of Colorado Boulder,https://www.colorado.edu/cs/sidney-dmello,c-LG6-MAAAAJ,0000-0003-0347-2807
Sidney K. D'Mello,University of Colorado Boulder,https://www.colorado.edu/cs/sidney-dmello,c-LG6-MAAAAJ,0000-0003-0347-2807
Siegfried Benkner,University of Vienna,https://cs.univie.ac.at/siegfried.benkner,vIdBdA8AAAAJ,0000-0000-0000-0000
Siegfried Handschuh,University of Passau,http://www.fim.uni-passau.de/en/digital-libraries,zl_3HgQAAAAJ,0000-0002-6195-9034
Siegfried M. Rump,Hamburg University of Technology,http://www.ti3.tu-harburg.de/rump,NOSCHOLARPAGE,0000-0000-0000-0000
Sien Moens,KU Leuven,https://people.cs.kuleuven.be/~sien.moens,O9hYMUUAAAAJ,0000-0000-0000-0000
Sietse Overbeek,Utrecht University,http://www.sietseoverbeek.nl,JEmkfmsAAAAJ,0000-0000-0000-0000
Siew Kei Lam,Nanyang Technological University,http://research.ntu.edu.sg/expertise/academicprofile/Pages/StaffProfile.aspx?ST_EMAILID=ASSKLAM&CategoryDescription=ComputerScienceandEngineering,NOSCHOLARPAGE,0000-0000-0000-0000
Siew-Kei Lam,Nanyang Technological University,https://dr.ntu.edu.sg/cris/rp/rp00901,NOSCHOLARPAGE,0000-0002-8346-2635
Sigrid Knust,University of Osnabrück,http://www2.inf.uos.de/knust,NOSCHOLARPAGE,0000-0000-0000-0000
Sihang Liu 0001,University of Waterloo,https://www.sihangliu.com,MapJqQYAAAAJ,0000-0001-9706-6177
Sihong He,University of Texas at Arlington,https://www.uta.edu/academics/faculty/profile?username=hes2,jLLDCeoAAAAJ,0000-0000-0000-0000
Sihong Xie,Lehigh University,http://www.cse.lehigh.edu/~sxie,qRp1xZwAAAAJ,0000-0001-5741-9740
Sihyung Lee,Kyungpook National University,https://sites.google.com/site/sihyungleeweb,Or7Y7AMAAAAJ,0000-0000-0000-0000
Siim Karus,University of Tartu,http://www.ut.ee/en/siim-karus,NOSCHOLARPAGE,0000-0000-0000-0000
Sijia Geng,Johns Hopkins University,https://pensa.engineering.jhu.edu,WNWPOyUAAAAJ,0000-0000-0000-0000
Sijia Liu 0001,Michigan State University,https://www.egr.msu.edu/people/profile/liusiji5,C7dO_UgAAAAJ,0000-0003-2817-6991
Sijie Niu,University of Jinan,https://sjniu.github.io/index-en.html,tRi0nMcAAAAJ,0000-0000-0000-0000
Silas Richelson,Univ. of California - Riverside,https://www.cs.ucr.edu/~silas,RI2U3JYAAAAJ,0009-0005-1482-0338
Siliang Tang,Zhejiang University,http://mypage.zju.edu.cn/siliang,8e7H3PcAAAAJ,0000-0002-7356-9711
Silja Renooij,Utrecht University,http://www.staff.science.uu.nl/~renoo101,_koL5iQAAAAJ,0000-0003-4339-8146
Silvia Bonomi,Sapienza University of Rome,https://bonomi.diag.uniroma1.it,s-szb04AAAAJ,0000-0001-9928-5357
Silvia Botelho,Federal University of Rio Grande,http://www.silviacb.c3.furg.br,XKt2OlEAAAAJ,0000-0000-0000-0000
Silvia Ferrari,Cornell University,http://lisc.mae.cornell.edu/wordpress/?page_id=33,7y6i1SQAAAAJ,0000-0002-7652-6311
Silvia Llorente,Polytechnic Univ. of Catalonia,http://upc.academia.edu/SilviaLlorente,B7uZG20AAAAJ,0000-0000-0000-0000
Silvia María Ojeda,Universidad Nacional de Córdoba,https://www.famaf.unc.edu.ar/~ojeda,NOSCHOLARPAGE,0000-0000-0000-0000
Silvia Miksch,TU Wien,https://www.cvast.tuwien.ac.at/team/silvia-miksch,1ikFBekAAAAJ,0000-0003-4427-5703
Silvia R. Vergilio,UFPR,https://www.inf.ufpr.br/silvia,2bkThnAAAAAJ,0000-0000-0000-0000
Silvia Regina Vergilio,UFPR,https://www.inf.ufpr.br/silvia,2bkThnAAAAAJ,0000-0000-0000-0000
Silvia S. C. Botelho,Federal University of Rio Grande,http://www.silviacb.c3.furg.br,XKt2OlEAAAAJ,0000-0002-8857-0221
Silvia Santini,Università della Svizzera italiana,https://tu-dresden.de/die_tu_dresden/fakultaeten/fakultaet_informatik/tei/es/mitarbeiter/silvia-santini,RjTLqRwAAAAJ,0000-0002-0882-2004
Silvia Silva da Costa Botelho,Federal University of Rio Grande,http://www.silviacb.c3.furg.br,XKt2OlEAAAAJ,0000-0002-8857-0221
Silvia Takahashi,Universidad de los Andes,https://profesores.virtual.uniandes.edu.co/stakahas/es/inicio,x7gjZ04AAAAJ,0000-0000-0000-0000
Silvia Takahashi Rodríguez,Universidad de los Andes,https://profesores.virtual.uniandes.edu.co/stakahas/es/inicio,x7gjZ04AAAAJ,0000-0000-0000-0000
Silvina L. Ferradal,Indiana University,https://luddy.indiana.edu/contact/profile/?Silvina_Ferradal,2JcHy3wAAAAJ,0000-0000-0000-0000
Silvio Amir,Northeastern University,https://www.khoury.northeastern.edu/people/silvio-amir,jhUQvC0AAAAJ,0000-0000-0000-0000
Silvio Meira 0001,UFPE,https://www.cin.ufpe.br/~srlm,ycIwxqsAAAAJ,0000-0000-0000-0000
Silvio Micali,Massachusetts Inst. of Technology,https://people.csail.mit.edu/silvio,NOSCHOLARPAGE,0000-0000-0000-0000
Silvio R. L. Meira,UFPE,https://www.cin.ufpe.br/~srlm,ycIwxqsAAAAJ,0000-0000-0000-0000
Silvio Romero Lemos de Meira,UFPE,https://www.cin.ufpe.br/~srlm,ycIwxqsAAAAJ,0000-0000-0000-0000
Silvio Romero de Lemos Meira,UFPE,https://www.cin.ufpe.br/~srlm,ycIwxqsAAAAJ,0000-0000-0000-0000
Sim Ying Ong,University of Malaya,https://umexpert.um.edu.my/simying-ong.html,CG_Hb_wAAAAJ,0000-0000-0000-0000
SimYing Ong,University of Malaya,https://umexpert.um.edu.my/simying-ong.html,CG_Hb_wAAAAJ,0000-0000-0000-0000
Sima Uyar,Istanbul Technical University,http://akademi.itu.edu.tr/en/etaner,qvxemZwAAAAJ,0000-0000-0000-0000
Simeon C. Ntafos,University of Texas at Dallas,http://www.utdallas.edu/~ntafos,NOSCHOLARPAGE,0000-0000-0000-0000
Simeon J. Simoff,Western Sydney University,https://www.westernsydney.edu.au/staff_profiles/uws_profiles/professor_simeon_simoff,Cq77E9EAAAAJ,0000-0001-9895-4109
Simeon Retalis,University of Piraeus,https://www.ds.unipi.gr/en/faculty/retal-en,JUX2KJcAAAAJ,0000-0000-0000-0000
Simha Sethumadhavan,Columbia University,http://www.cs.columbia.edu/~simha,NOSCHOLARPAGE,0000-0000-0000-0000
Simi Bajaj,Western Sydney University,https://www.westernsydney.edu.au/staff_profiles/WSU/doctor_simi_bajaj,G74trZoAAAAJ,0000-0000-0000-0000
Simina Brânzei,Purdue University,https://www.cs.purdue.edu/people/faculty/simina,SJYC6DQAAAAJ,0000-0000-0000-0000
Siming Chen 0001,Fudan University,http://simingchen.me,LikgkYwAAAAJ,0000-0002-2690-3588
Simon A. Dobson,University of St Andrews,https://simondobson.org,AbJrH_EAAAAJ,0000-0001-9633-2103
Simon Bliudze,CRIStAL,https://www.cristal.univ-lille.fr/profil/sbliudze,P_D0LkkAAAAJ,0000-0000-0000-0000
Simon Caton,University College Dublin,https://people.ucd.ie/simon.caton,yr8skEQAAAAJ,0000-0000-0000-0000
Simon Coghlan,University of Melbourne,https://findanexpert.unimelb.edu.au/profile/787891-simon-coghlan,dfXqkusAAAAJ,0000-0002-6021-9878
Simon Colton,Queen Mary University of London,http://eecs.qmul.ac.uk/profiles/coltonsimon.html,L6GPVfcAAAAJ,0000-0000-0000-0000
Simon Cooksey,University of Kent,https://graymalk.in,Gqw5Lr0AAAAJ,0000-0001-9365-9717
Simon D'Alfonso,University of Melbourne,https://findanexpert.unimelb.edu.au/profile/180658-simon-d%27alfonso,hXEZnsUAAAAJ,0000-0001-7407-8730
Simon Delamare,Ecole Normale Superieure de Lyon,http://graal.ens-lyon.fr/~sdelamar,NOSCHOLARPAGE,0000-0000-0000-0000
Simon Devitt,University of Technology Sydney,https://www.uts.edu.au/staff/simon.devitt,v_L0Gm4AAAAJ,0000-0000-0000-0000
Simon Dixon,Queen Mary University of London,http://www.eecs.qmul.ac.uk/~simond,9GvyqXEAAAAJ,0000-0000-0000-0000
Simon Dobson,University of St Andrews,https://simondobson.org,AbJrH_EAAAAJ,0000-0000-0000-0000
Simon E. M. O'Keefe,University of York,https://www-users.cs.york.ac.uk/~sok,QL1JHlUAAAAJ,0000-0000-0000-0000
Simon Fowler 0001,University of Glasgow,https://www.gla.ac.uk/schools/computing/staff/simonfowler,34hm_7UAAAAJ,0000-0001-5143-5475
Simon Gay,University of Glasgow,https://www.gla.ac.uk/schools/computing/staff/simongay,5x7ArxsAAAAJ,0000-0000-0000-0000
Simon Hadfield,University of Surrey,http://personal.ee.surrey.ac.uk/Personal/S.Hadfield/biography.html,KuQs_N0AAAAJ,0000-0001-8637-5054
Simon Harper,University of Manchester,https://www.research.manchester.ac.uk/portal/simon.harper.html,rN9x46oAAAAJ,0000-0001-9301-5049
Simon Hettrick,University of Southampton,https://www.ecs.soton.ac.uk/people/sjh1l06,euuV0McAAAAJ,0000-0000-0000-0000
Simon Hippenmeyer,IST Austria,https://ist.ac.at/research/research-groups/hippenmeyer-group,DQKripgAAAAJ,0000-0000-0000-0000
Simon Holland,Open University UK,http://stem.open.ac.uk/people/sh2,3n1tkgwAAAAJ,0000-0001-5930-519X
Simon J. E. Taylor,Brunel University London,https://www.brunel.ac.uk/people/simon-taylor,ig7RNOgAAAAJ,0000-0000-0000-0000
Simon J. Gay,University of Glasgow,http://www.dcs.gla.ac.uk/~simon,5x7ArxsAAAAJ,0000-0003-3033-9091
Simon J. Godsill,University of Cambridge,https://www.eng.cam.ac.uk/profiles/sjg30,vmcOEc0AAAAJ,0000-0000-0000-0000
Simon J. Julier,University College London,http://www0.cs.ucl.ac.uk/people/S.Julier,BHUj3DkAAAAJ,0000-0000-0000-0000
Simon J. Laing,University of Waikato,http://www.cms.waikato.ac.nz/people/simonl,KWUU80AAAAAJ,0000-0000-0000-0000
Simon J. Puglisi,University of Helsinki,https://www.cs.helsinki.fi/u/puglisi,RUw3dEwAAAAJ,0000-0001-7668-7636
Simon J. Thompson,University of Kent,https://www.cs.kent.ac.uk/~sjt,S0gEllUAAAAJ,0000-0002-2350-301X
Simon Julier,University College London,http://www0.cs.ucl.ac.uk/people/S.Julier,BHUj3DkAAAAJ,0000-0003-4380-137X
Simon Justin Julier,University College London,http://www0.cs.ucl.ac.uk/people/S.Julier,BHUj3DkAAAAJ,0000-0000-0000-0000
Simon K. Poon,University of Sydney,https://www.sydney.edu.au/engineering/about/our-people/academic-staff/simon-poon.html,yiuDZzwAAAAJ,0000-0000-0000-0000
Simon Kasif,Boston University,https://www.bu.edu/cs/profiles/simon-kasif,SBNZBMUAAAAJ,0000-0000-0000-0000
Simon Katan,Goldsmiths University of London,https://www.gold.ac.uk/computing/people/katan-simon,NOSCHOLARPAGE,0000-0000-0000-0000
Simon Kent,University of Nottingham,https://www.nottingham.ac.uk/computerscience/people/simon.kent,85jTVSkAAAAJ,0000-0000-0000-0000
Simon King,University of Edinburgh,http://homepages.inf.ed.ac.uk/simonk,6IQ8pQwAAAAJ,0000-0000-0000-0000
Simon Korman,University of Haifa,https://cs.hevra.haifa.ac.il/index.php/en/people-en/faculty-en,6OZMoP0AAAAJ,0000-0000-0000-0000
Simon L. Cotton,Queen's University Belfast,https://www.qub.ac.uk/schools/eeecs/Connect/Staff/BusinessCard/?name=s.cotton,i4CIFqUAAAAJ,0000-0000-0000-0000
Simon L. Jones,University of Bath,http://people.bath.ac.uk/cs3sj,OHeUPTQAAAAJ,0000-0003-4111-0591
Simon Lacoste-Julien,University of Montreal,http://www.di.ens.fr/~slacoste,oejm5IUAAAAJ,0000-0000-0000-0000
Simon Laing,University of Waikato,http://www.cms.waikato.ac.nz/people/simonl,KWUU80AAAAAJ,0000-0000-0000-0000
Simon Lucey,Adelaide University,https://www.adelaide.edu.au/directory/simon.lucey,vmAe35UAAAAJ,0000-0002-6326-042X
Simon M. Lucas,Queen Mary University of London,http://csee.essex.ac.uk/acstaff/sml,Jz8DDVAAAAAJ,0000-0002-3180-7451
Simon Mark Lucas,Queen Mary University of London,http://csee.essex.ac.uk/acstaff/sml,Jz8DDVAAAAAJ,0000-0000-0000-0000
Simon Maskell,University of Liverpool,https://liverpool.ac.uk/electrical-engineering-and-electronics/staff/simon-maskell,p1OtmlsAAAAJ,0000-0000-0000-0000
Simon McIntosh-Smith,University of Bristol,http://uob-hpc.github.io/SimonMS,x_NzPLoAAAAJ,0000-0002-5312-0378
Simon Miles,King's College London,https://www.kcl.ac.uk/people/simon-miles,dLsbI7AAAAAJ,0000-0000-0000-0000
Simon O'Keefe,University of York,https://www-users.cs.york.ac.uk/~sok,QL1JHlUAAAAJ,0000-0001-5957-2474
Simon P. Wilson 0001,Trinity College Dublin,https://www.scss.tcd.ie/Simon.Wilson,wWjifKwAAAAJ,0000-0000-0000-0000
Simon Parsons,King's College London,https://www.kcl.ac.uk/people/professor-simon-parsons,L9z6PakAAAAJ,0000-0000-0000-0000
Simon Peter 0001,University of Washington,https://homes.cs.washington.edu/~simpeter,NOucxBgAAAAJ,0009-0007-4748-8524
Simon Pierre Dembele,University of Tartu,https://ut.ee/en/node/141360,NOSCHOLARPAGE,0000-0000-0000-0000
Simon Poon,University of Sydney,https://www.sydney.edu.au/engineering/about/our-people/academic-staff/simon-poon.html,yiuDZzwAAAAJ,0000-0000-0000-0000
Simon R. Arridge,University College London,http://cmic.cs.ucl.ac.uk/staff/simon_arridge,UKy9ejwAAAAJ,0000-0000-0000-0000
Simon R. Blackburn,Royal Holloway Univ. of London,https://pure.royalholloway.ac.uk/en/persons/simon-blackburn,NOSCHOLARPAGE,0000-0000-0000-0000
Simon Razniewski,TU Dresden,http://simonrazniewski.com,ymKWDvoAAAAJ,0000-0002-5410-218X
Simon Robert Arridge,University College London,http://cmic.cs.ucl.ac.uk/staff/simon_arridge,UKy9ejwAAAAJ,0000-0000-0000-0000
Simon Rogers,University of Glasgow,http://www.dcs.gla.ac.uk/~srogers,5EiC_wEAAAAJ,0000-0003-3578-4477
Simon S. Du,University of Washington,https://www.cs.washington.edu/people/faculty/ssdu,OttawxUAAAAJ,0000-0000-0000-0000
Simon S. Woo,Sungkyunkwan University,https://dash-lab.github.io,mHnj60cAAAAJ,0000-0002-8983-1542
Simon Shaolei Du,University of Washington,https://www.cs.washington.edu/people/faculty/ssdu,OttawxUAAAAJ,0000-0000-0000-0000
Simon T. Perrault,SUTD,http://istd.sutd.edu.sg/people/faculty/simon-perrault,pfKzDx8AAAAJ,0000-0002-3105-9350
Simon Tangi Perrault,SUTD,http://istd.sutd.edu.sg/people/faculty/simon-perrault,pfKzDx8AAAAJ,0000-0002-3105-9350
Simon W. Moore,University of Cambridge,https://www.cl.cam.ac.uk/~swm11,hPhDxHwAAAAJ,0000-0002-2806-495X
Simona Samardjiska,Radboud University,http://samardjiska.org,zmDP5W4AAAAJ,0000-0000-0000-0000
Simonas Saltenis,Aalborg University,http://people.cs.aau.dk/~simas,K0l79_wAAAAJ,0000-0002-2046-6110
Simone A. Ludwig,North Dakota State University,http://www.cs.ndsu.nodak.edu/~siludwig,NOSCHOLARPAGE,0000-0000-0000-0000
Simone Anja Ludwig,North Dakota State University,http://www.cs.ndsu.nodak.edu/~siludwig,NOSCHOLARPAGE,0000-0000-0000-0000
Simone Aonzo,EURECOM,https://simoneaonzo.it,h1RL7s4AAAAJ,0000-0001-9547-3502
Simone C. dos Santos,UFPE,https://drive.google.com/file/d/1jmgSu6S4JVmq0gT1dmlMvkRNsJmUoUoW/view,nDUYDA8AAAAJ,0000-0002-7903-9981
Simone Calderara,Univ. of Modena and Reggio Emilia,https://personale.unimore.it/rubrica/dettaglio/calderara,YaRuDkcAAAAJ,0000-0001-9056-1538
Simone Campanoni,Northwestern University,https://users.cs.northwestern.edu/~simonec,bY5WiJIAAAAJ,0000-0001-9806-7016
Simone Cristiane dos Santos,UFPE,https://drive.google.com/file/d/1jmgSu6S4JVmq0gT1dmlMvkRNsJmUoUoW/view,nDUYDA8AAAAJ,0000-0000-0000-0000
Simone D. J. Barbosa,PUC-RIO,http://www-di.inf.puc-rio.br/~simone,DEayOYgAAAAJ,0000-0002-0044-503X
Simone Diniz Junqueira Barbosa,PUC-RIO,http://www-di.inf.puc-rio.br/~simone,DEayOYgAAAAJ,0000-0000-0000-0000
Simone Faro,University of Catania,https://www.dmi.unict.it/faro,4-fzfJEAAAAJ,0000-0001-5937-5796
Simone Frintrop,University of Hamburg,https://www.inf.uni-hamburg.de/en/inst/ab/cv/people-alt/frintrop.html,OLiU7JkAAAAJ,0000-0002-9475-3593
Simone L. Martins,UFF,http://www2.ic.uff.br/~simone,oEIT_KQAAAAJ,0000-0000-0000-0000
Simone Linz,University of Auckland,https://unidirectory.auckland.ac.nz/profile/slin498,9lCabZsAAAAJ,0000-0000-0000-0000
Simone Paolo Ponzetto,University of Mannheim,https://www.uni-mannheim.de/dws/people/professors/prof-dr-simone-paolo-ponzetto,VmIFG0EAAAAJ,0000-0001-7484-2049
Simone R. S. Souza,USP-ICMC,http://icmc.usp.br/pessoas?id=3685313,EhrqxfYAAAAJ,0000-0000-0000-0000
Simone Rossi,EURECOM,https://www.eurecom.fr/fr/people/rossi-simone/publications,lTt86awAAAAJ,0000-0000-0000-0000
Simone Scalabrino,University of Molise,https://dibt.unimol.it/sscalabrino,FBP0Z64AAAAJ,0000-0003-1764-9685
Simone Silvestri,University of Kentucky,http://www.cs.uky.edu/~silvestri,r4hdOZMAAAAJ,0000-0000-0000-0000
Simone Stumpf,City University of London,https://www.city.ac.uk/people/academics/simone-stumpf,NESjxsAAAAAJ,0000-0001-6482-1973
Simone Teufel,University of Cambridge,https://www.cl.cam.ac.uk/~sht25,GnKIYCcAAAAJ,0000-0000-0000-0000
Simone do Rocio Senger de Souza,USP-ICMC,http://icmc.usp.br/pessoas?id=3685313,EhrqxfYAAAAJ,0000-0000-0000-0000
Simos Retalis,University of Piraeus,https://www.ds.unipi.gr/en/faculty/retal-en,JUX2KJcAAAAJ,0000-0000-0000-0000
Simying Ong,University of Malaya,https://umexpert.um.edu.my/simying-ong.html,CG_Hb_wAAAAJ,0000-0000-0000-0000
Sin'ichi Satoh,University of Tokyo,http://research.nii.ac.jp/~satoh,NOSCHOLARPAGE,0000-0000-0000-0000
Sina Farsiu,Duke University,http://people.duke.edu/~sf59,mzcr92sAAAAJ,0000-0000-0000-0000
Sina Fazelpour,Northeastern University,https://sinafazelpour.com,GPRnVkMAAAAJ,0000-0000-0000-0000
Sina Khanmohammadi,University of Oklahoma,https://www.3sigmalab.com,K6sMFj4AAAAJ,0000-0000-0000-0000
Sina Zarrieß,Friedrich Schiller University Jena,https://sinazarriess.github.io,7OOP0iAAAAAJ,0000-0002-1384-1218
Sinai Robins,USP,http://www.ime.usp.br/~sinai,PRi_2KEAAAAJ,0000-0000-0000-0000
Sinan Kalkan,Middle East Technical University,http://www.kovan.ceng.metu.edu.tr/~sinan,yiAWeIAAAAAJ,0000-0003-0915-5917
Sindhu Reddy Kalathur Gopal,Boise State University,https://www.boisestate.edu/coen-cs/people/faculty/sindhu,IiyguGwAAAAJ,0000-0000-0000-0000
Sing-Hoi Sze,Texas A&M University,http://faculty.cs.tamu.edu/shsze,wwkGLrcAAAAJ,0000-0000-0000-0000
Sinisa Todorovic,Oregon State University,http://web.engr.oregonstate.edu/~sinisa,uoVID-0AAAAJ,0000-0002-9919-2211
Sinno Jialin Pan,Chinese University of Hong Kong,https://www.cse.cuhk.edu.hk/people/faculty/sinno-jialin-pan,P6WcnfkAAAAJ,0000-0001-6565-3836
Siobhán Clarke,Trinity College Dublin,https://www.scss.tcd.ie/Siobhan.Clarke,qwMtS1QAAAAJ,0000-0001-5721-9976
Siobhán North,University of Sheffield,https://www.sheffield.ac.uk/dcs/people/academic/siobhan-north,XwzJjrcAAAAJ,0000-0000-0000-0000
Siome Goldenstein,UNICAMP,http://www.ic.unicamp.br/~siome,6uBpaf0AAAAJ,0000-0000-0000-0000
Siome Klein Goldenstein,UNICAMP,http://www.ic.unicamp.br/~siome,6uBpaf0AAAAJ,0000-0000-0000-0000
Sion Hannuna,University of Bristol,https://research-information.bris.ac.uk/en/persons/sion-l-hannuna,MO5berYAAAAJ,0000-0000-0000-0000
Siqi Liu 0005,Duke University,https://siqi-l.github.io,fOB1ZhwAAAAJ,0000-0000-0000-0000
Siqi Shen,Xiamen University,https://informatics.xmu.edu.cn/info/1020/16012.htm,gFKYanAAAAAJ,0000-0003-1661-1247
Siqi Sun,Fudan University,https://intersun.github.io,2dyg3WgAAAAJ,0000-0001-7240-8724
Siqiang Luo,Nanyang Technological University,https://siqiangluo.wixsite.com/homepage,ZDwbMg4AAAAJ,0000-0001-8197-0903
Sirma Yavuz,Yıldız Technical University,https://www.ce.yildiz.edu.tr/personal/sirma?lang=en,fmbg4lsAAAAJ,0000-0000-0000-0000
Sirong Lin,University of Massachusetts Lowell,https://www.uml.edu/Sciences/computer-science/faculty/Lin-Sirong.aspx,NOSCHOLARPAGE,0000-0000-0000-0000
Siru Liu,Vanderbilt University,https://www.vumc.org/dbmi/person/siru-liu-phd,JKXOENIAAAAJ,0000-0000-0000-0000
Sishuai Gong,University of North Carolina,https://sishuaigong.github.io,mlSsYHwAAAAJ,0000-0002-2784-2617
Sitan Chen,Harvard University,https://seas.harvard.edu/person/sitan-chen,YnJVsp4AAAAJ,0000-0002-9450-3332
Sitao Huang,Univ. of California - Irvine,http://sitaohuang.com,KduOKeMAAAAJ,0000-0001-7669-1467
Siting Liu 0001,ShanghaiTech University,https://sitingliu1.github.io/LiuSiting_hit.github.io,IOaCswsAAAAJ,0000-0003-0505-8183
Siu Cheung Hui,Nanyang Technological University,https://dr.ntu.edu.sg/cris/rp/rp00700,d4ZYx6gAAAAJ,0000-0000-0000-0000
Siu On Chan,Chinese University of Hong Kong,https://www.cse.cuhk.edu.hk/~siuon,NOSCHOLARPAGE,0000-0003-4558-4452
Siu-Hang Or,Chinese University of Hong Kong,http://www.cse.cuhk.edu.hk/~shor,qhZIdGYAAAAJ,0000-0000-0000-0000
Siu-Ming Yiu,University of Hong Kong,https://www.cs.hku.hk/index.php/people/academic-staff/smyiu,QFNVqjEAAAAJ,0000-0002-3975-8500
Siu-Wing Cheng,HKUST,http://www.cse.ust.hk/faculty/scheng,0nquEkQAAAAJ,0000-0002-3557-9935
Siva Reddy,McGill University,https://www.mcgill.ca/linguistics/siva-reddy-0,LZZAAtoAAAAJ,0000-0000-0000-0000
Siva Theja Maguluri,Georgia Institute of Technology,https://sites.google.com/site/sivatheja,Y4e61JcAAAAJ,0000-0000-0000-0000
Sivaji Bandyopadhyay,Jadavpur University,http://jaduniv.edu.in/profile.php?uid=2,_NQqd9YAAAAJ,0000-0000-0000-0000
Sivan Sabato,McMaster University,https://www.cas.mcmaster.ca/sivansabato,1zu2Oh0AAAAJ,0000-0002-7975-0044
Sivan Toledo,Tel Aviv University,http://www.tau.ac.il/~stoledo,NOSCHOLARPAGE,0000-0000-0000-0000
Sivaram Ambikasaran,IIT Madras,https://sivaramambikasaran.com/CV,h2hgRJoAAAAJ,0000-0000-0000-0000
Sivaramakrishnan Lakshmivarahan,University of Oklahoma,http://www.ou.edu/coe/cs/people/varahan,NOSCHOLARPAGE,0000-0000-0000-0000
Sivaraman Balakrishnan,Carnegie Mellon University,http://www.stat.cmu.edu/~siva,o7yFQXUAAAAJ,0000-0000-0000-0000
Sivaraman K. Anirudh,New York University,https://cs.nyu.edu/~anirudh,z9em5msAAAAJ,0000-0000-0000-0000
Siwei Feng,Soochow University,http://web.suda.edu.cn/fsw,_7xkHz8AAAAJ,0000-0000-0000-0000
Siwei Lyu,University at Buffalo,https://cse.buffalo.edu/~siweilyu,wefAEM4AAAAJ,0000-0000-0000-0000
Siwei Ma,Peking University,http://idm.pku.edu.cn/staff/masiwei/masiwei.htm,y3YqlaUAAAAJ,0000-0000-0000-0000
Siwei Tan,Zhejiang University,http://person.zju.edu.cn/tansiwei,Wj7H4EUAAAAJ,0000-0002-0634-8089
Siyao Guo,NYU Shanghai,https://sites.google.com/site/siyaoguo,nscLxl4AAAAJ,0009-0008-3664-3928
Siyu Huang,Clemson University,https://siyuhuang.github.io,hQN7Zn0AAAAJ,0000-0002-2929-0115
Siyu Tang 0001,ETH Zurich,https://vlg.inf.ethz.ch/people/person-detail.siyutang.html,BUDh_4wAAAAJ,0000-0002-1015-4770
Siyuan Ji,University of York,https://www.cs.york.ac.uk/people/?group=Academic%20and%20Teaching%20Staff&username=ji,oZdrNNwAAAAJ,0000-0001-6139-3539
Sjaak Smetsers,Radboud University,http://www.cs.ru.nl/S.Smetsers,acnD_MEAAAAJ,0000-0000-0000-0000
Sjouke Mauw,University of Luxembourg,http://satoss.uni.lu/members/sjouke,NDXZhwcAAAAJ,0000-0002-2818-4433
Sjur Didrik Flåm,University of Bergen,https://www.uib.no/en/persons/Sjur.Didrik.Fl%C3%A5m,NOSCHOLARPAGE,0000-0000-0000-0000
Sk Subidh Ali,IIT Bhilai,https://www.iitbhilai.ac.in/index.php?pid=subidh,BdDCoeEAAAAJ,0000-0001-5942-4455
Slawek Staworko,CRIStAL,https://www.cristal.univ-lille.fr/profil/staworko,NOSCHOLARPAGE,0000-0003-3684-3395
Slawomir Lasota 0001,University of Warsaw,https://www.mimuw.edu.pl/~sl,j_k7K5kAAAAJ,0000-0001-8674-4470
Slawomir Stanczak,TU Berlin,https://www.netit.tu-berlin.de/menue/team/prof_dr_ing_slawomir_stanczak,9PWwLMgAAAAJ,0000-0000-0000-0000
Slawomir Staworko,CRIStAL,https://www.cristal.univ-lille.fr/profil/staworko,NOSCHOLARPAGE,0000-0000-0000-0000
Slawomir T. Wierzchon,IPI PAN,https://ipipan.waw.pl/instytut/pracownicy/slawomir-wierzchon,reIKatsAAAAJ,0000-0000-0000-0000
Slinger Jansen,Utrecht University,https://www.slingerjansen.nl,e13z2YAAAAJ,0000-0003-3752-2868
Slobodan Mitrovic,Univ. of California - Davis,https://web.cs.ucdavis.edu/~mitrovic,O62Q1t0AAAAJ,0009-0003-9269-4379
Slobodan Vucetic,Temple University,http://www.dabi.temple.edu/~vucetic,eG-C3JIAAAAJ,0000-0001-5884-6293
Smita Krishnaswamy,Yale University,https://medicine.yale.edu/genetics/people/smita_krishnaswamy.profile,l2Pr9m8AAAAJ,0000-0000-0000-0000
Smruti R. Sarangi,IIT Delhi,http://www.cse.iitd.ac.in/~srsarangi,-5JfCRsAAAAJ,0000-0002-1657-8523
Smruti Ranjan Sarangi,IIT Delhi,http://www.cse.iitd.ac.in/~srsarangi,-5JfCRsAAAAJ,0000-0000-0000-0000
Smruti Sarangi,IIT Delhi,http://www.cse.iitd.ac.in/~srsarangi,-5JfCRsAAAAJ,0000-0000-0000-0000
Sneha Kumar Kasera,University of Utah,https://www.cs.utah.edu/~kasera,NOSCHOLARPAGE,0000-0000-0000-0000
Snehanshu Saha,BITS Pilani-Goa,https://www.bits-pilani.ac.in/goa/snehanshus/profile,C-Qm2LcAAAAJ,0000-0002-8458-604X
Snehasis Mukherjee,Shiv Nadar University,https://www.snu.edu.in/schools/school-of-engineering/faculty/snehasis-mukherjee-2,2nMgticAAAAJ,0000-0000-0000-0000
Snehasis Mukhopadhyay,IUPUI,http://cs.iupui.edu/~smukhopa,HW1_VNwAAAAJ,0000-0000-0000-0000
Snigdha Chaturvedi,University of North Carolina,https://sites.google.com/site/snigdhac,gZD3EesAAAAJ,0000-0000-0000-0000
Soamsiri Chantaraskul,KMUTNB,https://tggs.kmutnb.ac.th/assoc-prof-dr-soamsiri-chantaraskul,mkaZZ4QAAAAJ,0000-0000-0000-0000
Soares S. C. B.,UFPE,https://www.cin.ufpe.br/~scbs,Jqll4wwAAAAJ,0000-0000-0000-0000
Sobah Abbas Petersen,NTNU,https://www.ntnu.edu/employees/sobah.a.petersen,owVhPsMAAAAJ,0000-0000-0000-0000
Sobhan Babu Chintapalli,IIT Hyderabad,https://www.iith.ac.in/~sobhan,NOSCHOLARPAGE,0000-0000-0000-0000
Sofia Cavaco,Universidade NOVA de Lisboa,http://www-ctp.di.fct.unl.pt/~sc,Ue15jDEAAAAJ,0000-0001-7315-4543
Sofiat Olaosebikan,University of Glasgow,https://www.gla.ac.uk/schools/computing/staff/sofiatolaosebikan,NQefvBIAAAAJ,0000-0000-0000-0000
Sofya Raskhodnikova,Boston University,https://cs-people.bu.edu/sofya,VdBfGdoAAAAJ,0000-0002-4902-050X
Soha Hassoun,Tufts University,http://www.cs.tufts.edu/~soha,tR5MNfkAAAAJ,0000-0001-9477-2199
Soham Chakraborty 0001,TU Delft,https://www.st.ewi.tudelft.nl/sschakraborty,CJgbWuwAAAAJ,0000-0002-4454-2050
Soham Sundar Chakraborty,TU Delft,https://www.st.ewi.tudelft.nl/sschakraborty,CJgbWuwAAAAJ,0000-0000-0000-0000
Soheil Behnezhad,Northeastern University,http://behnezhad.com,uWNrcTUAAAAJ,0000-0002-0104-633X
Soheil Feizi,Univ. of Maryland - College Park,https://www.cs.umd.edu/~sfeizi,lptAmrMAAAAJ,0000-0000-0000-0000
Soheil Feizi-Khankandi,Univ. of Maryland - College Park,https://www.cs.umd.edu/~sfeizi,lptAmrMAAAAJ,0000-0000-0000-0000
Soheil Ghiasi,Univ. of California - Davis,https://cs.ucdavis.edu/directory/soheil-ghiasi,55swP8AAAAAJ,0000-0002-1036-791X
Soheil Kolouri,Vanderbilt University,https://skolouri.github.io,yREBSy0AAAAJ,0000-0000-0000-0000
Sohini Ramachandran,Brown University,https://www.brown.edu/Research/Ramachandran_Lab,Mne_iRgAAAAJ,0000-0002-9588-7964
Sol M. Shatz,University of Illinois at Chicago,https://www.cs.uic.edu/~shatz,NOSCHOLARPAGE,0000-0000-0000-0000
Solange O. Rezende,USP-ICMC,http://icmc.usp.br/pessoas?id=130627,e2GNtdIAAAAJ,0000-0000-0000-0000
Solange Oliveira Rezende,USP-ICMC,http://icmc.usp.br/pessoas?id=130627,e2GNtdIAAAAJ,0000-0000-0000-0000
Soledad Villar,Johns Hopkins University,https://engineering.jhu.edu/faculty/soledad-villar,JBGlsDoAAAAJ,0000-0000-0000-0000
Solomon Eyal Shimony,Ben-Gurion University of the Negev,https://www.cs.bgu.ac.il/~shimony,NOSCHOLARPAGE,0000-0000-0000-0000
Solon P. Pissis,King's College London,https://www.kcl.ac.uk/people/solon-pissis,NOSCHOLARPAGE,0000-0002-1445-1932
Soma Chaudhuri,Iowa State University,http://www.cs.iastate.edu/~chaudhur,uTqQopAAAAAJ,0000-0000-0000-0000
Soma Paul,IIIT Hyderabad,https://www.iiit.ac.in/people/faculty/soma,rNO7BrYAAAAJ,0000-0000-0000-0000
Somak Aditya,IIT Kharagpur,https://adityasomak.github.io,2shiHpwAAAAJ,0000-0002-0113-2545
Somanath Tripathy,IIT Patna,https://iitp.ac.in/index.php/departments/engineering/computer-science-a-engineering/people/faculty/dr-somanath-tripathy.html,sYHVfuEAAAAJ,0000-0000-0000-0000
Somaya Al-Máadeed,Qatar University,http://www.qu.edu.qa/engineering/computer/faculty/somaya.php,NOSCHOLARPAGE,0000-0002-0241-2899
Somaya Ali Al-Máadeed,Qatar University,http://www.qu.edu.qa/engineering/computer/faculty/somaya.php,NOSCHOLARPAGE,0000-0000-0000-0000
Somaya Almaadeed,Qatar University,http://www.qu.edu.qa/engineering/computer/faculty/somaya.php,NOSCHOLARPAGE,0000-0000-0000-0000
Somayeh Sojoudi,Univ. of California - Berkeley,https://people.eecs.berkeley.edu/~sojoudi,kNH8zcgAAAAJ,0000-0000-0000-0000
Somayyeh Koohi,Sharif University of Technology,http://sharif.edu/~koohi,NOSCHOLARPAGE,0000-0000-0000-0000
Somdyuti Paul,IIT Kharagpur,https://somdyuti2.github.io,scwJATcAAAAJ,0000-0000-0000-0000
Somenath Biswas,IIT Kanpur,http://www.iitk.ac.in/new/dr-somenath-biswas,remwKicAAAAJ,0000-0000-0000-0000
Somesh Jha,University of Wisconsin - Madison,http://pages.cs.wisc.edu/~jha,BaI7l8QAAAAJ,0000-0001-5877-0436
Somindu C. Ramanna,IIT Kharagpur,https://cse.iitkgp.ac.in/~somindu,NOSCHOLARPAGE,0000-0000-0000-0000
Somjai Boonsiri,Chulalongkorn University,http://pioneer.netserv.chula.ac.th/~bsomjai,NOSCHOLARPAGE,0000-0000-0000-0000
Somnath Banerjee 0001,University of Tartu,https://kodu.ut.ee/~somnath,NOSCHOLARPAGE,0000-0002-4947-7649
Somnath Dey,IIT Indore,http://www.iiti.ac.in/~somnathd,rjzlx8wAAAAJ,0000-0000-0000-0000
Somya D. Mohanty,UNC - Greensboro,http://www.somyamohanty.com,Wm8sdFEAAAAJ,0000-0002-4253-5201
Son Hoang Dau,RMIT University,https://www.rmit.edu.au/contact/staff-contacts/academic-staff/d/dau-dr-son-hoang,dEdfBuwAAAAJ,0000-0002-2276-017X
Son T. Mai,Queen's University Belfast,https://www.qub.ac.uk/schools/eeecs/Connect/Staff/BusinessCard/?name=ThaiSon.Mai,NOSCHOLARPAGE,0000-0000-0000-0000
Son Thai Mai,Queen's University Belfast,https://www.qub.ac.uk/schools/eeecs/Connect/Staff/BusinessCard/?name=ThaiSon.Mai,NOSCHOLARPAGE,0000-0003-4599-1525
Soner Önder,Michigan Technological University,https://www.mtu.edu/cs/department/faculty-staff/faculty/s-onder,co8JfCAAAAAJ,0000-0000-0000-0000
Soneya Binta Hossain,University of Texas at Dallas,https://assert-lab.github.io,xDDfwB8AAAAJ,0000-0002-7282-061X
Song Chong,KAIST,https://sites.google.com/a/kaist.edu/song-chong,m2Lm6f4AAAAJ,0000-0000-0000-0000
Song Chun Zhu,Peking University,http://www.stat.ucla.edu/~sczhu,Al8dyb4AAAAJ,0000-0000-0000-0000
Song Fang 0001,University of Oklahoma,https://cs.ou.edu/~songf,Fw5KzhQAAAAJ,0000-0001-7879-3731
Song Fu,University of North Texas,http://www.cse.unt.edu/~song,qr5wA44AAAAJ,0000-0002-7705-0829
Song Gao 0001,University of Wisconsin - Madison,https://geography.wisc.edu/staff/gao-song,eLdz_6IAAAAJ,0000-0000-0000-0000
Song Guo 0001,HKUST,https://cse.hkust.edu.hk/~songguo,Ib-sizwAAAAJ,0000-0001-9831-2202
Song Han 0002,University of Connecticut,http://engr.uconn.edu/~song,nO2uJ4YAAAAJ,0000-0002-1491-7675
Song Han 0003,Massachusetts Inst. of Technology,https://hanlab.mit.edu/songhan,E0iCaa4AAAAJ,0000-0002-4186-7618
Song Jiang 0001,University of Texas at Arlington,http://ranger.uta.edu/~sjiang,vhpbMX8AAAAJ,0000-0002-1681-9008
Song Li 0006,Zhejiang University,https://songli.io,BBPDISIAAAAJ,0000-0002-7961-8502
Song Li 0007,Virginia Tech,https://website.cs.vt.edu/people/faculty/song-li.html,5VGu6RYAAAAJ,0000-0000-0000-0000
Song Liao,Texas Tech University,https://songacademic.github.io,bWD6O90AAAAJ,0000-0002-5264-7573
Song Liu 0003,ShanghaiTech University,https://sist.shanghaitech.edu.cn/sist_en/2020/0914/c7582a55626/page.htm,n2rWxVQAAAAJ,0000-0000-0000-0000
Song Min Kim,KAIST,https://sites.google.com/view/smilelab,lBJc3B8AAAAJ,0000-0001-5449-4008
Song Wang 0002,University of South Carolina,http://www.cse.sc.edu/~songwang,eycXl_QAAAAJ,0000-0003-4152-5295
Song Wang 0009,York University,https://www.eecs.yorku.ca/~wangsong,gzyZhcgAAAAJ,0000-0003-0617-2877
Song Wang 0013,University of Central Florida,https://www.cs.ucf.edu/person/songwang,H_xgjeAAAAAJ,0000-0003-1273-7694
Song-Chun Zhu,Peking University,http://www.stat.ucla.edu/~sczhu,Al8dyb4AAAAJ,0000-0002-1925-5973
Song-Hai Zhang,Tsinghua University,http://www.cs.tsinghua.edu.cn/publish/csen/4623/2010/20101225165936235350290/20101225165936235350290_.html,AWtV-EQAAAAJ,0000-0003-0460-1586
Songbai Liu,Shenzhen University,https://www.researchgate.net/profile/Songbai-Liu-2,jXTQ1TwAAAAJ,0000-0000-0000-0000
Songhe Feng,Beijing Jiaotong University,https://faculty.bjtu.edu.cn/8407,K5lqMYgAAAAJ,0000-0002-5922-9358
Songhwai Oh,Seoul National University,http://rllab.snu.ac.kr,VEzNY_oAAAAJ,0000-0000-0000-0000
Songlei Wang,Shenzhen University,https://songleiw.github.io/homepage,xx-tGM8AAAAJ,0000-0000-0000-0000
Songqiao Han,SUFE,http://simecv.sufe.edu.cn/page.aspx?id=53,C73EXPMAAAAJ,0000-0002-2896-0607
Songqing Chen,George Mason University,https://cs.gmu.edu/~sqchen,T7IRM8EAAAAJ,0000-0003-4650-7125
Songtao Lu,Chinese University of Hong Kong,https://songtaogithub.github.io,LRsjX7kAAAAJ,0000-0001-9256-9648
Songul Albayrak,Yıldız Technical University,https://www.ce.yildiz.edu.tr/personal/songul?lang=en,LF5HfgEAAAAJ,0000-0000-0000-0000
Songwu Lu,Univ. of California - Los Angeles,http://www.cs.ucla.edu/~slu,PVdTviYAAAAJ,0000-0003-3779-0918
Songze Li,Southeast University,https://cyber.seu.edu.cn/lsz/list.htm,vcGuNDYAAAAJ,0000-0003-4282-3307
Songül Albayrak,Yıldız Technical University,https://www.ce.yildiz.edu.tr/personal/songul?lang=en,LF5HfgEAAAAJ,0000-0000-0000-0000
Songül Varli,Yıldız Technical University,https://www.ce.yildiz.edu.tr/personal/songul?lang=en,LF5HfgEAAAAJ,0000-0000-0000-0000
Songül Varli Albayrak,Yıldız Technical University,https://www.ce.yildiz.edu.tr/personal/songul?lang=en,LF5HfgEAAAAJ,0000-0000-0000-0000
Sonia Berman,University of Cape Town,https://www.cs.uct.ac.za/research/research-interests-sonia-berman,NOSCHOLARPAGE,0000-0000-0000-0000
Sonia Chernova,Georgia Institute of Technology,http://www.cc.gatech.edu/~chernova,EYo_WkEAAAAJ,0000-0001-6320-0825
Sonia Chiasson,Carleton University,https://carleton.ca/scs/people/sonia-chiasson,wg8yZz8AAAAJ,0000-0000-0000-0000
Sonia Fahmy,Purdue University,https://www.cs.purdue.edu/homes/fahmy,UEFIltYAAAAJ,0000-0003-2870-7166
Sonia Haiduc,Florida State University,https://www.cs.fsu.edu/~shaiduc,PH0OA2QAAAAJ,0000-0000-0000-0000
Sonia Khetarpaul,Shiv Nadar University,https://www.snu.edu.in/schools/school-of-engineering/faculty/sonia-khetarpaul,67UvpDcAAAAJ,0000-0000-0000-0000
Sonia Suárez,University of A Coruña,https://pdi.udc.es/en/File/Pdi/PR7KF,NOSCHOLARPAGE,0000-0000-0000-0000
Sonika Tyagi,RMIT University,https://www.rmit.edu.au/contact/staff-contacts/academic-staff/t/tyagi-dr-sonika,ysfbgQsAAAAJ,0000-0000-0000-0000
Sonja Buchegger,KTH Royal Inst. of Technology,http://www.csc.kth.se/~buc,AABgNmoAAAAJ,0000-0000-0000-0000
Sonny Chan,University of Calgary,http://contacts.ucalgary.ca/info/cpsc/profiles/1-5063313,NOSCHOLARPAGE,0000-0000-0000-0000
Sonya H. Y. Hsu,Univ. of Louisiana - Lafayette,https://people.cmix.louisiana.edu/hsu,fuxhtAwAAAAJ,0000-0000-0000-0000
Sooel Son,KAIST,https://cs.kaist.ac.kr/people/view?idx=553&kind=faculty&menu=160,XJOBBI4AAAAJ,0000-0003-0904-2875
Soohyun Nam Liao,Univ. of California - San Diego,https://datascience.ucsd.edu/people/soohyun-nam-liao,MO96jfwAAAAJ,0000-0002-7368-252X
Soon Ae Chun,CUNY,http://www.csi.cuny.edu/faculty/school_of_business/CHUN_SOON.html,mE0JBT0AAAAJ,0000-0000-0000-0000
Soon J. Hyun,KAIST,http://biophotonics.kaist.ac.kr/the-team,P6EuWkgAAAAJ,0000-0000-0000-0000
Soon Joo Hyun,KAIST,http://biophotonics.kaist.ac.kr/the-team,P6EuWkgAAAAJ,0000-0000-0000-0000
Soon Ki Jung,Kyungpook National University,http://vr.knu.ac.kr,Y4a0vmsAAAAJ,0000-0003-0239-6785
Soon Xin Ng,University of Southampton,https://www.ecs.soton.ac.uk/people/sxn,EqwQL50AAAAJ,0000-0000-0000-0000
Soon-Jo Chung,California Inst. of Technology,http://aerospacerobotics.caltech.edu,-ClLU3EAAAAJ,0000-0002-6657-3907
Soon-Ki Jung,Kyungpook National University,http://vr.knu.ac.kr,Y4a0vmsAAAAJ,0000-0000-0000-0000
Soonhoi Ha,Seoul National University,http://iris.snu.ac.kr/xe/sha,QLsrQtYAAAAJ,0000-0001-7472-9142
Soontae Kim,KAIST,http://www.ecl.kaist.ac.kr/members,fREY0lkAAAAJ,0000-0001-5106-8409
Sooyeon Jeong,Purdue University,https://www.sooyeonjeong.com,obVs9ZAAAAAJ,0000-0000-0000-0000
Sooyong Kang,Hanyang University,http://dcslab.hanyang.ac.kr/?q=node/2,GzTGTyUAAAAJ,0000-0000-0000-0000
Sooyoung Cha,Sungkyunkwan University,https://sal.skku.edu,Ye0pjlAAAAAJ,0000-0002-4697-8536
Sophia A. Malamud,Brandeis University,http://www.brandeis.edu/facultyguide/person.html?emplid=3910d55813d1ab5d82f569d8e7923afa2ac792f5,JZoHN2UAAAAJ,0000-0000-0000-0000
Sophia Ananiadou,University of Manchester,http://www.manchester.ac.uk/research/Sophia.ananiadou,quhi-K0AAAAJ,0000-0002-4097-9191
Sophia Drossopoulou,Imperial College London,https://wp.doc.ic.ac.uk/sd,5g4VizIAAAAJ,0000-0002-1993-1142
Sophia Tsoka,King's College London,https://www.kcl.ac.uk/people/sophia-tsoka,LUU0EFgAAAAJ,0000-0001-8403-1282
Sophia Yakoubov,Aarhus University,https://pure.au.dk/portal/da/persons/sophia-yakoubov(818cd271-6e5e-4980-b248-4a337b7c0603).html,Y_XwzKQAAAAJ,0000-0001-7958-8537
Sophie Fellenz,TU Kaiserslautern,https://ml.informatik.uni-kl.de/people/sophie-burkhardt.php,DUtm1_IAAAAJ,0000-0000-0000-0000
Sophie Jörg,Clemson University,https://people.cs.clemson.edu/~sjoerg,vIuCdRQAAAAJ,0000-0002-7910-8553
Sophie Tison,CRIStAL,http://cristal.univ-lille.fr/~tison,TlhLBFYAAAAJ,0000-0002-8426-6230
Soraia Raupp Musse,PUC-RS,http://www.inf.pucrs.br/~smusse,MyKLYVMAAAAJ,0000-0002-3278-217X
Sorav Bansal,IIT Delhi,https://sorav.compiler.ai,VgCn1s4AAAAJ,0009-0004-2006-9635
Soraya Kouadri Mostéfaoui,Open University UK,http://stem.open.ac.uk/people/skm234,NOSCHOLARPAGE,0000-0000-0000-0000
Sorin Draghici,Wayne State University,http://vortex.cs.wayne.edu/Sorin/index.htm,fbkIhRYAAAAJ,0000-0002-0786-8377
Sorin Istrail,Brown University,http://www.brown.edu/Research/Istrail_Lab/sorin.php,HCEcMksAAAAJ,0000-0000-0000-0000
Sorin Lerner,Univ. of California - San Diego,http://cseweb.ucsd.edu/~lerner,C6Pd5zoAAAAJ,0000-0003-3957-0628
Soroush Vosoughi,Dartmouth College,https://web.cs.dartmouth.edu/people/soroush-vosoughi,45DAXkwAAAAJ,0000-0002-2564-8909
Sos S. Agaian,CUNY,https://www.csi.cuny.edu/campus-directory/sos-agaian,FazfMZMAAAAJ,0000-0000-0000-0000
Soteris Demetriou,Imperial College London,https://www.imperial.ac.uk/computing/people/academic-staff,4utItXUAAAAJ,0000-0003-0318-9171
Sotirios Chatzis,Cyprus University of Technology,https://www.cut.ac.cy/faculties/fet/eecei/staff/sotirios.chatzis/?languageId=1,__Y_0hQAAAAJ,0000-0000-0000-0000
Sotirios P. Chatzis,Cyprus University of Technology,https://www.cut.ac.cy/faculties/fet/eecei/staff/sotirios.chatzis/?languageId=1,__Y_0hQAAAAJ,0000-0000-0000-0000
Sotirios Terzis,University of Strathclyde,https://pureportal.strath.ac.uk/en/persons/sotirios-terzis/publications,oFvJLXUAAAAJ,0000-0000-0000-0000
Sotiris K. Moschoyiannis,University of Surrey,https://www.surrey.ac.uk/people/sotiris-moschoyiannis,lXpUuUoAAAAJ,0000-0000-0000-0000
Sou-Young Jin,Dartmouth College,https://souyoungjin.github.io,_B-_CzYAAAAJ,0000-0000-0000-0000
SouYoung Jin,Dartmouth College,https://souyoungjin.github.io,_B-_CzYAAAAJ,0000-0000-0000-0000
Soudeh Ghorbani,Johns Hopkins University,http://soudeh.net,r7kyzkIAAAAJ,0000-0002-1331-1372
Sougata Sen,BITS Pilani-Goa,http://www.sougata-sen.com,IEy_zGEAAAAJ,0000-0002-2466-0025
Souhaib Ben Taieb,MBZUAI,https://mbzuai.ac.ae/study/faculty/souhaib-ben-taieb,AYgO4oQAAAAJ,0000-0002-4605-0834
Soujanya Poria,SUTD,https://people.sutd.edu.sg/~sporia,oS6gRc4AAAAJ,0000-0001-6924-7931
Soukaina Filali Boubrahimi,Utah State University,https://www.usu.edu/cs/directory/faculty/boubrahimi-filali-soukaina,zjWK5KgAAAAJ,0000-0000-0000-0000
Soumajit Pramanik,IIT Bhilai,https://www.iitbhilai.ac.in/index.php?pid=soumajit,XaaHExkAAAAJ,0000-0000-0000-0000
Soumaya Cherkaoui,Polytechnique Montreal,https://www.polymtl.ca/expertises/en/cherkaoui-soumaya,fW60_n4AAAAJ,0000-0000-0000-0000
Soumen Chakrabarti,IIT Bombay,https://www.cse.iitb.ac.in/~soumen,LfF2zfQAAAAJ,0000-0000-0000-0000
Soumitra Roy Joy,UNC - Charlotte,https://ece.charlotte.edu/people/soumitra-r-joy-ph-d,sBjj4LgAAAAJ,0000-0000-0000-0000
Soumya Dutta,IIT Kanpur,https://soumyadutta-cse.github.io,7CGMUB8AAAAJ,0000-0001-5030-9979
Soumya K. Ghosh,IIT Kharagpur,http://www.facweb.iitkgp.ac.in/~skg,wTtdGd4AAAAJ,0000-0000-0000-0000
Soumya K. Ghosh 0001,IIT Kharagpur,http://www.facweb.iitkgp.ac.in/~skg,wTtdGd4AAAAJ,0000-0000-0000-0000
Soumya Kanti Ghosh 0001,IIT Kharagpur,http://www.facweb.iitkgp.ac.in/~skg,wTtdGd4AAAAJ,0000-0000-0000-0000
Soumya Ray,Case Western Reserve University,http://engr.case.edu/ray_soumya,T3Wxu_AAAAAJ,0000-0002-7497-3281
Soumyabrata Dev,University College Dublin,https://people.ucd.ie/soumyabrata.dev,_akXw8IAAAAJ,0000-0000-0000-0000
Soumyajit Dey,IIT Kharagpur,http://cse.iitkgp.ac.in/~soumya,XJI3nYIAAAAJ,0000-0001-9329-6389
Soumyendu Raha,IISc Bangalore,https://cds.iisc.ac.in/faculty/raha,dlLdZhUAAAAJ,0000-0000-0000-0000
Sourabh Bhattacharya,Iowa State University,https://www.cs.iastate.edu/people/sourabh-bhattacharya,2nLY4NUAAAAJ,0000-0000-0000-0000
Sourabh Bose,Wichita State University,https://www.wichita.edu/profiles/academics/engineering/SoC/Bose-Sourabh.php,SvEabcwAAAAJ,0000-0000-0000-0000
Souradyuti Paul,IIT Bhilai,https://souradyuti.com,br4_CNAAAAAJ,0000-0000-0000-0000
Sourangshu Bhattacharya,IIT Kharagpur,http://cse.iitkgp.ac.in/~sourangshu,IixRsP0AAAAJ,0000-0001-5220-1881
Sourav Chakraborty 0001,ISI Kolkata,https://www.isical.ac.in/~sourav,rXKZblQAAAAJ,0000-0001-9518-6204
Sourav Kumar Dandapat,IIT Patna,https://iitp.ac.in/index.php/departments/engineering/computer-science-a-engineering/people/faculty/1608-dr-sourav-kumar-dandapat.html,NOSCHOLARPAGE,0000-0000-0000-0000
Sourav Kumar Mukhopadhyay,Augusta University,https://www.augusta.edu/faculty/directory/view.php?id=SOMUKHOPADHYAY,b8_QiDUAAAAJ,0000-0000-0000-0000
Sourav Medya,University of Illinois at Chicago,https://souravmedya.github.io,RCFhOM4AAAAJ,0000-0003-0996-2807
Sourav S. Bhowmick,Nanyang Technological University,https://www3.ntu.edu.sg/home/assourav,o0F3sqEAAAAJ,0000-0003-1957-8016
Souren Paul,Nova Southeastern University,https://cec.nova.edu/faculty/paul.html,_ZhhcFQAAAAJ,0000-0000-0000-0000
Sourish Dasgupta,DAIICT,http://www.daiict.ac.in/daiict/people/faculty.html,dK0_8CcAAAAJ,0000-0000-0000-0000
Sourya Roy,University of Iowa,https://cs.uiowa.edu/people/sourya-roy,E8YS9QEAAAAJ,0000-0001-9160-1503
Souti Chattopadhyay,University of Southern California,https://viterbi.usc.edu/directory/faculty/Chattopadhyay/Souti,kfFmB4MAAAAJ,0000-0003-1644-7344
Sowmya Somanath,University of Victoria,https://celab.cs.uvic.ca,R9ar1NkAAAAJ,0009-0005-8580-5215
Soyeon Caren Han,University of Melbourne,https://findanexpert.unimelb.edu.au/profile/1060937-caren-han,VH2jVOgAAAAJ,0000-0002-1948-6819
Spandan Roy,IIIT Hyderabad,https://www.iiit.ac.in/people/faculty/Spandan,tUKoUgMAAAAJ,0000-0002-2238-9542
Spencer Bryngelson,Georgia Institute of Technology,https://comp-physics.group,dM-nHdMAAAAJ,0000-0000-0000-0000
Spencer Frei,Univ. of California - Davis,https://cs.ucdavis.edu/directory/spencer-frei,c7N8SoEAAAAJ,0000-0000-0000-0000
Spencer Smith,McMaster University,http://www.cas.mcmaster.ca/~smiths,Z0WEv1oAAAAJ,0000-0000-0000-0000
Spiridon Bakiras,CUNY,http://www.gc.cuny.edu/Page-Elements/Academics-Research-Centers-Initiatives/Doctoral-Programs/Computer-Science/Faculty-Bios/Spiridon-Bakiras,rpzKBjQAAAAJ,0000-0002-8964-0746
Spiros E. Papadimitriou,Rutgers University,https://www.business.rutgers.edu/faculty/spiros-papadimitriou,WUrGGDgAAAAJ,0000-0000-0000-0000
Spiros Mancoridis,Drexel University,http://drexel.edu/cci/contact/Faculty/Mancoridis-Spiros,bKGwUrQAAAAJ,0000-0000-0000-0000
Spiros Papadimitriou,Rutgers University,https://www.business.rutgers.edu/faculty/spiros-papadimitriou,WUrGGDgAAAAJ,0000-0000-0000-0000
Spyridon Mastorakis,University of Notre Dame,https://sites.google.com/site/spyridonmastorakis,O_ckkUIAAAAJ,0000-0000-0000-0000
Spyridon Samothrakis,University of Essex,https://www.essex.ac.uk/people/samot88004/spyros-samothrakis,NOSCHOLARPAGE,0000-0000-0000-0000
Spyros Blanas,Ohio State University,http://web.cse.ohio-state.edu/~sblanas,4_1z8yEAAAAJ,0009-0004-2703-7177
Spyros C. Kontogiannis,University of Ioannina,https://cs.uoi.gr/~kontog,NOSCHOLARPAGE,0000-0002-8559-6418
Spyros Samothrakis,University of Essex,https://www.essex.ac.uk/people/samot88004/spyros-samothrakis,NOSCHOLARPAGE,0000-0000-0000-0000
Spyros Voulgaris,VU Amsterdam,http://www.cs.vu.nl/~spyros,M_tdQJAAAAAJ,0000-0000-0000-0000
Sravan Danda,BITS Pilani-Goa,https://www.bits-pilani.ac.in/goa/dandas/profile,5kSGWFoAAAAJ,0000-0000-0000-0000
Srdjan Capkun,ETH Zurich,http://www.syssec.ethz.ch/people/capkun,VtkPBNsAAAAJ,0000-0001-5727-3673
Srdjan Matic,IMDEA Software Institute,https://software.imdea.org/people/srdjan.matic,BQKUBJsAAAAJ,0000-0003-2822-3970
Srecko Brlek,Université du Québec à Montréal,https://professeurs.uqam.ca/professeur/brlek.srecko,NOSCHOLARPAGE,0000-0000-0000-0000
Sreedevi Sampath,Univ. of Maryland - Baltimore County,https://userpages.umbc.edu/~sampath,p4vUD_0AAAAJ,0000-0000-0000-0000
Sreenivasa Kumar P 0001,IIT Madras,http://www.cse.iitm.ac.in/~psk,FbCn7fkAAAAJ,0000-0000-0000-0000
Sreenivasa Kumar Puligundla,IIT Madras,http://www.cse.iitm.ac.in/~psk,FbCn7fkAAAAJ,0000-0000-0000-0000
Sreepathi Pai,University of Rochester,http://cs.rochester.edu/~spai4,0j47sRUAAAAJ,0000-0002-3691-7238
Sri Aravinda Krishnan Thyagarajan,University of Sydney,https://www.sydney.edu.au/engineering/about/our-people/academic-staff/aravind-thyagarajan.html,_10EZ6IAAAAJ,0000-0003-0114-7672
Sri Devi Ravana,University of Malaya,https://umexpert.um.edu.my/sdevi,mZVfEWgAAAAJ,0000-0000-0000-0000
Sri Hastuti Kurniawan,Univ. of California - Santa Cruz,https://users.soe.ucsc.edu/~srikur,NOSCHOLARPAGE,0000-0000-0000-0000
Sri Kurniawan,Univ. of California - Santa Cruz,https://users.soe.ucsc.edu/~srikur,NOSCHOLARPAGE,0000-0000-0000-0000
Sri Parameswaran,UNSW,http://www.cse.unsw.edu.au/~sridevan,IM4wtocAAAAJ,0000-0003-0435-9080
Sridevan Parameswaran,UNSW,http://www.cse.unsw.edu.au/~sridevan,IM4wtocAAAAJ,0000-0003-0435-9080
Sridhar Adepu,University of Bristol,https://adepu-phd.github.io,sSAQkAgAAAAJ,0000-0000-0000-0000
Sridhar Chimalakonda,IIT Tirupati,https://researchweb.iiit.ac.in/~sridhar_ch,X3AR0HgAAAAJ,0000-0003-0818-8178
Sridhar Iyer,IIT Bombay,http://www.it.iitb.ac.in/~sri,I7pOhHsAAAAJ,0000-0000-0000-0000
Sridhar Radhakrishnan,University of Oklahoma,https://sridharradhakrishnan.info,PhN1aRsAAAAJ,0000-0000-0000-0000
Srihari Nelakuditi,University of South Carolina,http://www.cse.sc.edu/~srihari,wEaHHWIAAAAJ,0000-0001-5990-394X
Srijan Das,UNC - Charlotte,https://srijandas07.github.io,ZDTF5AEAAAAJ,0000-0002-3373-6749
Srijan Kumar,Georgia Institute of Technology,https://www.cse.gatech.edu/people/srijan-kumar,kqfLNK8AAAAJ,0000-0002-5796-3532
Srijita Das 0001,University of Michigan-Dearborn,https://sites.google.com/view/srijitadas,JW2thiwAAAAJ,0000-0000-0000-0000
Srikant Srinivasan,Plaksha University,https://plaksha.edu.in/faculty-details/dr-srikant-srinivasan,-fftoxoAAAAJ,0000-0000-0000-0000
Srikanta Bedathur,IIT Delhi,https://www.cse.iitd.ac.in/~srikanta,ngfF2oAAAAAJ,0000-0002-3949-2175
Srikanta J. Bedathur,IIT Delhi,https://www.cse.iitd.ac.in/~srikanta,ngfF2oAAAAAJ,0000-0000-0000-0000
Srikanth Srinivasan 0001,University of Copenhagen,https://di.ku.dk/english/staff/vip/researchers_ac/?pure=en/persons/792011,uJzmr8YAAAAJ,0000-0001-6491-124X
Srikanth V. Krishnamurthy,Univ. of California - Riverside,http://www.cs.ucr.edu/~krish,x8UnxSoAAAAJ,0000-0002-6533-4381
Srikanthan Thambipillai,Nanyang Technological University,http://research.ntu.edu.sg/expertise/academicprofile/Pages/StaffProfile.aspx?ST_EMAILID=ASTSRIKAN,NOSCHOLARPAGE,0000-0000-0000-0000
Srimanta Bhattacharya,IIT Palakkad,https://www.iitpkd.ac.in/people/srimanta,NOSCHOLARPAGE,0000-0000-0000-0000
Srimanta Pal,ISI Kolkata,https://www.isical.ac.in/srimanta-pal,NOSCHOLARPAGE,0000-0000-0000-0000
Srinandan Dasmahapatra,University of Southampton,https://www.ecs.soton.ac.uk/people/srinanda,4FVYygkAAAAJ,0000-0002-9757-5315
Srinath R. Naidu,IIIT Bangalore,http://www.iiitb.ac.in/faculty_page.php?name=SrinathRNaidu,eJOK4wwAAAAJ,0000-0001-7512-4743
Srinath Sridhar 0002,Brown University,https://cs.brown.edu/people/ssrinath,qIvZT74AAAAJ,0000-0003-4663-3324
Srinath Srinivasa,IIIT Bangalore,http://www.iiitb.ac.in/faculty_page.php?name=SrinathSrinivasa,PckUVJsAAAAJ,0000-0000-0000-0000
Srini Srinivasan,University College London,http://www0.cs.ucl.ac.uk/people/S.Srinivasan.html,EaKGGhsAAAAJ,0000-0000-0000-0000
Srinivas Akella,UNC - Charlotte,https://webpages.uncc.edu/sakella,vPOJwdkAAAAJ,0000-0003-4706-4610
Srinivas Aluru,Georgia Institute of Technology,http://www.cc.gatech.edu/~saluru,YOGOScoAAAAJ,0000-0003-4279-469X
Srinivas Devadas,Massachusetts Inst. of Technology,https://people.csail.mit.edu/devadas,NOSCHOLARPAGE,0000-0001-8253-7714
Srinivas Katkoori,University of South Florida,http://vcapp.cse.usf.edu/~katkoori,LBBlksAAAAAJ,0000-0002-7589-5836
Srinivas Narayana,Rutgers University,https://people.cs.rutgers.edu/~sn624,SIoEl8oAAAAJ,0000-0002-1128-477X
Srinivas Sampalli,Dalhousie University,https://web.cs.dal.ca/~srini,NOSCHOLARPAGE,0000-0000-0000-0000
Srinivasa G. Narasimhan,Carnegie Mellon University,http://www.cs.cmu.edu/~srinivas,MhYrLJAAAAAJ,0000-0003-0389-1921
Srinivasa Rao Satti,Seoul National University,http://tcs.snu.ac.kr/members/ssrao,ZFDS3bEAAAAJ,0000-0003-0636-9880
Srinivasan Keshav,University of Cambridge,http://blizzard.cs.uwaterloo.ca/keshav,NOSCHOLARPAGE,0000-0002-6549-0464
Srinivasan Parthasarathy 0001,Ohio State University,https://cse.osu.edu/people/parthasarathy.2,2mjUsP8AAAAJ,0000-0002-6062-6449
Srinivasan Seshan,Carnegie Mellon University,http://www.cs.cmu.edu/~srini,0irVeiQAAAAJ,0000-0002-9508-2066
Sriparna Saha 0001,IIT Patna,http://www.iitp.ac.in/~sriparna,Fj7jA_AAAAAJ,0000-0001-5458-9381
Sriraam Natarajan,University of Texas at Dallas,http://utdallas.edu/~sxn177430,llF8XbMAAAAJ,0000-0000-0000-0000
Sriram Chellappan,University of South Florida,http://www.cse.usf.edu/~shri,T1P0XnIAAAAJ,0000-0000-0000-0000
Sriram G. Sanjeevi,National Inst. of Tech. Warangal,https://wsdc.nitw.ac.in/facultynew/facultyprofile/id/16347,i7-EcoQAAAAJ,0000-0000-0000-0000
Sriram Kailasam,IIT Mandi,http://faculty.iitmandi.ac.in/~sriramk,xLWew1gAAAAJ,0000-0000-0000-0000
Sriram Sankaranarayanan 0001,University of Colorado Boulder,https://www.cs.colorado.edu/~srirams,V8RKLEsAAAAJ,0000-0001-7315-4340
Sriram Sankararaman,Univ. of California - Los Angeles,http://web.cs.ucla.edu/~sriram,PnUH2KUAAAAJ,0000-0000-0000-0000
Sriram Subramanian,University College London,https://uclic.ucl.ac.uk/people/sriram-subramanian,CO9UQcsAAAAJ,0000-0002-5266-8366
Sriram V. Pemmaraju,University of Iowa,https://www.cs.uiowa.edu/~sriram,s_yIH3gAAAAJ,0000-0002-0834-3476
Sriram Vishwanath,University of Texas at Austin,http://sriram.utlinc.org,SOB-2hQAAAAJ,0000-0000-0000-0000
Srivas Chennu,University of Kent,https://www.cs.kent.ac.uk/people/staff/sc785,8BIf5MEAAAAJ,0000-0000-0000-0000
Sruthi Sekar,IIT Bombay,https://sruthisekar.wordpress.com,Oo8c288AAAAJ,0000-0002-6681-1813
Sruti Srinivasa Ragavan,IIT Kanpur,https://sruti-s-ragavan.github.io,yy68VwUAAAAJ,0000-0001-6197-2194
Stacey D. Scott,University of Guelph,https://www.uoguelph.ca/computing/people/stacey-scott,fB_xzi8AAAAJ,0000-0000-0000-0000
Stacy C. Marsella,Northeastern University,http://www.ccis.northeastern.edu/people/stacy-c-marsella,LkoaA0gAAAAJ,0000-0000-0000-0000
Stacy M. Branham,Univ. of California - Irvine,https://stacybranham.com,AmJ8iWcAAAAJ,0000-0003-4894-4070
Stacy Marsella,Northeastern University,http://www.ccis.northeastern.edu/people/stacy-c-marsella,LkoaA0gAAAAJ,0000-0002-5711-7934
Stacy Patterson,Rensselaer Polytechnic Institute,http://www.cs.rpi.edu/~pattes3,7b_ipvgAAAAJ,0000-0000-0000-0000
Staffan Björk,Chalmers/GU,https://www.chalmers.se/en/staff/Pages/staffan-bjork.aspx,0GYNOvkAAAAJ,0000-0000-0000-0000
Stan Ahalt,University of North Carolina,http://cs.unc.edu/people/stan-ahalt,NOSCHOLARPAGE,0000-0000-0000-0000
Stan Klasa,Concordia University,https://www.concordia.ca/encs/computer-science-software-engineering/faculty.html.html?fpid=stan-klasa,NOSCHOLARPAGE,0000-0000-0000-0000
Stan Matwin,Dalhousie University,https://web.cs.dal.ca/~stan,rCoJeuYAAAAJ,0000-0001-6629-8434
Stan Sclaroff,Boston University,https://www.cs.bu.edu/fac/sclaroff,nXBQn7gAAAAJ,0000-0000-0000-0000
Stan Szpakowicz,University of Ottawa,http://www.site.uottawa.ca/~szpak,NOSCHOLARPAGE,0000-0000-0000-0000
Stan Z. Li,Westlake University,https://www.westlake.edu.cn/info/1092/3905.htm,Y-nyLGIAAAAJ,0000-0002-2961-8096
Standa Zivný,University of Oxford,http://zivny.cz,pAS_AlQAAAAJ,0000-0000-0000-0000
Standa Živný,University of Oxford,http://zivny.cz,pAS_AlQAAAAJ,0000-0000-0000-0000
Stanislav Zivny,University of Oxford,http://zivny.cz,pAS_AlQAAAAJ,0000-0000-0000-0000
Stanislav Zivný,University of Oxford,http://zivny.cz,pAS_AlQAAAAJ,0000-0002-0263-159X
Stanislav Živný,University of Oxford,http://zivny.cz,pAS_AlQAAAAJ,0000-0000-0000-0000
Stanislaw Ambroszkiewicz,IPI PAN,https://ipipan.waw.pl/instytut/pracownicy/stanislaw-ambroszkiewicz,rvhFKdcAAAAJ,0000-0000-0000-0000
Stanislaw Bylka,IPI PAN,https://ipipan.waw.pl/instytut/pracownicy/stanislaw-bylka,5ur10iEAAAAJ,0000-0000-0000-0000
Stanislaw Jarecki,Univ. of California - Irvine,http://www.ics.uci.edu/~stasio,TJ-7eZwAAAAJ,0000-0002-5055-2407
Stanislaw P. Radziszowski,Rochester Inst. of Technology,https://www.cs.rit.edu/~spr/homepage.html,aY0gRagAAAAJ,0000-0002-1470-5517
Stanislaw Szpakowicz,University of Ottawa,http://www.site.uottawa.ca/~szpak,NOSCHOLARPAGE,0000-0000-0000-0000
Stanley A. Wileman,University of Nebraska - Omaha,http://cs2.ist.unomaha.edu/~stanw,NOSCHOLARPAGE,0000-0000-0000-0000
Stanley Bak,Stony Brook University,http://stanleybak.com,IzNAqc8AAAAJ,0000-0003-4947-9553
Stanley C. Ahalt,University of North Carolina,http://cs.unc.edu/people/stan-ahalt,NOSCHOLARPAGE,0000-0000-0000-0000
Stanley J. Osher,Univ. of California - Los Angeles,https://www.math.ucla.edu/~sjo,d3UtiX8AAAAJ,0000-0000-0000-0000
Stas Tiomkin,Texas Tech University,https://www.depts.ttu.edu/cs/faculty/Stas_tiomkin/stastiomkin.php,sDfZnUcAAAAJ,0000-0000-0000-0000
Stasa Milojevic,Indiana University,http://homes.sice.indiana.edu/smilojev,ElYJ8mUAAAAJ,0000-0000-0000-0000
Stasha Lauria,Brunel University London,https://www.brunel.ac.uk/people/stanislao-lauria,NOSCHOLARPAGE,0000-0000-0000-0000
Stathes Hadjiefthymiades,University of Athens,http://cgi.di.uoa.gr/~shadj,NOSCHOLARPAGE,0000-0002-8663-3049
Stavros D. Nikolopoulos,University of Ioannina,https://cs.uoi.gr/~stavros,Uk8Tkt0AAAAJ,0000-0000-0000-0000
Stavros G. Kolliopoulos,University of Athens,http://cgi.di.uoa.gr/~sgk,1jZJgWQAAAAJ,0000-0000-0000-0000
Stavros Pouloukas,University of Nicosia,https://www.unic.ac.cy/pouloukas-stavros,NOSCHOLARPAGE,0000-0000-0000-0000
Stavros Sintos,University of Illinois at Chicago,https://sites.google.com/view/stavros-sintos/home,JxEXObgAAAAJ,0000-0002-2114-8886
Stavros Toumpis,AUEB,https://195.251.255.130/en/faculty/toumpis-stavros,LyiVPKEAAAAJ,0000-0000-0000-0000
Stavros Tripakis,Northeastern University,https://www.ccis.northeastern.edu/people/stavros-tripakis,xmdNUEcAAAAJ,0000-0002-1777-493X
Steen Markvorsen,DTU,https://www.compute.dtu.dk/english,NOSCHOLARPAGE,0000-0000-0000-0000
Stefan Arnborg,KTH Royal Inst. of Technology,http://www.csc.kth.se/~stefana,NOSCHOLARPAGE,0000-0000-0000-0000
Stefan Bauer,TU Munich,https://www.professoren.tum.de/bauer-stefan,O-oICE8AAAAJ,0000-0000-0000-0000
Stefan Biffl,TU Wien,http://qse.ifs.tuwien.ac.at/people/stefan-biffl,NOSCHOLARPAGE,0000-0000-0000-0000
Stefan Blawid,UFPE,https://www.cin.ufpe.br/~sblawid,s_bG9iIAAAAJ,0000-0000-0000-0000
Stefan Bracke,University of Wuppertal,https://www.risk-management.uni-wuppertal.de/index.php?id=3078,NOSCHOLARPAGE,0000-0000-0000-0000
Stefan Brass,University of Halle-Wittenberg,https://www.informatik.uni-halle.de/arbeitsgruppen/dbs/mitarbeiter/stefan_brass,jsND7q8AAAAJ,0000-0000-0000-0000
Stefan Bruckner,University of Bergen,https://vis.uib.no/team/bruckner,NOSCHOLARPAGE,0000-0002-0885-8402
Stefan Brunthaler 0001,Bundeswehr University Munich,https://www.unibw.de/systemsicherheit/univ-prof-dr-stefan-brunthaler,8PPYUEQAAAAJ,0000-0001-9766-4871
Stefan Böttcher,Paderborn University,http://cs.uni-paderborn.de/ecdb,7ZjDsGAAAAAJ,0000-0000-0000-0000
Stefan C. Kremer,University of Guelph,https://www.uoguelph.ca/computing/people/stefan-kremer,ECQMeb0AAAAJ,0000-0000-0000-0000
Stefan Conrad 0001,University of Düsseldorf,https://dbs.cs.uni-duesseldorf.de/mitarbeiter.php?id=conrad,ZJbwV1IAAAAJ,0000-0000-0000-0000
Stefan Decker,RWTH Aachen University,http://www.stefandecker.org,uhVkSswAAAAJ,0000-0001-6324-7164
Stefan Dessloch,TU Kaiserslautern,http://wwwlgis.informatik.uni-kl.de/cms/his/staff/dessloch,XJ7AvACBkB8C,0000-0000-0000-0000
Stefan Deßloch,TU Kaiserslautern,http://wwwlgis.informatik.uni-kl.de/cms/his/staff/dessloch,XJ7AvACBkB8C,0000-0000-0000-0000
Stefan Dietze,University of Düsseldorf,http://stefandietze.net,WR3U5SkAAAAJ,0009-0001-4364-9243
Stefan Dziembowski,University of Warsaw,http://www.crypto.edu.pl/Dziembowski,VgiXQ2YAAAAJ,0000-0002-6914-6425
Stefan Engblom,Uppsala University,http://user.it.uu.se/~stefane,M368s5AAAAAJ,0000-0000-0000-0000
Stefan Feuerriegel,LMU Munich,https://www.ai.bwl.uni-muenchen.de/personen/professoren/feuerriegel/index.html,TtgGRnEAAAAJ,0000-0001-7856-8729
Stefan Fischer 0001,University of Lübeck,https://www.itm.uni-luebeck.de/mitarbeitende/stefan-fischer,_fYPvl4AAAAJ,0000-0000-0000-0000
Stefan Frank,Radboud University,https://www.ru.nl/english/people/frank-s,ALh9K-QAAAAJ,0000-0000-0000-0000
Stefan Funke,University of Stuttgart,http://www.fmi.uni-stuttgart.de/alg,YgSxvV4AAAAJ,0000-0000-0000-0000
Stefan Goetze,University of Sheffield,https://www.sheffield.ac.uk/dcs/people/academic/stefan-goetze,Pj9WH2MAAAAJ,0000-0000-0000-0000
Stefan Gumhold,TU Dresden,https://tu-dresden.de/ing/informatik/smt/cgv,YH2WqxcAAAAJ,0000-0003-2467-5734
Stefan Göller,University of Kassel,https://www.uni-kassel.de/eecs/fachgebiete/tiks/team.html,NOSCHOLARPAGE,0000-0000-0000-0000
Stefan Haar,Ecole Normale Superieure de Cachan,http://www.lsv.ens-cachan.fr/~haar,MgeEaDozUI8C,0000-0000-0000-0000
Stefan Harmeling,TU Dortmund,https://ai.cs.tu-dortmund.de/staff/harmeling-lab/prof-dr-stefan-harmeling,TA2fG64AAAAJ,0000-0000-0000-0000
Stefan Haufe,TU Berlin,https://www.eecs.tu-berlin.de/menue/einrichtungen/professuren/professorinnen/haufe/parameter/en,fVzmgmYAAAAJ,0000-0000-0000-0000
Stefan Heinrich,IT University of Copenhagen,https://stefanheinrich.net,hHx7vgoAAAAJ,0000-0001-9913-3206
Stefan Horst Sommer,University of Copenhagen,http://research.ku.dk/search/?pure=en/persons/254908,NOSCHOLARPAGE,0000-0000-0000-0000
Stefan Jablonski,University of Bayreuth,https://www.ai4.uni-bayreuth.de/en/team/Stefan-Jablonski/index.php,NOSCHOLARPAGE,0000-0000-0000-0000
Stefan K. Muller,University of Connecticut,https://smuller.github.io,vM6V_aMAAAAJ,0000-0002-3210-9727
Stefan Kahrs,University of Kent,https://www.cs.kent.ac.uk/~smk,NOSCHOLARPAGE,0000-0000-0000-0000
Stefan Katzenbeisser 0001,TU Darmstadt,http://www.seceng.informatik.tu-darmstadt.de/people/katzenbeisser,NOSCHOLARPAGE,0000-0000-0000-0000
Stefan Kiefer,University of Oxford,https://www.cs.ox.ac.uk/people/stefan.kiefer,Kr0pjvwAAAAJ,0000-0003-4173-6877
Stefan Klein 0002,University of Münster,https://www.wi.uni-muenster.de/de/institut/wi,q-tPvv8AAAAJ,0000-0000-0000-0000
Stefan Kopp,Bielefeld University,https://www.techfak.uni-bielefeld.de/~skopp,2AEULN0AAAAJ,0000-0002-4047-9277
Stefan Kowalewski,RWTH Aachen University,https://embedded.rwth-aachen.de/doku.php?id=en:lehrstuhl:mitarbeiter:kowalewski,3zLcsUcAAAAJ,0000-0000-0000-0000
Stefan Kramer 0001,University of Mainz,https://www.datamining.informatik.uni-mainz.de/stefan-kramer,0QXx46sAAAAJ,0000-0000-0000-0000
Stefan Krastanov,Univ. of Massachusetts Amherst,https://blog.krastanov.org,-Bkhg-gAAAAJ,0000-0000-0000-0000
Stefan Kratsch,Humboldt University of Berlin,http://www.informatik.hu-berlin.de/de/forschung/gebiete/ae,P3-nVvkAAAAJ,0000-0000-0000-0000
Stefan Kuhn 0001,University of Tartu,https://ut.ee/et/tootaja/stefan-kuhn,oawC-ecAAAAJ,0000-0000-0000-0000
Stefan Langer,LMU Munich,https://www.cis.lmu.de/personen/privatdozenten/langer/index.html,NOSCHOLARPAGE,0000-0000-0000-0000
Stefan Langerman,Université libre de Bruxelles,http://www.ulb.ac.be//di/algo/sl,aZVYm64AAAAJ,0000-0001-6999-3088
Stefan Lee,Oregon State University,http://web.engr.oregonstate.edu/~leestef,Uguj_LUAAAAJ,0000-0000-0000-0000
Stefan Leue,University of Konstanz,https://www.sen.uni-konstanz.de/members/prof-dr-stefan-leue,cRzMGI4AAAAJ,0000-0000-0000-0000
Stefan Leutenegger,TU Munich,https://mlr.in.tum.de/members/leuteneg,SmGQ48gAAAAJ,0000-0002-7998-3737
Stefan Lucks,Bauhaus University Weimar,https://www.uni-weimar.de/de/medien/professuren/medieninformatik/mediensicherheit/people/stefan-lucks,NOSCHOLARPAGE,0000-0000-0000-0000
Stefan Manegold,CWI,http://homepages.cwi.nl/~manegold,BauIS1IAAAAJ,0000-0000-0000-0000
Stefan Mangard,Graz University of Technology,https://www.iaik.tugraz.at/content/about_iaik/people/mangard_stefan,d2LyJ8gAAAAJ,0000-0001-9650-8041
Stefan Marr,JKU Linz,https://stefan-marr.de,h7WXkAoAAAAJ,0000-0001-9059-5180
Stefan Milius,University of Erlangen–Nuremberg,https://www8.cs.fau.de/doku.php?id=milius,d2StQHQAAAAJ,0000-0002-2021-1644
Stefan Monnier,University of Montreal,https://www.iro.umontreal.ca/~monnier,NOSCHOLARPAGE,0000-0001-7597-5273
Stefan Müller 0002,University of Koblenz-Landau,https://www.uni-koblenz-landau.de/de/koblenz/fb4/icv/agmueller/personen/stefanm/stefanm,NOSCHOLARPAGE,0000-0000-0000-0000
Stefan Nagy,University of Utah,https://www.cs.utah.edu/~snagy,9hLWq-0AAAAJ,0000-0003-0220-1706
Stefan Nastic,TU Wien,https://dsg.tuwien.ac.at/team/snastic,brz-dOkAAAAJ,0000-0000-0000-0000
Stefan Neumann 0003,TU Wien,https://neumannstefan.com,trYng_IAAAAJ,0000-0002-3981-1500
Stefan Nilsson,KTH Royal Inst. of Technology,http://www.csc.kth.se/~snilsson,NOSCHOLARPAGE,0000-0000-0000-0000
Stefan Näher,University of Trier,http://www.informatik.uni-trier.de/~naeher,NOSCHOLARPAGE,0000-0000-0000-0000
Stefan Oehmcke,University of Rostock,https://stefoe.github.io,k9EWJmcAAAAJ,0000-0002-0240-1559
Stefan Pickl,Bundeswehr University Munich,https://www.unibw.de/comtessa,NOSCHOLARPAGE,0000-0000-0000-0000
Stefan Posch,University of Halle-Wittenberg,http://users.informatik.uni-halle.de/~posch,NOSCHOLARPAGE,0000-0000-0000-0000
Stefan Resmerita,University of Salzburg,http://cs.uni-salzburg.at/~stefan.resmerita,NOSCHOLARPAGE,0000-0002-3612-8482
Stefan Riezler,Heidelberg University,https://www.cl.uni-heidelberg.de/~riezler,nY9tQLYAAAAJ,0000-0000-0000-0000
Stefan Roth 0001,TU Darmstadt,http://www.visinf.tu-darmstadt.de/team_members/sroth/sroth.en.jsp,0yDoR0AAAAAJ,0000-0001-9002-9832
Stefan S. Dantchev,Durham University,https://www.dur.ac.uk/computer.science/staff/profile/?id=2378,NOSCHOLARPAGE,0000-0000-0000-0000
Stefan Savage,Univ. of California - San Diego,http://cseweb.ucsd.edu/~savage,_JhgbioAAAAJ,0000-0001-6617-8029
Stefan Schirra,University of Magdeburg,http://wwwisg.cs.uni-magdeburg.de/~stschirr/index.html,dZBLyUQAAAAJ,0000-0000-0000-0000
Stefan Schlobach,VU Amsterdam,http://www.few.vu.nl/~schlobac,MWCYB5QAAAAJ,0000-0000-0000-0000
Stefan Schmid 0001,TU Berlin,https://www.inet.tu-berlin.de/menue/people/profs0/stefan/parameter/en,o3Mh4FwAAAAJ,0000-0002-7798-1711
Stefan Schneegass,University of Duisburg-Essen,http://www.stefan-schneegass.de,cALrMCIAAAAJ,0000-0002-0132-4934
Stefan Schneegaß,University of Duisburg-Essen,http://www.stefan-schneegass.de,cALrMCIAAAAJ,0000-0000-0000-0000
Stefan Schwoon,Ecole Normale Superieure de Cachan,http://www.lsv.ens-cachan.fr/~schwoon,NOSCHOLARPAGE,0000-0000-0000-0000
Stefan Schönig,University of Regensburg,https://www.uni-regensburg.de/informatik-data-science/wi-schoenig/startseite/index.html,aMGS4TsAAAAJ,0000-0000-0000-0000
Stefan Seipel,Uppsala University,https://katalog.uu.se/empinfo/?id=N96-366,NOSCHOLARPAGE,0000-0000-0000-0000
Stefan Sommer,University of Copenhagen,https://di.ku.dk/english/staff/vip/researchers_p1ai/?pure=en/persons/254908,GGh0haAAAAAJ,0000-0001-6784-0328
Stefan Stieglitz,University of Duisburg-Essen,https://www.uni-due.de/proco/stieglitz.php,hL-0lrIAAAAJ,0000-0000-0000-0000
Stefan Szeider,TU Wien,https://www.ac.tuwien.ac.at/people/szeider,lJYKhNIAAAAJ,0000-0001-8994-1656
Stefan Tai,TU Berlin,https://www.ise.tu-berlin.de/menue/team/prof_dr_ing_stefan_tai,La3MQsgAAAAJ,0000-0000-0000-0000
Stefan Vandewalle,KU Leuven,https://people.cs.kuleuven.be/~stefan.vandewalle,Y-en1DsAAAAJ,0000-0000-0000-0000
Stefan Voss,University of Hamburg,https://www.bwl.uni-hamburg.de/iwi/team/mitglieder/stefan-voss.html,PuMO0YsAAAAJ,0000-0000-0000-0000
Stefan Voß,University of Hamburg,https://www.bwl.uni-hamburg.de/iwi/team/mitglieder/stefan-voss.html,PuMO0YsAAAAJ,0000-0000-0000-0000
Stefan Wagner 0001,TU Munich,https://www.professoren.tum.de/en/wagner-stefan,tXL31ZEAAAAJ,0000-0002-5256-8429
Stefan Weber 0003,Trinity College Dublin,https://www.scss.tcd.ie/Stefan.Weber,OJX4JSoAAAAJ,0000-0000-0000-0000
Stefan Wermter,University of Hamburg,https://www.inf.uni-hamburg.de/en/inst/ab/wtm/people/wermter.html,uIeaxuAAAAAJ,0000-0003-1343-4775
Stefan Wesner,University of Cologne,https://rrzk.uni-koeln.de,9pviJ0oAAAAJ,0000-0002-7270-7959
Stefan Wolf 0001,Università della Svizzera italiana,http://search.usi.ch/people/eefbe656c9dfacf0e1a1e15bf8893bcb/Wolf-Stefan,5MM9_ucAAAAJ,0000-0001-6823-3255
Stefan Wolfgang Pickl,Bundeswehr University Munich,https://www.unibw.de/comtessa,NOSCHOLARPAGE,0000-0000-0000-0000
Stefan Woltran,TU Wien,https://www.dbai.tuwien.ac.at/staff/woltran,NOSCHOLARPAGE,0000-0000-0000-0000
Stefan Wrobel,University of Bonn,https://mlai.cs.uni-bonn.de/people/stefan-wrobel,NOSCHOLARPAGE,0000-0000-0000-0000
Stefan Wuchty,University of Miami,http://www.as.miami.edu/csc/people/faculty/dr-stefan-wuchty,NOSCHOLARPAGE,0000-0001-8916-6522
Stefania Monica,Univ. of Modena and Reggio Emilia,https://personale.unimore.it/rubrica/dettaglio/monica,XaJycNcAAAAJ,0000-0000-0000-0000
Stefanie Gerke,Royal Holloway Univ. of London,https://pure.royalholloway.ac.uk/en/persons/stefanie-gerke,NOSCHOLARPAGE,0000-0000-0000-0000
Stefanie Jegelka,TU Munich,http://people.csail.mit.edu/stefje,gTWUZlsAAAAJ,0000-0000-0000-0000
Stefanie Mueller 0001,Massachusetts Inst. of Technology,https://www.csail.mit.edu/user/4778,ki5wlPEAAAAJ,0000-0001-7743-7807
Stefanie Müller 0001,Massachusetts Inst. of Technology,https://www.csail.mit.edu/user/4778,ki5wlPEAAAAJ,0000-0001-7743-7807
Stefanie N. Lindstaedt,Graz University of Technology,https://www.ffg.at/content/prof-dr-stefanie-n-lindstaedt,ZcWoNxgAAAAJ,0000-0000-0000-0000
Stefanie N. Lindstädt,Graz University of Technology,https://www.ffg.at/content/prof-dr-stefanie-n-lindstaedt,ZcWoNxgAAAAJ,0000-0000-0000-0000
Stefanie Roos,TU Kaiserslautern,https://sds.cs.rptu.de/pages/stef.html,QeyybXoAAAAJ,0009-0000-8168-8983
Stefanie Sabrina Jegelka,TU Munich,http://people.csail.mit.edu/stefje,gTWUZlsAAAAJ,0000-0000-0000-0000
Stefanie Speidel,TU Dresden,https://www.nct-dresden.de/das-nctucc-dresden/abteilungen-und-forschungsgruppen/abteilung-fuer-translationale-chirurgische-onkologie.html,iSYgTHIAAAAJ,0000-0002-4590-1908
Stefanie Tellex,Brown University,https://cs.brown.edu/people/stellex,Pd8-ju0AAAAJ,0000-0002-2905-4075
Stefanie Zollmann,Aarhus University,https://www.au.dk/stefanie.zollmann@cs.au.dk,1RVYZVMAAAAJ,0000-0002-4690-5409
Stefano Bregni,Politecnico di Milano,http://home.deib.polimi.it/bregni,NOSCHOLARPAGE,0000-0000-0000-0000
Stefano Carpin,Univ. of California - Merced,https://sites.ucmerced.edu/scarpin,ootP9OgAAAAJ,0000-0000-0000-0000
Stefano Ceri,Politecnico di Milano,http://home.deib.polimi.it/ceri,aiulJmIAAAAJ,0000-0003-0671-2415
Stefano Chessa,University of Pisa,http://www.di.unipi.it/~ste,KHO57CAAAAAJ,0000-0000-0000-0000
Stefano Ermon,Stanford University,https://cs.stanford.edu/~ermon,ogXTOZ4AAAAJ,0000-0003-0039-2887
Stefano Leonardi 0001,Sapienza University of Rome,https://sites.google.com/a/uniroma1.it/stefanoleonardi-eng,p5LCHHEAAAAJ,0000-0002-9809-7191
Stefano Lonardi,Univ. of California - Riverside,http://www.cs.ucr.edu/~stelo,T1tFq2MAAAAJ,0000-0002-2696-7274
Stefano Markidis,KTH Royal Inst. of Technology,https://www.kth.se/profile/markidis,QnsN_awAAAAJ,0000-0003-0639-0639
Stefano Moretti 0001,Université Paris Dauphine,https://www.lamsade.dauphine.fr/~moretti,wQOB0vkAAAAJ,0000-0000-0000-0000
Stefano Padilla,Heriot-Watt University,https://www.hw.ac.uk/staff/uk/macs/stefano-padilla.htm,jVOjjFsAAAAJ,0000-0002-7104-8349
Stefano Panzeri,University of Hamburg,https://www.uke.de/english/physicians-and-scientists/mitarbeiterprofilseite_stefano_panzeri.html,C-HCQ9cAAAAJ,0000-0003-1700-8909
Stefano Pirandola,University of York,https://www-users.cs.york.ac.uk/~pirs,bV8llfkAAAAJ,0000-0000-0000-0000
Stefano Ricciardi,University of Molise,http://docenti.unimol.it/index.php?u=s.ricciardi,NOSCHOLARPAGE,0000-0000-0000-0000
Stefano Tessaro,University of Washington,http://www.cs.ucsb.edu/~tessaro,xd_8IiIAAAAJ,0000-0002-3751-8546
Stefano V. Albrecht,University of Edinburgh,http://www.inf.ed.ac.uk/people/staff/Stefano_Albrecht.html,ceSFqCcAAAAJ,0000-0002-8735-1465
Stefano Vissicchio,University College London,http://www.cs.ucl.ac.uk/people/S.Vissicchio.html,hx0ejwoAAAAJ,0000-0003-3699-8127
Stefano Zanero,Politecnico di Milano,http://home.deib.polimi.it/zanero,O2ndaqAAAAAJ,0000-0003-4710-5283
Stefanos D. Kollias,NTUA,http://www.image.ece.ntua.gr/lab/stefanos,-h2va3cAAAAJ,0000-0003-2899-0598
Stefanos Gritzalis,University of Piraeus,https://www.ds.unipi.gr/en/faculty/sgritz-en,VCU5CYYAAAAJ,0000-0000-0000-0000
Stefanos Kaxiras,Uppsala University,https://www.it.uu.se/katalog/steka984,-FYgbQwAAAAJ,0000-0001-8267-0232
Stefanos Nikolaidis,University of Southern California,http://www.stefanosnikolaidis.net,Bj3gKzYAAAAJ,0000-0002-8617-3871
Stefanos P. Zafeiriou,Imperial College London,http://www.imperial.ac.uk/people/s.zafeiriou,QKOH5iYAAAAJ,0000-0000-0000-0000
Stefanos Zafeiriou,Imperial College London,http://www.imperial.ac.uk/people/s.zafeiriou,QKOH5iYAAAAJ,0000-0002-5222-1740
Steffen Becker,University of Stuttgart,http://www.iste.uni-stuttgart.de/rss.html,fncdDA4AAAAJ,0000-0000-0000-0000
Steffen Bondorf,Ruhr-University Bochum,http://steffenbondorf.com,3xUXgbAAAAAJ,0000-0002-0483-5107
Steffen Friedrich,TU Dresden,https://tu-dresden.de/ing/informatik/smt/das-institut/professuren,NOSCHOLARPAGE,0000-0000-0000-0000
Steffen Heber,North Carolina State University,http://statgen.ncsu.edu/~sheber,SdaQU5sAAAAJ,0000-0000-0000-0000
Steffen Hölldobler,TU Dresden,http://www.computational-logic.org/~sh,NOSCHOLARPAGE,0000-0000-0000-0000
Steffen Rothkugel,University of Luxembourg,http://wwwen.uni.lu/research/fstc/communicative_systems_laboratory_com_sys/members/steffen_rothkugel,NOSCHOLARPAGE,0000-0000-0000-0000
Steffen Staab,University of Stuttgart,https://www.ki.uni-stuttgart.de/institute/team/Staab-00004,QvpcUn8AAAAJ,0000-0002-0780-4154
Steffen Zschaler,King's College London,https://www.kcl.ac.uk/people/steffen-zschaler,MwQDdX4AAAAJ,0000-0001-9062-6637
Steffen van Bakel,Imperial College London,http://www.doc.ic.ac.uk/~svb,wSUVpA0AAAAJ,0000-0000-0000-0000
Stelian Coros,ETH Zurich,http://crl.ethz.ch/coros.html,DFQNrvUAAAAJ,0000-0001-6604-4784
Stelios Asteriadis,Maastricht University,https://dke.maastrichtuniversity.nl/stelios.asteriadis,MzZME8sAAAAJ,0000-0000-0000-0000
Stelios Kapetanakis,Middlesex University,https://www.mdx.ac.uk/about-us/our-people/staff-directory/profile/kapetanakis-stylianos,NOSCHOLARPAGE,0000-0000-0000-0000
Stelios Sotiriadis,Birkbeck University of London,https://www.dcs.bbk.ac.uk/about/people/academic-staff/sotiriadis-stelios,hLqLr1IAAAAJ,0000-0000-0000-0000
Stella X. Yu,University of Michigan,https://web.eecs.umich.edu/~stellayu,uqWkLzMAAAAJ,0000-0002-3507-5761
Stephan Chalup,University of Newcastle,https://www.newcastle.edu.au/profile/stephan-chalup,61q7GXYAAAAJ,0000-0000-0000-0000
Stephan Diehl 0001,University of Trier,https://www.uni-trier.de/index.php?id=3569,3h8Dqg0AAAAJ,0000-0002-4287-7447
Stephan Günnemann,TU Munich,http://www.kdd.in.tum.de/en/team/guennemann,npqoAWwAAAAJ,0000-0001-7772-5059
Stephan Kreutzer,TU Berlin,https://www.las.tu-berlin.de/menue/people/stephan_kreutzer,FQZS9moAAAAJ,0009-0002-9409-5356
Stephan M. Günther,TU Munich,https://www.professoren.tum.de/en/guenther-stephan,NOSCHOLARPAGE,0000-0000-0000-0000
Stephan Mandt,Univ. of California - Irvine,http://www.stephanmandt.com,HOrGe7wAAAAJ,0000-0001-7836-7839
Stephan Meisel,University of Münster,https://www.wi.uni-muenster.de/de/institut/qm-logistik,wZzAcgkAAAAJ,0000-0000-0000-0000
Stephan Olariu,Old Dominion University,http://www.cs.odu.edu/~olariu,TfbH_mEAAAAJ,0000-0000-0000-0000
Stephan Olbrich,University of Hamburg,https://www.rrz.uni-hamburg.de/ueber-uns/personen/direktor/olbrich.html,NOSCHOLARPAGE,0000-0000-0000-0000
Stephan Ossowski,University of Tübingen,http://www.medgen-tuebingen.de/en/f-computational-genomics-group-leader.html,imRxrJ4AAAAJ,0000-0002-7416-9568
Stephan Vogel,Qatar Computing Research Inst.,http://www.qcri.org/our-people/bio?pid=12&amp;par=acc&amp;name=StephanVogel,BffFdd0AAAAJ,0000-0000-0000-0000
Stephan Waack,University of Göttingen,https://user.informatik.uni-goettingen.de/~waack,D3noPisAAAAJ,0000-0000-0000-0000
Stephan Weiss 0002,University of Klagenfurt,https://www.aau.at/team/weiss-stephan-michael,dQmvEyUAAAAJ,0000-0000-0000-0000
Stephane Durocher,University of Manitoba,http://www.cs.umanitoba.ca/~durocher,rixCVNoAAAAJ,0000-0000-0000-0000
Stephanie A. Wankowicz,Vanderbilt University,https://medschool.vanderbilt.edu/mpb/person/stephanie-wankowicz,WJ9lxYMAAAAJ,0000-0000-0000-0000
Stephanie Balzer,Carnegie Mellon University,https://www.cs.cmu.edu/~balzers,xZXNqqYAAAAJ,0000-0002-8347-3529
Stephanie Brandl,University of Copenhagen,https://researchprofiles.ku.dk/en/persons/stephanie-brandl,eCDiVTMAAAAJ,0000-0000-0000-0000
Stephanie C. Weirich,University of Pennsylvania,https://www.cis.upenn.edu/~sweirich,NOSCHOLARPAGE,0000-0000-0000-0000
Stephanie Forrest,Arizona State University,https://forrest.biodesign.asu.edu/index.html,rx56n5cAAAAJ,0000-0002-5904-1646
Stephanie Gil,Harvard University,https://react.seas.harvard.edu/people/stephanie-gil,F_kiAZwAAAAJ,0000-0000-0000-0000
Stephanie Ludi,University of North Texas,http://www.cse.unt.edu/~ludi,wV2jzL8AAAAJ,0000-0000-0000-0000
Stephanie M. Wilson,City University of London,https://www.city.ac.uk/people/academics/stephanie-wilson,OmCwsnsAAAAJ,0000-0001-6445-654X
Stephanie Schuckers,UNC - Charlotte,https://cci.charlotte.edu/people/stephanie-schuckers,voWXQToAAAAJ,0000-0000-0000-0000
Stephanie Tan,TU Delft,https://www.tudelft.nl/en/ewi/over-de-faculteit/afdelingen/intelligent-systems/pattern-recognition-bioinformatics/socially-perceptive-computing-lab/people/stephanie-tan-1,Zb5Of2EAAAAJ,0000-0000-0000-0000
Stephanie Wang,University of Washington,https://www.cs.washington.edu/people/faculty/stephanie-wang,7w24ptsAAAAJ,0009-0006-8684-2357
Stephanie Wehner,TU Delft,https://www.tudelft.nl/staff/s.d.c.wehner,PlDS_zYAAAAJ,0000-0000-0000-0000
Stephanie Weirich,University of Pennsylvania,https://www.cis.upenn.edu/~sweirich,NOSCHOLARPAGE,0000-0002-6756-9168
Stephann Makri,City University of London,https://www.city.ac.uk/people/academics/stephann-makri,hCGom2gAAAAJ,0000-0002-5817-4893
Stephen A. Brewster,University of Glasgow,http://www.dcs.gla.ac.uk/~stephen,uu7LudIAAAAJ,0000-0001-9720-3899
Stephen A. Edwards,Columbia University,http://www.cs.columbia.edu/~sedwards,3aw_314AAAAJ,0000-0003-2609-4861
Stephen A. Fenner,University of South Carolina,http://www.cse.sc.edu/~fenner,NOSCHOLARPAGE,0000-0000-0000-0000
Stephen A. Jarvis,University of Warwick,https://warwick.ac.uk/fac/sci/dcs/people/stephen_jarvis/#overview,eyGQdb4AAAAJ,0000-0002-1249-2167
Stephen Alstrup,University of Copenhagen,http://diku.dk/Ansatte/?pure=da/persons/110448,Agh-Q0IAAAAJ,0000-0000-0000-0000
Stephen Andrew Jarvis,University of Warwick,https://warwick.ac.uk/fac/sci/dcs/people/stephen_jarvis/#overview,eyGQdb4AAAAJ,0000-0000-0000-0000
Stephen B. Furber,University of Manchester,https://www.research.manchester.ac.uk/portal/steve.furber.html,jLnsiBEAAAAJ,0000-0002-6524-3367
Stephen Barrett,Trinity College Dublin,https://www.scss.tcd.ie/Stephen.Barrett,I_T_N6YAAAAJ,0000-0000-0000-0000
Stephen Bates,Massachusetts Inst. of Technology,https://stephenbates19.github.io,LeshmV8AAAAJ,0000-0002-3273-8179
Stephen Bedrick,OHSU,http://www.ohsu.edu/xd/education/schools/school-of-medicine/departments/basic-science-departments/csee/csee-people/bedrick.cfm,NOSCHOLARPAGE,0000-0000-0000-0000
Stephen Brooks,Dalhousie University,https://web.cs.dal.ca/~sbrooks,mR2jMNUAAAAJ,0000-0002-7473-5830
Stephen C. Hirtle,University of Pittsburgh,http://www.pitt.edu/~hirtle/hirtle.html,rlI2QpYAAAAJ,0000-0000-0000-0000
Stephen C. Y. Lu,University of Southern California,http://ise.usc.edu/directory/stephen_lu.htm,N4TZNVoAAAAJ,0000-0000-0000-0000
Stephen Cameron,University of Oxford,http://www.cs.ox.ac.uk/stephen.cameron,mssbQTEAAAAJ,0000-0000-0000-0000
Stephen Chang 0001,University of Massachusetts Boston,https://www.cs.umb.edu/~stchang,RHPucBcAAAAJ,0000-0002-4760-0658
Stephen Chong,Harvard University,http://people.seas.harvard.edu/~chong,5bxyMBwAAAAJ,0000-0002-6734-5383
Stephen Clyde,Utah State University,https://cs.usu.edu/people/faculty/clyde-stephen,NOSCHOLARPAGE,0000-0000-0000-0000
Stephen Cooper,University of Nebraska,http://cse.unl.edu/~scooper,8Hfi_iUAAAAJ,0000-0002-4397-736X
Stephen Cranefield,University of Otago,https://www.otago.ac.nz/school-of-computing/our-people/stephen-cranefield,IVcTzugAAAAJ,0000-0000-0000-0000
Stephen D. Wolthusen,Royal Holloway Univ. of London,https://pure.royalholloway.ac.uk/en/persons/stephen-d-wolthusen,NOSCHOLARPAGE,0000-0000-0000-0000
Stephen E. Reichenbach,University of Nebraska,http://cse.unl.edu/~reich,GDQ7k80AAAAJ,0000-0000-0000-0000
Stephen F. Siegel,University of Delaware,http://vsl.cis.udel.edu/siegel.html,N_X_1oMAAAAJ,0000-0001-9359-3332
Stephen Fickas,University of Oregon,http://ix.cs.uoregon.edu/~fickas,9qA78uUAAAAJ,0000-0001-7816-0731
Stephen Frezza,Uppsala University,https://www.it.uu.se/katalog/stefr116,NOSCHOLARPAGE,0000-0000-0000-0000
Stephen G. Kobourov,TU Munich,https://www.professoren.tum.de/en/kobourov-stephen,P21gHIkAAAAJ,0000-0002-0477-2724
Stephen G. Pulman,University of Oxford,https://www.cs.ox.ac.uk/people/stephen.pulman,dzxbFGgAAAAJ,0000-0000-0000-0000
Stephen G. Ware,University of Kentucky,http://stephengware.com,mkFBt8oAAAAJ,0000-0000-0000-0000
Stephen Gilmore,University of Edinburgh,http://homepages.inf.ed.ac.uk/stg,S7iYkO8AAAAJ,0000-0000-0000-0000
Stephen Gould,Australian National University,http://users.cecs.anu.edu.au/~sgould,YvdzeM8AAAAJ,0000-0001-8929-7899
Stephen Guy Pulman,University of Oxford,https://www.cs.ox.ac.uk/people/stephen.pulman,dzxbFGgAAAAJ,0000-0000-0000-0000
Stephen H. Bach,Brown University,https://cs.brown.edu/people/sbach,hs6pGXoAAAAJ,0000-0000-0000-0000
Stephen H. Edwards,Virginia Tech,http://people.cs.vt.edu/~edwards,5pV6DQ4AAAAJ,0000-0002-5162-9314
Stephen H. Muggleton,Imperial College London,http://wp.doc.ic.ac.uk/shm,WxJXT2MAAAAJ,0000-0000-0000-0000
Stephen Hailes,University College London,http://www0.cs.ucl.ac.uk/staff/S.Hailes,LJD3OxkAAAAJ,0000-0000-0000-0000
Stephen Herwig,College of William and Mary,http://www.cs.wm.edu/~smherwig,SPZRj5kAAAAJ,0000-0003-2459-2867
Stephen Huang,University of Houston,http://www2.cs.uh.edu/shuang,hPY6T7gAAAAJ,0000-0000-0000-0000
Stephen Hutt,University of Denver,https://ritchieschool.du.edu/about/people/stephen-hutt,ZYXjuGMAAAAJ,0000-0002-7041-7472
Stephen J. Counsell,Brunel University London,https://www.brunel.ac.uk/people/steve-counsell,It_Dl_UAAAAJ,0000-0000-0000-0000
Stephen J. Guy,University of Minnesota,http://www-users.cs.umn.edu/~sjguy,aVg7BRwAAAAJ,0000-0001-8986-5817
Stephen J. Maybank,Birkbeck University of London,https://www.dcs.bbk.ac.uk/about/people/academic-staff/sjmaybank,gpyHJmcAAAAJ,0000-0000-0000-0000
Stephen J. McKenna,University of Dundee,http://staff.computing.dundee.ac.uk/stephen,7mZPvlYAAAAJ,0000-0003-0530-2035
Stephen J. Payne,University of Bath,http://www.bath.ac.uk/comp-sci/contacts/academics/stephen_payne,i6teB6AAAAAJ,0000-0000-0000-0000
Stephen J. Sangwine,University of Essex,https://www.essex.ac.uk/people/sangw90603/stephen-sangwine,sz2xU7wAAAAJ,0000-0000-0000-0000
Stephen J. Wright 0001,University of Wisconsin - Madison,http://pages.cs.wisc.edu/~swright,VFQRIOwAAAAJ,0000-0000-0000-0000
Stephen Jacobs,Rochester Inst. of Technology,https://www.rit.edu/gccis/stephen-jacobs,Bitmab4AAAAJ,0000-0000-0000-0000
Stephen James Wilson,University of Queensland,https://researchers.uq.edu.au/researcher/271,NOSCHOLARPAGE,0000-0000-0000-0000
Stephen John Maybank,Birkbeck University of London,https://www.dcs.bbk.ac.uk/about/people/academic-staff/sjmaybank,gpyHJmcAAAAJ,0000-0000-0000-0000
Stephen Kell,King's College London,https://www.humprog.org/~stephen,4GHlcNoAAAAJ,0000-0000-0000-0000
Stephen Kelly,McMaster University,https://stephenkelly.ca,xQDmZcAAAAAJ,0000-0000-0000-0000
Stephen Kissler,University of Colorado Boulder,https://www.colorado.edu/cs/stephen-kissler,09rvmTIAAAAJ,0000-0000-0000-0000
Stephen Lee,University of Pittsburgh,http://www.sci.pitt.edu/faculty-and-research/faculty-directory/stephen-lee,qsjlH3AAAAAJ,0000-0001-9022-4259
Stephen Lindsay,University of Glasgow,https://www.gla.ac.uk/schools/computing/staff/stephenlindsay,vAJGl7cAAAAJ,0000-0001-6063-3676
Stephen M. Pizer,University of North Carolina,http://www.cs.unc.edu/~smp,NOSCHOLARPAGE,0000-0000-0000-0000
Stephen M. Thebaut,University of Florida,https://www.cise.ufl.edu/people/faculty/smt,NOSCHOLARPAGE,0000-0000-0000-0000
Stephen M. Watt,University of Waterloo,https://uwaterloo.ca/math/about/people/smwatt,O4bB0QkAAAAJ,0000-0000-0000-0000
Stephen MacNeil,Temple University,http://stevemacn.github.io,leLEF3wAAAAJ,0000-0003-2781-6619
Stephen Mann,University of Waterloo,http://www.cgl.uwaterloo.ca/smann,r8jslMgAAAAJ,0000-0001-8528-2921
Stephen Mark Vernon Hailes,University College London,http://www0.cs.ucl.ac.uk/staff/S.Hailes,LJD3OxkAAAAJ,0000-0000-0000-0000
Stephen Marsland,Massey University,http://www.massey.ac.nz/massey/expertise/profile.cfm?stref=895830,XfFhVhAAAAAJ,0000-0000-0000-0000
Stephen McCamant,University of Minnesota,http://www-users.cs.umn.edu/~mccamant,NOSCHOLARPAGE,0009-0004-6859-9758
Stephen Melczer,University of Waterloo,https://melczer.ca,yYbkjXwAAAAJ,0000-0000-0000-0000
Stephen Muggleton,Imperial College London,http://wp.doc.ic.ac.uk/shm,WxJXT2MAAAAJ,0000-0000-0000-0000
Stephen Mussmann,Georgia Institute of Technology,https://steve.mussmann.us,oGah6EgAAAAJ,0009-0000-5243-5944
Stephen Oney,University of Michigan,http://from.so,o75yGRIAAAAJ,0000-0000-0000-0000
Stephen P. Beeby,University of Southampton,https://www.ecs.soton.ac.uk/people/spb,n3Gc7sMAAAAJ,0000-0000-0000-0000
Stephen Pettifer,University of Manchester,https://www.research.manchester.ac.uk/portal/en/researchers/stephen-pettifer(2be3e283-7ad3-4926-85ea-501491a382d2).html,yUwh2bEAAAAJ,0000-0002-1809-5621
Stephen Piddock,Royal Holloway Univ. of London,https://pure.royalholloway.ac.uk/en/persons/stephen-piddock,dr6ZKAYAAAAJ,0000-0000-0000-0000
Stephen Pulman,University of Oxford,https://www.cs.ox.ac.uk/people/stephen.pulman,dzxbFGgAAAAJ,0000-0000-0000-0000
Stephen R. Marschner,Cornell University,http://www.cs.cornell.edu/~srm,llo3F3QAAAAJ,0000-0000-0000-0000
Stephen R. Marsland,Massey University,http://www.massey.ac.nz/massey/expertise/profile.cfm?stref=895830,XfFhVhAAAAAJ,0000-0000-0000-0000
Stephen Ramsey,Oregon State University,http://eecs.oregonstate.edu/people/ramsey-stephen,286qVQYAAAAJ,0000-0000-0000-0000
Stephen Robert Pettifer,University of Manchester,https://www.research.manchester.ac.uk/portal/en/researchers/stephen-pettifer(2be3e283-7ad3-4926-85ea-501491a382d2).html,yUwh2bEAAAAJ,0000-0000-0000-0000
Stephen S. Intille,Northeastern University,http://www.ccs.neu.edu/home/intille,9Yuk3WgAAAAJ,0000-0002-0287-2553
Stephen Scott,University of Nebraska,http://cse.unl.edu/~sscott,7lTeshwAAAAJ,0000-0000-0000-0000
Stephen Smith 0001,Macquarie University,https://researchers.mq.edu.au/en/persons/stephen-smith,ObLOzAwAAAAJ,0000-0000-0000-0000
Stephen Swift,Brunel University London,https://www.brunel.ac.uk/people/stephen-swift,cDvF-W4AAAAJ,0000-0000-0000-0000
Stephen T. Frezza,Uppsala University,https://www.it.uu.se/katalog/stefr116,NOSCHOLARPAGE,0000-0000-0000-0000
Stephen T. Gilmore,University of Edinburgh,http://homepages.inf.ed.ac.uk/stg,S7iYkO8AAAAJ,0000-0000-0000-0000
Stephen Taylor,University of Liverpool,https://liverpool.ac.uk/electrical-engineering-and-electronics/staff/stephen-taylor,NOSCHOLARPAGE,0000-0002-5403-7226
Stephen V. Flowerday,Augusta University,https://www.augusta.edu/faculty/directory/view.php?id=SFLOWERDAY,aTJ2fjkAAAAJ,0000-0000-0000-0000
Stephen Viller,University of Queensland,http://researchers.uq.edu.au/researcher/1060,spHMPHgAAAAJ,0000-0003-1954-5441
Stephen Voida,University of Colorado Boulder,http://www.colorado.edu/cmci/people/information-science/stephen-voida,pYjPYIMAAAAJ,0000-0003-3275-407X
Stephen W. Clyde,Utah State University,https://cs.usu.edu/people/faculty/clyde-stephen,NOSCHOLARPAGE,0000-0000-0000-0000
Stephen Wright Clyde,Utah State University,https://cs.usu.edu/people/faculty/clyde-stephen,NOSCHOLARPAGE,0000-0000-0000-0000
Stephen Wu,OHSU,https://www.ohsu.edu/xd/education/schools/school-of-medicine/departments/basic-science-departments/csee/csee-people/stephen-wu.cfm,pVVZlDkAAAAJ,0000-0000-0000-0000
Stephen Xia,Northwestern University,http://www.stephenxia.com,b6PNcXQAAAAJ,0000-0001-5713-8885
Stergios Anastasiadis,University of Ioannina,https://cs.uoi.gr/~stergios,W2uDZgMAAAAJ,0000-0000-0000-0000
Stergios I. Roumeliotis,University of Minnesota,http://www-users.cs.umn.edu/~stergios,c5HeXxsAAAAJ,0000-0000-0000-0000
Steve A. Schneider,University of Surrey,https://www.surrey.ac.uk/people/steve-schneider,RpVDhIoAAAAJ,0000-0001-8365-6993
Steve B. Furber,University of Manchester,https://www.research.manchester.ac.uk/portal/steve.furber.html,jLnsiBEAAAAJ,0000-0002-6524-3367
Steve Benford,University of Nottingham,https://www.nottingham.ac.uk/computerscience/people/steve.benford,80XCmMgAAAAJ,0000-0001-8041-2520
Steve C. Maddock,University of Sheffield,https://www.sheffield.ac.uk/dcs/people/academic/steve-maddock,NbHpc-UAAAAJ,0000-0003-3179-0263
Steve Carr 0001,Western Michigan University,https://wmich.edu/cs/directory/carr,NOSCHOLARPAGE,0000-0002-8922-0805
Steve Cassidy,Macquarie University,https://researchers.mq.edu.au/en/persons/steve-cassidy,uUa7GZsAAAAJ,0000-0000-0000-0000
Steve Chapin,Syracuse University,http://www.hpdc.syr.edu/~chapin,NOSCHOLARPAGE,0000-0000-0000-0000
Steve Counsell,Brunel University London,https://www.brunel.ac.uk/people/steve-counsell,It_Dl_UAAAAJ,0000-0000-0000-0000
Steve Cutchin,Boise State University,https://www.boisestate.edu/coen-cs/people/faculty/steven-cutchin,vH5VbsQAAAAJ,0000-0000-0000-0000
Steve Drew,University of Calgary,https://denoslab.com,mGMBNN4AAAAJ,0000-0000-0000-0000
Steve Easterbrook,University of Toronto,http://www.cs.toronto.edu/~sme,bD8DWiEAAAAJ,0000-0002-3261-6446
Steve Engels,University of Toronto,http://www.cs.toronto.edu/~sengels,MkZLP00AAAAJ,0000-0000-0000-0000
Steve Feiner,Columbia University,http://www.cs.columbia.edu/~feiner,PogsVkYAAAAJ,0000-0000-0000-0000
Steve Furber,University of Manchester,https://www.research.manchester.ac.uk/portal/steve.furber.html,jLnsiBEAAAAJ,0000-0000-0000-0000
Steve Goddard,University of Iowa,https://cs.uiowa.edu/people/steve-goddard,9DiavQ0AAAAJ,0000-0000-0000-0000
Steve Gregory,University of Bristol,http://www.bris.ac.uk/engineering/people/steve-gregory/index.html,u8B4TW0AAAAJ,0000-0000-0000-0000
Steve Hailes,University College London,http://www0.cs.ucl.ac.uk/staff/S.Hailes,LJD3OxkAAAAJ,0000-0000-0000-0000
Steve Hall,University of Liverpool,https://liverpool.ac.uk/electrical-engineering-and-electronics/staff/stephen-hall,NOSCHOLARPAGE,0000-0000-0000-0000
Steve Hanneke,Purdue University,https://www.cs.purdue.edu/people/faculty/hanneke.html,fEhNO7YAAAAJ,0000-0000-0000-0000
Steve Homer,Boston University,http://www.cs.bu.edu/~homer,y1n8bZAAAAAJ,0000-0000-0000-0000
Steve J. Maybank,Birkbeck University of London,https://www.dcs.bbk.ac.uk/about/people/academic-staff/sjmaybank,gpyHJmcAAAAJ,0000-0000-0000-0000
Steve King 0001,University of York,https://www-users.cs.york.ac.uk/~king,Q75-BIgAAAAJ,0000-0000-0000-0000
Steve Kroon,Stellenbosch University,http://www.cs.sun.ac.za/~kroon,-M2yWHQAAAAJ,0000-0000-0000-0000
Steve Linton,University of St Andrews,https://sal.host.cs.st-andrews.ac.uk,DtnwP5MAAAAJ,0000-0000-0000-0000
Steve M. Easterbrook,University of Toronto,http://www.cs.toronto.edu/~sme,bD8DWiEAAAAJ,0000-0002-3261-6446
Steve Maddock,University of Sheffield,https://www.sheffield.ac.uk/dcs/people/academic/steve-maddock,NbHpc-UAAAAJ,0000-0003-3179-0263
Steve Marschner,Cornell University,http://www.cs.cornell.edu/~srm,llo3F3QAAAAJ,0000-0001-9810-0306
Steve Oney,University of Michigan,http://from.so,o75yGRIAAAAJ,0000-0002-5823-1499
Steve P. Beeby,University of Southampton,https://www.ecs.soton.ac.uk/people/spb,n3Gc7sMAAAAJ,0000-0000-0000-0000
Steve Parkes,University of Dundee,https://www.computing.dundee.ac.uk/about/staff/21,NOSCHOLARPAGE,0000-0000-0000-0000
Steve Petruzza,Utah State University,https://www.usu.edu/cs/directory/faculty/petruzza-steve,p5e_8WEAAAAJ,0000-0002-2649-1595
Steve Pettifer,University of Manchester,https://www.research.manchester.ac.uk/portal/en/researchers/stephen-pettifer(2be3e283-7ad3-4926-85ea-501491a382d2).html,yUwh2bEAAAAJ,0000-0002-1809-5621
Steve Phelps,King's College London,https://www.kcl.ac.uk/people/steve-phelps,lKgfiRYAAAAJ,0000-0000-0000-0000
Steve R. Gunn,University of Southampton,https://www.ecs.soton.ac.uk/people/srg,NUhmjAoAAAAJ,0000-0000-0000-0000
Steve R. Tate,UNC - Greensboro,https://home.uncg.edu/cmp/faculty/srtate/index.html,L0SnD84AAAAJ,0000-0000-0000-0000
Steve Reeves,University of Waikato,http://www.cms.waikato.ac.nz/people/stever,yCwLZU0AAAAJ,0000-0000-0000-0000
Steve Schneider,University of Surrey,https://www.surrey.ac.uk/people/steve-schneider,RpVDhIoAAAAJ,0000-0000-0000-0000
Steve Tanimoto,University of Washington,http://www.cs.washington.edu/people/faculty/tanimoto,NOSCHOLARPAGE,0000-0000-0000-0000
Steve Tonneau,University of Edinburgh,http://www.inf.ed.ac.uk/people/staff/Steve_Tonneau.html,Ju75W1sAAAAJ,0000-0003-3001-8693
Steve Uhlig,Queen Mary University of London,http://www.eecs.qmul.ac.uk/~steve,AdXZCToAAAAJ,0000-0001-6251-6836
Steve Whittaker 0001,Univ. of California - Santa Cruz,https://sites.google.com/view/stevewhittaker/home,TkVUIVsAAAAJ,0000-0000-0000-0000
Steve Wozniak,University of Technology Sydney,https://www.uts.edu.au/staff/stephen.wozniak,NOSCHOLARPAGE,0000-0000-0000-0000
Steve Zdancewic,University of Pennsylvania,http://www.cis.upenn.edu/~stevez,19kNRU0AAAAJ,0000-0002-3516-1512
Steven A. Wright,University of York,https://www-users.cs.york.ac.uk/~saw,uh1UaD4AAAAJ,0000-0000-0000-0000
Steven B. Leeb,Massachusetts Inst. of Technology,http://meche.mit.edu/people/faculty/SBLEEB@Massachusetts Inst. of Technology.EDU,NOSCHOLARPAGE,0000-0000-0000-0000
Steven Bedrick,OHSU,http://www.ohsu.edu/xd/education/schools/school-of-medicine/departments/basic-science-departments/csee/csee-people/bedrick.cfm,NOSCHOLARPAGE,0000-0002-0163-9397
Steven Bethard,University of Arizona,http://bethard.faculty.arizona.edu,sXM8J5EAAAAJ,0000-0001-9560-6491
Steven Bradley,Durham University,https://www.dur.ac.uk/computer.science/staff/profile/?id=106,cia3XYoAAAAJ,0000-0000-0000-0000
Steven C. H. Hoi,Singapore Management University,https://www.smu.edu.sg/faculty/profile/110831/Steven-HOI,JoLjflYAAAAJ,0000-0002-4584-3453
Steven Carr 0001,Western Michigan University,https://wmich.edu/cs/directory/carr,NOSCHOLARPAGE,0000-0002-8922-0805
Steven Castellucci,York University,http://www.eecs.yorku.ca/~stevenc,KNonqogAAAAJ,0000-0000-0000-0000
Steven Chamberland,Polytechnique Montreal,https://www.polymtl.ca/expertises/chamberland-steven,NOSCHOLARPAGE,0000-0000-0000-0000
Steven Chu-Hong Hoi,Singapore Management University,https://www.smu.edu.sg/faculty/profile/110831/Steven-HOI,JoLjflYAAAAJ,0000-0000-0000-0000
Steven Costiou,CRIStAL,https://www.cristal.univ-lille.fr/profil/scostiou,KLPmm0gAAAAJ,0000-0003-2787-5432
Steven Cutchin,Boise State University,https://www.boisestate.edu/coen-cs/people/faculty/steven-cutchin,vH5VbsQAAAAJ,0000-0000-0000-0000
Steven D. Morad,University of Macau,https://www.fst.um.edu.mo/people/smorad,KvCgriAAAAAJ,0000-0002-8413-2953
Steven Demurjian,University of Connecticut,http://www.engr.uconn.edu/~steve,At2Tg2MAAAAJ,0000-0000-0000-0000
Steven Dirven,Massey University,https://www.massey.ac.nz/massey/learning/colleges/college-of-sciences/staff-profile.cfm?stref=965350,rvPYZxYAAAAJ,0000-0000-0000-0000
Steven Dow,Univ. of California - San Diego,http://spdow.ucsd.edu,ywTbDsQAAAAJ,0000-0000-0000-0000
Steven Euijong Whang,KAIST,http://stevenwhang.com,w6hts30AAAAJ,0000-0001-6419-931X
Steven Feiner,Columbia University,http://www.cs.columbia.edu/~feiner,PogsVkYAAAAJ,0000-0001-9978-7090
Steven Franconeri,Northwestern University,https://psychology.northwestern.edu/people/faculty/core/profiles/steven-franconeri.html,SSSCmfoAAAAJ,0000-0001-5244-9764
Steven H. Low,California Inst. of Technology,http://www.eas.caltech.edu/people/3109/profile,4BrebIYAAAAJ,0000-0000-0000-0000
Steven Heim,LIU Post,http://www.liu.edu/CWPost/Academics/Faculty/Faculty/H/Steven-Heim?rn=Faculty,NOSCHOLARPAGE,0000-0000-0000-0000
Steven Holtzen,Northeastern University,https://www.khoury.northeastern.edu/home/sholtzen,ak46IwwAAAAJ,0000-0002-8190-5412
Steven Homer,Boston University,http://www.cs.bu.edu/~homer,y1n8bZAAAAAJ,0009-0006-5390-1218
Steven Houben,Lancaster University,https://www.lancaster.ac.uk/scc/about-us/people/steven-houben,0V_WyBkAAAAJ,0000-0002-9009-5706
Steven J. Bethard,University of Arizona,http://bethard.faculty.arizona.edu,sXM8J5EAAAAJ,0000-0000-0000-0000
Steven J. Gortler,Harvard University,http://www.eecs.harvard.edu/~sjg,66qppJsAAAAJ,0000-0000-0000-0000
Steven J. Mills,University of Otago,http://www.cs.otago.ac.nz/staff/Steven_Mills,lfySPjwAAAAJ,0000-0002-4933-7777
Steven J. Murdoch,University College London,http://sec.cs.ucl.ac.uk/users/smurdoch,vlPUYJEAAAAJ,0000-0002-8744-1575
Steven J. Ramsay,University of Bristol,http://www.bristol.ac.uk/engineering/departments/computerscience/people/steven-j-ramsay,mxxKCzcAAAAJ,0000-0002-0825-8386
Steven J. Zeil,Old Dominion University,http://www.cs.odu.edu/~zeil,bvG6mWkAAAAJ,0000-0000-0000-0000
Steven J. Zilora,Rochester Inst. of Technology,http://ist.rit.edu/~sjz,NOSCHOLARPAGE,0000-0000-0000-0000
Steven K. Feiner,Columbia University,http://www.cs.columbia.edu/~feiner,PogsVkYAAAAJ,0000-0000-0000-0000
Steven Kelk,Maastricht University,http://skelk.sdf-eu.org,Eoays_KFyQsC,0000-0000-0000-0000
Steven L. Franconeri,Northwestern University,https://psychology.northwestern.edu/people/faculty/core/profiles/steven-franconeri.html,SSSCmfoAAAAJ,0000-0001-5244-9764
Steven L. Lytinen,DePaul University,http://condor.depaul.edu/slytinen/papers/WS505SmithT.pdf,NOSCHOLARPAGE,0000-0000-0000-0000
Steven L. Salzberg,Johns Hopkins University,https://salzberg-lab.org,sUVeH-4AAAAJ,0000-0002-8859-7432
Steven L. Tanimoto,University of Washington,http://www.cs.washington.edu/people/faculty/tanimoto,NOSCHOLARPAGE,0000-0000-0000-0000
Steven Latré,University of Antwerp,https://www.uantwerpen.be/en/staff/steven-latre,gY1AtYAAAAAJ,0000-0000-0000-0000
Steven Lumetta,Univ. of Illinois at Urbana-Champaign,https://www.ece.illinois.edu/directory/profile/lumetta,NOSCHOLARPAGE,0000-0000-0000-0000
Steven M. Carr 0001,Western Michigan University,https://wmich.edu/cs/directory/carr,NOSCHOLARPAGE,0000-0000-0000-0000
Steven M. Conolly,Univ. of California - Berkeley,https://www2.eecs.berkeley.edu/Faculty/Homepages/sconolly.html,DVnrB-4AAAAJ,0000-0000-0000-0000
Steven M. Kelk,Maastricht University,http://skelk.sdf-eu.org,Eoays_KFyQsC,0000-0000-0000-0000
Steven M. Seitz,University of Washington,http://cs.washington.edu/homes/seitz,-6cOYcYAAAAJ,0009-0000-4214-4078
Steven Mills,University of Otago,http://www.cs.otago.ac.nz/staff/Steven_Mills,lfySPjwAAAAJ,0000-0002-4933-7777
Steven Minsker,Univ. of Arkansas - Little Rock,https://ualr.edu/computerscience/about/faculty-and-staff/steven-minsker,NOSCHOLARPAGE,0000-0000-0000-0000
Steven P. Dow,Univ. of California - San Diego,http://spdow.ucsd.edu,ywTbDsQAAAAJ,0000-0002-1354-9866
Steven Pemberton,CWI,http://homepages.cwi.nl/~steven,NOSCHOLARPAGE,0000-0000-0000-0000
Steven R. Bagley,University of Nottingham,https://www.nottingham.ac.uk/computerscience/people/steven.bagley,8qvcFYcAAAAJ,0000-0000-0000-0000
Steven Ramsay,University of Bristol,http://www.bristol.ac.uk/engineering/departments/computerscience/people/steven-j-ramsay,mxxKCzcAAAAJ,0000-0002-0825-8386
Steven Richard Bagley,University of Nottingham,https://www.nottingham.ac.uk/computerscience/people/steven.bagley,8qvcFYcAAAAJ,0000-0000-0000-0000
Steven Robbins,University of Texas at San Antonio,http://vip.cs.utsa.edu/personnel/srobbins.html,swhcwVkAAAAJ,0000-0000-0000-0000
Steven Rudich,Carnegie Mellon University,http://www.cs.cmu.edu/~rudich,qLuAbhMAAAAJ,0000-0000-0000-0000
Steven S. Beauchemin,Western University,http://www.csd.uwo.ca/~beau,NOSCHOLARPAGE,0000-0000-0000-0000
Steven S. Lumetta,Univ. of Illinois at Urbana-Champaign,https://www.ece.illinois.edu/directory/profile/lumetta,NOSCHOLARPAGE,0000-0000-0000-0000
Steven Salzberg,Johns Hopkins University,https://engineering.jhu.edu/faculty/steven-salzberg,sUVeH-4AAAAJ,0000-0002-8859-7432
Steven Sam,Brunel University London,https://www.brunel.ac.uk/people/steven-sam,xqumGLQAAAAJ,0000-0000-0000-0000
Steven Schockaert,Cardiff University,https://www.cardiff.ac.uk/people/view/133772-schockaert-steven,hNCN09AAAAAJ,0000-0002-9256-2881
Steven Skiena,Stony Brook University,http://www.cs.stonybrook.edu/~skiena,fnE2dSoAAAAJ,0000-0003-0397-7514
Steven Swanson,Univ. of California - San Diego,http://cseweb.ucsd.edu/~swanson,Ly1WbocAAAAJ,0000-0002-5896-1037
Steven T. Flammia,Virginia Tech,https://phys.vt.edu/people/faculty/steven-flammia.html,7GvCGdoAAAAJ,0000-0000-0000-0000
Steven Terrell,Nova Southeastern University,https://cec.nova.edu/faculty/terrell.html,UBSC-3UAAAAJ,0000-0000-0000-0000
Steven W. Zucker,Yale University,http://www.cs.yale.edu/~vision/zucker/steve.html,rNTIQXYAAAAJ,0000-0000-0000-0000
Steven Whang,KAIST,http://stevenwhang.com,w6hts30AAAAJ,0000-0000-0000-0000
Steven Wu 0001,Carnegie Mellon University,https://zstevenwu.com,MbF6rTEAAAAJ,0000-0002-8125-8227
Steven Y. Ko,Simon Fraser University,https://www.sfu.ca/computing/people/faculty/steven-ko.html,SsRxrX4AAAAJ,0000-0003-3771-0156
Steven Z. Wu,University of Minnesota,https://www-users.cs.umn.edu/~zsw,MbF6rTEAAAAJ,0000-0000-0000-0000
Stevie Chancellor,University of Minnesota,http://steviechancellor.com,Q_rTsewAAAAJ,0000-0003-0620-0903
Stian Soiland-Reyes,University of Manchester,https://s11.no,OeBjonkAAAAJ,0000-0000-0000-0000
Stig Høgh,DTU,https://www.compute.dtu.dk/english,NOSCHOLARPAGE,0000-0000-0000-0000
Stijn Volckaert,KU Leuven,https://stijn-volckaert.github.io/personal,WH8iZWAAAAAJ,0000-0001-5594-7742
Stjepan Picek,TU Delft,https://www.tudelft.nl/en/staff/s.picek,C1enS8IAAAAJ,0000-0001-7509-4337
Stratis Ioannidis,Northeastern University,https://ece.northeastern.edu/fac-ece/ioannidis,GPIB5kUAAAAJ,0000-0001-8355-4751
Stratis Skoulakis,Aarhus University,https://www.au.dk/stratis@cs.au.dk,Juo2Tk8AAAAJ,0000-0003-3419-1776
Stratos Idreos,Harvard University,http://stratos.seas.harvard.edu,rg6Bl5YAAAAJ,0000-0002-8271-9187
Stuart A. Kurtz,University of Chicago,http://people.cs.uchicago.edu/~stuart,VvszaMQAAAAJ,0000-0000-0000-0000
Stuart Anderson,University of Edinburgh,https://www.inf.ed.ac.uk/people/staff/Stuart_Anderson.html,qAaJr0oAAAAJ,0000-0000-0000-0000
Stuart Crozier,University of Queensland,http://www.itee.uq.edu.au/bme/Crozier,vvCuidoAAAAJ,0000-0000-0000-0000
Stuart D. Walker,University of Essex,https://www.essex.ac.uk/people/walke72201/stuart-walker,etJByJ8AAAAJ,0000-0000-0000-0000
Stuart J. Russell,Univ. of California - Berkeley,http://www.cs.berkeley.edu/~russell,KJGrjCAAAAAJ,0000-0000-0000-0000
Stuart M. Allen,Cardiff University,https://www.cardiff.ac.uk/people/view/78682-allen-stuart,dHKSFRsAAAAJ,0000-0003-1776-7489
Stuart M. Shieber,Harvard University,http://www.eecs.harvard.edu/shieber,oq8WAwsAAAAJ,0000-0000-0000-0000
Stuart Marshall,Victoria University of Wellington,http://ecs.victoria.ac.nz/Main/StuartMarshall,zX12BVcAAAAJ,0000-0000-0000-0000
Stuart Reeves,University of Nottingham,https://www.nottingham.ac.uk/computerscience/people/stuart.reeves,nxEDBWgAAAAJ,0000-0001-7145-3320
Stuart Russell 0001,Univ. of California - Berkeley,http://www.cs.berkeley.edu/~russell,KJGrjCAAAAAJ,0000-0000-0000-0000
Stuart Thomason,University of Liverpool,https://www.liverpool.ac.uk/computer-science/staff/stuart-thomason,NOSCHOLARPAGE,0000-0000-0000-0000
Stuart Walker 0001,University of Essex,https://www.essex.ac.uk/people/walke72201/stuart-walker,etJByJ8AAAAJ,0000-0000-0000-0000
Stylianos Asteriadis,Maastricht University,https://dke.maastrichtuniversity.nl/stelios.asteriadis,MzZME8sAAAAJ,0000-0000-0000-0000
Stylianos D. Assimonis,Queen's University Belfast,https://www.qub.ac.uk/schools/eeecs/Connect/Staff/BusinessCard/?name=s.assimonis,VM41-X0AAAAJ,0000-0000-0000-0000
Stylianos Loukas Vasileiou,New Mexico State University,https://thestlucas.com,nL7mNGQAAAAJ,0000-0000-0000-0000
Stéphan Thomassé,Ecole Normale Superieure de Lyon,http://perso.ens-lyon.fr/stephan.thomasse,NOSCHOLARPAGE,0000-0002-7090-1790
Stéphane Airiau,Université Paris Dauphine,https://www.lamsade.dauphine.fr/~airiau,CJ8P8sQAAAAJ,0000-0003-4669-7619
Stéphane Bressan,National University of Singapore,https://www.comp.nus.edu.sg/~steph,NOSCHOLARPAGE,0000-0001-5536-3296
Stéphane Demri,Ecole Normale Superieure de Cachan,http://www.lsv.ens-cachan.fr/~demri,NOSCHOLARPAGE,0000-0000-0000-0000
Stéphane Deny,Aalto University,https://research.aalto.fi/en/persons/stephane-deny,Z3jU6mQAAAAJ,0000-0000-0000-0000
Stéphane Ducasse,CRIStAL,http://stephane.ducasse.free.fr,7fHNqtoAAAAJ,0000-0000-0000-0000
Stéphane Huot,CRIStAL,https://www.cristal.univ-lille.fr/profil/huot,hSznLJ8AAAAJ,0000-0003-2300-0815
Stéphane Janot,CRIStAL,https://www.cristal.univ-lille.fr/profil/janot,NOSCHOLARPAGE,0000-0000-0000-0000
Stéphane Julia,UFU,http://www.ppgco.facom.ufu.br/pt-br/pessoas/stephane-julia,NOSCHOLARPAGE,0000-0000-0000-0000
Stéphane Lafortune,University of Michigan,https://wiki.eecs.umich.edu/stephane/index.php/St%C3%A9phane_Lafortune,5wgTi1AAAAAJ,0000-0002-7526-6642
Stéphane Mallat,Ecole Normale Superieure,https://www.di.ens.fr/~mallat,g_YTmSgAAAAJ,0000-0000-0000-0000
Stéphane S. Somé,University of Ottawa,http://www.site.uottawa.ca/~ssome,gZvSWooAAAAJ,0000-0000-0000-0000
Stéphane Sotèg Somé,University of Ottawa,http://www.site.uottawa.ca/~ssome,gZvSWooAAAAJ,0000-0000-0000-0000
Stéphanie Delaune,Ecole Normale Superieure de Cachan,http://www.lsv.ens-cachan.fr/~delaune,ktzXIEEAAAAJ,0000-0000-0000-0000
Su White,University of Southampton,https://www.ecs.soton.ac.uk/people/su,fh2HSVcAAAAJ,0000-0000-0000-0000
Su Yang 0001,Fudan University,http://homepage.fudan.edu.cn/suyang,NOSCHOLARPAGE,0000-0000-0000-0000
Su-In Lee,University of Washington,http://suinlee.cs.washington.edu,3ifikJ0AAAAJ,0000-0000-0000-0000
SuKyoung Lee,Yonsei University,http://winet.yonsei.ac.kr/home/professor,NOSCHOLARPAGE,0000-0002-3497-3295
Suat Ozdemir,Hacettepe University,https://web.cs.hacettepe.edu.tr/~ozdemir,2x5qoTkAAAAJ,0000-0000-0000-0000
Suat Özdemir,Hacettepe University,https://web.cs.hacettepe.edu.tr/~ozdemir,2x5qoTkAAAAJ,0000-0000-0000-0000
Subash Shankar,CUNY,http://www.cs.hunter.cuny.edu/~sshankar,NOSCHOLARPAGE,0000-0000-0000-0000
Subashish Datta,IIT Mandi,https://www.facebook.com/subashish.datta,dyRc_BIAAAAJ,0000-0000-0000-0000
Subbarao Kambhampati,Arizona State University,http://rakaposhi.eas.asu.edu,yl3L07sAAAAJ,0000-0000-0000-0000
Subbayyan Venkatesan,University of Texas at Dallas,https://www.utdallas.edu/~venky,l80_pjYAAAAJ,0000-0000-0000-0000
Subhabrata Samajder,IIIT Delhi,https://www.iiitd.ac.in/subhabrata,FoJNBQYAAAAJ,0000-0000-0000-0000
Subhadeep Sarkar,Brandeis University,https://scholarworks.brandeis.edu/esploro/profile/subhadeep_sarkar,lKxl5G4AAAAJ,0000-0001-5356-203X
Subhadip Basu,Jadavpur University,http://jaduniv.edu.in/profile.php?uid=683,IfMtyuYAAAAJ,0000-0000-0000-0000
Subhajit Roy 0001,IIT Kanpur,http://www.cse.iitk.ac.in/users/subhajit,FIiF03AAAAAJ,0000-0002-3394-023X
Subhajit Sen,IIIT Bangalore,http://www.iiitb.ac.in/faculty_page.php?name=SubajitSen,uPa54XcAAAAJ,0000-0000-0000-0000
Subhajit Sidhanta,IIT Bhilai,https://sites.google.com/iitbhilai.ac.in/subhajit/home,DshDwzEAAAAJ,0000-0000-0000-0000
Subhamoy Maitra,ISI Kolkata,https://www.isical.ac.in/~subho,PEDk2XQAAAAJ,0000-0002-8348-7971
Subhankar Mishra,NISER,https://www.niser.ac.in/~smishra,FICz_ukAAAAJ,0000-0000-0000-0000
Subhanshu Gupta,Washington State University,https://sites.google.com/site/researcheecswsusubhanshu/home,GNhTWHoAAAAJ,0000-0000-0000-0000
Subhas C. Mukhopadhyay,Massey University,http://www.massey.ac.nz/massey/expertise/profile.cfm?stref=265530,fsu2yL8AAAAJ,0000-0000-0000-0000
Subhas C. Nandy,ISI Kolkata,https://www.isical.ac.in/~nandysc,8v3wjowAAAAJ,0000-0000-0000-0000
Subhas Chandra Mukhopadhyay,Massey University,http://www.massey.ac.nz/massey/expertise/profile.cfm?stref=265530,fsu2yL8AAAAJ,0000-0000-0000-0000
Subhas Mukhopadhyay,Massey University,http://www.massey.ac.nz/massey/expertise/profile.cfm?stref=265530,fsu2yL8AAAAJ,0000-0002-8600-5907
Subhash Khot,New York University,http://www.cs.nyu.edu/~khot,NOSCHOLARPAGE,0009-0007-9246-4011
Subhash Suri,Univ. of California - Santa Barbara,https://www.cs.ucsb.edu/~suri,VgrH9A8AAAAJ,0000-0000-0000-0000
Subhasis Bhattacharjee,IIT Jammu,https://www.iitjammu.ac.in/computer_science_engineering/faculty-list/~subhasisbhattacharjee,1ADbjlUAAAAJ,0000-0002-3015-3388
Subhasis Ray,Plaksha University,https://plaksha.edu.in/faculty-details/dr-subhasis-ray,V7pOJVgAAAAJ,0000-0000-0000-0000
Subhasish Mazumdar,New Mexico Tech,https://nmt.edu/academics/compsci/faculty/smazumdar.php,NOSCHOLARPAGE,0000-0000-0000-0000
Subhasish Mitra,Stanford University,https://web.stanford.edu/~subh,SCdhzWoAAAAJ,0000-0002-5572-5194
Subhransu Maji,Univ. of Massachusetts Amherst,http://people.cs.umass.edu/~smaji,l7Qx0zAAAAAJ,0000-0002-3869-9334
Subidh Ali,IIT Bhilai,https://www.iitbhilai.ac.in/index.php?pid=subidh,BdDCoeEAAAAJ,0000-0000-0000-0000
Subodh Kumar 0001,IIT Delhi,http://www.cse.iitd.ac.in/~subodh,NOSCHOLARPAGE,0000-0000-0000-0000
Subodh Sharma 0001,IIT Delhi,http://www.cse.iitd.ernet.in/~svs,Xas65uoAAAAJ,0000-0003-3069-3744
Subodh Vishnu Sharma,IIT Delhi,http://www.cse.iitd.ernet.in/~svs,Xas65uoAAAAJ,0000-0000-0000-0000
Subra Suresh,Carnegie Mellon University,http://www.cmu.edu/leadership/president-suresh/bio,NOSCHOLARPAGE,0000-0000-0000-0000
Subrahmanyam Kalyanasundaram,IIT Hyderabad,https://www.iith.ac.in/~subruk,NOSCHOLARPAGE,0000-0000-0000-0000
Subramanian Ramamoorthy,University of Edinburgh,http://homepages.inf.ed.ac.uk/sramamoo,K_v3RvMAAAAJ,0000-0000-0000-0000
Subrata Acharya,Towson University,https://www.towson.edu/fcsm/departments/computerinfosci/facultystaff/sacharya.html,SswwbDoAAAAJ,0000-0000-0000-0000
Subrata Dasgupta,Univ. of Louisiana - Lafayette,https://louisiana.edu/about-us/administration-offices/centers-programs,NOSCHOLARPAGE,0000-0000-0000-0000
Subrota K. Mondal,MUST,https://fie.must.edu.mo/id-1444/person/view/id-441.html,tLKruz8AAAAJ,0000-0000-0000-0000
Sucha Supittayapornpong,VISTEC,https://vistec.ist/faculty-member/sucha,NOSCHOLARPAGE,0000-0000-0000-0000
Suchada Siripant,Chulalongkorn University,http://pioneer.netserv.chula.ac.th/~ssuchada,NOSCHOLARPAGE,0000-0000-0000-0000
Suchendra M. Bhandarkar,University of Georgia,http://cobweb.cs.uga.edu/~suchi,WjrtwJgAAAAJ,0000-0000-0000-0000
Sucheta Soundarajan,Syracuse University,http://eng-cs.syr.edu/our-departments/electrical-engineering-and-computer-science/people/faculty,Li0F9VAAAAAJ,0000-0000-0000-0000
Suchetana Chakraborty,IIT Jodhpur,http://home.iitj.ac.in/~suchetana,sLnKodYAAAAJ,0000-0000-0000-0000
Suchi Kumari,Shiv Nadar University,https://www.snu.edu.in/schools/school-of-engineering/faculty/suchi-kumari,x1f7bxoAAAAJ,0000-0000-0000-0000
Suchi Saria,Johns Hopkins University,https://suchisaria.jhu.edu,FZLHMv8AAAAJ,0000-0000-0000-0000
Sudakshina Dutta,IIT Goa,https://www.iitgoa.ac.in/~sudakshina,sijfhHoAAAAJ,0000-0000-0000-0000
Sudarshan Chawathe,University of Maine,https://umaine.edu/scis/faculty-and-staff/sudarshan-s-chawathe,NOSCHOLARPAGE,0000-0000-0000-0000
Sudarshan Iyengar,IIT Ropar,http://sudarshaniyengar.com,NOSCHOLARPAGE,0000-0000-0000-0000
Sudarshan K. Dhall,University of Oklahoma,http://www.ou.edu/coe/cs/people/dhall,NOSCHOLARPAGE,0000-0000-0000-0000
Sudarsun Kannan,Rutgers University,https://www.cs.rutgers.edu/~sk2113,rNfpty8AAAAJ,0000-0003-4009-8586
Sudebkumar Prasant Pal,IIT Kharagpur,http://www.facweb.iitkgp.ac.in/~spp,NOSCHOLARPAGE,0000-0000-0000-0000
Sudeep Pasricha,Colorado State University,https://www.engr.colostate.edu/~sudeep,FbvyZz4AAAAJ,0000-0002-0846-0066
Sudeep Sarkar,University of South Florida,http://www.cse.usf.edu/~sarkar,xX2D9FQAAAAJ,0000-0001-7332-4207
Sudeepa Roy 0001,Duke University,https://users.cs.duke.edu/~sudeepa,vzfO5TwAAAAJ,0009-0002-8300-7891
Sudeept Mohan,BITS Pilani,http://universe.bits-pilani.ac.in/pilani/sudeeptm/profile,PlSyV6AAAAAJ,0000-0000-0000-0000
Sudeshna Kolay,IIT Kharagpur,https://cse.iitkgp.ac.in/~skolay,TIz3qpUAAAAJ,0000-0000-0000-0000
Sudeshna Sarkar,IIT Kharagpur,http://www.facweb.iitkgp.ac.in/~sudeshna,AwP_bbsAAAAJ,0000-0003-3439-4282
Sudha Ram,University of Arizona,https://mis.eller.arizona.edu/people/sudha-ram,cxxGur8AAAAJ,0000-0000-0000-0000
Sudhakar Ganti,University of Victoria,http://webhome.cs.uvic.ca/~sganti,NIhjhnEAAAAJ,0000-0000-0000-0000
Sudhanshu Kumar Semwal,UCCS,http://cs.uccs.edu/~semwal/semwal.html,NOSCHOLARPAGE,0000-0000-0000-0000
Sudhir Aggarwal,Florida State University,http://www.cs.fsu.edu/~sudhir,ivzz1G4AAAAJ,0000-0000-0000-0000
Sudhir P. Mudur,Concordia University,http://www.concordia.ca/encs/computer-science-software-engineering/faculty/sudhir-mudur.html,WRRMYZgAAAAJ,0000-0000-0000-0000
Sudip Kumar Naskar,Jadavpur University,https://sites.google.com/site/sudipnaskar,RMJLRiIAAAAJ,0000-0000-0000-0000
Sudip Misra,IIT Kharagpur,http://cse.iitkgp.ac.in/~smisra,h33l-A8AAAAJ,0000-0000-0000-0000
Sudip Roy 0001,IIT Roorkee,http://www.iitr.ac.in/departments/CSE/pages/People+Sudip_Roy.html,UBfH3WQAAAAJ,0000-0001-7873-3069
Sudipan Saha,IIT Delhi,https://web.iitd.ac.in/~sahasudipan,C1_Ukv4AAAAJ,0000-0000-0000-0000
Sudipta Chattopadhyay 0001,SUTD,http://sudiptac.bitbucket.io,ngOBIzAAAAAJ,0000-0002-4843-5391
Sudipta Saha,IIT Bhubaneswar,http://www.iitbbs.ac.in/old/profile.php/sudipta,UyHoypnIjMYC,0000-0000-0000-0000
Sudipto Ghosh 0001,Colorado State University,http://www.cs.colostate.edu/~ghosh,I5zd7t0AAAAJ,0000-0001-6000-9646
Sue B. Moon,KAIST,http://an.kaist.ac.kr/~sbmoon,d5u7NnAAAAAJ,0000-0002-5692-1111
Sue Black 0001,Durham University,https://www.dur.ac.uk/computer.science/staff/profile/?id=17774,wpkjKkgAAAAJ,0000-0000-0000-0000
Sue Foster,Monash University,http://monash.edu/research/explore/en/persons/susan-foster(3fa0fa7c-eac6-49e5-b87b-203182935545).html,v7seeT0AAAAJ,0000-0000-0000-0000
Sue McKemmish,Monash University,http://www.infotech.monash.edu.au/research/groups/rcrg/mckemmish.html,_6Z1s5kAAAAJ,0000-0000-0000-0000
Sue Moon,KAIST,http://an.kaist.ac.kr/~sbmoon,d5u7NnAAAAAJ,0000-0002-5692-1111
Suely Oliveira,University of Iowa,https://www.cs.uiowa.edu/~oliveira,eDMCSJwAAAAJ,0000-0003-4987-5353
Suganya Devi K,National Inst. of Tech. Silchar,http://cs.nits.ac.in/suganya,AdtGcxoAAAAJ,0000-0000-0000-0000
Sugata Gangopadhyay,IIT Roorkee,http://www.iitr.ac.in/departments/CSE/pages/Home+Departments_and_Centres+Mathematics+People+Faculty+Gangopadhyay_Sugata.html,J7_k8JEAAAAJ,0000-0000-0000-0000
Sugih Jamin,University of Michigan,http://web.eecs.umich.edu/~sugih,NOSCHOLARPAGE,0000-0000-0000-0000
Suguman Bansal,Georgia Institute of Technology,https://suguman.github.io,bd9Rk1MAAAAJ,0000-0002-0405-073X
Suha Kwak,POSTECH,http://cvlab.postech.ac.kr/~suhakwak,-gscDIEAAAAJ,0000-0002-4567-9091
Suhaib A. Fahmy,KAUST,https://cemse.kaust.edu.sa/accl/people/person/suhaib-fahmy,88wtbPwAAAAJ,0000-0003-0568-5048
Suhang Wang,Pennsylvania State University,https://faculty.ist.psu.edu/szw494,cdT_WMMAAAAJ,0000-0003-3448-4878
Sui-Tung Mak,University of Southampton,https://www.ecs.soton.ac.uk/people/tsm3g15,TdSU6G8AAAAJ,0000-0000-0000-0000
Suining He,University of Connecticut,http://hesuining.weebly.com,3OlOXn4AAAAJ,0000-0003-1913-6808
Sujata Pal,IIT Ropar,http://www.iitrpr.ac.in/cse/sujata,9gcmeKwAAAAJ,0000-0001-6652-9669
Sujay Deb,IIIT Delhi,https://www.iiitd.ac.in/sdeb,e3z7tT0AAAAJ,0000-0002-6247-8718
Sujaya Maiyya,University of Waterloo,https://cs.uwaterloo.ca/~smaiyya,9pZLKbgAAAAJ,0009-0003-1341-0252
Sujeet Shenoi,University of Tulsa,https://faculty.utulsa.edu/faculty/sujeet-shenoi,NOSCHOLARPAGE,0000-0000-0000-0000
Sujian Li,Peking University,http://icl.pku.edu.cn/members/lisujian/default.htm,RvBDhSwAAAAJ,0000-0000-0000-0000
Sujit Chakrabarti,IIIT Bangalore,http://www.iiitb.ac.in/faculty_page.php?name=SujitKumarChakrabarti,NOSCHOLARPAGE,0000-0000-0000-0000
Sujit Das,National Inst. of Tech. Warangal,https://wsdc.nitw.ac.in/facultynew/facultyprofile/id/16932,kTriBqkAAAAJ,0000-0000-0000-0000
Sujit Gujar,IIIT Hyderabad,https://www.iiit.ac.in/people/faculty/sujit.g,9yxKajsAAAAJ,0000-0003-4634-7862
Sujit Kumar Chakrabarti,IIIT Bangalore,http://www.iiitb.ac.in/faculty_page.php?name=SujitKumarChakrabarti,NOSCHOLARPAGE,0000-0000-0000-0000
Sujith Thomas,BITS Pilani-Goa,https://www.bits-pilani.ac.in/goa/sujitht/profile,rGAO0sUAAAAJ,0000-0000-0000-0000
Sujoy Bhore,IIT Bombay,https://sites.google.com/view/homepage-of-sujoy-bhore/home,94KJ_A0AAAAJ,0000-0000-0000-0000
Sujoy Datta,KIIT Bhubaneswar,https://cse.kiit.ac.in/profiles/sujoy-datta,ijFM7XMAAAAJ,0000-0000-0000-0000
Sujoy Ghose,IIT Kharagpur,http://www.myopencourses.com/profile/prof-sujoy-ghosh,swQD_vgAAAAJ,0000-0000-0000-0000
Sujoy Sikdar,Binghamton University,https://www.binghamton.edu/computer-science/contact/profile.html?id=ssikdar,OmZaKTEAAAAJ,0000-0003-4742-812X
Sujoy Sinha Roy,Graz University of Technology,https://www.iaik.tugraz.at/person/sujoy-sinha-roy,58_wa_4AAAAJ,0000-0002-9805-5389
Sukhamay Kundu,Louisiana State University,https://www.lsu.edu/eng/cse/people/faculty/kundu.php,NOSCHOLARPAGE,0000-0000-0000-0000
Sukhendu Das,IIT Madras,http://www.cse.iitm.ac.in/~sdas,nqDmEHUAAAAJ,0000-0000-0000-0000
Sukhvinder Hara,Middlesex University,https://www.mdx.ac.uk/about-us/our-people/staff-directory/profile/hara-sukhvinder,NOSCHOLARPAGE,0000-0000-0000-0000
Sukhvinder K. Hara,Middlesex University,https://www.mdx.ac.uk/about-us/our-people/staff-directory/profile/hara-sukhvinder,NOSCHOLARPAGE,0000-0000-0000-0000
Sukomal Pal,IIT (BHU) Varanasi,http://www.iitbhu.ac.in/cse/index.php/people/faculty/40.html,Tn9_Ma4AAAAJ,0000-0000-0000-0000
Sukumar Ghosh,University of Iowa,https://www.cs.uiowa.edu/~ghosh,LCVf0lcAAAAJ,0000-0000-0000-0000
Sukumar Kamalasadan,UNC - Charlotte,https://ece.charlotte.edu/directory/dr-sukumar-kamalasadan-phd,4TGyvY8AAAAJ,0000-0000-0000-0000
Sukumar Nandi,IIT Guwahati,https://www.iitg.ernet.in/sukumar,ChtruacAAAAJ,0000-0002-5869-1057
Sukyoung Lee,Yonsei University,http://winet.yonsei.ac.kr/home/professor,NOSCHOLARPAGE,0000-0002-3497-3295
Sukyoung Ryu,KAIST,http://plrg.kaist.ac.kr/ryu,c98U5D0AAAAJ,0000-0002-0019-9772
Sulamita Klein,UFRJ,http://www.cos.ufrj.br/index.php/pt-BR/pessoas/details/18/1054-sula,r4ZrGiIAAAAJ,0000-0000-0000-0000
Sule Gündüz,Istanbul Technical University,http://web.itu.edu.tr/sgunduz,E5OlkJMAAAAJ,0000-0000-0000-0000
Sule Gündüz Ögüdücü,Istanbul Technical University,http://web.itu.edu.tr/sgunduz,E5OlkJMAAAAJ,0000-0000-0000-0000
Sule Ögüdücü,Istanbul Technical University,http://web.itu.edu.tr/sgunduz,E5OlkJMAAAAJ,0000-0000-0000-0000
Suleman Shahid,LUMS,https://lums.edu.pk/lums_employee/4407,NOSCHOLARPAGE,0000-0000-0000-0000
Suleyman Tosun,Hacettepe University,https://web.cs.hacettepe.edu.tr/~stosun,IiZP05YAAAAJ,0000-0000-0000-0000
Suman Banerjee 0001,University of Wisconsin - Madison,http://pages.cs.wisc.edu/~suman,cLb-v7gAAAAJ,0000-0002-5548-8862
Suman Banerjee 0002,IIT Jammu,https://www.iitjammu.ac.in/computer_science_engineering/faculty-list/~sumanbanerjee,mUpLGpsAAAAJ,0000-0000-0000-0000
Suman Jana,Columbia University,http://sumanj.info,SDY9FwUAAAAJ,0000-0003-3518-4877
Suman K. Mitra,DAIICT,http://faculty.daiict.ac.in/suman-mitra,9SLisUQAAAAJ,0000-0000-0000-0000
Suman Kalyan Maity,Missouri S&T,https://sites.mst.edu/smaity,5YNCBU0AAAAJ,0000-0001-5832-7936
Suman Kumar Maji,IIT Patna,https://iitp.ac.in/index.php/departments/engineering/computer-science-a-engineering/people/faculty/1450-dr-suman-kumar-maji.html,bB2_Ug8AAAAJ,0000-0000-0000-0000
Suman Kundu,IIT Jodhpur,https://sumankundu.info,2h2t9cEAAAAJ,0000-0002-7856-4768
Suman Maity,Missouri S&T,https://sites.mst.edu/smaity,5YNCBU0AAAAJ,0000-0000-0000-0000
Sumana Ghosh,ISI Kolkata,https://mail.isical.ac.in/~sumana,vbvWDFUAAAAJ,0000-0002-5999-3313
Sumanta N. Pattanaik,University of Central Florida,http://www.cs.ucf.edu/~sumant,e2tGEjUAAAAJ,0000-0000-0000-0000
Sumanto Dutta,KIIT Bhubaneswar,https://ksca.kiit.ac.in/profiles/sumanto-dutta,6C9KLzUAAAAJ,0000-0000-0000-0000
Sumaya Ali S. A. Al-Máadeed,Qatar University,http://www.qu.edu.qa/engineering/computer/faculty/somaya.php,NOSCHOLARPAGE,0000-0000-0000-0000
Sumaya Almaadeed,Qatar University,http://www.qu.edu.qa/engineering/computer/faculty/somaya.php,NOSCHOLARPAGE,0000-0000-0000-0000
Sumeet Agarwal,IIT Delhi,https://web.iitd.ac.in/~sumeet,vEsSCZsAAAAJ,0000-0002-5714-3921
Sumeet Dua,Louisiana Tech University,http://dmrl.latech.edu,NOSCHOLARPAGE,0000-0000-0000-0000
Sumeet Khatri,Virginia Tech,https://phys.vt.edu/people/faculty/sumeet-khatri.html,tl_fT1AAAAAJ,0000-0000-0000-0000
Sumegha Garg,Rutgers University,https://sites.google.com/view/sumegha-garg/home,0KvXR0AAAAAJ,0000-0002-8069-6655
Sumi Helal,University of Florida,http://www.cise.ufl.edu/~helal,NOSCHOLARPAGE,0000-0001-5451-4398
Sumio Watanabe,Tokyo Institute of Technology,http://watanabe-www.math.dis.titech.ac.jp/users/swatanab,_KUAdxcAAAAJ,0000-0001-8341-5639
Sumit Chopra,New York University,http://www.spchopra.org,ETU-ePAAAAAJ,0000-0000-0000-0000
Sumit Ganguly,IIT Kanpur,http://www.cse.iitk.ac.in/users/sganguly,NOSCHOLARPAGE,0000-0000-0000-0000
Sumit K. Mandal,IISc Bangalore,https://www.csa.iisc.ac.in/~skmandal,JBTEirYAAAAJ,0000-0002-9294-1603
Sumit K. Pandey,IIT Jammu,https://www.iitjammu.ac.in/computer_science_engineering/faculty-list/~sumitkpandey,NOSCHOLARPAGE,0000-0000-0000-0000
Sumit Kalra,IIT Jodhpur,http://home.iitj.ac.in/~sumitk,Uqmo9kIAAAAJ,0000-0000-0000-0000
Sumit Kumar Jha,University of Florida,https://cise.ufl.edu/~sumit.jha,3kJbs98AAAAJ,0000-0000-0000-0000
Sumita Mishra,Rochester Inst. of Technology,http://csec.rit.edu/~smishra,WdVZoP4AAAAJ,0000-0002-7093-631X
Sumitra M. Mukherjee,Nova Southeastern University,https://cec.nova.edu/faculty/mukherjee.html,NOSCHOLARPAGE,0000-0000-0000-0000
Sumitra Mukherjee,Nova Southeastern University,https://cec.nova.edu/faculty/mukherjee.html,NOSCHOLARPAGE,0000-0000-0000-0000
Sumon Biswas,Case Western Reserve University,https://sumonbis.github.io,SD5GRJ4AAAAJ,0000-0001-7074-1953
Sun Kim,Seoul National University,http://biohealth.snu.ac.kr,lI_oWS8AAAAJ,0000-0001-5385-9546
Sun-Teck Tan,National University of Singapore,http://www.comp.nus.edu.sg/about/depts/cs/faculty,NOSCHOLARPAGE,0000-0000-0000-0000
Sun-Yuan Hsieh,National Cheng Kung University,http://www.csie.ncku.edu.tw/ncku_csie/depmember/teacherdetail/id/15,xTcr9DoAAAAJ,0000-0000-0000-0000
Sunbeom So,Korea University,https://ku-formal.github.io,UTug1PgAAAAJ,0009-0000-7005-1928
Suncica Hadzidedic,Durham University,https://www.dur.ac.uk/computer.science/staff/profile/?id=18580,RYJDV5cAAAAJ,0000-0000-0000-0000
Suncica Hadzidedic Bazdarevic,Durham University,https://www.dur.ac.uk/computer.science/staff/profile/?id=18580,RYJDV5cAAAAJ,0000-0000-0000-0000
Sundar Balasubramaniam,BITS Pilani,http://www.bits-pilani.ac.in/pilani/sundarb/profile,2E9w-LgAAAAJ,0000-0000-0000-0000
Sundar Vishwanathan,IIT Bombay,https://www.cse.iitb.ac.in/~sundar,8CK3IY4AAAAJ,0000-0000-0000-0000
Sundaraja Sitharama Iyengar,Florida International University,http://users.cis.fiu.edu/~iyengar,eNONM8AAAAAJ,0000-0000-0000-0000
Sundaresan Raman,BITS Pilani,http://www.bits-pilani.ac.in/pilani/sundaresanraman/profile,NOSCHOLARPAGE,0000-0000-0000-0000
Sune Darkner,University of Copenhagen,http://www.diku.dk/english/staff/?pure=en/persons/383640,Z_bvPmcAAAAJ,0000-0001-6114-7100
Sune Lehmann Jørgensen,DTU,https://www.compute.dtu.dk/english,NOSCHOLARPAGE,0000-0000-0000-0000
Sung Ju Hwang,KAIST,http://www.sungjuhwang.com,RP4Qx3QAAAAJ,0000-0002-9675-2324
Sung Whan Yoon,UNIST,https://sites.google.com/view/swyoon89,6RwONs0AAAAJ,0000-0002-7202-2837
Sung Woo Chung,Korea University,http://smrl.korea.ac.kr/bbs/professor_biographical_sketch.php,njN9VcoAAAAJ,0000-0000-0000-0000
Sung Yang Bang,POSTECH,http://imlab.postech.ac.kr/publications_IC.htm,NOSCHOLARPAGE,0000-0000-0000-0000
Sung-Bae Cho,Yonsei University,http://sclab.yonsei.ac.kr/index.php,px5LGgMAAAAJ,0000-0002-7027-2429
Sung-Bong Yang,Yonsei University,http://algo.yonsei.ac.kr/Member.html,bFAJLcMAAAAJ,0000-0000-0000-0000
Sung-Chul Hong,Towson University,https://www.towson.edu/fcsm/departments/computerinfosci/facultystaff/shong.html,NOSCHOLARPAGE,0000-0000-0000-0000
Sung-Eui Yoon,KAIST,http://sglab.kaist.ac.kr/~sungeui,uLQzQW4AAAAJ,0000-0002-7123-1119
Sung-Gi Min,Korea University,http://hcl.korea.ac.kr/index.php/people,NOSCHOLARPAGE,0000-0000-0000-0000
Sung-Hee Lee,KAIST,http://motionlab.kaist.ac.kr/?page_id=41,AVII4wsAAAAJ,0000-0001-6604-4709
Sung-Ho Kim,Kyungpook National University,http://mmlab.knu.ac.kr,NOSCHOLARPAGE,0000-0000-0000-0000
Sung-Hyon Myaeng,KAIST,http://ir.kaist.ac.kr/member/professor,NOSCHOLARPAGE,0000-0000-0000-0000
Sung-Ju Lee,KAIST,https://cs.kaist.ac.kr/people/view?idx=508&kind=faculty&menu=167,d_DQh8IAAAAJ,0000-0002-5518-2126
Sungahn Ko,UNIST,http://ivader.unist.ac.kr,xkJvgb0AAAAJ,0000-0002-7410-5652
Sungbin Lim,Korea University,https://www.sungbin-lim.net,p8uT5NwAAAAJ,0000-0003-2684-2022
Sungdeok Cha,Korea University,http://dependable.korea.ac.kr/professor,NOSCHOLARPAGE,0000-0000-0000-0000
Sunghee Choi,KAIST,http://gclab.kaist.ac.kr/sunghee.html,JX6jaiUAAAAJ,0000-0000-0000-0000
Sungho Jo,KAIST,http://isnl.kaist.ac.kr,NOSCHOLARPAGE,0000-0002-7618-362X
Sunghoon Ivan Lee,Univ. of Massachusetts Amherst,http://www.sunghoonivanlee.com,NOSCHOLARPAGE,0000-0001-5935-125X
Sunghun Kim 0001,HKUST,https://www.cse.ust.hk/~hunkim,dQM6NLgAAAAJ,0000-0001-8002-2485
Sunghyun Cho,POSTECH,http://scho.pe.kr,JcmBvtUAAAAJ,0000-0001-7627-3513
Sungjae Hwang,Sungkyunkwan University,https://softsec.skku.edu,XXWImdcAAAAJ,0000-0001-5386-2411
Sungjin Ahn,KAIST,http://www.sungjinahn.com,nfHyDeUAAAAJ,0009-0004-9970-9227
Sungjin Im,Univ. of California - Santa Cruz,https://campusdirectory.ucsc.edu/cd_detail?uid=sim9,muR7xmMAAAAJ,0000-0001-5994-7280
Sungjin Lee 0001,POSTECH,https://chamdoo.github.io,2Da8hHAAAAAJ,0000-0002-9753-2286
Sungjoo Yoo,Seoul National University,http://cmalab.snu.ac.kr,__waCuYAAAAJ,0000-0002-5853-0675
Sungjoon Choi,Korea University,https://sites.google.com/view/sungjoon-choi/home,T3-0OQ8AAAAJ,0000-0000-0000-0000
Sungkee Lee,Kyungpook National University,http://devicesw.knu.ac.kr/front,xqEqhtEAAAAJ,0000-0000-0000-0000
Sungkil Lee 0002,Sungkyunkwan University,http://cg.skku.edu/slee,T-MZWXwAAAAJ,0000-0003-0123-9382
Sungmin Hong,Augusta University,https://web2.augusta.edu/faculty/directory/view.php?id=SUHONG,-_HTiLYAAAAJ,0000-0000-0000-0000
Sungroh Yoon,Seoul National University,http://ailab.snu.ac.kr,Bphl_fIAAAAJ,0000-0002-2367-197X
Sungsoo (Ray) Hong,George Mason University,http://www.rayhong.net,D5bxMHYAAAAJ,0000-0001-6050-5404
Sungsoo Ahn,KAIST,https://sites.google.com/view/sungsooahn0215/home,XTenHs0AAAAJ,0000-0000-0000-0000
Sungsoo Ray Hong,George Mason University,http://www.rayhong.net,D5bxMHYAAAAJ,0000-0001-6050-5404
Sungwon Kang,KAIST,https://cs.kaist.ac.kr/people/view?idx=368&kind=faculty&menu=167,agu-mFoAAAAJ,0000-0000-0000-0000
Sungwoo Park,POSTECH,http://pl.postech.ac.kr/~gla,Y91RynEAAAAJ,0009-0008-3927-7935
Sungwoong Kim,Korea University,https://agi.korea.ac.kr,3DSA90AAAAAJ,0000-0002-2676-9454
Sungzoon Cho,Seoul National University,http://dm.snu.ac.kr/ko/people/professor,dEdyEc0AAAAJ,0000-0000-0000-0000
Sunho Lim,Texas Tech University,https://www.depts.ttu.edu/cs/faculty/sunho_lim,FoKKBqAAAAAJ,0000-0000-0000-0000
Sunil Arya,HKUST,https://www.cse.ust.hk/~arya,Azu2w_MAAAAJ,0000-0000-0000-0000
Sunil Easaw Simon,IIT Kanpur,http://www.cse.iitk.ac.in/users/simon,NOSCHOLARPAGE,0000-0000-0000-0000
Sunil Lal,Massey University,https://www.massey.ac.nz/massey/learning/colleges/college-of-sciences/staff-list.cfm?stref=340450,mv_NRaEAAAAJ,0000-0000-0000-0000
Sunil Prabhakar 0001,Purdue University,https://www.cs.purdue.edu/homes/sunil,hQazr50AAAAJ,0000-0002-1224-3849
Sunil Simon,IIT Kanpur,http://www.cse.iitk.ac.in/users/simon,NOSCHOLARPAGE,0000-0000-0000-0000
Sunita Chandrasekaran,University of Delaware,https://www.eecis.udel.edu/~schandra,deLqgtMAAAAJ,0000-0002-3560-9428
Sunita Chauhan,Plaksha University,https://plaksha.edu.in/faculty-details/dr-sunita-chauhan,ZKTBOwYAAAAJ,0000-0000-0000-0000
Sunita Sarawagi,IIT Bombay,https://www.cse.iitb.ac.in/~sunita,Hg4HmTAAAAAJ,0009-0005-9538-6616
Sunjae Lee,Sungkyunkwan University,https://sites.google.com/view/fclab-skku,s24eIDkAAAAJ,0000-0002-2755-5511
Sunny Raj,Oakland University,https://www.profsunnyraj.com,BKmi-YkAAAAJ,0000-0000-0000-0000
Sunoo Park,New York University,https://sunoopark.com,uqMuCP8AAAAJ,0000-0000-0000-0000
Sunyoung Kim,Rutgers University,http://www.sunyoungkim.org,NOSCHOLARPAGE,0000-0000-0000-0000
Suparna De,University of Surrey,https://www.surrey.ac.uk/people/suparna-de,4nEB10MAAAAJ,0000-0001-7439-6077
Supasorn Suwajanakorn,VISTEC,https://www.supasorn.com,DTNZMGAAAAAJ,0000-0000-0000-0000
Suphakant Phimoltares,Chulalongkorn University,https://cop.car.chula.ac.th/%E0%B8%A8%E0%B8%B8,NOSCHOLARPAGE,0000-0000-0000-0000
Suprakash Datta,York University,http://www.cse.yorku.ca/~datta,NOSCHOLARPAGE,0000-0000-0000-0000
Supratik Chakraborty,IIT Bombay,https://www.cse.iitb.ac.in/~supratik,LwG4hd8AAAAJ,0000-0002-7527-7675
Supratik Mukhopadhyay,Louisiana State University,https://www.lsu.edu/eng/cse/people/faculty/mukhopadhyay.php,NOSCHOLARPAGE,0000-0000-0000-0000
Supratim Biswas,IIT Bombay,https://www.cse.iitb.ac.in/~sb,e4CGuD4AAAAJ,0000-0000-0000-0000
Supratim Shit,IIIT Delhi,https://sites.google.com/view/supratims/home,glUl95gAAAAJ,0000-0000-0000-0000
Supreeth Shastri,University of North Texas,https://facultyinfo.unt.edu/faculty-profile?profile=ss4875,NK-M-iMAAAAJ,0000-0000-0000-0000
Suprio Ray,University of New Brunswick,http://www.cs.unb.ca/~sray,fWQrwFkAAAAJ,0000-0000-0000-0000
Suraiya Pervin,University of Dhaka,https://du.ac.bd/body/faculty_details/CSE/1761,NOSCHOLARPAGE,0000-0000-0000-0000
Suraj Shetiya,IIT Bombay,https://www.cse.iitb.ac.in/~surajs,8Nrilj4AAAAJ,0000-0001-9166-2365
Suramate Chalermwisutkul,KMUTNB,https://tggs.kmutnb.ac.th/asst-prof-dr-ing-suramate-chalermwisutkul,O6FAwMgAAAAJ,0000-0000-0000-0000
Surampudi Bapi Raju,IIIT Hyderabad,https://www.iiit.ac.in/people/faculty/rajubapi,bbSYyiAAAAAJ,0000-0000-0000-0000
Suranga Seneviratne,University of Sydney,https://sydney.edu.au/engineering/people/suranga.seneviratne.php,Kk6F5cYAAAAJ,0000-0002-5485-5595
Suranjan Chakraborty,Towson University,https://www.towson.edu/fcsm/departments/computerinfosci/facultystaff/schakraborty.html,IoDHDz8AAAAJ,0000-0000-0000-0000
Surbhi Goel,University of Pennsylvania,https://www.surbhigoel.com,Zqz4CQoAAAAJ,0000-0002-0385-9043
Surender Baswana,IIT Kanpur,http://www.cse.iitk.ac.in/users/sbaswana,U42j5MkAAAAJ,0000-0000-0000-0000
Surendra Byna,Ohio State University,https://sbyna.github.io,EnK8668AAAAJ,0000-0003-3048-3448
Suresh Jagannathan,Purdue University,https://www.cs.purdue.edu/homes/suresh,bqkhX54AAAAJ,0000-0001-6871-2424
Suresh K. Lodha,Univ. of California - Santa Cruz,https://users.soe.ucsc.edu/~lodha,NOSCHOLARPAGE,0000-0000-0000-0000
Suresh Manandhar,University of York,https://www-users.cs.york.ac.uk/~suresh,5iH8GVIAAAAJ,0000-0000-0000-0000
Suresh Neethirajan,Dalhousie University,https://www.dal.ca/faculty/computerscience/faculty-staff/Suresh-Raja-Neethirajan.html,8VZwF0sAAAAJ,0000-0000-0000-0000
Suresh Purini,IIIT Hyderabad,https://www.iiit.ac.in/people/faculty/psuresh,m8_F5SoAAAAJ,0000-0000-0000-0000
Suresh Singh 0001,Portland State University,http://web.cecs.pdx.edu/~singh,-L50fhsAAAAJ,0000-0000-0000-0000
Suresh Venkatasubramanian,Brown University,https://vivo.brown.edu/display/suresh,Z03FLwkAAAAJ,0000-0001-7679-7130
Surjya Ghosh,BITS Pilani-Goa,https://surjya-ghosh.github.io,jwQqy80AAAAJ,0000-0002-0226-0733
Surya P. N. Singh,University of Queensland,http://robotics.itee.uq.edu.au/~spns,GdBpqg4AAAAJ,0000-0000-0000-0000
Surya Prakash 0001,IIT Indore,http://www.iiti.ac.in/~surya,6_PF2KEAAAAJ,0000-0000-0000-0000
Suryadipta Majumdar,Concordia University,https://users.encs.concordia.ca/~majumdar,S4x0by4AAAAJ,0000-0000-0000-0000
Suryakanth V. Gangashetty,IIIT Hyderabad,https://www.iiit.ac.in/people/faculty/svg,U1ofnDgAAAAJ,0000-0000-0000-0000
Sus Lundgren,Chalmers/GU,https://www.chalmers.se/en/staff/Pages/sus-lundgren.aspx,NOSCHOLARPAGE,0000-0000-0000-0000
Sus Lundgren Lyckvi,Chalmers/GU,https://www.chalmers.se/en/staff/Pages/sus-lundgren.aspx,NOSCHOLARPAGE,0000-0000-0000-0000
Sus Lyckvi,Chalmers/GU,https://www.chalmers.se/en/staff/Pages/sus-lundgren.aspx,NOSCHOLARPAGE,0000-0000-0000-0000
Susan A. Mengel,Texas Tech University,https://www.depts.ttu.edu/cs/faculty/susan_a._mengel,SH_ZjnkAAAAJ,0000-0000-0000-0000
Susan A. Murphy,Harvard University,https://www.seas.harvard.edu/directory/samurphy,q-DPFdUAAAAJ,0000-0002-2032-4286
Susan B. Davidson,University of Pennsylvania,http://www.cis.upenn.edu/~susan,LW4lnZYAAAAJ,0009-0003-9259-9662
Susan C. Herring,Indiana University,https://ella.sice.indiana.edu/~herring/index.html,atKhRwEAAAAJ,0000-0000-0000-0000
Susan D. Epstein,CUNY,http://www.cs.hunter.cuny.edu/~epstein,t7wcF4UAAAAJ,0000-0000-0000-0000
Susan E. Bedingfield,Monash University,http://monash.edu/research/explore/en/persons/susan-bedingfield(5687a818-d929-4f21-8355-e0e994c19247).html,6nbmHZkAAAAJ,0000-0000-0000-0000
Susan Eisenbach,Imperial College London,http://www.imperial.ac.uk/people/s.eisenbach,fpMB-WYAAAAJ,0000-0001-9072-6689
Susan Fife Dorchak,LIU Post,http://www.liu.edu/CWPost/Academics/Faculty/Faculty/D/Susan-Fife-Dorchak?rn=Faculty,NOSCHOLARPAGE,0000-0000-0000-0000
Susan Foster,Monash University,http://monash.edu/research/explore/en/persons/susan-foster(3fa0fa7c-eac6-49e5-b87b-203182935545).html,v7seeT0AAAAJ,0000-0000-0000-0000
Susan Gauch,University of Arkansas,http://www.csce.uark.edu/~sgauch,NOSCHOLARPAGE,0000-0000-0000-0000
Susan Herring,Indiana University,https://ella.sice.indiana.edu/~herring/index.html,atKhRwEAAAAJ,0000-0000-0000-0000
Susan Imberman,CUNY,http://www.cs.csi.cuny.edu/~imberman,y3HkhBEAAAAJ,0000-0000-0000-0000
Susan Landau 0001,Tufts University,https://privacyink.org,6emSUYoAAAAJ,0000-0000-0000-0000
Susan Lechelt,University of Edinburgh,http://www.inf.ed.ac.uk/people/staff/Susan_Lechelt.html,KspvfuEAAAAJ,0000-0000-0000-0000
Susan Liu,Stevens Institute of Technology,https://www.cs.stevens.edu/~xliu127,g5W4khgAAAAJ,0000-0000-0000-0000
Susan M. Üsküdarli,Boğaziçi University,http://www.cmpe.boun.edu.tr/~uskudarli,NOSCHOLARPAGE,0000-0000-0000-0000
Susan McRoy,Univ. of Wisconsin - Milwaukee,https://uwm.edu/engineering/people/mcroy-ph-d-susan,NOSCHOLARPAGE,0000-0000-0000-0000
Susan Older,Syracuse University,http://www.cis.syr.edu/~sueo,NOSCHOLARPAGE,0000-0000-0000-0000
Susan P. Williams,University of Koblenz-Landau,https://www.uni-koblenz-landau.de/de/koblenz/fb4/iwvi/ageim/team/susan-williams/susan-williams,JGIx1CMAAAAJ,0000-0000-0000-0000
Susan Stepney,University of York,https://www-users.cs.york.ac.uk/~susan,rD32w_EAAAAJ,0000-0000-0000-0000
Susan V. Vrbsky,The University of Alabama,http://vrbsky.cs.ua.edu,Qt0S18AAAAAJ,0000-0000-0000-0000
Susan Weber McRoy,Univ. of Wisconsin - Milwaukee,https://uwm.edu/engineering/people/mcroy-ph-d-susan,NOSCHOLARPAGE,0000-0000-0000-0000
Susana Ladra,University of A Coruña,https://lbd.udc.es/ShowResearcherInformation.do?id=113,uyCYTT8AAAAJ,0000-0003-4616-0774
Susana Scheimberg,UFRJ,http://www.cos.ufrj.br/index.php/pt-BR/pessoas/details/18/1055-susana,QMT_DrEAAAAJ,0000-0000-0000-0000
Susana Vinga,Universidade de Lisboa,http://web.ist.utl.pt/susanavinga,tqCfgygAAAAJ,0000-0002-1954-5487
Susanna Pelagatti,University of Pisa,http://www.di.unipi.it/~susanna,NOSCHOLARPAGE,0000-0001-8278-546X
Susanne Albers,TU Munich,http://www14.in.tum.de/personen/albers,apxmY1gAAAAJ,0000-0000-0000-0000
Susanne Biundo,University of Ulm,https://www.uni-ulm.de/in/ki/inst/staff/susanne-biundo,H_f_vikAAAAJ,0000-0000-0000-0000
Susanne Biundo-Stephan,University of Ulm,https://www.uni-ulm.de/in/ki/inst/staff/susanne-biundo,H_f_vikAAAAJ,0000-0000-0000-0000
Susanne Boll,University of Oldenburg,https://uol.de/en/susanne-boll,1vsF_kYAAAAJ,0000-0003-4293-1623
Susanne Boll-Westermann,University of Oldenburg,https://uol.de/en/susanne-boll,1vsF_kYAAAAJ,0000-0000-0000-0000
Susanne Bødker,Aarhus University,http://pure.au.dk/portal/en/persons/id(87d4fbb6-b38c-449e-b87d-59f693b7d6f0).html,tO-dGhkAAAAJ,0000-0002-3571-1617
Susanne C. J. Boll,University of Oldenburg,https://uol.de/en/susanne-boll,1vsF_kYAAAAJ,0000-0000-0000-0000
Susanne Krömker,Heidelberg University,https://vngg.iwr.uni-heidelberg.de/People/kroemker,ScUVMiQAAAAJ,0000-0000-0000-0000
Susanne Leist,University of Regensburg,https://www.uni-regensburg.de/informatik-data-science/wi-leist/news/index.html,NOSCHOLARPAGE,0000-0000-0000-0000
Susanne Still,University of Hawaii at Manoa,http://www2.hawaii.edu/~sstill,UmpP5c0AAAAJ,0000-0000-0000-0000
Susanne Wetzel,Stevens Institute of Technology,https://www.stevens.edu/profile/swetzel,9FXvkVEAAAAJ,0000-0000-0000-0000
Sushant Sachdeva,University of Toronto,http://www.cs.toronto.edu/~sachdeva,sb1-HK8AAAAJ,0000-0002-5393-9324
Sushanta Karmakar,IIT Guwahati,https://www.iitg.ernet.in/sushantak,OsTpMV8AAAAJ,0000-0000-0000-0000
Sushil J. Louis,University of Nevada,https://www.cse.unr.edu/~sushil,aHOOYsAAAAAJ,0000-0000-0000-0000
Sushil K. Prasad,University of Texas at San Antonio,http://www.cs.utsa.edu/~sprasad,WdZpkD0AAAAJ,0000-0002-2028-0703
Sushil Prasad,University of Texas at San Antonio,http://www.cs.utsa.edu/~sprasad,WdZpkD0AAAAJ,0000-0000-0000-0000
Sushmita Mitra,ISI Kolkata,https://www.isical.ac.in/~sushmita,PrUB1fAAAAAJ,0000-0000-0000-0000
Sushmita Roy,University of Wisconsin - Madison,http://wid.wisc.edu/profile/sushmita-roy,vzmzPSIAAAAJ,0000-0000-0000-0000
Susik Yoon,Korea University,https://dais.korea.ac.kr,tCJs1zEAAAAJ,0000-0001-5596-4972
Susmit Sarkar,University of St Andrews,https://ss265.host.cs.st-andrews.ac.uk,j4LMPLwAAAAJ,0000-0002-4259-9213
Susmita Ghosh,Jadavpur University,http://jaduniv.edu.in/profile.php?uid=656,tOhcAisAAAAJ,0000-0000-0000-0000
Susmita Sur-Kolay,ISI Kolkata,https://www.isical.ac.in/~ssk,KjdkL_8AAAAJ,0000-0002-2052-3779
Susu Xu,Johns Hopkins University,http://susu-xu.com,MSCQE-YAAAAJ,0000-0001-7170-648X
Sutanu Chakraborti,IIT Madras,http://www.cse.iitm.ac.in/~sutanuc,tosR5XgAAAAJ,0000-0000-0000-0000
Sutanu Gayen,IIT Kanpur,https://www.cse.iitk.ac.in/users/sutanu,aqd7jKoAAAAJ,0000-0003-3300-1627
Suyash P. Awate,IIT Bombay,https://www.cse.iitb.ac.in/~suyash,xVs3dPgAAAAJ,0000-0002-4945-9539
Suyun Zhao,Renmin University of China,http://info.ruc.edu.cn/academic_professor.php?teacher_id=37,Nbvw280AAAAJ,0000-0000-0000-0000
Suzan Arslanturk,Wayne State University,http://suzanars.eng.wayne.edu/index.html,08yfzbMAAAAJ,0000-0000-0000-0000
Suzan Bayhan,University of Twente,https://research.utwente.nl/en/persons/55d9704a-ec6f-4601-936b-4c49539f3bdd,GQraD5MAAAAJ,0000-0001-6662-704X
Suzan Uskudarli,Boğaziçi University,http://www.cmpe.boun.edu.tr/~uskudarli,NOSCHOLARPAGE,0000-0000-0000-0000
Suzan Verberne,Leiden University,https://liacs.leidenuniv.nl/~verbernes,IHDKA0AAAAJ,0000-0002-9609-9505
Suzan Üsküdarli,Boğaziçi University,http://www.cmpe.boun.edu.tr/~uskudarli,NOSCHOLARPAGE,0000-0000-0000-0000
Suzanne Embury,University of Manchester,http://www.cs.man.ac.uk/~embury,ALuTB-gAAAAJ,0000-0000-0000-0000
Suzanne M. Shontz,University of Kansas,http://people.eecs.ku.edu/~shontz,NOSCHOLARPAGE,0000-0000-0000-0000
Suzanne Mello-Stark,Worcester Polytechnic Institute,http://www.wpi.edu/academics/facultydir/sim.html,NOSCHOLARPAGE,0000-0000-0000-0000
Suzanne Stevenson,University of Toronto,http://www.cs.toronto.edu/~suzanne,NOSCHOLARPAGE,0000-0000-0000-0000
Suzhen Wu,Xiamen University,http://astl.xmu.edu.cn,3m1lFUIAAAAJ,0000-0000-0000-0000
Svein Erik Bratsberg,NTNU,https://www.ntnu.edu/employees/sveinbra,IcnFXPcAAAAJ,0000-0000-0000-0000
Svein-Olaf Hvasshovd,NTNU,https://www.ntnu.edu/employees/sophus,NOSCHOLARPAGE,0000-0000-0000-0000
Sven Apel,Saarland University,https://www.se.cs.uni-saarland.de/apel,_4ssMloAAAAJ,0000-0003-3687-2233
Sven Behnke,University of Bonn,http://www.ais.uni-bonn.de/behnke,1xx3X_0AAAAJ,0000-0002-5040-7525
Sven Bugiel,CISPA Helmholtz Center,https://trust.cispa.saarland/~bugiel,sPrlusAAAAAJ,0000-0002-7151-9614
Sven Dietrich,CUNY,http://www.jjay.cuny.edu/faculty/sven-dietrich,3uIuMR4AAAAJ,0000-0000-0000-0000
Sven Groppe,University of Lübeck,https://www.ifis.uni-luebeck.de/de/team/sven-groppe,drGVVY0AAAAJ,0000-0001-5196-1117
Sven Hartmann,TU Clausthal,https://www2.in.tu-clausthal.de/~hartmann,EM-8mh8AAAAJ,0000-0000-0000-0000
Sven Hofmann,University of Leipzig,https://www.informatik.uni-leipzig.de/ifi/professuren/ddi,k1swNusAAAAJ,0000-0000-0000-0000
Sven J. Dickinson,University of Toronto,http://www.cs.toronto.edu/~sven,6TGwETYAAAAJ,0000-0000-0000-0000
Sven Knutsson,Chalmers/GU,https://www.chalmers.se/en/staff/Pages/svenk.aspx,NOSCHOLARPAGE,0000-0000-0000-0000
Sven Koenig,Univ. of California - Irvine,http://idm-lab.org,tpoh43QAAAAJ,0000-0000-0000-0000
Sven Kosub,University of Konstanz,https://www.toc.uni-konstanz.de/en/working-group/people/prof-dr-sven-kosub,V1kLqXgAAAAJ,0000-0001-6316-8546
Sven Laur,University of Tartu,http://kodu.ut.ee/~swen,663HUJIAAAAJ,0000-0000-0000-0000
Sven Mayer,TU Dortmund,https://haii.cs.tu-dortmund.de/team/sven-mayer,EfZ7ZAsAAAAJ,0000-0001-5462-8782
Sven Nahnsen,University of Tübingen,https://uni-tuebingen.de/forschung/forschungsinfrastruktur/zentrum-fuer-quantitative-biologie-qbic/team/prof-dr-sven-nahnsen,DBqeRb4AAAAJ,0000-0002-4375-0691
Sven Overhage,University of Bamberg,https://www.uni-bamberg.de/iis/mitarbeiter/overhage,acWDaTQAAAAJ,0000-0000-0000-0000
Sven Rahmann,Saarland University,https://www.rahmannlab.de/people/rahmann,zKHCVfoAAAAJ,0000-0002-8536-6065
Sven Schewe,University of Liverpool,http://www.csc.liv.ac.uk/~sven,CG0CxlEAAAAJ,0000-0002-9093-9518
Sven Seuken,University of Zurich,https://www.ifi.uzh.ch/en/ce/people/seuken.html,hxckkUIAAAAJ,0000-0001-8525-8120
Sven Simon 0001,University of Stuttgart,https://www.ipvs.uni-stuttgart.de/abteilungen/pas/abteilung/mitarbeiter/sven.simon?__locale=en,NOSCHOLARPAGE,0000-0000-0000-0000
Sven Strickroth,LMU Munich,https://www.tel.ifi.lmu.de/team/professor/sven-strickroth,ZWq76GIAAAAJ,0000-0000-0000-0000
Sven Thijssen,Florida Atlantic University,https://www.fau.edu/engineering/directory/faculty/thijssen,lOgZrcAAAAAJ,0000-0001-8522-4617
Sven Tomforde,University of Kiel,https://www.ins.informatik.uni-kiel.de/en/team,mg9mTiMAAAAJ,0000-0000-0000-0000
Sven-Bodo Scholz,Radboud University,https://www.hw.ac.uk/staff/uk/macs/sven-bodo-scholz.htm,5d8Nx80AAAAJ,0000-0002-8663-1043
Sverker Holmgren,Uppsala University,https://katalog.uu.se/profile/?id=XX3728,NOSCHOLARPAGE,0000-0000-0000-0000
Sverre Storøy,University of Bergen,https://www.uib.no/en/persons/Sverre.Stor%C3%B8y,NOSCHOLARPAGE,0000-0000-0000-0000
Svetlana Lazebnik,Univ. of Illinois at Urbana-Champaign,http://slazebni.cs.illinois.edu,xKOEaRoAAAAJ,0000-0000-0000-0000
Svetlana Obraztsova,Nanyang Technological University,https://sites.google.com/site/svobraztsova,aorQUi0AAAAJ,0000-0000-0000-0000
Svetlana Puzynina,Ecole Normale Superieure de Lyon,http://math.nsc.ru/~puzynina,NOSCHOLARPAGE,0000-0000-0000-0000
Svetlana Yarosh,University of Minnesota,http://lanayarosh.com,n6bjh24AAAAJ,0000-0001-8389-2064
Swabha Swayamdipta,University of Southern California,https://swabhs.com,3uTVQt0AAAAJ,0000-0002-5851-8254
Swagatam Das,ISI Kolkata,https://www.isical.ac.in/~swagatam.das,L8XYpAwAAAAJ,0000-0001-6843-4508
Swagato Sanyal,IIT Kharagpur,https://cse.iitkgp.ac.in/~swagato,NOSCHOLARPAGE,0000-0000-0000-0000
Swamit S. Tannu,University of Wisconsin - Madison,https://swamittannu.com,ODZP7EYAAAAJ,0000-0003-4479-7413
Swamy Ananthanarayan,Monash University,https://research.monash.edu/en/persons/swamy-ananthanarayan,KA99ZSoAAAAJ,0000-0002-9808-5844
Swapan Maiti,VNIT Nagpur,https://vnit.ac.in/engineering/cse/dr-swapan-maiti,NOSCHOLARPAGE,0000-0000-0000-0000
Swapna Gokhale,University of Connecticut,http://www.cse.uconn.edu/~ssg,2wOZImMAAAAJ,0000-0000-0000-0000
Swaprava Nath,IIT Bombay,https://www.cse.iitb.ac.in/~swaprava,TlpsH9cAAAAJ,0000-0001-8309-5006
Swarat Chaudhuri,University of Texas at Austin,https://www.cs.utexas.edu/~swarat,9j6RBYQAAAAJ,0000-0002-6859-1391
Swarnendu Biswas,IIT Kanpur,https://www.cse.iitk.ac.in/users/swarnendu,1DTBPfcAAAAJ,0000-0001-6839-8586
Swaroop Ghosh,Pennsylvania State University,http://personal.psu.edu/~szg212,RJ1JOgMAAAAJ,0000-0001-8753-490X
Swaroop Joshi,BITS Pilani-Goa,https://swaroopjoshi.in,iibndPYAAAAJ,0000-0003-4536-2446
Swarun Kumar,Carnegie Mellon University,https://swarunkumar.com,WfaqxlgAAAAJ,0000-0002-5398-5347
Swastik Brahma,University of Cincinnati,https://researchdirectory.uc.edu/p/brahmask,E7yV38gAAAAJ,0000-0000-0000-0000
Swastik Kopparty,University of Toronto,https://www.math.toronto.edu/swastik,NOSCHOLARPAGE,0000-0003-2704-8808
Swati Agarwal 0001,BITS Pilani-Goa,https://www.bits-pilani.ac.in/goa/swatia/profile,-zk-xD0AAAAJ,0000-0000-0000-0000
Swati Jaiswal,VNIT Nagpur,https://vnit.ac.in/engineering/cse/dr-swati-jaiswal,nsswjtsAAAAJ,0000-0000-0000-0000
Swati Mishra 0006,McMaster University,https://swati-mishra.com,NOSCHOLARPAGE,0000-0000-0000-0000
Swen Jacobs,CISPA Helmholtz Center,https://www.react.uni-saarland.de/people/jacobs.html,pofIiPIAAAAJ,0000-0002-9051-4050
Sweta Mishra,Shiv Nadar University,https://www.snu.edu.in/schools/school-of-engineering/faculty/sweta-mishra,nqSP0nIAAAAJ,0000-0000-0000-0000
Syamantak Das,IIIT Delhi,http://faculty.iiitd.ac.in/~syamantak,7nBU-20AAAAJ,0000-0000-0000-0000
Sye Loong Keoh,University of Glasgow,http://www.dcs.gla.ac.uk/~sye,wS5aZWwAAAAJ,0000-0000-0000-0000
Syed Azeemuddin,IIIT Hyderabad,https://www.iiit.ac.in/people/faculty/azeemuddin,6FjRZ_MAAAAJ,0000-0000-0000-0000
Syed Ishtiaque Ahmed,University of Toronto,http://web.cs.toronto.edu/news/events/dcsl_mar28.htm,Ji2o32AAAAAJ,0000-0003-2452-0687
Syed Islam,University of Tennessee,http://www.eecs.utk.edu/people/faculty/sislam,Q2JWrRkAAAAJ,0000-0000-0000-0000
Syed M. S. Islam,University of Western Australia,http://www.ecm.uwa.edu.au/contact/profiles?type=profile&dn=cn%3DSyed%20Islam%2Cou%3DSchool%20of%20Computer%20Science%20and%20Software%20Engineering%2Cou%3DFaculty%20of%20Engineering%5C2C%20Computing%20and%20Mathematics%2Cou%3DFaculties%2Co%3DThe%20University%20of%20Western%20Australia,2oSH1wgAAAAJ,0000-0000-0000-0000
Syed Mohammed Shamsul Islam,University of Western Australia,http://www.ecm.uwa.edu.au/contact/profiles?type=profile&dn=cn%3DSyed%20Islam%2Cou%3DSchool%20of%20Computer%20Science%20and%20Software%20Engineering%2Cou%3DFaculty%20of%20Engineering%5C2C%20Computing%20and%20Mathematics%2Cou%3DFaculties%2Co%3DThe%20University%20of%20Western%20Australia,2oSH1wgAAAAJ,0000-0000-0000-0000
Syed Rafiul Hussain,Pennsylvania State University,https://syed-rafiul-hussain.github.io,4jJmMpoAAAAJ,0000-0001-9222-8544
Syed Taqi Ali,VNIT Nagpur,https://vnit.ac.in/engineering/cse/dr-syed-taqi-ali,r6cXxhYAAAAJ,0000-0000-0000-0000
Syed Waqar Nabi,University of Glasgow,https://www.gla.ac.uk/schools/computing/staff/syedwaqarnabi,kSwo6DcAAAAJ,0000-0003-3835-4851
Syed Zulqarnain Gilani,University of Western Australia,http://www.ecm.uwa.edu.au/research/postgraduate_profiles?syed.zulqarnain.gilani,0uXgj0oAAAAJ,0000-0002-7448-2327
Syeda Hira Taqdees,University of Melbourne,https://scholar.google.com/citations?hl=en&user=4PWt3HEAAAAJ,4PWt3HEAAAAJ,0000-0000-0000-0000
Syin Chan,Nanyang Technological University,http://research.ntu.edu.sg/expertise/academicprofile/Pages/StaffProfile.aspx?ST_EMAILID=ASSCHAN,XrgEaMMAAAAJ,0000-0000-0000-0000
Sylvain Giroux,Université de Sherbrooke,https://www.usherbrooke.ca/informatique/personnel/corps-professoral/professeurs/sylvain-giroux,_D2FWhQAAAAJ,0000-0000-0000-0000
Sylvain Malacria,CRIStAL,http://www.malacria.com,Me1oJeYAAAAJ,0000-0002-5201-5875
Sylvain Martel,Polytechnique Montreal,https://www.polymtl.ca/expertises/en/martel-sylvain,NOSCHOLARPAGE,0000-0000-0000-0000
Sylvain Salvati,CRIStAL,https://www.cristal.univ-lille.fr/profil/ssalvati,NOSCHOLARPAGE,0000-0000-0000-0000
Sylvain Schmitz,Ecole Normale Superieure de Cachan,http://www.lsv.ens-cachan.fr/~schmitz,mMktcHwAAAAJ,0000-0002-4101-4308
Sylvia C. Boyd,University of Ottawa,http://www.site.uottawa.ca/~sylvia,P7mb9zgAAAAJ,0000-0000-0000-0000
Sylvia L. Herbert,Univ. of California - San Diego,http://sylviaherbert.com,IUH8CWEAAAAJ,0000-0000-0000-0000
Sylvia L. Osborn,Western University,http://www.csd.uwo.ca/faculty/sylvia,NOSCHOLARPAGE,0000-0000-0000-0000
Sylvia Perez-Hardy,Rochester Inst. of Technology,https://www.rit.edu/gccis/sylvia-perez-hardy,NOSCHOLARPAGE,0000-0000-0000-0000
Sylvia Ratnasamy,Univ. of California - Berkeley,http://www.eecs.berkeley.edu/~sylvia,sAdDcvQAAAAJ,0000-0002-0524-9425
Sylvie Hamel,University of Montreal,http://www.iro.umontreal.ca/~hamelsyl,NOSCHOLARPAGE,0000-0002-8941-2284
Sylvie Trudel,Université du Québec à Montréal,https://professeurs.uqam.ca/professeur/trudel.s,GoXiawsAAAAJ,0000-0000-0000-0000
Sylwia Polberg,Cardiff University,https://www.cardiff.ac.uk/people/view/1453389-polberg-sylwia,00wi2WAAAAAJ,0000-0000-0000-0000
Symeon Papavassiliou,NTUA,http://www.netmode.ntua.gr/papavass,qVvp2dEAAAAJ,0000-0000-0000-0000
Symeon Retalis,University of Piraeus,https://www.ds.unipi.gr/en/faculty/retal-en,JUX2KJcAAAAJ,0000-0000-0000-0000
Szabolcs Mikulàs,Birkbeck University of London,https://www.dcs.bbk.ac.uk/about/people/academic-staff/szabolcs,3qcsakUAAAAJ,0000-0000-0000-0000
Sze-Yeung Liu,Nanyang Technological University,http://research.ntu.edu.sg/expertise/academicprofile/Pages/StaffProfile.aspx?ST_EMAILID=elvisliu,NOSCHOLARPAGE,0000-0000-0000-0000
Szymon Jaroszewicz,IPI PAN,https://ipipan.waw.pl/instytut/pracownicy/szymon-jaroszewicz,icsj73sAAAAJ,0000-0001-9327-5019
Szymon M. Rusinkiewicz,Princeton University,https://www.cs.princeton.edu/~smr,RaScARwAAAAJ,0000-0000-0000-0000
Szymon Rusinkiewicz,Princeton University,https://www.cs.princeton.edu/~smr,RaScARwAAAAJ,0000-0002-4253-2588
Szymon Torunczyk,University of Warsaw,http://www.mimuw.edu.pl/~szymtor,lclvl94AAAAJ,0000-0002-1130-9033
Sándor Kisfaludi-Bak,Aalto University,https://www.aalto.fi/en/people/sandor-kisfaludi-bak,qHi0LqUAAAAJ,0000-0002-6856-2902
Sándor P. Fekete,TU Braunschweig,https://www.ibr.cs.tu-bs.de/users/fekete,VBIx-BsAAAAJ,0000-0000-0000-0000
Sébastien Gambs,Université du Québec à Montréal,https://sebastiengambs.openum.ca,2q1NjMgAAAAJ,0000-0000-0000-0000
Sébastien Mosser 0001,McMaster University,https://mosser.github.io,jaLC6KgAAAAJ,0000-0001-9769-216X
Sébastien Roy 0001,University of Montreal,http://www.iro.umontreal.ca/~roys/en_index.shtml,KfWhAlsAAAAJ,0000-0000-0000-0000
Sérgio C. B. Soares,UFPE,http://www.cin.ufpe.br/~scbs,Jqll4wwAAAAJ,0000-0000-0000-0000
Sérgio Castelo Branco Soares,UFPE,http://www.cin.ufpe.br/~scbs,Jqll4wwAAAAJ,0000-0000-0000-0000
Sérgio Guerreiro,Universidade de Lisboa,https://fenix.tecnico.ulisboa.pt/homepage/ist62654,n-27wAQAAAAJ,0000-0000-0000-0000
Sérgio Lifschitz,PUC-RIO,http://www-di.inf.puc-rio.br/~sergio,XJRv4BMAAAAJ,0000-0003-3073-3734
Sérgio Ricardo de Melo Queiroz,UFPE,https://www.cin.ufpe.br/~srmq,EYTQtugAAAAJ,0000-0000-0000-0000
Sérgio Soares,UFPE,http://www.cin.ufpe.br/~scbs,Jqll4wwAAAAJ,0000-0002-4428-2535
Sérgio Vale Aguiar Campos,UFMG,http://homepages.dcc.ufmg.br/~scampos,NOSCHOLARPAGE,0000-0000-0000-0000
Sérgio Vanderlei Cavalcante,UFPE,https://lattes.cnpq.br/1357144230331120,NOSCHOLARPAGE,0000-0000-0000-0000
Sílvio de Barros Melo,UFPE,https://www.cin.ufpe.br/~sbm,PqGCRs4AAAAJ,0000-0000-0000-0000
Sónia Ferreira Pinto,Universidade de Lisboa,https://sotis.tecnico.ulisboa.pt/keyword/0d0bf179-e55f-4b14-8c64-214087a98c3f,NOSCHOLARPAGE,0000-0000-0000-0000
Sören Auer,University of Hannover,https://vivo.tib.eu/fis/display/n0000-0002-0698-2864,2cpal78AAAAJ,0000-0002-0698-2864
Sören Laue,University of Hamburg,https://www.inf.uni-hamburg.de/en/inst/ab/ml/people/laue.html,XLOcv_sAAAAJ,0000-0003-4351-9868
Sören Schwertfeger,ShanghaiTech University,https://robotics.shanghaitech.edu.cn/people/soeren,Y2olJ9kAAAAJ,0000-0003-2879-1636
Søren Debois,IT University of Copenhagen,https://pure.itu.dk/portal/en/persons/soeren-debois(d3b41838-e2bf-4735-b1cd-03f60b49c7e5).html,okin7NMAAAAJ,0000-0000-0000-0000
Søren Hauberg,DTU,https://www.compute.dtu.dk/english,NOSCHOLARPAGE,0000-0001-7223-877X
Søren I. Olsen,University of Copenhagen,http://diku.dk/english/staff/?pure=en/persons/5264,NOSCHOLARPAGE,0000-0002-4466-1914
Søren Ingvor Olsen,University of Copenhagen,http://diku.dk/english/staff/?pure=en/persons/5264,NOSCHOLARPAGE,0000-0000-0000-0000
Søren Kimmer Schou Gregersen,DTU,https://www.compute.dtu.dk/english,NOSCHOLARPAGE,0000-0003-3469-2271
Søren Knudsen,IT University of Copenhagen,https://pure.itu.dk/portal/en/persons/soeren-knudsen(2575c800-642d-4984-9c56-41601cf07a26).html,DT6JUdcAAAAJ,0000-0002-8306-1102
Søren Lauesen,IT University of Copenhagen,https://pure.itu.dk/portal/en/persons/soeren-lauesen(ea6d10cf-6bb5-4414-8966-f1ed2591f794).html,NOSCHOLARPAGE,0000-0000-0000-0000
