name,affiliation,homepage,scholarid,orcid
J. A. dos Santos,UFMG,http://homepages.dcc.ufmg.br/~jefersson,wXQnnTUAAAAJ,0000-0000-0000-0000
J. Alex Halderman,University of Michigan,https://jhalderm.com,h6yXnyEAAAAJ,0000-0002-9116-5390
J. Andreas Bærentzen,DTU,https://people.compute.dtu.dk/janba,if2X4wkAAAAJ,0000-0003-2583-0660
J. Andrew Bagnell,Carnegie Mellon University,http://www.ri.cmu.edu/person.html?person_id=689,7t4jbPQAAAAJ,0000-0000-0000-0000
J. B. Wells,Heriot-Watt University,https://researchportal.hw.ac.uk/en/persons/joseph-brian-wells,NOSCHOLARPAGE,0000-0000-0000-0000
J. Blustein,Dalhousie University,https://www.dal.ca/faculty/computerscience/faculty-staff/j-blustein.html,Q2U30c8AAAAJ,0000-0000-0000-0000
J. Bret Michael,Naval Postgraduate School,http://faculty.nps.edu/vitae/cgi-bin/vita.cgi?p=display_vita&id=1023567701,JYxa6eYAAAAJ,0000-0000-0000-0000
J. C. P. Woodcock,University of York,https://www-users.cs.york.ac.uk/~jim,bO-FeTIAAAAJ,0000-0000-0000-0000
J. Christopher Beck,University of Toronto,http://tidel.mie.utoronto.ca/beck.php,y_pAyuQAAAAJ,0000-0000-0000-0000
J. D. Landa Silva,University of Nottingham,https://www.nottingham.ac.uk/computerscience/people/dario.landasilva,T8jdVWwAAAAJ,0000-0000-0000-0000
J. E. W. Smetsers,Radboud University,http://www.cs.ru.nl/S.Smetsers,acnD_MEAAAAJ,0000-0000-0000-0000
J. Eric Fosler,Ohio State University,http://web.cse.ohio-state.edu/~fosler,AlsMV98AAAAJ,0000-0000-0000-0000
J. Fernando A. da Silva,Universidade de Lisboa,https://fenix.tecnico.ulisboa.pt/downloadFile/1126518382134006/fernandos.html,NOSCHOLARPAGE,0000-0000-0000-0000
J. G. Cederquist,Universidade de Lisboa,http://web.ist.utl.pt/~ist24691,ImQ41W0AAAAJ,0000-0000-0000-0000
J. G. Tanenbaum 0001,Univ. of California - Irvine,http://tess.thegeekmovement.com,hiCKhpkAAAAJ,0000-0000-0000-0000
J. Garrett Morris,University of Iowa,https://homepage.cs.uiowa.edu/~jgmorrs,PZIdxNgAAAAJ,0000-0002-3992-1080
J. Gregory Morrisett [Tech],Cornell University,http://www.cs.cornell.edu/~jgm,Dswus94AAAAJ,0000-0000-0000-0000
J. H. M. Lee,Chinese University of Hong Kong,https://www.cse.cuhk.edu.hk/~jlee,3IV-UTsAAAAJ,0000-0000-0000-0000
J. I. den Hartog,TU Eindhoven,https://www.tue.nl/en/university/departments/mathematics-and-computer-science/the-department/staff/detail/ep/e/d/ep-uid/20012328,28P--UkAAAAJ,0000-0000-0000-0000
J. Ian Munro,University of Waterloo,https://cs.uwaterloo.ca/~imunro,NOSCHOLARPAGE,0000-0000-0000-0000
J. J. Garcia-Luna-Aceves,Univ. of California - Santa Cruz,https://www.soe.ucsc.edu/people/jj,wLtmXGQAAAAJ,0000-0000-0000-0000
J. Jay Barber,Northern Arizona University,https://nau.edu/cefns/natsci/math/directory-full-time/barber,NOSCHOLARPAGE,0000-0000-0000-0000
J. Jim Zhu,Ohio University,https://www.ohio.edu/engineering/about/people/profiles.cfm?profile=zhuj,NOSCHOLARPAGE,0000-0000-0000-0000
J. Kelly Flanagan,Brigham Young University,https://cs.byu.edu/faculty/flanaganjkelly,NOSCHOLARPAGE,0000-0000-0000-0000
J. Lakshmi,IISc Bangalore,https://www.serc.iisc.ac.in/faculty/jlakshmi,weLCYIkAAAAJ,0000-0000-0000-0000
J. M. Akkermans,VU Amsterdam,http://www.cs.vu.nl/~hansa,tRT8oQYAAAAJ,0000-0000-0000-0000
J. M. Pierre Langlois,Polytechnique Montreal,https://www.polymtl.ca/expertises/langlois-j-m-pierre,v78iolYAAAAJ,0000-0000-0000-0000
J. Mark Bishop,Goldsmiths University of London,https://www.gold.ac.uk/computing/staff/m-bishop,48y80igAAAAJ,0000-0000-0000-0000
J. Maurice Rojas,Texas A&M University,http://www.math.tamu.edu/~rojas,gValByUAAAAJ,0000-0002-1657-2674
J. Michael Herrmann,University of Edinburgh,http://www.research.ed.ac.uk/portal/en/persons/michael-herrmann(cf1b7c31-3a87-4812-bf0a-05cf49b0120e).html,MJiOEy0AAAAJ,0000-0000-0000-0000
J. Montgomery,Georgetown University,http://explore.georgetown.edu/people/jm985,XQYNoekAAAAJ,0000-0002-2706-2370
J. Nathan Foster,Cornell University,http://www.cs.cornell.edu/~jnfoster,AH5j40kAAAAJ,0000-0000-0000-0000
J. Nelson Rushton,Texas Tech University,http://www.depts.ttu.edu/cs/department/seminars.php,NOSCHOLARPAGE,0000-0000-0000-0000
J. P. Lewis 0001,Victoria University of Wellington,http://ecs.victoria.ac.nz/Main/JohnLewis,wC_k2-4AAAAJ,0000-0002-6835-7263
J. P. Misra,BITS Pilani,http://www.bits-pilani.ac.in/pilani/computerscience/Faculty,7HBV4QwAAAAJ,0000-0000-0000-0000
J. Paul Siebert,University of Glasgow,http://www.dcs.gla.ac.uk/~psiebert,DoEOa80AAAAJ,0000-0000-0000-0000
J. Robin B. Cockett,University of Calgary,http://www.cpsc.ucalgary.ca/~robin,NOSCHOLARPAGE,0000-0000-0000-0000
J. Ross Beveridge,Colorado State University,http://www.cs.colostate.edu/~ross,pAI5S50AAAAJ,0000-0000-0000-0000
J. Rubén Titos Gil,University of Murcia,https://ditec.um.es/~rtitos,wd5zQr0AAAAJ,0000-0002-9790-5011
J. S. Marron,University of North Carolina,http://cs.unc.edu/people/steve-marron,Ft9MrIoAAAAJ,0000-0000-0000-0000
J. Saketha Nath,IIT Hyderabad,http://www.iith.ac.in/~saketha,k70LrvsAAAAJ,0000-0000-0000-0000
J. Santiago Jorge,University of A Coruña,https://pdi.udc.es/en/File/Pdi/WZ69E,NOSCHOLARPAGE,0000-0000-0000-0000
J. Scott Hawker,Rochester Inst. of Technology,http://www.se.rit.edu/~hawker,NOSCHOLARPAGE,0000-0000-0000-0000
J. Shane Culpepper,University of Queensland,https://researchers.uq.edu.au/researcher/41331,OFlBSEEAAAAJ,0000-0002-1902-9087
J. Todd Ogle,Virginia Tech,https://ece.vt.edu/people/profile/ogle.html,Z85CgUYAAAAJ,0000-0003-2940-3594
J. Zico Kolter,Carnegie Mellon University,http://www.zicokolter.com,UXh1I6UAAAAJ,0000-0000-0000-0000
J. Ángel Velázquez-Iturbide,Universidad Rey Juan Carlos,http:/www.lite.etsii.urjc.es/angel.velazquez,JfWXVVgAAAAJ,0000-0002-9486-8526
Ja-Ling Wu,National Taiwan University,https://www.cmlab.csie.ntu.edu.tw/cml/dsp/prof-wu/prof-wu.html,AdwCtGbtIg0C,0000-0002-3631-1551
Jaak Vilo,University of Tartu,http://biit.cs.ut.ee,87E06MgAAAAJ,0000-0001-5604-4107
Jaakko Järvi,University of Bergen,https://www.ii.uib.no/~jjarvi,NOSCHOLARPAGE,0000-0000-0000-0000
Jaakko Lehtinen,Aalto University,https://mediatech.aalto.fi/~jaakko,Vpr6s3sAAAAJ,0000-0001-9418-4944
Jaakko Peltonen,Tampere University,https://www.tuni.fi/en/jaakko-peltonen,WFYU6DkAAAAJ,0000-0003-3485-8585
Jaan Aru,University of Tartu,https://sites.google.com/view/jaanaru,FvFOzS8AAAAJ,0000-0003-3927-452X
Jaap Gordijn,VU Amsterdam,http://www.cs.vu.nl/~gordijn,NOSCHOLARPAGE,0000-0000-0000-0000
Jaap Heringa,VU Amsterdam,http://www.cs.vu.nl/~heringa,ZhNFzz8AAAAJ,0000-0001-8641-4930
Jaap Kamps,University of Amsterdam,https://e.humanities.uva.nl,bWlQ2uEAAAAJ,0000-0002-6614-0087
Jaap-Henk Hoepman,Radboud University,http://www.cs.ru.nl/~jhh,QWyYRlkAAAAJ,0000-0000-0000-0000
Jacco van Ossenbruggen,VU Amsterdam,http://homepages.cwi.nl/~jrvosse,BqsB3xIAAAAJ,0000-0002-7748-4715
Jacek Koronacki,IPI PAN,https://ipipan.waw.pl/instytut/pracownicy/jacek-koronacki,XSStCMQAAAAJ,0000-0003-2189-0041
Jacek Mandziuk,Nanyang Technological University,http://research.ntu.edu.sg/expertise/academicprofile/Pages/StaffProfile.aspx?ST_EMAILID=J.MANDZIUK&CategoryDescription=MachinesSystems,NOSCHOLARPAGE,0000-0000-0000-0000
Jacek Sroka,University of Warsaw,http://fuzzyinsights.com/author/jacek-sroka,NOSCHOLARPAGE,0000-0002-1714-9667
Jacir Luiz Bordim,Universidade de Brasília,http://cic.unb.br/~bordim/index.htm,0fXoQt0AAAAJ,0000-0000-0000-0000
Jack A. Stankovic,University of Virginia,https://engineering.virginia.edu/faculty/john-stankovic,4VJre9IAAAAJ,0000-0000-0000-0000
Jack Brimberg,Royal Military College of Canada,https://www.rmc-cmr.ca/en/mathematics-and-computer-science/dr-jack-brimberg,RAVaTi4AAAAJ,0000-0003-1296-7705
Jack C. Wileden,Univ. of Massachusetts Amherst,https://people.cs.umass.edu/~jack/ccsl-www,fJxwllcAAAAJ,0000-0000-0000-0000
Jack Doerner,University of Virginia,https://jackdoerner.net,QMbCDtEAAAAJ,0009-0007-0409-2132
Jack Dongarra,University of Tennessee,http://www.netlib.org/utk/people/JackDongarra,X4SbSTAAAAAJ,0000-0003-3247-1782
Jack H. Lutz,Iowa State University,http://www.cs.iastate.edu/~lutz,mxv3BeAAAAAJ,0000-0000-0000-0000
Jack H. Noble,Vanderbilt University,https://my.vanderbilt.edu/jacknoble,xrsieAkAAAAJ,0000-0000-0000-0000
Jack J. Dongarra,University of Tennessee,http://www.netlib.org/utk/people/JackDongarra,X4SbSTAAAAAJ,0000-0003-3247-1782
Jack Jansen,CWI,http://homepages.cwi.nl/~jack,qHiBTg0AAAAJ,0000-0000-0000-0000
Jack Lange,University of Pittsburgh,https://www.cs.pitt.edu/~jacklange,47I8TqkAAAAJ,0000-0000-0000-0000
Jack M. Carroll 0001,Pennsylvania State University,https://jcarroll.ist.psu.edu,7Mg8JZMAAAAJ,0000-0000-0000-0000
Jack Sampson,Pennsylvania State University,http://www.cse.psu.edu/~jms1257,fSQCT0YAAAAJ,0009-0008-4990-8585
Jack Snoeyink,University of North Carolina,http://www.cs.unc.edu/~snoeyink,fIoDWp8AAAAJ,0000-0002-3887-4008
Jack Valmadre,Adelaide University,https://researchers.adelaide.edu.au/profile/jack.valmadre,_VSBqL0AAAAJ,0000-0003-1004-2784
Jack W. Davidson,University of Virginia,https://engineering.virginia.edu/faculty/jack-w-davidson,n7YuWIAAAAAJ,0000-0000-0000-0000
Jack van Wijk,TU Eindhoven,http://www.win.tue.nl/~vanwijk,1F_eX28AAAAJ,0000-0000-0000-0000
Jackie Chi Kit Cheung,McGill University,http://cs.mcgill.ca/~jcheung,Um-wmYQAAAAJ,0000-0000-0000-0000
Jackson Woodruff,University of Edinburgh,http://jacksonwoodruff.com,JWhQ564AAAAJ,0000-0000-0000-0000
Jacky Baltes,University of Manitoba,http://www.cs.umanitoba.ca/~jacky,557QR3kAAAAJ,0000-0003-3360-1892
Jacky Hansjoerg Baltes,University of Manitoba,http://www.cs.umanitoba.ca/~jacky,557QR3kAAAAJ,0000-0000-0000-0000
Jacky Keung,City University of Hong Kong,http://www.cs.cityu.edu.hk/profile/jacky.keung.html,UpuYcQoAAAAJ,0000-0002-3803-9600
Jacky W. Keung,City University of Hong Kong,http://www.cs.cityu.edu.hk/profile/jacky.keung.html,UpuYcQoAAAAJ,0000-0002-3803-9600
Jacky Wai Keung,City University of Hong Kong,http://www.cs.cityu.edu.hk/profile/jacky.keung.html,UpuYcQoAAAAJ,0000-0002-3803-9600
Jaco C. van de Pol,Aarhus University,https://cs.au.dk/~jaco,gbSSgnkAAAAJ,0000-0000-0000-0000
Jaco Geldenhuys,Stellenbosch University,http://www.cs.sun.ac.za/~jaco,Y5dRFosAAAAJ,0000-0002-5636-6656
Jaco van de Pol,Aarhus University,https://cs.au.dk/~jaco,gbSSgnkAAAAJ,0000-0003-4305-0625
Jacob Andreas,Massachusetts Inst. of Technology,https://web.mit.edu/jda/www,dnZ8udEAAAAJ,0000-0002-3141-5845
Jacob D. Furst,DePaul University,https://www.cdm.depaul.edu/about/Pages/People/facultyinfo.aspx?fid=365,NOSCHOLARPAGE,0000-0000-0000-0000
Jacob Feldman,Rutgers University,https://ruccs.rutgers.edu/jacob,KoJrMIAAAAAJ,0000-0002-9980-5989
Jacob Goldberger,Bar-Ilan University,http://www.eng.biu.ac.il/goldbej,vgzrOK4AAAAJ,0000-0002-2225-1914
Jacob Holm,University of Copenhagen,https://di.ku.dk/english/staff/?pure=en%2Fpersons%2Fjacob-holm(b9128f70-a478-4df0-9f6b-cc665f65976c)%2Fpublications.html,VzPHumEAAAAJ,0000-0001-6997-9251
Jacob K. White 0001,Massachusetts Inst. of Technology,http://www.rle.mit.edu/cpg/people_faculty.htm,4lpSV-8AAAAJ,0000-0000-0000-0000
Jacob Krüger,TU Eindhoven,https://research.tue.nl/en/persons/jacob-kr%C3%BCger,kNvGUNsAAAAJ,0000-0002-0283-248X
Jacob M. Howe,City University of London,https://www.city.ac.uk/people/academics/jacob-howe,Nd7-X2IAAAAJ,0000-0000-0000-0000
Jacob M. Luber,University of Texas at Arlington,https://www.uta.edu/academics/faculty/profile?username=luberj,qkLcROYAAAAJ,0000-0001-5268-5732
Jacob Murray,Washington State University,https://school.eecs.wsu.edu/people/faculty/jacob-murray,NOSCHOLARPAGE,0000-0002-6717-9899
Jacob O. Wobbrock,University of Washington,http://faculty.washington.edu/wobbrock,TmZ3howAAAAJ,0000-0003-3675-5491
Jacob R. Gardner,University of Pennsylvania,https://www.seas.upenn.edu/directory/profile.php?ID=339,0gkajvEAAAAJ,0000-0003-1897-8384
Jacob Scharcanski,UFRGS,http://www.inf.ufrgs.br/~jacobs,o9csf6QAAAAJ,0000-0000-0000-0000
Jacob Sorber,Clemson University,https://people.cs.clemson.edu/~jsorber,yXqu6esAAAAJ,0000-0003-0097-9282
Jacob Steinhardt,Univ. of California - Berkeley,https://www.stat.berkeley.edu/~jsteinhardt,LKv32bgAAAAJ,0000-0000-0000-0000
Jacob T. Biehl,University of Pittsburgh,https://jtbiehl.github.io,LYy73WkAAAAJ,0000-0002-3878-5208
Jacob Thebault-Spieker,University of Wisconsin - Madison,https://jacob.thebault-spieker.com,43pv2cYAAAAJ,0000-0003-1569-4466
Jacob W. Crandall,Brigham Young University,http://www.jacobcrandall.net,FHGBC58AAAAJ,0000-0000-0000-0000
Jacob White 0001,Massachusetts Inst. of Technology,http://www.rle.mit.edu/cpg/people_faculty.htm,4lpSV-8AAAAJ,0000-0000-0000-0000
Jacob Whitehill,Worcester Polytechnic Institute,https://www.wpi.edu/academics/facultydir/200331.htm,PGyMqU0AAAAJ,0000-0000-0000-0000
Jacob William Crandall,Brigham Young University,http://www.jacobcrandall.net,FHGBC58AAAAJ,0000-0000-0000-0000
Jacobo Torán,University of Ulm,https://www.uni-ulm.de/toran1,9tCatQwAAAAJ,0000-0000-0000-0000
Jacobo Torán Romero,University of Ulm,https://www.uni-ulm.de/toran1,9tCatQwAAAAJ,0000-0000-0000-0000
Jacobus E. van der Merwe,University of Utah,https://www.cs.utah.edu/~kobus,PEki4LgAAAAJ,0000-0000-0000-0000
Jacopo Urbani,VU Amsterdam,http://www.jacopourbani.it,5o88MDIAAAAJ,0000-0002-0717-3559
Jacqueline Christmas,University of Exeter,http://emps.exeter.ac.uk/computer-science/staff/jtc202,IQRq0CYAAAAJ,0000-0000-0000-0000
Jacqueline Staub,University of Trier,https://ddi.uni-trier.de,hFe7oDcAAAAJ,0009-0004-7864-5711
Jacques A. de Guise,ETS Montreal,http://www.etsmtl.ca/Recherche/Chaires-unites-rech/Chaires/CRC-imagerie-3D,JMQcz58AAAAJ,0000-0000-0000-0000
Jacques Carette,McMaster University,https://www.cas.mcmaster.ca/~carette,Sc-k-EgAAAAJ,0000-0001-8993-9804
Jacques D. Fleuriot,University of Edinburgh,https://www.inf.ed.ac.uk/people/staff/Jacques_Fleuriot.html,NOSCHOLARPAGE,0000-0002-6867-9836
Jacques Fayolle,Université Jean Monnet,https://www.univ-st-etienne.fr/fr/tous-les-faits-marquants/annees-precedentes/annee-2011-2012/jacques-fayolle-elu-directeur-de-telecom-saint-etienne.html,C8efi9MAAAAJ,0000-0000-0000-0000
Jacques Pasquier-Rocha,University of Fribourg,https://www.unifr.ch/inf/en/all/people/15735/c2a24,j1GgJuMAAAAJ,0000-0000-0000-0000
Jacques Stern,Ecole Normale Superieure,http://www.di.ens.fr/users/stern,NOSCHOLARPAGE,0000-0000-0000-0000
Jacques Wainer,UNICAMP,http://www.ic.unicamp.br/~wainer,wKRXIZ8AAAAJ,0000-0001-5201-1244
Jadwiga Indulska,University of Queensland,http://staff.itee.uq.edu.au/jaga,syzrSEcAAAAJ,0000-0001-8083-4299
Jae C. Oh,Syracuse University,http://eng-cs.syr.edu/our-departments/electrical-engineering-and-computer-science/people/faculty,NOSCHOLARPAGE,0000-0002-5842-5189
Jae Chan Oh,Syracuse University,http://eng-cs.syr.edu/our-departments/electrical-engineering-and-computer-science/people/faculty,NOSCHOLARPAGE,0000-0000-0000-0000
Jae Joon Kim,Seoul National University,https://vlsi.snu.ac.kr/team,Ee994T0AAAAJ,0000-0000-0000-0000
Jae Jun Yoo,UNIST,https://sites.google.com/view/jaejunyoo,7NBlQw4AAAAJ,0000-0000-0000-0000
Jae S. Lim,Massachusetts Inst. of Technology,http://www.rle.mit.edu/people/directory/jae-lim,ClH0XTsAAAAJ,0000-0000-0000-0000
Jae W. Lee,Seoul National University,https://cse.snu.ac.kr/en/professor/jae-wook-lee,PA-QN6IAAAAJ,0000-0002-4266-4919
Jae-Gil Lee 0001,KAIST,http://dm.kaist.ac.kr/jaegil,h9mbv9MAAAAJ,0000-0002-8711-7732
Jae-Pil Heo,Sungkyunkwan University,https://sites.google.com/site/vclabskku,VXyJ_ssAAAAJ,0000-0001-9684-7641
Jae-Soo Kim,Kyungpook National University,http://computer.knu.ac.kr,NOSCHOLARPAGE,0000-0000-0000-0000
Jae-Young Sim,UNIST,http://vip.unist.ac.kr,Mx6iAMoAAAAJ,0000-0000-0000-0000
Jae-il Kim,Kyungpook National University,https://sites.google.com/view/ipalab,L8cMLmEAAAAJ,0000-0000-0000-0000
Jae-sun Seo [Tech],Cornell University,https://seo.ece.cornell.edu/professor,0eA8Fr8AAAAJ,0000-0000-0000-0000
Jaegul Choo,KAIST,https://sites.google.com/site/jaegulchoo,GHJYsLEAAAAJ,0000-0003-1071-4835
Jaeha Kung,Korea University,https://idslab.korea.ac.kr,dQvmSAoAAAAJ,0000-0001-6151-8602
Jaeho Lee,POSTECH,https://jaeho-lee.github.io,t91zoQMAAAAJ,0000-0000-0000-0000
Jaehong Yoon,Nanyang Technological University,https://jaehong31.github.io,-5comoUAAAAJ,0000-0002-9653-9590
Jaehyuk Cha,Hanyang University,http://db.hanyang.ac.kr/doku.php?id=%EC%B0%A8%EC%9E%AC%ED%98%81_%EA%B5%90%EC%88%98%EB%8B%98,wvjewAQAAAAJ,0000-0003-4869-901X
Jaehyuk Huh 0001,KAIST,http://calab.kaist.ac.kr/~jhuh,NC4hxqEAAAAJ,0000-0002-1742-047X
Jaehyung Kim 0001,Yonsei University,https://sites.google.com/view/jaehyungkim,6OYOsGsAAAAJ,0000-0003-2568-9951
Jaeil Kim,Kyungpook National University,https://sites.google.com/view/ipalab,L8cMLmEAAAAJ,0009-0007-0413-3256
Jaejin Lee,Seoul National University,http://aces.snu.ac.kr/~jlee,6JaKru0AAAAJ,0000-0003-4638-8170
Jaejun Yoo 0001,UNIST,https://sites.google.com/view/jaejunyoo,7NBlQw4AAAAJ,0000-0001-5252-9668
Jaekyun Moon,KAIST,http://moonlab.kaist.ac.kr/people.html,dfH3YpkAAAAJ,0000-0000-0000-0000
Jaelson Brelaz de Castro,UFPE,http://www.cin.ufpe.br/~jbc,Um1B6_4AAAAJ,0000-0000-0000-0000
Jaelson Castro,UFPE,http://www.cin.ufpe.br/~jbc,Um1B6_4AAAAJ,0000-0002-4635-7297
Jaelson Freire Brelaz de Castro,UFPE,http://www.cin.ufpe.br/~jbc,Um1B6_4AAAAJ,0000-0000-0000-0000
Jaemin Jo,Sungkyunkwan University,https://idclab.skku.edu,fw7ft64AAAAJ,0000-0002-5207-6010
Jaemin Yoo,KAIST,https://jaeminyoo.github.io,LcxcTRUAAAAJ,0000-0001-7237-5117
Jaesik Choi,KAIST,http://sailab.kaist.ac.kr/jaesik,RqMLVzUAAAAJ,0000-0002-4663-3263
Jaesik Park,Seoul National University,http://jaesik.info,_3q6KBIAAAAJ,0000-0001-5541-409X
Jaewoo Kang,Korea University,https://dmis.korea.ac.kr/jaewoo-kang-p-i,RaBZafQAAAAJ,0000-0001-6798-9106
Jaewoo Lee,University of Georgia,http://cobweb.cs.uga.edu/~jwlee,kqgVwE8AAAAJ,0000-0001-5887-2184
Jaewook Lee 0001,Seoul National University,https://slcf.snu.ac.kr/members/professor,teMdzbwAAAAJ,0000-0000-0000-0000
Jaewoong Sim,Seoul National University,https://jaewoong.org,4U65ziwAAAAJ,0000-0002-0403-9928
Jaeyeon Jang,The Catholic University of Korea,https://sites.google.com/view/jaeyeonjang,YcTjjbUAAAAJ,0000-0000-0000-0000
Jaeyeon Lee 0002,UNIST,https://jaeyeonlee.com,K_xmrzgAAAAJ,0000-0002-6474-8080
Jaeyoung Do,Seoul National University,https://aidas.snu.ac.kr/people,eIMVw2MAAAAJ,0000-0003-1275-1621
Jafar Habibi,Sharif University of Technology,http://sharif.ir/~jhabibi,fKvyreEAAAAJ,0000-0000-0000-0000
Jagarlapudi Saketha Nath,IIT Hyderabad,http://www.iith.ac.in/~saketha,k70LrvsAAAAJ,0000-0000-0000-0000
Jagath C. Rajapakse,Nanyang Technological University,http://www.ntu.edu.sg/home/asjagath,9WPWHiEAAAAJ,0000-0001-7944-1658
Jagrati Singh,IGDTUW,https://www.igdtuw.ac.in/computerScience.php?name=Jagrati_singh,zvxHl5AAAAAJ,0000-0000-0000-0000
Jai Kang,Rochester Inst. of Technology,https://www.rit.edu/gccis/jai-kang,NOSCHOLARPAGE,0000-0000-0000-0000
Jaideep Mulherkar,DAIICT,http://intranet.daiict.ac.in/~jaideep_mulherkar,J2aDvokAAAAJ,0000-0000-0000-0000
Jaideep Srivastava,University of Minnesota,https://www.cs.umn.edu/people/faculty,Y4J5SOwAAAAJ,0000-0001-9385-7545
Jaideep Vaidya,Rutgers University,https://www.business.rutgers.edu/faculty/jaideep-vaidya,5bYRZ4sAAAAJ,0000-0002-7420-6947
Jaijeet Roychowdhury,Univ. of California - Berkeley,https://www2.eecs.berkeley.edu/Faculty/Homepages/jr.html,NOSCHOLARPAGE,0000-0000-0000-0000
Jaijeet S. Roychowdhury,Univ. of California - Berkeley,https://www2.eecs.berkeley.edu/Faculty/Homepages/jr.html,NOSCHOLARPAGE,0000-0000-0000-0000
Jaikumar Radhakrishnan,Tata Inst. of Fundamental Research,http://www.tcs.tifr.res.in/~jaikumar,R-Iyl4gAAAAJ,0000-0000-0000-0000
Jaime Arguello,University of North Carolina,https://sils.unc.edu/people/faculty/profiles/Jaime-Arguello,q7foMK4AAAAJ,0000-0002-7645-0556
Jaime Delgado,Polytechnic Univ. of Catalonia,http://ieeexplore.ieee.org/document/6214725/?section=abstract,RSDAEdAAAAAJ,0000-0000-0000-0000
Jaime Delgado Merce,Polytechnic Univ. of Catalonia,http://ieeexplore.ieee.org/document/6214725/?section=abstract,RSDAEdAAAAAJ,0000-0000-0000-0000
Jaime Fernández Fisac,Princeton University,https://ece.princeton.edu/people/jaime-fernandez-fisac,HvjirogAAAAJ,0000-0000-0000-0000
Jaime Navon,UC Chile,https://www.ing.uc.cl/academicos-e-investigadores/jaime-navon-cohen,NOSCHOLARPAGE,0000-0000-0000-0000
Jaime Ruiz,University of Florida,https://www.jaimeruiz.com,K1O-ZPIAAAAJ,0000-0002-9139-6172
Jaime Simao Sichman,USP,https://www2.pcs.usp.br/pcsv6/index.php/131-docentes/223-jaime,rlSHIHIAAAAJ,0000-0000-0000-0000
Jaime Viegas,Masdar Institute,https://www.masdar.ac.ae/aboutus/management/faculty-directory/item/5686-jaime-viegas,R97KDQ0AAAAJ,0000-0002-7542-8349
Jainendra K. Navlakha,Florida International University,https://www.cis.fiu.edu/faculty-staff/navlakha-jainendra-k,NOSCHOLARPAGE,0000-0000-0000-0000
Jainendra Shukla,IIIT Delhi,https://www.iiitd.ac.in/jainendra,QCZleNQAAAAJ,0000-0002-6526-0087
Jake J. Abbott,University of Utah,https://www.mech.utah.edu/directory/faculty/jake-abbott,GyeogAAAAJ,0000-0000-0000-0000
Jake Lever,University of Glasgow,https://www.gla.ac.uk/schools/computing/staff/jakelever,5ICLcYAAAAAJ,0000-0001-8198-2939
Jakob Andreas Bærentzen,DTU,https://www.compute.dtu.dk/english,NOSCHOLARPAGE,0000-0003-2583-0660
Jakob Bohr,DTU,https://www.compute.dtu.dk/english,NOSCHOLARPAGE,0000-0003-4076-2045
Jakob Eg Larsen,DTU,https://www.compute.dtu.dk/english,NOSCHOLARPAGE,0000-0000-0000-0000
Jakob Eriksson,University of Illinois at Chicago,https://www.cs.uic.edu/Jakob,kLUW0psAAAAJ,0000-0002-4848-7503
Jakob Grue Simonsen,University of Copenhagen,http://www.diku.dk/~simonsen,JFhAzosAAAAJ,0000-0002-3488-9392
Jakob H. Macke,University of Tübingen,https://uni-tuebingen.de/en/research/core-research/cluster-of-excellence-machine-learning/research/research/cluster-research-groups/professorships/machine-learning-in-science,FKOqtF8AAAAJ,0000-0000-0000-0000
Jakob Nordström,University of Copenhagen,http://www.jakobnordstrom.se,YSFwWNIAAAAJ,0000-0002-2700-4285
Jakob Rehof,TU Dortmund,https://ls14-www.cs.uni-dortmund.de/cms/de/home,lhc6Jn4AAAAJ,0000-0000-0000-0000
Jakob Runge,TU Dresden,https://www.jakob-runge.com,wtXVvuUAAAAJ,0000-0002-0629-1772
Jakob Zech,Heidelberg University,https://jakobzech.com,F678i2sAAAAJ,0000-0000-0000-0000
Jakub Kowalski,University of Wroclaw,http://ii.uni.wroc.pl/instytut/pracownicy/64,31AWuosAAAAJ,0000-0003-1932-4278
Jakub M. Tomczak,VU Amsterdam,https://jmtomczak.github.io/index.html,XB99pR4AAAAJ,0000-0001-8634-694X
Jakub Marecek,Czech Technical University,https://www.aic.fel.cvut.cz/research-areas/optimization,Ew8TNsMAAAAJ,0000-0003-0839-0691
Jakub Michaliszyn,University of Wroclaw,http://www.ii.uni.wroc.pl/~jmi,KxpyIIYAAAAJ,0000-0002-5053-0347
Jakub Mikolaj Tomczak,VU Amsterdam,https://jmtomczak.github.io/index.html,XB99pR4AAAAJ,0000-0000-0000-0000
Jakub Pawlewicz,University of Warsaw,https://chessprogramming.wikispaces.com/Jakub+Pawlewicz,95JYFDQAAAAJ,0000-0003-4670-9106
Jakub Radoszewski,University of Warsaw,http://uw.academia.edu/JakubRadoszewski,U-0-OtsAAAAJ,0000-0002-0067-6401
Jakub Simko,Kempelen Institute - KInIT,https://kinit.sk/member/jakub-simko,vjXMG2AAAAAJ,0000-0003-0239-4237
Jakub Szefer,Yale University,http://seas.yale.edu/faculty-research/faculty-directory/jakub-szefer,NO1Je2kAAAAJ,0000-0001-9721-3640
Jalaj Upadhyay,Rutgers University,https://sites.google.com/view/jalajupadhyay/home,vHTMzPQAAAAJ,0009-0004-3305-5101
Jalal Kawash,University of Calgary,http://www.cpsc.ucalgary.ca/~kawash,NOSCHOLARPAGE,0000-0000-0000-0000
Jamal Alsakran,University of Jordan,http://eacademic.ju.edu.jo/j.Alsakran,lQ9EkngAAAAJ,0000-0001-6968-5616
Jamal Atif,Université Paris Dauphine,https://www.lamsade.dauphine.fr/fr/personnes/detail-cv/profile/jamal-atif.html,2RbvJyIAAAAJ,0000-0000-0000-0000
James A. Bagnell,Carnegie Mellon University,http://www.ri.cmu.edu/person.html?person_id=689,7t4jbPQAAAAJ,0000-0000-0000-0000
James A. Clause,University of Delaware,https://www.eecis.udel.edu/~clause,CappitoAAAAJ,0000-0000-0000-0000
James A. Fogarty,University of Washington,https://homes.cs.washington.edu/~jfogarty,hma0WFAAAAAJ,0000-0000-0000-0000
James A. Glazier,Indiana University,https://iubphys.sitehost.iu.edu/faculty/glazier.shtml,y0pmefMAAAAJ,0000-0003-3634-190X
James A. Hendler,Rensselaer Polytechnic Institute,http://www.cs.rpi.edu/~hendler,JNPbTdIAAAAJ,0000-0003-3056-1960
James A. Jones,Univ. of California - Irvine,http://jamesajones.com,3lB8Y8kAAAAJ,0000-0002-5359-7934
James A. Landay,Stanford University,https://profiles.stanford.edu/james-landay,oQsObk0AAAAJ,0000-0003-1520-8894
James A. Preiss,Univ. of California - Santa Barbara,https://cs.ucsb.edu/people/faculty/james-preiss,gXkGd7EAAAAJ,0000-0000-0000-0000
James A. R. Marshall,University of Sheffield,https://www.sheffield.ac.uk/dcs/people/academic/james-marshall,VNMIqx4AAAAJ,0000-0000-0000-0000
James A. Storer,Brandeis University,http://www.cs.brandeis.edu/~storer,v3vdZycAAAAJ,0000-0000-0000-0000
James Alexander Hendler,Rensselaer Polytechnic Institute,http://www.cs.rpi.edu/~hendler,JNPbTdIAAAAJ,0000-0000-0000-0000
James Alfred Walker,University of York,https://www.cs.york.ac.uk/people/?group=Research%20Fellows%20and%20Research%20Associates&username=jawalker,Yl5OycsAAAAJ,0000-0000-0000-0000
James Allan 0001,Univ. of Massachusetts Amherst,https://ciir.cs.umass.edu/~allan,-bLGeg0AAAAJ,0000-0003-0132-5694
James Allen Fill,Johns Hopkins University,https://www.ams.jhu.edu/~fill,gSwyFR4AAAAJ,0000-0000-0000-0000
James Andrew Bagnell,Carnegie Mellon University,http://www.ri.cmu.edu/person.html?person_id=689,7t4jbPQAAAAJ,0000-0000-0000-0000
James Andrew Smith,York University,http://eecs.lassonde.yorku.ca/faculty/james-andrew-smith,cc9nEgYAAAAJ,0000-0002-8402-1794
James Aspnes,Yale University,http://www.cs.yale.edu/homes/aspnes,1HYDaVIAAAAJ,0000-0001-6188-1663
James Atlas,University of Delaware,https://www.eecis.udel.edu/~atlas,ayy4s4cAAAAJ,0000-0002-8030-6098
James Austin,University of York,https://www-users.cs.york.ac.uk/~austin,xpZL8d8AAAAJ,0000-0000-0000-0000
James B. D. Joshi,University of Pittsburgh,http://www.sis.pitt.edu/jjoshi,veOn_3UAAAAJ,0000-0000-0000-0000
James B. Worrell,University of Oxford,http://www.cs.ox.ac.uk/james.worrell,oFZmiioAAAAJ,0000-0000-0000-0000
James Bailey 0001,University of Melbourne,http://people.eng.unimelb.edu.au/baileyj,ujsYC98AAAAJ,0000-0002-3769-3811
James Boorman,Monash University,https://research.monash.edu/en/persons/james-boorman,vz2aiXIAAAAJ,0009-0001-0688-8536
James Bret Michael,Naval Postgraduate School,http://faculty.nps.edu/vitae/cgi-bin/vita.cgi?p=display_vita&id=1023567701,JYxa6eYAAAAJ,0000-0000-0000-0000
James Brotherston,University College London,http://www0.cs.ucl.ac.uk/staff/J.Brotherston,TmQ8BA8AAAAJ,0000-0002-7536-4496
James C. Bezdek,University of Melbourne,https://findanexpert.unimelb.edu.au/profile/22301-jim-bezdek,kXy4LAMAAAAJ,0000-0000-0000-0000
James C. Gee,University of Pennsylvania,https://www.med.upenn.edu/apps/faculty/index.php/g275/p10656,MIjWr_8AAAAJ,0000-0000-0000-0000
James C. Hoe,Carnegie Mellon University,http://users.ece.cmu.edu/~jhoe,ZnRhcFUAAAAJ,0000-0002-9302-5287
James C. Lester,North Carolina State University,https://www.csc.ncsu.edu/people/lester,8LDxxM0AAAAJ,0000-0000-0000-0000
James Caldwell,University of Wyoming,http://www.cs.uwyo.edu/~jlc,kPtO_xgAAAAJ,0000-0003-4475-8967
James Cannady,Nova Southeastern University,https://cec.nova.edu/faculty/cannady.html,NOSCHOLARPAGE,0000-0000-0000-0000
James Canning,University of Massachusetts Lowell,https://www.uml.edu/Honors/People/canning-james.aspx,1V__UcAAAAAJ,0000-0000-0000-0000
James Caverlee,Texas A&M University,http://faculty.cs.tamu.edu/caverlee,LB1dq_sAAAAJ,0000-0001-8350-8528
James Cheney,University of Edinburgh,http://homepages.inf.ed.ac.uk/jcheney,G-1f1G4AAAAJ,0000-0002-1307-9286
James Cheng,Chinese University of Hong Kong,http://www.cse.cuhk.edu.hk/~jcheng,M--dS1EAAAAJ,0000-0001-6313-6288
James Clause,University of Delaware,https://www.eecis.udel.edu/~clause,CappitoAAAAJ,0000-0003-2728-3840
James Clawson,Indiana University,https://jamesclawson.com,7Z-F_AoAAAAJ,0000-0001-8686-3859
James Cremer,University of Iowa,https://www.cs.uiowa.edu/~cremer,At2chacAAAAJ,0000-0000-0000-0000
James Currier,University of Pittsburgh,http://www.sci.pitt.edu/faculty-and-research/faculty-directory/james-d-kip-currier,NOSCHOLARPAGE,0000-0000-0000-0000
James Cussens,University of Bristol,https://research-information.bris.ac.uk/en/persons/james-cussens,OEFkOR0AAAAJ,0000-0002-1363-2336
James D. Herbsleb,Carnegie Mellon University,http://herbsleb.org,NOSCHOLARPAGE,0000-0002-7159-7524
James D. Hollan,Univ. of California - San Diego,http://hci.ucsd.edu/hollan,LOFYnLkAAAAJ,0000-0000-0000-0000
James David Laird,University of Bath,http://www.bath.ac.uk/comp-sci/contacts/academics/james_laird,_Gi9Hl4AAAAJ,0000-0000-0000-0000
James Davis 0001,Univ. of California - Santa Cruz,https://users.soe.ucsc.edu/~davis,BDYIAe4AAAAJ,0000-0002-1413-2616
James Demmel,Univ. of California - Berkeley,https://www.cs.berkeley.edu/~demmel,NOSCHOLARPAGE,0000-0002-0550-5476
James Dunham,Southern Methodist University,https://www.smu.edu/Lyle/Departments/CSE/People/Faculty/DunhamJames,s2VQbjwAAAAJ,0000-0000-0000-0000
James E. Davis,Univ. of California - Santa Cruz,https://users.soe.ucsc.edu/~davis,BDYIAe4AAAAJ,0000-0000-0000-0000
James E. Gain,University of Cape Town,https://people.cs.uct.ac.za/~jgain,ZN802qkAAAAJ,0000-0000-0000-0000
James E. Heliotis,Rochester Inst. of Technology,https://www.cs.rit.edu/~jeh,NOSCHOLARPAGE,0000-0000-0000-0000
James E. Young,University of Manitoba,http://home.cs.umanitoba.ca/~young,NOSCHOLARPAGE,0000-0000-0000-0000
James Emil Avery,University of Copenhagen,https://di.ku.dk/english/staff/vip/researchers_pltc/?pure=en/persons/180093,DZtw3PgAAAAJ,0000-0000-0000-0000
James Everett Young,University of Manitoba,http://home.cs.umanitoba.ca/~young,NOSCHOLARPAGE,0000-0002-6132-0118
James F. Allen,University of Rochester,http://www.cs.rochester.edu/~james,FxPzh9kAAAAJ,0000-0000-0000-0000
James F. O'Brien,Univ. of California - Berkeley,http://obrien.berkeley.edu,UWZA0v4AAAAJ,0000-0001-9513-0542
James Fastook,University of Maine,https://umaine.edu/scis/faculty-and-staff/james-fastook,ea1-wPUAAAAJ,0000-0003-3900-671X
James Fleming,Dalhousie University,https://www.dal.ca/faculty/computerscience/faculty-staff/james-fleming.html,BU9Rmm8AAAAJ,0000-0000-0000-0000
James Fogarty,University of Washington,https://homes.cs.washington.edu/~jfogarty,hma0WFAAAAAJ,0000-0001-9194-934X
James G. Nagy,Emory University,https://math.emory.edu/~nagy,fMdqZFsAAAAJ,0000-0000-0000-0000
James Garforth,University of Edinburgh,http://www.inf.ed.ac.uk/people/staff/James_Garforth.html,epjKkBMAAAAJ,0000-0000-0000-0000
James Geller,NJIT,https://web.njit.edu/~geller,R_EbDzYAAAAJ,0000-0000-0000-0000
James Griffioen,University of Kentucky,http://protocols.netlab.uky.edu/~griff,NOSCHOLARPAGE,0000-0000-0000-0000
James H. Anderson,University of North Carolina,http://jamesanderson.web.unc.edu,mIZu9oQAAAAJ,0000-0000-0000-0000
James H. Davenport,University of Bath,http://people.bath.ac.uk/masjhd,dy5hIhAAAAAJ,0000-0002-3982-7545
James H. Elder,York University,http://elderlab.yorku.ca/~elder,wSBFrb8AAAAJ,0000-0000-0000-0000
James H. Hill,IUPUI,http://sebox.cs.iupui.edu,NOSCHOLARPAGE,0000-0001-8336-9855
James H. Martin,University of Colorado Boulder,http://www.cs.colorado.edu/~martin,ZVxO6IIAAAAJ,0000-0002-9654-3864
James H. Moore,University of Pennsylvania,http://epistasis.org/jason-h-moore-phd,mE1Te78AAAAJ,0000-0000-0000-0000
James H. Morris,Carnegie Mellon University,http://www.cs.cmu.edu/~jhm,Y9cRdbIAAAAJ,0000-0000-0000-0000
James H. Morris Jr.,Carnegie Mellon University,http://www.cs.cmu.edu/~jhm,Y9cRdbIAAAAJ,0000-0000-0000-0000
James Harland,RMIT University,https://www.rmit.edu.au/contact/staff-contacts/academic-staff/h/harland-associate-professor-james,46pt7TgAAAAJ,0000-0001-8640-5137
James Harold Davenport,University of Bath,http://people.bath.ac.uk/masjhd,bxOyjTUAAAAJ,0000-0000-0000-0000
James Hays,Georgia Institute of Technology,http://www.cc.gatech.edu/~hays,vjZrDKQAAAAJ,0000-0001-7016-4252
James Henri Tompkin,Brown University,http://www.jamestompkin.com,Ex3pgLAAAAAJ,0000-0000-0000-0000
James Hook,Portland State University,http://web.cecs.pdx.edu/~hook,dBE0MEkAAAAJ,0000-0000-0000-0000
James I. Lathrop,Iowa State University,https://www.cs.iastate.edu/people/jim-lathrop,NOSCHOLARPAGE,0000-0002-5467-5818
James J. Little,University of British Columbia,http://www.cs.ubc.ca/~little,a0za4V8AAAAJ,0000-0000-0000-0000
James J. Martin,Clemson University,https://people.cs.clemson.edu/~jmarty,66VE-3MAAAAJ,0000-0000-0000-0000
James J. Q. Yu,SUSTech,https://jamesyu.me,PUgfVxwAAAAJ,0000-0000-0000-0000
James Jenn-Jier Lien,National Cheng Kung University,http://www.csie.ncku.edu.tw/ncku_csie/depmember/teacherdetail/id/17,3nu_iw0AAAAJ,0000-0000-0000-0000
James Jian Qiao Yu,SUSTech,https://jamesyu.me,PUgfVxwAAAAJ,0000-0002-6392-6711
James Joshi,University of Pittsburgh,http://www.sis.pitt.edu/jjoshi,veOn_3UAAAAJ,0000-0003-4519-9802
James K. Baker,University of Central Florida,https://www.cs.ucf.edu/person/james-baker,NOSCHOLARPAGE,0000-0000-0000-0000
James K. Hahn,George Washington University,https://www.seas.gwu.edu/~hahn,m0BU16YAAAAJ,0000-0000-0000-0000
James Kwangjune Hahn,George Washington University,https://www.seas.gwu.edu/~hahn,m0BU16YAAAAJ,0000-0000-0000-0000
James L. Patton,University of Illinois at Chicago,https://pattonj.people.uic.edu,GWUT6MQAAAAJ,0000-0000-0000-0000
James L. Weiner,University of New Hampshire,http://www.cs.unh.edu/Faculty/jlw.html,NOSCHOLARPAGE,0000-0000-0000-0000
James Laird,University of Bath,http://www.bath.ac.uk/comp-sci/contacts/academics/james_laird,_Gi9Hl4AAAAJ,0000-0002-3636-8937
James Lin,Shanghai Jiao Tong University,https://hpc.sjtu.edu.cn/~lin,TFfS5AcAAAAJ,0000-0000-0000-0000
James Little 0001,University of British Columbia,http://www.cs.ubc.ca/~little,a0za4V8AAAAJ,0000-0000-0000-0000
James M. Calvin,NJIT,https://web.njit.edu/~calvin,TFf0hRcAAAAJ,0000-0000-0000-0000
James M. Murphy,Tufts University,https://engineering.tufts.edu/cs/people/faculty/james-murphy,8tfLh_YAAAAJ,0000-0000-0000-0000
James M. Purtilo,Univ. of Maryland - College Park,https://seam.cs.umd.edu/purtilo,5-O2lzIAAAAJ,0000-0000-0000-0000
James M. Rehg,Univ. of Illinois at Urbana-Champaign,http://rehg.org,8kA3eDwAAAAJ,0000-0003-1793-5462
James M. Stiles,University of Kansas,http://www.eecs.ku.edu/people/faculty/jstiles,GYMISJkAAAAJ,0000-0000-0000-0000
James M. Westall,Clemson University,https://people.cs.clemson.edu/~westall/homepage.html,NOSCHOLARPAGE,0000-0000-0000-0000
James Martin 0001,Clemson University,https://people.cs.clemson.edu/~jmarty,66VE-3MAAAAJ,0000-0000-0000-0000
James Matthew Rehg,Univ. of Illinois at Urbana-Champaign,http://rehg.org,8kA3eDwAAAAJ,0000-0000-0000-0000
James McCann,Carnegie Mellon University,http://www.cs.cmu.edu/~jmccann,NOSCHOLARPAGE,0000-0002-4231-4142
James McHugh,NJIT,https://web.njit.edu/~mchugh/202,oi903pgAAAAJ,0000-0000-0000-0000
James McKee,Royal Holloway Univ. of London,https://pure.royalholloway.ac.uk/en/persons/james-mckee,NOSCHOLARPAGE,0000-0000-0000-0000
James McKinna,Heriot-Watt University,https://researchportal.hw.ac.uk/en/persons/james-mckinna,_CjMNVsAAAAJ,0000-0001-6745-2560
James Mickens,Harvard University,http://mickens.seas.harvard.edu,7m5-SfEAAAAJ,0009-0007-7296-5185
James N. Smith,Augusta University,https://www.augusta.edu/faculty/directory/view.php?id=JASMITH8,vktau2YAAAAJ,0000-0000-0000-0000
James Ohene-Djan,Goldsmiths University of London,https://www.gold.ac.uk/computing/staff/j-ohene-djan,NOSCHOLARPAGE,0000-0000-0000-0000
James P. Bagrow,University of Vermont,http://bagrow.com,krWnCYIAAAAJ,0000-0000-0000-0000
James P. Callan,Carnegie Mellon University,http://www.cs.cmu.edu/~callan,Un5KXJ4AAAAJ,0000-0000-0000-0000
James P. Clements,Clemson University,https://www.clemson.edu/administration/president/biography.html,tUxim4kAAAAJ,0000-0000-0000-0000
James P. Cohoon,University of Virginia,https://www.cs.virginia.edu/~cohoon,ud1XWV0AAAAJ,0000-0000-0000-0000
James P. Delgrande,Simon Fraser University,http://www.cs.sfu.ca/~jim,NOSCHOLARPAGE,0000-0000-0000-0000
James P. G. Sterbenz,University of Kansas,http://www.ittc.ku.edu/~jpgs,Xuh3zZ8AAAAJ,0000-0000-0000-0000
James P. Parkerson,University of Arkansas,http://www.csce.uark.edu/~jparkers,NOSCHOLARPAGE,0000-0000-0000-0000
James Palmer,Northern Arizona University,https://nau.edu/siccs/faculty,Je5-HpYAAAAJ,0000-0000-0000-0000
James Parrish,Nova Southeastern University,https://cec.nova.edu/faculty/parrish.html,C4lsGgkAAAAJ,0000-0000-0000-0000
James Paul Dourish,Univ. of California - Irvine,http://www.dourish.com,wyCIJfQAAAAJ,0000-0000-0000-0000
James Purtilo,Univ. of Maryland - College Park,https://seam.cs.umd.edu/purtilo,5-O2lzIAAAAJ,0000-0000-0000-0000
James Pustejovsky,Brandeis University,http://www.brandeis.edu/facultyguide/person.html?emplid=dbbe2e6922a901a7151b3d83b6618450867207ae,56UT_6IAAAAJ,0000-0003-2233-9761
James Quilty,Victoria University of Wellington,http://ecs.victoria.ac.nz/Main/JamesQuilty,NOSCHOLARPAGE,0000-0002-0929-7539
James R. Conrad,UNC - Charlotte,https://ece.charlotte.edu/directory/dr-jim-conrad-phd,SFZ3tFQAAAAJ,0000-0000-0000-0000
James R. Cordy,Queen's University,http://www.cs.queensu.ca/~cordy,t7IssBgAAAAJ,0000-0000-0000-0000
James R. Foulds,Univ. of Maryland - Baltimore County,https://jfoulds.informationsystems.umbc.edu,j-kLU-4AAAAJ,0000-0000-0000-0000
James R. Luedtke,University of Wisconsin - Madison,https://homepages.cae.wisc.edu/~luedtkej,NOSCHOLARPAGE,0000-0000-0000-0000
James R. Miller,University of Kansas,http://people.eecs.ku.edu/~miller,K5hmGHcAAAAJ,0000-0000-0000-0000
James R. Wallace,University of Waterloo,https://uwaterloo.ca/human-computer-interaction-health-lab,CxDo9sAAAAJ,0000-0000-0000-0000
James R. Warren,University of Auckland,https://www.cs.auckland.ac.nz/~jim,67P38dMAAAAJ,0000-0002-8660-8951
James R. Wright,University of Alberta,http://jrwright.info,-BEP3TYAAAAJ,0000-0002-8601-925X
James Riely,DePaul University,http://fpl.cs.depaul.edu/jriely,P_76K3wAAAAJ,0000-0002-8731-1463
James Rowland,University of Kansas,http://www.eecs.ku.edu/people/faculty/jrowland,NOSCHOLARPAGE,0000-0000-0000-0000
James S. Collofello,Arizona State University,https://cidse.engineering.asu.edu/directory/collofello-james,NOSCHOLARPAGE,0000-0000-0000-0000
James S. Plank,University of Tennessee,http://web.eecs.utk.edu/~plank,pH3eZOQAAAAJ,0000-0002-9841-6076
James S. Royer,Syracuse University,http://www.cis.syr.edu/~royer,NOSCHOLARPAGE,0000-0000-0000-0000
James Stephen Marron,University of North Carolina,http://cs.unc.edu/people/steve-marron,Ft9MrIoAAAAJ,0000-0000-0000-0000
James Stewart,Queen’s University,http://www.cs.queensu.ca/home/jstewart,xQXd2pEAAAAJ,0000-0000-0000-0000
James T. Canning,University of Massachusetts Lowell,https://www.uml.edu/About/leadership/Deans/Canning-James.aspx,1V__UcAAAAAJ,0000-0000-0000-0000
James T. Kwok,HKUST,http://www.cse.ust.hk/~jamesk,NOSCHOLARPAGE,0000-0000-0000-0000
James Tam,University of Calgary,http://pages.cpsc.ucalgary.ca/~tamj,CDVDYysAAAAJ,0000-0000-0000-0000
James Thorne,KAIST,https://jamesthorne.com,hao9RrgAAAAJ,0000-0000-0000-0000
James Tin-Yau Kwok,HKUST,http://www.cse.ust.hk/~jamesk,NOSCHOLARPAGE,0000-0000-0000-0000
James Tompkin 0001,Brown University,http://www.jamestompkin.com,Ex3pgLAAAAAJ,0000-0003-2218-2899
James Tuck 0001,North Carolina State University,https://sites.google.com/a/ncsu.edu/james-tuck,4Ulx0fyHsLwC,0000-0001-8975-0294
James Vallino,Rochester Inst. of Technology,http://www.se.rit.edu/~jrv,DwWwHIMAAAAJ,0000-0000-0000-0000
James W. Davis,Ohio State University,http://web.cse.ohio-state.edu/~jwdavis,Jd6nw80AAAAJ,0000-0000-0000-0000
James W. Hong,POSTECH,http://dpnm.postech.ac.kr/~jwkhong,0-cL2cYAAAAJ,0000-0000-0000-0000
James W. Mickens,Harvard University,http://mickens.seas.harvard.edu,7m5-SfEAAAAJ,0000-0000-0000-0000
James Waldo,Harvard University,https://www.seas.harvard.edu/directory/waldo,A6y_bqkAAAAJ,0009-0009-0852-5390
James Wang,Clemson University,https://people.cs.clemson.edu/~jzwang,JVEaAlEAAAAJ,0000-0000-0000-0000
James Weimer,Vanderbilt University,https://jamesweimer.net,IeuLakwAAAAJ,0000-0001-8167-9163
James Weldon Demmel,Univ. of California - Berkeley,https://www.cs.berkeley.edu/~demmel,NOSCHOLARPAGE,0000-0000-0000-0000
James Westall,Clemson University,https://people.cs.clemson.edu/~westall/homepage.html,NOSCHOLARPAGE,0000-0000-0000-0000
James Won-Ki Hong,POSTECH,http://dpnm.postech.ac.kr/~jwkhong,xmjM_WoAAAAJ,0000-0003-2853-7734
James Worrell 0001,University of Oxford,http://www.cs.ox.ac.uk/james.worrell,oFZmiioAAAAJ,0000-0001-8151-2443
James Xi Zheng,Macquarie University,http://web.science.mq.edu.au/~jxzheng,SNfRGJoAAAAJ,0000-0002-2572-2355
James Y. Zou,Stanford University,https://sites.google.com/site/jamesyzou,23ZXZvEAAAAJ,0000-0000-0000-0000
James Yu,DePaul University,http://www.cdm.depaul.edu/about/Pages/People/FacultyInfo.aspx?fid=344,NOSCHOLARPAGE,0000-0000-0000-0000
James Zou 0001,Stanford University,https://www.james-zou.com,23ZXZvEAAAAJ,0000-0001-8880-4764
Jamie A. Ward,Goldsmiths University of London,https://www.gold.ac.uk/computing/people/ward-jamie,-Xy7uX4AAAAJ,0000-0002-9637-6066
Jamie Callan,Carnegie Mellon University,http://www.cs.cmu.edu/~callan,Un5KXJ4AAAAJ,0000-0002-1211-7754
Jamie Forth,Goldsmiths University of London,https://www.gold.ac.uk/computing/people/forth-jamie,z4E94nIAAAAJ,0000-0002-9821-348X
Jamie H. Morgenstern,University of Washington,http://jamiemorgenstern.com,t0ZfFH8AAAAJ,0000-0000-0000-0000
Jamie Morgenstern,University of Washington,http://jamiemorgenstern.com,t0ZfFH8AAAAJ,0000-0003-3753-8405
Jamie Paul Twycross,University of Nottingham,https://www.nottingham.ac.uk/computerscience/people/jamie.twycross,I9Tsqf8AAAAJ,0000-0000-0000-0000
Jamie Payton,NJIT,https://people.njit.edu/profile/js2852,dIbeva0AAAAJ,0000-0002-4104-8233
Jamie Sikora,Virginia Tech,https://www.perimeterinstitute.ca/people/jamie-sikora,EBxyd5gAAAAJ,0000-0000-0000-0000
Jamie Twycross,University of Nottingham,https://www.nottingham.ac.uk/computerscience/people/jamie.twycross,I9Tsqf8AAAAJ,0000-0002-1684-0886
Jamie Vicary,University of Cambridge,https://www.cl.cam.ac.uk/~jv258,9LG1IeMAAAAJ,0000-0002-0998-1701
Jamilson Dantas,UFPE,https://sites.google.com/cin.ufpe.br/jamilsondantas,p-6fez4AAAAJ,0000-0000-0000-0000
Jamuna Kanta Sing,Jadavpur University,https://jaduniv.irins.org/profile/57038,rf_-dsUAAAAJ,0000-0000-0000-0000
"Jan ""Matt"" Pedersen",University of Nevada Las Vegas,http://www.egr.unlv.edu/~matt,Oh3z3nEAAAAJ,0000-0002-2800-5095
Jan Arne Telle,University of Bergen,http://www.ii.uib.no/~telle,NOSCHOLARPAGE,0000-0000-0000-0000
Jan B. Pedersen,University of Nevada Las Vegas,http://www.egr.unlv.edu/~matt,Oh3z3nEAAAAJ,0000-0000-0000-0000
Jan B. Pedersen 0001,University of Nevada Las Vegas,http://www.egr.unlv.edu/~matt,Oh3z3nEAAAAJ,0000-0000-0000-0000
Jan Baumbach,University of Hamburg,https://www.zbh.uni-hamburg.de/personen/csb/jbaumbach.html,PWV8xOoAAAAJ,0000-0002-0282-0462
Jan Bender,RWTH Aachen University,https://www.animation.rwth-aachen.de,POEoFagAAAAJ,0000-0002-1908-4027
Jan Beutel,University of Innsbruck,https://www.uibk.ac.at/informatik/forschung/professorinnen.html.de,LRkwAAAAJ,0000-0003-0879-2455
Jan Bosch,Chalmers/GU,https://www.chalmers.se/en/staff/Pages/jan-bosch.aspx,Wr6oSWIAAAAJ,0000-0000-0000-0000
Jan Bouda,Masaryk University,https://www.muni.cz/en/people/3717,To23LQMAAAAJ,0000-0000-0000-0000
Jan Bækgaard Pedersen,University of Nevada Las Vegas,http://www.egr.unlv.edu/~matt,Oh3z3nEAAAAJ,0000-0000-0000-0000
Jan C. van Gemert,TU Delft,https://www.tudelft.nl/ewi/over-de-faculteit/afdelingen/intelligent-systems/pattern-recognition-bioinformatics/computer-vision-lab/people/jan-van-gemert,JUdMRGcAAAAJ,0000-0000-0000-0000
Jan Carlo Barca,Monash University,http://monash.edu/research/explore/en/persons/jan-barca(b809a264-a966-4c49-b3b3-1425a47f97ee).html,bZQ0r6YAAAAJ,0000-0000-0000-0000
Jan Carlson,Mälardalen University,http://www.es.mdh.se/staff/40-Jan_Carlson,gH5Au04AAAAJ,0000-0002-8461-0230
Jan Cederquist,Universidade de Lisboa,http://web.ist.utl.pt/~ist24691,ImQ41W0AAAAJ,0000-0003-2738-764X
Jan Cernocký,Brno University of Technology,https://www.fit.vut.cz/person/cernocky,BnfCLXcAAAAJ,0000-0000-0000-0000
Jan Chomicki,University at Buffalo,https://cse.buffalo.edu/~chomicki,twwFv3QAAAAJ,0000-0000-0000-0000
Jan Chorowski,University of Wroclaw,http://ii.uni.wroc.pl/instytut/pracownicy/15,Yc94070AAAAJ,0000-0002-1570-7610
Jan Ehlers,Bauhaus University Weimar,https://www.uni-weimar.de/en/media/chairs/computer-science-department/usability-research-group/group/vertretungs-professor-dr-jan-ehlers,NOSCHOLARPAGE,0000-0002-4475-2349
Jan F. Prins,University of North Carolina,http://www.cs.unc.edu/~prins,VFMbBPgAAAAJ,0000-0000-0000-0000
Jan Faigl,Czech Technical University,http://robotics.fel.cvut.cz/faigl,-finD_sAAAAJ,0000-0002-6193-0792
Jan Friso Groote,TU Eindhoven,http://www.win.tue.nl/~jfg,fZ3cdbUAAAAJ,0000-0003-2196-6587
Jan Gugenheimer,TU Darmstadt,https://www.gugenheimer.com,DkjBHDUAAAAJ,0000-0002-6466-3845
Jan Hajic,Charles University,https://ufal.mff.cuni.cz/jan-hajic,PRGTBUoAAAAJ,0000-0002-3503-7730
Jan Hidders,Birkbeck University of London,https://www.dcs.bbk.ac.uk/about/people/academic-staff/hidders-jan,EHD4dXkAAAAJ,0000-0002-8865-4329
Jan Hoffmann 0002,Carnegie Mellon University,http://www.cs.cmu.edu/~janh,0Kvq4bUAAAAJ,0000-0001-8326-0788
Jan Honza Cernocký,Brno University of Technology,https://www.fit.vut.cz/person/cernocky,BnfCLXcAAAAJ,0000-0000-0000-0000
Jan Hubicka,Charles University,http://www.ucw.cz/~hubicka,vhXJ0JEAAAAJ,0000-0000-0000-0000
Jan Ingemar Markendahl,KTH Royal Inst. of Technology,https://www.kth.se/profile/janmar,Yy6WaDkAAAAJ,0000-0000-0000-0000
Jan J. M. M. Rutten,CWI,https://www.cwi.nl/people/127,NOSCHOLARPAGE,0000-0000-0000-0000
Jan Jonsson,Chalmers/GU,https://www.chalmers.se/en/staff/Pages/janjo.aspx,NOSCHOLARPAGE,0000-0000-0000-0000
Jan Jürjens,University of Koblenz-Landau,https://www.uni-koblenz-landau.de/de/koblenz/fb4/ist/rgse/staff/jan-juerjens,erI33mgAAAAJ,0000-0000-0000-0000
Jan Kloppenborg Møller,DTU,https://www.compute.dtu.dk/english,NOSCHOLARPAGE,0000-0000-0000-0000
Jan Kofron,Charles University,https://d3s.mff.cuni.cz/people/jankofron,Q551wNIAAAAJ,0000-0001-8926-1351
Jan Komorowski,IPI PAN,https://ipipan.waw.pl/instytut/pracownicy/henryk-jan-komorowski,P6CBNTMAAAAJ,0000-0000-0000-0000
Jan Korenek,Brno University of Technology,https://www.fit.vut.cz/person/korenek,dtwJRAkAAAAJ,0000-0002-4662-7349
Jan Kratochvíl,Charles University,https://kam.mff.cuni.cz/~honza,AUbareUAAAAJ,0000-0002-2620-6133
Jan Kretinsky,Masaryk University,https://www7.in.tum.de/~kretinsk,w4KVyKAAAAAJ,0000-0000-0000-0000
Jan Kretínský,Masaryk University,https://www7.in.tum.de/~kretinsk,w4KVyKAAAAAJ,0000-0002-8122-2881
Jan Kybic,Czech Technical University,http://cmp.felk.cvut.cz/~kybic,QwIATDoAAAAJ,0000-0002-9363-4947
Jan Kyncl,Charles University,https://kam.mff.cuni.cz/~kyncl,08jlpUUAAAAJ,0000-0003-4908-4703
Jan Lellmann,University of Lübeck,https://www.mic.uni-luebeck.de/people/jan-lellmann.html,AyjlTxMAAAAJ,0000-0000-0000-0000
Jan M. Allbeck,George Mason University,http://cs.gmu.edu/~jallbeck,GF-eRaMAAAAJ,0000-0000-0000-0000
Jan M. Rabaey,Univ. of California - Berkeley,https://www2.eecs.berkeley.edu/Faculty/Homepages/rabaey.html,GP64q_kAAAAJ,0000-0000-0000-0000
Jan Maas,IST Austria,https://ist.ac.at/research/research-groups/maas-group,Cm3vCpUAAAAJ,0000-0000-0000-0000
Jan Madey,University of Warsaw,http://www.eunis.org/organization/jan-madey-bio,NOSCHOLARPAGE,0000-0000-0000-0000
Jan Madsen,DTU,https://www.compute.dtu.dk/english,NOSCHOLARPAGE,0000-0002-5098-8454
Jan Mendling,Humboldt University of Berlin,https://www.informatik.hu-berlin.de/de/forschung/gebiete/promis/team/mendling,e3LVAMEAAAAJ,0000-0002-7260-524X
Jan Mielniczuk,IPI PAN,https://ipipan.waw.pl/instytut/pracownicy/jan-mielniczuk,O9m65cYAAAAJ,0000-0000-0000-0000
Jan Modersitzki,University of Lübeck,https://www.mic.uni-luebeck.de/people/jan-modersitzki.html,kjJlVk8AAAAJ,0000-0000-0000-0000
Jan N. van Rijn,Leiden University,https://www.universiteitleiden.nl/en/staffmembers/jan-van-rijn#tab-2,O4X5CpwAAAAJ,0000-0000-0000-0000
Jan Niehues,Karlsruhe Inst. of Technology,https://ai4lt.iar.kit.edu/english/team_jan_niehues.php,fO9cszYAAAAJ,0000-0002-4231-6543
Jan O. Borchers,RWTH Aachen University,https://hci.rwth-aachen.de/borchers,BN5-ACgAAAAJ,0000-0003-1509-3257
Jan Obdrzálek,Masaryk University,https://www.muni.cz/en/people/1552,x9S-uaAAAAAJ,0000-0000-0000-0000
Jan Oliver Borchers,RWTH Aachen University,https://hci.rwth-aachen.de/borchers,BN5-ACgAAAAJ,0000-0000-0000-0000
Jan Otop,University of Wroclaw,http://popl16.sigplan.org/profile/janotop,EueQHIgAAAAJ,0000-0002-8804-8011
Jan P. H. van Santen,OHSU,http://cslu.ohsu.edu/~vansanten,NOSCHOLARPAGE,0000-0000-0000-0000
Jan P. de Ruiter,Tufts University,https://engineering.tufts.edu/cs/people/faculty/jp-de-ruiter,DuXdQFkAAAAJ,0000-0000-0000-0000
Jan Paredis,Maastricht University,https://www.maastrichtuniversity.nl/j.paredis,hJqMjHYAAAAJ,0000-0000-0000-0000
Jan Paul Siebert,University of Glasgow,http://www.dcs.gla.ac.uk/~psiebert,DoEOa80AAAAJ,0000-0000-0000-0000
Jan Pedersen 0001,University of Nevada Las Vegas,http://www.egr.unlv.edu/~matt,Oh3z3nEAAAAJ,0000-0002-2800-5095
Jan Peleska 0001,University of Bremen,http://www.informatik.uni-bremen.de/agbs/jp,NOSCHOLARPAGE,0000-0003-3667-9775
Jan Peter de Ruiter,Tufts University,https://engineering.tufts.edu/cs/people/faculty/jp-de-ruiter,DuXdQFkAAAAJ,0000-0000-0000-0000
Jan Peters 0001,TU Darmstadt,https://www.ias.informatik.tu-darmstadt.de/Team/JanPeters,-kIVAcAAAAAJ,0000-0002-5266-8091
Jan Prins,University of North Carolina,http://www.cs.unc.edu/~prins,VFMbBPgAAAAJ,0000-0000-0000-0000
Jan Ramon,CRIStAL,https://www.cristal.univ-lille.fr/profil/jramon,NOSCHOLARPAGE,0000-0000-0000-0000
Jan Reineke 0001,Saarland University,http://embedded.cs.uni-saarland.de/reineke.php,s1otaQ0AAAAJ,0000-0002-3459-2214
Jan Rutten,CWI,https://www.cwi.nl/people/127,NOSCHOLARPAGE,0000-0000-0000-0000
Jan S. Rellermeyer,University of Hannover,https://www.ise.uni-hannover.de/rellermeyer,hnCSi8gAAAAJ,0000-0003-3791-7114
Jan Schröder,University of Melbourne,https://www.findanexpert.unimelb.edu.au/display/person304961,EoQ2NZsAAAAJ,0000-0001-5270-0605
Jan Skansholm,Chalmers/GU,https://www.chalmers.se/en/staff/Pages/skanshol.aspx,NOSCHOLARPAGE,0000-0000-0000-0000
Jan Smith,Chalmers/GU,https://www.chalmers.se/en/staff/Pages/smith.aspx,NOSCHOLARPAGE,0000-0000-0000-0000
Jan Stage,Aalborg University,http://people.cs.aau.dk/~jans,6fgR7XcAAAAJ,0009-0008-9721-4991
Jan Strejcek,Masaryk University,https://www.muni.cz/en/people/3366,2Bdz-iAAAAAJ,0000-0001-5873-403X
Jan Stühmer,Karlsruhe Inst. of Technology,https://mli.iar.kit.edu/21_58.php,pGukv5YAAAAJ,0009-0002-0122-5482
Jan Tretmans,Radboud University,http://www.cs.ru.nl/~tretmans,J_y4V0UAAAAJ,0000-0000-0000-0000
Jan Treur,VU Amsterdam,http://www.cs.vu.nl/~treur,2NzjnkYAAAAJ,0000-0003-2466-9158
Jan Vahrenhold,University of Münster,https://www.uni-muenster.de/Informatik.AGVahrenhold/personen/prof.dr.janvahrenhold/index.html,NOSCHOLARPAGE,0000-0001-8708-4814
Jan Vitek,Northeastern University,https://www.khoury.northeastern.edu/people/jan-vitek,Ws0GjboAAAAJ,0000-0003-4052-3458
Jan van Eijck,CWI,http://homepages.cwi.nl/~jve,ptYHch4AAAAJ,0000-0000-0000-0000
Jan van Gemert,TU Delft,https://www.tudelft.nl/ewi/over-de-faculteit/afdelingen/intelligent-systems/pattern-recognition-bioinformatics/computer-vision-lab/people/jan-van-gemert,JUdMRGcAAAAJ,0000-0002-3913-2786
Jan van Leeuwen,Utrecht University,https://www.uu.nl/staff/JvanLeeuwen1,7s_pSa4AAAAJ,0009-0008-1008-0872
Jan van den Brand,Georgia Institute of Technology,https://faculty.cc.gatech.edu/~vdbrand,56fOepEAAAAJ,0000-0001-8611-6896
Jan-J. Rückmann,University of Bergen,https://www.uib.no/en/persons/Jan-Joachim.R%C3%BCckmann,NOSCHOLARPAGE,0000-0000-0000-0000
Jan-Philipp Steghöfer,Chalmers/GU,https://www.chalmers.se/en/staff/Pages/jan-philipp-steghofer.aspx,NOSCHOLARPAGE,0000-0000-0000-0000
Jan-Willem van de Meent,University of Amsterdam,https://www.ccs.neu.edu/home/jwvdm,CX9Lu38AAAAJ,0000-0000-0000-0000
Jana Diesner,TU Munich,https://www.gov.sot.tum.de/hcc/team/jana-diesner,Ct83jG4AAAAJ,0000-0000-0000-0000
Jana Dittmann,University of Magdeburg,https://omen.cs.uni-magdeburg.de/itiamsl/deutsch/home/index.html,NOSCHOLARPAGE,0000-0000-0000-0000
Jana Giceva,TU Munich,https://db.in.tum.de/~giceva,O7xc9uEAAAAJ,0000-0002-1926-3551
Jana Hofmann [SP],Max Planck Society,https://janahofmann.github.io,w2HMTMAAAAAJ,0000-0000-0000-0000
Jana Koehler,Saarland University,https://www.dfki.de/en/web/about-us/employee/person/jako01,lLSyJr0AAAAJ,0000-0000-0000-0000
Jana Kosecka,George Mason University,https://cs.gmu.edu/~kosecka,sQ6l4sMAAAAJ,0000-0003-4619-3277
Jana Kosecká,George Mason University,https://cs.gmu.edu/~kosecka,sQ6l4sMAAAAJ,0000-0000-0000-0000
Jana Köhler,Saarland University,https://www.dfki.de/en/web/about-us/employee/person/jako01,lLSyJr0AAAAJ,0000-0000-0000-0000
Jana M. Weber,TU Delft,https://www.tudelft.nl/en/ewi/over-de-faculteit/afdelingen/intelligent-systems/pattern-recognition-bioinformatics/the-delft-bioinformatics-lab/people/jana-m-weber,FNkdn44AAAAJ,0000-0000-0000-0000
Jana Pavlasek,Polytechnique Montreal,https://janapavlasek.com,yJS-u7IAAAAJ,0000-0000-0000-0000
Janaina Mourão Miranda,University College London,https://iris.ucl.ac.uk/iris/browse/profile?upi=JMOUR63,CeWaBjcAAAAJ,0000-0000-0000-0000
Janaka V. Wijayakulasooriya,University of Peradeniya,https://eng.pdn.ac.lk/deee/academic-staff/dr.j.wijayakulasooriya/index.html,aw_EvZ4AAAAJ,0000-0000-0000-0000
Janaki Srinivasan,IIIT Bangalore,https://janakisrinivasan.wordpress.com,_SN8PK8AAAAJ,0000-0003-1037-6602
Janakiram Dharanipragada,IIT Madras,http://dos.iitm.ac.in/djwebsite,zxpFxq8AAAAJ,0000-0000-0000-0000
Janardhan Rao (Jana) Doppa,Washington State University,http://eecs.wsu.edu/~jana,x2mdFuwAAAAJ,0000-0000-0000-0000
Janardhan Rao Doppa,Washington State University,http://eecs.wsu.edu/~jana,x2mdFuwAAAAJ,0000-0002-3848-5301
Janarthanan Rajendran,Dalhousie University,https://www.dal.ca/faculty/computerscience/faculty-staff/Janarthanan-Rajendran.html,-novlhIAAAAJ,0000-0003-4886-6826
Janche Sang,Cleveland State University,http://cis.csuohio.edu/~sang,NOSCHOLARPAGE,0000-0001-7974-1765
Jane Bromley,Open University UK,http://stem.open.ac.uk/people/jmb995,W2pvAfEAAAAJ,0000-0002-0304-096X
Jane Cleland-Huang,University of Notre Dame,https://engineering.nd.edu/profiles/jcleland-huang,IQ5XCgYAAAAJ,0000-0001-9436-5606
Jane E. Sinclair,University of Warwick,https://warwick.ac.uk/fac/sci/dcs/people/jane_sinclair,NOSCHOLARPAGE,0000-0000-0000-0000
Jane Goodyer,Massey University,https://www.massey.ac.nz/massey/learning/colleges/college-of-sciences/staff-list.cfm?stref=168930,NOSCHOLARPAGE,0009-0005-8147-8640
Jane Hayes,University of Kentucky,http://selab.netlab.uky.edu/homepage,vDBB56cAAAAJ,0000-0000-0000-0000
Jane Hillston,University of Edinburgh,http://homepages.inf.ed.ac.uk/jeh,4hUZomAAAAAJ,0000-0003-4914-9255
Jane Hsu 0001,National Taiwan University,https://iagentntu.github.io/professor/Jane.html,FEj19lcAAAAJ,0000-0002-0685-5814
Jane Huffman Hayes,University of Kentucky,http://selab.netlab.uky.edu/homepage,vDBB56cAAAAJ,0000-0000-0000-0000
Jane Hunter,University of Queensland,http://staff.itee.uq.edu.au/jane,JMiJkd4AAAAJ,0000-0000-0000-0000
Jane Im,CISPA Helmholtz Center,https://imjane.net,JAVUxl0AAAAJ,0000-0002-9614-6535
Jane Yung-Jen Hsu,National Taiwan University,https://iagentntu.github.io/professor/Jane.html,FEj19lcAAAAJ,0000-0000-0000-0000
Janelle J. Harms,University of Alberta,https://webdocs.cs.ualberta.ca/~harms,NOSCHOLARPAGE,0000-0000-0000-0000
Janet Carter,University of Kent,https://www.cs.kent.ac.uk/~jec,cYFNmnIAAAAJ,0000-0000-0000-0000
Janet Feigenspan,TU Chemnitz,https://www.tu-chemnitz.de/informatik/ST/professur/professor.php,Lg3MjDMAAAAJ,0000-0000-0000-0000
Janet Hughes,Open University UK,http://stem.open.ac.uk/people/jh33848,4wx88JEAAAAJ,0000-0002-6813-9020
Janet Siegmund,TU Chemnitz,https://www.tu-chemnitz.de/informatik/ST/professur/professor.php,Lg3MjDMAAAAJ,0000-0002-5815-266X
Janet Wiles,University of Queensland,http://staff.itee.uq.edu.au/janetw,9z0LeRYAAAAJ,0000-0002-4051-4116
Janet van der Linden,Open University UK,http://stem.open.ac.uk/people/jasdl2,DPwfEgYAAAAJ,0000-0001-8490-3730
Jang Hyun Kim,Sungkyunkwan University,https://sites.google.com/g.skku.edu/dssal,lYAY8CwAAAAJ,0000-0000-0000-0000
Jang-Ping Sheu,National Tsing Hua University,http://hscc.cs.nthu.edu.tw/~sheujp,xlzYeMsAAAAJ,0000-0001-7688-5085
Jangwoo Kim,Seoul National University,https://hpcs.snu.ac.kr/~jangwoo,bAIDlXEAAAAJ,0000-0003-2193-5748
Janice I. Glasgow,Queen's University,http://www.cs.queensu.ca/home/janice,NOSCHOLARPAGE,0000-0000-0000-0000
Janick Edinger,University of Hamburg,https://www.inf.uni-hamburg.de/en/inst/ab/dos/people/members/edinger.html,aBBffDQAAAAJ,0000-0000-0000-0000
Janis Voigtländer,University of Duisburg-Essen,https://www.uni-due.de/fmi/voigtlaender,YLsrQCYAAAAJ,0009-0001-2411-9909
Janki Bhimani,Florida International University,https://www.cis.fiu.edu/faculty-staff/bhimani-janki,Fnv9DbgAAAAJ,0000-0002-4421-9923
Janne Lindqvist,Aalto University,https://www.lindqvistlab.org,rOW28UoAAAAJ,0000-0002-8659-2283
Janno Siim,University of Tartu,https://sites.google.com/view/jannosiim,iA-LJYYAAAAJ,0000-0001-5824-7215
Jano M. Souza,UFRJ,http://www.cos.ufrj.br/~jano,WSrB70EAAAAJ,0000-0000-0000-0000
Jano Moreira de Souza,UFRJ,http://www.cos.ufrj.br/~jano,WSrB70EAAAAJ,0000-0000-0000-0000
Janos Makowsky,Technion,http://www.cs.technion.ac.il/~janos,ooNKL6UAAAAJ,0000-0000-0000-0000
Janos Simon,University of Chicago,https://www.cs.uchicago.edu/~simon,gyIf7XIAAAAJ,0000-0000-0000-0000
Janos Sztipanovits,Vanderbilt University,https://engineering.vanderbilt.edu/bio/?pid=janos-sztipanovits,y_HDkOYAAAAJ,0000-0002-8360-6299
Janus A. Pouwelse,TU Delft,http://www.ds.ewi.tudelft.nl/pouwelse,pprQKjUAAAAJ,0000-0000-0000-0000
Janyce Wiebe,University of Pittsburgh,https://people.cs.pitt.edu/~wiebe,EDC2EP0AAAAJ,0000-0000-0000-0000
Jaqueline Smith,University of Toronto,http://www.jesmith.ca,Ak1zZAUAAAAJ,0000-0000-0000-0000
Jara Uitto,Aalto University,https://users.aalto.fi/~uittoj3,yzmXt14AAAAJ,0000-0002-5179-5056
Jared Saia,University of New Mexico,http://www.cs.unm.edu/~saia,Ne9-wmAAAAAJ,0000-0002-3376-7334
Jarek Gryz,York University,http://www.cs.yorku.ca/~jarek,LcD8HZcAAAAJ,0000-0000-0000-0000
Jarek Nabrzyski,University of Notre Dame,https://crc.nd.edu/index.php/leadership/jarek-nabrzyski,pLSWiEcAAAAJ,0000-0002-3985-3620
Jarek Rossignac,Georgia Institute of Technology,http://www.cc.gatech.edu/~jarek,Q3KRC5gAAAAJ,0000-0002-4550-0151
Jari Korhonen,University of Aberdeen,https://www.abdn.ac.uk/people/jari.korhonen,IrbP5FUAAAAJ,0000-0003-4354-5310
Jari Saramäki,Aalto University,https://people.aalto.fi/new/jari.saramaki,KA6xtQ0AAAAJ,0000-0002-5904-4062
Jarik Nesetril,Charles University,https://iuuk.mff.cuni.cz/~nesetril/en,YPineKcAAAAJ,0000-0000-0000-0000
Jarke J. van Wijk,TU Eindhoven,http://www.win.tue.nl/~vanwijk,1F_eX28AAAAJ,0000-0002-5128-976X
Jarmo Rantakokko,Uppsala University,http://www.it.uu.se/katalog/jarmo,NOSCHOLARPAGE,0000-0000-0000-0000
Jarno Vanne,Tampere University,https://www.tuni.fi/en/jarno-vanne,97jUa9gAAAAJ,0000-0002-7944-1938
Jaron Mink,Arizona State University,https://search.asu.edu/profile/5138620,gFMWtc8AAAAJ,0000-0001-9390-3900
Jaroslav Nesetril,Charles University,https://iuuk.mff.cuni.cz/~nesetril/en,YPineKcAAAAJ,0000-0002-5133-5586
Jaroslaw Byrka,University of Wroclaw,http://www.ii.uni.wroc.pl/~jby,NOSCHOLARPAGE,0000-0002-3387-0913
Jaroslaw Nabrzyski,University of Notre Dame,https://crc.nd.edu/index.php/leadership/jarek-nabrzyski,pLSWiEcAAAAJ,0000-0000-0000-0000
Jaroslaw R. Rossignac,Georgia Institute of Technology,http://www.cc.gatech.edu/~jarek,Q3KRC5gAAAAJ,0000-0000-0000-0000
Jaroslaw Zola,University at Buffalo,https://cse.buffalo.edu/~jzola,bbfF1OwAAAAJ,0000-0002-1686-9697
Jarred Ligatti,University of South Florida,http://www.cse.usf.edu/~ligatti,xmQREcEAAAAJ,0000-0000-0000-0000
Jarrod Knibbe,University of Melbourne,https://findanexpert.unimelb.edu.au/profile/860467-jarrod-knibbe,FOsmPdoAAAAJ,0000-0002-8844-8576
Jaruloj Eamsiri Chongstitvatana,Chulalongkorn University,http://65.54.113.26/Author/3358202/jaruloj-eamsiri-chongstitvatana,NOSCHOLARPAGE,0000-0000-0000-0000
Jasine Babu,IIT Palakkad,https://iitpkd.ac.in/people/jasine,TgjNkowAAAAJ,0000-0000-0000-0000
Jasleen Kaur 0001,University of North Carolina,http://www.cs.unc.edu/~jasleen,K9_NT-MAAAAJ,0000-0001-9250-8618
Jasmijn A. Baaijens,TU Delft,https://www.tudelft.nl/en/ewi/over-de-faculteit/afdelingen/intelligent-systems/pattern-recognition-bioinformatics/the-delft-bioinformatics-lab/people/jasmijn-baaijens,Wf6FjvIAAAAJ,0000-0001-5661-0658
Jasmijn Baaijens,TU Delft,https://www.tudelft.nl/en/ewi/over-de-faculteit/afdelingen/intelligent-systems/pattern-recognition-bioinformatics/the-delft-bioinformatics-lab/people/jasmijn-baaijens,Wf6FjvIAAAAJ,0000-0000-0000-0000
Jasmin Blanchette,LMU Munich,https://www.tcs.ifi.lmu.de/mitarbeiter/jasmin-blanchette_de.html,OpuTG3IAAAAJ,0000-0000-0000-0000
Jasmin Christian Blanchette,LMU Munich,https://www.tcs.ifi.lmu.de/mitarbeiter/jasmin-blanchette_de.html,OpuTG3IAAAAJ,0000-0002-8367-0936
Jason A. D. Atkin,University of Nottingham,https://www.nottingham.ac.uk/computerscience/people/jason.atkin,Dor8JVYAAAAJ,0000-0000-0000-0000
Jason Adam David Atkin,University of Nottingham,https://www.nottingham.ac.uk/computerscience/people/jason.atkin,Dor8JVYAAAAJ,0000-0000-0000-0000
Jason Alexander,University of Bath,http://www.jasonalexander.kiwi,gxT8_4EAAAAJ,0000-0001-6093-6116
Jason Alexis Valentine Crampton,Royal Holloway Univ. of London,https://pure.royalholloway.ac.uk/en/persons/jason-crampton,asPMwYoAAAAJ,0000-0000-0000-0000
Jason Cong,Univ. of California - Los Angeles,http://vast.cs.ucla.edu/people/faculty/jason-cong,UVGe0gQAAAAJ,0000-0003-2887-6963
Jason Crampton,Royal Holloway Univ. of London,https://pure.royalholloway.ac.uk/en/persons/jason-crampton,asPMwYoAAAAJ,0000-0003-2151-8426
Jason D. Bakos,University of South Carolina,https://cse.sc.edu/~jbakos,pXa_QqEAAAAJ,0000-0000-0000-0000
Jason D. Hartline,Northwestern University,https://sites.northwestern.edu/hartline,AdAd4QIAAAAJ,0000-0001-5505-6819
Jason D. Lee,Univ. of California - Berkeley,https://jasondlee88.github.io,GR_DsT0AAAAJ,0000-0000-0000-0000
Jason Dykes,City University of London,https://www.city.ac.uk/people/academics/jason-dykes,oLOjCQoAAAAJ,0000-0002-8096-5763
Jason Eisner,Johns Hopkins University,http://www.cs.jhu.edu/~jason,tjb2UccAAAAJ,0000-0002-8861-0772
Jason Ernst,Univ. of California - Los Angeles,http://www.biolchem.ucla.edu/labs/ernst,XoMpU7gAAAAJ,0000-0003-4026-7853
Jason F. Ralph,University of Liverpool,https://liverpool.ac.uk/electrical-engineering-and-electronics/staff/jason-ralph,q0xW5igAAAAJ,0000-0000-0000-0000
Jason Ford,Queensland Univ. of Technology,https://research.qut.edu.au/qcr/people/jason-ford,McVsAAAAJ,0000-0001-5847-6253
Jason I. Hong,Carnegie Mellon University,http://www.cs.cmu.edu/~jasonh,MoFbcc0AAAAJ,0000-0002-9856-9654
Jason J. Corso,University of Michigan,https://web.eecs.umich.edu/~jjcorso,g9bV-_sAAAAJ,0000-0001-6454-9594
Jason J. Ford,Queensland Univ. of Technology,https://research.qut.edu.au/qcr/people/jason-ford,McVsAAAAJ,0000-0001-5847-6253
Jason Jue,University of Texas at Dallas,http://www.utdallas.edu/~jjue,8EDESdwAAAAJ,0000-0002-1687-2909
Jason L. Pacheco,University of Arizona,https://www2.cs.arizona.edu/~pachecoj,71ZEsnEAAAAJ,0000-0000-0000-0000
Jason Leigh,University of Hawaii at Manoa,http://www2.hawaii.edu/~leighj,5KgriYAAAAAJ,0000-0001-7693-2814
Jason Li 0006,Carnegie Mellon University,https://q3r.github.io,NOSCHOLARPAGE,0000-0003-3644-0879
Jason Liu,Florida International University,http://www.cis.fiu.edu/~liux,l8b0bfcAAAAJ,0009-0007-6157-8841
Jason Liu 0001,Florida International University,http://www.cis.fiu.edu/~liux,l8b0bfcAAAAJ,0000-0001-8222-4013
Jason Lowe-Power,Univ. of California - Davis,https://faculty.engineering.ucdavis.edu/lowepower,7m7TYQsAAAAJ,0000-0002-8880-8703
Jason M. Bindewald,Air Force Inst. of Technology,https://scholar.afit.edu/docs/21,NOSCHOLARPAGE,0000-0000-0000-0000
Jason M. O'Kane,Texas A&M University,https://jokane.net,ETFTMZMAAAAJ,0000-0002-1536-4822
Jason Mars,University of Michigan,http://jasonmars.org,Fn5PadcAAAAJ,0000-0002-7029-5292
Jason Nieh,Columbia University,https://www.cs.columbia.edu/~nieh,UGrnqBUAAAAJ,0009-0005-8301-4479
Jason O. Hallstrom,Florida Atlantic University,http://www.eng.fau.edu/directory/faculty/hallstrom,NOSCHOLARPAGE,0000-0000-0000-0000
Jason Orlosky,Augusta University,https://www.jeoresearch.com,QLSRDi8AAAAJ,0000-0002-0538-6630
Jason Pacheco,University of Arizona,https://www2.cs.arizona.edu/~pachecoj,71ZEsnEAAAAJ,0000-0003-1711-1041
Jason Polakis,University of Illinois at Chicago,https://www.cs.uic.edu/~polakis,OgJKomcAAAAJ,0000-0001-5034-0730
Jason Power,Univ. of California - Davis,https://faculty.engineering.ucdavis.edu/lowepower,7m7TYQsAAAAJ,0000-0002-8880-8703
Jason S. Chang,National Tsing Hua University,http://www.nlplab.cc,8HaVIjQAAAAJ,0000-0002-8227-7382
Jason T. L. Wang,NJIT,https://web.njit.edu/~wangj,NOSCHOLARPAGE,0000-0002-2486-1097
Jason Tsong-Li Wang,NJIT,https://web.njit.edu/~wangj,NOSCHOLARPAGE,0000-0000-0000-0000
Jason Wiese,University of Utah,http://www.cs.utah.edu/~wiese,OsEwCzoAAAAJ,0000-0002-8766-3557
Jason Williams,Augusta University,https://www.augusta.edu/faculty/directory/view.php?id=JWILLIAMS45,wgRoG-kAAAAJ,0000-0000-0000-0000
Jason Wyse,Trinity College Dublin,https://www.scss.tcd.ie/Jason.Wyse,8tKZNXgAAAAJ,0000-0003-1391-7371
Jason Xue 0001,MBZUAI,https://mbzuai.ac.ae/study/faculty/chun-jason-xue,C6oyGQkAAAAJ,0000-0000-0000-0000
Jason Xue 0002,Adelaide University,https://www.adelaide.edu.au/directory/jason.xue,jdqkm1IAAAAJ,0000-0000-0000-0000
Jason Yi-Bing Lin,National Chiao Tung University,http://liny.csie.nctu.edu.tw,NOSCHOLARPAGE,0000-0000-0000-0000
Jaspal Subhlok,University of Houston,http://www2.cs.uh.edu/~jaspal,casX4XgAAAAJ,0000-0001-7346-9975
Jasper C. H. Lee,Univ. of California - Davis,https://cs.ucdavis.edu/people/jasper-lee,z0Y4snAAAAAJ,0000-0000-0000-0000
Jassim Happa,Royal Holloway Univ. of London,https://pure.royalholloway.ac.uk/en/persons/jassim-happa,NOSCHOLARPAGE,0000-0000-0000-0000
Jaswinder Pal Singh,Princeton University,https://www.cs.princeton.edu/people/profile/jps,n5qO2U8AAAAJ,0000-0000-0000-0000
Jatin Batra,Tata Inst. of Fundamental Research,https://www.tcs.tifr.res.in/web/people/faculty,NOSCHOLARPAGE,0000-0000-0000-0000
Jatindra Kumar Deka,IIT Guwahati,https://www.iitg.ernet.in/jatin,yCTfZRwAAAAJ,0000-0000-0000-0000
Javad Doliskani,McMaster University,https://doliskani.net/jake,NOSCHOLARPAGE,0000-0000-0000-0000
Javad Sadri,Concordia University,https://users.encs.concordia.ca/~j_sadri,DYai0j0AAAAJ,0000-0000-0000-0000
Javed A. Aslam,Northeastern University,http://www.ccs.neu.edu/home/jaa,-spRnaQAAAAJ,0000-0000-0000-0000
Javed Khan,Kent State University,http://www.cs.kent.edu/~javed,NOSCHOLARPAGE,0000-0000-0000-0000
Javen Shi,Adelaide University,https://cs.adelaide.edu.au/~javen,h6O9vYkAAAAJ,0000-0002-9126-2107
Javid Taheri,Queen's University Belfast,https://pure.qub.ac.uk/en/persons/javid-taheri,QTNsnbAAAAAJ,0000-0001-9194-010X
Javier Andrade,University of A Coruña,https://pdi.udc.es/en/File/Pdi/7379E,NOSCHOLARPAGE,0000-0000-0000-0000
Javier Andrade Garda,University of A Coruña,https://pdi.udc.es/en/File/Pdi/7379E,NOSCHOLARPAGE,0000-0000-0000-0000
Javier Andreu-Perez,University of Essex,https://www.essex.ac.uk/people/andre09407/javier-andreu-perez,1m4DHQQAAAAJ,0000-0002-7421-4808
Javier Andréu Pérez,University of Essex,https://www.essex.ac.uk/people/andre09407/javier-andreu-perez,1m4DHQQAAAAJ,0000-0000-0000-0000
Javier Andréu-Pérez,University of Essex,https://www.essex.ac.uk/people/andre09407/javier-andreu-perez,1m4DHQQAAAAJ,0000-0000-0000-0000
Javier Cuenca,University of Murcia,http://ditec.um.es/%7Ejaviercm/index_english.html,VfJyirIAAAAJ,0000-0000-0000-0000
Javier Cámara 0001,University of York,http://www.javicamara.com,iMMncw8AAAAJ,0000-0000-0000-0000
Javier Cámara Moreno,University of York,http://www.javicamara.com,iMMncw8AAAAJ,0000-0000-0000-0000
Javier Esparza,TU Munich,https://www7.in.tum.de/people/detail/index.php?id=people.detail&arg=33,c9qgPSYAAAAJ,0000-0001-9862-4919
Javier Guerrero,Washington State University,https://foundation.wsu.edu/2013/04/12/solar-car-donation-accelerates-renewables-education,ntHlYjcAAAAJ,0000-0000-0000-0000
Javier L. Marenco,University of Buenos Aires,https://www.dc.uba.ar/rrhh/profesores/marenco,NOSCHOLARPAGE,0000-0000-0000-0000
Javier Marenco,University of Buenos Aires,https://www.dc.uba.ar/rrhh/profesores/marenco,NOSCHOLARPAGE,0000-0003-2694-4758
Javier Navaridas,University of Manchester,https://personalpages.manchester.ac.uk/staff/javier.navaridas,A6LgSWkAAAAJ,0000-0001-7272-6597
Javier Parapar,University of A Coruña,https://www.dc.fi.udc.es/~parapar,NsUR93MAAAAJ,0000-0002-5997-8252
Javier Ruiz-Hidalgo,Polytechnic Univ. of Catalonia,https://imatge.upc.edu/web/people/javier-ruiz-hidalgo,1eAA6ggAAAAJ,0000-0000-0000-0000
Jay Aslam,Northeastern University,http://www.ccs.neu.edu/home/jaa,-spRnaQAAAAJ,0000-0000-0000-0000
Jay Jackson,Rochester Inst. of Technology,http://www.rit.edu/gccis/igm/jay-jackson,oyMWftgAAAAJ,0000-0000-0000-0000
Jay Ligatti,University of South Florida,http://www.cse.usf.edu/~ligatti,xmQREcEAAAAJ,0000-0001-9335-0517
Jay McCarthy,University of Massachusetts Lowell,https://jeapostrophe.github.io/home,imyMtsYAAAAJ,0000-0000-0000-0000
Jay P. Lim,Univ. of California - Riverside,https://dongura.me,5oKUbqoAAAAJ,0000-0002-7572-4017
Jay Sarraf,KIIT Bhubaneswar,https://cse.kiit.ac.in/profiles/jay-sarraf,Jr7fbNEAAAAJ,0000-0000-0000-0000
Jay Taneja,Univ. of Massachusetts Amherst,http://www.jaytaneja.com,HtjUcEYAAAAJ,0000-0000-0000-0000
Jay-Yoon Lee,Seoul National University,https://www.skiml.snu.ac.kr/members,_USiaqwAAAAJ,0000-0000-0000-0000
JayPrakash Lalchandani,IIIT Bangalore,http://www.iiitb.ac.in/faculty_page.php?name=JayprakashTLalchandani,NOSCHOLARPAGE,0000-0000-0000-0000
Jaya Prakash Champati,University of Victoria,https://www.uvic.ca/ecs/computerscience/people/faculty/profiles/champati-jaya.php,9zjERPkAAAAJ,0000-0002-5127-8497
Jaya Sreevalsan Nair,IIIT Bangalore,http://www.iiitb.ac.in/faculty_page.php?name=JayaSreevalsanNair,Hh2xBGsAAAAJ,0000-0000-0000-0000
Jayadev Acharya,Cornell University,http://people.ece.cornell.edu/acharya,70vJVxcAAAAJ,0000-0003-2170-3015
Jayalal Sarma,IIT Madras,http://www.cse.iitm.ac.in/~jayalal,OzXbU7kAAAAJ,0000-0000-0000-0000
Jayant R. Haritsa,IISc Bangalore,http://dsl.cds.iisc.ac.in/~haritsa,dc626ewAAAAJ,0000-0000-0000-0000
Jayanta Mukherjee 0001,IIT Kharagpur,http://www.facweb.iitkgp.ac.in/~jay,NOSCHOLARPAGE,0000-0000-0000-0000
Jayanta Mukhopadhyay,IIT Kharagpur,http://www.facweb.iitkgp.ac.in/~jay,NOSCHOLARPAGE,0000-0000-0000-0000
Jayanthi Sivaswamy,IIIT Hyderabad,https://www.iiit.ac.in/people/faculty/jsivaswamy,HfATfbMAAAAJ,0000-0000-0000-0000
Jaydeb Sarker,University of Nebraska - Omaha,https://jaydebsarker.github.io,BS-xGcIAAAAJ,0000-0001-6440-7596
Jayme Luiz Szwarcfiter,UFRJ,http://www.cos.ufrj.br/~jayme,cjQH4G0AAAAJ,0000-0000-0000-0000
Jaynarayan T. Tudu,IIT Tirupati,https://jayresearch.github.io,dEQ9NFcAAAAJ,0000-0000-0000-0000
Jayne Wu,University of Tennessee,http://www.eecs.utk.edu/people/faculty/jwu10,oXoWM_QAAAAJ,0000-0000-0000-0000
Jayshree Sarathy,Northeastern University,https://jayshreesarathy.net,8CsZAHUAAAAJ,0000-0001-5852-5182
Jayson Boubin,Binghamton University,https://www.binghamton.edu/computer-science/people/profile.html?id=jboubin,JwIpWcwAAAAJ,0000-0002-4296-9624
Jayson G. Boubin,Binghamton University,https://www.binghamton.edu/computer-science/people/profile.html?id=jboubin,JwIpWcwAAAAJ,0000-0000-0000-0000
Jean C. Walrand,Univ. of California - Berkeley,https://www2.eecs.berkeley.edu/Faculty/Homepages/walrand.html,rPU7fz0AAAAJ,0000-0000-0000-0000
Jean Cardinal,Université libre de Bruxelles,http://www.ulb.ac.be/di/algo/jcardin,RGGbPQEAAAAJ,0000-0002-2312-0967
Jean Chamberlain Chedjou,University of Klagenfurt,https://www.aau.at/team/chedjou-jean-chamberlain,R_-76k0AAAAJ,0000-0000-0000-0000
Jean Christoph Jung,TU Dortmund,https://logic-in.cs.tu-dortmund.de/personen/profs/jean-christoph-jung,wj3Axj0AAAAJ,0000-0002-4159-2255
Jean Fan,Johns Hopkins University,https://jef.works,EEX1uGwAAAAJ,0000-0002-0212-5451
Jean Gao,Baylor University,https://www.ecs.baylor.edu/person/dr-jean-gao,NOSCHOLARPAGE,0000-0000-0000-0000
Jean Goubault,Ecole Normale Superieure de Cachan,http://www.lsv.ens-cachan.fr/~goubault/?l=fr,NOSCHOLARPAGE,0000-0000-0000-0000
Jean Goubault-Larrecq,Ecole Normale Superieure de Cachan,http://www.lsv.ens-cachan.fr/~goubault/?l=fr,NOSCHOLARPAGE,0000-0000-0000-0000
Jean Gourd,Louisiana Tech University,https://www.latech.edu/faculty-staff/single-entry/name/jean-gourd,NOSCHOLARPAGE,0000-0000-0000-0000
Jean H. Gallier,University of Pennsylvania,http://www.cis.upenn.edu/~jean,kYK4tvsAAAAJ,0009-0002-8895-1662
Jean Honorio,University of Melbourne,https://findanexpert.unimelb.edu.au/profile/1066217-jean-honorio-carrillo,8OW3TMMAAAAJ,0000-0002-6448-0598
Jean Jyh-Jiun Shann,National Chiao Tung University,https://www.cs.nctu.edu.tw/members/detail/jjshann,NOSCHOLARPAGE,0000-0000-0000-0000
Jean Mayo,Michigan Technological University,https://www.mtu.edu/cs/department/faculty-staff/faculty/mayo,MjIy_X0AAAAJ,0000-0000-0000-0000
Jean Meunier,University of Montreal,http://www.iro.umontreal.ca/~meunier,El03_L8AAAAJ,0000-0000-0000-0000
Jean Paul Degabriele,TU Darmstadt,https://degabriele.info,UeIJ6RYAAAAJ,0000-0000-0000-0000
Jean Petric,Lancaster University,https://www.lancaster.ac.uk/scc/about-us/people/jean-petric,gfAm1nkAAAAJ,0000-0003-1949-2706
Jean Pichon-Pharabod,Aarhus University,https://jeanpichon.github.io,ReYyKJAAAAAJ,0000-0002-4442-6543
Jean Ponce,Ecole Normale Superieure,http://www.di.ens.fr/~ponce,vC2vywcAAAAJ,0009-0000-5449-7620
Jean Privat,Université du Québec à Montréal,https://info.uqam.ca/~privat,NOSCHOLARPAGE,0000-0000-0000-0000
Jean Vuillemin,Ecole Normale Superieure,http://www.di.ens.fr/~jv,tPVtuMwAAAAJ,0000-0000-0000-0000
Jean-Baptiste Jeannin,University of Michigan,http://www-personal.umich.edu/~jeannin,o9GQ8w4AAAAJ,0000-0001-6378-1447
Jean-Baptiste Tristan,Boston College,https://jtristan.github.io,iMs3HJoAAAAJ,0000-0003-2574-7883
Jean-Bernard Stefani,Ecole Normale Superieure de Lyon,http://www.ens-lyon.fr/annuaire/m-stefani-jean-bernard-273376.kjsp?RH=ENS-LYON,vTA9tNcAAAAJ,0000-0000-0000-0000
Jean-Charles Bazin,KAIST,http://rcv.kaist.ac.kr/v2/bbs/member_detail.php?mb_id=jcrennes,XPZLx-8AAAAJ,0000-0001-7660-4802
Jean-Christophe Mignot,Ecole Normale Superieure de Lyon,http://perso.ens-lyon.fr/jean-christophe.mignot,xQda7H8AAAAJ,0000-0000-0000-0000
Jean-Christophe Routier,CRIStAL,http://cristal.univ-lille.fr/~routier,NOSCHOLARPAGE,0000-0000-0000-0000
Jean-Claude Tarby,CRIStAL,http://cristal.univ-lille.fr/~jctarby,FcMxq-0AAAAJ,0000-0000-0000-0000
Jean-François Lalonde,Université Laval,http://vision.gel.ulaval.ca/~jflalonde,hW9fwNYAAAAJ,0000-0002-6583-2364
Jean-François Raskin,Université libre de Bruxelles,http://www.ulb.ac.be/di/ssd/jfr,NOSCHOLARPAGE,0000-0002-3673-1097
Jean-Guy Schneider,Monash University,https://research.monash.edu/en/persons/jean-guy-schneider,7ZrNsYEAAAAJ,0000-0002-9827-5496
Jean-Lou De Carufel,University of Ottawa,https://engineering.uottawa.ca/eecs/people/carufel-jean-lou,wwoudWYAAAAJ,0000-0000-0000-0000
Jean-Luc Dekeyser,CRIStAL,http://cristal.univ-lille.fr/~dekeyser,NOSCHOLARPAGE,0000-0000-0000-0000
Jean-Luc Lugrin,University of Würzburg,https://hci.uni-wuerzburg.de/people/jeanluc-lugrin,V3FLc9IAAAAJ,0000-0002-2725-2123
Jean-Marc Geib,CRIStAL,https://www.cristal.univ-lille.fr/profil/geib,NOSCHOLARPAGE,0000-0000-0000-0000
Jean-Marie Madiot,INRIA,https://cambium.inria.fr/~jmadiot,933Yg50AAAAJ,0000-0000-0000-0000
Jean-Michel Muller,Ecole Normale Superieure de Lyon,http://perso.ens-lyon.fr/jean-michel.muller,q6Be-msAAAAJ,0000-0000-0000-0000
Jean-Patrick Gelas,Ecole Normale Superieure de Lyon,http://perso.ens-lyon.fr/jean-patrick.gelas,NMd2LuIAAAAJ,0000-0002-2146-8513
Jean-Philippe Vandeborre,CRIStAL,https://www.cristal.univ-lille.fr/profil/vandebor,myhkjkwAAAAJ,0000-0000-0000-0000
Jean-Pierre Corriveau,Carleton University,http://www.scs.carleton.ca/~jeanpier,SmEIZO0AAAAJ,0000-0002-6570-3108
Jean-Pierre Dussault,Université de Sherbrooke,https://www.usherbrooke.ca/informatique/personnel/corps-professoral/professeurs/jean-pierre-dussault,NOSCHOLARPAGE,0000-0001-7253-7462
Jean-Pierre Hubaux,EPFL,https://people.epfl.ch/jean-pierre.hubaux,W7YBLlEAAAAJ,0000-0003-1533-6132
Jean-Pierre Seifert,TU Berlin,https://www.eecs.tu-berlin.de/menue/einrichtungen/professuren/professorinnen/seifert,aYbydEMAAAAJ,0000-0002-5372-4825
Jean-Stéphane Varré,CRIStAL,http://cristal.univ-lille.fr/~varre,NOSCHOLARPAGE,0000-0001-6322-0519
Jean-Sébastien Coron,University of Luxembourg,http://wwwen.uni.lu/recherche/fstc/laboratory_of_algorithmics_cryptology_and_security_lacs/members/jean_sebastien_coron,NOSCHOLARPAGE,0000-0003-1021-3344
Jean-Yves Guillemaut,University of Surrey,http://personal.ee.surrey.ac.uk/Personal/J.Guillemaut,xd8Ej6YAAAAJ,0000-0001-8223-5505
Jean-Yves Hervé,University of Rhode Island,https://web.uri.edu/cs/meet/jean-yves-herve,NOSCHOLARPAGE,0000-0000-0000-0000
Jean-Yves L'Excellent,Ecole Normale Superieure de Lyon,http://perso.ens-lyon.fr/jean-yves.l.excellent,NOSCHOLARPAGE,0000-0000-0000-0000
Jean-Yves Le Boudec,EPFL,https://people.epfl.ch/jean-yves.leboudec,hLj70l8AAAAJ,0000-0000-0000-0000
Jean-Yves Moyen,University of Copenhagen,https://lipn.univ-paris13.fr/~moyen,PpkC9xUAAAAJ,0000-0000-0000-0000
Jean-Yves Potvin,University of Montreal,http://www.iro.umontreal.ca/~potvin,NOSCHOLARPAGE,0000-0000-0000-0000
Jean-luc Dugelay,EURECOM,http://www.eurecom.fr/~dugelay,VGK3IyUAAAAJ,0000-0003-3151-4330
Jeanette Falk,Aalborg University,http://jeanettefalk.com,8tAgGMUAAAAJ,0000-0001-7278-9344
Jeanette Hällgren Kotaleski,KTH Royal Inst. of Technology,https://www.kth.se/profile/jeanette,55D57zgAAAAJ,0000-0000-0000-0000
Jeanine K. Stefanucci,University of Utah,https://psych.utah.edu/people/faculty/stefanucci-jeanine.php,zilifFEAAAAJ,0000-0003-4238-2951
Jeanine Stefanucci,University of Utah,https://psych.utah.edu/people/faculty/stefanucci-jeanine.php,zilifFEAAAAJ,0000-0003-4238-2951
Jeannette Bohg,Stanford University,https://web.stanford.edu/~bohg,rjnJnEkAAAAJ,0000-0002-4921-7193
Jed Brown,University of Colorado Boulder,https://www.colorado.edu/cs/users/jeka2967,x_9_NGwAAAAJ,0000-0002-9945-0639
Jed Crandall,Arizona State University,https://www.cs.unm.edu/~crandall,nOF9akgAAAAJ,0000-0000-0000-0000
Jed R. Brubaker,University of Colorado Boulder,http://www.colorado.edu/cmci/people/information-science/jed-brubaker,8LEH940AAAAJ,0000-0003-4826-8324
Jedidiah R. Crandall,Arizona State University,https://www.cs.unm.edu/~crandall,nOF9akgAAAAJ,0000-0001-7864-2992
Jee W. Choi,University of Oregon,https://cs.uoregon.edu/profile/jeec,yCA985IAAAAJ,0000-0000-0000-0000
Jeeeun Kim,Texas A&M University,http://www.jeeeunkim.com,zNjEAPwAAAAJ,0000-0002-8915-481X
Jeehoon Kang,KAIST,https://cp.kaist.ac.kr/jeehoon.kang,rVgfdSYAAAAJ,0000-0002-2115-0871
Jeewani Anupama Ginige,Western Sydney University,https://www.westernsydney.edu.au/staff_profiles/WSU/associate_professor_anupama_ginige,CeF-3BkAAAAJ,0000-0002-6695-6983
Jefersson A. dos Santos,University of Sheffield,https://www.sheffield.ac.uk/dcs/people/academic/jefersson-alex-dos-santos,wXQnnTUAAAAJ,0000-0000-0000-0000
Jefersson Alex dos Santos,University of Sheffield,https://www.sheffield.ac.uk/dcs/people/academic/jefersson-alex-dos-santos,wXQnnTUAAAAJ,0000-0000-0000-0000
Jeff A. Bilmes,University of Washington,https://people.ece.uw.edu/bilmes,L9QufAsAAAAJ,0000-0002-7372-8778
Jeff Carver 0001,The University of Alabama,http://carver.cs.ua.edu,qGe7nJ0AAAAJ,0000-0000-0000-0000
Jeff Clune,University of British Columbia,https://www.cs.ubc.ca/people/jeff-clune,5TZ7f5wAAAAJ,0000-0000-0000-0000
Jeff Dalton 0001,University of Edinburgh,http://www.inf.ed.ac.uk/people/staff/Jeff_Dalton.html,mgwLi-EAAAAJ,0000-0003-2422-8651
Jeff Edmonds,York University,http://www.cs.yorku.ca/~jeff,AjD7zfgAAAAJ,0000-0003-4803-3365
Jeff Erickson 0001,Univ. of Illinois at Urbana-Champaign,http://jeffe.cs.illinois.edu,02_kT4YAAAAJ,0000-0002-5253-2282
Jeff Gray,The University of Alabama,http://gray.cs.ua.edu,83an8lYAAAAJ,0000-0003-0082-6753
Jeff Gray 0001,The University of Alabama,http://gray.cs.ua.edu,83an8lYAAAAJ,0000-0003-0082-6753
Jeff Heflin,Lehigh University,http://www.cse.lehigh.edu/~heflin,IKKQHqkAAAAJ,0000-0002-7290-1495
Jeff Huang 0001,Texas A&M University,https://parasol.tamu.edu/~jeff,UmrxW60AAAAJ,0000-0003-1393-0752
Jeff Huang 0002,Brown University,http://jeffhuang.com,o8oJ6s4AAAAJ,0000-0002-3453-5666
Jeff Kinne,Indiana State University,https://www.indstate.edu/faculty-staff/jeffrey-kinne,NOSCHOLARPAGE,0009-0001-6668-0796
Jeff Kramer,Imperial College London,http://wp.doc.ic.ac.uk/jk,t-fuDjMAAAAJ,0000-0000-0000-0000
Jeff Linderoth,University of Wisconsin - Madison,http://homepages.cae.wisc.edu/~linderot,gwM2aRIAAAAJ,0000-0000-0000-0000
Jeff M. Phillips,University of Utah,http://www.cs.utah.edu/~jeffp,aFDuhV8AAAAJ,0000-0003-1169-2965
Jeff Meunier,University of Connecticut,http://engr.uconn.edu/~jeffm,NOSCHOLARPAGE,0000-0000-0000-0000
Jeff Offutt,University at Albany - SUNY,https://www.albany.edu/computer-science/faculty/jeff-offutt,fAeRp3kAAAAJ,0000-0000-0000-0000
Jeff Orchard,University of Waterloo,https://cs.uwaterloo.ca/~jorchard/UWaterloo/Home.html,cAfBytAAAAAJ,0000-0002-4897-8951
Jeff T. Linderoth,University of Wisconsin - Madison,http://homepages.cae.wisc.edu/~linderot,gwM2aRIAAAAJ,0000-0000-0000-0000
Jeff Tian,Southern Methodist University,http://lyle.smu.edu/~tian,NOSCHOLARPAGE,0000-0000-0000-0000
Jeff Trinkle,Lehigh University,http://www.cse.lehigh.edu/~trink,Dl0vAp8AAAAJ,0000-0000-0000-0000
Jeff Yan,University of Strathclyde,https://pureportal.strath.ac.uk/en/persons/jeff-yan/publications,rYhiAEUAAAAJ,0000-0000-0000-0000
Jeff Yu Lei,University of Texas at Arlington,http://ranger.uta.edu/~ylei,YG60wS4AAAAJ,0000-0000-0000-0000
Jeff Z. Pan,University of Edinburgh,https://www.inf.ed.ac.uk/people/staff/Jeff_Pan.html,zLDAY8QAAAAJ,0000-0002-9779-2088
Jefferson R. Souza,UFU,http://www.ppgco.facom.ufu.br/pt-br/pessoas/jefferson-rodrigo-de-souza,AmdqjLsAAAAJ,0000-0001-6422-4722
Jefferson Rodrigo de Souza,UFU,http://www.ppgco.facom.ufu.br/pt-br/pessoas/jefferson-rodrigo-de-souza,AmdqjLsAAAAJ,0000-0000-0000-0000
Jeffery I. Zucker,McMaster University,http://www.cas.mcmaster.ca/~zucker,NOSCHOLARPAGE,0000-0000-0000-0000
Jeffery J. Orchard,University of Waterloo,https://cs.uwaterloo.ca/~jorchard/UWaterloo/Home.html,cAfBytAAAAAJ,0000-0000-0000-0000
Jeffery Raphael,King's College London,https://www.kcl.ac.uk/people/jeffery-raphael,xaZeEVsAAAAJ,0009-0007-8881-2335
Jeffrey A. Bilmes,University of Washington,https://people.ece.uw.edu/bilmes,L9QufAsAAAAJ,0000-0000-0000-0000
Jeffrey A. Fessler,University of Michigan,https://web.eecs.umich.edu/~fessler,J5f4Gq8AAAAJ,0000-0000-0000-0000
Jeffrey A. Miller,University of Southern California,https://pressroom.usc.edu/jeffrey-miller,VYYLUPoAAAAJ,0000-0000-0000-0000
Jeffrey A. Weiss,University of Utah,https://www.sci.utah.edu/people/weiss.html,YtFi-KkAAAAJ,0000-0000-0000-0000
Jeffrey Bokor,Univ. of California - Berkeley,http://people.eecs.berkeley.edu/~jbokor,ylSEuoIAAAAJ,0000-0002-4541-0156
Jeffrey C. Carver,The University of Alabama,http://carver.cs.ua.edu,qGe7nJ0AAAAJ,0000-0000-0000-0000
Jeffrey C. Dill,Ohio University,https://www.ohio.edu/engineering/about/people/profiles.cfm?profile=dill,NOSCHOLARPAGE,0000-0000-0000-0000
Jeffrey C. Trinkle,Lehigh University,http://www.cse.lehigh.edu/~trink,Dl0vAp8AAAAJ,0000-0000-0000-0000
Jeffrey Carver,The University of Alabama,http://carver.cs.ua.edu,qGe7nJ0AAAAJ,0000-0002-7824-9151
Jeffrey Chan,RMIT University,https://www.rmit.edu.au/contact/staff-contacts/academic-staff/c/chan-dr-jeffrey,I9mDeiYAAAAJ,0000-0002-7865-072X
Jeffrey Clune,University of Wyoming,http://www.uwyo.edu/profiles/extras/playing-with-robots.html,5TZ7f5wAAAAJ,0000-0000-0000-0000
Jeffrey D. Morris,Augusta University,https://www.augusta.edu/ccs/faculty.php,VWQQYTcAAAAJ,0000-0000-0000-0000
Jeffrey Dalton 0001,University of Edinburgh,http://www.inf.ed.ac.uk/people/staff/Jeff_Dalton.html,mgwLi-EAAAAJ,0000-0003-2422-8651
Jeffrey E. Boyd,University of Calgary,http://pages.cpsc.ucalgary.ca/~boyd,C285XCoAAAAJ,0000-0000-0000-0000
Jeffrey Flanigan,Univ. of California - Santa Cruz,https://jflanigan.github.io,XpIsORcAAAAJ,0000-0002-8805-9482
Jeffrey G. Gray,The University of Alabama,http://gray.cs.ua.edu,83an8lYAAAAJ,0000-0003-0082-6753
Jeffrey H. Dinitz,University of Vermont,http://www.emba.uvm.edu/~dinitz,w9u7g3MAAAAJ,0000-0000-0000-0000
Jeffrey H. Lang,Massachusetts Inst. of Technology,http://eecsfacweb.mit.edu/facpages/lang.html,rQf4yDAAAAAJ,0000-0000-0000-0000
Jeffrey H. Reed,Virginia Tech,https://ece.vt.edu/people/profile/reed.html,MBypY_YAAAAJ,0000-0003-3494-1901
Jeffrey H. Siewerdsen,Johns Hopkins University,https://istar.jhu.edu,BczXL6oAAAAJ,0000-0000-0000-0000
Jeffrey Heer,University of Washington,http://homes.cs.washington.edu/~jheer,vlgs4G4AAAAJ,0000-0002-6175-1655
Jeffrey Huang,EPFL,https://people.epfl.ch/jeffrey.huang,Ehxp2YIAAAAJ,0000-0000-0000-0000
Jeffrey K. Hollingsworth,Univ. of Maryland - College Park,https://www.cs.umd.edu/~hollings,YcrMNggAAAAJ,0000-0000-0000-0000
Jeffrey K. Uhlmann,University of Missouri,https://engineering.missouri.edu/faculty/jeffrey-uhlmann,NOSCHOLARPAGE,0000-0000-0000-0000
Jeffrey Kramer,Imperial College London,http://wp.doc.ic.ac.uk/jk,t-fuDjMAAAAJ,0000-0002-6308-127X
Jeffrey L. Overbey,Auburn University,http://jeff.over.bz,ot-erTIAAAAJ,0000-0000-0000-0000
Jeffrey L. Popyack,Drexel University,https://www.cs.drexel.edu/~jpopyack,cEscX0cAAAAJ,0000-0000-0000-0000
Jeffrey Lang,Massachusetts Inst. of Technology,http://eecsfacweb.mit.edu/facpages/lang.html,rQf4yDAAAAAJ,0000-0000-0000-0000
Jeffrey Lasky,Rochester Inst. of Technology,https://www.rit.edu/gccis/jeffrey-lasky,NOSCHOLARPAGE,0000-0000-0000-0000
Jeffrey Mark Siskind,Purdue University,https://engineering.purdue.edu/~qobi,CgSBtPYAAAAJ,0000-0002-0105-6503
Jeffrey Michael Heer,University of Washington,http://homes.cs.washington.edu/~jheer,vlgs4G4AAAAJ,0000-0000-0000-0000
Jeffrey O. Shallit,University of Waterloo,https://cs.uwaterloo.ca/~shallit,A-s_cLQAAAAJ,0000-0000-0000-0000
Jeffrey Overbey,Auburn University,http://jeff.over.bz,ot-erTIAAAAJ,0000-0000-0000-0000
Jeffrey Parsons,Memorial Univ. of Newfoundland,https://www.mun.ca/computerscience/people,x8zSPvgAAAAJ,0000-0002-4819-2801
Jeffrey Popyack,Drexel University,https://www.cs.drexel.edu/~jpopyack,cEscX0cAAAAJ,0000-0003-2338-3297
Jeffrey S. Chase,Duke University,https://users.cs.duke.edu/~chase,N5igm6UAAAAJ,0000-0001-8275-0830
Jeffrey S. Foster,Tufts University,http://www.cs.umd.edu/~jfoster,QWPwfsgAAAAJ,0000-0001-8043-1166
Jeffrey S. Rosenschein,Hebrew University of Jerusalem,http://www.cs.huji.ac.il/~jeff,YO7cKNMAAAAJ,0000-0000-0000-0000
Jeffrey Shallit,University of Waterloo,https://cs.uwaterloo.ca/~shallit,A-s_cLQAAAAJ,0000-0000-0000-0000
Jeffrey T. Linderoth,University of Wisconsin - Madison,http://homepages.cae.wisc.edu/~linderot,gwM2aRIAAAAJ,0000-0000-0000-0000
Jeffrey Uhlmann,University of Missouri,https://engineering.missouri.edu/faculty/jeffrey-uhlmann,NOSCHOLARPAGE,0000-0001-9163-521X
Jeffrey Xu Yu,Chinese University of Hong Kong,http://www.se.cuhk.edu.hk/people/yu.html,iHevumsAAAAJ,0000-0002-9738-827X
Jehan-Francois Paris,University of Houston,http://www2.cs.uh.edu/~paris,NOSCHOLARPAGE,0000-0002-8403-3517
Jehee Lee,Seoul National University,http://mrl.snu.ac.kr/~jehee,YHlvUsAAAAAJ,0000-0003-1023-1868
Jelani Nelson,Univ. of California - Berkeley,http://people.eecs.berkeley.edu/~minilek,W6gQqWcAAAAJ,0000-0001-7370-3733
Jelena Diakonikolas,University of Wisconsin - Madison,http://www.jelena-diakonikolas.com,J8ixfu8AAAAJ,0000-0003-3439-0310
Jelena Marasevic,University of Wisconsin - Madison,http://www.jelena-diakonikolas.com,J8ixfu8AAAAJ,0000-0000-0000-0000
Jelena Tesic,Texas State University,http://cs.txstate.edu/~j_t463,jRLy9uoAAAAJ,0000-0002-9972-9760
Jelena V. Misic,Toronto Metropolitan University,https://www.scs.torontomu.ca/~jmisic,Sd87n8gAAAAJ,0000-0000-0000-0000
Jeman Park 0001,Kyung Hee University,https://jeman-khu.notion.site,Z2vJWEgAAAAJ,0000-0003-4387-8780
Jen Rexford,Princeton University,http://www.cs.princeton.edu/~jrex,07ds-DAAAAAJ,0000-0000-0000-0000
Jen-Hui Chuang,National Chiao Tung University,http://islab.cs.nctu.edu.tw,NOSCHOLARPAGE,0000-0002-4934-4811
Jenay M. Beer,University of Georgia,https://ssw.uga.edu/people/name/jenay-beer,5BnVZi4AAAAJ,0000-0000-0000-0000
Jeni Paay,Aalborg University,http://people.cs.aau.dk/~jeni/jeni_homepage/home.html,-4miticAAAAJ,0000-0001-8328-6662
Jenn-Jier James Lien,National Cheng Kung University,http://www.csie.ncku.edu.tw/ncku_csie/depmember/teacherdetail/id/17,3nu_iw0AAAAJ,0000-0000-0000-0000
Jenna L. Marquard,Univ. of Massachusetts Amherst,https://mie.umass.edu/faculty/jenna-marquard,K56cD70AAAAJ,0000-0000-0000-0000
Jenna Wiens,University of Michigan,http://www-personal.umich.edu/~wiensj,NOSCHOLARPAGE,0000-0002-1057-7722
Jennie Duggan,Northwestern University,http://users.eecs.northwestern.edu/~jennie,kVUa9ZoAAAAJ,0000-0002-4218-8502
Jennie Rogers,Northwestern University,http://users.eecs.northwestern.edu/~jennie,kVUa9ZoAAAAJ,0000-0002-4218-8502
Jennifer C. Ureta,De La Salle University,https://www.dlsu.edu.ph/colleges/ccs/faculty-profile/single/?id=32665818005&command=GETPROFILE,K263QzQAAAAJ,0000-0000-0000-0000
Jennifer Campbell,University of Toronto,http://www.cs.toronto.edu/~campbell,3mDtQLcAAAAJ,0000-0001-5092-6600
Jennifer G. Dy,Northeastern University,https://www.khoury.northeastern.edu/people/jennifer-dy,6h7b0fAAAAAJ,0000-0000-0000-0000
Jennifer G. Kim,Georgia Institute of Technology,https://faculty.cc.gatech.edu/~jkim693,puNJcv0AAAAJ,0000-0003-3253-3963
Jennifer George,Goldsmiths University of London,https://www.gold.ac.uk/computing/people/george-jennifer,NOSCHOLARPAGE,0000-0000-0000-0000
Jennifer Golbeck,Univ. of Maryland - College Park,http://cs.umd.edu/people/jgolbeck,WBOnL7sAAAAJ,0000-0000-0000-0000
Jennifer Horkoff,Chalmers/GU,https://www.chalmers.se/en/staff/Pages/jenho.aspx,NOSCHOLARPAGE,0000-0000-0000-0000
Jennifer Hu 0001,Johns Hopkins University,https://cogsci.jhu.edu/directory/jennifer-hu,Yn59qc4AAAAJ,0000-0003-4075-6876
Jennifer J. Sun,Cornell University,https://jenjsun.com,TejzmcwAAAAJ,0000-0000-0000-0000
Jennifer Jacobs 0001,Univ. of California - Santa Barbara,http://jenniferjacobs.mat.ucsb.edu,z0C-QBoAAAAJ,0000-0001-8666-8527
Jennifer L. Welch,Texas A&M University,https://parasol.tamu.edu/~welch,_BSIZHAAAAAJ,0000-0003-2725-9875
Jennifer Listgarten,Univ. of California - Berkeley,http://www.jennifer.listgarten.com,jhPhgf4AAAAJ,0000-0000-0000-0000
Jennifer Lundelius,Texas A&M University,https://parasol.tamu.edu/~welch,_BSIZHAAAAAJ,0000-0000-0000-0000
Jennifer M. Groh,Duke University,http://people.duke.edu/~jmgroh,n_BMt9AAAAAJ,0000-0000-0000-0000
Jennifer Mankoff,University of Washington,https://www.hcii.cmu.edu/people/jennifer-mankoff,mhmvCgsAAAAJ,0000-0001-9235-5324
Jennifer Mary Jacobs 0001,Univ. of California - Santa Barbara,http://jenniferjacobs.mat.ucsb.edu,z0C-QBoAAAAJ,0000-0000-0000-0000
Jennifer Parham-Mocello,Oregon State University,https://engineering.oregonstate.edu/people/jennifer-parham-mocello,9b6cJ_UAAAAJ,0000-0002-4213-8046
Jennifer Rexford,Princeton University,http://www.cs.princeton.edu/~jrex,07ds-DAAAAAJ,0000-0002-0231-8165
Jennifer Seberry,University of Wollongong,https://scholars.uow.edu.au/jennifer-seberry,0llvkDsAAAAJ,0000-0002-9558-4293
Jennifer T. Chayes,Univ. of California - Berkeley,http://jenniferchayes.com,YAHWbtkAAAAJ,0000-0003-4020-8618
Jennifer Tour Chayes,Univ. of California - Berkeley,http://jenniferchayes.com,YAHWbtkAAAAJ,0000-0000-0000-0000
Jennifer Waycott,University of Melbourne,http://findanexpert.unimelb.edu.au/display/person52243,kc5Fr-0AAAAJ,0000-0000-0000-0000
Jennifer Widom,Stanford University,http://infolab.stanford.edu/~widom,zdKmnYwAAAAJ,0000-0000-0000-0000
Jenny Coady,Heriot-Watt University,https://www.hw.ac.uk/staff/uk/macs/jenny-coady.htm,NOSCHOLARPAGE,0000-0000-0000-0000
Jenny Lin,University of Utah,https://jlin98.github.io,W_Kf130AAAAJ,0009-0000-8618-0740
Jenny Waycott,University of Melbourne,http://findanexpert.unimelb.edu.au/display/person52243,kc5Fr-0AAAAJ,0000-0002-4634-0532
Jenq Kuen Lee,National Tsing Hua University,http://pllab.cs.nthu.edu.tw/~jklee,cIxlQU4AAAAJ,0000-0000-0000-0000
Jenq-Kuen Lee,National Tsing Hua University,http://pllab.cs.nthu.edu.tw/~jklee,cIxlQU4AAAAJ,0000-0000-0000-0000
Jens B. Schmitt,TU Kaiserslautern,https://disco.cs.uni-kl.de/index.php/people/jens-schmitt,lmEldBwAAAAJ,0000-0000-0000-0000
Jens Christian Claussen,University of Birmingham,https://www.birmingham.ac.uk/staff/profiles/computer-science/academic-staff/claussen-jens-christian.aspx,fCjDwsIAAAAJ,0000-0000-0000-0000
Jens Dietrich 0001,Victoria University of Wellington,https://sites.google.com/site/jensdietrich,wMsX0w4AAAAJ,0000-0001-9019-6550
Jens Dittrich,Saarland University,https://infosys.cs.uni-saarland.de/people/dittrich.php,fykfPiwAAAAJ,0000-0003-1015-804X
Jens Emil Grønbæk,Aarhus University,https://cs.au.dk/~jensemil,tY7C0m8AAAAJ,0000-0002-9566-7195
Jens Grabowski,University of Göttingen,https://www.swe.informatik.uni-goettingen.de/staff/jens-grabowski,59rolV4AAAAJ,0000-0000-0000-0000
Jens Gravesen,DTU,https://www.compute.dtu.dk/english,NOSCHOLARPAGE,0000-0000-0000-0000
Jens Gregor,University of Tennessee,http://web.eecs.utk.edu/~jgregor,NOSCHOLARPAGE,0000-0000-0000-0000
Jens Grossklags,TU Munich,http://www.cybertrust.in.tum.de/index.php?id=101,apxyerQAAAAJ,0000-0003-1093-1282
Jens H. Jahnke,University of Victoria,http://www.cs.uvic.ca/~jens/blog/page5.html,TsTOHgoAAAAJ,0000-0000-0000-0000
Jens H. Krüger,University of Duisburg-Essen,http://hpc.uni-due.de/krueger.html,w87pmH4AAAAJ,0000-0000-0000-0000
Jens H. Weber,University of Victoria,http://www.cs.uvic.ca/~jens/blog/page5.html,TsTOHgoAAAAJ,0000-0000-0000-0000
Jens H. Weber-Jahnke,University of Victoria,http://www.cs.uvic.ca/~jens/blog/page5.html,TsTOHgoAAAAJ,0000-0000-0000-0000
Jens Harald Krüger,University of Duisburg-Essen,http://hpc.uni-due.de/krueger.html,w87pmH4AAAAJ,0000-0002-9197-0613
Jens Haueisen,TU Ilmenau,https://www.tu-ilmenau.de/bmti/fachgebiete/biomedizinische-technik,u5SRjOwAAAAJ,0000-0000-0000-0000
Jens Knoop,TU Wien,http://www.complang.tuwien.ac.at/knoop,NOSCHOLARPAGE,0000-0000-0000-0000
Jens Krinke,University College London,http://www0.cs.ucl.ac.uk/staff/J.Krinke,y8MpLZwAAAAJ,0000-0003-1009-2861
Jens Lagergren,KTH Royal Inst. of Technology,https://www.kth.se/profile/jensl,lS1rJKQAAAAJ,0000-0002-4552-0240
Jens Lambrecht,TU Berlin,https://www.ignc.tu-berlin.de/menue/ueber_uns/team/parameter/de,LirFG6EAAAAJ,0000-0000-0000-0000
Jens Lehmann 0001,University of Bonn,http://sda.cs.uni-bonn.de/people/prof-dr-jens-lehmann,sEaQ5rgAAAAJ,0000-0001-9108-4278
Jens Palsberg,Univ. of California - Los Angeles,http://www.cs.ucla.edu/~palsberg,Gx8Rpr4AAAAJ,0000-0003-4747-365X
Jens Petersen,University of Copenhagen,https://di.ku.dk/english/staff/vip/?pure=en/persons/178402,J3L5JdQAAAAJ,0000-0000-0000-0000
Jens Sjölund,Uppsala University,https://jsjol.github.io,AlF2g-YAAAAJ,0000-0002-9099-3522
Jens Stoye,Bielefeld University,https://www.techfak.uni-bielefeld.de/~stoye,d7rMd3YAAAAJ,0000-0002-4656-7155
Jens Teubner,TU Dortmund,http://dbis.cs.tu-dortmund.de/cms/en/people/faculty/teubner.html,SdGU2bMAAAAJ,0000-0002-0344-5203
Jens Thilo Teubner,TU Dortmund,http://dbis.cs.tu-dortmund.de/cms/en/people/faculty/teubner.html,SdGU2bMAAAAJ,0000-0000-0000-0000
Jens Zander,KTH Royal Inst. of Technology,https://www.kth.se/profile/jenz,GjXOu5wAAAAJ,0000-0000-0000-0000
Jens-Peter Dittrich,Saarland University,https://infosys.cs.uni-saarland.de/people/dittrich.php,fykfPiwAAAAJ,0000-0000-0000-0000
Jens-Peter Redlich,Humboldt University of Berlin,http://sar.informatik.hu-berlin.de/main/main_page.htm,NOSCHOLARPAGE,0000-0000-0000-0000
Jeong Joon Park,University of Michigan,https://jjparkcv.github.io,aD5pXLoAAAAJ,0009-0009-8908-3861
Jeong hwan Jeon,UNIST,https://rml.unist.ac.kr,ZTe13LgAAAAJ,0000-0000-0000-0000
Jeong-Geun Kim,Kyungpook National University,https://sites.google.com/view/knunextcom,lvU4X6IAAAAJ,0000-0000-0000-0000
Jeong-Gil Ko,Yonsei University,http://www.eis-lab.org,5zP95ZQAAAAJ,0000-0000-0000-0000
Jeong-Hyon Hwang,University at Albany - SUNY,https://www.albany.edu/ceas/jeong-hyon-hwang.php,uurRDOwAAAAJ,0000-0002-4551-5820
JeongGil Ko,Yonsei University,http://www.eis-lab.org,5zP95ZQAAAAJ,0000-0003-0799-4039
Jeonghong Kim,Kyungpook National University,http://sites.google.com/view/msp-lab,eEOGPaUAAAAJ,0000-0002-7466-1376
Jeongseob Ahn,Korea University,https://sites.google.com/korea.ac.kr/csl,rdZQ0agAAAAJ,0000-0002-4503-8294
Jeppe Revall Frisvad,DTU,https://www.compute.dtu.dk/english,NOSCHOLARPAGE,0000-0002-0603-3669
Jeremiah Blocki,Purdue University,https://www.cs.purdue.edu/homes/jblocki,KBvKjbMAAAAJ,0000-0002-5542-4674
Jeremiah D. Deng,University of Otago,https://www.covic.otago.ac.nz/~jdeng,GTuRqCAAAAAJ,0000-0000-0000-0000
Jeremiah Onaolapo,University of Vermont,https://www.uvm.edu/~jonaolap,itji49QAAAAJ,0000-0000-0000-0000
Jeremias Sulam,Johns Hopkins University,https://www.bme.jhu.edu/people/faculty/jeremias-sulam,1awx1aIAAAAJ,0000-0003-0946-1957
Jeremy Aarons,Monash University,http://monash.academia.edu/JeremyAarons,NOSCHOLARPAGE,0000-0000-0000-0000
Jeremy Blackburn,Binghamton University,https://www.binghamton.edu/computer-science/contact/profile.html?id=jblackbu,oO1GPO8AAAAJ,0000-0000-0000-0000
Jeremy Buhler,Washington University in St. Louis,https://www.cse.wustl.edu/~jbuhler,yQXfAWMAAAAJ,0000-0002-4159-4226
Jeremy Clark,Concordia University,https://www.pulpspy.com,oQrvLjYAAAAJ,0000-0000-0000-0000
Jeremy D. Buhler,Washington University in St. Louis,https://www.cse.wustl.edu/~jbuhler,yQXfAWMAAAAJ,0000-0002-4159-4226
Jeremy Dawson,West Virginia University,https://www.statler.wvu.edu/faculty-staff/faculty/jeremy-dawson,NOSCHOLARPAGE,0000-0002-4539-7588
Jeremy G. Siek,Indiana University,http://wphomes.soic.indiana.edu/jsiek,Vuso8H8AAAAJ,0000-0002-9894-4856
Jeremy Gibbons,University of Oxford,http://www.cs.ox.ac.uk/jeremy.gibbons,uNR4vFcAAAAJ,0000-0002-8426-9917
Jeremy Gummeson,Univ. of Massachusetts Amherst,http://jeremygummeson.com,zMOYd5YAAAAJ,0000-0002-7468-0569
Jeremy H. Holleman,University of Tennessee,http://www.eecs.utk.edu/people/faculty/jhollema,kWTef0wAAAAJ,0000-0000-0000-0000
Jeremy Holleman,UNC - Charlotte,https://ece.charlotte.edu/directory/dr-jeremy-holleman-phd,OEkz_oQAAAAJ,0000-0000-0000-0000
Jeremy Johnson,Drexel University,https://www.cs.drexel.edu/~jjohnson,0WqVazoAAAAJ,0000-0000-0000-0000
Jeremy P. Birnholtz,Northwestern University,https://design.northwestern.edu/people/profiles/birnholtz-jeremy.html,o-iIoUQAAAAJ,0000-0000-0000-0000
Jeremy S. Smith,University of Liverpool,https://liverpool.ac.uk/electrical-engineering-and-electronics/staff/jeremy-smith,EKgDisMAAAAJ,0000-0002-0212-2365
Jeremy Singer,University of Glasgow,http://www.dcs.gla.ac.uk/~jsinger,UTdRqF8AAAAJ,0000-0001-9462-6802
Jeremy T. Fineman,Georgetown University,http://people.cs.georgetown.edu/~jfineman,_Wb6s7cAAAAJ,0009-0000-7483-4532
Jeremy W. Sheaffer,Iowa State University,http://www.cs.iastate.edu/people/jeremy-sheaffer,NOSCHOLARPAGE,0000-0000-0000-0000
Jeremy Yallop,University of Cambridge,http://www.cl.cam.ac.uk/~jdy22,NIk5CuwAAAAJ,0009-0002-1650-6340
Jeremy Z. Kolter,Carnegie Mellon University,http://www.zicokolter.com,UXh1I6UAAAAJ,0000-0000-0000-0000
Jernej Barbic,University of Southern California,https://viterbi-web.usc.edu/~jbarbic,aP4IPIEAAAAJ,0000-0002-6371-9018
Jeroen Boydens,KU Leuven,https://distrinet.cs.kuleuven.be/people/jeroen,ljI2jYsAAAAJ,0000-0002-7902-8537
Jeroen J. A. Keiren,TU Eindhoven,https://www.jeroenkeiren.nl,_nrYKCoAAAAJ,0000-0000-0000-0000
Jeroen Keiren,TU Eindhoven,https://www.jeroenkeiren.nl,_nrYKCoAAAAJ,0000-0000-0000-0000
Jeroen Keppens,King's College London,https://www.kcl.ac.uk/people/jeroen-keppens,6uEtmfoAAAAJ,0000-0003-3858-7858
Jeroen Klein Brinke,University of Twente,https://research.utwente.nl/en/persons/4623cb2a-b74b-4e99-bb76-ccbeefb0e4ca,DrY-Q8gAAAAJ,0000-0000-0000-0000
Jeroen van de Graaf,UFMG,http://homepages.dcc.ufmg.br/~jvdg,-w8olWwAAAAJ,0000-0000-0000-0000
Jeroen van der Ham,University of Twente,https://research.utwente.nl/en/persons/f950f33d-f682-488d-be3f-c9be8f41d11e,b_g65jIAAAAJ,0000-0002-5685-8714
Jerome Knopp,Univ. of Missouri - Kansas City,https://sce.umkc.edu/about/directory/name/jerome-knopp-ph-d,NOSCHOLARPAGE,0000-0000-0000-0000
Jerome Tubiana,Tel Aviv University,https://jertubiana.github.io,now0aJ0AAAAJ,0000-0000-0000-0000
Jerry Alan Fails,Boise State University,https://www.boisestate.edu/coen-cs/people/faculty/jerry-alan-fails,eO71_M8AAAAJ,0000-0000-0000-0000
Jerry Chou,National Tsing Hua University,https://lsalab.cs.nthu.edu.tw/home,5lJoLIEAAAAJ,0000-0001-7851-1140
Jerry L. Prince,Johns Hopkins University,https://iacl.ece.jhu.edu/index.php?title=Main_Page,BQcJMmcAAAAJ,0000-0002-6553-0876
Jerry Place,Univ. of Missouri - Kansas City,http://medicine.kumc.edu,NOSCHOLARPAGE,0000-0000-0000-0000
Jerry Tessendorf,Clemson University,http://people.clemson.edu/~jtessen,NOSCHOLARPAGE,0000-0000-0000-0000
Jerry den Hartog,TU Eindhoven,https://www.tue.nl/en/university/departments/mathematics-and-computer-science/the-department/staff/detail/ep/e/d/ep-uid/20012328,28P--UkAAAAJ,0000-0000-0000-0000
Jerzy Marcinkowski,University of Wroclaw,https://www.ii.uni.wroc.pl/~jma,qcKmOkAAAAAJ,0000-0001-6539-6788
Jerzy Tiuryn,University of Warsaw,https://www.mimuw.edu.pl/~tiuryn,1iFPnFwAAAAJ,0000-0002-0285-5606
Jerzy Tyszkiewicz,University of Warsaw,http://www.mimuw.edu.pl/~jty,5B5PToIAAAAJ,0000-0003-2858-3124
Jerzy W. Grzymala-Busse,University of Kansas,http://people.eecs.ku.edu/~jerzy,NOSCHOLARPAGE,0000-0000-0000-0000
Jerzy W. Jaromczyk,University of Kentucky,http://www.cs.uky.edu/~jurek,NOSCHOLARPAGE,0000-0000-0000-0000
Jerónimo Castrillón,TU Dresden,https://cfaed.tu-dresden.de/ccc-about,Vez2G1kAAAAJ,0000-0002-5007-445X
Jerónimo Castrillón Mazo,TU Dresden,https://cfaed.tu-dresden.de/ccc-about,Vez2G1kAAAAJ,0000-0000-0000-0000
Jerônimo Grandi,Augusta University,https://www.augusta.edu/faculty/directory/view.php?id=JGRANDI,VOUOkLYAAAAJ,0000-0000-0000-0000
Jes Frellsen,DTU,https://frellsen.org,Yj2sBWkAAAAJ,0000-0001-9224-1271
Jesper Bengtson,IT University of Copenhagen,http://www.itu.dk/people/jebe,NOSCHOLARPAGE,0000-0000-0000-0000
Jesper Buus Nielsen,Aarhus University,https://pure.au.dk/portal/en/persons/jesper-buus-nielsen(f428c4b3-80b3-403a-ada6-9ecb0fad97b2).html,PoDj4lsAAAAJ,0000-0002-7074-0683
Jesper Cockx,TU Delft,https://jesper.sikanda.be,RIE9Ge8AAAAJ,0000-0003-3862-4073
Jesper Kjeldskov,Monash University,https://research.monash.edu/en/persons/jesper-kjeldskov,pD3nfeAAAAAJ,0000-0001-7990-4229
Jesper Larsson Träff,TU Wien,http://www.traff-industries.de,NOSCHOLARPAGE,0000-0000-0000-0000
Jesper N. Tegnér,KAUST,https://www.kaust.edu.sa/en/study/faculty/jesper-tegner,_DUppAgAAAAJ,0000-0000-0000-0000
Jesper Nederlof,Utrecht University,http://www.staff.science.uu.nl/~neder003/index.html,waGEU2cAAAAJ,0000-0003-1848-0076
Jesper Tegnér,KAUST,https://www.kaust.edu.sa/en/study/faculty/jesper-tegner,_DUppAgAAAAJ,0000-0002-9568-5588
Jesse Clark,University of Technology Sydney,https://www.uts.edu.au/staff/jesse.clark,NOSCHOLARPAGE,0000-0002-1920-341X
Jesse Davis,KU Leuven,https://people.cs.kuleuven.be/~jesse.davis,gz74XOYAAAAJ,0000-0002-3748-9263
Jesse Hoey,University of Waterloo,https://cs.uwaterloo.ca/~jhoey,YcBGOtQAAAAJ,0000-0001-5340-2204
Jesse Krijthe,TU Delft,https://www.tudelft.nl/en/ewi/over-de-faculteit/afdelingen/intelligent-systems/pattern-recognition-bioinformatics/pattern-recognition-bioinformatics/people/jesse-krijthe,Rm7OUa0AAAAJ,0000-0003-3435-6358
Jesse L. Barlow,Pennsylvania State University,http://www.cse.psu.edu/~b58,NOSCHOLARPAGE,0000-0000-0000-0000
Jesse M. Heines,University of Massachusetts Lowell,https://www.uml.edu/Research/IVPR/faculty/Heines_Jesse%20M.aspx,K9wOrRIAAAAJ,0000-0001-8143-9506
Jesse Thomason,University of Southern California,https://jessethomason.com,8BeTDr0AAAAJ,0000-0001-9199-0633
Jessica A. Enright,University of Glasgow,https://www.gla.ac.uk/schools/computing/staff/jessicaenright,7Ew_m5cAAAAJ,0000-0000-0000-0000
Jessica Burgner,University of Toronto,https://www.cs.toronto.edu/~jbk,JtHZL24AAAAJ,0000-0001-9185-3970
Jessica Burgner-Kahrs,University of Toronto,https://www.cs.toronto.edu/~jbk,JtHZL24AAAAJ,0000-0001-9185-3970
Jessica Chen-Burger,Heriot-Watt University,https://researchportal.hw.ac.uk/en/persons/yun-heh-chen-burger,GKiqYxoAAAAJ,0000-0002-7909-0541
Jessica D. Bayliss,Rochester Inst. of Technology,https://www.rit.edu/gccis/igm/jessica-bayliss,Su10oeUAAAAJ,0000-0000-0000-0000
Jessica Hammer,Carnegie Mellon University,https://www.hcii.cmu.edu/people/jessica-hammer,vSvRUAkAAAAJ,0000-0003-4102-2575
Jessica Hullman,Northwestern University,http://users.eecs.northwestern.edu/~jhullman,OLa9EKsAAAAJ,0000-0001-6826-3550
Jessica K. Hodgins,Carnegie Mellon University,http://www.cs.cmu.edu/~jkh,NOSCHOLARPAGE,0000-0002-1778-883X
Jessica Lin 0001,George Mason University,http://cs.gmu.edu/~jessica,tRHOWkcAAAAJ,0000-0002-4887-0692
Jessica Ouyang 0001,University of Texas at Dallas,https://personal.utdallas.edu/~jessica.ouyang,fQ6T_eAAAAAJ,0000-0002-6835-8178
Jessica R. Cauchard,TU Wien,https://informatics.tuwien.ac.at/people/jessica-cauchard,Rk1SDB8AAAAJ,0000-0002-8916-8787
Jessica R. Hullman,Northwestern University,http://users.eecs.northwestern.edu/~jhullman,OLa9EKsAAAAJ,0000-0000-0000-0000
Jessica Rebecca Cauchard,TU Wien,https://informatics.tuwien.ac.at/people/jessica-cauchard,Rk1SDB8AAAAJ,0000-0000-0000-0000
Jessica Roberts,Georgia Institute of Technology,https://tiles.cc.gatech.edu,ZRTiCX4AAAAJ,0000-0002-5961-4686
Jessica Sorrell,Johns Hopkins University,https://jess-sorrell.github.io,hBsSfjAAAAAJ,0000-0001-9227-1032
Jessie Hui Wang,Tsinghua University,https://jessiehuiwang.github.io/index.html,fcLOhBoAAAAJ,0000-0002-7825-4137
Jesualdo Tomás Fernández-Breis,University of Murcia,http://webs.um.es/jfernand/miwiki/doku.php,KaEwPLIAAAAJ,0000-0002-7558-2880
Jesus Dario Landa-Silva,University of Nottingham,https://www.nottingham.ac.uk/computerscience/people/dario.landasilva,T8jdVWwAAAAJ,0000-0000-0000-0000
Jesus García Molina,University of Murcia,http://dis.um.es/~jmolina,GU8Kf8UAAAAJ,0000-0000-0000-0000
Jesus Ángel Velázquez-Iturbide,Universidad Rey Juan Carlos,http:/www.lite.etsii.urjc.es/angel.velazquez,JfWXVVgAAAAJ,0000-0000-0000-0000
Jesús A. De Loera,Univ. of California - Davis,https://www.math.ucdavis.edu/~deloera,1S0o7WwAAAAJ,0000-0000-0000-0000
Jesús Labarta,Polytechnic Univ. of Catalonia,https://www.bsc.es/labarta-mancho-jesus,6vj6TdsAAAAJ,0000-0002-7489-4727
Jesús M. González-Barahona,Universidad Rey Juan Carlos,https://gsyc.urjc.es/jgb,vYIPWB0AAAAJ,0000-0000-0000-0000
Jesús Martínez del Rincón,Queen's University Belfast,https://www.qub.ac.uk/schools/eeecs/Connect/Staff/BusinessCard/?name=j.martinez-del-rincon,jEJdlX8AAAAJ,0000-0002-9574-4138
Jesús Vilares,University of A Coruña,http://www.grupolys.org/~jvilares,fZHz0B0AAAAJ,0000-0000-0000-0000
Jesús Vilares Ferro,University of A Coruña,http://www.grupolys.org/~jvilares,fZHz0B0AAAAJ,0000-0000-0000-0000
Jetty Kleijn,Leiden University,https://liacs.leidenuniv.nl/~kleijnhcm,NOSCHOLARPAGE,0000-0001-9506-4071
Jevgenijs Vihrovs,University of Latvia,https://scholar.google.com/citations?user=3F4yQG4AAAAJ&hl=en,3F4yQG4AAAAJ,0000-0000-0000-0000
Jey Han Lau,University of Melbourne,https://findanexpert.unimelb.edu.au/profile/385601-jey-han-lau,MFi65f4AAAAJ,0000-0002-1647-4628
Jeyan Thiyagalingam,University of Liverpool,https://www.liverpool.ac.uk/electrical-engineering-and-electronics/staff/jeyan-thiyagalingam,qe4dPiwAAAAJ,0000-0000-0000-0000
Jeyarajan Thiyagalingam,University of Liverpool,https://www.liverpool.ac.uk/electrical-engineering-and-electronics/staff/jeyan-thiyagalingam,qe4dPiwAAAAJ,0000-0002-2167-1343
Ji Guan 0001,Chinese Academy of Sciences,https://www.researchgate.net/profile/Ji-Guan,muIp5UIAAAAJ,0000-0002-3490-0029
Ji Hwan Park,Rochester Inst. of Technology,https://people.rit.edu/jhpigm,LVJWinQAAAAJ,0000-0002-7971-2419
Ji Liu 0002,University of Rochester,http://www.cs.rochester.edu/u/jliu,UpbJ4CMAAAAJ,0000-0000-0000-0000
Ji Ming,Queen's University Belfast,https://www.qub.ac.uk/schools/eeecs/Connect/Staff/BusinessCard/?name=j.ming,NOSCHOLARPAGE,0000-0000-0000-0000
Ji Won Seo,Hanyang University,http://bdsl.hanyang.ac.kr/members/jiwonseo,O1WC6TAAAAAJ,0000-0000-0000-0000
Ji Won Yoon,Korea University,https://signal.korea.ac.kr,jDLHy60AAAAJ,0000-0000-0000-0000
Ji Wu 0002,Tsinghua University,https://www.tsinghua.edu.cn/publish/eeen/3784/2010/20101219135614305780920/20101219135614305780920_.html,1V8LxbYAAAAJ,0000-0001-6170-726X
Ji-Hyun Lee,KAIST,http://gsct3237.kaist.ac.kr,io8xhtgAAAAJ,0000-0001-6420-5150
Ji-Rong Wen,Renmin University of China,http://info.ruc.edu.cn/academic_professor.php?teacher_id=64,tbxCHJgAAAAJ,0000-0002-9777-9676
Ji-Yong Shin,Northeastern University,https://www.jiyongshin.info,N6ZFInMAAAAJ,0000-0002-1595-4849
Ji-yao An,Hunan University,http://csee.hnu.edu.cn/people/anjiyao,BeWWwfsAAAAJ,0000-0000-0000-0000
Jia Deng 0001,Princeton University,https://www.cs.princeton.edu/~jiadeng,U3Eub-EAAAAJ,0000-0001-9594-4554
Jia Di,University of Arkansas,https://sites.uark.edu/jdi,NOSCHOLARPAGE,0000-0001-7718-0220
Jia Gu,City University of Macau,https://fds.cityu.edu.mo/members/338,UjLZRWgAAAAJ,0000-0001-7498-9892
Jia Hu,University of Exeter,http://emps.exeter.ac.uk/computer-science/staff/jh815,n1Q5NG4AAAAJ,0000-0000-0000-0000
Jia Jia 0001,Tsinghua University,http://hcsi.cs.tsinghua.edu.cn,NOSCHOLARPAGE,0000-0000-0000-0000
Jia Li 0003,Beihang University,http://arts.buaa.edu.cn/staff/jiali/index.htm,BfWMlE4AAAAJ,0000-0002-4346-8696
Jia Li 0004,Tsinghua University,https://lj2lijia.github.io,Us0ZgUcAAAAJ,0000-0000-0000-0000
Jia Li 0009,HKUST,https://sites.google.com/view/lijia,1gSbcYoAAAAJ,0000-0002-6362-4385
Jia Liu 0002,Ohio State University,https://kevinliu-osu-ece.github.io,NOSCHOLARPAGE,0000-0001-8844-3233
Jia Liu 0008,Nanjing University,https://cs.nju.edu.cn/liujia,Q583YzMAAAAJ,0000-0001-7559-2280
Jia Liu 0015,Nanjing University,http://www.iselab.cn/faculty/JiaLiu,5c8-XCAAAAJ,0000-0001-8368-4898
Jia Pan 0001,University of Hong Kong,https://sites.google.com/site/panjia,YYT8-7kAAAAJ,0000-0001-9003-2054
Jia Rao,University of Texas at Arlington,http://ranger.uta.edu/~jrao,cLssJjcAAAAJ,0000-0002-2133-4363
Jia Wang 0008,Shenzhen University,http://csse.szu.edu.cn/cn/peopleda19.html?218228=,XJGanZcAAAAJ,0000-0000-0000-0000
Jia Wu 0001,Macquarie University,http://web.science.mq.edu.au/~jiawu/index.html,kbnFw94AAAAJ,0000-0002-1371-5801
Jia Wu 0005,UESTC,https://www.is.uestc.edu.cn/teachers.do?id=1096,NOSCHOLARPAGE,0000-0000-0000-0000
Jia Yu 0001,Washington State University,https://jiayuasu.github.io,CHOjvFIAAAAJ,0000-0003-1340-6475
Jia Zou 0001,Arizona State University,https://sites.google.com/view/jiazou-web/home,7Dnxbj0AAAAJ,0000-0001-9849-0711
Jia-Bin Huang 0001,Univ. of Maryland - College Park,https://jbhuang0604.github.io,pp848fYAAAAJ,0000-0002-0536-3658
Jia-Fu Xu,Nanjing University,https://cs.nju.edu.cn/58/2b/c2639a153643/page.htm,NOSCHOLARPAGE,0000-0000-0000-0000
Jia-Guang Sun,Tsinghua University,http://www.thss.tsinghua.edu.cn/publish/soften/3131/2010/20101219095105462245998/20101219095105462245998_.html,NOSCHOLARPAGE,0000-0000-0000-0000
Jia-Guang Sun 0001,Tsinghua University,http://www.thss.tsinghua.edu.cn/publish/soften/3131/2010/20101219095105462245998/20101219095105462245998_.html,NOSCHOLARPAGE,0009-0003-0179-317X
Jia-Huai You,University of Alberta,https://webdocs.cs.ualberta.ca/~you,NOSCHOLARPAGE,0000-0001-9372-4371
Jia-Jie Xu 0001,Soochow University,http://jwsy.suda.edu.cn/69/bf/c9398a223679/page.htm,HYURJ-0AAAAJ,0000-0000-0000-0000
Jia-Shung Wang,National Tsing Hua University,http://vc.cs.nthu.edu.tw/home/vc_html/member/jswang_e.html,NOSCHOLARPAGE,0000-0003-2157-6108
Jiachen Li 0001,Univ. of California - Riverside,https://jiachenli94.github.io,1_f79vUAAAAJ,0000-0000-0000-0000
Jiachi Chen,Sun Yat-sen University,https://jiachi-chen.github.io,FpdgEZMAAAAJ,0000-0002-0192-9992
Jiadi Yu,Shanghai Jiao Tong University,https://www.cs.sjtu.edu.cn/~jdyu,2e7_jEoAAAAJ,0000-0002-0207-9643
Jiafeng Guo,Chinese Academy of Sciences,http://teacher.ucas.ac.cn/~0023936,nD0I3PUAAAAJ,0000-0002-9509-8674
Jiafeng Zhou,University of Liverpool,https://liverpool.ac.uk/electrical-engineering-and-electronics/staff/jiafeng-zhou,NOSCHOLARPAGE,0000-0000-0000-0000
Jiaguang Sun,Tsinghua University,http://www.thss.tsinghua.edu.cn/publish/soften/3131/2010/20101219095105462245998/20101219095105462245998_.html,NOSCHOLARPAGE,0000-0000-0000-0000
Jiaguang Sun 0001,Tsinghua University,http://www.thss.tsinghua.edu.cn/publish/soften/3131/2010/20101219095105462245998/20101219095105462245998_.html,NOSCHOLARPAGE,0000-0002-5884-7939
Jiahai Yang,Tsinghua University,http://nmgroup.tsinghua.edu.cn/yang/index_en.htm,NOSCHOLARPAGE,0000-0001-6109-6737
Jiaheng Lu,University of Helsinki,https://www.cs.helsinki.fi/u/jilu,EVNolAkAAAAJ,0000-0003-2067-454X
Jiaheng Zhang,National University of Singapore,https://zjhzjh123.github.io,vh90--IAAAAJ,0000-0002-7950-7845
Jiahua Jiang,ShanghaiTech University,https://sist.shanghaitech.edu.cn/sist_en/2020/0707/c7582a58299/page.htm,ZHLDtbsAAAAJ,0000-0002-4000-8846
Jiahuan Zhou,Peking University,https://zhoujiahuan1991.github.io,ZLZmI8sAAAAJ,0000-0000-0000-0000
Jiajia Li 0001,North Carolina State University,http://jiajiali.org,A8TTuWMAAAAJ,0000-0003-1270-4147
Jiajie Xu 0001,Soochow University,http://jwsy.suda.edu.cn/69/bf/c9398a223679/page.htm,HYURJ-0AAAAJ,0000-0001-8227-8636
Jiajing Wu,Sun Yat-sen University,http://xplanet.site,EaqeskUAAAAJ,0000-0001-5155-8547
Jiajing Zhu,UESTC,https://sise.uestc.edu.cn/info/1036/11717.htm,NOSCHOLARPAGE,0000-0000-0000-0000
Jiajun Bu,Zhejiang University,http://mypage.zju.edu.cn/bjj,OgZP2okAAAAJ,0000-0002-1097-2044
Jiajun Chen 0001,Nanjing University,https://cs.nju.edu.cn/chenjiajun/index_en.htm,WIF7VaoAAAAJ,0000-0000-0000-0000
Jiajun Huang 0001,University of South Florida,https://jiajunhuang1999.github.io,lv5EK6AAAAAJ,0000-0001-5092-3987
Jiajun Jiang,Tianjin University,https://xgdsmileboy.github.io,dn9HNqAAAAAJ,0000-0003-1983-6572
Jiajun Liu,Renmin University of China,https://sites.google.com/site/drjiajunliu/homepage,xZGKQkcAAAAJ,0000-0001-8160-1796
Jiajun Wen 0001,Shenzhen University,https://csse.szu.edu.cn/en/pages/user/index?id=835,VmiSYTgAAAAJ,0000-0000-0000-0000
Jiajun Wu 0001,Stanford University,https://jiajunwu.com,2efgcS0AAAAJ,0000-0002-4176-343X
Jiale Zhang 0001,Yangzhou University,https://xxgcxy.yzu.edu.cn/info/1021/7231.htm,kgDmOAUAAAAJ,0000-0002-2143-5666
Jialiang Lu,Shanghai Jiao Tong University,https://cs.sjtu.edu.cn/en/PeopleDetail.aspx?id=334,NOSCHOLARPAGE,0000-0000-0000-0000
Jialie Shen 0001,City University of London,https://www.city.ac.uk/about/find-contact/staff-directory?query=Jialie+shen,d3h-zScAAAAJ,0000-0002-4560-8509
Jialin Ding 0001,Princeton University,https://www.cs.princeton.edu/people/profile/jd7765,uUiXiMIAAAAJ,0000-0000-0000-0000
Jialin Li 0001,National University of Singapore,https://homes.cs.washington.edu/~lijl,NOSCHOLARPAGE,0000-0003-3530-7662
Jialin Liu 0001,SUSTech,http://cse.sustech.edu.cn/faculty/~liujl,xhytgbIAAAAJ,0000-0000-0000-0000
Jialin Liu 0003,University of Central Florida,https://www.cs.ucf.edu/person/jialin-liu,QS6Lj5sAAAAJ,0000-0000-0000-0000
Jialong Li 0006,SUAT,https://csce.suat-sz.edu.cn/info/1011/1317.htm,JVSopA8AAAAJ,0000-0003-3416-5551
Jiaming Cui,Virginia Tech,https://website.cs.vt.edu/people/faculty/jiaming-cui.html,V3G5TH0AAAAJ,0009-0002-6139-5731
Jiamou Liu,University of Auckland,https://unidirectory.auckland.ac.nz/profile/jiamou-liu,zrGdI2oAAAAJ,0000-0002-0824-0899
Jian Cao 0001,Shanghai Jiao Tong University,https://www.cs.sjtu.edu.cn/PeopleDetail.aspx?id=114,JRk61c0AAAAJ,0000-0002-0036-9436
Jian Chen 0006,Ohio State University,http://web.cse.ohio-state.edu/~chen.8028/Home.html,9R1aERQAAAAJ,0000-0002-1599-0831
Jian Huang 0006,Univ. of Illinois at Urbana-Champaign,http://jianh.web.engr.illinois.edu,wYasaaUAAAAJ,0000-0002-1125-671X
Jian Huang 0007,University of Tennessee,http://web.eecs.utk.edu/~huangj,fGm3ZMkAAAAJ,0000-0002-9288-0505
Jian Kang 0008,MBZUAI,https://mbzuai.ac.ae/study/faculty/jian-kang,U_jFlOQAAAAJ,0000-0003-3902-7131
Jian Li 0008,Stony Brook University,https://sites.google.com/stonybrook.edu/jianli,h039Yq4AAAAJ,0000-0003-3642-3569
Jian Li 0015,Tsinghua University,http://iiis.tsinghua.edu.cn/~jianli,khvIZWkAAAAJ,0000-0003-4650-3925
Jian Li 0021,Shanghai Jiao Tong University,https://sdic.sjtu.edu.cn/index.php/jian-li,NOSCHOLARPAGE,0000-0003-0894-0892
Jian Liu 0001,University of Georgia,https://www.cs.uga.edu/news/stories/2025/2025-summer-update-director-school-computing,Ckfl4_AAAAAJ,0000-0002-8331-0834
Jian Liu 0012,Zhejiang University,https://person.zju.edu.cn/0019840,-T_UNHwAAAAJ,0000-0001-6796-6828
Jian Lou 0001,Sun Yat-sen University,https://sites.google.com/view/jianlou,NOSCHOLARPAGE,0000-0002-4110-2068
Jian Lu 0001,Nanjing University,http://cs.nju.edu.cn/58/2a/c2639a153642/page.htm,NOSCHOLARPAGE,0000-0000-0000-0000
Jian Lv 0001,Nanjing University,http://cs.nju.edu.cn/58/2a/c2639a153642/page.htm,NOSCHOLARPAGE,0000-0000-0000-0000
Jian Lü 0001,Nanjing University,http://cs.nju.edu.cn/58/2a/c2639a153642/page.htm,NOSCHOLARPAGE,0000-0000-0000-0000
Jian Ma 0004,Carnegie Mellon University,http://www.cs.cmu.edu/~jianma,kDZcBhkAAAAJ,0000-0002-4202-5834
Jian Pei 0001,Duke University,https://sites.google.com/view/jpei/jian-peis-homepage,zIMEVKsAAAAJ,0000-0002-2200-8711
Jian Peng 0001,Univ. of Illinois at Urbana-Champaign,http://jianpeng.web.engr.illinois.edu,4wcAVXAAAAAJ,0000-0002-1736-2978
Jian Tang 0001,Memorial Univ. of Newfoundland,https://www.mun.ca/computerscience/people/jian.php,fs8--boAAAAJ,0000-0000-0000-0000
Jian Tang 0008,Syracuse University,http://www.ecs.syr.edu/faculty/tang,IirM9zMAAAAJ,0000-0003-4418-0114
Jian Wang 0016,Fudan University,http://homepage.fudan.edu.cn/jianwang,5i7YIEgAAAAJ,0000-0002-5421-5678
Jian Weng 0002,KAUST,http://were.github.io,8sYWd-sAAAAJ,0000-0002-7933-9941
Jian Wu 0001,Zhejiang University,http://mypage.zju.edu.cn/0004274,VO9XIXYAAAAJ,0000-0002-3230-6392
Jian Xiang,UNC - Charlotte,https://cci.charlotte.edu/people/jian-xiang,OMtFoaIAAAAJ,0009-0000-4192-1656
Jian Yang 0001,Macquarie University,https://researchers.mq.edu.au/en/persons/jian-yang,r5jS8eYAAAAJ,0000-0002-4408-1952
Jian Yao 0002,Wuhan University,https://cvrs.whu.edu.cn/jianyao,lV0Wxw0AAAAJ,0000-0000-0000-0000
Jian Yun Nie,University of Montreal,http://rali.iro.umontreal.ca/nie/jian-yun-nie-en,W7uYg0UAAAAJ,0000-0000-0000-0000
Jian Zhang 0004,Louisiana State University,https://www.lsu.edu/eng/cse/people/faculty/zhang.php,NOSCHOLARPAGE,0000-0000-0000-0000
Jian Zhang 0010,Wuhan University,https://cs.whu.edu.cn/info/1019/2509.htm,NOSCHOLARPAGE,0000-0000-0000-0000
Jian Zhang 0018,Peking University,https://jianzhang.tech,7brFI_4AAAAJ,0000-0000-0000-0000
Jian Zhang 0048,Central South University,https://faculty.csu.edu.cn/zhangjian1/zh_CN/index.htm,qmyus9IAAAAJ,0000-0001-5418-0455
Jian Zhao 0010,University of Waterloo,https://jeffjianzhao.bitbucket.io,5v0elikAAAAJ,0000-0001-5008-4319
Jian Zhu 0005,CUHK (SZ),https://sse.cuhk.edu.cn/en/faculty/zhujian,U0lt7MIAAAAJ,0000-0000-0000-0000
Jian-Hua Chen,Louisiana State University,https://www.lsu.edu/eng/cse/people/faculty/chen.j.php,NOSCHOLARPAGE,0000-0000-0000-0000
Jian-Huang Lai,Sun Yat-sen University,https://ieeexplore.ieee.org/author/37274695700,NOSCHOLARPAGE,0000-0003-3883-2024
Jian-Jia Chen,TU Dortmund,https://ls12-www.cs.tu-dortmund.de/daes/de/daes/mitarbeiter/jjchen.html,_kx4s9QAAAAJ,0000-0001-8114-9760
Jian-Ling Sun,Zhejiang University,https://person.zju.edu.cn/en/sunjl,NOSCHOLARPAGE,0000-0000-0000-0000
Jian-Qiang Li 0001,Shenzhen University,http://csse.szu.edu.cn/staff/lijq,-oVMPBwAAAAJ,0000-0002-2208-962X
Jian-Xin Wu,Nanjing University,https://cs.nju.edu.cn/wujx,NOSCHOLARPAGE,0000-0000-0000-0000
Jian-Yun Nie,University of Montreal,http://rali.iro.umontreal.ca/nie/jian-yun-nie-en,W7uYg0UAAAAJ,0000-0003-1556-3335
Jian-Zhong Li 0001,Harbin Institute of Technology,http://homepage.hit.edu.cn/jianzhongli,RLFOrxsAAAAJ,0000-0000-0000-0000
Jian-bin Hu,Peking University,http://eecs.pku.edu.cn/EN/People/Faculty/Detail/?ID=6086,NOSCHOLARPAGE,0000-0000-0000-0000
Jian-qiang Li 0001,Shenzhen University,http://csse.szu.edu.cn/staff/lijq,-oVMPBwAAAAJ,0000-0000-0000-0000
Jianbin Gao,UESTC,https://www.scse.uestc.edu.cn/info/1081/11639.htm,kIe5s8QAAAAJ,0000-0000-0000-0000
Jianbin Huang,Xidian University,https://web.xidian.edu.cn/jbhuang,s60vEVYAAAAJ,0000-0000-0000-0000
Jianbin Qin,Shenzhen University,http://csse.szu.edu.cn/en/peoplec4be.html?222367,2ZmhZpgAAAAJ,0000-0002-4298-3215
Jianbing Shen,University of Macau,https://www.fst.um.edu.mo/people/jianbingshen,_Q3NTToAAAAJ,0000-0002-4109-8353
Jianbing Zhang,Nanjing University,https://cs.nju.edu.cn/zhangjb,lZ_hw9oAAAAJ,0000-0000-0000-0000
Jianbo Jiao,University of Birmingham,https://www.birmingham.ac.uk/staff/profiles/computer-science/academic-staff/jiao-jianbo.aspx,HkEiMMwAAAAJ,0000-0003-0833-5115
Jianbo Shi,University of Pennsylvania,https://www.cis.upenn.edu/~jshi,Sm14jYIAAAAJ,0000-0000-0000-0000
Jianchao Luo,UESTC,https://www.en.scse.uestc.edu.cn/info/1085/1918.htm,NOSCHOLARPAGE,0000-0000-0000-0000
Jiancheng Lv 0001,Sichuan University,http://dicalab.cn,0TCaWKwAAAAJ,0000-0001-6551-3884
Jianer Chen,Texas A&M University,http://faculty.cs.tamu.edu/chen,0zVOVQ0AAAAJ,0000-0000-0000-0000
Jianfei Cai 0001,Monash University,https://research.monash.edu/en/persons/jianfei-cai,N6czCoUAAAAJ,0000-0002-9444-3763
Jianfei Yin,Shenzhen University,http://csse.szu.edu.cn/en/peoplef6ad.html?14758,4KfYemQAAAAJ,0000-0003-4666-5123
Jianfeng Feng,University of Warwick,https://warwick.ac.uk/fac/sci/dcs/people/jianfeng_feng/#overview,0MtAVz4AAAAJ,0000-0001-5987-2258
Jianfeng Li,Xi'an Jiaotong University,https://gr.xjtu.edu.cn/en/web/jfli.xjtu,NOSCHOLARPAGE,0000-0001-9379-7028
Jianfeng Ma 0001,Xidian University,https://web.xidian.edu.cn/jfma,NOSCHOLARPAGE,0000-0003-4251-1143
Jianfeng Wang 0001,Xidian University,https://web.xidian.edu.cn/jfwang,CWvF66QAAAAJ,0000-0001-5297-0293
Jianfeng Yan,Soochow University,http://web.suda.edu.cn/yanjf,NOSCHOLARPAGE,0000-0000-0000-0000
Jianfu Zhang 0003,Shanghai Jiao Tong University,http://www.qingyuan.sjtu.edu.cn/a/Jianfu-Zhang.html,jSiStc4AAAAJ,0000-0002-2673-5860
Jiang Hu,Texas A&M University,http://cesg.tamu.edu/faculty/jiang-hu,TWw91rQAAAAJ,0009-0005-8842-7811
Jiang Liu 0001,SUSTech,https://faculty.sustech.edu.cn/liuj,NOSCHOLARPAGE,0000-0001-6281-6505
Jiang Ming 0002,Tulane University,https://cs.tulane.edu/~jming,i4VFYKAAAAAJ,0000-0001-9682-0502
Jiang Yu,Tsinghua University,https://sites.google.com/site/jiangyu198964/home,NOSCHOLARPAGE,0000-0000-0000-0000
Jiang Yu Zheng,IUPUI,http://cs.iupui.edu/~jzheng,Gih-kpUAAAAJ,0000-0000-0000-0000
Jiangchuan Liu,Simon Fraser University,http://www.cs.sfu.ca/~jcliu,VU2Jw1YAAAAJ,0000-0001-6592-1984
Jiangfan Yi,Peking University,http://eecs.pku.edu.cn/EN/People/Faculty/Detail/?ID=6016,NOSCHOLARPAGE,0000-0000-0000-0000
Jiangfan Yu,CUHK (SZ),https://www.imlyu.com,2rMKEG0AAAAJ,0000-0002-7981-6744
Jiangfeng Li,Tongji University,https://sse.tongji.edu.cn/lijiangfeng,NOSCHOLARPAGE,0000-0000-0000-0000
Jianghong Ma,Harbin Institute of Technology,http://faculty.hitsz.edu.cn/majianghong,9ZQQqasAAAAJ,0000-0002-0524-3584
Jiangshan Yu,University of Sydney,https://www.sydney.edu.au/engineering/about/our-people/academic-staff/jiangshan-yu.html,-1C1IIcAAAAJ,0000-0001-8006-7392
Jiangsu Du,Sun Yat-sen University,https://cse.sysu.edu.cn/teacher/3325,GayKRzEAAAAJ,0000-0003-4707-9492
Jiangtao Cui,Xidian University,https://web.xidian.edu.cn/cuijt,u9IRSacAAAAJ,0000-0001-5569-0780
Jiangtao Wen,Tsinghua University,http://media.cs.tsinghua.edu.cn/en/wenjt,KTYQRzYAAAAJ,0000-0000-0000-0000
Jianguo Chen 0001,Sun Yat-sen University,http://sse.sysu.edu.cn/teacher/253,k6n94kkAAAAJ,0000-0000-0000-0000
Jianguo Lu,University of Windsor,http://www.uwindsor.ca/science/computerscience/1051/dr-jianguo-lu,PfF0D0sAAAAJ,0000-0000-0000-0000
Jianguo Wang 0001,Purdue University,https://www.cs.purdue.edu/homes/csjgwang,EH2FzosAAAAJ,0000-0002-3039-1175
Jianguo Xiao,Peking University,http://web5.pku.edu.cn/icst/People/4516.htm,NOSCHOLARPAGE,0000-0000-0000-0000
Jianguo Yao,Shanghai Jiao Tong University,https://tcloud.sjtu.edu.cn/users/jianguo,NOSCHOLARPAGE,0000-0002-1142-4496
Jianguo Zhang 0001,SUSTech,https://faculty.sustech.edu.cn/zhangjg,ypSmZtIAAAAJ,0000-0001-9317-0268
Jianhua Chen,Louisiana State University,https://www.lsu.edu/eng/cse/people/faculty/chen.j.php,NOSCHOLARPAGE,0000-0000-0000-0000
Jianhua Feng,Tsinghua University,http://dbgroup.cs.tsinghua.edu.cn/fengjh,4vaO7cIAAAAJ,0009-0000-0537-7083
Jianhua He,University of Essex,https://www.essex.ac.uk/people/hejia61606/jianhua-he,Sq03a0UAAAAJ,0000-0002-5738-8507
Jianhua Ruan,University of Texas at San Antonio,http://www.cs.utsa.edu/~jruan,seB8s3wAAAAJ,0000-0002-5622-3137
Jianhua Shao 0001,Cardiff University,https://www.cardiff.ac.uk/people/view/118162-shao-jianhua,NOSCHOLARPAGE,0000-0000-0000-0000
Jianhua Sun 0002,Hunan University,http://csee.hnu.edu.cn/people/sunjianhua,NOSCHOLARPAGE,0000-0000-0000-0000
Jianhua Yin,Shandong University,http://www.cs.sdu.edu.cn/info/1091/2349.htm,aZZfn90AAAAJ,0000-0002-4611-2986
Jianhua Zhao,Nanjing University,https://cs.nju.edu.cn/58/18/c2639a153624/page.htm,qO7iw2QAAAAJ,0000-0000-0000-0000
Jianhuang Lai,Sun Yat-sen University,https://ieeexplore.ieee.org/author/37274695700,NOSCHOLARPAGE,0000-0003-3883-2024
Jianhui Jiang,Tongji University,https://sse.tongji.edu.cn/Data/View/2837,NOSCHOLARPAGE,0000-0002-5829-8423
Jianhui Tian,Southern Methodist University,http://lyle.smu.edu/~tian,NOSCHOLARPAGE,0000-0000-0000-0000
Jianing Qiu,MBZUAI,https://mbzuai.ac.ae/study/faculty/jianing-qiu,ETgWwQoAAAAJ,0000-0003-4166-3428
Jianjun Chen 0005,Tsinghua University,https://jianjunchen.com,7ryl0L8AAAAJ,0000-0001-7511-1117
Jianjun Hu,University of South Carolina,http://www.cse.sc.edu/~jianjunh,_iD3nyMAAAAJ,0000-0000-0000-0000
Jianjun Huang 0001,Renmin University of China,https://hjjandy.github.io,ip0G7pgAAAAJ,0000-0003-4403-0060
Jianke Zhu,Zhejiang University,http://mypage.zju.edu.cn/jkzhu,SC-WmzwAAAAJ,0000-0003-1831-0106
Jianlei Yang 0001,Beihang University,https://shi.buaa.edu.cn/jianlei,HLEelmYAAAAJ,0000-0001-8424-7040
Jianli Pan,George Mason University,https://mason.gmu.edu/~jpan22,l9QQeHgAAAAJ,0000-0003-4881-5711
Jianliang Gao,Central South University,https://faculty.csu.edu.cn/gaojianliang/zh_CN/index.htm,NOSCHOLARPAGE,0000-0000-0000-0000
Jianliang Wu 0002,Simon Fraser University,https://allenjlw.github.io,Qepf8EMAAAAJ,0000-0002-4254-7261
Jianliang Xu,Hong Kong Baptist University,http://www.comp.hkbu.edu.hk/~xujl,LJNsBeoAAAAJ,0000-0001-9404-5848
Jianlin Cheng,University of Missouri,https://engineering.missouri.edu/faculty/jianlin-cheng,t9MY6lwAAAAJ,0000-0003-0305-2853
Jianling Sun,Zhejiang University,https://person.zju.edu.cn/en/sunjl,NOSCHOLARPAGE,0000-0001-8799-6020
Jianlong Wu,Shandong University,https://jlwu1992.github.io,XGeEH-IAAAAJ,0000-0003-0247-5221
Jianmin Ji,USTC,http://staff.ustc.edu.cn/~jianmin,dbpeb5sAAAAJ,0000-0002-1515-0402
Jianmin Jiang,Shenzhen University,http://futuremedia.szu.edu.cn/peopleJianminJiang.html,IpMcSfcAAAAJ,0000-0002-7576-3999
Jianmin Li 0001,Tsinghua University,http://www.tsinghua.edu.cn/publish/csen/4623/2010/20101225164517300815523/20101225164517300815523_.html,VeqPMPIAAAAJ,0000-0000-0000-0000
Jianmin Wang 0001,Tsinghua University,http://www.thss.tsinghua.edu.cn/publish/soften/3131/2010/20101219100058471372347/20101219100058471372347_.html,MiovcboAAAAJ,0000-0001-6841-7943
Jianmin Wang 0013,Tongji University,https://sse.tongji.edu.cn/Data/View/2850,NOSCHOLARPAGE,0000-0001-8703-8973
Jianmin Zheng,Nanyang Technological University,https://www3.ntu.edu.sg/home/asjmzheng,yUFk0QUAAAAJ,0000-0002-5062-6226
Jiann-Shiun Yuan,University of Central Florida,https://sites.google.com/site/yuanjs168,b-C_s6gAAAAJ,0000-0000-0000-0000
Jiann-Shuin Yuan,University of Central Florida,https://sites.google.com/site/yuanjs168,b-C_s6gAAAAJ,0000-0000-0000-0000
Jiannan Li,Singapore Management University,https://scis.smu.edu.sg/faculty/profile/7441/li-jiannan,wyW0rJQAAAAJ,0000-0001-8409-4910
Jiannan Tian,Oakland University,https://www.jti.one,Si2zZaIAAAAJ,0000-0003-1101-9148
Jiannan Wang 0001,Simon Fraser University,http://www.cs.sfu.ca,fKV65XQAAAAJ,0000-0002-8229-3622
Jiannong Cao 0001,The Hong Kong Polytechnic Univ.,http://www4.comp.polyu.edu.hk/~csjcao,q2jH-3sAAAAJ,0000-0002-2725-2529
Jianping Cai,City University of Macau,https://fds.cityu.edu.mo/en/members/307,_ZBG0IsAAAAJ,0000-0000-0000-0000
Jianping Li 0002,UESTC,https://www.scse.uestc.edu.cn/info/1081/11947.htm,NOSCHOLARPAGE,0000-0000-0000-0000
Jianping Pan 0001,University of Victoria,https://webhome.cs.uvic.ca/~pan,mlUYzYcAAAAJ,0000-0003-4893-6847
Jianping Wang 0001,City University of Hong Kong,https://www.cs.cityu.edu.hk/~jianwang,bow_liAAAAAJ,0000-0002-9318-1482
Jianping Wu,Tsinghua University,http://www.cs.tsinghua.edu.cn/publish/csen/4623/2010/20101224194435414856631/20101224194435414856631_.html,Y-nqSYgAAAAJ,0000-0002-9363-3848
Jianping Zeng 0001,Arizona State University,https://jianpingzeng.github.io,Rxir49oAAAAJ,0000-0001-9689-2725
Jianping Zeng 0002,Fudan University,http://homepage.fudan.edu.cn/zengjp,A-I4mjgAAAAJ,0000-0000-0000-0000
Jianqiang Li 0001,Shenzhen University,http://csse.szu.edu.cn/staff/lijq,-oVMPBwAAAAJ,0000-0002-2208-962X
Jianqin Yin,BUPT,https://teacher.bupt.edu.cn/yinjianqin/en/index.htm,NOSCHOLARPAGE,0000-0000-0000-0000
Jianqing Fan,Princeton University,https://fan.princeton.edu,TaF4L4EAAAAJ,0000-0003-3250-7677
Jianqing Liu,North Carolina State University,https://jianqing-liu.github.io,3iOL6ZkAAAAJ,0000-0000-0000-0000
Jianshe Wu,Xidian University,https://web.xidian.edu.cn/jshwu,y2GUW9UAAAAJ,0000-0003-0021-7456
Jiansheng Huang,Western Sydney University,https://www.westernsydney.edu.au/staff_profiles/WSU/doctor_jiansheng_huang,5q-FekoAAAAJ,0000-0000-0000-0000
Jiantao Jiao,Univ. of California - Berkeley,https://people.eecs.berkeley.edu/~jiantao,aO8KpGcAAAAJ,0000-0003-3766-8031
Jiantao Zhou 0001,University of Macau,https://www.fst.um.edu.mo/people/jtzhou,mcROAxAAAAAJ,0000-0002-6015-2618
Jianting Zhang,CUNY,http://www-cs.ccny.cuny.edu/~jzhang,UKjJKUIAAAAJ,0000-0000-0000-0000
Jianwei Huang 0001,CUHK (SZ),https://jianwei.cuhk.edu.cn,QQq52JcAAAAJ,0000-0001-6631-1096
Jianwei Jiang 0002,Shanghai Jiao Tong University,http://www.se.sjtu.edu.cn/teacher/teacherdetail.aspx?id=12,NOSCHOLARPAGE,0000-0000-0000-0000
Jianwei Lu,Tongji University,https://sse.tongji.edu.cn/Data/View/2849,NOSCHOLARPAGE,0000-0002-2876-8973
Jianwei Niu 0001,University of Texas at San Antonio,http://www.cs.utsa.edu/~niu,WURkybsAAAAJ,0000-0000-0000-0000
Jianwei Niu 0002,Beihang University,http://scse.buaa.edu.cn/info/1078/2664.htm,NOSCHOLARPAGE,0000-0003-3946-5107
Jianwei Yin,Zhejiang University,http://mypage.zju.edu.cn/0001038,0s1A5fwAAAAJ,0000-0003-4703-7348
Jianwei Zhang 0001,University of Hamburg,https://tams.informatik.uni-hamburg.de/people/zhang,NOSCHOLARPAGE,0000-0002-7856-5760
Jianwei Zhuge,Tsinghua University,http://netsec.ccert.edu.cn/zhugejw,ndC7PCQAAAAJ,0009-0005-9570-3335
Jianwen Li,East China Normal University,https://faculty.ecnu.edu.cn/_s43/ljw2/main.psp,kpv4RzgAAAAJ,0000-0001-9286-8285
Jianwen Su,Univ. of California - Santa Barbara,http://www.cs.ucsb.edu/~su,JpC9bmEAAAAJ,0000-0002-4637-1339
Jianwu Wang 0001,Univ. of Maryland - Baltimore County,https://bdal.umbc.edu/people/jianwu,Q1VuLaMAAAAJ,0000-0000-0000-0000
Jianxi Fan,Soochow University,https://www.x-mol.com/university/faculty/188543,NOSCHOLARPAGE,0000-0002-7055-5891
Jianxia Xue,University of Mississippi,https://www.cs.olemiss.edu/people/xue_jianxia,NOSCHOLARPAGE,0000-0000-0000-0000
Jianxin Li 0002,Beihang University,http://act.buaa.edu.cn/lijx,EY2lqD0AAAAJ,0000-0001-5152-0055
Jianxin Liao,BUPT,https://int.bupt.edu.cn/content/content.php?p=6_16_159,NOSCHOLARPAGE,0000-0003-1486-0573
Jianxin Lin,Hunan University,http://csee.hnu.edu.cn/people/linjianxin,ztdMYPcAAAAJ,0000-0003-0359-8821
Jianxin Shi,Nankai University,https://cc.nankai.edu.cn/2021/0323/c13621a570934/page.htm,VHRQac4AAAAJ,0000-0002-7687-8480
Jianxin Wang 0001,Central South University,https://faculty.csu.edu.cn/wangjianxin1/zh_CN/index.htm,7pgY2F0AAAAJ,0000-0003-1516-0480
Jianxin Wu 0001,Nanjing University,http://cs.nju.edu.cn/wujx,0JRtCV4AAAAJ,0000-0002-2085-7568
Jianyang Zeng 0001,Westlake University,https://aicb.lab.westlake.edu.cn,NOSCHOLARPAGE,0000-0003-0950-7716
Jianye Hao,Tianjin University,http://www.icdai.org/jianye.html,FCJVUYgAAAAJ,0000-0002-0422-8235
Jianye Yang,Hunan University,http://csee.hnu.edu.cn/people/yangjianye,NOSCHOLARPAGE,0000-0000-0000-0000
Jianying Zhou 0001,SUTD,http://jianying.space,T-Uf3dYAAAAJ,0000-0003-0594-0432
Jianyong Chen,Shenzhen University,https://csse.szu.edu.cn/en/pages/user/index?id=519,cG_sUoYAAAAJ,0000-0000-0000-0000
Jianyong Wang 0001,Tsinghua University,http://dbgroup.cs.tsinghua.edu.cn/wangjy,VfBaiG8AAAAJ,0000-0000-0000-0000
Jianyuan Guo,City University of Hong Kong,https://ggjy.github.io,UnAbd4gAAAAJ,0000-0002-2981-1953
Jianyun Nie,University of Montreal,http://rali.iro.umontreal.ca/nie/jian-yun-nie-en,W7uYg0UAAAAJ,0000-0000-0000-0000
Jianzhong Li 0001,Harbin Institute of Technology,http://homepage.hit.edu.cn/jianzhongli,RLFOrxsAAAAJ,0000-0002-4119-0571
Jianzhong Qi 0001,University of Melbourne,http://people.eng.unimelb.edu.au/jianzhongq,mxS6eHYAAAAJ,0000-0001-6501-9050
Jianzhong Zhang 0003,Nankai University,https://cc.nankai.edu.cn/2021/0323/c13619a548860/page.htm,NOSCHOLARPAGE,0000-0002-5950-0128
Jianzhu Ma,Tsinghua University,https://majianzhu.com,AATzYuAAAAAJ,0000-0002-8236-6609
Jiaole Wang,Harbin Institute of Technology,http://faculty.hitsz.edu.cn/jlwang,utAk8ZMAAAAJ,0000-0002-0941-8003
Jiaoyan Chen 0001,University of Manchester,https://chenjiaoyan.github.io,5Cy4z8wAAAAJ,0000-0003-4643-6750
Jiaoyang Li 0001,Carnegie Mellon University,https://jiaoyangli.me,kUVJywwAAAAJ,0000-0000-0000-0000
Jiapeng Zhang,University of Southern California,https://sites.google.com/site/jiapeng0708,9eQOP14AAAAJ,0000-0002-6410-8649
Jiaping Gui,Shanghai Jiao Tong University,https://infosec.sjtu.edu.cn/DirectoryDetail.aspx?id=173,PCHAczoAAAAJ,0009-0001-4272-9604
Jiaqi Liu 0001,Central South University,https://faculty.csu.edu.cn/liujiaqi/zh_CN/index.htm,NOSCHOLARPAGE,0000-0000-0000-0000
Jiaqi Wang 0002,Auburn University,https://jackqqwang.github.io,ZGTVInsAAAAJ,0000-0002-9874-6622
Jiaqi Zheng 0001,Nanjing University,https://cs.nju.edu.cn/jzheng,cQYY20IAAAAJ,0000-0001-8403-9655
Jiaqing Luo,UESTC,https://www.en.scse.uestc.edu.cn/info/1085/1904.htm,NOSCHOLARPAGE,0000-0000-0000-0000
Jiarong Xing,Rice University,https://profiles.rice.edu/faculty/jiarong-xing-0,PeFSwuoAAAAJ,0009-0006-6163-0569
Jiasi Chen,University of Michigan,https://jiasi.engin.umich.edu,3FC3-T0AAAAJ,0000-0001-9923-9027
Jiasi Shen 0001,HKUST,http://shenjiasi.com,pyLCHy0AAAAJ,0000-0002-5904-3641
Jiatao Gu,University of Pennsylvania,https://jiataogu.me,cB1mFBsAAAAJ,0000-0000-0000-0000
Jiaul H. Paik,IIT Kharagpur,https://jiaul.github.io,H58Bru8AAAAJ,0000-0000-0000-0000
Jiawan Zhang,Tianjin University,https://cic.tju.edu.cn/faculty/zhangjiawan/index.htm,w6F9EssAAAAJ,0000-0002-0667-6744
Jiawei Han 0001,Univ. of Illinois at Urbana-Champaign,http://hanj.cs.illinois.edu,Kv9AbjMAAAAJ,0000-0002-3629-2696
Jiawei Huang 0001,Central South University,https://faculty.csu.edu.cn/jiaweihuang/zh_CN/index.htm,BSeLydkAAAAJ,0000-0002-7578-4490
Jiawei Jiang,Wuhan University,http://bluesjjw.github.io,G_Hg-j0AAAAJ,0000-0000-0000-0000
Jiawei Ma,City University of Hong Kong,https://www.cs.cityu.edu.hk/~jiaweima,kXbWREkAAAAJ,0000-0002-8625-5391
Jiawei Yuan,Univ. of Massachusetts Dartmouth,https://www.umassd.edu/directory/jyuan,lF3Q2osAAAAJ,0000-0000-0000-0000
Jiawei Zhang 0001,Univ. of California - Davis,http://jiaweizhang.net,7AkZSJsAAAAJ,0000-0002-2111-7617
Jiawei Zhang 0006,New York University,https://sites.google.com/nyu.edu/jiawei-zhang,zK4uegoAAAAJ,0000-0003-4988-6028
Jiawei Zhang 0007,University of Wisconsin - Madison,https://jwzhang.netlify.app,3q47--kAAAAJ,0000-0000-0000-0000
Jiaxiang Liu 0001,Shenzhen University,https://csse.szu.edu.cn/pages/user/index?id=1031,V0a_TRoAAAAJ,0000-0000-0000-0000
Jiaxin Ding 0001,Shanghai Jiao Tong University,https://jhc.sjtu.edu.cn/~jiaxinding,bF_VBEAAAAAJ,0000-0002-0009-9237
Jiaxin Huang 0001,Washington University in St. Louis,https://engineering.washu.edu/faculty/Jiaxin-Huang.html,0Ttkrj0AAAAJ,0000-0001-8095-3343
Jiaxin Mao,Renmin University of China,https://sites.google.com/site/maojiaxin,DDXcKKcAAAAJ,0000-0002-9257-5498
Jiaxin Zhu,Chinese Academy of Sciences,http://www.tcse.cn/~zhujiaxin,2NTaUWsAAAAJ,0000-0002-0905-2355
Jiaxing Song,Tsinghua University,http://www.cs.tsinghua.edu.cn/publish/csen/4623/2010/20101224171300777933176/20101224171300777933176_.html,NOSCHOLARPAGE,0000-0000-0000-0000
Jiaxuan You,Univ. of Illinois at Urbana-Champaign,https://cs.stanford.edu/people/jiaxuan,NDbMl7oAAAAJ,0000-0003-1812-7598
Jiaya Jia,HKUST,https://cse.hkust.edu.hk/admin/people/faculty/profile/jia,XPAkzTEAAAAJ,0000-0002-1246-553X
Jiayi Ma 0001,Wuhan University,http://eis.whu.edu.cn/ryDetail.shtml?rsh=00030884,73trMQkAAAAJ,0000-0003-3264-3265
Jiayi Meng,University of Texas at Arlington,https://ranger.uta.edu/~jmeng,IlZs8_oAAAAJ,0000-0003-3091-8894
Jiaying Liu 0001,Peking University,http://www.icst.pku.edu.cn/struct/people/liujiaying.html,NOSCHOLARPAGE,0000-0002-0468-9576
Jiayu Xu 0001,Oregon State University,https://sites.google.com/view/jiayux,c6prlkcAAAAJ,0000-0002-0881-9980
Jiayu Zhou,University of Michigan,https://jiayuzhou.github.io,yQKlLTQAAAAJ,0000-0003-4336-6777
Jiayuan Mao,University of Pennsylvania,https://jiayuanm.com,-xaOIZIAAAAJ,0000-0000-0000-0000
Jiazhi Xia,Central South University,https://faculty.csu.edu.cn/xiajiazhi/zh_CN/index.htm,Sbeiir0AAAAJ,0000-0003-4629-6268
Jibesh Patra,IIT Kharagpur,https://jibesh.com,ITkHkhsAAAAJ,0000-0002-0437-1429
Jichen Zhu,IT University of Copenhagen,https://pure.itu.dk/portal/da/persons/jichen-zhu,t5AZ2-AAAAAJ,0000-0001-6740-4550
Jicheng Hu,Wuhan University,http://cs.whu.edu.cn/teacherinfo.aspx?id=219,NOSCHOLARPAGE,0000-0000-0000-0000
Jichun Xie,Duke University,https://cs.duke.edu/people/appointed-faculty/secondary-faculty,hAJXRj8AAAAJ,0000-0001-5905-6728
Jicong Fan 0001,CUHK (SZ),https://jicongfan.github.io,vdJsnhIAAAAJ,0000-0000-0000-0000
Jidong Ge,Nanjing University,https://software.nju.edu.cn//gjd/index.html,ELqtqGsAAAAJ,0000-0003-1773-0942
Jidong Zhai,Tsinghua University,http://pacman.cs.tsinghua.edu.cn/~zjd,NOSCHOLARPAGE,0000-0002-7656-6428
Jie (Jayne) Wu,University of Tennessee,http://www.eecs.utk.edu/people/faculty/jwu10,oXoWM_QAAAAJ,0000-0000-0000-0000
Jie Cao 0010,University of Oklahoma,https://mlciv.com,McBrjX4AAAAJ,0000-0001-8268-954X
Jie Chen 0026,Hong Kong Baptist University,http://www.comp.hkbu.edu.hk/~chenjie,qrWi1RYAAAAJ,0000-0001-8419-4620
Jie Chen 0027,Shenzhen University,https://arikcj.github.io,709V_rcAAAAJ,0000-0002-9811-1694
Jie Ding 0002,University of Minnesota,https://jding.org,ZyqvoqcAAAAJ,0000-0002-3584-6140
Jie Gao 0001,Rutgers University,https://sites.rutgers.edu/jie-gao,P1CMmgEAAAAJ,0000-0000-0000-0000
Jie Gu 0001,Northwestern University,http://users.eecs.northwestern.edu/~jgu,HP-yzF0AAAAJ,0000-0003-2912-7294
Jie Guo 0001,Nanjing University,https://cs.nju.edu.cn/51/c2/c56396a86466/page.htm,Sx4PQpQAAAAJ,0000-0002-4176-7617
Jie Hao,BUPT,https://scss.bupt.edu.cn/info/1063/3808.htm,z26c40QAAAAJ,0000-0002-0273-8047
Jie Hu 0027,Oakland University,https://jiehu-research.github.io,WrXZ9NMAAAAJ,0000-0002-0165-3738
Jie Jiang 0011,SUSTech,http://cse.sustech.edu.cn/faculty/~jiangj,RTWu4e0AAAAJ,0000-0000-0000-0000
Jie Li 0001,Xidian University,https://web.xidian.edu.cn/leejie,k1YohAwAAAAJ,0000-0000-0000-0000
Jie Li 0002,Shanghai Jiao Tong University,https://www.cs.sjtu.edu.cn/~lijie,Krl5HRcAAAAJ,0000-0002-4974-6116
Jie Li 0006,Tianjin University,https://cic.tju.edu.cn/info/1071/5191.htm,QEX6asMAAAAJ,0000-0001-6511-4090
Jie Lin,Xidian University,https://web.xidian.edu.cn/jlin,sWyUeTAAAAAJ,0000-0002-4793-8181
Jie Lu 0001,University of Technology Sydney,https://www.uts.edu.au/staff/jie.lu,KKo7jCMAAAAJ,0000-0003-0690-4732
Jie Lu 0007,ShanghaiTech University,http://faculty.sist.shanghaitech.edu.cn/faculty/lujie,ShCBK4oAAAAJ,0000-0000-0000-0000
Jie Ren 0015,College of William and Mary,https://jren73.github.io,3PjCzH4AAAAJ,0000-0001-5541-433X
Jie Shao 0001,UESTC,http://cfm.uestc.edu.cn/~shaojie,ikbw5okAAAAJ,0000-0003-2615-1555
Jie Shen 0005,Stevens Institute of Technology,https://sites.google.com/site/jieshensjtu,Em5N8u0AAAAJ,0000-0002-4440-7756
Jie Shen 0009,University of Michigan-Dearborn,https://www-personal.umd.umich.edu/~shen,NOSCHOLARPAGE,0000-0000-0000-0000
Jie Shen 0013,UESTC,https://www.en.scse.uestc.edu.cn/info/1085/2058.htm,NOSCHOLARPAGE,0000-0000-0000-0000
Jie Tang 0001,Tsinghua University,http://keg.cs.tsinghua.edu.cn/jietang,n1zDCkQAAAAJ,0000-0003-3487-4593
Jie Wang 0002,University of Massachusetts Lowell,http://www.cs.uml.edu/~wang,5tvHmuMAAAAJ,0000-0000-0000-0000
Jie Wang 0005,USTC,https://miralab.ai/people/jie-wang,OugG4dUAAAAJ,0000-0000-0000-0000
Jie Wei,CUNY,https://www.ccny.cuny.edu/profiles/jie-wei,VOuKF7sAAAAJ,0000-0000-0000-0000
Jie Wen 0001,Harbin Institute of Technology,https://faculty.hitsz.edu.cn/wenjie,bsTnbo4AAAAJ,0000-0001-9554-2379
Jie Wu 0001,Temple University,https://cis.temple.edu/~wu,BVlfmXMAAAAJ,0000-0000-0000-0000
Jie Wu 0003,Fudan University,http://www.cs.fudan.edu.cn/en/?page_id=2258,NOSCHOLARPAGE,0000-0003-0404-0707
Jie Wu 0013,University of Tennessee,http://www.eecs.utk.edu/people/faculty/jwu10,oXoWM_QAAAAJ,0000-0000-0000-0000
Jie Xiong 0001,Nanyang Technological University,https://dr.ntu.edu.sg/cris/rp/rp02346,GR9VzaMAAAAJ,0000-0002-5396-4554
Jie Xu 0002,CUHK (SZ),https://myweb.cuhk.edu.cn/xujie,HPUG2jwAAAAJ,0000-0000-0000-0000
Jie Xu 0007,University of Leeds,https://eps.leeds.ac.uk/computing/staff/331/professor-jie-xu,_KsRPiAAAAAJ,0000-0000-0000-0000
Jie Xue 0003,NYU Shanghai,https://jie-xue.github.io,_ROFeyAAAAAJ,0000-0001-7015-1988
Jie Yang 0003,Florida State University,http://www.cs.fsu.edu/~jieyang,2futSMoAAAAJ,0000-0002-8244-2181
Jie Yang 0028,TU Delft,https://www.wis.ewi.tudelft.nl/yang,DAlsOOEAAAAJ,0000-0002-0350-0313
Jie Ying Wu,Vanderbilt University,https://engineering.vanderbilt.edu/bio/?pid=jieying-wu,Wrq_fDEAAAAJ,0000-0002-7306-8140
Jie Zhang 0002,Nanyang Technological University,https://www3.ntu.edu.sg/home/zhangj,R4OuQ2YAAAAJ,0000-0001-8996-7581
Jie Zhang 0008,University of Southampton,https://www.ecs.soton.ac.uk/people/jz5c16,LfPixcYAAAAJ,0000-0002-5348-7671
Jie Zhang 0048,Peking University,https://cs.pku.edu.cn/info/1177/3080.htm,I5Zv078AAAAJ,0000-0002-6299-4683
Jie Zhang 0050,King's College London,https://sites.google.com/view/jie-zhang,rPWRqf8AAAAJ,0000-0003-0481-7264
Jie Zhang 0059,Queen's University Belfast,https://pure.qub.ac.uk/en/persons/jie-zhang,NOSCHOLARPAGE,0000-0000-0000-0000
Jie Zhang 0071,Chinese Academy of Sciences,https://vipl.ict.ac.cn/people/_jzhang,hJAhF0sAAAAJ,0000-0002-8899-3996
Jie Zhao 0002,Hunan University,https://yaozhujia.github.io,9EIFPO4AAAAJ,0000-0003-2303-9736
Jie Zhao 0003,Harbin Institute of Technology,http://homepage.hit.edu.cn/zhaojie,NOSCHOLARPAGE,0000-0000-0000-0000
Jie Zheng 0002,ShanghaiTech University,https://shanghaitechzhengjielab.github.io/Zhenglab.github.io/index.htm,evC66XkAAAAJ,0000-0001-6774-9786
Jie Zhou 0022,George Washington University,https://jiezhoucs.github.io,H4ZhjZAAAAAJ,0000-0001-7493-2212
Jiebo Luo 0001,University of Rochester,http://www.cs.rochester.edu/u/jluo,CcbnBvgAAAAJ,0000-0002-4516-9729
Jieh Hsiang,National Taiwan University,http://www.digital.ntu.edu.tw/hsiang,Rxg0ObMAAAAJ,0000-0002-2649-4331
Jiehua Chen 0001,TU Wien,https://www.ac.tuwien.ac.at/jchen,guvQn0EAAAAJ,0000-0002-8163-1327
Jieming Shi 0001,The Hong Kong Polytechnic Univ.,https://www4.comp.polyu.edu.hk/~jiemshi,Zl7vqy8AAAAJ,0000-0002-0465-1551
Jieqi Shi,Nanjing University,https://jayceeshi.github.io,Pr7wOhwAAAAJ,0000-0002-1223-191X
Jieqiong Zhao,Augusta University,https://jieqiongzhao.github.io,7WgUoKMAAAAJ,0000-0002-4303-7722
Jieru Zhao,Shanghai Jiao Tong University,https://zjru.github.io,c0rOJFwAAAAJ,0000-0001-8211-2812
Jieung Kim,Yonsei University,https://jieung.kim,HbBHX4IAAAAJ,0000-0001-7581-041X
Jieyan Liu,UESTC,https://www.en.scse.uestc.edu.cn/info/1085/2108.htm,NOSCHOLARPAGE,0000-0000-0000-0000
Jieyang Chen,University of Oregon,https://jieyangchen7.github.io,8kSmgzYAAAAJ,0000-0002-1905-9171
Jieyu Zhao 0001,University of Southern California,https://jyzhao.net,9VaGBCQAAAAJ,0009-0003-9956-5481
Jifeng Xuan,Wuhan University,http://jifeng-xuan.com,G3xi5UkAAAAJ,0000-0002-2968-3496
Jignesh M. Patel,Carnegie Mellon University,https://jigneshpatel.org,tOjfnFMAAAAJ,0000-0003-3653-2538
Jiguo Yu,UESTC,https://sise.uestc.edu.cn/info/1035/13088.htm,93fAYMQAAAAJ,0000-0001-6451-1158
Jih-Kwon Peir,University of Florida,https://www.cise.ufl.edu/people/faculty/peir,NOSCHOLARPAGE,0000-0000-0000-0000
Jihad Al Ja'am,Qatar University,http://qspace.qu.edu.qa/handle/10576/61/discover?field=author&filtertype=author&filter_relational_operator=equals&filter=Jaam%2C+Jihad+Mohamad,NOSCHOLARPAGE,0000-0000-0000-0000
Jihad M. Alja'am,Qatar University,http://qspace.qu.edu.qa/handle/10576/61/discover?field=author&filtertype=author&filter_relational_operator=equals&filter=Jaam%2C+Jihad+Mohamad,NOSCHOLARPAGE,0000-0000-0000-0000
Jihad Mohamad Al Ja'am,Qatar University,http://qspace.qu.edu.qa/handle/10576/61/discover?field=author&filtertype=author&filter_relational_operator=equals&filter=Jaam%2C+Jihad+Mohamad,NOSCHOLARPAGE,0000-0000-0000-0000
Jihad Mohamad Al'Jaam,Qatar University,http://qspace.qu.edu.qa/handle/10576/61/discover?field=author&filtertype=author&filter_relational_operator=equals&filter=Jaam%2C+Jihad+Mohamad,NOSCHOLARPAGE,0000-0000-0000-0000
Jihad Mohamad Jaam,Qatar University,http://qspace.qu.edu.qa/handle/10576/61/discover?field=author&filtertype=author&filter_relational_operator=equals&filter=Jaam%2C+Jihad+Mohamad,NOSCHOLARPAGE,0000-0000-0000-0000
Jihong Kim 0001,Seoul National University,http://cares.snu.ac.kr,E9A5Rv8AAAAJ,0000-0002-7977-9883
Jihong Yan,Harbin Institute of Technology,http://homepage.hit.edu.cn/yanjihong,NOSCHOLARPAGE,0000-0003-3523-5814
Jihong Zhu 0001,Tsinghua University,http://www.cs.tsinghua.edu.cn/publish/csen/4923/2014/20140108153546275916040/20140108153546275916040_.html,NOSCHOLARPAGE,0000-0001-6830-1211
Jihua Zhu,Xi'an Jiaotong University,http://zhujh.gr.xjtu.edu.cn,JcN97sQAAAAJ,0000-0002-3081-8781
Jihun Hamm,Tulane University,http://www.cs.tulane.edu/~jhamm3,DdRsMKsAAAAJ,0000-0002-0680-0901
Jihyeok Park,Korea University,https://plrg.korea.ac.kr,0L8m1xIAAAAJ,0000-0001-8387-1984
Jijun Tang,University of South Carolina,https://cse.sc.edu/~jtang,tpkq0ScAAAAJ,0000-0002-6377-536X
Jiliang Tang,Michigan State University,http://www.cse.msu.edu/~tangjili,WtzKMWAAAAAJ,0000-0001-7125-3898
Jiliang Wang,Tsinghua University,http://tns.thss.tsinghua.edu.cn/~jiliang,akREQHQAAAAJ,0000-0003-1464-3245
Jiliang Zhang 0002,Hunan University,http://hardwaresecurity.cn,wSGt-ccAAAAJ,0000-0001-8712-2964
Jilin Hu,Aalborg University,https://homes.cs.aau.dk/~hujilin,6eSvRMkAAAAJ,0000-0002-7739-7769
Jill Dolata,OHSU,http://www.ohsu.edu/xd/health/services/providers/?personid=1686,ztH3uNEAAAAJ,0000-0000-0000-0000
Jilles Vreeken,CISPA Helmholtz Center,http://people.mmci.uni-saarland.de/~jilles,p5HEQfIAAAAJ,0000-0002-2310-2806
Jillian Aurisano,University of Cincinnati,https://researchdirectory.uc.edu/p/aurisajm,siaXmI8AAAAJ,0000-0003-4761-1741
Jim Alves-Foss,University of Idaho,http://www.uidaho.edu/engr/departments/cs/our-people/faculty/jim-alves-foss,dOaERUAAAAAJ,0000-0000-0000-0000
Jim Austin,University of York,https://www-users.cs.york.ac.uk/~austin,xpZL8d8AAAAJ,0000-0000-0000-0000
Jim Basilakis,Western Sydney University,https://www.westernsydney.edu.au/staff_profiles/WSU/doctor_jim_basilakis,DH5hRWUAAAAJ,0000-0000-0000-0000
Jim Bezdek,University of Melbourne,https://findanexpert.unimelb.edu.au/profile/22301-jim-bezdek,kXy4LAMAAAAJ,0000-0000-0000-0000
Jim Buffenbarger,Boise State University,https://www.boisestate.edu/coen-cs/people/faculty/jim-buffenbarger,fY5q3E0AAAAJ,0000-0000-0000-0000
Jim Canning,University of Massachusetts Lowell,https://www.uml.edu/Honors/People/canning-james.aspx,1V__UcAAAAAJ,0000-0000-0000-0000
Jim Carter,University of Saskatchewan,http://artsandscience.usask.ca/profile/JCarter,v_YyMagAAAAJ,0000-0000-0000-0000
Jim Davies,University of Oxford,http://www.cs.ox.ac.uk/jim.davies,b8iAzGAAAAAJ,0000-0003-4664-6862
Jim Davis,Ohio State University,http://web.cse.ohio-state.edu/~jwdavis,Jd6nw80AAAAJ,0000-0000-0000-0000
Jim Demmel,Univ. of California - Berkeley,https://www.cs.berkeley.edu/~demmel,NOSCHOLARPAGE,0000-0000-0000-0000
Jim Dowling,KTH Royal Inst. of Technology,https://www.kth.se/profile/jdowling,MnSM1RMAAAAJ,0000-0002-9484-6714
Jim Greer,University of Saskatchewan,https://teaching.usask.ca/about/staff/jim-greer.php,gQg14r8AAAAJ,0000-0000-0000-0000
Jim Griffioen,University of Kentucky,http://protocols.netlab.uky.edu/~griff,NOSCHOLARPAGE,0000-0000-0000-0000
Jim Hendler,Rensselaer Polytechnic Institute,http://www.cs.rpi.edu/~hendler,JNPbTdIAAAAJ,0000-0000-0000-0000
Jim Herbsleb,Carnegie Mellon University,http://herbsleb.org,NOSCHOLARPAGE,0000-0000-0000-0000
Jim Hollan,Univ. of California - San Diego,http://hci.ucsd.edu/hollan,LOFYnLkAAAAJ,0000-0000-0000-0000
Jim Ji,Texas A&M at Qatar,https://www.qatar.tamu.edu/programs/ecen/faculty-and-staff/duplicate-of-dr.-luc-vechot,i_OEg60AAAAJ,0000-0001-7147-7920
Jim Laird,University of Bath,http://www.bath.ac.uk/comp-sci/contacts/academics/james_laird,_Gi9Hl4AAAAJ,0000-0002-3636-8937
Jim Lathrop,Iowa State University,https://www.cs.iastate.edu/people/jim-lathrop,NOSCHOLARPAGE,0000-0000-0000-0000
Jim Leone,Rochester Inst. of Technology,http://www.ist.rit.edu/~leone,ivIz4JYAAAAJ,0000-0000-0000-0000
Jim Little 0001,University of British Columbia,http://www.cs.ubc.ca/~little,a0za4V8AAAAJ,0000-0000-0000-0000
Jim Martin,Clemson University,https://people.cs.clemson.edu/~jmarty,66VE-3MAAAAJ,0000-0000-0000-0000
Jim Martin 0001,Clemson University,https://people.cs.clemson.edu/~jmarty,66VE-3MAAAAJ,0000-0000-0000-0000
Jim McCann,Carnegie Mellon University,http://www.cs.cmu.edu/~jmccann,NOSCHOLARPAGE,0000-0000-0000-0000
Jim Purtilo,Univ. of Maryland - College Park,https://seam.cs.umd.edu/purtilo,5-O2lzIAAAAJ,0000-0000-0000-0000
Jim R. Davies,University of Oxford,http://www.cs.ox.ac.uk/jim.davies,w_UPj9YAAAAJ,0000-0000-0000-0000
Jim Rehg,Univ. of Illinois at Urbana-Champaign,http://rehg.org,8kA3eDwAAAAJ,0000-0000-0000-0000
Jim Waldo,Harvard University,https://www.seas.harvard.edu/directory/waldo,A6y_bqkAAAAJ,0009-0009-0852-5390
Jim Warren 0001,University of Auckland,https://www.cs.auckland.ac.nz/~jim,67P38dMAAAAJ,0000-0000-0000-0000
Jim Whitehead,Univ. of California - Santa Cruz,https://www.soe.ucsc.edu/people/ejw,_2UkAYEAAAAJ,0000-0002-6887-7330
Jim Woodcock,University of York,https://www-users.cs.york.ac.uk/~jim,bO-FeTIAAAAJ,0000-0000-0000-0000
Jimeng Sun 0001,Univ. of Illinois at Urbana-Champaign,http://sunlab.org,9jmmp5sAAAAJ,0000-0003-1512-6426
Jiming Liu 0001,Hong Kong Baptist University,http://www.comp.hkbu.edu.hk/~jiming,Il6ArO0AAAAJ,0000-0002-8669-9064
Jimmy Ba,University of Toronto,https://jimmylba.github.io,ymzxRhAAAAAJ,0000-0000-0000-0000
Jimmy H. M. Lee,Chinese University of Hong Kong,https://www.cse.cuhk.edu.hk/~jlee,3IV-UTsAAAAJ,0000-0000-0000-0000
Jimmy Ho-Man Lee,Chinese University of Hong Kong,https://www.cse.cuhk.edu.hk/~jlee,3IV-UTsAAAAJ,0000-0000-0000-0000
Jimmy J. Lin,University of Waterloo,https://cs.uwaterloo.ca/~jimmylin,0EWw1z8AAAAJ,0000-0000-0000-0000
Jimmy Jiang Liu,SUSTech,https://faculty.sustech.edu.cn/liuj,NOSCHOLARPAGE,0000-0000-0000-0000
Jimmy Lin,University of Waterloo,https://cs.uwaterloo.ca/~jimmylin,0EWw1z8AAAAJ,0000-0002-0661-7189
Jimson Mathew,IIT Patna,https://iitp.ac.in/index.php/departments/engineering/computer-science-a-engineering/people/faculty/1502-dr-jimson-mathew.html,NOSCHOLARPAGE,0000-0000-0000-0000
Jin Chen 0004,University of Kentucky,https://www.engr.uky.edu/directory/chen-jin,DoBBtIkAAAAJ,0000-0001-6721-3199
Jin Cheng,Fudan University,http://homepage.fudan.edu.cn/chengjin,NOSCHOLARPAGE,0000-0000-0000-0000
Jin Huang 0001,Zhejiang University,http://www.cad.zju.edu.cn/home/hj/index.xml,KLgK108AAAAJ,0000-0002-2549-6810
Jin Huang 0002,Tsinghua University,http://www.thss.tsinghua.edu.cn/publish/soften/3131/2017/20170413095136757222879/20170413095136757222879_.html,NOSCHOLARPAGE,0000-0001-8774-2936
Jin Huang 0009,Chinese Academy of Sciences,http://www.jin-huang.net/homepage,NOSCHOLARPAGE,0000-0002-2833-8041
Jin Liu 0012,Central South University,https://faculty.csu.edu.cn/liujin1/zh_CN/index.htm,yfS3HzYAAAAJ,0000-0000-0000-0000
Jin Liu 0016,Wuhan University,https://cs.whu.edu.cn/info/1019/2952.htm,NOSCHOLARPAGE,0000-0003-0359-0248
Jin Lu 0001,University of Georgia,https://jinlucs.github.io,FK_W-KIAAAAJ,0000-0003-1356-0202
Jin Ryong Kim,University of Texas at Dallas,https://www.jessekim.com,Evm4Sq0AAAAJ,0000-0002-5182-6617
Jin Song Dong 0001,National University of Singapore,https://www.comp.nus.edu.sg/~dongjs,tuLa1AsAAAAJ,0000-0002-6512-8326
Jin Sun 0007,University of Georgia,https://jinsungit.github.io,Gw10rFEAAAAJ,0000-0000-0000-0000
Jin Tae Kwak,Korea University,https://www.kwaklab.net,NZWxQ-wAAAAJ,0000-0003-0287-4097
Jin Tian 0001,MBZUAI,https://mbzuai.ac.ae/study/faculty/jin-tian,T0crkfoAAAAJ,0000-0001-5313-1600
Jin Wang 0009,Soochow University,http://web.suda.edu.cn/wjin1985/index.html,6LP9SLMAAAAJ,0000-0000-0000-0000
Jin Xie 0001,Nanjing University,https://csjinxie.github.io,Q7QqJPEAAAAJ,0000-0000-0000-0000
Jin Xu 0002,Peking University,http://eecs.pku.edu.cn/EN/People/Faculty/Detail/?ID=6062,NOSCHOLARPAGE,0000-0000-0000-0000
Jin Young Choi 0002,Seoul National University,https://pil.snu.ac.kr/member,NoEVFWQAAAAJ,0000-0000-0000-0000
Jin Zhang 0001,SUSTech,https://faculty.sustech.edu.cn/zhangj4,JXTz1iYAAAAJ,0000-0002-2674-0918
Jin Zhao 0001,Fudan University,http://www.cs.fudan.edu.cn/?page_id=2033,NOSCHOLARPAGE,0000-0000-0000-0000
Jin Zhou 0003,University of Jinan,https://faculty.ujn.edu.cn/zhoujin/zh_CN/index.htm,NOSCHOLARPAGE,0000-0000-0000-0000
Jin-Hee Cho,Virginia Tech,http://people.cs.vt.edu/~jicho,wToVkEUAAAAJ,0000-0002-5908-4662
Jin-Ho Lee,Seoul National University,https://aisys.snu.ac.kr/team,pm3Fso0AAAAJ,0000-0000-0000-0000
Jin-Jin Li,Shanghai Jiao Tong University,https://dmne.sjtu.edu.cn/dmne/faculty/lijinjin,NOSCHOLARPAGE,0000-0003-1660-387X
Jin-Soo Kim 0001,Seoul National University,https://cse.snu.ac.kr/en/professor/jin-soo-kim,U7b2CX0AAAAJ,0000-0003-1065-9362
Jin-Yi Cai,University of Wisconsin - Madison,http://pages.cs.wisc.edu/~jyc,Yn-Lm_QAAAAJ,0000-0000-0000-0000
Jin-Young Choi,Korea University,https://sites.google.com/view/kuformal,KwPeKQMAAAAJ,0000-0002-8100-7583
Jin-yi Cai,University of Wisconsin - Madison,http://pages.cs.wisc.edu/~jyc,Yn-Lm_QAAAAJ,0000-0000-0000-0000
JinYeong Bak,Sungkyunkwan University,https://hli.skku.edu,oYK9Z_IAAAAJ,0000-0002-3212-5241
Jina Huh-Yoo,Stevens Institute of Technology,https://huhjina.github.io/personal,e4mFUawAAAAJ,0000-0001-5811-9256
Jinah Park,KAIST,http://cgv.kaist.ac.kr/professor,cys-jlsAAAAJ,0000-0003-4676-9862
Jinbo Bi,University of Connecticut,http://www.engr.uconn.edu/~jinbo,fX-IFZsAAAAJ,0000-0001-6996-4092
Jinbo Xu,TTI Chicago,http://ttic.uchicago.edu/~jinbo,nt2-TpIAAAAJ,0000-0001-7111-4839
Jinchuan Chen,Renmin University of China,http://iir.ruc.edu.cn/~jchchen,25xBm5EAAAAJ,0000-0000-0000-0000
Jindong Tan,University of Tennessee,https://mabe.utk.edu/people/jindong-tan,ZhvOqsMAAAAJ,0000-0003-0339-8811
Jindong Wang 0001,College of William and Mary,https://jd92.wang,hBZ_tKsAAAAJ,0000-0002-4833-0880
Jinfei Liu,Zhejiang University,https://person.zju.edu.cn/0020162,kqAPqYAAAAAJ,0000-0003-2921-2827
Jing (Dave) Tian,Purdue University,https://davejingtian.org,xtclQ8AAAAAJ,0000-0000-0000-0000
Jing (Selena) He,Old Dominion University,http://www.cs.odu.edu/~jhe,r4WtU2oAAAAJ,0000-0000-0000-0000
Jing Deng 0001,UNC - Greensboro,https://home.uncg.edu/~j_deng,8r28SnIAAAAJ,0000-0000-0000-0000
Jing He 0001,Old Dominion University,http://www.cs.odu.edu/~jhe,r4WtU2oAAAAJ,0000-0000-0000-0000
Jing He 0002,Old Dominion University,http://www.cs.odu.edu/~jhe,r4WtU2oAAAAJ,0000-0000-0000-0000
Jing Hua 0001,Wayne State University,http://www.cs.wayne.edu/~jinghua,E0PGasMAAAAJ,0000-0002-3981-2933
Jing Huo,Nanjing University,https://cs.nju.edu.cn/rl/people/huoj/index.htm,HKK1BdgAAAAJ,0000-0002-8504-455X
Jing Jiang 0001,Australian National University,https://comp.anu.edu.au/people/jing-jiang,hVTK2YwAAAAJ,0000-0002-3035-0074
Jing Jiang 0002,University of Technology Sydney,https://www.uts.edu.au/staff/jing.jiang,XFtCe08AAAAJ,0000-0001-5301-7779
Jing Jing Wang,Soochow University,http://scst.suda.edu.cn/11250/list.htm,NOSCHOLARPAGE,0000-0000-0000-0000
Jing Kong,Massachusetts Inst. of Technology,http://www.rle.mit.edu/nmeg,WNOWLXAAAAAJ,0000-0000-0000-0000
Jing Li 0002,Case Western Reserve University,https://engineering.case.edu/profiles/jxl175,X6P8JOIAAAAJ,0000-0003-1160-6959
Jing Li 0025,NJIT,https://web.njit.edu/~jingli,eFjZ6jAAAAAJ,0000-0002-6865-7290
Jing Li 0034,Harbin Institute of Technology,https://homepage.hit.edu.cn/lijinghit,2QxEwWsAAAAJ,0000-0000-0000-0000
Jing Li 0049,The Hong Kong Polytechnic Univ.,http://www4.comp.polyu.edu.hk/~jing1li,jvjOLx4AAAAJ,0000-0002-8044-2284
Jing Li 0055,Wuhan University,https://cs.whu.edu.cn/info/1019/2888.htm,NOSCHOLARPAGE,0000-0002-8181-0886
Jing Li 0073,University of Pennsylvania,https://www.seas.upenn.edu/~janeli/index.html,QGYL3tAAAAAJ,0000-0001-5139-938X
Jing Liao 0001,City University of Hong Kong,https://liaojing.github.io/html/index.html,NOSCHOLARPAGE,0000-0001-7014-5377
Jing Liu 0006,Xidian University,https://faculty.xidian.edu.cn/LJ22/zh_CN/index.htm,kqRxf3MAAAAJ,0000-0002-6834-5350
Jing Ma 0002,Case Western Reserve University,https://jma712.github.io,VLElvX8AAAAJ,0000-0003-4237-6607
Jing Ma 0004,Hong Kong Baptist University,https://majingcuhk.github.io,78Jby0EAAAAJ,0000-0002-7464-8331
Jing Ren 0003,Ontario Tech University,https://engineering.ontariotechu.ca/people/ecse/jing.ren.php,NOSCHOLARPAGE,0000-0000-0000-0000
Jing Selena He,Old Dominion University,http://www.cs.odu.edu/~jhe,r4WtU2oAAAAJ,0000-0000-0000-0000
Jing Sun,City University of Macau,https://fds.cityu.edu.mo/en/members/299,4XbYJisAAAAJ,0000-0000-0000-0000
Jing Sun 0002,University of Auckland,https://www.cs.auckland.ac.nz/~jingsun,GUXAGAYAAAAJ,0000-0002-1979-6622
Jing Tang 0004,HKUST,https://sites.google.com/view/jtang,0S4cpyoAAAAJ,0000-0002-0785-707X
Jing Wang 0055,Renmin University of China,http://info.ruc.edu.cn/jsky/szdw/ajxjgcx/jsjkxyjsx1/fjs2/c6cd7c6a13334e3da59f08920941bf56.htm,NOSCHOLARPAGE,0000-0003-3653-7013
Jing Wu 0004,Cardiff University,https://www.cardiff.ac.uk/people/view/118177-wu-jing,ms46emIAAAAJ,0000-0001-5123-9861
Jing Xiao 0001,Worcester Polytechnic Institute,https://users.wpi.edu/~jxiao2,NOSCHOLARPAGE,0000-0000-0000-0000
Jing Yang 0001,UNC - Charlotte,https://webpages.uncc.edu/jyang13,r1jAycQAAAAJ,0000-0000-0000-0000
Jing Yuan 0002,University of North Texas,https://computerscience.engineering.unt.edu/people/faculty/jing-yuan,5YOVIlwAAAAJ,0000-0001-6407-834X
Jing Zhang 0001,Renmin University of China,https://xiaojingzi.github.io,T7Wa3GQAAAAJ,0000-0002-3633-485X
Jing Zhang 0052,Australian National University,https://comp.anu.edu.au/people/jing-zhang.md,Qa1DMv8AAAAJ,0000-0000-0000-0000
Jing-Jing Wang,Soochow University,http://scst.suda.edu.cn/11250/list.htm,NOSCHOLARPAGE,0000-0000-0000-0000
Jing-Yu Wang 0001,BUPT,https://teacher.bupt.edu.cn/wangjingyu/en/index.htm,NOSCHOLARPAGE,0000-0000-0000-0000
JingZhao Zhang,Tsinghua University,https://iiis.tsinghua.edu.cn/en/People/Faculty/ZhangJingzhao.htm,8NudxYsAAAAJ,0000-0000-0000-0000
JingZheng Wu,Chinese Academy of Sciences,http://people.ucas.ac.cn/~jingzheng,ePUcUP4AAAAJ,0000-0000-0000-0000
Jingbo Shang,Univ. of California - San Diego,https://shangjingbo1226.github.io,0SkFI4MAAAAJ,0000-0002-7249-4404
Jingcai Guo,The Hong Kong Polytechnic Univ.,https://jingcaiguo.github.io,YjSHPjcAAAAJ,0000-0002-0449-4525
Jingchao Ni,University of Houston,https://nijingchao.github.io,rH9MTZMAAAAJ,0000-0002-2986-6612
Jingcheng Liu 0001,Nanjing University,https://liuexp.github.io,x05pAVUAAAAJ,0009-0006-1992-1776
Jingdong Xu,Nankai University,https://cc.nankai.edu.cn/2021/0323/c13619a548866/page.htm,NOSCHOLARPAGE,0000-0002-2173-4076
Jinghui Chen,Pennsylvania State University,https://jinghuichen.github.io,mKia7Y4AAAAJ,0000-0002-1486-4526
Jinghui Cheng,Polytechnique Montreal,https://jhcheng.me,ebhZJVEAAAAJ,0000-0002-8474-5290
Jingjie Li,University of Edinburgh,http://www.inf.ed.ac.uk/people/staff/Jingjie_Li.html,P8qaRuwAAAAJ,0000-0001-5253-1899
Jingjin Yu,Rutgers University,http://jingjinyu.com,jkRa2LEAAAAJ,0000-0000-0000-0000
Jingjing Li 0001,UESTC,https://lijin118.github.io,9x5saoEAAAAJ,0000-0002-5504-2529
Jingjing Wang,Soochow University,http://scst.suda.edu.cn/11250/list.htm,NOSCHOLARPAGE,0009-0004-8483-1844
Jingjing Yao,Texas Tech University,https://www.myweb.ttu.edu/jinyao,GtgdS9AAAAAJ,0000-0000-0000-0000
Jingke Li,Portland State University,https://www.pdx.edu/computer-science/jingke-li,NOSCHOLARPAGE,0000-0000-0000-0000
Jingkuan Song,Tongji University,https://cs.tongji.edu.cn/info/1061/3722.htm,F5Zy9V4AAAAJ,0000-0002-2549-8322
Jinglei Shi,Nankai University,https://cc.nankai.edu.cn/2021/0323/c13620a572937/page.htm,9tYW9LcAAAAJ,0000-0003-2926-0415
Jingling Sun,UESTC,https://sise.uestc.edu.cn/info/1037/11489.htm,NOSCHOLARPAGE,0000-0002-8437-0687
Jingling Xue,UNSW,http://www.cse.unsw.edu.au/~jingling,oZlds-AAAAAJ,0000-0003-0380-3506
Jingqiang Lin 0001,Chinese Academy of Sciences,http://www.escience.cn/people/linjingqiang/index.html,UimjP5sAAAAJ,0000-0003-2639-3722
Jingru Zhang,Cleveland State University,http://cis.csuohio.edu/~zhang,HxjNIUIAAAAJ,0000-0000-0000-0000
Jingrui He,Univ. of Illinois at Urbana-Champaign,https://www.hejingrui.org,hXpZynkAAAAJ,0000-0002-6429-6272
Jingtao Wang,University of Pittsburgh,https://people.cs.pitt.edu/~jingtaow,BH__nV0AAAAJ,0000-0000-0000-0000
Jingtao Yao,University of Regina,http://www.cs.uregina.ca/People/Profiles/JingTaoYao.html,WHpY3ogAAAAJ,0000-0000-0000-0000
Jinguang Han,Queen's University Belfast,https://www.qub.ac.uk/schools/eeecs/Connect/Staff/BusinessCard/?name=j.han,euLvHOkAAAAJ,0000-0002-4993-9452
Jingwei Li 0001,UESTC,https://jingwei87.github.io,uSv67rIAAAAJ,0000-0001-8457-0454
Jingwei Xu 0001,Nanjing University,https://ics.nju.edu.cn/people/jingweixu,15maGTwAAAAJ,0000-0000-0000-0000
Jingwen Leng,Shanghai Jiao Tong University,https://www.cs.sjtu.edu.cn/~leng-jw/index.html,L1y8y2MAAAAJ,0000-0002-5660-5493
Jingxian Wang,National University of Singapore,https://wangwireless.com,9j6NeHkAAAAJ,0000-0002-4713-1425
Jingya Wang,ShanghaiTech University,https://sist.shanghaitech.edu.cn/2020/0707/c7499a58578/page.htm,vmvJV_IAAAAJ,0000-0003-1122-0634
Jingya Zhou,Soochow University,http://web.suda.edu.cn/jy_zhou,leNH9TcAAAAJ,0000-0003-0721-7424
Jingye Cai,UESTC,https://www.is.uestc.edu.cn/teachers.do?id=1036,NOSCHOLARPAGE,0000-0000-0000-0000
Jingyi Yu,ShanghaiTech University,http://www.yu-jingyi.com/cv,R9L_AfQAAAAJ,0000-0000-0000-0000
Jingyong Su,Harbin Institute of Technology,http://faculty.hitsz.edu.cn/sujingyong,T8YbHBwAAAAJ,0000-0003-3216-7027
Jingyu Hua,Nanjing University,https://cosec.nju.edu.cn/ae/7f/c47361a568959/page.htm,NuCZVFIAAAAJ,0000-0000-0000-0000
Jingyu Wang 0001,BUPT,https://teacher.bupt.edu.cn/wangjingyu/en/index.htm,NOSCHOLARPAGE,0000-0002-2182-2228
Jingyuan Wang 0001,Beihang University,https://www.bigscity.com/jingyuan-wang,qsLImx8AAAAJ,0000-0003-0651-1592
Jingyuan Yang 0002,Shenzhen University,https://jingyuanyy.github.io,bvxQ_ZkAAAAJ,0000-0003-4709-9514
Jingyuan Zhang,The University of Alabama,http://zhang.cs.ua.edu,NOSCHOLARPAGE,0000-0001-9581-1807
Jingyue Li,NTNU,https://www.ntnu.edu/employees/jingyue.li,ZeBM3ZAAAAAJ,0000-0002-7958-391X
Jingzheng Wu,Chinese Academy of Sciences,http://people.ucas.ac.cn/~jingzheng,ePUcUP4AAAAJ,0000-0000-0000-0000
Jingzhu He,ShanghaiTech University,https://jhe16.github.io,wPs78uIAAAAJ,0009-0005-9448-5022
Jinhang Zuo,City University of Hong Kong,https://jhzuo.github.io,W3YHD10AAAAJ,0000-0002-9557-3551
Jinhao Dong,Renmin University of China,https://djjjjhao.github.io,rhlk1_UAAAAJ,0009-0009-0416-6896
Jinho D. Choi,Emory University,https://cs.emory.edu/~choi/home.html,xdddblAAAAAJ,0000-0000-0000-0000
Jinho Lee,Seoul National University,https://aisys.snu.ac.kr/team,pm3Fso0AAAAJ,0000-0000-0000-0000
Jinhua Cui 0002,Hunan University,https://cimcs.github.io,UCPonvwAAAAJ,0000-0001-5716-4995
Jinhua Guo 0001,University of Michigan-Dearborn,https://www-personal.umd.umich.edu/~jinhua,AKd2NVAAAAAJ,0009-0002-9650-0706
Jinhui Xu 0001,University at Buffalo,https://cse.buffalo.edu/~jinhui,NOSCHOLARPAGE,0000-0000-0000-0000
Jinjian Wu,Xidian University,https://web.xidian.edu.cn/wjj,QsSBP2UAAAAJ,0000-0001-7501-0009
Jinjin Gu,INSAIT,https://insait.ai/dr-jinjin-gu,uMQ-G-QAAAAJ,0000-0002-4389-6236
Jinjun Wang,Xi'an Jiaotong University,http://gr.xjtu.edu.cn/web/jinjun/english,Dk7JgNcAAAAJ,0000-0000-0000-0000
Jinjun Xiong,University at Buffalo,https://cse.buffalo.edu/~jinjun,tRt1xPYAAAAJ,0000-0002-2620-4859
Jinku Li,Xidian University,https://web.xidian.edu.cn/jkli,NOSCHOLARPAGE,0000-0003-0709-7434
Jinkyu Jeong,Yonsei University,https://cslab.yonsei.ac.kr/professor,N4ti3HMAAAAJ,0000-0002-4905-9244
Jinkyu Lee 0001,Yonsei University,https://rtcl-yonsei.github.io/website/jinkyulee.html,X4t-q6gAAAAJ,0000-0002-2332-1996
Jinlei Jiang,Tsinghua University,http://madsys.cs.tsinghua.edu.cn/~jinleijiang,Wx-JtQcAAAAJ,0000-0003-4034-7490
Jinlong E,Renmin University of China,http://info.ruc.edu.cn/jsky/szdw/ajxjgcx/jsjkxyjsx1/js3/d452e88d868744f19471399ab33d2cd4.htm,NOSCHOLARPAGE,0000-0000-0000-0000
Jinman Kim,University of Sydney,http://sydney.edu.au/engineering/people/jinman.kim.php,pLVaMiAAAAAJ,0000-0001-5960-1060
Jinming Duan 0001,University of Birmingham,https://www.birmingham.ac.uk/staff/profiles/computer-science/academic-staff/duan-jinming.aspx,s2tA2YgAAAAJ,0000-0002-5108-2128
Jinming Wen,Ecole Normale Superieure de Lyon,http://perso.ens-lyon.fr/jinming.wen,L_ssfM4AAAAJ,0000-0000-0000-0000
Jinpeng Huai,Beihang University,http://act.buaa.edu.cn/huaijp,NOSCHOLARPAGE,0000-0000-0000-0000
Jinpeng Wei,UNC - Charlotte,https://cci.charlotte.edu/people/jinpeng-wei,2J9Nd4wAAAAJ,0000-0000-0000-0000
Jinqiao Shi,BUPT,https://scss.bupt.edu.cn/info/1063/3294.htm,NOSCHOLARPAGE,0000-0002-0111-1023
Jinqiu Yang 0001,Concordia University,https://jinqiuyang.github.io,DpY9rhEAAAAJ,0000-0003-4282-406X
Jinquan Zeng,UESTC,https://www.en.scse.uestc.edu.cn/info/1085/2030.htm,NOSCHOLARPAGE,0000-0000-0000-0000
Jinseek Choi,Hanyang University,http://mir.hanyang.ac.kr/professor.html,PTsbMiAAAAAJ,0000-0000-0000-0000
Jinshi Cui,Peking University,http://www.cis.pku.edu.cn/vision/Visual&Robot/people/CuiJinshi/index.htm,mgOosuUAAAAJ,0000-0000-0000-0000
Jinsong Gui,Central South University,https://faculty.csu.edu.cn/guijinsong/zh_CN/index.htm,NOSCHOLARPAGE,0009-0007-0814-4243
Jinsong Han,Zhejiang University,https://person.zju.edu.cn/hanjinsong,BST50KwAAAAJ,0000-0003-1832-2641
Jinsong Su,Xiamen University,https://cdmc.xmu.edu.cn/info/1010/1054.htm,w6qCk3sAAAAJ,0000-0001-5606-7122
Jinsoo Kim 0001,Seoul National University,https://cse.snu.ac.kr/en/professor/jin-soo-kim,U7b2CX0AAAAJ,0000-0000-0000-0000
Jinsub Kim,Oregon State University,http://eecs.oregonstate.edu/people/kim-jinsub,NOSCHOLARPAGE,0000-0000-0000-0000
Jinwei Gu,Chinese University of Hong Kong,https://www.cse.cuhk.edu.hk/people/faculty/jinwei-gu,k_T8t30AAAAJ,0000-0001-8705-8237
Jinwei Liu,Hong Kong Baptist University,https://www.comp.hkbu.edu.hk/~jinweiliu,tu0mhigAAAAJ,0000-0002-6451-8074
Jinwei Ye,George Mason University,https://ivlab.cse.lsu.edu,ESpjkZoAAAAJ,0000-0001-7780-7943
Jinwen Wang,University of Texas at Dallas,https://j1nwenwang.github.io,V1YK5kYAAAAJ,0009-0009-7533-085X
Jinwoo Choi 0001,Kyung Hee University,https://sites.google.com/site/jchoivision,WcCMuIEAAAAJ,0000-0000-0000-0000
Jinwoo Shin,KAIST,http://alinlab.kaist.ac.kr/shin.html,m3eDp7kAAAAJ,0000-0003-4313-4669
Jinwook Seo,Seoul National University,http://hcil.snu.ac.kr,K1GtDBEAAAAJ,0000-0002-7734-822X
Jinxi Zhao,Nanjing University,https://cs.nju.edu.cn/zhaojinxi,NOSCHOLARPAGE,0000-0000-0000-0000
Jinya Su,University of Essex,https://www.essex.ac.uk/people/sujin68001/jinya-su,tTfMHMoAAAAJ,0000-0000-0000-0000
Jinyang Li 0001,New York University,http://www.cs.nyu.edu/~jinyang,MrWIWNwAAAAJ,0000-0002-9574-1746
Jinyang Liu 0003,University of Houston,https://jliu-1.github.io,7X0j6LYAAAAJ,0000-0003-0177-502X
Jinye Peng,Northwest University,https://ist.nwu.edu.cn/info/1017/1262.htm,NOSCHOLARPAGE,0000-0003-4286-2576
Jinyoung Han,Sungkyunkwan University,https://sites.google.com/site/jyhantop,4rkPSC8AAAAJ,0000-0002-8911-2791
Jinyoung Yeo,Yonsei University,https://jinyeo.weebly.com,rJBSLtAAAAAJ,0000-0003-3847-4917
Jinyu Gu 0001,Shanghai Jiao Tong University,https://ipads.se.sjtu.edu.cn/pub/members/jinyu_gu,31qOL6wAAAAJ,0000-0002-8112-8481
Jinyu Tian 0001,MUST,https://jinyutian.github.io,wQZDPyoAAAAJ,0000-0002-2449-5277
Jinyu Zhan,UESTC,https://www.is.uestc.edu.cn/teachers.do?id=1078,NOSCHOLARPAGE,0000-0002-0214-7124
Jinyuan Jia,Tongji University,https://sse.tongji.edu.cn/jiajinyuan,NOSCHOLARPAGE,0000-0003-4452-1396
Jinyuan Stella Sun,University of Tennessee,http://web.eecs.utk.edu/~jysun,gqGfIIsAAAAJ,0000-0000-0000-0000
Jinyuan Sun,University of Tennessee,http://web.eecs.utk.edu/~jysun,gqGfIIsAAAAJ,0000-0000-0000-0000
Jinzhen Wang,UNC - Charlotte,https://sites.google.com/charlotte.edu/hpdilab/about-pi,otnPh2IAAAAJ,0000-0001-6317-2940
Jiong Guo,Shandong University,http://www.cs.sdu.edu.cn/info/1088/2327.htm,4rjuV8YAAAAJ,0000-0003-2137-205X
Jiook Cha,Seoul National University,https://www.connectomelab.com/team,fHSAoOoAAAAJ,0000-0002-5314-7992
Jipeng Qiang,Yangzhou University,https://qiang2100.github.io,1SgBQM4AAAAJ,0000-0001-5721-0293
Jiri Barnat,Masaryk University,https://www.muni.cz/en/people/3496,Z9ZkOdcAAAAJ,0000-0000-0000-0000
Jiri Bittner,Czech Technical University,https://dcgi.fel.cvut.cz/people/bittner,AAli7u8AAAAJ,0000-0000-0000-0000
Jiri Friml,IST Austria,https://ist.ac.at/research/research-groups/friml-group,NOSCHOLARPAGE,0000-0000-0000-0000
Jiri Matas,Czech Technical University,http://cmp.felk.cvut.cz/~matas,EJCNY6QAAAAJ,0000-0003-0863-4844
Jiri Sgall,Charles University,https://iuuk.mff.cuni.cz/~sgall,5XzFcZoAAAAJ,0000-0000-0000-0000
Jiri Sochor,Masaryk University,https://www.muni.cz/en/people/2446,kd3m5-4AAAAJ,0000-0000-0000-0000
Jiri Zara,Czech Technical University,https://dcgi.fel.cvut.cz/people/zara,V2QQklIAAAAJ,0000-0003-2612-7942
Jirong Wen,Renmin University of China,http://info.ruc.edu.cn/academic_professor.php?teacher_id=64,tbxCHJgAAAAJ,0000-0000-0000-0000
Jirí Fiala 0001,Charles University,https://kam.mff.cuni.cz/~fiala,UD7oqQoAAAAJ,0000-0000-0000-0000
Jirí Jaros,Brno University of Technology,https://www.fit.vut.cz/person/jarosjir,LVzHVy0AAAAJ,0000-0002-0087-8804
Jirí Kléma,Czech Technical University,https://ida.fel.cvut.cz/klema,zuwJZmEAAAAJ,0000-0000-0000-0000
Jirí Sgall,Charles University,https://iuuk.mff.cuni.cz/~sgall,5XzFcZoAAAAJ,0000-0003-3658-4848
Jirí Sochor,Masaryk University,https://www.muni.cz/en/people/2446,kd3m5-4AAAAJ,0000-0000-0000-0000
Jirí Srba,Aalborg University,http://people.cs.aau.dk/~srba,PYmuJQoAAAAJ,0000-0001-5551-6547
Jirí Vokrínek,Czech Technical University,http://cs.fel.cvut.cz/en/people/xvokrine,-FihvIMAAAAJ,0000-0003-3294-3030
Jirí Zlatuska,Masaryk University,https://www.muni.cz/en/people/1777,NOSCHOLARPAGE,0000-0000-0000-0000
Jirí Zára,Czech Technical University,https://dcgi.fel.cvut.cz/people/zara,V2QQklIAAAAJ,0000-0003-2612-7942
Jishen Zhao,Univ. of California - San Diego,https://cseweb.ucsd.edu/~jzhao,MtkNrygAAAAJ,0000-0002-8766-0946
Jisoo Yang,University of Nevada Las Vegas,http://web.cs.unlv.edu/jisooy,PdBc3aEAAAAJ,0000-0000-0000-0000
Jisu Kim,Seoul National University,https://jkim82133.github.io/index.html,acr5oqsAAAAJ,0000-0003-4063-510X
Jisun An,Indiana University,https://jisun.me,FYtw3zkAAAAJ,0000-0002-4353-8009
Jisung Park 0001,POSTECH,http://jisungpark.kr,1qw7AosAAAAJ,0000-0002-1826-9003
Jitender S. Deogun,University of Nebraska,http://cse.unl.edu/~deogun,QpLZdfoAAAAJ,0000-0000-0000-0000
Jitendra Malik,Univ. of California - Berkeley,https://people.eecs.berkeley.edu/~malik,oY9R5YQAAAAJ,0000-0003-3695-1580
Jiun-Long Huang,National Chiao Tung University,http://www.cs.nctu.edu.tw/~jlhuang,NOSCHOLARPAGE,0000-0000-0000-0000
Jiuwu Zhang,Nankai University,https://cc.nankai.edu.cn/2021/0323/c13621a549999/page.htm,tfKSaAIAAAAJ,0000-0001-9286-4217
Jivko Sinapov,Tufts University,https://www.eecs.tufts.edu/~jsinapov,-mHoWKEAAAAJ,0000-0003-4852-026X
Jiwon Seo 0002,Seoul National University,https://mlsys.snu.ac.kr/members,O1WC6TAAAAAJ,0000-0002-4855-5609
Jiwu Shu,Tsinghua University,http://storage.cs.tsinghua.edu.cn/~jiwu-shu,VccUDSgAAAAJ,0000-0002-7362-2789
Jiyan Wu,Shenzhen University,https://sites.google.com/site/wujiyanweb,3aTNQsgAAAAJ,0000-0000-0000-0000
Jiyao An,Hunan University,http://csee.hnu.edu.cn/people/anjiyao,BeWWwfsAAAAJ,0000-0002-9439-9563
Jiying Zhao,University of Ottawa,http://www.site.uottawa.ca/~jyzhao,zHFUSYMAAAAJ,0000-0000-0000-0000
Jiyuan Wang,Tulane University,https://www.cs.tulane.edu/~wjiyuan,YFsKZUkAAAAJ,0009-0005-2778-8840
Jize Yan,University of Southampton,https://www.ecs.soton.ac.uk/people/jy12g15,tITMbskAAAAJ,0000-0000-0000-0000
Jizhong Xiao,CUNY,http://www-ee.ccny.cuny.edu/www/web/jxiao/jxiao.html,hUo4KuQAAAAJ,0000-0000-0000-0000
Jizhong Zhao,Xi'an Jiaotong University,http://www.xjtu.edu.cn/jsnr.jsp?urltype=tree.TreeTempUrl&wbtreeid=1632&wbwbxjtuteacherid=626,CbGjM58AAAAJ,0000-0003-1037-9619
Jnyana Ranjan Mohanty,KIIT Bhubaneswar,https://ksca.kiit.ac.in/profiles/jnyana-ranjan-mohanty,DHvFWE0AAAAJ,0000-0000-0000-0000
Jo Iacovides,University of York,https://www-users.york.ac.uk/~ii560,LuBaasYAAAAJ,0000-0000-0000-0000
Jo Ueyama,USP-ICMC,http://conteudo.icmc.usp.br/pessoas/joueyama,OXlxfi4AAAAJ,0000-0000-0000-0000
Jo Wood,City University of London,https://www.city.ac.uk/people/academics/jo-wood#profile=overview,IySbkVoAAAAJ,0000-0001-9270-247X
Joab R. Winkler,University of Sheffield,https://www.sheffield.ac.uk/dcs/people/academic/joab-winkler,6cEV3NAAAAAJ,0000-0000-0000-0000
Joachim Denzler,Friedrich Schiller University Jena,http://www.inf-cv.uni-jena.de/denzler.html,bhpi3vgAAAAJ,0000-0002-3193-3300
Joachim Fischer,Humboldt University of Berlin,https://www.informatik.hu-berlin.de/de/forschung/gebiete/sam,NOSCHOLARPAGE,0000-0000-0000-0000
Joachim Giesen,Friedrich Schiller University Jena,http://theinf2.informatik.uni-jena.de,NOSCHOLARPAGE,0000-0001-6598-6833
Joachim Gudmundsson,University of Sydney,https://www.sydney.edu.au/engineering/about/our-people/academic-staff/joachim-gudmundsson.html,uECC9_gAAAAJ,0000-0002-6778-7990
Joachim Hertzberg,University of Osnabrück,http://www2.inf.uni-osnabrueck.de/hertzberg,4978xwoAAAAJ,0000-0002-6371-9624
Joachim Hornegger,University of Erlangen–Nuremberg,https://lme.tf.fau.de/person/joachim-hornegger,s7A4ZYgAAAAJ,0000-0000-0000-0000
Joachim K. Anlauf,University of Bonn,https://www.ti.uni-bonn.de/Members/anlauf,NOSCHOLARPAGE,0000-0000-0000-0000
Joachim Klaus Anlauf,University of Bonn,https://www.ti.uni-bonn.de/Members/anlauf,NOSCHOLARPAGE,0000-0000-0000-0000
Joachim M. Buhmann,ETH Zurich,http://www.ml.inf.ethz.ch,zQWbCzYAAAAJ,0000-0002-6613-7101
Joachim Niehren,CRIStAL,http://researchers.lille.inria.fr/niehren,sG4pk9cAAAAJ,0000-0000-0000-0000
Joachim Parrow,Uppsala University,http://user.it.uu.se/~joachim,AjzWAu4AAAAJ,0000-0000-0000-0000
Joachim Posegga,University of Passau,https://web.sec.uni-passau.de/members/joachim/index.php,NOSCHOLARPAGE,0000-0002-6468-809X
Joachim Spoerhase,University of Liverpool,https://sites.google.com/view/joachim-spoerhase,HW2W5jYAAAAJ,0000-0002-2601-6452
Joachim Weickert,Saarland University,http://www.mia.uni-saarland.de/weickert/index.shtml,IWwCuGAAAAAJ,0000-0002-8494-0045
Joachim von Hacht,Chalmers/GU,https://www.chalmers.se/en/staff/Pages/joachim-hacht.aspx,NOSCHOLARPAGE,0000-0000-0000-0000
Joakim Lilliesköld,KTH Royal Inst. of Technology,https://www.kth.se/profile/joakiml,4ki0Nk4AAAAJ,0000-0003-0724-2283
Joan Bruna,New York University,http://www.cs.nyu.edu/~bruna,L4bNmsMAAAAJ,0000-0000-0000-0000
Joan Bruna Estrach,New York University,http://www.cs.nyu.edu/~bruna,L4bNmsMAAAAJ,0000-0000-0000-0000
Joan Daemen,Radboud University,https://cs.ru.nl/~joan,onY4i0oAAAAJ,0000-0002-4102-0775
Joan Feigenbaum,Yale University,http://www.cs.yale.edu/~jf,IAeKTGsAAAAJ,0000-0002-3735-6022
Joan Lasenby,University of Cambridge,https://www.eng.cam.ac.uk/profiles/jl221,tZwXV7QAAAAJ,0000-0002-0571-0218
Joan-Manuel Parcerisa,Polytechnic Univ. of Catalonia,http://personals.ac.upc.edu/jmanel,S6AXVlAAAAAJ,0000-0001-5771-8118
Joana Gonçalves,TU Delft,http://joanagoncalves.org,NcQxaAsAAAAJ,0000-0000-0000-0000
Joanna Batstone,Monash University,https://research.monash.edu/en/persons/joanna-batstone,aZFla-UAAAAJ,0000-0002-8460-3604
Joanna Bergstrom-Lehtovirta,University of Copenhagen,https://di.ku.dk/english/staff/vip/?pure=en/persons/540723,NL1Q89sAAAAJ,0000-0001-6764-5661
Joanna Bergström,University of Copenhagen,https://di.ku.dk/english/staff/vip/?pure=en/persons/540723,NL1Q89sAAAAJ,0000-0001-6764-5661
Joanna Bergström-Lehtovirta,University of Copenhagen,https://di.ku.dk/english/staff/vip/?pure=en/persons/540723,NL1Q89sAAAAJ,0000-0000-0000-0000
Joanna Bryson,University of Bath,http://www.cs.bath.ac.uk/~jjb,QOU1RTUAAAAJ,0000-0003-0021-0801
Joanna C. S. Santos,University of Notre Dame,https://cse.nd.edu/faculty/joanna-cecilia-da-silva-santos,mkGmYyAAAAAJ,0000-0001-8743-2516
Joanna Cecilia da Silva Santos,University of Notre Dame,https://cse.nd.edu/faculty/joanna-cecilia-da-silva-santos,mkGmYyAAAAAJ,0000-0000-0000-0000
Joanna J. Bryson,University of Bath,http://www.cs.bath.ac.uk/~jjb,QOU1RTUAAAAJ,0000-0003-0021-0801
Joanna Loveday,Middlesex University,https://www.mdx.ac.uk/about-us/our-people/staff-directory/profile/loveday-joanna,NOSCHOLARPAGE,0000-0000-0000-0000
Joanna McGrenere,University of British Columbia,http://www.cs.ubc.ca/~joanna,ZRWlokAAAAAJ,0000-0002-8411-3293
Joanna Pauline Rivera,De La Salle University,https://www.dlsu.edu.ph/colleges/ccs/faculty-profile/single/?id=32665818331&command=GETPROFILE,NOSCHOLARPAGE,0009-0008-5461-7723
Joanne Evans,Monash University,http://monash.edu/research/explore/en/persons/joanne-evans(a6fe1ce6-6bfc-4aeb-941b-c0ee2a5d6046).html,XfOEsm4AAAAJ,0000-0002-0837-765X
Joanne F. Selinski,Johns Hopkins University,http://www.cs.jhu.edu/~joanne,NOSCHOLARPAGE,0000-0000-0000-0000
Joanne M. Atlee,University of Waterloo,https://cs.uwaterloo.ca/~jmatlee,GgdeFwoAAAAJ,0000-0000-0000-0000
Joannes J. Westerink,University of Notre Dame,https://engineering.nd.edu/profiles/jwesterink,BNJg8nwAAAAJ,0000-0000-0000-0000
Joao Baptista da Silva Araujo,Universidade NOVA de Lisboa,https://docentes.fct.unl.pt/p191,tP9cyo0AAAAJ,0000-0000-0000-0000
Joao Meidanis,UNICAMP,http://www.ic.unicamp.br/~meidanis,sIl4QTcAAAAJ,0000-0000-0000-0000
Joaquim A. Jorge,Universidade de Lisboa,http://web.tecnico.ulisboa.pt/jorgej,RgiMdpAAAAAJ,0000-0001-5441-4637
Joaquim Armando Pires Jorge,Universidade de Lisboa,http://web.tecnico.ulisboa.pt/jorgej,RgiMdpAAAAAJ,0000-0000-0000-0000
Joaquin Vaschoren,TU Eindhoven,http://www.win.tue.nl/~jvanscho,NOSCHOLARPAGE,0000-0000-0000-0000
Jocelyn Dunstan,UC Chile,https://www.ing.uc.cl/academicos-e-investigadores/jocelyn-mariel-dunstan-escudero,geH4mS0AAAAJ,0000-0000-0000-0000
Jocelyn Simmonds,Universidad de Chile,http://www.dcc.uchile.cl/~jsimmond,QTdKy5gAAAAJ,0000-0002-1253-9260
Jocelynn Cu,De La Salle University,https://www.dlsu.edu.ph/colleges/ccs/faculty-profile/single/?id=32742661694&command=GETPROFILE,vHVPmkgAAAAJ,0009-0000-8574-5658
Jochen H. Schiller,Freie Universitaet Berlin,http://www.mi.fu-berlin.de/inf/groups/ag-tech/staff/0Current/schiller.html,bmbitrMAAAAJ,0000-0003-3893-4522
Jochen J. Steil,TU Braunschweig,http://www.rob.cs.tu-bs.de/jsteil,K5XMwe4AAAAJ,0000-0000-0000-0000
Jochen Jakob Steil,TU Braunschweig,http://www.rob.cs.tu-bs.de/jsteil,K5XMwe4AAAAJ,0000-0000-0000-0000
Jochen Könemann,University of Waterloo,http://www.math.uwaterloo.ca/~jochen,Ak7gyjQAAAAJ,0000-0000-0000-0000
Jochen Lang 0001,University of Ottawa,http://www.site.uottawa.ca/~jlang,5sN8OuAAAAAJ,0000-0002-7769-9548
Jochen Renz,Australian National University,http://users.cecs.anu.edu.au/~jrenz,YlsJH-IAAAAJ,0000-0003-3928-2255
Jochen Steil,TU Braunschweig,http://www.rob.cs.tu-bs.de/jsteil,K5XMwe4AAAAJ,0000-0000-0000-0000
Jochen Triesch,Goethe University Frankfurt,https://www.fias.science/de/fellows/detail/triesch-jochen,AgEdsugAAAAJ,0000-0001-8166-2441
Jochen Trumpf,Australian National University,http://users.cecs.anu.edu.au/~trumpf,c-ZZKpAAAAAJ,0000-0002-5881-1063
Jodi Forlizzi,Carnegie Mellon University,https://www.hcii.cmu.edu/people/jodi-forlizzi,Hyhp_zUAAAAJ,0000-0002-7161-075X
Jodi L. Forlizzi,Carnegie Mellon University,https://www.hcii.cmu.edu/people/jodi-forlizzi,Hyhp_zUAAAAJ,0000-0000-0000-0000
Joe B. Wells,Heriot-Watt University,https://researchportal.hw.ac.uk/en/persons/joseph-brian-wells,NOSCHOLARPAGE,0000-0000-0000-0000
Joe Carthy,University College Dublin,https://people.ucd.ie/joe.carthy,NOSCHOLARPAGE,0000-0000-0000-0000
Joe Cavallaro,Rice University,http://cavallaro.rice.edu,yi-l0zkAAAAJ,0000-0000-0000-0000
Joe Cecil,Oklahoma State University,http://cs.okstate.edu/~j.cecil,7A-cBUoAAAAJ,0000-0000-0000-0000
Joe D. Warren,Rice University,https://www.cs.rice.edu/~jwarren,PVvU3TsAAAAJ,0000-0000-0000-0000
Joe Devietti,University of Pennsylvania,https://www.cis.upenn.edu/~devietti,0o1C8ykAAAAJ,0000-0002-9330-7233
Joe Finney,Lancaster University,https://www.lancaster.ac.uk/scc/about-us/people/joe-finney,BVXKqI0AAAAJ,0000-0003-0805-5375
Joe Gardiner,University of Bristol,https://www.bristol.ac.uk/people/person/Joe-Gardiner-254c44cd-a1a1-4313-a935-5b900ca5de78,_K091q8AAAAJ,0000-0000-0000-0000
Joe Geigel,Rochester Inst. of Technology,https://www.cs.rit.edu/~jmg,NOSCHOLARPAGE,0000-0001-9589-7946
Joe Gibbs Politz,Univ. of California - San Diego,https://jpolitz.github.io,WKvmSlYAAAAJ,0000-0003-1565-2362
Joe Halpern,Cornell University,https://www.cs.cornell.edu/home/halpern,FsBCAfgAAAAJ,0000-0000-0000-0000
Joe K. Kearney,University of Iowa,http://homepage.cs.uiowa.edu/~kearney,wKC0dwcAAAAJ,0000-0000-0000-0000
Joe Konstan,University of Minnesota,http://konstan.umn.edu,PH4mytYAAAAJ,0000-0000-0000-0000
Joe LaViola,University of Central Florida,https://www.cs.ucf.edu/~jjl,kXZaMu8AAAAJ,0000-0000-0000-0000
Joe Pitt-Francis,University of Oxford,http://www.cs.ox.ac.uk/people/joe.pitt-francis,MHL2H-MAAAAJ,0000-0002-5094-5403
Joe Sawada,University of Guelph,https://www.uoguelph.ca/computing/people/joseph-sawada,GEKMSR4AAAAJ,0000-0000-0000-0000
Joe Sventek,University of Oregon,https://www.cs.uoregon.edu/People/Faculty/Joe_Sventek.php,U_VRZucAAAAJ,0000-0000-0000-0000
Joe Tekli,Lebanese American University,http://soe.lau.edu.lb/ece/faculty-staff/joe_m_tekli.php,1YQgsckAAAAJ,0000-0000-0000-0000
Joel A. Tropp,California Inst. of Technology,http://users.cms.caltech.edu/~jtropp,i4_3daEAAAAJ,0000-0000-0000-0000
Joel Carpenter,University of Queensland,http://researchers.uq.edu.au/researcher/11891,I2YWnA8AAAAJ,0000-0002-9197-4390
Joel Chan,Univ. of Maryland - College Park,https://www.cs.umd.edu/people/joelchan,4EXyZ14AAAAJ,0000-0003-3000-4160
Joel David Hamkins,CUNY,http://jdh.hamkins.org,MHLQDYQAAAAJ,0000-0000-0000-0000
Joel E. Fischer,University of Nottingham,https://www.nottingham.ac.uk/computerscience/people/joel.fischer,EApjA0oAAAAJ,0000-0001-8878-2454
Joel Ferguson,Univ. of California - Santa Cruz,https://users.soe.ucsc.edu/~fjf,BidurS4AAAAJ,0000-0000-0000-0000
Joel Friedman,University of British Columbia,https://www.math.ubc.ca/~jf,NOSCHOLARPAGE,0000-0003-2309-6722
Joel H. Saltz,Stony Brook University,https://bmi.stonybrookmedicine.edu/people/joel_saltz,_0dkufgAAAAJ,0000-0000-0000-0000
Joel I. Seiferas,University of Rochester,https://www.cs.rochester.edu/~joel,NOSCHOLARPAGE,0000-0000-0000-0000
Joel Ilao,De La Salle University,https://www.dlsu.edu.ph/colleges/ccs/faculty-profile/single/?id=32742738160&command=GETPROFILE,gd8W9ecAAAAJ,0000-0001-7601-6605
Joel Luis Carbonera,UFRGS,https://www.inf.ufrgs.br/site/docente/joel-luis-carbonera,oMtHaoQAAAAJ,0000-0002-4499-3601
Joel Luís Carbonera,UFRGS,https://www.inf.ufrgs.br/site/docente/joel-luis-carbonera,oMtHaoQAAAAJ,0000-0000-0000-0000
Joel McManus,Carnegie Mellon University,https://labs.bio.cmu.edu/mcmanus,28yZqbcAAAAJ,0000-0000-0000-0000
Joel Moses,Massachusetts Inst. of Technology,https://esd.mit.edu/Faculty_Pages/moses/moses.htm,NOSCHOLARPAGE,0000-0000-0000-0000
Joel P. Ilao,De La Salle University,https://www.dlsu.edu.ph/colleges/ccs/faculty-profile/single/?id=32742738160&command=GETPROFILE,gd8W9ecAAAAJ,0000-0000-0000-0000
Joel Reardon,University of Calgary,http://pages.cpsc.ucalgary.ca/~joel.reardon,NOSCHOLARPAGE,0000-0001-9702-775X
Joel S. Bader,Johns Hopkins University,https://www.baderzone.org,-dyxvHoAAAAJ,0000-0002-6020-4625
Joel Voldman,Massachusetts Inst. of Technology,http://www.rle.mit.edu/biomicro,NOSCHOLARPAGE,0000-0000-0000-0000
Joel W. Burdick,California Inst. of Technology,http://robotics.caltech.edu/wiki/index.php/Robotics,NOSCHOLARPAGE,0000-0000-0000-0000
Joemon Jose,University of Glasgow,http://www.dcs.gla.ac.uk/~jj,7t8ha2sAAAAJ,0000-0000-0000-0000
Joemon M. Jose,University of Glasgow,http://www.dcs.gla.ac.uk/~jj,7t8ha2sAAAAJ,0000-0001-9228-1759
Joeran Beel,University of Siegen,https://isg.beel.org/people/joeran-beel,jyXACVcAAAAJ,0000-0002-4537-5573
Joerg Evermann,Memorial Univ. of Newfoundland,https://www.mun.ca/computerscience/people,U_oFhMkAAAAJ,0000-0000-0000-0000
Joerg Sander 0001,University of Alberta,https://webdocs.cs.ualberta.ca/~joerg,QzFTFLEAAAAJ,0000-0000-0000-0000
Joerg Schroettner,Graz University of Technology,https://www.tugraz.at/institute/hce/institut/team,NOSCHOLARPAGE,0000-0000-0000-0000
Joerg Widmer,IMDEA Networks Institute,https://networks.imdea.org/team/imdea-networks-team/people/joerg-widmer,LT1_KV4AAAAJ,0000-0001-6667-8779
Joey Paquet,Concordia University,http://users.encs.concordia.ca/~paquet/wiki/index.php?title=Dr._Joey_Paquet_Home_Page,uzK_jQIAAAAJ,0000-0002-4922-6989
Jogesh K. Muppala,HKUST,http://www.cse.ust.hk/faculty/muppala,cG0My4kAAAAJ,0000-0000-0000-0000
Johan A. Pouwelse,TU Delft,http://www.ds.ewi.tudelft.nl/pouwelse,pprQKjUAAAAJ,0000-0002-9882-1506
Johan Bollen,Indiana University,https://homes.luddy.indiana.edu/jbollen,jDmcdsUAAAAJ,0000-0001-7031-9293
Johan Bos,University of Groningen,https://www.rug.nl/staff/johan.bos,Pkj8OSoAAAAJ,0000-0002-9079-5438
Johan Hoffman,KTH Royal Inst. of Technology,https://www.kth.se/profile/jhoffman,1mqIKC0AAAAJ,0000-0003-4256-0463
Johan Holmgren,Malmö University,https://mau.se/en/persons/johan.holmgren,NOSCHOLARPAGE,0000-0001-7773-9944
Johan Håstad,KTH Royal Inst. of Technology,http://www.csc.kth.se/~johanh,n0QrdEMAAAAJ,0000-0002-5379-345X
Johan J. Lukkien,TU Eindhoven,http://www.win.tue.nl/~johanl,uhm-j-cAAAAJ,0000-0000-0000-0000
Johan Jansson,KTH Royal Inst. of Technology,https://www.kth.se/profile/jjan,Nq8tC0cAAAAJ,0000-0002-1695-8809
Johan Jeuring,Utrecht University,http://www.staff.science.uu.nl/~jeuri101/homepage/Publications/index.html,weRJxNwAAAAJ,0000-0001-5645-7681
Johan Karlander,KTH Royal Inst. of Technology,http://www.nada.kth.se/~karlan,NOSCHOLARPAGE,0000-0000-0000-0000
Johan Karlsson,Chalmers/GU,https://www.chalmers.se/en/staff/Pages/johan.aspx,NOSCHOLARPAGE,0000-0000-0000-0000
Johan Lukkien,TU Eindhoven,http://www.win.tue.nl/~johanl,uhm-j-cAAAAJ,0000-0000-0000-0000
Johan M. M. van Rooij,Utrecht University,https://www.uu.nl/medewerkers/JMMvanRooij,yvdwmFEAAAAJ,0000-0000-0000-0000
Johan Montelius,KTH Royal Inst. of Technology,https://people.kth.se/~johanmon,EDFklRkAAAAJ,0000-0000-0000-0000
Johan Potgieter,Massey University,http://www.massey.ac.nz/massey/expertise/profile.cfm?stref=914630,NOSCHOLARPAGE,0000-0002-9400-1009
Johan Pouwelse,TU Delft,http://www.ds.ewi.tudelft.nl/pouwelse,pprQKjUAAAAJ,0000-0000-0000-0000
Johan Sebastian Heesemann Rosenkilde,DTU,https://www.compute.dtu.dk/english,NOSCHOLARPAGE,0000-0000-0000-0000
Johann A. Makowsky,Technion,http://www.cs.technion.ac.il/~janos,ooNKL6UAAAAJ,0000-0000-0000-0000
Johann Blieberger,TU Wien,https://www.auto.tuwien.ac.at/index.php/projectsites/185-johann-blieberger,NOSCHOLARPAGE,0000-0001-5810-7335
Johann Christoph Freytag,Humboldt University of Berlin,http://www.dbis.informatik.hu-berlin.de,yVGyEzIAAAAJ,0000-0002-5089-6875
Johann Eder,University of Klagenfurt,https://www.aau.at/en/isys/ics/team/eder-johann,pL4-zdkAAAAJ,0000-0000-0000-0000
Johann Reger,TU Ilmenau,https://www.tu-ilmenau.de/regelungstechnik/mitarbeiter/johann-reger,NOSCHOLARPAGE,0000-0000-0000-0000
Johann Sebastian Rudolph,TU Dresden,https://iccl.inf.tu-dresden.de/web/Sebastian_Rudolph/en,b3qVb6IAAAAJ,0000-0000-0000-0000
Johann-Christoph Freytag,Humboldt University of Berlin,http://www.dbis.informatik.hu-berlin.de,yVGyEzIAAAAJ,0000-0002-5089-6875
Johanna Pirker,Graz University of Technology,http://jpirker.com,ta4FNOkAAAAJ,0000-0000-0000-0000
Johanna Viitanen,Aalto University,https://www.aalto.fi/en/people/johanna-viitanen,N0AGInQAAAAJ,0000-0002-6659-5022
Johanna Virkki,Tampere University,https://www.tuni.fi/en/johanna-virkki,8ZuiZL0AAAAJ,0000-0000-0000-0000
Johannes A. Buchmann,TU Darmstadt,https://www.cdc.informatik.tu-darmstadt.de/de/cdc/personen/johannes-buchmann,NOSCHOLARPAGE,0000-0000-0000-0000
Johannes Bjerva,Aalborg University,https://bjerva.github.io/index.html,F9zlUBcAAAAJ,0000-0002-9512-0739
Johannes Blömer,Paderborn University,http://cs.uni-paderborn.de/cuk/personal/johannes-bloemer,m2rAzw8AAAAJ,0000-0002-6065-3535
Johannes Borgström,Uppsala University,https://katalog.uu.se/empinfo/?id=N10-775,xXcsqJ4AAAAJ,0000-0001-5990-5742
Johannes Buchmann 0001,TU Darmstadt,https://www.cdc.informatik.tu-darmstadt.de/de/cdc/personen/johannes-buchmann,NOSCHOLARPAGE,0000-0000-0000-0000
Johannes C. van Vliet,VU Amsterdam,http://www.cs.vu.nl/~hans,4YAdfEsAAAAJ,0000-0000-0000-0000
Johannes Fink,IST Austria,https://ist.ac.at/research/research-groups/fink-group,4Ot68t8AAAAJ,0000-0000-0000-0000
Johannes Fischer 0001,TU Dortmund,https://ls11-www.cs.tu-dortmund.de/staff/fischer,ldpdi_gAAAAJ,0000-0000-0000-0000
Johannes Fürnkranz,JKU Linz,https://www.jku.at/en/faw/about-us/team/johannes-fuernkranz,sfTn4wEAAAAJ,0000-0002-1207-0159
Johannes Kinder,LMU Munich,https://www.plai.ifi.lmu.de/people/professors/kinder,rnDHTKYAAAAJ,0000-0002-8594-7839
Johannes Kirchmair,University of Hamburg,https://www.zbh.uni-hamburg.de/personen/acm/jkirchmair.html,s7By7lIAAAAJ,0000-0003-2667-5877
Johannes Krugel,University of Hannover,https://www.dei.uni-hannover.de/de/krugel,NOSCHOLARPAGE,0000-0003-0967-4872
Johannes Köbler,Humboldt University of Berlin,https://www.informatik.hu-berlin.de/forschung/gebiete/algorithmenII,NOSCHOLARPAGE,0000-0000-0000-0000
Johannes Peter Wallner,Graz University of Technology,https://wallner.ist.tugraz.at,MNjnPt4AAAAJ,0000-0000-0000-0000
Johannes Sametinger,JKU Linz,https://www.se.jku.at/johannes-sametinger,92HPqbEAAAAJ,0000-0000-0000-0000
Johannes Schemmel,Heidelberg University,https://www.ziti.uni-heidelberg.de/en/research/nca.html,U874jgEAAAAJ,0000-0000-0000-0000
Johannes Schilp,University of Augsburg,https://www.uni-augsburg.de/de/fakultaet/fai/informatik/prof/pi/lehrstuhl/mitarbeiter/schilp,NOSCHOLARPAGE,0000-0000-0000-0000
Johannes Schöning,University of Bremen,https://johannesschoening.de,kLVhCO0AAAAJ,0000-0002-8823-4607
Johes Bater,Tufts University,https://facultyprofiles.tufts.edu/johes-bater,EyevWpUAAAAJ,0000-0001-7384-1183
John (Jack) Morgan Sampson,Pennsylvania State University,http://www.cse.psu.edu/~jms1257,fSQCT0YAAAAJ,0000-0000-0000-0000
John (Juyang) Weng,Michigan State University,http://www.cse.msu.edu/~weng,HnQ2gqMAAAAJ,0000-0000-0000-0000
John A. Akinyemi,University of Guelph,https://www.uoguelph.ca/computing/people/john-akinyemi,Il5MluEAAAAJ,0000-0000-0000-0000
John A. Carroll,University of Sussex,http://www.sussex.ac.uk/informatics/people/peoplelists/person/25069,p_gHNi4AAAAJ,0000-0000-0000-0000
John A. Clark,University of Sheffield,https://www.sheffield.ac.uk/dcs/people/academic/john-clark,xu3n6owAAAAJ,0000-0000-0000-0000
John A. Goldsmith,University of Chicago,https://linguistics.uchicago.edu/faculty/goldsmith,OGbi6t0AAAAJ,0000-0000-0000-0000
John A. Halderman,University of Michigan,https://jhalderm.com,h6yXnyEAAAAJ,0000-0000-0000-0000
John A. Kapenga,Western Michigan University,https://wmich.edu/cs/directory/kapenga,NOSCHOLARPAGE,0000-0000-0000-0000
John A. Mariani,Lancaster University,https://www.lancaster.ac.uk/scc/about-us/people/john-mariani,ke0ClnoAAAAJ,0000-0003-0723-9594
John A. McDermid,University of York,https://www-users.cs.york.ac.uk/~jam,REscLkoAAAAJ,0000-0003-4745-4272
John A. Miller 0001,University of Georgia,http://cobweb.cs.uga.edu/~jam,zTBeQq0AAAAJ,0009-0003-8145-1849
John A. Stankovic,University of Virginia,https://engineering.virginia.edu/faculty/john-stankovic,4VJre9IAAAAJ,0000-0001-7307-9395
John A. Taylor,Australian National University,https://comp.anu.edu.au/people/john-taylor,snPuR38AAAAJ,0000-0000-0000-0000
John A. Walsh,Indiana University,https://info.sice.indiana.edu/~jawalsh,NOSCHOLARPAGE,0000-0000-0000-0000
John Aloimonos,Univ. of Maryland - College Park,http://www.cfar.umd.edu/~yiannis,7QmEsOwAAAAJ,0000-0000-0000-0000
John Amanatides,York University,http://www.cs.yorku.ca/~amana,NOSCHOLARPAGE,0000-0000-0000-0000
John Anderson 0001,University of Manitoba,http://www.cs.umanitoba.ca/~andersj,PGcc-RIAAAAJ,0000-0000-0000-0000
John Andrew Carroll,University of Sussex,http://www.sussex.ac.uk/informatics/people/peoplelists/person/25069,p_gHNi4AAAAJ,0000-0000-0000-0000
John Andrew Clark,University of Sheffield,https://www.sheffield.ac.uk/dcs/people/academic/john-clark,xu3n6owAAAAJ,0000-0000-0000-0000
John Augustine,IIT Madras,https://www.iitm.ac.in/info/fac/augustine,4YaUTfYAAAAJ,0000-0000-0000-0000
John Aycock,University of Calgary,http://www.cpsc.ucalgary.ca/~aycock,NOSCHOLARPAGE,0000-0003-0352-489X
John B. McDonald 0001,Maynooth University,https://www.maynoothuniversity.ie/faculty-science-engineering/our-people/john-mcdonald,MrI1EV4AAAAJ,0000-0000-0000-0000
John Bagterp Jørgensen,DTU,https://www.compute.dtu.dk/english,NOSCHOLARPAGE,0000-0000-0000-0000
John Bennett,University of Colorado - Denver,http://www.ucdenver.edu/academics/colleges/Engineering/Programs/Computer-Science-and-Engineering/faculty/Pages/JohnBennett.aspx,NOSCHOLARPAGE,0000-0000-0000-0000
John Betts,Monash University,https://research.monash.edu/en/persons/john-betts,Abh6ixEAAAAJ,0000-0002-2715-104X
John Black,University of Colorado Boulder,https://www.cs.colorado.edu/~jrblack,nlleO34AAAAJ,0000-0000-0000-0000
John Board,Duke University,https://ece.duke.edu/faculty/john-board,G4sm_HQAAAAJ,0000-0000-0000-0000
John Boyland,Univ. of Wisconsin - Milwaukee,http://www.cs.uwm.edu/faculty/boyland,I4lFc4IAAAAJ,0000-0002-1048-8850
John Businge,University of Nevada Las Vegas,http://johnxu21.github.io,n9RFi3sAAAAJ,0000-0003-3206-7085
John Bustard,Queen's University Belfast,https://pure.qub.ac.uk/en/persons/john-bustard,NOSCHOLARPAGE,0000-0000-0000-0000
John C. Duchi,Stanford University,https://web.stanford.edu/~jduchi,i5srt20AAAAJ,0000-0000-0000-0000
John C. Gallagher,University of Cincinnati,https://researchdirectory.uc.edu/p/gallagj9,9TLO14IAAAAJ,0000-0000-0000-0000
John C. Grundy,Monash University,https://research.monash.edu/en/persons/john-grundy,bbEQGY8AAAAJ,0000-0003-4928-7076
John C. Hart,Univ. of Illinois at Urbana-Champaign,https://cs.illinois.edu/directory/profile/jch,MjmBY5AAAAAJ,0000-0002-7102-0055
John C. Lusth,The University of Alabama,http://lusth.cs.ua.edu,NOSCHOLARPAGE,0000-0000-0000-0000
John C. Mitchell,Stanford University,http://theory.stanford.edu/people/jcm,1_kJPIEAAAAJ,0000-0002-0024-860X
John C. Paolillo,Indiana University,http://paolillo.soic.indiana.edu,NOSCHOLARPAGE,0000-0000-0000-0000
John C. S. Lui,Chinese University of Hong Kong,http://www.cse.cuhk.edu.hk/~cslui,7LVjQ7MAAAAJ,0000-0001-7466-0384
John C. Stamper,Carnegie Mellon University,https://www.hcii.cmu.edu/people/john-stamper,VFGDcvoAAAAJ,0000-0002-2291-1468
John Cartlidge,University of Bristol,https://seis.bristol.ac.uk/~cszjpc,qby_M_wAAAAJ,0000-0002-3143-6355
John Chi-Shing Lui,Chinese University of Hong Kong,http://www.cse.cuhk.edu.hk/~cslui,7LVjQ7MAAAAJ,0000-0000-0000-0000
John Criswell,University of Rochester,https://www.cs.rochester.edu/u/criswell,jGZab7kAAAAJ,0000-0003-2176-3659
John D. Kececioglu,University of Arizona,https://www.cs.arizona.edu/~kece,SKXmmxIAAAAJ,0000-0000-0000-0000
John D. Kelleher,Maynooth University,https://www.linkedin.com/in/johndkelleher,4FUPHHYAAAAJ,0000-0001-6462-3248
John D. Kubiatowicz,Univ. of California - Berkeley,http://www.cs.berkeley.edu/~kubitron,00M1AqQAAAAJ,0000-0000-0000-0000
John D. Lafferty,Yale University,https://statistics.yale.edu/people/john-lafferty,NOSCHOLARPAGE,0000-0000-0000-0000
John D. Owens,Univ. of California - Davis,https://www.ece.ucdavis.edu/~jowens,uIpPgJEAAAAJ,0000-0001-6582-8237
John D. Storey,Princeton University,https://storeylab.org,oi4x2XIAAAAJ,0000-0001-5992-402X
John Daugman,University of Cambridge,https://www.cl.cam.ac.uk/~jgd1000,D0Q3owUAAAAJ,0000-0000-0000-0000
John Derrick,University of Sheffield,https://www.sheffield.ac.uk/dcs/people/academic/john-derrick,UjKdePoAAAAJ,0000-0002-6631-8914
John Dingliana,Trinity College Dublin,https://www.scss.tcd.ie/John.Dingliana,gkc2ZfIAAAAJ,0000-0001-7636-6402
John Dowell,University College London,http://www0.cs.ucl.ac.uk/people/J.Dowell.html,NOSCHOLARPAGE,0000-0002-5832-3537
John Doyle,California Inst. of Technology,https://doyle.caltech.edu/Main_Page,C6DtGmMAAAAJ,0000-0000-0000-0000
John Dunnion,University College Dublin,https://www.researchgate.net/profile/John-Dunnion,NOSCHOLARPAGE,0000-0000-0000-0000
John Durrett,Texas State University,https://cs.txstate.edu/accounts/profiles/hd01,NOSCHOLARPAGE,0000-0000-0000-0000
John E. Anderson,University of Manitoba,http://www.cs.umanitoba.ca/~andersj,PGcc-RIAAAAJ,0000-0000-0000-0000
John E. Psarras,NTUA,https://www.ece.ntua.gr/en/staff/65,AMoT_2wAAAAJ,0000-0000-0000-0000
John Edwards 0002,Utah State University,https://www.usu.edu/cs/directory/faculty/edwards-john,ZKE3U6UAAAAJ,0000-0002-0882-312X
John Eric Anderson,University of Manitoba,http://www.cs.umanitoba.ca/~andersj,PGcc-RIAAAAJ,0009-0006-2408-5119
John F. Canny,Univ. of California - Berkeley,https://www2.eecs.berkeley.edu/Faculty/Homepages/canny.html,LAv0HTEAAAAJ,0000-0002-7161-7927
John F. Horty,Univ. of Maryland - College Park,https://www.cs.umd.edu/people/horty,LMklB_IAAAAJ,0000-0000-0000-0000
John F. Hughes,Brown University,http://cs.brown.edu/~jfh,EEG6tPMAAAAJ,0000-0000-0000-0000
John Fearnley,University of Liverpool,https://cgi.csc.liv.ac.uk/~john,EmxapaUAAAAJ,0000-0003-0791-4342
John Franco,University of Cincinnati,http://gauss.ececs.uc.edu/franco_files/franco.html,ldgiV80AAAAJ,0000-0000-0000-0000
John G. Daugman,University of Cambridge,https://www.cl.cam.ac.uk/~jgd1000,D0Q3owUAAAAJ,0000-0000-0000-0000
John G. O'Hara,University of Essex,https://www.essex.ac.uk/people/ohara61509/john-o-hara,EPQvmhkAAAAJ,0000-0000-0000-0000
John G. Stell,University of Leeds,https://eps.leeds.ac.uk/computing/staff/258/dr-john-stell,h_Fv6o8AAAAJ,0000-0000-0000-0000
John G. Wager,Oregon State University,http://eecs.oregonstate.edu/people/wager-john,ZgUfjxcsQU4C,0000-0000-0000-0000
John Georgas,Northern Arizona University,https://www.cefns.nau.edu/~jg455,NOSCHOLARPAGE,0000-0000-0000-0000
John Grundy 0001,Monash University,https://research.monash.edu/en/persons/john-grundy,bbEQGY8AAAAJ,0000-0003-4928-7076
John H. Hartman,University of Arizona,https://www.cs.arizona.edu/~jhh,zqPtcskAAAAJ,0000-0000-0000-0000
John H. Hine,Victoria University of Wellington,http://ecs.victoria.ac.nz/Main/JohnHine,NOSCHOLARPAGE,0000-0000-0000-0000
John H. Reif,Duke University,https://users.cs.duke.edu/~reif,Er-gEaoAAAAJ,0000-0000-0000-0000
John H. Reppy,University of Chicago,http://people.cs.uchicago.edu/~jhr,hz1S-asAAAAJ,0000-0002-5881-298X
John H. Williamson 0001,University of Glasgow,http://www.dcs.gla.ac.uk/~jhw,fcvb8f8AAAAJ,0000-0001-8085-7853
John Hale,University of Tulsa,https://faculty.utulsa.edu/faculty/john-hale,gSsLWL0AAAAJ,0000-0002-5956-8093
John Hannan,Pennsylvania State University,http://www.eecs.psu.edu/departments/faculty-staff-list.aspx,HAfOGdsAAAAJ,0000-0000-0000-0000
John Hatcliff,Kansas State University,http://cis.ksu.edu/~hatcliff,B56JLs0AAAAJ,0009-0001-3782-7082
John Hughes 0001,Chalmers/GU,https://www.chalmers.se/en/staff/Pages/rjmh.aspx,adD4xmAAAAAJ,0000-0000-0000-0000
John Iacono,Université libre de Bruxelles,http://johniacono.com,cF2lHxgAAAAJ,0000-0001-8885-8172
John J. Heslen,Augusta University,https://www.augusta.edu/faculty/directory/view.php?id=JHESLEN,xOmATMMAAAAJ,0000-0000-0000-0000
John J. Metzner,Pennsylvania State University,https://ed.psu.edu/directory,NOSCHOLARPAGE,0000-0000-0000-0000
John J. Regazzi,LIU Post,http://liu-post.academia.edu/JohnRegazzi,NOSCHOLARPAGE,0000-0000-0000-0000
John Jack Lange,University of Pittsburgh,https://www.cs.pitt.edu/~jacklange,47I8TqkAAAAJ,0000-0000-0000-0000
John Johnstone,University of Alabama - Birmingham,https://www.uab.edu/cas/computerscience/people/faculty-directory/john-k-johnstone,NOSCHOLARPAGE,0000-0000-0000-0000
John Jose,IIT Guwahati,https://www.iitg.ernet.in/johnjose,KR7K-XEAAAAJ,0000-0002-0314-8778
John K. Antonio,University of Oklahoma,https://www.ou.edu/coe/cs/people/faculty/john-antonio,NOSCHOLARPAGE,0000-0000-0000-0000
John K. Bennett,University of Colorado Boulder,https://www.colorado.edu/cs/users/jbk,Yp8S-_QAAAAJ,0000-0000-0000-0000
John K. Tsotsos,York University,http://www.cse.yorku.ca/~tsotsos/Tsotsos/Home.html,Ic6ZXhUAAAAJ,0000-0002-8621-9147
John Keyser,Texas A&M University,http://faculty.cs.tamu.edu/keyser,K4o-D-cAAAAJ,0000-0002-4829-9975
John Kim 0001,KAIST,http://icn.kaist.ac.kr/~jjk12,ANnlqOwAAAAJ,0000-0003-3958-3891
John Knottenbelt,Imperial College London,http://www.imperial.ac.uk/people/w.knottenbelt,Vz8XWRoAAAAJ,0000-0000-0000-0000
John Krogstie,NTNU,http://www.idi.ntnu.no/~krogstie,IVFkoKgAAAAJ,0000-0000-0000-0000
John Kubiatowicz,Univ. of California - Berkeley,http://www.cs.berkeley.edu/~kubitron,00M1AqQAAAAJ,0000-0000-0000-0000
John L. Arnott,University of Dundee,http://staff.computing.dundee.ac.uk/jarnott,NOSCHOLARPAGE,0000-0000-0000-0000
John L. Barron,Western University,http://www.csd.uwo.ca/faculty/barron,RcLOFz0AAAAJ,0000-0000-0000-0000
John L. Hennessy,Stanford University,https://president.stanford.edu/biography,tp07xT0AAAAJ,0000-0000-0000-0000
John Lafferty,Yale University,https://statistics.yale.edu/people/john-lafferty,NOSCHOLARPAGE,0000-0000-0000-0000
John Lalor,University of Notre Dame,https://jplalor.github.io,d7r0R14AAAAJ,0000-0003-0848-4786
John Lapinskas,University of Bristol,https://research-information.bris.ac.uk/en/persons/john-a-lapinskas,fEZUoPwAAAAJ,0000-0003-3197-0854
John Lee 0004,University of Edinburgh,http://www.inf.ed.ac.uk/people/staff/John_Lee.html,NOSCHOLARPAGE,0000-0002-0914-2975
John Lewis 0001,Victoria University of Wellington,http://ecs.victoria.ac.nz/Main/JohnLewis,wC_k2-4AAAAJ,0000-0000-0000-0000
John Liagouris,Boston University,https://cs-people.bu.edu/liagos,eNdCmjoAAAAJ,0000-0003-4692-3022
John Licato,University of South Florida,https://cse.usf.edu/~licato,pewRWtIAAAAJ,0000-0003-4700-9750
John Lillis,University of Illinois at Chicago,https://www.cs.uic.edu/~jlillis,3oyf5I4AAAAJ,0000-0000-0000-0000
John Longley,University of Edinburgh,http://www.inf.ed.ac.uk/people/staff/John_Longley.html,NOSCHOLARPAGE,0009-0004-6201-0674
John M. Betts,Monash University,https://research.monash.edu/en/persons/john-betts,Abh6ixEAAAAJ,0000-0000-0000-0000
John M. Bjørndalen,UiT The Arctic Univ. of Norway,https://uit.no/ansatte/john.markus.bjorndalen,_cP68xIAAAAJ,0000-0000-0000-0000
John M. Carroll 0001,Pennsylvania State University,https://jcarroll.ist.psu.edu,7Mg8JZMAAAAJ,0000-0001-5189-337X
John M. Gauch,University of Arkansas,http://csce.uark.edu/~jgauch,NOSCHOLARPAGE,0000-0000-0000-0000
John M. Hollerbach,University of Utah,http://www.cs.utah.edu/~jmh,41QkAiUAAAAJ,0000-0000-0000-0000
John M. Mellor-Crummey,Rice University,http://www.cs.rice.edu/~johnmc,wX0XpxMAAAAJ,0000-0002-9026-5453
John M. Pecarina,Air Force Inst. of Technology,https://apps.dtic.mil/dtic/tr/fulltext/u2/1054676.pdf,NOSCHOLARPAGE,0000-0000-0000-0000
John Mariani,Lancaster University,https://www.lancaster.ac.uk/scc/about-us/people/john-mariani,ke0ClnoAAAAJ,0000-0003-0723-9594
John Mark Bishop,Goldsmiths University of London,https://www.gold.ac.uk/computing/staff/m-bishop,48y80igAAAAJ,0000-0000-0000-0000
John Mark Smotherman,Clemson University,https://people.cs.clemson.edu/~mark,KADbB0cAAAAJ,0000-0000-0000-0000
John McAllister,Queen's University Belfast,https://www.qub.ac.uk/schools/eeecs/Connect/Staff/BusinessCard/?name=jp.mcallister,CZerWWQAAAAJ,0000-0000-0000-0000
John McDonald,DePaul University,http://www.cdm.depaul.edu/about/Pages/People/facultyinfo.aspx?fid=643,NOSCHOLARPAGE,0000-0000-0000-0000
John McDonald 0001,Maynooth University,https://www.maynoothuniversity.ie/faculty-science-engineering/our-people/john-mcdonald,MrI1EV4AAAAJ,0000-0001-9225-673X
John McGregor,Clemson University,https://people.cs.clemson.edu/~johnmc,Tw739kgAAAAJ,0000-0000-0000-0000
John Millar Carroll,Pennsylvania State University,https://jcarroll.ist.psu.edu,7Mg8JZMAAAAJ,0000-0001-5189-337X
John Murphy 0001,University College Dublin,https://people.ucd.ie/j.murphy,hRzqMboAAAAJ,0000-0000-0000-0000
John Murray-Bruce,University of South Florida,https://www.cse.usf.edu/~murraybruce,lQkw3IoAAAAJ,0000-0002-1416-4175
John Musacchio,Univ. of California - Santa Cruz,https://users.soe.ucsc.edu/~johnm,NOSCHOLARPAGE,0009-0006-2504-1759
John N. Tsitsiklis,Massachusetts Inst. of Technology,http://www.mit.edu/~jnt/home.html,bWTPrLEAAAAJ,0000-0000-0000-0000
John O'Donnell,University of Glasgow,http://www.dcs.gla.ac.uk/~jtod,NOSCHOLARPAGE,0000-0000-0000-0000
John O'Donnell 0001,University of Glasgow,http://www.dcs.gla.ac.uk/~jtod,NOSCHOLARPAGE,0000-0000-0000-0000
John P. Collomosse,University of Surrey,http://personal.ee.surrey.ac.uk/Personal/J.Collomosse,yVnCUg0AAAAJ,0000-0003-3580-4685
John P. Conley,Oregon State University,http://eecs.oregonstate.edu/~jconley,Q-LRVgpXOHcC,0000-0000-0000-0000
John P. Lalor,University of Notre Dame,https://jplalor.github.io,d7r0R14AAAAJ,0000-0000-0000-0000
John P. Lewis,Victoria University of Wellington,http://ecs.victoria.ac.nz/Main/JohnLewis,wC_k2-4AAAAJ,0000-0002-6835-7263
John P. Steinberger,Tsinghua University,http://iiis.tsinghua.edu.cn/~john,anGaUZEAAAAJ,0000-0000-0000-0000
John Paparrizos,Ohio State University,https://cse.osu.edu/people/paparrizos.1,CmxltbUAAAAJ,0000-0002-7592-748X
John Patrick Lalor,University of Notre Dame,https://jplalor.github.io,d7r0R14AAAAJ,0000-0000-0000-0000
John Peter Lewis,Victoria University of Wellington,http://ecs.victoria.ac.nz/Main/JohnLewis,wC_k2-4AAAAJ,0000-0000-0000-0000
John Philip Collomosse,University of Surrey,http://personal.ee.surrey.ac.uk/Personal/J.Collomosse,yVnCUg0AAAAJ,0000-0000-0000-0000
John Power,University of Bath,http://www.bath.ac.uk/comp-sci/contacts/academics/john_power,mCvZPDn8heUC,0000-0000-0000-0000
John Preskill,California Inst. of Technology,https://www.preskill.caltech.edu,K2BMBtcAAAAJ,0000-0002-2421-4762
John Q. Gan,University of Essex,https://www.essex.ac.uk/people/ganjo00207/john-gan,reTQcL8AAAAJ,0000-0003-1230-7643
John Quarles,University of Texas at San Antonio,https://sites.google.com/view/johnquarles/home,iM0tD2EAAAAJ,0000-0002-4790-167X
John R. Gilbert,Univ. of California - Santa Barbara,http://www.cs.ucsb.edu/~gilbert,cl7CnNYAAAAJ,0000-0000-0000-0000
John R. Lange,University of Pittsburgh,https://www.cs.pitt.edu/~jacklange,47I8TqkAAAAJ,0000-0000-0000-0000
John R. Longley,University of Edinburgh,http://www.inf.ed.ac.uk/people/staff/John_Longley.html,NOSCHOLARPAGE,0000-0000-0000-0000
John R. Rose,University of South Carolina,http://www.cse.sc.edu/~rose,NOSCHOLARPAGE,0000-0000-0000-0000
John R. Spletzer,Lehigh University,http://www.cse.lehigh.edu/~spletzer,NOSCHOLARPAGE,0000-0000-0000-0000
John R. Terry,University of Birmingham,https://www.birmingham.ac.uk/staff/profiles/metabolism-systems/Terry-John.aspx,az8zf8EAAAAJ,0000-0000-0000-0000
John Regehr,University of Utah,http://www.cs.utah.edu/~regehr,yCv02hMAAAAJ,0000-0001-7025-4610
John Rogers,DePaul University,http://facweb.cs.depaul.edu/jrogers,NOSCHOLARPAGE,0000-0000-0000-0000
John S. Baras,Univ. of Maryland - College Park,https://www.cs.umd.edu/people/baras,xuguQ60AAAAJ,0000-0000-0000-0000
John S. Crawford,University of Kent,https://www.cs.kent.ac.uk/people/staff/jsc6,6CmLTEwAAAAJ,0000-0000-0000-0000
John S. Heidemann,University of Southern California,https://www.isi.edu/~johnh,bN_de_QAAAAJ,0000-0002-1225-7562
John Sampson,Pennsylvania State University,http://www.cse.psu.edu/~jms1257,fSQCT0YAAAAJ,0009-0008-4990-8585
John Schneider,Washington State University,http://www.eecs.wsu.edu/~schneidj,osLwYNIAAAAJ,0000-0000-0000-0000
John Shawe-Taylor,University College London,http://www0.cs.ucl.ac.uk/staff/J.Shawe-Taylor,1iE2ykkAAAAJ,0000-0002-2030-0073
John Shepherd 0005,UNSW,http://www.cse.unsw.edu.au/~jas,DvBnii4AAAAJ,0000-0000-0000-0000
John Stavrakakis,University of Sydney,http://sydney.edu.au/engineering/it/about/people/lecturers.shtml,NOSCHOLARPAGE,0000-0002-0397-4260
John Stouby Persson,Aalborg University,http://people.cs.aau.dk/~john,2uofkmkAAAAJ,0000-0000-0000-0000
John T. Hale,Johns Hopkins University,https://cogsci.jhu.edu/directory/john-t-hale,sqUEF0MAAAAJ,0000-0000-0000-0000
John T. Minor,University of Nevada Las Vegas,https://www.unlv.edu/people/dr-john-minor,NOSCHOLARPAGE,0000-0000-0000-0000
John T. O'Donnell,University of Glasgow,http://www.dcs.gla.ac.uk/~jtod,NOSCHOLARPAGE,0000-0000-0000-0000
John T. Paxton,Montana State University,https://www.cs.montana.edu/directory/1524459/john-paxton,gkIyoEQAAAAJ,0000-0000-0000-0000
John T. Stasko,Georgia Institute of Technology,http://www.cc.gatech.edu/~john.stasko,2PxFftgAAAAJ,0000-0003-4129-7659
John Tang Boyland,Univ. of Wisconsin - Milwaukee,http://www.cs.uwm.edu/faculty/boyland,I4lFc4IAAAAJ,0000-0002-1048-8850
John Thangarajah,RMIT University,http://john.agentprojects.com,bGu9cEsAAAAJ,0000-0002-7699-6444
John Thickstun,Cornell University,https://johnthickstun.com,RkuzIZMAAAAJ,0000-0003-1268-8677
John Thomson,University of St Andrews,https://jt.host.cs.st-andrews.ac.uk,NOSCHOLARPAGE,0000-0000-0000-0000
John V. Guttag,Massachusetts Inst. of Technology,http://nms.csail.mit.edu/~guttag,NOSCHOLARPAGE,0000-0003-0992-0906
John V. McCanny,Queen's University Belfast,https://www.qub.ac.uk/schools/eeecs/Connect/Staff/BusinessCard/?name=j.mccanny,NOSCHOLARPAGE,0000-0000-0000-0000
John V. Monaco,Naval Postgraduate School,http://www.vmonaco.com,iG64YJUAAAAJ,0000-0002-5089-583X
John Van Rees,University of Manitoba,http://www.cs.umanitoba.ca/~vanrees,NOSCHOLARPAGE,0000-0000-0000-0000
John Vincent McCanny,Queen's University Belfast,https://www.qub.ac.uk/schools/eeecs/Connect/Staff/BusinessCard/?name=j.mccanny,NOSCHOLARPAGE,0000-0000-0000-0000
John Vines,University of Edinburgh,http://www.inf.ed.ac.uk/people/staff/John_Vines.html,rKbvQTkAAAAJ,0000-0003-4051-3356
John W. Byers,Boston University,https://www.cs.bu.edu/~byers,jIp_uw0AAAAJ,0000-0000-0000-0000
John W. Sheppard,Montana State University,https://www.cs.montana.edu/sheppard,H6cL-14AAAAJ,0000-0001-9487-5622
John Waldron,Trinity College Dublin,https://www.tcd.ie/research/profiles/?profile=waldroj,NOSCHOLARPAGE,0000-0000-0000-0000
John Watkins,Wichita State University,https://www.wichita.edu/profiles/academics/engineering/EECS/Watkins-John.php,NOSCHOLARPAGE,0000-0000-0000-0000
John Watrous,University of Waterloo,https://cs.uwaterloo.ca/~watrous,KpCmyMcAAAAJ,0000-0002-4263-9393
John Wawrzynek,Univ. of California - Berkeley,http://www.cs.berkeley.edu/~johnw,NOSCHOLARPAGE,0009-0003-1466-4553
John Williamson 0001,University of Glasgow,http://www.dcs.gla.ac.uk/~jhw,fcvb8f8AAAAJ,0000-0001-8085-7853
John Woods,University of Essex,https://www.essex.ac.uk/people/woods19406/john-woods,BUG90hgAAAAJ,0000-0000-0000-0000
John Wright 0004,Univ. of California - Berkeley,https://people.eecs.berkeley.edu/~jswright,NOSCHOLARPAGE,0009-0006-4071-3488
John Yannis Goulermas,University of Liverpool,http://pcwww.liv.ac.uk/~goulerma/web_site_files/Yannis_Site/About_Me.html,pYnXjN4AAAAJ,0000-0003-0381-124X
John Yiannis Cotronis,University of Athens,http://www.di.uoa.gr/eng/staff/1022,9IbOFmMAAAAJ,0000-0000-0000-0000
John Zimmerman,Carnegie Mellon University,https://www.cs.cmu.edu/~johnz,A-4JUL4AAAAJ,0000-0001-5299-8157
John van de Wetering,University of Amsterdam,https://vdwetering.name,5GGzj7QAAAAJ,0000-0002-5405-8959
John-Jules Ch. Meyer,Utrecht University,http://www.staff.science.uu.nl/~meyer101,IZKHw2cAAAAJ,0000-0000-0000-0000
John-Jules Charles Meyer,Utrecht University,http://www.staff.science.uu.nl/~meyer101,IZKHw2cAAAAJ,0000-0000-0000-0000
John-Paul Ore,North Carolina State University,https://jpwco.com,q7jnx5IAAAAJ,0000-0002-8122-3809
Johnathan Mell,University of Central Florida,https://jtmell.com,VoRlLBMAAAAJ,0000-0002-0013-1671
Johnny S. Wong,Iowa State University,http://www.cs.iastate.edu/people/johnny-wong,w3UeCAoAAAAJ,0000-0000-0000-0000
Johnny Wong,Iowa State University,http://www.cs.iastate.edu/people/johnny-wong,w3UeCAoAAAAJ,0000-0000-0000-0000
Johnson Thomas,Oklahoma State University,http://www.cs.okstate.edu/~jpt,pyIZFggAAAAJ,0000-0002-4698-8072
John Marty Emmert,University of Cincinnati,https://researchdirectory.uc.edu/p/emmertj,NOSCHOLARPAGE,0000-0000-0000-0000
Joke Blom,CWI,http://homepages.cwi.nl/~gollum,Za0-ttMAAAAJ,0000-0000-0000-0000
Joke G. Blom,CWI,http://homepages.cwi.nl/~gollum,Za0-ttMAAAAJ,0000-0000-0000-0000
Jon A. Solworth,University of Illinois at Chicago,http://parsys.eecs.uic.edu/~solworth,NOSCHOLARPAGE,0000-0000-0000-0000
Jon Atle Gulla,NTNU,https://www.ntnu.edu/employees/jon.atle.gulla,lq5InSEAAAAJ,0000-0000-0000-0000
Jon B. Weissman,University of Minnesota,http://www-users.cs.umn.edu/~jon,ouY9ypcAAAAJ,0000-0000-0000-0000
Jon Barker,University of Sheffield,https://www.sheffield.ac.uk/dcs/people/academic/jon-barker,-wmRVxoAAAAJ,0000-0002-1684-5660
Jon Bird,University of Bristol,https://research-information.bris.ac.uk/en/persons/jon-bird,iE-i_S4AAAAJ,0000-0002-1681-1532
Jon Chamberlain,University of Essex,https://www.essex.ac.uk/people/chamb94408/jon-chamberlain,JJN-i1cAAAAJ,0000-0002-6947-8964
Jon Crowcroft,University of Cambridge,https://www.cl.cam.ac.uk/~jac22,qnMs-XYAAAAJ,0000-0002-7013-0121
Jon Doyle,North Carolina State University,https://www.csc.ncsu.edu/faculty/doyle,C6DtGmMAAAAJ,0000-0002-5553-3790
Jon E. Froehlich,University of Washington,http://www.cs.umd.edu/~jonf,nExKrpsAAAAJ,0000-0001-8291-3353
Jon Froehlich,University of Washington,http://www.cs.umd.edu/~jonf,nExKrpsAAAAJ,0000-0001-8291-3353
Jon G. Hall,Open University UK,http://stem.open.ac.uk/people/jgh23,Zd3QZkaH0hYJ,0000-0002-5619-820X
Jon G. Rokne,University of Calgary,http://pages.cpsc.ucalgary.ca/~rokne,NOSCHOLARPAGE,0000-0000-0000-0000
Jon Garibaldi,University of Nottingham,https://www.nottingham.ac.uk/computerscience/people/jon.garibaldi,L_9C4v0AAAAJ,0000-0000-0000-0000
Jon M. Kleinberg,Cornell University,https://www.cs.cornell.edu/home/kleinber,VX7d5EQAAAAJ,0000-0002-1929-2512
Jon McCormack,Monash University,https://research.monash.edu/en/persons/jon-mccormack,nJDUC6cAAAAJ,0000-0001-6328-5064
Jon P. Barker,University of Sheffield,https://www.sheffield.ac.uk/dcs/people/academic/jon-barker,-wmRVxoAAAAJ,0000-0000-0000-0000
Jon Sporring,University of Copenhagen,http://image.diku.dk/sporring,COP1HUwAAAAJ,0000-0003-1261-6702
Jon Sterling,University of Cambridge,https://www.cst.cam.ac.uk/people/js2878,6idp9xEAAAAJ,0000-0000-0000-0000
Jon Youn,University of Nebraska - Omaha,https://www.cune.edu,NOSCHOLARPAGE,0000-0000-0000-0000
Jonas Almström Duregård,Chalmers/GU,https://www.chalmers.se/en/staff/Pages/jonas-duregard.aspx,NOSCHOLARPAGE,0000-0000-0000-0000
Jonas Fritsch,IT University of Copenhagen,https://pure.itu.dk/portal/da/persons/jonas-fritsch,oj8I51cAAAAJ,0000-0001-9065-2843
Jonas Hielscher,CISPA Helmholtz Center,https://jhielscher.de,UvcKg4kAAAAJ,0000-0002-5159-3868
Jonas Kuhn,University of Stuttgart,http://www.ims.uni-stuttgart.de/institut/mitarbeiter/jonas,t5vqVEkAAAAJ,0000-0000-0000-0000
Jonas Teuwen,Radboud University,http://diagnijmegen.nl/index.php/Person?name=Jonas_Teuwen,NOSCHOLARPAGE,0000-0000-0000-0000
Jonathan Aldrich,Carnegie Mellon University,http://www.cs.cmu.edu/~./aldrich,AzHmOtcAAAAJ,0000-0003-0631-5591
Jonathan Appavoo,Boston University,http://www.cs.bu.edu/~jappavoo,Z1Kl2REAAAAJ,0009-0002-5594-4263
Jonathan Balkind,Univ. of California - Santa Barbara,https://www.cs.ucsb.edu/people/faculty/balkind,AjNcUw4AAAAJ,0000-0003-1443-1373
Jonathan Barrett,University of Oxford,https://www.cs.ox.ac.uk/people/jonathan.barrett,rZefS0AAAAAJ,0000-0002-2222-0579
Jonathan Bell 0001,Northeastern University,https://www.jonbell.net,eNcYYfoAAAAJ,0000-0002-1187-9298
Jonathan Berant,Tel Aviv University,http://www.cs.tau.ac.il/~joberant,xCYHonIAAAAJ,0000-0002-5485-1447
Jonathan Brumberg,University of Kansas,https://sanlab.ku.edu/jon-brumberg,k3QunHYAAAAJ,0000-0001-5739-968X
Jonathan C. L. Liu,University of Florida,https://www.cise.ufl.edu/~jcliu,NOSCHOLARPAGE,0000-0000-0000-0000
Jonathan Cazalas,King Abdulaziz University,http://kau.cazalas.com,NOSCHOLARPAGE,0009-0000-9159-338X
Jonathan Cook,New Mexico State University,http://www.cs.nmsu.edu/~jcook,gnzW58YAAAAJ,0000-0000-0000-0000
Jonathan D. Ventura,UCCS,http://jventura.net,k0E68OgAAAAJ,0000-0000-0000-0000
Jonathan Dukes,Trinity College Dublin,https://www.scss.tcd.ie/Jonathan.Dukes,NOSCHOLARPAGE,0009-0004-9147-4486
Jonathan E. Fieldsend,University of Exeter,http://emps.exeter.ac.uk/computer-science/staff/jefields,tvV_iQEAAAAJ,0000-0000-0000-0000
Jonathan E. Rowe,University of Birmingham,https://www.birmingham.ac.uk/staff/profiles/computer-science/academic-staff/rowe-jon.aspx,co2yqKoAAAAJ,0000-0000-0000-0000
Jonathan Edward Fieldsend,University of Exeter,http://emps.exeter.ac.uk/computer-science/staff/jefields,tvV_iQEAAAAJ,0000-0000-0000-0000
Jonathan F. Gemmell,DePaul University,http://www.cdm.depaul.edu/about/Pages/People/facultyinfo.aspx?fid=494,RIhZrvIAAAAJ,0000-0000-0000-0000
Jonathan Gaudreault,Université Laval,https://www.ift.ulaval.ca/departement-et-professeurs/professeurs-et-personnel/professeurs-reguliers/fiche/show/gaudreault-jonathan,g7YxejsAAAAJ,0000-0001-5493-8836
Jonathan Gemmell,DePaul University,http://www.cdm.depaul.edu/about/Pages/People/facultyinfo.aspx?fid=494,RIhZrvIAAAAJ,0009-0002-8764-8792
Jonathan Gryak,CUNY,https://www.gc.cuny.edu/people/jonathan-gryak,llkzRAYAAAAJ,0000-0002-5125-7741
Jonathan H. Huggins,Boston University,http://jhhuggins.org,x1mbRloAAAAJ,0000-0000-0000-0000
Jonathan Herbert Schaeffer,University of Alberta,https://webdocs.cs.ualberta.ca/~jonathan,W6WwvbQAAAAJ,0000-0000-0000-0000
Jonathan I. Maletic,Kent State University,http://www.cs.kent.edu/~jmaletic,n9_W4kYAAAAJ,0000-0000-0000-0000
Jonathan Immanuel Brachthäuser,University of Tübingen,https://se.cs.uni-tuebingen.de/team/brachthaeuser,fv_M9OoAAAAJ,0000-0001-9128-0391
Jonathan K. Kummerfeld,University of Sydney,https://www.jkk.name,OsoNG9AAAAAJ,0000-0001-5030-3016
Jonathan K. Lazar,Univ. of Maryland - College Park,https://ischool.umd.edu/directory/jonathan-lazar,CDpfbBsAAAAJ,0000-0000-0000-0000
Jonathan Katz,Univ. of Maryland - College Park,https://www.cs.umd.edu/~jkatz,H4rKFc8AAAAJ,0000-0001-6084-9303
Jonathan Kelly,University of Toronto,https://starslab.ca,KtSR8_0AAAAJ,0000-0000-0000-0000
Jonathan L. Shapiro,University of Manchester,https://www.research.manchester.ac.uk/portal/jonathan.l.shapiro.html,nLmrwfgAAAAJ,0000-0000-0000-0000
Jonathan Lazar,Univ. of Maryland - College Park,https://ischool.umd.edu/directory/jonathan-lazar,CDpfbBsAAAAJ,0000-0002-6317-1582
Jonathan Lee 0004,National Taiwan University,https://www.csie.ntu.edu.tw/~jlee,iYNIPS8AAAAJ,0000-0000-0000-0000
Jonathan Lewis,University of St Andrews,https://jonl.host.cs.st-andrews.ac.uk,NOSCHOLARPAGE,0000-0000-0000-0000
Jonathan M. Garibaldi,University of Nottingham,https://www.nottingham.ac.uk/computerscience/people/jon.garibaldi,L_9C4v0AAAAJ,0000-0002-9690-7074
Jonathan M. Roberts,Queensland Univ. of Technology,https://research.qut.edu.au/qcr/people/jonathan-roberts,1e_R-xoAAAAJ,0000-0000-0000-0000
Jonathan M. Smith,University of Pennsylvania,https://www.cis.upenn.edu/~jms,aF8rREMAAAAJ,0000-0000-0000-0000
Jonathan P. Bollback,IST Austria,https://ist.ac.at/research/research-groups/bollback-group,WWNXoPgAAAAJ,0000-0000-0000-0000
Jonathan P. Whiteley,University of Oxford,https://www.cs.ox.ac.uk/people/jonathan.whiteley,NOSCHOLARPAGE,0000-0000-0000-0000
Jonathan R. Mayer,Princeton University,https://www.cs.princeton.edu/~jrmayer,qRFx7E8AAAAJ,0000-0000-0000-0000
Jonathan R. Ullman,Northeastern University,http://www.ccis.northeastern.edu/people/jonathan-ullman,WfS41RAAAAAJ,0000-0002-0323-5564
Jonathan Ragan-Kelley,Massachusetts Inst. of Technology,https://people.eecs.berkeley.edu/~jrk,nBcay4oAAAAJ,0000-0001-6243-9543
Jonathan Richard Shewchuk,Univ. of California - Berkeley,http://www.cs.berkeley.edu/~jrs,R9ZW47sAAAAJ,0009-0004-6864-8994
Jonathan Roberts 0001,Queensland Univ. of Technology,https://research.qut.edu.au/qcr/people/jonathan-roberts,1e_R-xoAAAAJ,0000-0000-0000-0000
Jonathan S. Ostroff,York University,http://eecs.lassonde.yorku.ca/faculty/jonathan-s-ostroff,i2OOMegAAAAJ,0000-0000-0000-0000
Jonathan Scarlett,National University of Singapore,https://www.comp.nus.edu.sg/~scarlett,a4D08aQAAAAJ,0000-0000-0000-0000
Jonathan Schaeffer 0001,University of Alberta,https://webdocs.cs.ualberta.ca/~jonathan,W6WwvbQAAAAJ,0009-0007-3735-5947
Jonathan Shihao Ji,University of Connecticut,https://sji.soc.uconn.edu,qMfWf9EAAAAJ,0000-0000-0000-0000
Jonathan Sprinkle,Vanderbilt University,https://engineering.vanderbilt.edu/bio/?pid=jonathan-sprinkle,HNJQS0gAAAAJ,0000-0003-4176-1212
Jonathan Sun,University of Southern Mississippi,http://www.cs.usm.edu/~jsun,NOSCHOLARPAGE,0000-0000-0000-0000
Jonathan Ventura,UCCS,http://jventura.net,k0E68OgAAAAJ,0000-0000-0000-0000
Jonathan Walpole,Portland State University,http://web.cecs.pdx.edu/~walpole,-pS6P-oAAAAJ,0000-0000-0000-0000
Jonathan Zittrain,Harvard University,http://hls.harvard.edu/faculty/directory/10992/Zittrain,aWZ0YN4AAAAJ,0000-0002-3122-0298
Jonathon S. Hare,University of Southampton,https://www.ecs.soton.ac.uk/people/jsh2,UFeON5oAAAAJ,0000-0003-2921-4283
Jong Cheol Park,KAIST,http://nlp.kaist.ac.kr,u1XiOgvCXnQC,0000-0000-0000-0000
Jong Chul Ye,KAIST,https://bispl.weebly.com/professor.html,HNMjoNEAAAAJ,0000-0001-9763-9609
Jong Hwan Ko,Sungkyunkwan University,http://iris.skku.edu,UN_OIs4AAAAJ,0000-0003-4434-4318
Jong Kim 0001,POSTECH,https://hpc.postech.ac.kr/~jkim,6t2VQFwAAAAJ,0000-0000-0000-0000
Jong Taek Lee,Kyungpook National University,https://sites.google.com/view/k-vislab,NZ55Q-AAAAAJ,0000-0002-6962-3148
Jong-Hoon Kim,Kent State University,http://www.atr.cs.kent.edu/people/jong-hoon_kim,FdTOhw0AAAAJ,0000-0001-5536-9823
Jong-Hwan Lee,Korea University,https://bspl.korea.ac.kr,jiT6fH0AAAAJ,0000-0000-0000-0000
Jong-Hyeok Lee,POSTECH,http://kle.postech.ac.kr/people/professor,Ly38HXAAAAAJ,0000-0000-0000-0000
Jong-Il Park,Hanyang University,https://mr.hanyang.ac.kr/?page_id=96,NOSCHOLARPAGE,0000-0003-1000-4067
Jong-Kook Kim,Korea University,https://hpic.korea.ac.kr,rrx4EgXAjcwC,0000-0003-1828-7807
Jong-Seok Lee,Yonsei University,http://mcml.yonsei.ac.kr,YGwwt6cAAAAJ,0000-0002-8038-1119
Jong-eun Lee,UNIST,http://ecl.unist.ac.kr,WDBSYbkAAAAJ,0009-0002-6278-9679
Jongduk Baek,Yonsei University,https://sites.google.com/view/yonsei-medisyslab/members/professor,Cj0ntKwAAAAJ,0000-0000-0000-0000
Jongeun Choi,Yonsei University,https://mlcs.yonsei.ac.kr,Z-UlU3MAAAAJ,0000-0002-7532-5315
Jongeun Lee,UNIST,http://ecl.unist.ac.kr,WDBSYbkAAAAJ,0000-0003-1523-2974
Jonggi Hong,Stevens Institute of Technology,https://jonggi.github.io,55RWNnMAAAAJ,0000-0003-1060-6770
Jongheon Jeong,Korea University,https://tail.korea.ac.kr,mZB2qfcAAAAJ,0000-0002-4058-5774
Jongho Lee 0003,Seoul National University,https://list.snu.ac.kr/jongho-lee,RC-BiGQAAAAJ,0000-0002-9485-5434
Jonghyeok Park,Korea University,https://dbs.korea.ac.kr,e3yIVc4AAAAJ,0000-0001-8296-7781
Jonghyuk Kim,University of Technology Sydney,https://www.uts.edu.au/staff/jonghyuk.kim,58mjI9UAAAAJ,0000-0003-4505-1103
Jonghyun Choi,Seoul National University,https://ppolon.github.io,uiGWnm4AAAAJ,0000-0002-7934-8434
Jongmin Lee 0004,Yonsei University,https://www.jmlee.kr,rFcK8EEAAAAJ,0009-0008-0761-1329
Jongmoon Baik,KAIST,https://cs.kaist.ac.kr/people/view?idx=371&kind=faculty&menu=170,3kUdJeUAAAAJ,0000-0000-0000-0000
Jongok Kim,Korea University,https://sites.google.com/a/icq.korea.ac.kr/iml,kVkB3f4AAAAJ,0000-0000-0000-0000
Jongouk Choi,University of Central Florida,https://www.cs.ucf.edu/person/jongouk-choi,1R1m3poAAAAJ,0000-0001-7378-6196
Jongse Park,KAIST,https://jongse-park.github.io,4Fw2ma4AAAAJ,0000-0002-6629-449X
Jongsun Park,Korea University,http://vlsisp.korea.ac.kr/main/main.html,KyE7WAEAAAAJ,0000-0003-3251-0024
Jongwoo Lim,Seoul National University,https://sites.google.com/view/snu-rvlab/people,5_uwsGAAAAAJ,0000-0000-0000-0000
Jongwuk Lee,Sungkyunkwan University,https://jongwuklee.weebly.com,A3V_4fIAAAAJ,0000-0001-9213-7706
Joni-Kristian Kämäräinen,Tampere University,https://www.tuni.fi/en/joni-kamarainen,r6Y4nacAAAAJ,0000-0000-0000-0000
Joohyung Lee 0002,Arizona State University,http://peace.eas.asu.edu,WeqC_-MAAAAJ,0000-0002-9569-5575
Joon Hee Han,POSTECH,http://cvlab.postech.ac.kr/jhhan,_mMeOTgAAAAJ,0000-0000-0000-0000
Joon-Kyung Seong,Korea University,http://brein.korea.ac.kr/lab,Q1owmj0AAAAJ,0000-0001-6291-5415
Joon-Seok Kim 0006,Emory University,https://www.joonseok.org/p/about.html,cAE-vgwAAAAJ,0000-0001-9963-6698
Joong-Ho Won,Seoul National University,https://won-j.github.io,NOSCHOLARPAGE,0000-0000-0000-0000
Joongheon Kim,Korea University,https://sites.google.com/view/aimlab-kuee/home,F5PJHPcAAAAJ,0000-0002-1794-6076
Joonsang Baek,University of Wollongong,https://scholars.uow.edu.au/joonsang-baek,i--A6Y4AAAAJ,0000-0003-2613-2127
Joonseok Lee,Seoul National University,https://viplab.snu.ac.kr/viplab/members.html,M-MfqpMAAAAJ,0000-0002-0786-8086
Joos C. A. M. Buijs,TU Eindhoven,https://www.tue.nl/en/university/departments/mathematics-and-computer-science/the-department/staff/detail/ep/e/d/ep-uid/20020361,NOSCHOLARPAGE,0000-0000-0000-0000
Joost Batenburg,CWI,https://www.cwi.nl/people/1742,6WpX7xUAAAAJ,0000-0000-0000-0000
Joost Broekens,Leiden University,https://www.universiteitleiden.nl/en/staffmembers/joost-broekens#tab-2,vw2QkREAAAAJ,0000-0001-9198-898X
Joost Vennekens,KU Leuven,https://people.cs.kuleuven.be/~joost.vennekens,MGIgNOoAAAAJ,0000-0002-0791-0176
Joost Visser 0001,Leiden University,https://jstvssr.github.io,M9bfYFYAAAAJ,0000-0000-0000-0000
Joost-Pieter Katoen,RWTH Aachen University,http://www-i2.informatik.rwth-aachen.de/~katoen,yjjO5_oAAAAJ,0000-0002-6143-1926
Jooyong Lee,UNIST,http://www.jooyongyi.com,oJ9PTZIAAAAJ,0000-0000-0000-0000
Jooyong Yi,UNIST,http://www.jooyongyi.com,oJ9PTZIAAAAJ,0000-0002-7215-0855
Jooyoung Lee 0001,KAIST,https://sites.google.com/site/cryptkaist/home,1bPIg-QAAAAJ,0000-0001-5471-9350
Jop Briët,CWI,http://homepages.cwi.nl/~jop,pWvIuEoAAAAJ,0000-0000-0000-0000
Jordan Aiko Deja,De La Salle University,https://www.dlsu.edu.ph/colleges/ccs/faculty-profile/single/?id=32665770604&command=GETPROFILE,kqH_ERUAAAAJ,0000-0001-9341-6088
Jordan Kodner,Stony Brook University,https://jkodner05.github.io,hYxTJEcAAAAJ,0000-0001-8632-9859
Jordan L. Boyd-Graber,Univ. of Maryland - College Park,http://www.umiacs.umd.edu/~jbg,BT4XTP4AAAAJ,0000-0000-0000-0000
Jordan Pollack,Brandeis University,http://www.cs.brandeis.edu/~pollack,NOSCHOLARPAGE,0009-0008-0819-3819
Jordi Domingo-Pascual,Polytechnic Univ. of Catalonia,http://personals.ac.upc.edu/jordid,sPD_L5YAAAAJ,0000-0000-0000-0000
Jordi Garcia,Polytechnic Univ. of Catalonia,https://www.facebook.com/public/Jordi-Garcia/school/Polytechnic-University-of-Catalonia-109077209117931,S76yu0YAAAAJ,0000-0000-0000-0000
Jordi Garcia Almiñana,Polytechnic Univ. of Catalonia,http://personals.ac.upc.edu/jordig,S76yu0YAAAAJ,0000-0000-0000-0000
Jordi Guitart,Polytechnic Univ. of Catalonia,https://www.facebook.com/public/Jordi-Guitart/school/Polytechnic-University-of-Catalonia-109077209117931,gq_W4DwAAAAJ,0000-0003-0751-3100
Jordi Perello Muntan,Polytechnic Univ. of Catalonia,http://people.ccaba.upc.edu/perello,N3Xy7m0AAAAJ,0000-0000-0000-0000
Jordi Torres,Polytechnic Univ. of Catalonia,https://www.facebook.com/public/Jordi-Torres-Sanchez/school/Polytechnic-University-of-Catalonia-109077209117931,waODsw0AAAAJ,0000-0003-1963-7418
Jorge A. Baier,UC Chile,https://www.ing.uc.cl/academicos-e-investigadores/jorge-antonio-baier-ortiz,7S6RcTYAAAAJ,0000-0000-0000-0000
Jorge A. Sánchez,Universidad Nacional de Córdoba,https://www.famaf.unc.edu.ar/~jsanchez,XV4_wlwAAAAJ,0000-0000-0000-0000
Jorge Alejandro Villalobos,Universidad de los Andes,https://profesores.virtual.uniandes.edu.co/jvillalo/es/inicio,6pj6oSUAAAAJ,0000-0000-0000-0000
Jorge Arturo Cobb,University of Texas at Dallas,http://www.utdallas.edu/~jcobb,NOSCHOLARPAGE,0000-0000-0000-0000
Jorge C. Lucero,Universidade de Brasília,http://cic.unb.br/~lucero,YRGc9WwAAAAJ,0000-0000-0000-0000
Jorge Cruz 0001,Universidade NOVA de Lisboa,http://nova-lincs.di.fct.unl.pt/person/187,ENwGNokAAAAJ,0000-0000-0000-0000
Jorge Curiel-Esparza,TU Munich,https://www7.in.tum.de/~esparza,iyM7fFgAAAAJ,0000-0000-0000-0000
Jorge Duitama,Universidad de los Andes,https://profesores.virtual.uniandes.edu.co/jaduitama/es/inicio,hQq44SkAAAAJ,0000-0002-9105-6266
Jorge Fandinno,University of Nebraska - Omaha,https://www.unomaha.edu/college-of-information-science-and-technology/about/faculty-staff/jorge-fandinno.php,XhtqQoYAAAAJ,0000-0000-0000-0000
Jorge Fernandes,Universidade de Lisboa,http://fcsh.unl.pt/faculdade/docentes/pfernandes,DGDFIzgAAAAJ,0000-0000-0000-0000
Jorge Garcia Vidal,Polytechnic Univ. of Catalonia,http://people.ac.upc.edu/jorge,NOSCHOLARPAGE,0000-0000-0000-0000
Jorge Gonçalves 0001,University of Melbourne,http://www.jorgegoncalves.com,SkQ6OisAAAAJ,0000-0002-0117-0322
Jorge Graña,University of A Coruña,https://pdi.udc.es/en/File/Pdi/WY69E,NOSCHOLARPAGE,0000-0001-9952-1778
Jorge Graña Gil,University of A Coruña,https://pdi.udc.es/en/File/Pdi/WY69E,NOSCHOLARPAGE,0000-0000-0000-0000
Jorge Marx Gómez,University of Oldenburg,https://uol.de/jorge-marx-gomez,NOSCHOLARPAGE,0000-0000-0000-0000
Jorge Munoz-Gama,UC Chile,https://haplab.org/team/jorge,3Og-qpwAAAAJ,0000-0002-6908-3911
Jorge Novo,University of A Coruña,http://www.varpa.es/~jnovo,6mRipmwAAAAJ,0000-0002-0125-3064
Jorge Novo Buján,University of A Coruña,http://www.varpa.es/~jnovo,6mRipmwAAAAJ,0000-0000-0000-0000
Jorge Pérez 0001,Universidad de Chile,https://users.dcc.uchile.cl/~jperez,a6lUuiwAAAAJ,0000-0000-0000-0000
Jorge S. Marques,Universidade de Lisboa,http://users.isr.ist.utl.pt/~jsm,8Vwg-7sAAAAJ,0000-0000-0000-0000
Jorge Stolfi,UNICAMP,https://twitter.com/jorgestolfi?lang=en,mLo7gCEAAAAJ,0000-0000-0000-0000
Jorge Sánchez 0002,Universidad Nacional de Córdoba,https://www.famaf.unc.edu.ar/~jsanchez,XV4_wlwAAAAJ,0000-0002-0150-7263
Jorge Villalobos,Universidad de los Andes,https://profesores.virtual.uniandes.edu.co/jvillalo/es/inicio,6pj6oSUAAAAJ,0000-0003-2175-4453
Jorgen P. Bansler,University of Copenhagen,http://diku.dk/Ansatte/beskrivelse/?id=160232,YuHIy0IAAAAJ,0000-0000-0000-0000
Joris M. Mooij,University of Amsterdam,https://staff.fnwi.uva.nl/j.m.mooij,Td3_kIwAAAAJ,0000-0000-0000-0000
Jos Roerdink,University of Groningen,https://www.rug.nl/staff/j.b.t.m.roerdink,jCFYHlkAAAAJ,0000-0000-0000-0000
Jos Uiterwijk,Maastricht University,https://dke.maastrichtuniversity.nl/jos.uiterwijk,qK2Jwm0AAAAJ,0000-0002-4166-3412
Jos W. H. M. Uiterwijk,Maastricht University,https://dke.maastrichtuniversity.nl/jos.uiterwijk,qK2Jwm0AAAAJ,0000-0000-0000-0000
Joschka Boedecker,University of Freiburg,https://nr.informatik.uni-freiburg.de/people/joschka-boedecker,2mv2dDkAAAAJ,0000-0002-3486-7345
Joschka Bödecker,University of Freiburg,https://nr.informatik.uni-freiburg.de/people/joschka-boedecker,2mv2dDkAAAAJ,0000-0000-0000-0000
Jose A. Perea,Northeastern University,https://www.joperea.com,XSTHhuQAAAAJ,0000-0000-0000-0000
Jose Dolz,ETS Montreal,https://www.etsmtl.ca/Professeurs/jdolz,yHQIFFMAAAAJ,0000-0002-2436-7750
Jose Gustavo Paiva,UFU,http://www.facom.ufu.br/~jgustavo,k0MT90YAAAAJ,0000-0000-0000-0000
Jose Gustavo de Souza Paiva,UFU,http://www.facom.ufu.br/~jgustavo,k0MT90YAAAAJ,0000-0000-0000-0000
Jose Joaquin Garcia-Luna-Aceves,Univ. of California - Santa Cruz,https://www.soe.ucsc.edu/people/jj,wLtmXGQAAAAJ,0000-0000-0000-0000
Jose Lugo-Martinez,Carnegie Mellon University,https://jlugomar.github.io,7Zf_LXIAAAAJ,0000-0002-6312-1577
Jose M. Carmena,Univ. of California - Berkeley,https://www2.eecs.berkeley.edu/Faculty/Homepages/carmena.html,yTIIzd0AAAAJ,0000-0000-0000-0000
Jose M. Such,King's College London,https://www.kcl.ac.uk/people/jose-such,xNr_IMUAAAAJ,0000-0002-6041-178X
Jose María Cela-Espín,Polytechnic Univ. of Catalonia,https://www.bsc.es/about-bsc/staff-directory/cela-espin-jose-maria,QJWbGSEAAAAJ,0000-0000-0000-0000
Jose Miguel Such,King's College London,https://www.kcl.ac.uk/people/jose-such,xNr_IMUAAAAJ,0000-0000-0000-0000
Jose Nagib Cotrim Árabe,UFMG,http://homepages.dcc.ufmg.br/~arabe,NOSCHOLARPAGE,0000-0000-0000-0000
Jose Renau,Univ. of California - Santa Cruz,https://users.soe.ucsc.edu/~renau,-uHod_AAAAAJ,0000-0001-5128-0506
Jose T. Palma,University of Murcia,http://perseo.inf.um.es/~jpalma/doku.php?id=start,-9qJXSoAAAAJ,0000-0000-0000-0000
Jose T. de Sousa,Universidade de Lisboa,https://orcid.org/0000-0001-7525-7546,ai6ekBAAAAAJ,0000-0000-0000-0000
Josef Börcsök,University of Kassel,https://www.uni-kassel.de/eecs/fachgebiete/icas/fachgebiet/fachgebietsleiter.html,NOSCHOLARPAGE,0000-0000-0000-0000
Josef Ingenerf,University of Lübeck,http://www.imi.uni-luebeck.de/de/~ingenerf,rXUpYSsAAAAJ,0000-0002-3274-8422
Josef Kittler,University of Surrey,https://www.surrey.ac.uk/people/josef-kittler,pk-yb_kAAAAJ,0000-0002-8110-9205
Josef Küng,JKU Linz,https://www.jku.at/en/faw/about-us/team/josef-kueng,uy1d_7wAAAAJ,0000-0000-0000-0000
Josef Pauli,University of Duisburg-Essen,http://www.is.uni-due.de/en/chair/mitarbeiter/prof_josef_pauli,NOSCHOLARPAGE,0000-0000-0000-0000
Josef Scharinger,JKU Linz,https://www.jku.at/en/institute-of-computational-perception/about-us/people/josef-scharinger,DSgdJYwAAAAJ,0000-0000-0000-0000
Josef Sivic,Czech Technical University,http://www.di.ens.fr/~josef,NCtKHnQAAAAJ,0000-0002-2554-5301
Josef Wideström,Chalmers/GU,https://www.chalmers.se/en/staff/Pages/josef-widestrom.aspx,NOSCHOLARPAGE,0000-0000-0000-0000
Josef van Genabith,Saarland University,https://www.dfki.de/web/ueber-uns/mitarbeiter/person/jova02,rl8S6a8AAAAJ,0000-0000-0000-0000
Josep Ramon Morros,Polytechnic Univ. of Catalonia,https://imatge.upc.edu/web/people/josep-ramon-morros,Eh5V620AAAAJ,0000-0000-0000-0000
Josep Solé-Pareta,Polytechnic Univ. of Catalonia,http://www.archive.es.aau.dk/dk/es-news-single-view/artikel/guest-lecture-by-prof-josep-sole-pareta-universitat-politecnica-de-catalunya-upc-spain,NOSCHOLARPAGE,0000-0002-9411-6308
Josep Torrellas,Univ. of Illinois at Urbana-Champaign,http://iacoma.cs.uiuc.edu/josep/torrellas.html,zdnAkgsAAAAJ,0000-0003-2595-5228
Josep-Lluis Larriba-Pey,Polytechnic Univ. of Catalonia,https://www.dama.upc.edu/en/the-team/Larridni.jpg/view,NOSCHOLARPAGE,0000-0000-0000-0000
Joseph (Seffi) Naor,Technion,http://www.cs.technion.ac.il/~naor,xGbDr7YAAAAJ,0009-0009-4234-9466
Joseph A. Konstan,University of Minnesota,http://konstan.umn.edu,PH4mytYAAAAJ,0000-0002-7788-2748
Joseph B. Evans,University of Kansas,https://www.ittc.ku.edu/~evans,wASXJvIAAAAJ,0000-0000-0000-0000
Joseph Beck,Worcester Polytechnic Institute,http://www.wpi.edu/academics/facultydir/jb7.html,-9kTKhMAAAAJ,0000-0000-0000-0000
Joseph Bonneau,New York University,http://jbonneau.com,Ko1bXSkAAAAJ,0000-0002-6349-0145
Joseph Boutros,Texas A&M at Qatar,http://www.josephboutros.org,lyjl3nMAAAAJ,0000-0002-6014-8328
Joseph Camp,Southern Methodist University,http://lyle.smu.edu/~camp,xe2AIQkAAAAJ,0000-0002-9307-1312
Joseph Campbell,Purdue University,https://joe-campbell.github.io,1NmM6OUAAAAJ,0000-0000-0000-0000
Joseph David Camp,Southern Methodist University,http://lyle.smu.edu/~camp,xe2AIQkAAAAJ,0000-0000-0000-0000
Joseph Devietti,University of Pennsylvania,https://www.cis.upenn.edu/~devietti,0o1C8ykAAAAJ,0000-0002-9330-7233
Joseph E. Beck,Worcester Polytechnic Institute,http://www.wpi.edu/academics/facultydir/jb7.html,-9kTKhMAAAAJ,0000-0000-0000-0000
Joseph E. Gonzalez,Univ. of California - Berkeley,http://www.cs.berkeley.edu/~jegonzal,gM2WW9UAAAAJ,0000-0003-2921-956X
Joseph E. Michaelis,University of Illinois at Chicago,https://cs.uic.edu/profiles/michaelis-joseph,4eFjSTIAAAAJ,0000-0003-3793-3659
Joseph Finney,Lancaster University,https://www.lancaster.ac.uk/scc/about-us/people/joe-finney,BVXKqI0AAAAJ,0000-0003-0805-5375
Joseph G. Davis,University of Sydney,http://www.cs.usyd.edu.au/~jdavis,XgG4TisAAAAJ,0000-0000-0000-0000
Joseph G. Peters,Simon Fraser University,http://www.sfu.ca/computing/people/faculty/JosephPeters.html,1CskssoAAAAJ,0000-0000-0000-0000
Joseph Gil,Technion,http://www.cs.technion.ac.il/~yogi,NOSCHOLARPAGE,0000-0000-0000-0000
Joseph Hallett,University of Bristol,https://research-information.bris.ac.uk/en/persons/joseph-hallett,oKKh88YAAAAJ,0000-0002-6146-9852
Joseph Hummel,University of Illinois at Chicago,https://www.cs.uic.edu/~jhummel,NOSCHOLARPAGE,0000-0000-0000-0000
Joseph Izraelevitz,University of Colorado Boulder,https://www.colorado.edu/faculty/izraelevitz,CtQUnFUAAAAJ,0009-0002-1267-5024
Joseph J. Boutros,Texas A&M at Qatar,http://www.josephboutros.org,lyjl3nMAAAAJ,0000-0000-0000-0000
Joseph J. LaViola,University of Central Florida,https://www.cs.ucf.edu/~jjl,kXZaMu8AAAAJ,0000-0003-1186-4130
Joseph J. LaViola Jr.,University of Central Florida,https://www.cs.ucf.edu/~jjl,kXZaMu8AAAAJ,0000-0000-0000-0000
Joseph J. Lim,KAIST,https://www.clvrai.com,jTnQTBoAAAAJ,0000-0000-0000-0000
Joseph Jaeger,Georgia Institute of Technology,https://faculty.cc.gatech.edu/~josephjaeger,r9K3MQwAAAAJ,0000-0002-4934-3405
Joseph Jay Williams,University of Toronto,http://www.josephjaywilliams.com,Gdow0U4AAAAJ,0000-0002-9122-5242
Joseph Jean Boutros,Texas A&M at Qatar,http://www.josephboutros.org,lyjl3nMAAAAJ,0000-0000-0000-0000
Joseph K. Kearney,University of Iowa,http://homepage.cs.uiowa.edu/~kearney,wKC0dwcAAAAJ,0000-0000-0000-0000
Joseph K. Liu,Monash University,https://research.monash.edu/en/persons/joseph-liu,GGe9ON8AAAAJ,0000-0001-6656-6240
Joseph Kee-Yin Ng,Hong Kong Baptist University,http://www.comp.hkbu.edu.hk/~jng,NOSCHOLARPAGE,0000-0001-8286-4344
Joseph Keshet,Technion,https://keshet.net.technion.ac.il,GoWgJ1AAAAAJ,0000-0003-2332-5783
Joseph L. Gabbard,Virginia Tech,https://me.vt.edu/people/faculty/gabbard-joseph.html,fHHHBRoAAAAJ,0000-0002-7488-676X
Joseph Maguire,University of Glasgow,http://www.josephmaguire.co.uk,NOSCHOLARPAGE,0000-0000-0000-0000
Joseph Malloch,Dalhousie University,https://www.dal.ca/faculty/computerscience/faculty-staff/joseph-malloch.html,iQa0leoAAAAJ,0000-0001-9684-2269
Joseph Mihaljevic,Northern Arizona University,https://nau.edu/siccs/faculty,pRvNhbAAAAAJ,0000-0003-2320-5773
Joseph N. Wilson,University of Florida,http://www.cise.ufl.edu/~jnw/test,BJAXIbQAAAAJ,0000-0000-0000-0000
Joseph Naor,Technion,http://www.cs.technion.ac.il/~naor,xGbDr7YAAAAJ,0009-0009-4234-9466
Joseph O'Hagan,University of Glasgow,https://www.gla.ac.uk/schools/computing/staff/josephohagan,74ue18MAAAAJ,0000-0003-2905-1584
Joseph P. Near,University of Vermont,https://www.uvm.edu/~jnear,v8JEPFgAAAAJ,0000-0002-3203-3742
Joseph Peters,Simon Fraser University,http://www.sfu.ca/computing/people/faculty/JosephPeters.html,1CskssoAAAAJ,0000-0000-0000-0000
Joseph R. Cavallaro,Rice University,http://cavallaro.rice.edu,yi-l0zkAAAAJ,0000-0000-0000-0000
Joseph S. B. Mitchell,Stony Brook University,https://www.cs.stonybrook.edu/people/faculty/josephmitchell,KICA5DoAAAAJ,0000-0000-0000-0000
Joseph S. Sventek,University of Oregon,https://www.cs.uoregon.edu/People/Faculty/Joe_Sventek.php,U_VRZucAAAAJ,0000-0000-0000-0000
Joseph Seering,KAIST,https://joseph.seering.org,FUWKkd0AAAAJ,0000-0001-7606-4711
Joseph T. Kider Jr.,University of Central Florida,https://www.josephkider.com,uQxgKlwAAAAJ,0000-0002-4818-115X
Joseph T. Lizier,University of Sydney,https://www.sydney.edu.au/engineering/about/our-people/academic-staff/joseph-lizier.html,QJwapBoAAAAJ,0000-0000-0000-0000
Joseph Tassarotti,New York University,https://cs.nyu.edu/~jt4767,zNvgsXAAAAAJ,0000-0001-5692-3347
Joseph Teran,Univ. of California - Davis,https://math.ucdavis.edu/~jteran,ksjNjEwAAAAJ,0009-0007-5067-2269
Joseph W. H. Liu,York University,http://eecs.lassonde.yorku.ca/faculty/joseph-w-h-liu,NOSCHOLARPAGE,0000-0000-0000-0000
Joseph W. Spencer,University of Liverpool,https://liverpool.ac.uk/electrical-engineering-and-electronics/staff/joseph-spencer,NOSCHOLARPAGE,0000-0000-0000-0000
Joseph Walton-Rivers,University of Essex,https://www.essex.ac.uk/people/walto64102/joseph-walton-rivers,wi9Z2rAAAAAJ,0000-0000-0000-0000
Joseph West,University of Melbourne,https://findanexpert.unimelb.edu.au/profile/880727-joe-west,oGQfI4sAAAAJ,0000-0000-0000-0000
Joseph Y. Halpern,Cornell University,https://www.cs.cornell.edu/home/halpern,FsBCAfgAAAAJ,0000-0002-9229-1663
Joseph Y.-T. Leung,NJIT,https://web.njit.edu/~leung,NOSCHOLARPAGE,0000-0000-0000-0000
Joseph Yossi Gil,Technion,http://www.cs.technion.ac.il/~yogi,NOSCHOLARPAGE,0000-0000-0000-0000
Josephine Wolff,Tufts University,https://engineering.tufts.edu/cs/people/faculty/josephine-wolff,3N_Hfd0AAAAJ,0000-0000-0000-0000
Josh Alman,Columbia University,http://joshalman.com,yyDMlesAAAAJ,0009-0002-2204-1359
Josh Bongard,University of Vermont,http://www.cs.uvm.edu/~jbongard,Dj-kPasAAAAJ,0000-0000-0000-0000
Josh C. Bongard,University of Vermont,http://www.cs.uvm.edu/~jbongard,Dj-kPasAAAAJ,0000-0000-0000-0000
Josh Dehlinger,Towson University,https://www.towson.edu/fcsm/departments/computerinfosci/facultystaff/jdehlinger.html,cT_f9fkAAAAJ,0000-0001-7543-694X
Josh McCoy,Univ. of California - Davis,https://faculty.engineering.ucdavis.edu/mccoy,pdSgBVQAAAAJ,0000-0000-0000-0000
Josh Murphy,King's College London,https://www.kcl.ac.uk/people/josh-murphy,ao4psAsAAAAJ,0000-0000-0000-0000
Josh Reiss,Queen Mary University of London,http://www.eecs.qmul.ac.uk/~josh,fVlS_EgAAAAJ,0009-0009-1441-3205
Joshua A. Grochow,University of Colorado Boulder,http://www.cs.colorado.edu/~jgrochow,CigslP0AAAAJ,0000-0002-6466-0476
Joshua A. Kroll,Naval Postgraduate School,https://www.jkroll.com,aFhtrsEAAAAJ,0000-0002-4079-2175
Joshua A. Levine,University of Arizona,https://jalevine.bitbucket.io,eYA1nLIAAAAJ,0000-0002-4302-1704
Joshua Allen McCoy,Univ. of California - Davis,https://faculty.engineering.ucdavis.edu/mccoy,pdSgBVQAAAAJ,0000-0000-0000-0000
Joshua Bakita,MBZUAI,https://mbzuai.ac.ae/study/faculty/joshua-bakita,9aU1aRcAAAAJ,0009-0007-2856-5774
Joshua Clifford Bongard,University of Vermont,http://www.cs.uvm.edu/~jbongard,Dj-kPasAAAAJ,0000-0000-0000-0000
Joshua D. Guttman,Worcester Polytechnic Institute,http://www.cs.wpi.edu/~guttman,UgTnZDwAAAAJ,0000-0002-7189-1758
Joshua D. Reiss,Queen Mary University of London,http://www.eecs.qmul.ac.uk/~josh,fVlS_EgAAAAJ,0000-0000-0000-0000
Joshua E. Siegel,Michigan State University,http://www.siegelautomation.com,Y7530HwAAAAJ,0000-0000-0000-0000
Joshua Ellul,University of Malta,http://staff.um.edu.mt/joshua.ellul,U757tgQAAAAJ,0000-0002-4796-5665
Joshua Eric Siegel,Michigan State University,http://www.siegelautomation.com,Y7530HwAAAAJ,0000-0000-0000-0000
Joshua Fried,University of Pennsylvania,https://joshfried.io,CLhbr5kAAAAJ,0000-0002-5761-3516
Joshua G. Tanenbaum,Univ. of California - Irvine,http://josh.thegeekmovement.com,rRJ9wTJMUB8C,0000-0000-0000-0000
Joshua Gancher,Northeastern University,https://gancher.dev,NOSCHOLARPAGE,0000-0003-2257-7073
Joshua Garcia,Univ. of California - Irvine,https://jgarcia.ics.uci.edu,lG-CdHEAAAAJ,0000-0002-1696-8783
Joshua I. Glaser,Northwestern University,https://glaserlab.github.io,tbfWCDgAAAAJ,0000-0000-0000-0000
Joshua J. Daymude,Arizona State University,https://search.asu.edu/profile/1903590,CQNOJjgAAAAJ,0000-0001-7294-5626
Joshua McCoy,Univ. of California - Davis,https://faculty.engineering.ucdavis.edu/mccoy,pdSgBVQAAAAJ,0000-0000-0000-0000
Joshua R. Smith 0001,University of Washington,https://sensor.cs.washington.edu,LnAus20AAAAJ,0000-0002-5331-4770
Joshua San Miguel,University of Wisconsin - Madison,http://jsm.ece.wisc.edu,ljErD0gAAAAJ,0000-0002-6886-7183
Joshua Siegel,Michigan State University,http://www.siegelautomation.com,Y7530HwAAAAJ,0000-0000-0000-0000
Joshua T. Vogelstein,Johns Hopkins University,https://jovo.me,DWPfdT4AAAAJ,0000-0000-0000-0000
Josiah Chavula,University of Cape Town,https://josiahchavula.com,jScKDq8AAAAJ,0000-0002-6774-7526
Josiah D. Hester,Georgia Institute of Technology,http://josiahhester.com/cv,EMYV8cEAAAAJ,0000-0002-1680-085X
Josiah Hanna,University of Wisconsin - Madison,https://www.cs.wisc.edu/staff/hanna-josiah,1iq4-MwAAAAJ,0000-0002-7411-0398
Josiah P. Hanna,University of Wisconsin - Madison,https://www.cs.wisc.edu/staff/hanna-josiah,1iq4-MwAAAAJ,0000-0000-0000-0000
Josiah Poon,University of Sydney,http://sydney.edu.au/engineering/people/josiah.poon.php,Q7U0O0gAAAAJ,0000-0003-3371-8628
Josva Kleist,Aalborg University,http://personprofil.aau.dk/104832?lang=en,NOSCHOLARPAGE,0000-0001-7143-2220
José A. B. Fortes,University of Florida,https://www.acis.ufl.edu/people/fortes,NOSCHOLARPAGE,0000-0000-0000-0000
José A. B. Gerald,Universidade de Lisboa,http://ieeexplore.ieee.org/document/7845358,NOSCHOLARPAGE,0000-0000-0000-0000
José A. Ramos,Nova Southeastern University,https://cec.nova.edu/faculty/ramos-jose.html,NOSCHOLARPAGE,0000-0000-0000-0000
José A. S. Monteiro,UFPE,http://www.di.ufpe.br/~suruagy,xCIQf-QAAAAJ,0000-0000-0000-0000
José Alberto R. P. Sardinha,PUC-RIO,https://www-di.inf.puc-rio.br/~sardinha/Publications.html,ki58SvAAAAAJ,0000-0002-5782-3142
José Alberto Rodrigues Pereira Sardinha,PUC-RIO,https://www-di.inf.puc-rio.br/~sardinha/Publications.html,ki58SvAAAAAJ,0000-0000-0000-0000
José Antonio Becerra,University of A Coruña,https://pdi.udc.es/es/File/Pdi/EU69E,QTPUBioAAAAJ,0000-0000-0000-0000
José Antonio Becerra Permuy,University of A Coruña,https://pdi.udc.es/es/File/Pdi/EU69E,QTPUBioAAAAJ,0000-0000-0000-0000
José António Beltran Gerald,Universidade de Lisboa,http://ieeexplore.ieee.org/document/7845358,NOSCHOLARPAGE,0000-0000-0000-0000
José Augusto Suruagy Monteiro,UFPE,http://www.di.ufpe.br/~suruagy,xCIQf-QAAAAJ,0000-0000-0000-0000
José Bento 0001,Boston College,http://www.jbento.net,8K6Z0lEAAAAJ,0000-0000-0000-0000
José Bento Ayres Pereira,Boston College,http://www.jbento.net,8K6Z0lEAAAAJ,0000-0000-0000-0000
José C. Monteiro,Universidade de Lisboa,http://algos.inesc-id.pt/~jcm,tkeh3OAAAAAJ,0000-0000-0000-0000
José Camacho-Collados,Cardiff University,https://www.cardiff.ac.uk/people/view/1178085-camacho-collados-jose,NP4KdQQAAAAJ,0000-0003-1618-7239
José Cano 0001,University of Glasgow,https://www.gla.ac.uk/schools/computing/staff/josecanoreyes,3Dne4xEAAAAJ,0000-0002-2243-389X
José Carlos Alves Pereira Monteiro,Universidade de Lisboa,http://algos.inesc-id.pt/~jcm,tkeh3OAAAAAJ,0000-0000-0000-0000
José Carlos Dafonte Vázquez,University of A Coruña,https://pdi.udc.es/en/File/Pdi/9K9AF,plU2iAkAAAAJ,0000-0000-0000-0000
José Dolz,ETS Montreal,https://www.etsmtl.ca/Professeurs/jdolz,yHQIFFMAAAAJ,0000-0000-0000-0000
José Elias C. Arroyo,Universidade Federal de Viçosa,http://www.dpi.ufv.br/~jarroyo,4Z4noW4AAAAJ,0000-0000-0000-0000
José Elias Claudio Arroyo,Universidade Federal de Viçosa,http://www.dpi.ufv.br/~jarroyo,4Z4noW4AAAAJ,0000-0000-0000-0000
José Elías C. Arroyo,Universidade Federal de Viçosa,http://www.dpi.ufv.br/~jarroyo,4Z4noW4AAAAJ,0000-0000-0000-0000
José F. Martínez,Cornell University,http://www.csl.cornell.edu/~martinez,f1CZknQAAAAJ,0000-0001-5451-5681
José F. Morales,IMDEA Software Institute,http://software.imdea.org/people/josef.morales,DZOdfUIAAAAJ,0000-0000-0000-0000
José F. Rodrigues Jr.,USP-ICMC,http://conteudo.icmc.usp.br/pessoas/junio/Site/index.htm,2ekgPGkAAAAJ,0000-0000-0000-0000
José Fernando Alves da Silva,Universidade de Lisboa,https://fenix.tecnico.ulisboa.pt/downloadFile/1126518382134006/fernandos.html,NOSCHOLARPAGE,0000-0000-0000-0000
José Fernando Rodrigues Jr.,USP-ICMC,http://conteudo.icmc.usp.br/pessoas/junio/Site/index.htm,2ekgPGkAAAAJ,0000-0000-0000-0000
José Fernando Silva,Universidade de Lisboa,https://fenix.tecnico.ulisboa.pt/downloadFile/1126518382134006/fernandos.html,NOSCHOLARPAGE,0000-0000-0000-0000
José Ferreira de Rezende,UFRJ,http://www.cos.ufrj.br/index.php/pt-BR/pessoas/details/18/2306-rezende,G6UXKicAAAAJ,0000-0000-0000-0000
José Fragoso Santos,Universidade de Lisboa,http://web.ist.utl.pt/jose.fragoso,5buWYbcAAAAJ,0000-0001-5077-300X
José Francisco Morales,IMDEA Software Institute,http://software.imdea.org/people/josef.morales,DZOdfUIAAAAJ,0000-0000-0000-0000
José G. Delgado-Frias,Washington State University,http://www.eecs.wsu.edu/~jdelgado,NOSCHOLARPAGE,0000-0002-7026-9991
José Gustavo de Souza Paiva,UFU,http://www.facom.ufu.br/~jgustavo,k0MT90YAAAAJ,0000-0000-0000-0000
José Júlio Alferes,Universidade NOVA de Lisboa,https://userweb.fct.unl.pt//~jja,_AAJe1sAAAAJ,0000-0000-0000-0000
José L. Abellán,University of Murcia,https://sites.google.com/view/jlabellan,pvuLntsAAAAJ,0000-0003-3550-720X
José Legatheaux Martins,Universidade NOVA de Lisboa,http://legatheaux.eu,jWrKqacAAAAJ,0000-0000-0000-0000
José Losada,University of A Coruña,https://pdi.udc.es/en/File/Pdi/DJ5HF,NOSCHOLARPAGE,0000-0000-0000-0000
José Luis Abellán Miguel,University of Murcia,https://sites.google.com/view/jlabellan,pvuLntsAAAAJ,0000-0000-0000-0000
José Luis Borbinha,Universidade de Lisboa,http://joslusborbinha.cgpublisher.com/product/pub.222/prod.27,NOSCHOLARPAGE,0000-0000-0000-0000
José Luis Brinquete Borbinha,Universidade de Lisboa,http://joslusborbinha.cgpublisher.com/product/pub.222/prod.27,NOSCHOLARPAGE,0000-0000-0000-0000
José Luis Rojo-Álvarez,Universidad Rey Juan Carlos,https://gestion2.urjc.es/pdi/ver/joseluis.rojo,KaBeaJwAAAAJ,0000-0003-0426-8912
José M. Barceló,Polytechnic Univ. of Catalonia,http://compnet.ac.upc.edu/intranet/?q=node/169,NOSCHOLARPAGE,0000-0000-0000-0000
José M. Barceló-Ordinas,Polytechnic Univ. of Catalonia,http://compnet.ac.upc.edu/intranet/?q=node/169,NOSCHOLARPAGE,0000-0002-9738-2425
José M. Cela,Polytechnic Univ. of Catalonia,https://www.bsc.es/about-bsc/staff-directory/cela-espin-jose-maria,QJWbGSEAAAAJ,0000-0002-0122-1468
José M. García 0001,University of Murcia,http://webs.um.es/jmgarcia/miwiki/doku.php,QzRE5OIAAAAJ,0000-0000-0000-0000
José M. Juarez,University of Murcia,http://webs.um.es/jmjuarez,cCDpQu4AAAAJ,0000-0000-0000-0000
José M. Llabería,Polytechnic Univ. of Catalonia,https://www.ac.upc.edu/en/content/llaberia,NOSCHOLARPAGE,0000-0002-3753-4108
José M. Tribolet,Universidade de Lisboa,https://fenix.tecnico.ulisboa.pt/homepage/ist10876,dzslQ5MAAAAJ,0000-0000-0000-0000
José M. Vidal,University of South Carolina,http://jmvidal.cse.sc.edu,pKs-384AAAAJ,0000-0000-0000-0000
José Manuel Cadenas,University of Murcia,http://www.diic.um.es/~jcadenas,GPMpqNkAAAAJ,0000-0000-0000-0000
José Manuel García Carrasco,University of Murcia,http://webs.um.es/jmgarcia/miwiki/doku.php,QzRE5OIAAAAJ,0000-0000-0000-0000
José Manuel Vázquez-Naya,University of A Coruña,https://pdi.udc.es/es/File/Pdi/HE9JF,4RFnlZ0AAAAJ,0000-0000-0000-0000
José Marcos S. Nogueira,UFMG,http://homepages.dcc.ufmg.br/~jmarcos,SmuqzcYAAAAJ,0000-0002-1095-6714
José Marcos Silva Nogueira,UFMG,http://homepages.dcc.ufmg.br/~jmarcos,SmuqzcYAAAAJ,0000-0000-0000-0000
José Maria Barceló-Ordinas,Polytechnic Univ. of Catalonia,http://compnet.ac.upc.edu/intranet/?q=node/169,NOSCHOLARPAGE,0000-0000-0000-0000
José María Cela,Polytechnic Univ. of Catalonia,https://www.bsc.es/about-bsc/staff-directory/cela-espin-jose-maria,QJWbGSEAAAAJ,0000-0002-0122-1468
José María Llabería,Polytechnic Univ. of Catalonia,https://www.ac.upc.edu/en/content/llaberia,NOSCHOLARPAGE,0000-0002-3753-4108
José Mennesson,CRIStAL,https://www.cristal.univ-lille.fr/profil/mennesso,GZUxAm4AAAAJ,0000-0000-0000-0000
José Meseguer 0001,Univ. of Illinois at Urbana-Champaign,http://formal.cs.illinois.edu/meseguer,KZFo7ZkAAAAJ,0000-0000-0000-0000
José Miguel Hernández-Lobato,University of Cambridge,http://jmhl.org,BEBccCQAAAAJ,0000-0000-0000-0000
José Monteiro 0001,Universidade de Lisboa,http://algos.inesc-id.pt/~jcm,tkeh3OAAAAAJ,0000-0003-0603-2268
José N. Amaral,University of Alberta,https://webdocs.cs.ualberta.ca/~amaral,NOSCHOLARPAGE,0000-0000-0000-0000
José Nelson Amaral,University of Alberta,https://webdocs.cs.ualberta.ca/~amaral,NOSCHOLARPAGE,0000-0000-0000-0000
José Nicoletti Junior,UFRGS,https://www.inf.ufrgs.br/site/docente/jose-nicoletti-junior,NOSCHOLARPAGE,0000-0000-0000-0000
José Oramas,University of Antwerp,https://www.uantwerpen.be/en/staff/jose-oramas,FurBYlUAAAAJ,0000-0002-8607-5067
José Oramas M.,University of Antwerp,https://www.uantwerpen.be/en/staff/jose-oramas,FurBYlUAAAAJ,0000-0002-8607-5067
José Oramas Mogrovejo,University of Antwerp,https://www.uantwerpen.be/en/staff/jose-oramas,FurBYlUAAAAJ,0000-0000-0000-0000
José Palazzo M. de Oliveira,UFRGS,http://www.inf.ufrgs.br/~palazzo,8Xw1b6oAAAAJ,0000-0000-0000-0000
José Palazzo Moreira de Oliveira,UFRGS,http://www.inf.ufrgs.br/~palazzo,8Xw1b6oAAAAJ,0000-0000-0000-0000
José R. A. Torreão,UFF,http://www2.ic.uff.br/~jrat,NOSCHOLARPAGE,0000-0000-0000-0000
José R. Herrero,Polytechnic Univ. of Catalonia,http://people.ac.upc.edu/josepr,Oh_8yhkAAAAJ,0000-0000-0000-0000
José R. Paramá,University of A Coruña,https://lbd.udc.es/ShowResearcherInformation.do?id=4,IPUq99gAAAAJ,0000-0002-8727-0980
José Ramon Herrero,Polytechnic Univ. of Catalonia,http://people.ac.upc.edu/josepr,Oh_8yhkAAAAJ,0000-0000-0000-0000
José Rodrigo Azambuja,UFRGS,https://www.inf.ufrgs.br/site/docente/jose-rodrigo-furlanetto-de-azambuja,3RnxuDUAAAAJ,0000-0000-0000-0000
José Rouco,University of A Coruña,https://pdi.udc.es/en/File/Pdi/TF32G,t0sZV6AAAAAJ,0000-0000-0000-0000
José Rouillard,CRIStAL,http://www.cristal.univ-lille.fr/~rouillar,G7AtV2oAAAAJ,0000-0000-0000-0000
José Rufino,Universidade de Lisboa,https://ciencias.ulisboa.pt/perfil/jmrufino,phen2ukAAAAJ,0000-0000-0000-0000
José Santos Reyes,University of A Coruña,https://www.dc.fi.udc.es/ai/~santos,NOSCHOLARPAGE,0000-0000-0000-0000
José Santos-Victor,Universidade de Lisboa,http://users.isr.ist.utl.pt/~jasv,ZMuNAXQAAAAJ,0000-0002-9036-1728
José T. Hernández,Universidad de los Andes,http://imagine.uniandes.edu.co,-gUUc7oAAAAJ,0000-0000-0000-0000
José Tiberio Hernández,Universidad de los Andes,http://imagine.uniandes.edu.co,-gUUc7oAAAAJ,0000-0000-0000-0000
José Tiberio Hernández Peñaloza,Universidad de los Andes,http://imagine.uniandes.edu.co,-gUUc7oAAAAJ,0000-0000-0000-0000
José Tribolet,Universidade de Lisboa,https://fenix.tecnico.ulisboa.pt/homepage/ist10876,dzslQ5MAAAAJ,0000-0003-1903-4561
José Valdeni de Lima,UFRGS,https://www.inf.ufrgs.br/site/docente/jose-valdeni-de-lima,0ROMJ0YAAAAJ,0000-0000-0000-0000
José Viterbo,UFF,http://www.ic.uff.br/index.php/en-GB/people/317-faculty-ic?docente=36,twAYAPsAAAAJ,0000-0000-0000-0000
José Viterbo Filho,UFF,http://www.ic.uff.br/index.php/en-GB/people/317-faculty-ic?docente=36,twAYAPsAAAAJ,0000-0000-0000-0000
Jouko Lampinen,Aalto University,https://people.aalto.fi/new/jouko.lampinen,Hk0Q8TkAAAAJ,0000-0000-0000-0000
Jovan Stojkovic,University of Texas at Austin,https://jovans2.github.io,1BcJ5ZAAAAAJ,0009-0007-4914-336X
Jovita Lukasik,University of Siegen,https://www.vsa.informatik.uni-siegen.de/en/lukasik-jovita-0,TpsZenwAAAAJ,0000-0003-4243-9188
Joxan Jaffar,National University of Singapore,https://www.comp.nus.edu.sg/~joxan,TElUKBYAAAAJ,0000-0001-9988-6144
Joy Arulraj,Georgia Institute of Technology,https://www.cc.gatech.edu/~jarulraj,rp8dOfAAAAAJ,0000-0002-7706-6978
Joy Dutta,KIIT Bhubaneswar,https://cse.kiit.ac.in/profiles/joy-dutta,Mzs5Bx4AAAAJ,0000-0000-0000-0000
Joyce C. Ho,Emory University,https://joyceho.github.io,DrUBb5sAAAAJ,0000-0001-9168-3916
Joyce Chai,University of Michigan,https://web.eecs.umich.edu/~chaijy,9BXK9HwAAAAJ,0000-0002-9658-2230
Joyce El Haddad,Université Paris Dauphine,https://joyceelhaddad.github.io,25Ql8KwAAAAJ,0000-0002-2709-2430
Joyce Jiyoung Whang,KAIST,http://bdi-lab.kaist.ac.kr,TLrKglQAAAAJ,0000-0002-4773-3194
Joyce Y. Chai,University of Michigan,https://web.eecs.umich.edu/~chaijy,9BXK9HwAAAAJ,0000-0000-0000-0000
Joyce Yue Chai,University of Michigan,https://web.eecs.umich.edu/~chaijy,9BXK9HwAAAAJ,0000-0000-0000-0000
Joydeep Biswas,University of Texas at Austin,https://joydeepb.com,f28F1YUAAAAJ,0000-0002-1211-1731
Joydeep Chandra,IIT Patna,https://iitp.ac.in/index.php/departments/computer-center/people/head/705-dr-joydeep-chandra.html,_MaLUpIAAAAJ,0000-0001-5994-9024
Joyram Chakraborty,Towson University,https://www.towson.edu/fcsm/departments/computerinfosci/facultystaff/jchakraborty.html,f2xPyYoAAAAJ,0000-0001-6569-6625
Jozef Gruska,Masaryk University,https://www.muni.cz/en/people/3026,NOSCHOLARPAGE,0000-0000-0000-0000
Jozef Hooman,Radboud University,http://www.cs.ru.nl/~hooman,1n90LpsAAAAJ,0000-0000-0000-0000
Jozef Pieprzyk,IPI PAN,https://ipipan.waw.pl/instytut/pracownicy/jozef-pieprzyk,fTkTBxcAAAAJ,0000-0000-0000-0000
Jozsef Csicsvari,IST Austria,https://ist.ac.at/research/research-groups/csicsvari-group,NOSCHOLARPAGE,0000-0000-0000-0000
João Alexandre Leite,Universidade NOVA de Lisboa,https://userweb.fct.unl.pt//~jleite,ReF98QcAAAAJ,0000-0000-0000-0000
João Araújo 0001,Universidade NOVA de Lisboa,https://docentes.fct.unl.pt/p191,tP9cyo0AAAAJ,0000-0001-5914-1631
João Barreto 0001,Universidade de Lisboa,https://www.dpss.inesc-id.pt/~jpbarreto,NOSCHOLARPAGE,0000-0002-0726-2025
João Batista Neto,USP-ICMC,http://conteudo.icmc.usp.br/pessoas/jbatista,NOSCHOLARPAGE,0000-0000-0000-0000
João Bimbo,Universidade de Lisboa,https://ciencias.ulisboa.pt/perfil/jmbimbo,jjX9JIQAAAAJ,0000-0002-4720-9026
João Coelho Garcia,Universidade de Lisboa,http://www.gsd.inesc-id.pt/~jog,hYb5gDYAAAAJ,0000-0000-0000-0000
João Comba,UFRGS,http://www.inf.ufrgs.br/~comba,jyeX-1sAAAAJ,0000-0003-2921-2130
João Costa Seco,Universidade NOVA de Lisboa,https://docentes.fct.unl.pt/jrcs,EPFxA8YAAAAJ,0000-0002-2840-3966
João Dias,Universidade de Lisboa,https://pt-br.facebook.com/public/Joao-Dias/school/fac.ciencias.ul,NOSCHOLARPAGE,0000-0000-0000-0000
João Dias Pereira,Universidade de Lisboa,http://ihc.fcsh.unl.pt/pt/ihc/investigadores/item/1161-jdpereira,IREJZj4AAAAJ,0000-0000-0000-0000
João Eduardo Ferreira,USP,http://www.ime.usp.br/~jef,wR2O6I0AAAAJ,0000-0001-9607-2014
João F. Ferreira 0001,Universidade de Lisboa,https://joaoff.com,WurhenEAAAAJ,0000-0002-6612-9013
João Fernando Ferreira,Universidade de Lisboa,https://joaoff.com,WurhenEAAAAJ,0000-0000-0000-0000
João Garcia 0001,Universidade de Lisboa,http://www.gsd.inesc-id.pt/~jog,hYb5gDYAAAAJ,0000-0002-6820-6449
João Guerreiro 0002,Universidade de Lisboa,http://joaoguerreiro.net,Cf5OKPgAAAAJ,0000-0002-0952-8368
João Henrique de Souza Pereira,UFU,http://www.portal.facom.ufu.br/node/420,NOSCHOLARPAGE,0000-0000-0000-0000
João Leite 0001,Universidade NOVA de Lisboa,https://userweb.fct.unl.pt//~jleite,ReF98QcAAAAJ,0000-0001-6786-7360
João Leitão 0001,Universidade NOVA de Lisboa,http://asc.di.fct.unl.pt/~jleitao,j1676F4AAAAJ,0000-0001-7916-980X
João Lourenço,Universidade NOVA de Lisboa,https://docentes.fct.unl.pt/joao-lourenco,8aN-HtMAAAAJ,0000-0000-0000-0000
João Luiz Dihl Comba,UFRGS,http://www.inf.ufrgs.br/~comba,jyeX-1sAAAAJ,0000-0003-2921-2130
João Luís Garcia Rosa,USP-ICMC,http://conteudo.icmc.usp.br/pessoas/joaoluis,YsO1rOUAAAAJ,0000-0000-0000-0000
João M. Lemos,Universidade de Lisboa,https://fenix.tecnico.ulisboa.pt/homepage/ist11886,NOSCHOLARPAGE,0000-0000-0000-0000
João M. Lourenço,Universidade NOVA de Lisboa,https://docentes.fct.unl.pt/joao-lourenco,8aN-HtMAAAAJ,0000-0000-0000-0000
João M. Pereira 0001,Universidade de Lisboa,http://lisboa.academia.edu/Jo%C3%A3oMadeirasPereira,kNDBE9kAAAAJ,0000-0000-0000-0000
João Madeiras Pereira,Universidade de Lisboa,http://lisboa.academia.edu/Jo%C3%A3oMadeirasPereira,kNDBE9kAAAAJ,0000-0002-8120-7649
João Magalhães,Universidade NOVA de Lisboa,http://ctp.di.fct.unl.pt/~jmag,P6fBAXMAAAAJ,0000-0001-6290-5719
João Marcelo X. N. Teixeira,UFPE,http://www.cin.ufpe.br/voxarlabs,CQNizNEAAAAJ,0000-0000-0000-0000
João Marcelo Xavier Natario Teixeira,UFPE,http://www.cin.ufpe.br/voxarlabs,CQNizNEAAAAJ,0000-0000-0000-0000
João Marcelo Xavier Natário Teixeira,UFPE,http://www.cin.ufpe.br/voxarlabs,CQNizNEAAAAJ,0000-0000-0000-0000
João Marques-Silva 0001,Universidade de Lisboa,https://ciencias.ulisboa.pt/perfil/jpmsilva,1b9hppwAAAAJ,0000-0002-6632-3086
João Meidanis,UNICAMP,http://www.ic.unicamp.br/~meidanis,sIl4QTcAAAAJ,0000-0001-7878-4990
João Miranda Lemos,Universidade de Lisboa,https://fenix.tecnico.ulisboa.pt/homepage/ist11886,NOSCHOLARPAGE,0000-0000-0000-0000
João Nuno de Oliveira e Silva,Universidade de Lisboa,https://fenix.tecnico.ulisboa.pt/homepage/ist14028,NOSCHOLARPAGE,0000-0000-0000-0000
João P. Carvalho 0001,Universidade de Lisboa,https://www.l2f.inesc-id.pt/wiki/index.php/Jo%C3%A3o_Paulo_Carvalho,zLdsnkQAAAAJ,0000-0000-0000-0000
João P. Marques Silva,Universidade de Lisboa,https://ciencias.ulisboa.pt/perfil/jpmsilva,1b9hppwAAAAJ,0000-0002-6632-3086
João Paulo Cacho Teixeira,Universidade de Lisboa,http://www.garrigues.com/pt-PT/team/joao-paulo-teixeira-de-matos,uWKuWmgAAAAJ,0000-0000-0000-0000
João Paulo Carvalho 0001,Universidade de Lisboa,https://www.l2f.inesc-id.pt/wiki/index.php/Jo%C3%A3o_Paulo_Carvalho,zLdsnkQAAAAJ,0000-0003-0005-8299
João Paulo Costeira,Universidade de Lisboa,http://welcome.isr.tecnico.ulisboa.pt/author/joaopaulosalgadoarriscado,Xi33QRIAAAAJ,0000-0001-6769-2935
João Paulo Neto,Universidade de Lisboa,https://fenix.tecnico.ulisboa.pt/homepage/ist13220,NOSCHOLARPAGE,0000-0002-1207-3536
João Paulo Teixeira,Universidade de Lisboa,http://www.garrigues.com/pt-PT/team/joao-paulo-teixeira-de-matos,uWKuWmgAAAAJ,0000-0000-0000-0000
João Paulo da Silva Neto,Universidade de Lisboa,https://fenix.tecnico.ulisboa.pt/homepage/ist13220,NOSCHOLARPAGE,0000-0000-0000-0000
João Pedro Barreto 0002,Universidade de Lisboa,https://www.dpss.inesc-id.pt/~jpbarreto,NOSCHOLARPAGE,0000-0002-0726-2025
João Pereira 0001,Universidade de Lisboa,http://lisboa.academia.edu/Jo%C3%A3oMadeirasPereira,kNDBE9kAAAAJ,0000-0002-8120-7649
João Pereira 0002,Universidade de Lisboa,http://ihc.fcsh.unl.pt/pt/ihc/investigadores/item/1161-jdpereira,IREJZj4AAAAJ,0000-0000-0000-0000
João Porto de Albuquerque,USP-ICMC,http://icmc.usp.br/pessoas?id=12735561,O0p2PRoAAAAJ,0000-0000-0000-0000
João Rasga,Universidade de Lisboa,https://fenix.tecnico.ulisboa.pt/homepage/ist14184,teFGWr4AAAAJ,0000-0002-1239-8496
João Rebelo Moreira,University of Twente,https://research.utwente.nl/en/persons/4cddf52f-3847-4e0a-9d3f-5da746a05ca8,gshu1-cAAAAJ,0000-0000-0000-0000
João Ribeiro 0002,Universidade NOVA de Lisboa,https://sites.google.com/site/joaorib94,_v-WdQUAAAAJ,0000-0002-9870-0501
João Ricardo Silva,Universidade de Lisboa,https://ciencias.ulisboa.pt/perfil/jrsilva,FLVyMLcAAAAJ,0000-0000-0000-0000
João Santana,Universidade de Lisboa,http://lisboa.academia.edu/JoaoSantanaLopes,p1jACvsAAAAJ,0000-0000-0000-0000
João Silva 0004,Universidade de Lisboa,https://ciencias.ulisboa.pt/perfil/jrsilva,FLVyMLcAAAAJ,0000-0000-0000-0000
João do E. S. Batista Neto,USP-ICMC,http://conteudo.icmc.usp.br/pessoas/jbatista,NOSCHOLARPAGE,0000-0000-0000-0000
Joël Goossens,Université libre de Bruxelles,http://beams.ulb.ac.be/users/jo%C3%ABl-goossens,jTzDAsIAAAAJ,0000-0001-9524-8911
Joël Lefebvre,Université du Québec à Montréal,https://joel-lefebvre.uqam.ca,vPnYJ34AAAAJ,0000-0002-6652-2130
Joël M. H. Karel,Maastricht University,https://dke.maastrichtuniversity.nl/joel.karel,QDYgJMEAAAAJ,0000-0000-0000-0000
Joël Ouaknine [SWS],Max Planck Society,https://people.mpi-sws.org/~joel,ZfE4iQ4AAAAJ,0000-0000-0000-0000
Joël Porquet-Lupine,Univ. of California - Davis,https://cs.ucdavis.edu/directory/joel-porquet-lupine,hyHs8joAAAAJ,0000-0003-4634-2877
Ju Fan,Renmin University of China,http://iir.ruc.edu.cn/~fanj,nl8dmycAAAAJ,0000-0003-4729-9903
Ju Ren 0001,Tsinghua University,https://juren1987.github.io,QvqnU8wAAAAJ,0000-0003-2782-183X
Ju Sun,University of Minnesota,https://sunju.org,V6FaD-UAAAAJ,0000-0002-2017-5903
Ju Wang 0003,Northwest University,https://faculty.nwu.edu.cn/ju/en/index.htm,NOSCHOLARPAGE,0000-0001-8026-9787
Ju-yeon Jo,University of Nevada Las Vegas,http://joj5.faculty.unlv.edu,hqccsn8AAAAJ,0000-0000-0000-0000
Juan A. Botía,University of Murcia,http://webs.um.es/juanbot/miwiki/doku.php,IFiSPE4AAAAJ,0000-0000-0000-0000
Juan A. Botía Blaya,University of Murcia,http://webs.um.es/juanbot/miwiki/doku.php,IFiSPE4AAAAJ,0000-0000-0000-0000
Juan A. Fraire,Universidad Nacional de Córdoba,https://depend.cs.uni-saarland.de/~jfraire,YXq56tgAAAAJ,0000-0001-9816-6989
Juan A. Garay,Texas A&M University,https://engineering.tamu.edu/cse/profiles/garay-juan.html,pOCh6eAAAAAJ,0000-0003-0366-7110
Juan A. Sánchez-Laguna,University of Murcia,https://ants.inf.um.es/staff/jlaguna,Ka4v6PIAAAAJ,0000-0000-0000-0000
Juan Andres Fraire,Universidad Nacional de Córdoba,https://depend.cs.uni-saarland.de/~jfraire,YXq56tgAAAAJ,0000-0000-0000-0000
Juan Ares,University of A Coruña,https://pdi.udc.es/en/File/Pdi/P679E,NOSCHOLARPAGE,0000-0000-0000-0000
Juan Ares Casal,University of A Coruña,https://pdi.udc.es/en/File/Pdi/P679E,NOSCHOLARPAGE,0000-0000-0000-0000
Juan C. Caicedo,University of Wisconsin - Madison,https://datascience.wisc.edu/staff/caicedo-juan,U50zLvkAAAAJ,0000-0002-1277-4631
Juan Caballero,IMDEA Software Institute,http://software.imdea.org/people/juan.caballero,6QjUClkAAAAJ,0000-0003-2962-1348
Juan Cao 0001,Chinese Academy of Sciences,https://people.ucas.ac.cn/~caojuan,fSBdNg0AAAAJ,0000-0003-4256-6830
Juan Carlos Augusto,Middlesex University,https://www.jcaugusto.com,cmpf-gkAAAAJ,0000-0002-0321-9150
Juan Carlos Cruellas,Polytechnic Univ. of Catalonia,http://engineering.academickeys.com/browse_whoswho_by_institution/Polytechnic_University_of_Catalonia?sort=lname&start=74,NOSCHOLARPAGE,0000-0000-0000-0000
Juan Cui,University of Nebraska,http://cse.unl.edu/~jcui,lLmMKb0AAAAJ,0000-0001-6581-6850
Juan E. Gilbert,University of Florida,https://www.cise.ufl.edu/people/faculty/jgilbert,FKbHXRUAAAAJ,0000-0002-6801-2206
Juan J. Navarro,Polytechnic Univ. of Catalonia,https://www.dama.upc.edu/en/publications,tHcK36UAAAAJ,0000-0000-0000-0000
Juan J. Romero Cardalda,University of A Coruña,https://pdi.udc.es/en/File/Pdi/9D9AF,NOSCHOLARPAGE,0000-0000-0000-0000
Juan Jesús Romero Cardalda,University of A Coruña,https://pdi.udc.es/en/File/Pdi/9D9AF,NOSCHOLARPAGE,0000-0000-0000-0000
Juan José Moreno-Navarro,IMDEA Software Institute,https://software.imdea.org/people/juanjose.moreno,qQ5dAdwAAAAJ,0000-0000-0000-0000
Juan L. Aragón,University of Murcia,http://ditec.um.es/~jlaragon,iRoda2IAAAAJ,0000-0002-4955-7235
Juan L. Reutter,UC Chile,https://jreutter.sitios.ing.uc.cl,WHug6IAAAAAJ,0000-0002-2186-0312
Juan Liu 0007,Wuhan University,https://cs.whu.edu.cn/info/1019/2890.htm,YXLdpNIAAAAJ,0000-0000-0000-0000
Juan Luo,Hunan University,http://csee.hnu.edu.cn/people/luojuan,NOSCHOLARPAGE,0000-0002-0858-427X
Juan M. Banda,Georgia State University,http://www.jmbanda.com,lCgSjYAAAAAJ,0000-0000-0000-0000
Juan M. Cebrian,University of Murcia,https://webs.um.es/jcebrian,paUsMTEAAAAJ,0000-0002-3731-9301
Juan P. Galeotti,University of Buenos Aires,http://lafhis.dc.uba.ar/en/~jgaleotti,xeL-QIoAAAAJ,0000-0000-0000-0000
Juan Pablo Bello,New York University,https://engineering.nyu.edu/faculty/juan-pablo-bello,PMHXcoAAAAAJ,0000-0001-8561-5204
Juan Pablo Galeotti,University of Buenos Aires,http://lafhis.dc.uba.ar/en/~jgaleotti,xeL-QIoAAAAJ,0000-0000-0000-0000
Juan Pablo Hourcade,University of Iowa,https://www.cs.uiowa.edu/~hourcade,HLv0dl0AAAAJ,0000-0002-4627-9743
Juan Pablo Sandoval Alcocer,UC Chile,https://www.ing.uc.cl/academicos-e-investigadores/juan-pablo-sandoval-alcocer,hXSNrdcAAAAJ,0000-0002-8335-4351
Juan R. Rabuñal,University of A Coruña,https://pdi.udc.es/en/File/Pdi/9299E,JoKdcZwAAAAJ,0000-0002-1253-4419
Juan Ramón Rabuñal,University of A Coruña,https://pdi.udc.es/en/File/Pdi/9299E,JoKdcZwAAAAJ,0000-0000-0000-0000
Juan Raposo,University of A Coruña,https://pdi.udc.es/es/File/Pdi/S429E,NOSCHOLARPAGE,0000-0000-0000-0000
Juan Ye,University of St Andrews,https://sites.google.com/site/juanyeresearch,g2K5ofYAAAAJ,0000-0002-2838-6836
Juan Zhai,Univ. of Massachusetts Amherst,https://people.cs.umass.edu/~juanzhai,sq0OCfwAAAAJ,0000-0001-5017-8016
Juan-Ramón López,University of A Coruña,https://lbd.udc.es/ShowResearcherInformation.do?id=14,SashQSIAAAAJ,0000-0000-0000-0000
Juan-Zi Li,Tsinghua University,http://keg.cs.tsinghua.edu.cn/persons/ljz,NOSCHOLARPAGE,0000-0000-0000-0000
Juanjuan Lu,ShanghaiTech University,https://juanjuanlu.wordpress.com,xWxOC3UAAAAJ,0000-0000-0000-0000
Juanzi Li,Tsinghua University,http://keg.cs.tsinghua.edu.cn/persons/ljz,NOSCHOLARPAGE,0000-0002-6244-0664
Juba Ziani,Georgia Institute of Technology,https://www.juba-ziani.com,1bwPKXpo97YC,0000-0002-3324-4349
Judi McCuaig,University of Guelph,https://www.uoguelph.ca/computing/people/judi-mccuaig,NOSCHOLARPAGE,0009-0007-9934-0564
Judith Good,University of Sussex,http://www.sussex.ac.uk/informatics/people/peoplelists/person/174826,jp3e_gMAAAAJ,0000-0002-8317-9346
Judith J. Azcarraga,De La Salle University,https://www.dlsu.edu.ph/colleges/ccs/faculty-profile/single/?id=32742696285&command=GETPROFILE,NOSCHOLARPAGE,0000-0000-0000-0000
Judith Jumig Azcarraga,De La Salle University,https://www.dlsu.edu.ph/colleges/ccs/faculty-profile/single/?id=32742696285&command=GETPROFILE,NOSCHOLARPAGE,0000-0000-0000-0000
Judith Kelner,UFPE,https://www.cin.ufpe.br/~jk,flG1Hw4AAAAJ,0000-0000-0000-0000
Judith Masthoff,University of Aberdeen,https://www.abdn.ac.uk/people/j.masthoff,6-pMnb0AAAAJ,0000-0001-8099-0515
Judith S. Olson,Univ. of California - Irvine,https://judithsolson.com,xfwOz_kAAAAJ,0000-0000-0000-0000
Judith Sheard,Monash University,https://research.monash.edu/en/persons/judithe-sheard,-z0tqwMAAAAJ,0000-0000-0000-0000
Judith Simon,University of Hamburg,https://www.inf.uni-hamburg.de/en/inst/ab/eit/team/simon.html,NOSCHOLARPAGE,0000-0000-0000-0000
Judith Uchidiuno,Georgia Institute of Technology,https://judithu.com,n6zdTxUAAAAJ,0000-0001-6810-1383
Judithe Sheard,Monash University,https://research.monash.edu/en/persons/judithe-sheard,-z0tqwMAAAAJ,0000-0002-4179-8149
Judy Bowen,University of Waikato,http://www.cs.waikato.ac.nz/~jbowen,XIaYOU8AAAAJ,0000-0003-2815-8267
Judy Day,University of Tennessee,http://www.math.utk.edu/~judyday,OCTyT5YAAAAJ,0000-0002-6544-1355
Judy Goldsmith,University of Kentucky,http://www.cs.uky.edu/~goldsmit,3bhoIywAAAAJ,0000-0002-8383-5390
Judy Hoffman,Univ. of California - Irvine,https://jhoffman.github.io,mqpjAt4AAAAJ,0000-0003-1971-1606
Judy Kay,University of Sydney,https://www.sydney.edu.au/engineering/about/our-people/academic-staff/judy-kay.html,4lr4HzgAAAAJ,0000-0001-6728-2768
Judy Qiu,Indiana University,http://www.cs.indiana.edu/~xqiu,0w0Dy34AAAAJ,0000-0000-0000-0000
Judy Robertson,University of Edinburgh,http://www.inf.ed.ac.uk/people/staff/Judy_Robertson.html,6Q8A34MAAAAJ,0000-0002-4663-5365
Judy Sheard,Monash University,https://research.monash.edu/en/persons/judithe-sheard,-z0tqwMAAAAJ,0000-0002-4179-8149
Jue Xie,Monash University,http://monash.edu/research/explore/en/persons/jue-xie(2ed5abee-ea19-415f-92ea-294053aae283).html,J8X_9JAAAAAJ,0000-0003-4549-1627
Juergen Dingel,Queen’s University,http://www.cs.queensu.ca/~dingel,MZggB6kAAAAJ,0000-0002-4478-9782
Juergen Gall,University of Bonn,https://pages.iai.uni-bonn.de/gall_juergen,1CLaPMEAAAAJ,0000-0000-0000-0000
Juergen Rilling,Concordia University,http://www.rilling.ca,m84bs1oAAAAJ,0000-0000-0000-0000
Juergen Rochol,UFRGS,http://inf.ufrgs.br/~juergen,NOSCHOLARPAGE,0000-0000-0000-0000
Juergen Sachau,University of Luxembourg,http://wwwen.uni.lu/snt/people/juergen_sachau,NOSCHOLARPAGE,0000-0000-0000-0000
Jufeng Yang,Nankai University,https://cc.nankai.edu.cn/2021/0323/c13619a548864/page.htm,c5vDJv0AAAAJ,0000-0003-0219-3443
Jufu Feng,Peking University,http://www.cis.pku.edu.cn/faculty/vision/fengjufu/chinese/fjf_english.htm,NOSCHOLARPAGE,0000-0000-0000-0000
Jugal Garg,Univ. of Illinois at Urbana-Champaign,https://jugal.ise.illinois.edu,yUkEmCsAAAAJ,0000-0001-6439-7308
Jugal K. Kalita,UCCS,http://www.cs.uccs.edu/~kalita,NOSCHOLARPAGE,0000-0000-0000-0000
Jugal Kalita,UCCS,http://www.cs.uccs.edu/~kalita,NOSCHOLARPAGE,0000-0000-0000-0000
Jugal Kumar Kalita,UCCS,http://www.cs.uccs.edu/~kalita,NOSCHOLARPAGE,0000-0000-0000-0000
Jugurta Lisboa Filho,Universidade Federal de Viçosa,http://www.dpi.ufv.br/~jugurta,gQN4nmkAAAAJ,0000-0000-0000-0000
Juhan Nam,KAIST,https://mac.kaist.ac.kr,eG2NHUYAAAAJ,0000-0003-2664-2119
Juhi Kulshrestha,Aalto University,https://www.aalto.fi/en/people/juhi-kulshrestha,tYOEJ6sAAAAJ,0000-0002-4375-4641
Juho Hamari,Tampere University,https://www.tuni.fi/en/juho-hamari,tKMlAegAAAAJ,0000-0002-6573-588X
Juho Kannala,Aalto University,https://users.aalto.fi/~kannalj1,c4mWQPQAAAAJ,0000-0001-5088-4041
Juho Kanniainen,Tampere University,https://www.tuni.fi/en/juho-kanniainen,xsOyQN4AAAAJ,0000-0001-7737-659X
Juho Kim 0001,KAIST,https://juhokim.com,2dDAbMgAAAAJ,0000-0001-6348-4127
Juho Lee 0001,KAIST,https://juho-lee.github.io,Py4URJUAAAAJ,0000-0002-6725-6874
Juho Leinonen 0001,Aalto University,https://juholeinonen.com,mRn2oboAAAAJ,0000-0001-6829-9449
Juho Rousu,Aalto University,https://people.aalto.fi/juho_rousu,JYN5cL4AAAAJ,0000-0000-0000-0000
Jui-Hung Chang,National Cheng Kung University,http://www.csie.ncku.edu.tw/ncku_csie/depmember/teacherdetail/id/48,NOSCHOLARPAGE,0000-0000-0000-0000
Jui-Hung Hung,National Chiao Tung University,http://www.jhhlab.tw,NOSCHOLARPAGE,0000-0003-2208-9213
Jukka K. Nurminen,University of Helsinki,https://researchportal.helsinki.fi/en/persons/jukka-k-nurminen,cmftgn4AAAAJ,0000-0000-0000-0000
Jukka Kalevi Nurminen,University of Helsinki,https://researchportal.helsinki.fi/en/persons/jukka-k-nurminen,cmftgn4AAAAJ,0000-0000-0000-0000
Jukka Matthias Krisp,University of Augsburg,https://www.uni-augsburg.de/en/fakultaet/fai/geo/prof/geoagi/geoagi-team/j-krisp,NOSCHOLARPAGE,0000-0000-0000-0000
Jukka Suomela,Aalto University,https://jukkasuomela.fi,hTZOWl8AAAAJ,0000-0001-6117-8089
Jules White,Vanderbilt University,https://engineering.vanderbilt.edu/bio/?pid=jules-white,10HSX90AAAAJ,0000-0000-0000-0000
Julia Chuzhoy,TTI Chicago,http://ttic.uchicago.edu/~cjulia,ikn-xhYAAAAJ,0000-0001-7839-751X
Julia E. Hodges,Mississippi State University,http://www.cse.msstate.edu/people/faculty/julia-hodges,NOSCHOLARPAGE,0000-0000-0000-0000
Julia Fukuyama,Indiana University,https://luddy.indiana.edu/contact/profile/index.html?Julia_Fukuyama,BhazhScAAAAJ,0000-0000-0000-0000
Julia Gaudio,Northwestern University,https://sites.northwestern.edu/juliagaudio,LvEMfTsAAAAJ,0000-0000-0000-0000
Julia Hirschberg,Columbia University,http://www.cs.columbia.edu/~julia,Qrd7FCoAAAAJ,0000-0003-0689-7616
Julia Hockenmaier,Univ. of Illinois at Urbana-Champaign,http://juliahmr.cs.illinois.edu,iIiVrrQAAAAJ,0000-0003-2796-1752
Julia Kempe,New York University,https://cims.nyu.edu/~kempe,m9WZOV4AAAAJ,0009-0006-1984-0060
Julia Klier,University of Regensburg,https://www.uni-regensburg.de/informatik-data-science/wi-klier/start/index.html,JhWXMQ4AAAAJ,0000-0000-0000-0000
Julia Len,University of North Carolina,https://julialen.github.io,YXafOYwAAAAJ,0000-0002-9625-6363
Julia Mosin,University of British Columbia,https://www.ece.ubc.ca/faculty/julia-rubin,IQNUPWgRnRsC,0000-0000-0000-0000
Julia Olkhovskaya,TU Delft,https://sites.google.com/view/julia-olkhovskaya/home,aBT52BsAAAAJ,0000-0000-0000-0000
Julia Rubin,University of British Columbia,https://www.ece.ubc.ca/faculty/julia-rubin,IQNUPWgRnRsC,0000-0001-7280-1614
Julia Rubin-Mosin,University of British Columbia,https://www.ece.ubc.ca/faculty/julia-rubin,IQNUPWgRnRsC,0000-0000-0000-0000
Julia Starke,University of Lübeck,https://www.rob.uni-luebeck.de/institut/mitarbeiter/bohse-starke-julia,qimoXKoAAAAJ,0000-0002-0006-2370
Julia Stoyanovich,New York University,http://stoyanovich.org,UhJRkaIAAAAJ,0000-0002-1587-0450
Julia Woodward,University of South Florida,https://juliawoodward.wordpress.com,K_N_PS4AAAAJ,0000-0002-8753-2792
Julia Zhang,Oregon State University,http://eecs.oregonstate.edu/people/zhang-julia,lwmnXbgAAAAJ,0000-0000-0000-0000
Julian A. Padget,University of Bath,http://www.bath.ac.uk/comp-sci/contacts/academics/julian_padget,4rR5aQEAAAAJ,0000-0003-1314-2094
Julian Alexander Padget,University of Bath,http://www.bath.ac.uk/comp-sci/contacts/academics/julian_padget,4rR5aQEAAAAJ,0000-0000-0000-0000
Julian Brinkley,Clemson University,http://drjulianbrinkley.com,g4BAX40AAAAJ,0000-0000-0000-0000
Julian C. Bradfield,University of Edinburgh,http://www.inf.ed.ac.uk/people/staff/Julian_Bradfield.html,Mru1qJgAAAAJ,0000-0000-0000-0000
Julian Dorado,University of A Coruña,https://pdi.udc.es/en/File/Pdi/S829E,uF0MdVIAAAAJ,0000-0001-8945-2991
Julian Fischer,IST Austria,https://ist.ac.at/research/research-groups/fischer-group,dj3-UisAAAAJ,0000-0000-0000-0000
Julian G. Rosenman,University of North Carolina,http://cs.unc.edu/people/julian-rosenman,NOSCHOLARPAGE,0000-0000-0000-0000
Julian Garcia,Monash University,https://research.monash.edu/en/persons/julian-garcia-gallego,nWHuAL4AAAAJ,0000-0000-0000-0000
Julian Gough,University of Bristol,http://bioinformatics.bris.ac.uk/people/julian_gough.html,7p6iOO4AAAAJ,0000-0000-0000-0000
Julian Hedges,University of Strathclyde,https://pureportal.strath.ac.uk/en/persons/julian-hedges/publications,NOSCHOLARPAGE,0000-0000-0000-0000
Julian J. McAuley,Univ. of California - San Diego,http://cseweb.ucsd.edu/~jmcauley,icbo4M0AAAAJ,0000-0003-0955-7588
Julian John McAuley,Univ. of California - San Diego,http://cseweb.ucsd.edu/~jmcauley,icbo4M0AAAAJ,0000-0003-0955-7588
Julian Loss,Ruhr-University Bochum,https://www.julianloss.com,RTGQifoAAAAJ,0000-0002-7979-3810
Julian Marx,University of Melbourne,https://findanexpert.unimelb.edu.au/profile/1026082-julian-marx,LN7qG_YAAAAJ,0000-0000-0000-0000
Julian McAuley,Univ. of California - San Diego,http://cseweb.ucsd.edu/~jmcauley,icbo4M0AAAAJ,0000-0003-0955-7588
Julian Padget,University of Bath,http://www.bath.ac.uk/comp-sci/contacts/academics/julian_padget,4rR5aQEAAAAJ,0000-0003-1314-2094
Julian Panetta,Univ. of California - Davis,https://julianpanetta.com,1rQ_OTEAAAAJ,0000-0002-8331-2354
Julian Rathke,University of Southampton,https://www.ecs.soton.ac.uk/people/jr1a06,NOSCHOLARPAGE,0000-0000-0000-0000
Julian Shun,Massachusetts Inst. of Technology,http://people.csail.mit.edu/jshun,BGh9WU4AAAAJ,0000-0001-6163-6625
Julian Togelius,New York University,http://engineering.nyu.edu/people/julian-togelius,lr4I9BwAAAAJ,0000-0003-3128-4598
Juliana Bowles,University of St Andrews,https://juliana.host.cs.st-andrews.ac.uk,JstYoqcAAAAJ,0000-0002-5918-9114
Juliana Freire,New York University,http://engineering.nyu.edu/user/4254,sSzAlq0AAAAJ,0000-0003-3915-7075
Juliana Freitag Borin,UNICAMP,http://www.ic.unicamp.br/~juliana,MoEzFxoAAAAJ,0000-0000-0000-0000
Juliana Küster Filipe,University of St Andrews,https://juliana.host.cs.st-andrews.ac.uk,JstYoqcAAAAJ,0000-0000-0000-0000
Juliana Küster Filipe Bowles,University of St Andrews,https://juliana.host.cs.st-andrews.ac.uk,JstYoqcAAAAJ,0000-0000-0000-0000
Juliane Krämer,University of Regensburg,https://www.uni-regensburg.de/informatics-data-science/qpc/team/prof-dr-juliane-kraemer/index.html,Hebnan8AAAAJ,0000-0000-0000-0000
Juliano Araujo Wickboldt,UFRGS,https://www.inf.ufrgs.br/site/docente/juliano-wickboldt,bqxkwSQAAAAJ,0000-0000-0000-0000
Juliano Iyoda,UFPE,http://www.cin.ufpe.br/~jmi,ZF4EXI8AAAAJ,0000-0000-0000-0000
Juliano Manabu Iyoda,UFPE,http://www.cin.ufpe.br/~jmi,ZF4EXI8AAAAJ,0000-0000-0000-0000
Julie A. Adams,Oregon State University,http://eecs.oregonstate.edu/people/adams-julie,5TzQdR4AAAAJ,0000-0002-7774-728X
Julie A. Kientz,University of Washington,http://faculty.washington.edu/jkientz,GvpuYB4AAAAJ,0000-0001-7437-7861
Julie A. McCann,Imperial College London,http://wp.doc.ic.ac.uk/aese/person/julie-a-mccann,S6wyzdwAAAAJ,0000-0001-9786-7257
Julie A. Shah,Massachusetts Inst. of Technology,http://people.csail.mit.edu/julie_a_shah,NOSCHOLARPAGE,0000-0000-0000-0000
Julie Ann McCann,Imperial College London,http://wp.doc.ic.ac.uk/aese/person/julie-a-mccann,S6wyzdwAAAAJ,0000-0000-0000-0000
Julie Arnold Shah,Massachusetts Inst. of Technology,http://people.csail.mit.edu/julie_a_shah,NOSCHOLARPAGE,0000-0000-0000-0000
Julie Carson-Berndsen,University College Dublin,https://people.ucd.ie/julie.berndsen,NOSCHOLARPAGE,0000-0000-0000-0000
Julie Dorsey,Yale University,http://graphics.cs.yale.edu/julie,IYXVU-QAAAAJ,0000-0003-2495-4979
Julie Fisher,Monash University,http://www.sims.monash.edu.au/staff/jfisher,hLCaPfAAAAAJ,0000-0001-7616-8182
Julie Fukuyama,Indiana University,https://jfukuyama.github.io,NOSCHOLARPAGE,0000-0000-0000-0000
Julie Greensmith,University of Nottingham,https://www.nottingham.ac.uk/computerscience/people/julie.greensmith,i_rufhIAAAAJ,0000-0002-7245-8841
Julie Jacques,CRIStAL,https://www.cristal.univ-lille.fr/profil/jacques,NOSCHOLARPAGE,0000-0000-0000-0000
Julie Porteous,RMIT University,https://www.rmit.edu.au/contact/staff-contacts/academic-staff/p/porteous-dr-julie,B3AVEIoAAAAJ,0000-0003-4618-2359
Julie R. Williamson,University of Glasgow,http://juliericowilliamson.com,qUtAKFQAAAAJ,0000-0002-1816-1393
Julie Rico,University of Glasgow,http://juliericowilliamson.com,qUtAKFQAAAAJ,0000-0000-0000-0000
Julie Rico Williamson,University of Glasgow,http://juliericowilliamson.com,qUtAKFQAAAAJ,0000-0000-0000-0000
Julie Shah,Massachusetts Inst. of Technology,http://people.csail.mit.edu/julie_a_shah,NOSCHOLARPAGE,0000-0003-1338-8107
Julie Weeds,University of Sussex,http://www.sussex.ac.uk/informatics/people/peoplelists/person/116624,goWjVPQAAAAJ,0000-0002-3831-4019
Julie Williamson 0001,University of Glasgow,http://juliericowilliamson.com,qUtAKFQAAAAJ,0000-0002-1816-1393
Julien Baste,CRIStAL,https://www.iut-info.univ-lille.fr/~baste,NOSCHOLARPAGE,0000-0002-7869-0959
Julien Cartigny,CRIStAL,https://pro.univ-lille.fr/julien-iguchi-cartigny,NOSCHOLARPAGE,0000-0000-0000-0000
Julien Forget,CRIStAL,https://www.cristal.univ-lille.fr/profil/forget,Xm0-xKwAAAAJ,0000-0000-0000-0000
Julien Gagneur,TU Munich,http://www.gagneur.genzentrum.lmu.de,2N2iqgkAAAAJ,0000-0002-8924-8365
Julien Iguchi-Cartigny,CRIStAL,https://pro.univ-lille.fr/julien-iguchi-cartigny,NOSCHOLARPAGE,0000-0000-0000-0000
Julien Lange,Royal Holloway Univ. of London,https://pure.royalholloway.ac.uk/portal/en/persons/julien-lange(55a85423-9481-4565-9339-224891092d5e).html,mpXU9XQAAAAJ,0000-0001-9697-1378
Julien Subercaze,Université Jean Monnet,http://satin-ppl.telecom-st-etienne.fr/jsubercaze,NOSCHOLARPAGE,0000-0000-0000-0000
Juliet A. M. Haarman,University of Twente,https://research.utwente.nl/en/persons/20df073d-8deb-467e-9f71-19917eb8c703,NOSCHOLARPAGE,0000-0000-0000-0000
Juliette Rouchier,Université Paris Dauphine,https://www.lamsade.dauphine.fr/~jrouchier/homepage.htm,B1mkAwYAAAAJ,0000-0000-0000-0000
Julio C. Hernandez-Castro,University of Kent,https://www.cs.kent.ac.uk/~jch27,NOSCHOLARPAGE,0000-0002-6432-5328
Julio Cesar Stacchini de Souza,UFF,http://www.uff.br/engenhariaeletrica/index.php/docentes/9-julio-cesar-stacchini-de-souza,qYDmVFQAAAAJ,0000-0000-0000-0000
Julio César Hernández Castro,University of Kent,https://www.cs.kent.ac.uk/~jch27,NOSCHOLARPAGE,0000-0000-0000-0000
Julio César López-Hernandez,UNICAMP,https://www.usenix.org/conference/9th-usenix-security-symposium/speaker-or-organizer/julio-lopez-hernandez-state-university,NOSCHOLARPAGE,0000-0000-0000-0000
Julio Marco,Universidad de Zaragoza,http://webdiis.unizar.es/~juliom,47C_SbAAAAAJ,0000-0001-9960-8945
Julio Michael Stern,USP,http://www.ime.usp.br/~jstern,7spXyx8AAAAJ,0000-0000-0000-0000
Julita Corbalán,Polytechnic Univ. of Catalonia,http://acemap.sjtu.edu.cn/author/page?AuthorID=812D57D8,NOSCHOLARPAGE,0000-0002-3926-5634
Julita Vassileva,University of Saskatchewan,https://www.cs.usask.ca/faculty/julita,XunR3DYAAAAJ,0000-0001-5050-3106
Julius B. Kirkegaard,University of Copenhagen,https://di.ku.dk/english/staff/vip/researchers_image/?pure=en/persons/373643,WAmK6UAAAAAJ,0000-0000-0000-0000
Julius Bonart,University College London,https://www.imperial.ac.uk/people/j.bonart,E26kA5wAAAAJ,0000-0000-0000-0000
Julius Köpke,University of Klagenfurt,https://www.aau.at/en/isys/ics/team/koepke-julius,Zhj9ZUUAAAAJ,0000-0000-0000-0000
Julián Dorado de la Calle,University of A Coruña,https://pdi.udc.es/en/File/Pdi/S829E,uF0MdVIAAAAJ,0000-0000-0000-0000
Julián Garcia,Monash University,https://research.monash.edu/en/persons/julian-garcia-gallego,nWHuAL4AAAAJ,0000-0000-0000-0000
Julián Mestre,University of Sydney,https://www.sydney.edu.au/engineering/about/our-people/academic-staff/julian-mestre.html,Tbp-tkcAAAAJ,0000-0003-4948-2998
Julián Urbano,TU Delft,http://julian-urbano.info,YKnVJaAAAAAJ,0000-0003-2933-1949
Jun (Jim) Xu,Georgia Institute of Technology,http://www.cc.gatech.edu/~jx,mHwonDEAAAAJ,0000-0000-0000-0000
Jun Adachi,University of Tokyo,http://www.nii.ac.jp/en/faculty/digital_content/adachi_jun,yvwdlpEAAAAJ,0000-0000-0000-0000
Jun Bai,University of Cincinnati,https://researchdirectory.uc.edu/p/baiju,pWw5QUwAAAAJ,0000-0000-0000-0000
Jun Bi,Tsinghua University,http://netarchlab.tsinghua.edu.cn/~junbi,9c8plF0AAAAJ,0000-0001-9956-7039
Jun Gao 0003,Peking University,http://net.pku.edu.cn/~gaojun,NOSCHOLARPAGE,0000-0002-6750-8496
Jun Gao 0004,University of Michigan,https://www.cs.toronto.edu/~jungao,jTdkr10AAAAJ,0000-0002-3521-0417
Jun Guo 0002,BUPT,http://www.pris.net.cn/en/jun-guo,NOSCHOLARPAGE,0000-0001-9045-1339
Jun Han 0001,KAIST,https://www.junhan.org,VTKbhWIAAAAJ,0000-0003-0798-704X
Jun Han 0010,CUHK (SZ),https://stevenhan1991.github.io,8i3v-a8AAAAJ,0000-0002-7286-062X
Jun He 0008,Renmin University of China,http://iir.ruc.edu.cn/~hejun,NOSCHOLARPAGE,0000-0000-0000-0000
Jun Heo,Korea University,https://cislab.korea.ac.kr,WwB4-cMAAAAJ,0000-0000-0000-0000
Jun Huan,University of Kansas,https://www.ittc.ku.edu/~jhuan,j2PH0Y0AAAAJ,0000-0002-7020-1604
Jun Huang 0001,City University of Hong Kong,https://www.cs.cityu.edu.hk/~jhuan9,qT7OIRoAAAAJ,0000-0002-6862-4122
Jun Jim Xu,Georgia Institute of Technology,http://www.cc.gatech.edu/~jx,mHwonDEAAAAJ,0000-0000-0000-0000
Jun Kong,North Dakota State University,http://www.cs.ndsu.nodak.edu/~jkong,NOSCHOLARPAGE,0000-0000-0000-0000
Jun Li 0001,University of Oregon,http://ix.cs.uoregon.edu/~lijun,J8NUZDMAAAAJ,0000-0000-0000-0000
Jun Li 0017,CUNY,https://phantom.cs.qc.cuny.edu/li,My5KJhoAAAAJ,0000-0001-8266-7463
Jun Liu 0002,Xi'an Jiaotong University,http://gr.xjtu.edu.cn/web/liukeen,NOSCHOLARPAGE,0000-0002-6004-0675
Jun Liu 0036,Lancaster University,https://www.lancaster.ac.uk/scc/about-us/people/jun-liu2,Q5Ild8UAAAAJ,0000-0002-4365-4165
Jun Luo 0001,Nanyang Technological University,https://www3.ntu.edu.sg/home/junluo,Ng_zmUUAAAAJ,0000-0002-7036-5158
Jun Ma 0001,Shandong University,http://www.cs.sdu.edu.cn/info/1090/2346.htm,NOSCHOLARPAGE,0000-0003-0203-4610
Jun Ma 0010,Nanjing University,http://ics.nju.edu.cn/people/junma,OkMoxEkAAAAJ,0000-0000-0000-0000
Jun Miyazaki,Tokyo Institute of Technology,http://www.lsc.cs.titech.ac.jp/en,NOSCHOLARPAGE,0000-0002-3038-7678
Jun Nishida,Univ. of Maryland - College Park,https://www.cs.umd.edu/people/jun,6V4L7r4AAAAJ,0000-0003-3081-1587
Jun Peng 0001,Central South University,https://faculty.csu.edu.cn/pengjun1/zh_CN/index.htm,-WwF1zMAAAAJ,0000-0000-0000-0000
Jun Rekimoto,University of Tokyo,http://www.iii.u-tokyo.ac.jp/faculty/rekimoto_junichi,wKJLtK8AAAAJ,0000-0002-3629-2514
Jun Sakuma,University of Tsukuba,https://www.mdl.cs.tsukuba.ac.jp,v5emswQAAAAJ,0000-0000-0000-0000
Jun Shen 0001,University of Wollongong,https://scholars.uow.edu.au/jun-shen,Bf6gvGkAAAAJ,0000-0002-9403-7140
Jun Sun 0001,Singapore Management University,https://www.smu.edu.sg/faculty/profile/161031/SUN-Jun,DVsEyn0AAAAJ,0000-0002-3545-1392
Jun Sun 0012,Peking University,http://www.icst.pku.edu.cn/vip/people-sunjE.html,NOSCHOLARPAGE,0000-0000-0000-0000
Jun Wang 0001,University of Central Florida,http://www.cass.eecs.ucf.edu/?page_id=1249,wYNgwnMAAAAJ,0000-0002-0926-4761
Jun Wang 0002,City University of Hong Kong,https://www.cs.cityu.edu.hk/~jwang358,TBcb-1kAAAAJ,0000-0002-1305-5735
Jun Wang 0012,University College London,http://www.cs.ucl.ac.uk/people/J.Wang.html,wIE1tY4AAAAJ,0000-0002-4021-4228
Jun Wei 0001,Chinese Academy of Sciences,http://people.ucas.ac.cn/~weijun,2GVRKYkAAAAJ,0000-0002-8561-2481
Jun Wei 0006,Shenzhen University,https://weijun-arc.github.io,fv9vcggAAAAJ,0000-0002-1263-5260
Jun Xiao 0001,Zhejiang University,http://mypage.zju.edu.cn/junx,fqOwFhQAAAAJ,0000-0000-0000-0000
Jun Xu 0001,Renmin University of China,http://info.ruc.edu.cn/academic_professor.php?teacher_id=169,su14mcEAAAAJ,0000-0001-7170-111X
Jun Xu 0014,Georgia Institute of Technology,http://www.cc.gatech.edu/~jx,mHwonDEAAAAJ,0000-0000-0000-0000
Jun Xu 0024,University of Utah,https://www.cs.utah.edu/~junxzm,9nHXbTEAAAAJ,0009-0002-8128-5062
Jun Yan 0007,Concordia University,https://sites.google.com/view/jyan/home,3Yi1ZhsAAAAJ,0000-0000-0000-0000
Jun Yan 0009,Chinese Academy of Sciences,http://people.ucas.ac.cn/~yanjun,YRuji3AAAAAJ,0000-0003-2328-0781
Jun Yang 0001,Duke University,https://users.cs.duke.edu/~junyang,NOSCHOLARPAGE,0000-0003-0604-6790
Jun Zhang 0001,University of Kentucky,https://www.cs.uky.edu/~jzhang,NOSCHOLARPAGE,0000-0000-0000-0000
Jun Zhao 0001,Chinese Academy of Sciences,http://nlpr-web.ia.ac.cn/cip/english/~junzhao/index.html,HljRttwAAAAJ,0000-0000-0000-0000
Jun Zheng 0003,New Mexico Tech,https://nmt.edu,NOSCHOLARPAGE,0000-0000-0000-0000
Jun Zhou 0001,Griffith University,https://experts.griffith.edu.au/7205-jun-zhou,6hOOxw0AAAAJ,0000-0001-5822-8233
Jun Zhu 0001,Tsinghua University,http://ml.cs.tsinghua.edu.cn/~jun/index.shtml,axsP38wAAAAJ,0000-0002-6254-2388
Jun Zhuang 0004,Boise State University,https://junzhuang.xyz,Hdc90UMAAAAJ,0000-0000-0000-0000
Jun'ichi Hoshino,University of Tsukuba,http://www.entcomp.iit.tsukuba.ac.jp/jhoshino,NOSCHOLARPAGE,0000-0000-0000-0000
Jun-Hai Yong,Tsinghua University,http://cgcad.thss.tsinghua.edu.cn/?people=junhaiyong,NOSCHOLARPAGE,0000-0002-4326-4167
Jun-Hong Cui,University of Connecticut,http://www.cse.uconn.edu/~jcui,QJbvuZEAAAAJ,0000-0000-0000-0000
Jun-Kun Wang,Univ. of California - San Diego,https://jimwang123.github.io,FUjQpmgAAAAJ,0000-0002-6725-9231
Jun-Yan Zhu,Carnegie Mellon University,https://people.csail.mit.edu/junyanz,UdpacsMAAAAJ,0000-0001-8504-3410
Jun-Yuan Xie,Nanjing University,https://cs.nju.edu.cn/58/21/c2639a153633/page.htm,qJsC_XsAAAAJ,0000-0000-0000-0000
Jun-ichi Imura,Tokyo Institute of Technology,http://www.cyb.mei.titech.ac.jp/index.html.en,NOSCHOLARPAGE,0000-0002-9273-134X
Jun-yong Noh,KAIST,https://ct.kaist.ac.kr/people/sub01.php,NOSCHOLARPAGE,0000-0000-0000-0000
Junaed Sattar,University of Minnesota,http://www-users.cs.umn.edu/~junaed,cgaU4UkAAAAJ,0000-0002-3983-6265
Junaid Haroon Siddiqui,LUMS,https://www.junaidharoonsiddiqui.com,dvKylVEAAAAJ,0000-0002-6674-7727
Junbeom Hur,Korea University,https://sites.google.com/korea.ac.kr/isslab/home,N2TGY7gAAAAJ,0000-0002-4823-4194
Junchen Jiang,University of Chicago,https://people.cs.uchicago.edu/~junchenj,_8wfjeAAAAAJ,0000-0002-6877-1683
Juncheng Wang 0001,Hong Kong Baptist University,https://www.juncheng-wang.com,sxZvGpIAAAAJ,0000-0003-1375-8382
Juncheng Yang,Harvard University,https://seas.harvard.edu/person/juncheng-yang,P8HaQPoAAAAJ,0000-0002-0412-1139
Junchi Yan,Shanghai Jiao Tong University,http://thinklab.sjtu.edu.cn,ga230VoAAAAJ,0000-0001-9639-7679
Junda Lu 0001,Western Sydney University,https://researchers.westernsydney.edu.au/en/persons/junda-lu,Xu-lOeIAAAAJ,0009-0004-5450-0809
Jundong Li,University of Virginia,https://jundongli.github.io,uY6ek7sAAAAJ,0000-0002-1878-817X
Jundong Liu,Ohio University,http://media.cs.ohio.edu,NOSCHOLARPAGE,0000-0002-9049-2832
Junehwa Song,KAIST,http://nclab.kaist.ac.kr/?page_id=873,CatfK3MAAAAJ,0000-0002-7941-6636
Junfeng Hu,Peking University,http://icl.pku.edu.cn/members/hujf,NOSCHOLARPAGE,0000-0000-0000-0000
Junfeng Luan,Shandong University,http://www.cs.sdu.edu.cn/info/1089/2332.htm,NOSCHOLARPAGE,0000-0000-0000-0000
Junfeng Wu 0001,CUHK (SZ),https://person.zju.edu.cn/en/jfwu,tfkculkAAAAJ,0000-0002-7125-3748
Junfeng Yang,Columbia University,http://www.cs.columbia.edu/~junfeng,JJ9AvbAAAAAJ,0009-0000-2277-6545
Junfeng Zhao 0001,Peking University,http://www.sei.pku.edu.cn/people/zhaojf,NOSCHOLARPAGE,0000-0002-1268-5006
Jung Hee Cheon,Seoul National University,http://www.math.snu.ac.kr/~jhcheon/xe2,KlTc3U4AAAAJ,0000-0002-7085-2220
Jung Ho Ahn,Seoul National University,http://scale.snu.ac.kr,hjIKJrwAAAAJ,0000-0003-1733-1394
Jung Hyun Jun,IIT Ropar,http://www.iitrpr.ac.in/cse/peterjun,cAnBAVUAAAAJ,0000-0000-0000-0000
Jung-Chun Kao,National Tsing Hua University,http://www.cs.nthu.edu.tw/~jungchuk,NOSCHOLARPAGE,0000-0002-9122-192X
Jung-Eun Kim,North Carolina State University,https://jungeunkim.wordpress.ncsu.edu,8HpZmN0AAAAJ,0000-0001-9780-2947
Jung-Hong Chuang,National Chiao Tung University,http://cggmwww.csie.nctu.edu.tw/index.php/8-member/10-faculty,NOSCHOLARPAGE,0000-0002-9038-6124
Jung-Hsien Chiang,National Cheng Kung University,http://www.csie.ncku.edu.tw/ncku_csie/depmember/teacherdetail/id/10,NaNxyQgAAAAJ,0000-0002-4657-6705
Jung-Hwan Oh,University of North Texas,http://www.cse.unt.edu/~jhoh,NOSCHOLARPAGE,0000-0000-0000-0000
Jung-Hwan Oh 0001,University of North Texas,http://www.cse.unt.edu/~jhoh,alNk_OkAAAAJ,0000-0000-0000-0000
JungHyun Han,Korea University,https://media.korea.ac.kr,51TWc5UAAAAJ,0000-0001-6438-2974
Jungbeom Lee,Korea University,https://dcai-lab.github.io/DCAI-Lab,6qTcgH0AAAAJ,0000-0000-0000-0000
Jungdam Won,Seoul National University,https://sites.google.com/view/jungdam,mUWAgvgAAAAJ,0000-0001-5510-6425
Junghee Lee,Korea University,https://sites.google.com/view/hwseclab,D3iX368AAAAJ,0000-0000-0000-0000
Jungheum Park,Korea University,https://dfrc.korea.ac.kr,ksEbPrgAAAAJ,0000-0001-7796-7699
Junghoo Cho,Univ. of California - Los Angeles,http://www.cs.ucla.edu/~cho,DSLquxEAAAAJ,0000-0000-0000-0000
Jungong Han,University of Sheffield,https://www.sheffield.ac.uk/dcs/people/academic/jungong-han,hNi1gxAAAAAJ,0000-0003-4361-956X
Jungrae Kim,Sungkyunkwan University,https://scalable-arch.github.io,Jbpv5q0AAAAJ,0000-0003-1587-0677
Jungseul Ok,POSTECH,https://sites.google.com/view/jungseulok,KWG3UUMAAAAJ,0000-0003-4742-2473
Jungwoo Lee 0001,Seoul National University,https://cml.snu.ac.kr/?page_id=5948,j98IWfoAAAAJ,0000-0000-0000-0000
Jungyong Kim,Kent State University,https://www.kent.edu/cs/jungyoon-kim,z2BCKT4AAAAJ,0000-0000-0000-0000
Junhao Gan,University of Melbourne,https://findanexpert.unimelb.edu.au/profile/831627-junhao-gan,XvguMc0AAAAJ,0000-0001-9101-1503
Junhao Wen,Chongqing University,http://www.cse.cqu.edu.cn/info/2095/3491.htm,1BOLKHkAAAAJ,0000-0000-0000-0000
Junhee Seok,Korea University,https://sites.google.com/view/ku-cdal,DThLlDYAAAAJ,0000-0000-0000-0000
Junhua Zhao 0001,CUHK (SZ),https://www.zhaojunhua.org,M2oDRWEAAAAJ,0000-0000-0000-0000
Junhui Deng,Tsinghua University,https://dsa.cs.tsinghua.edu.cn,NOSCHOLARPAGE,0000-0000-0000-0000
Junhui Hou,City University of Hong Kong,https://sites.google.com/site/junhuihoushomepage/home,j6eefhwAAAAJ,0000-0003-3431-2021
Junhui Li,Soochow University,http://web.suda.edu.cn/jhli,NOSCHOLARPAGE,0000-0000-0000-0000
Junichi Hoshino,University of Tsukuba,http://www.entcomp.iit.tsukuba.ac.jp/jhoshino,NOSCHOLARPAGE,0000-0001-9475-0272
Junichi Suzuki,University of Massachusetts Boston,https://www.umb.edu/academics/csm/faculty_staff/jun_suzuki,4oVjDuoAAAAJ,0000-0000-0000-0000
Junichi Tsujii,University of Manchester,https://www.research.manchester.ac.uk/portal/j.tsujii.html,h3aNnAIAAAAJ,0000-0000-0000-0000
Junichi Yamagishi,National Inst. of Informatics,https://nii-yamagishilab.github.io,nRrdjtwAAAAJ,0000-0003-2752-3955
Junichi Yamaoka,Keio University,https://www.junichiyamaoka.net,x21UmG0AAAAJ,0000-0002-1544-7564
Junier B. Oliva,University of North Carolina,https://sites.google.com/cs.unc.edu/joliva/home,CqH_t6MAAAAJ,0000-0000-0000-0000
Junier Oliva,University of North Carolina,https://sites.google.com/cs.unc.edu/joliva/home,CqH_t6MAAAAJ,0000-0002-2601-5652
Junior Barrera,USP,http://www.ime.usp.br/~jb,NbfbLAwAAAAJ,0000-0000-0000-0000
Junjie Chen 0003,Tianjin University,https://sites.google.com/site/junjiechen08,lj1g920AAAAJ,0000-0003-3056-9962
Junjie Hu 0001,University of Wisconsin - Madison,https://junjiehu.github.io,j-42gHYAAAAJ,0000-0000-0000-0000
Junjie Wang 0001,Chinese Academy of Sciences,http://people.ucas.edu.cn/~jwang2015,FkLKCRMAAAAJ,0000-0002-9941-6713
Junjie Xiong,Missouri S&T,https://junjie-xiong.site,SLRubuEAAAAJ,0000-0001-6411-2106
Junjun Jiang,Harbin Institute of Technology,http://homepage.hit.edu.cn/jiangjunjun,WNH2_rgAAAAJ,0000-0002-5694-505X
Junliang Xing,Chinese Academy of Sciences,https://sites.google.com/site/junliangxing,jSwNd3MAAAAJ,0000-0001-6801-0510
Junlin Lu,Peking University,http://eecs.pku.edu.cn/EN/People/Faculty/Detail/?ID=5937,NOSCHOLARPAGE,0000-0002-6014-9419
Junlin Zhou,UESTC,http://en.uestc.edu.cn/index.php?m=content&c=index&a=show&catid=79&id=4779,pOmjyCEAAAAJ,0000-0000-0000-0000
Junmei Yao,Shenzhen University,https://csse.szu.edu.cn/en/pages/user/index?id=889,fdivu4UAAAAJ,0000-0002-8979-0007
Junming Shao,UESTC,https://dm.uestc.edu.cn,KpbTDv0AAAAJ,0000-0000-0000-0000
Junmo Kim 0002,KAIST,https://sites.google.com/site/siitkaist/professor,GdQtWNQAAAAJ,0000-0002-7174-7932
Junni Zou,Shanghai Jiao Tong University,https://cs.sjtu.edu.cn/~zou-jn,NOSCHOLARPAGE,0000-0000-0000-0000
Junping Du 0001,BUPT,https://scs.bupt.edu.cn/info/1092/1327.htm,ljg1PKcAAAAJ,0000-0002-9402-3806
Junping Sun,Nova Southeastern University,http://scis.nova.edu/~jps,NOSCHOLARPAGE,0000-0001-9164-8061
Junqiao Qiu,City University of Hong Kong,https://junqiao-qiu.github.io/website,ftIjnJkAAAAJ,0000-0001-7776-3944
Junqing Zhang,University of Liverpool,https://liverpool.ac.uk/electrical-engineering-and-electronics/staff/junqing-zhang,MIPbyQ0AAAAJ,0000-0000-0000-0000
Junqiu Wei 0001,MUST,https://fie.must.edu.mo/id-1444/person/view/id-12708.html?locale=en_US,zDrFGLgAAAAJ,0000-0000-0000-0000
Junrui Liang,ShanghaiTech University,https://metal.shanghaitech.edu.cn/people.htm,aUzkS9AAAAAJ,0000-0000-0000-0000
Junshan Zhang,Univ. of California - Davis,https://faculty.engineering.ucdavis.edu/jzhang,UtAdFs8AAAAJ,0000-0000-0000-0000
Junsong Fu,BUPT,https://scss.bupt.edu.cn/info/1063/3982.htm,8xHHuKUAAAAJ,0000-0000-0000-0000
Junsong Yuan 0001,University at Buffalo,https://cse.buffalo.edu/~jsyuan,fJ7seq0AAAAJ,0000-0002-7901-8793
Juntao Li,Soochow University,https://lijuntaopku.github.io,sZSygsYAAAAJ,0000-0000-0000-0000
Junting Chen,CUHK (SZ),http://chenjunting.org,hsPzukQAAAAJ,0000-0000-0000-0000
Junwei Duan,City University of Macau,https://fds.cityu.edu.mo/members/340,2dlVkGMAAAAJ,0000-0000-0000-0000
Junwei Han 0001,NWPU,http://www.escience.cn/people/JunweiHan/index.html,xrqsoesAAAAJ,0000-0001-5545-7217
Junwon Choi,Seoul National University,https://spa.snu.ac.kr/faculty,IHH2PyYAAAAJ,0000-0000-0000-0000
Junxian He,HKUST,https://jxhe.github.io,BIFGeoUAAAAJ,0009-0007-9559-6941
Junxue Zhang 0001,USTC,https://snowzjx.me,tDWLpawAAAAJ,0000-0001-6926-7801
Junya Honda,University of Tokyo,http://www.it.k.u-tokyo.ac.jp/~honda/index_e.html,NOSCHOLARPAGE,0000-0000-0000-0000
Junyang Chen,Shenzhen University,https://csse.szu.edu.cn/pages/user/index?id=1101,Q0u3dRQAAAAJ,0009-0002-4724-1090
Junyi Jessy Li,University of Texas at Austin,https://jessyli.com,tJGm3-YAAAAJ,0000-0002-2550-5262
Junyi Zhu 0001,University of Michigan,https://www.junyizhu.com,n5INNYUAAAAJ,0000-0001-6166-6138
Junyong Noh,KAIST,https://ct.kaist.ac.kr/people/sub01.php,NOSCHOLARPAGE,0000-0003-1925-3326
Junyu Niu,Fudan University,http://www.cs.fudan.edu.cn/?page_id=2132,NOSCHOLARPAGE,0009-0000-9876-5674
Junyu Xuan,University of Technology Sydney,https://www.uts.edu.au/staff/junyu.xuan,POQ_yJUAAAAJ,0000-0002-8367-6908
Junyuan Xie,Nanjing University,https://cs.nju.edu.cn/58/21/c2639a153633/page.htm,qJsC_XsAAAAJ,0000-0000-0000-0000
Junzhao Du,Xidian University,https://web.xidian.edu.cn/jchdu,NOSCHOLARPAGE,0000-0001-8105-3224
Junzhou Huang,University of Texas at Arlington,http://ranger.uta.edu/~huang,X7KrguAAAAAJ,0000-0002-9548-1227
Junzhou Zhao,Xi'an Jiaotong University,https://junzhouzhao.github.io,hBLT754AAAAJ,0000-0003-3476-8248
Juraj Hromkovic,ETH Zurich,https://www.inf.ethz.ch/department/faculty-profs/person-detail.html?persid=102124,NOSCHOLARPAGE,0000-0001-9754-7042
Juraj Somorovsky,Paderborn University,https://www.uni-paderborn.de/person/83504,aPYih6YAAAAJ,0000-0002-3593-7720
Jurgen J. Vinju,CWI,http://homepages.cwi.nl/~jurgenv,NOSCHOLARPAGE,0000-0002-2686-7409
Juris Smotrovs,University of Latvia,https://scholar.google.com/citations?user=qrYIC7cAAAAJ&hl=lv,qrYIC7cAAAAJ,0000-0002-6473-7947
Jurriaan Hage,Utrecht University,http://www.staff.science.uu.nl/~hage0101,CIVjbcwAAAAJ,0000-0002-3580-6069
Jurriaan Rot,Radboud University,http://jurriaan.me,o5kqbqIAAAAJ,0000-0002-1404-6232
Juscimara Gomes Avelino,UFPE,https://portal.cin.ufpe.br/staff/?alias=jga2,nbkiDxMAAAAJ,0000-0000-0000-0000
Juseop Lee,Korea University,https://sites.google.com/site/juseoplee,NOSCHOLARPAGE,0000-0000-0000-0000
Juspreet Singh Sandhu,Colorado State University,https://juspreetsandhu.me,IkxViPsAAAAJ,0000-0000-0000-0000
Jussara M. Almeida,UFMG,http://homepages.dcc.ufmg.br/~jussara,pkf_HjEAAAAJ,0000-0000-0000-0000
Jussara Marques de Almeida,UFMG,http://homepages.dcc.ufmg.br/~jussara,pkf_HjEAAAAJ,0000-0000-0000-0000
Jussi Kangasharju,University of Helsinki,https://researchportal.helsinki.fi/en/persons/jussi-kangasharju,RHUM7P0AAAAJ,0000-0001-6119-1638
Jussi Rintanen,Aalto University,https://research.aalto.fi/en/persons/jussi-rintanen,wZJS52UAAAAJ,0000-0001-5983-0074
Justin Bradley,University of Nebraska,http://justinbradley.unl.edu,JOvtrn8AAAAJ,0000-0000-0000-0000
Justin Brooks,Univ. of Maryland - Baltimore County,https://www.csee.umbc.edu/people/faculty/justin-brooks,NOSCHOLARPAGE,0000-0000-0000-0000
Justin Cappos,New York University,http://engineering.nyu.edu/people/justin-cappos,COE6KUgAAAAJ,0000-0000-0000-0000
Justin Chan,Carnegie Mellon University,https://www.cs.cmu.edu/~justinc3,dpyzXwMAAAAJ,0000-0002-1471-6187
Justin Domke,Univ. of Massachusetts Amherst,https://people.cs.umass.edu/~domke,NOSCHOLARPAGE,0000-0000-0000-0000
Justin Hsu,Cornell University,https://justinh.su,HsfKE0sAAAAJ,0000-0002-8953-7060
Justin K. Romberg,Georgia Institute of Technology,https://jrom.ece.gatech.edu,NOSCHOLARPAGE,0000-0000-0000-0000
Justin M. Solomon,Massachusetts Inst. of Technology,http://people.csail.mit.edu/jsolomon,pImSVwoAAAAJ,0000-0000-0000-0000
Justin P. Rohrer,Naval Postgraduate School,https://jprohrer.org,aOy7jnQAAAAJ,0000-0000-0000-0000
Justin Pearson,Uppsala University,http://user.it.uu.se/~justin,To2zPLkAAAAJ,0000-0000-0000-0000
Justin R. Brooks,Univ. of Maryland - Baltimore County,https://www.csee.umbc.edu/people/faculty/justin-brooks,NOSCHOLARPAGE,0000-0000-0000-0000
Justin Solomon 0001,Massachusetts Inst. of Technology,http://people.csail.mit.edu/jsolomon,pImSVwoAAAAJ,0000-0002-7701-7586
Justin Thaler,Georgetown University,http://people.cs.georgetown.edu/jthaler,LrjJYV4k6WkC,0009-0009-2234-6225
Justin W. L. Wan,University of Waterloo,https://cs.uwaterloo.ca/~jwlwan,NOSCHOLARPAGE,0000-0001-8367-6337
Justin Wood,Indiana University,http://buildingamind.com,q9EK5i0AAAAJ,0000-0000-0000-0000
Justin Y. Shi,Temple University,http://spartan.cis.temple.edu/shi,OdRJuxYAAAAJ,0000-0000-0000-0000
Justin Z. Zhan,University of Cincinnati,https://researchdirectory.uc.edu/p/zhanjt,3klqaJMAAAAJ,0000-0000-0000-0000
Justin Zhan,University of Cincinnati,https://researchdirectory.uc.edu/p/zhanjt,3klqaJMAAAAJ,0000-0000-0000-0000
Justin Zhijun Zhan,University of Cincinnati,https://researchdirectory.uc.edu/p/zhanjt,3klqaJMAAAAJ,0000-0000-0000-0000
Justin Zobel,University of Melbourne,http://people.eng.unimelb.edu.au/jzobel,uEHvqE8AAAAJ,0000-0000-0000-0000
Justine Cassell,Carnegie Mellon University,https://www.hcii.cmu.edu/people/justine-cassell,wkC9xHMAAAAJ,0000-0000-0000-0000
Justine Sherry,Carnegie Mellon University,http://www.justinesherry.com,InPotdgAAAAJ,0000-0002-8270-4102
Justus Piater,University of Innsbruck,https://iis.uibk.ac.at/people/justus,meJCYXAAAAAJ,0000-0000-0000-0000
Justus Thies,TU Darmstadt,https://justusthies.github.io,4vpQvuwAAAAJ,0000-0002-0056-9825
Juw Won Park,University of Louisville,http://louisville.edu/research/kbrin/news/juw-won-park,pTOp1TQAAAAJ,0000-0002-4610-6893
Juyang Weng,Michigan State University,http://www.cse.msu.edu/~weng,HnQ2gqMAAAAJ,0000-0003-1383-3872
Juyeon Jo,University of Nevada Las Vegas,http://joj5.faculty.unlv.edu,hqccsn8AAAAJ,0000-0001-6524-9825
Jyh-Charn Liu,Texas A&M University,https://engineering.tamu.edu/cse/people/jliu,DI23xwMAAAAJ,0000-0003-1330-5092
Jyh-Cheng Chen,National Chiao Tung University,http://www.cs.nctu.edu.tw/~jcc,qq7bmfIAAAAJ,0000-0001-7562-6882
Jyh-Haw Yeh,Boise State University,https://www.boisestate.edu/coen-cs/people/faculty/jyh-haw-yeh,oDEimkEAAAAJ,0000-0003-1069-9655
Jyh-Shing Roger Jang,National Taiwan University,https://mirlab.org/jang,xPAxmk0AAAAJ,0000-0000-0000-0000
Jyh-haw Yeh,Boise State University,https://www.boisestate.edu/coen-cs/people/faculty/jyh-haw-yeh,oDEimkEAAAAJ,0000-0003-1069-9655
Jyotirmoy Deshmukh,University of Southern California,https://viterbi.usc.edu/directory/faculty/Deshmukh/Jyotirmoy,CwFX74MAAAAJ,0000-0000-0000-0000
Jyotirmoy V. Deshmukh,University of Southern California,https://viterbi.usc.edu/directory/faculty/Deshmukh/Jyotirmoy,CwFX74MAAAAJ,0000-0003-4683-5540
Jyotsna Bapat,IIIT Bangalore,http://www.iiitb.ac.in/faculty_page.php?name=JyotsnaBapat,NOSCHOLARPAGE,0000-0003-0866-9895
Jyotsna L. Bapat,IIIT Bangalore,http://www.iiitb.ac.in/faculty_page.php?name=JyotsnaBapat,NOSCHOLARPAGE,0000-0000-0000-0000
Jyrki Katajainen,University of Copenhagen,http://www.diku.dk/~jyrki,91jGnMUAAAAJ,0000-0000-0000-0000
Jyrki Kivinen,University of Helsinki,https://www.cs.helsinki.fi/u/jkivinen,ZKq0Us0AAAAJ,0000-0001-9397-3351
Jyrki Nummenmaa,Tampere University,https://www.tuni.fi/en/jyrki-nummenmaa,NOSCHOLARPAGE,0000-0002-7476-7840
Jyuo-Min Shyu,National Tsing Hua University,http://web-en.cs.nthu.edu.tw/files/13-1044-5696.php,NOSCHOLARPAGE,0000-0000-0000-0000
János Balogh,University of Szeged,http://www.jgypk.hu/~balogh,fh8Y2ZYAAAAJ,0000-0000-0000-0000
János Csirik,University of Szeged,https://www.inf.u-szeged.hu/~csirik,HQe8ScYAAAAJ,0000-0000-0000-0000
Jérémie Dequidt,CRIStAL,https://www.cristal.univ-lille.fr/profil/jdequidt,ySTwAskAAAAJ,0000-0000-0000-0000
Jérémy Barbay,Universidad de Chile,http://www.dcc.uchile.cl/~jbarbay,x7L1W0rvHwsC,0000-0002-3392-8353
Jérôme Feret,Ecole Normale Superieure,http://www.di.ens.fr/~feret,TcO5mvwAAAAJ,0000-0000-0000-0000
Jérôme Härri,EURECOM,https://www.eurecom.fr/fr/people/haerri-jerome,QSAclH8AAAAJ,0000-0002-2363-1724
Jérôme Lang,Université Paris Dauphine,https://www.lamsade.dauphine.fr/~lang,cNgZXNcAAAAJ,0000-0001-6789-9573
Jérôme Waldispühl,McGill University,http://www.cs.mcgill.ca/~jeromew,IVZp2gQAAAAJ,0000-0002-2561-7117
Jéssyka Vilela,UFPE,https://www.cin.ufpe.br/~jffv,P-KKg3EAAAAJ,0000-0000-0000-0000
Jó Ueyama,USP-ICMC,http://conteudo.icmc.usp.br/pessoas/joueyama,OXlxfi4AAAAJ,0000-0000-0000-0000
József Békési,University of Szeged,http://www.jgypk.hu/~bekesi,NOSCHOLARPAGE,0000-0003-3820-9777
Jöran Beel,University of Siegen,https://isg.beel.org/people/joeran-beel,jyXACVcAAAAJ,0000-0000-0000-0000
Jörg Becker 0001,University of Münster,https://www.wi.uni-muenster.de/de/institut/is,VU0qH2MAAAAJ,0000-0000-0000-0000
Jörg Carsten Widmer,IMDEA Networks Institute,http://people.networks.imdea.org/~joerg_widmer,LT1_KV4AAAAJ,0000-0000-0000-0000
Jörg Conradt,KTH Royal Inst. of Technology,https://www.kth.se/profile/conr,NGdMpTYAAAAJ,0000-0000-0000-0000
Jörg Denzinger,University of Calgary,http://cpsc.ucalgary.ca/~denzinge,Mb2LCH8AAAAJ,0000-0002-1450-8230
Jörg Endrullis,VU Amsterdam,http://joerg.endrullis.de,wlsbXosAAAAJ,0000-0002-2554-8270
Jörg H. Siekmann,Saarland University,http://siekmann.dfki.de/en/home-2,NOSCHOLARPAGE,0000-0000-0000-0000
Jörg Henkel,Karlsruhe Inst. of Technology,http://ces.itec.kit.edu/21_henkel.php,AmnIAhEAAAAJ,0000-0001-9602-2922
Jörg Hoffmann 0001,Saarland University,http://fai.cs.uni-saarland.de/hoffmann,NR6qg_UAAAAJ,0000-0003-1590-5876
Jörg Hähner,University of Augsburg,https://www.uni-augsburg.de/de/fakultaet/fai/informatik/prof/oc/team/haehner,DOIec3gAAAAJ,0000-0003-0107-264X
Jörg Kienzle,McGill University,http://www.cs.mcgill.ca/~joerg/Home/Jorgs_Home.html,INUL3eEAAAAJ,0000-0001-6611-5431
Jörg Liebeherr,University of Toronto,http://www.comm.utoronto.ca/~jorg,8WrYVG8AAAAJ,0000-0000-0000-0000
Jörg Müller 0001,University of Bayreuth,https://www.ai8.uni-bayreuth.de/de/team/Joerg-Mueller/index.php,RdvLNP4AAAAJ,0000-0002-4971-9126
Jörg Nolte,Brandenburg Univ. of Technology,https://www.b-tu.de/en/distributed-systems-operating-systems-group/team/professor,NOSCHOLARPAGE,0000-0000-0000-0000
Jörg Ott,TU Munich,https://www.netlab.tkk.fi/~jo,h16ode4AAAAJ,0000-0001-8311-8036
Jörg P. Müller,TU Clausthal,https://meclab.in.tu-clausthal.de/members/member.php?member=joerg.mueller,qU5PVzAAAAAJ,0000-0000-0000-0000
Jörg Peters,University of Florida,http://www.cise.ufl.edu/~jorg,MoMic_4AAAAJ,0000-0000-0000-0000
Jörg Raisch,TU Berlin,https://www.eecs.tu-berlin.de/menue/einrichtungen/professuren/professorinnen/raisch/parameter/en,sVunjlIAAAAJ,0000-0000-0000-0000
Jörg Rothe,University of Düsseldorf,https://ccc.cs.uni-duesseldorf.de/~rothe,NRdBUrwAAAAJ,0000-0002-0589-3616
Jörg Sander 0001,University of Alberta,https://webdocs.cs.ualberta.ca/~joerg,QzFTFLEAAAAJ,0000-0003-4068-7268
Jörg Schröttner,Graz University of Technology,https://www.tugraz.at/institute/hce/institut/team,NOSCHOLARPAGE,0000-0000-0000-0000
Jörg Schwenk,Ruhr-University Bochum,http://nds.rub.de/chair/people/joerg-schwenk,IetgqsgAAAAJ,0000-0001-9315-7354
Jörg Widmer,IMDEA Networks Institute,http://people.networks.imdea.org/~joerg_widmer,LT1_KV4AAAAJ,0000-0001-6667-8779
Jörg-Rüdiger Sack,Carleton University,http://www.scs.carleton.ca/~sack,NOSCHOLARPAGE,0000-0000-0000-0000
Jörg-Uwe Meyer,University of Lübeck,https://www.ifis.uni-luebeck.de/de/team/joerg-uwe-meyer,NOSCHOLARPAGE,0009-0000-5091-2495
Jörn Diedrichsen,Western University,http://www.diedrichsenlab.org,mF72dYoAAAAJ,0000-0003-0264-8532
Jörn Janneck,Lund University,http://www.lunduniversity.lu.se/lucat/user/6d94f235ba6e4b38f5fbc1a7b0ed0c00,acaDIH8AAAAJ,0000-0000-0000-0000
Jörn Müller-Quade,Karlsruhe Inst. of Technology,http://crypto.iti.kit.edu/index.php?id=iks-mueller-quade,iJjzGQkAAAAJ,0009-0008-0362-0519
Jörn Ostermann,University of Hannover,http://www.tnt.uni-hannover.de/~osterman,WRTLuxcAAAAJ,0000-0002-6743-3324
Jørgen P. Bansler,University of Copenhagen,http://diku.dk/Ansatte/beskrivelse/?id=160232,YuHIy0IAAAAJ,0000-0000-0000-0000
Jørgen Villadsen,DTU,https://www.compute.dtu.dk/english,NOSCHOLARPAGE,0000-0000-0000-0000
Júlio Cezar Estrella,USP-ICMC,http://icmc.usp.br/pessoas?id=10112875,uDdnClUAAAAJ,0000-0000-0000-0000
Jürgen Beyerer,Karlsruhe Inst. of Technology,https://ies.iar.kit.edu/1473_1497.php,-BCKzg0AAAAJ,0000-0003-3556-7181
Jürgen Brehm,University of Hannover,https://www.sra.uni-hannover.de/People/brehm,NOSCHOLARPAGE,0000-0000-0000-0000
Jürgen Cito,TU Wien,http://people.csail.mit.edu/jcito,fj5MiWsAAAAJ,0000-0001-8619-1271
Jürgen Dingel,Queen’s University,http://www.cs.queensu.ca/~dingel,MZggB6kAAAAJ,0000-0000-0000-0000
Jürgen Dix,TU Clausthal,https://www.ifi-ci.tu-clausthal.de/members/leader/prof-dr-juergen-dix,5TZTOjcAAAAJ,0000-0000-0000-0000
Jürgen Dorn,TU Wien,http://www.ec.tuwien.ac.at/~dorn,sU9DTeYAAAAJ,0000-0002-1156-0463
Jürgen Döllner,Hasso Plattner Institute,https://hpi.de/en/research/research-groups/computer-graphics-systems,NOSCHOLARPAGE,0000-0002-8981-8583
Jürgen Gall,University of Bonn,https://pages.iai.uni-bonn.de/gall_juergen,1CLaPMEAAAAJ,0000-0000-0000-0000
Jürgen Giesl,RWTH Aachen University,http://verify.rwth-aachen.de/giesl,dh9YNEoAAAAJ,0000-0003-0283-8520
Jürgen Hesser,Heidelberg University,http://medphyssrv1.medma.uni-heidelberg.de/cms,NOSCHOLARPAGE,0000-0000-0000-0000
Jürgen Peissig,University of Hannover,https://www.ikt.uni-hannover.de/321.html?&no_cache=1&tx_tkinstpersonen_pi1%5Balias%5D=pei,asWSO9QAAAAJ,0000-0000-0000-0000
Jürgen Prestin,University of Lübeck,https://www.math.uni-luebeck.de/mitarbeiter/prestin,0SzrmIMAAAAJ,0000-0000-0000-0000
Jürgen Sachau,University of Luxembourg,http://wwwen.uni.lu/snt/people/juergen_sachau,NOSCHOLARPAGE,0000-0000-0000-0000
Jürgen Sauer,University of Oldenburg,https://uol.de/sao/personen/apl-prof-dr-ing-juergen-sauer,E6w1sCMAAAAJ,0000-0000-0000-0000
Jürgen Sauer 0001,University of Oldenburg,https://uol.de/sao/personen/apl-prof-dr-ing-juergen-sauer,E6w1sCMAAAAJ,0000-0000-0000-0000
Jürgen Schmidhuber,KAUST,https://cemse.kaust.edu.sa/people/person/jurgen-schmidhuber,gLnCTgIAAAAJ,0000-0002-1468-6758
Jürgen Schönwälder,Jacobs University Bremen,https://www.jacobs-university.de/directory/jschoenwaelder,YaiOokwAAAAJ,0000-0000-0000-0000
Jürgen Steimle,Saarland University,https://hci.cs.uni-saarland.de/people/juergen-steimle,Cz_S3u8AAAAJ,0000-0003-3493-8745
Jürgen Teich,University of Erlangen–Nuremberg,https://www.cs12.tf.fau.de/person/juergen-teich,Hj3eizAAAAAJ,0000-0001-6285-5862
Jürgen W. Hesser,Heidelberg University,http://medphyssrv1.medma.uni-heidelberg.de/cms,NOSCHOLARPAGE,0000-0000-0000-0000
Jürgen Ziegler 0001,University of Duisburg-Essen,https://interactivesystems.info/team/juergen-ziegler,UD-ha3YAAAAJ,0000-0001-9603-5272

