name,affiliation,homepage,scholarid,orcid
K. Anton Feenstra,VU Amsterdam,http://www.few.vu.nl/~feenstra,NOSCHOLARPAGE,0000-0001-6755-9667
K. C. Sivaramakrishnan,IIT Madras,https://kcsrk.info,Kc2cHqYAAAAJ,0000-0002-3491-1780
K. C. Wang,Washington State University,https://school.eecs.wsu.edu/people/faculty/kc-wang,NmoASSIAAAAJ,0000-0000-0000-0000
K. Gopinath,Plaksha University,https://plaksha.edu.in/faculty-details/dr-k-gopinath,ribzpr4AAAAJ,0000-0000-0000-0000
K. Harald Gjermundrød,University of Nicosia,https://www.unic.ac.cy/gjermundrod-harald,sRPAAHcAAAAJ,0000-0000-0000-0000
K. Hari Babu 0001,BITS Pilani,http://www.bits-pilani.ac.in/pilani/khari/profile,E-yshlwAAAAJ,0000-0000-0000-0000
K. Haribabu 0001,BITS Pilani,http://www.bits-pilani.ac.in/pilani/khari/profile,E-yshlwAAAAJ,0000-0000-0000-0000
K. K. Ramakrishnan,Univ. of California - Riverside,http://www.cs.ucr.edu/~kk,Da-s1FQAAAAJ,0000-0003-1849-5155
K. Lakshmanan 0001,IIT (BHU) Varanasi,http://www.iitbhu.ac.in/cse/index.php/people/faculty.html,K2Q4ZxkAAAAJ,0000-0000-0000-0000
K. M. George,Oklahoma State University,https://www.cs.okstate.edu/~kmg,NOSCHOLARPAGE,0000-0002-7391-2444
K. Madhava Krishna,IIIT Hyderabad,https://www.iiit.ac.in/people/faculty/mkrishna,QDuPGHwAAAAJ,0000-0001-7846-7901
K. Narayan Kumar,CMI,http://www.cmi.ac.in/~kumar,iREqKFwAAAAJ,0000-0003-0504-7302
K. R. Seeja,IGDTUW,https://www.igdtuw.ac.in/computerScience.php?name=KRSeeja,BL4-9QUAAAAJ,0000-0000-0000-0000
K. Ramesh 0009,National Inst. of Tech. Warangal,https://wsdc.nitw.ac.in/facultynew/facultyprofile/id/16339,NOSCHOLARPAGE,0000-0002-8531-5401
K. Rüdiger Reischuk,University of Lübeck,http://www.tcs.uni-luebeck.de/mitarbeiter/reischuk,NOSCHOLARPAGE,0000-0000-0000-0000
K. S. Rajan,IIIT Hyderabad,https://www.iiit.ac.in/people/faculty/rajan,00_zU7QAAAAJ,0000-0000-0000-0000
K. Selçuk Candan,Arizona State University,http://aria.asu.edu/candan,keO-0s0AAAAJ,0000-0003-4977-6646
K. Sreenivasa Rao,IIT Kharagpur,https://cse.iitkgp.ac.in/~ksrao,TATEL2EAAAAJ,0000-0000-0000-0000
K. Srinathan 0001,IIIT Hyderabad,https://www.iiit.ac.in/people/faculty/srinathan,NOSCHOLARPAGE,0000-0000-0000-0000
K. Subramani 0001,West Virginia University,http://community.wvu.edu/~krsubramani,NOSCHOLARPAGE,0000-0001-5821-5117
K. T. Tim Cheng,HKUST,http://www.ust.hk/about-hkust/senior-adm/dean-of-engineering,NOSCHOLARPAGE,0000-0000-0000-0000
K. Uldall Kristiansen,DTU,https://www.compute.dtu.dk/english,NOSCHOLARPAGE,0000-0000-0000-0000
K. V. Dinesha,IIIT Bangalore,http://www.iiitb.ac.in/faculty_page.php?name=KVDinesha,NOSCHOLARPAGE,0000-0000-0000-0000
K. V. Kadambari,National Inst. of Tech. Warangal,https://wsdc.nitw.ac.in/facultynew/facultyprofile/id/16335,hPMJtNwAAAAJ,0000-0000-0000-0000
K. V. Rashmi,Carnegie Mellon University,http://www.cs.cmu.edu/~rvinayak,gUO59T8AAAAJ,0000-0002-2227-7460
K. V. S. Prasad,Chalmers/GU,https://www.chalmers.se/en/staff/Pages/prasad.aspx,NOSCHOLARPAGE,0000-0000-0000-0000
K. V. Subrahmanyam 0001,CMI,http://www.cmi.ac.in/~kv,pxVeS_IAAAAJ,0000-0000-0000-0000
K. Vijay-Shanker,University of Delaware,https://www.eecis.udel.edu/~vijay,O1l6JGkAAAAJ,0000-0000-0000-0000
K.-C. Wang,Washington State University,https://school.eecs.wsu.edu/people/faculty/kc-wang,NmoASSIAAAAJ,0000-0000-0000-0000
Ka-Chun Wong,City University of Hong Kong,http://www.cs.utoronto.ca/~wkc,nZH_Ws8AAAAJ,0000-0001-6062-733X
Ka-man Lam,University of Hong Kong,https://www.cs.hku.hk/index.php/people/academic-staff/kmlam,NOSCHOLARPAGE,0000-0000-0000-0000
Kaave Hosseini,University of Rochester,https://www.cs.rochester.edu/u/shossei2,kDvaecMAAAAJ,0000-0002-3497-3500
Kadangode K. Ramakrishnan,Univ. of California - Riverside,http://www.cs.ucr.edu/~kk,Da-s1FQAAAAJ,0000-0003-1849-5155
Kadek Ananta Satriadi,Monash University,https://research.monash.edu/en/persons/kadek-satriadi,RTXPwwEAAAAJ,0000-0002-2230-8677
Kadri Muischnek,University of Tartu,http://www.ut.ee/en/kadri-muischnek,JU8d42oAAAAJ,0000-0000-0000-0000
Kadri Vider,University of Tartu,http://www.ut.ee/en/kadri-vider,_l9lwNgAAAAJ,0000-0000-0000-0000
Kahyun Choi,Indiana University,http://kahyunchoi.com,TYXfH1wAAAAJ,0000-0002-6436-1417
Kai Bu,Zhejiang University,http://mypage.zju.edu.cn/kaibu,cmcMPx4AAAAJ,0000-0000-0000-0000
Kai Chen 0005,HKUST,http://www.cse.ust.hk/~kaichen,NOSCHOLARPAGE,0000-0003-2587-6028
Kai Chen 0012,Chinese Academy of Sciences,http://www.kaichen.org,i869JHoAAAAJ,0000-0002-5624-2987
Kai Fischbach,University of Bamberg,https://www.uni-bamberg.de/sna/team/prof-dr-kai-fischbach,PRhJB5EAAAAJ,0000-0000-0000-0000
Kai Fong Ernest Chong,SUTD,http://people.sutd.edu.sg/~ernest_chong,JewaBYEAAAAJ,0000-0001-5568-7610
Kai Gellert,University of Wuppertal,https://itsc.uni-wuppertal.de/en/group-members/dr-ing-kai-gellert,BQC6m3oAAAAJ,0000-0003-0985-7265
Kai Han 0003,SUFE,https://kaihanhome.github.io,n3GdeCUAAAAJ,0000-0002-6302-5366
Kai Hormann,Università della Svizzera italiana,http://www.inf.usi.ch/hormann,HECy9k0AAAAJ,0000-0001-6455-4246
Kai Hu 0004,Beihang University,http://scse.buaa.edu.cn/info/1020/2961.htm,NOSCHOLARPAGE,0000-0000-0000-0000
Kai Huang 0011,MUST,https://fie.must.edu.mo/id-1444/person/view/id-1474.html,yumhkL0AAAAJ,0000-0002-3385-6417
Kai Hwang 0001,CUHK (SZ),https://myweb.cuhk.edu.cn/hwangkai,igFuAncAAAAJ,0000-0000-0000-0000
Kai Kunze,Keio University,http://kaikunze.de,aBBK-psAAAAJ,0000-0003-2294-3774
Kai Lawonn,Friedrich Schiller University Jena,http://vis.uni-jena.de,fx7xoMYAAAAJ,0000-0002-1511-4022
Kai Li 0001,Princeton University,http://www.cs.princeton.edu/~li,9MSpWOUAAAAJ,0000-0002-2095-7024
Kai Li 0017,Stevens Institute of Technology,https://likai1993.github.io,dtQ6JD0AAAAJ,0000-0002-6040-0220
Kai Liu 0018,Clemson University,https://sites.google.com/view/kailiu/home,4justeYAAAAJ,0000-0002-1272-0262
Kai Ming Ting,Nanjing University,https://ai.nju.edu.cn/KaiMingTing,9f3ZcbYAAAAJ,0000-0001-7892-6194
Kai Oliver Arras,University of Stuttgart,https://www.ki.uni-stuttgart.de/institute/team/Arras,Nz1kn-8AAAAJ,0000-0000-0000-0000
Kai Puolamäki,University of Helsinki,http://kaip.iki.fi,3Z9pgDAAAAAJ,0000-0003-1819-1047
Kai S. Kunze,Keio University,http://kaikunze.de,aBBK-psAAAAJ,0000-0000-0000-0000
Kai Salomaa,Queen’s University,http://research.cs.queensu.ca/~ksalomaa,N3AlqdYAAAAJ,0000-0000-0000-0000
Kai Shen,University of Rochester,https://www.cs.rochester.edu/u/kshen,NOSCHOLARPAGE,0000-0002-3564-0281
Kai Shu,Emory University,https://www.cs.emory.edu/~kshu5,-6bAV2cAAAAJ,0000-0002-6043-1764
Kai Shuang,BUPT,https://teacher.bupt.edu.cn/shuangkai/en/index.htm,KjjEavgAAAAJ,0000-0000-0000-0000
Kai Sun 0001,University of Tennessee,http://web.eecs.utk.edu/~kaisun,O_2drywAAAAJ,0000-0000-0000-0000
Kai Wang 0001,Nankai University,https://cc.nankai.edu.cn/2021/0323/c13619a548870/page.htm,ZCch44EAAAAJ,0000-0001-5589-7060
Kai Wang 0040,Georgia Institute of Technology,https://guaguakai.com,spWVns8AAAAJ,0000-0000-0000-0000
Kai Wu 0003,Xidian University,https://web.xidian.edu.cn/kwu,4zGSPzsAAAAJ,0000-0002-1852-6364
Kai Xing,USTC,http://staff.ustc.edu.cn/~kxing,Z-UCpSoAAAAJ,0000-0000-0000-0000
Kai Yu 0004,Shanghai Jiao Tong University,https://x-lance.sjtu.edu.cn/en/members/kai_yu,y5zkBeMAAAAJ,0000-0002-7102-9826
Kai Zeng 0001,George Mason University,https://people-ece.vse.gmu.edu/~kzeng2,ErabYRMAAAAJ,0000-0003-3279-0695
Kai Zhang 0001,Temple University,https://cis.temple.edu/user/635,7j2cJsgAAAAJ,0000-0000-0000-0000
Kai Zhang 0006,Fudan University,https://kay21s.github.io,GvuK7z4AAAAJ,0000-0001-7518-5466
Kai Zhang 0008,Nanjing University,https://cszn.github.io,0RycFIIAAAAJ,0009-0001-7579-340X
Kai Zhao 0008,Florida State University,https://ayzk.github.io,etsusEoAAAAJ,0000-0001-5328-3962
Kai Zheng 0001,UESTC,http://zheng-kai.com,EM-l50cAAAAJ,0000-0002-0217-3998
Kai Zheng 0002,Univ. of California - Irvine,https://www.ics.uci.edu/~zhengkai,NOSCHOLARPAGE,0000-0000-0000-0000
Kai Zhou 0001,The Hong Kong Polytechnic Univ.,https://web.comp.polyu.edu.hk/kaizhou,J2QAuAUAAAAJ,0000-0003-1383-2765
Kai-Chiang Wu,National Chiao Tung University,http://www.cs.nctu.edu.tw/~kcw,NOSCHOLARPAGE,0000-0000-0000-0000
Kai-Hsiung Chang,Auburn University,http://www.eng.auburn.edu/~kchang,NOSCHOLARPAGE,0000-0000-0000-0000
Kai-Uwe Sattler,TU Ilmenau,https://www.tu-ilmenau.de/dbis/staff/kai-uwe-sattler,ErxOtuEAAAAJ,0000-0000-0000-0000
Kai-Wei Chang,Univ. of California - Los Angeles,http://kwchang.net,fqDBtzYAAAAJ,0000-0000-0000-0000
Kaidi Xu,Drexel University,https://kaidixu.com,lYK0wlsAAAAJ,0000-0003-4437-0671
Kaifeng Huang 0001,Tongji University,https://kaifeng-h.github.io,lrspoIAAAAAJ,0009-0000-1513-8254
Kaifeng Lyu,Tsinghua University,https://iiis.tsinghua.edu.cn/en/People/Faculty/LyuKaifeng.htm,843JJtgAAAAJ,0009-0000-1690-5910
Kaigui Bian,Peking University,http://net.pku.edu.cn/~bkg,P8WKqa4AAAAJ,0000-0003-0136-6082
Kaihua Qin,University of Warwick,https://qin.ac,-NPCrhcAAAAJ,0000-0003-2190-3623
Kaihuai Qin,Tsinghua University,http://www.tsinghua.edu.cn/publish/cs/4616/2011/20110907090317797876810/20110907090317797876810_.html,NOSCHOLARPAGE,0000-0001-8902-142X
Kaile Su,Griffith University,https://experts.griffith.edu.au/7228-kaile-su,MXtsWd0AAAAJ,0000-0001-6741-9699
Kaili Müürisep,University of Tartu,http://kodu.ut.ee/~kaili,BSsD0vgAAAAJ,0000-0000-0000-0000
Kaili Zhao,BUPT,https://zkl20061823.github.io,kRbj_0kAAAAJ,0000-0002-1438-6165
Kailun Yang 0001,Hunan University,https://yangkailun.com,pKFqWhgAAAAJ,0000-0002-1090-667X
Kaiming He,Massachusetts Inst. of Technology,https://people.csail.mit.edu/kaiming,DhtAFkwAAAAJ,0000-0000-0000-0000
Kaiqi Huang,Chinese Academy of Sciences,http://people.ucas.ac.cn/~huangkaiqi?language=en,caQ-OmYAAAAJ,0000-0002-2677-9273
Kaiqi Zhao 0001,University of Auckland,https://profiles.auckland.ac.nz/kaiqi-zhao,LRb5M2AAAAAJ,0000-0002-0984-1629
Kaiqiang Yu,Nanjing University,https://kaiqiangyu.github.io,ji_DIX0AAAAJ,0000-0003-1153-2902
Kaiqing Zhang,Univ. of Maryland - College Park,http://kzhang66.github.io,Hi7ZdhQAAAAJ,0000-0002-7446-7581
Kairit Sirts,University of Tartu,https://ksirts.github.io,YOrsSssAAAAJ,0000-0001-7388-2583
Kaisa Väänänen,Tampere University,https://research.tuni.fi/kaisa-vaananen,mt41HYQAAAAJ,0000-0002-3565-6021
Kaisheng Ma,Tsinghua University,https://iiis.tsinghua.edu.cn/en/People/Faculty/MaKaisheng.htm,VtDpVoEAAAAJ,0000-0001-9226-3366
Kaishun Wu,Shenzhen University,http://www.kaishunwu.com/index.html,Vt-q3E4AAAAJ,0000-0003-2216-0737
Kaisong Huang,University of Calgary,https://kaisonghuang.github.io,U52rdm4AAAAJ,0000-0001-7919-5426
Kaitai Liang,TU Delft,https://www.tudelft.nl/ewi/over-de-faculteit/afdelingen/intelligent-systems/cybersecurity/computational-privacy/people/kaitai-liang,_qHKRH4AAAAJ,0000-0003-0262-7678
Kaitlin N. Smith,Northwestern University,https://knsmith.github.io,ETYLMREAAAAJ,0000-0002-1169-3696
Kaito Fujii,National Inst. of Informatics,https://www.nii.ac.jp/en/faculty/informatics/fujii_kaito,RcFjdYwAAAAJ,0000-0002-4315-6369
Kaixiong Zhou,North Carolina State University,https://ece.ncsu.edu/people/kzhou22,KlvcurEAAAAJ,0000-0001-5226-8736
Kaiyang Zhou,Hong Kong Baptist University,https://kaiyangzhou.github.io,gRIejugAAAAJ,0000-0000-0000-0000
Kaiyi Ji,University at Buffalo,https://jikaiyi.github.io,E0A3lSIAAAAJ,0000-0000-0000-0000
Kaiyu Hang,Rice University,https://hangkaiyu.github.io/index.html,GrgH1lQAAAAJ,0000-0000-0000-0000
Kaiyuan Yang,Rice University,https://vlsi.rice.edu/authors/admin,jbdA71QAAAAJ,0000-0000-0000-0000
Kaizhong Zhang,Western University,http://www.csd.uwo.ca/~kzhang,a089X_0AAAAJ,0009-0006-5735-2949
Kaj Grønbæk,Aarhus University,https://cs.au.dk/~kgronbak,zaL7iZ4AAAAJ,0000-0002-3752-6714
Kaleem Siddiqi,McGill University,http://www.cim.mcgill.ca/~siddiqi,1jEAOVcAAAAJ,0000-0002-7347-9716
Kaliappa Nadar Ravindran,CUNY,https://www.ccny.cuny.edu/profiles/kaliappa-ravindran,NOSCHOLARPAGE,0000-0000-0000-0000
Kaliappa Ravindran,CUNY,https://www.ccny.cuny.edu/profiles/kaliappa-ravindran,NOSCHOLARPAGE,0000-0000-0000-0000
Kalidas Yeturu,IIT Tirupati,https://iittp.ac.in/dr-kalidas-yeturu,1D3lF5MAAAAJ,0000-0000-0000-0000
Kalina Bontcheva,University of Sheffield,https://www.sheffield.ac.uk/dcs/people/academic/kalina-bontcheva,kUbDCnMAAAAJ,0000-0001-6152-9600
Kalina Lubomirova Bontcheva,University of Sheffield,https://www.sheffield.ac.uk/dcs/people/academic/kalina-bontcheva,kUbDCnMAAAAJ,0000-0000-0000-0000
Kalina Yacef,University of Sydney,http://sydney.edu.au/engineering/people/kalina.yacef.php,kTZaMgMAAAAJ,0000-0001-7521-6429
Kalinka Branco,USP-ICMC,http://conteudo.icmc.usp.br/pessoas/kalinka,XMwzMF8AAAAJ,0000-0000-0000-0000
Kalinka Castelo Branco,USP-ICMC,http://conteudo.icmc.usp.br/pessoas/kalinka,XMwzMF8AAAAJ,0000-0000-0000-0000
Kalinka R. J. L. Branco,USP-ICMC,http://conteudo.icmc.usp.br/pessoas/kalinka,XMwzMF8AAAAJ,0000-0000-0000-0000
Kalinka R. L. J. Branco,USP-ICMC,http://conteudo.icmc.usp.br/pessoas/kalinka,XMwzMF8AAAAJ,0000-0000-0000-0000
Kalinka R. L. J. C. Branco,USP-ICMC,http://conteudo.icmc.usp.br/pessoas/kalinka,XMwzMF8AAAAJ,0000-0000-0000-0000
Kalinka R. L. J. Castelo Branco,USP-ICMC,http://conteudo.icmc.usp.br/pessoas/kalinka,XMwzMF8AAAAJ,0000-0000-0000-0000
Kalinka Regina Lucas Jaquie Castelo Branco,USP-ICMC,http://conteudo.icmc.usp.br/pessoas/kalinka,XMwzMF8AAAAJ,0000-0001-6816-208X
Kalluri R. Sarma,IIIT Hyderabad,https://www.iiit.ac.in/people/faculty/krsarma,NOSCHOLARPAGE,0000-0000-0000-0000
Kalmer Apinis,University of Tartu,http://www.ut.ee/en/kalmer-apinis,1Xo35tEAAAAJ,0009-0006-2395-6584
Kalpathi R. Subramanian,UNC - Charlotte,http://webpages.uncc.edu/krs,dKJr2vwAAAAJ,0000-0002-7316-2735
Kalyan Sasidhar,DAIICT,http://www.daiict.ac.in/daiict/people/faculty.html,NOSCHOLARPAGE,0000-0000-0000-0000
Kam Cheung Patrick Wong,Open University UK,http://stem.open.ac.uk/people/kcpw2,Yn-euNYAAAAJ,0000-0000-0000-0000
Kam-Hoi Cheng,University of Houston,http://www2.cs.uh.edu/~khcheng,DzmB4y4AAAAJ,0000-0000-0000-0000
Kam-Pui Chow,University of Hong Kong,https://i.cs.hku.hk/~chow,NOSCHOLARPAGE,0000-0000-0000-0000
Kam-yiu Lam,City University of Hong Kong,https://www.cs.cityu.edu.hk/profile/cskylam.html,s3zqPMYAAAAJ,0000-0003-0673-3566
Kamakoti Veezhinathan,IIT Madras,http://rise.cse.iitm.ac.in/people/faculty/kama/kama.html,n_Ck-8UAAAAJ,0000-0000-0000-0000
Kamal Al Nasr,Augusta University,https://www.augusta.edu/faculty/directory/view.php?id=KALNASR,ktItSA0AAAAJ,0000-0000-0000-0000
Kamal Deep Singh,Université Jean Monnet,https://laboratoirehubertcurien.univ-st-etienne.fr/en/teams/connected-intelligence/staff.html,mDLQC0EAAAAJ,0000-0000-0000-0000
Kamal Karlapalem,IIIT Hyderabad,https://www.iiit.ac.in/people/faculty/kamal,bEZqpLsAAAAJ,0000-0000-0000-0000
Kamal Lodaya,IMSc,http://www.imsc.res.in/%7Ekamal,NOSCHOLARPAGE,0000-0000-0000-0000
Kamal Mansur Jambi,King Abdulaziz University,http://www.kau.edu.sa/CVEn.aspx?Site_ID=0001480&Lng=EN,NOSCHOLARPAGE,0000-0000-0000-0000
Kamal Sarkar,Jadavpur University,http://jaduniv.edu.in/profile.php?uid=662,2KnBEMEAAAAJ,0000-0002-0689-3976
Kamalakar Karlapalem,IIIT Hyderabad,https://www.iiit.ac.in/people/faculty/kamal,bEZqpLsAAAAJ,0000-0000-0000-0000
Kambiz Ghazinour,Kent State University,https://www.kent.edu/cs/profile/kambiz-ghazinour,S5Dabo0AAAAJ,0000-0002-6816-2968
Kamer Kaya,Sabancı University,http://people.sabanciuniv.edu/kaya,cFJGW7gAAAAJ,0000-0000-0000-0000
Kamesh Madduri,Pennsylvania State University,http://www.cse.psu.edu/~kxm85,bYI7VMwAAAAJ,0000-0003-4344-0957
Kamesh Munagala,Duke University,https://users.cs.duke.edu/~kamesh,PJQPzgcAAAAJ,0000-0003-2636-9650
Kameswari Chebrolu,IIT Bombay,https://www.cse.iitb.ac.in/~chebrolu,U-Irc6kAAAAJ,0000-0000-0000-0000
Kamil Malinka,Brno University of Technology,https://www.fit.vut.cz/person/malinka,CoyBVVUAAAAJ,0000-0002-9009-2193
Kamil Saraç,University of Texas at Dallas,http://www.utdallas.edu/~ksarac,NOSCHOLARPAGE,0000-0000-0000-0000
Kamlesh Tiwari,BITS Pilani,http://www.bits-pilani.ac.in/pilani/kamleshtiwari/profile,BtURBxsAAAAJ,0000-0000-0000-0000
Kamran Sedig,Western University,http://www.csd.uwo.ca/faculty/sedig,NTTQNNoAAAAJ,0000-0002-6970-5469
Kan Ren,ShanghaiTech University,http://www.saying.ren,USnQVWgAAAAJ,0000-0002-4032-9615
Kan Yang 0001,University of Memphis,https://www.memphis.edu/cs/people/faculty_pages/kan-yang.php,QqGPbXYAAAAJ,0000-0000-0000-0000
Kan-Le Shi,Tsinghua University,http://cgcad.thss.tsinghua.edu.cn/?people=kanle-shi,NOSCHOLARPAGE,0000-0000-0000-0000
Kana Shimizu,Waseda University,https://iskana.github.io/index.html,-EEsgxUAAAAJ,0000-0001-6452-9091
Kanad Ghose,Binghamton University,http://www.cs.binghamton.edu/~ghose,3itxM90AAAAJ,0000-0002-5509-6543
Kanae Tsushima,National Inst. of Informatics,https://www.nii.ac.jp/en/faculty/architecture/tsushima_kanae,NOSCHOLARPAGE,0000-0002-3383-3389
Kanagaraj Sekar,IISc Bangalore,https://cds.iisc.ac.in/faculty/sekar,CT0Z5kIAAAAJ,0000-0000-0000-0000
Kanchan Manna,BITS Pilani-Goa,https://www.bits-pilani.ac.in/goa/kanchanm/Profile,52Dr_LAAAAAJ,0000-0001-7026-2821
Kanchana Thilakarathna,University of Sydney,https://sydney.edu.au/engineering/people/kanchana.thilakarathna.php,V-YM7ecAAAAJ,0000-0003-4332-0082
Kanchi Gopinath,Plaksha University,https://plaksha.edu.in/faculty-details/dr-k-gopinath,ribzpr4AAAAJ,0000-0000-0000-0000
Kang Chen,Tsinghua University,http://madsys.cs.tsinghua.edu.cn/~kangchen,fXtFkIoAAAAJ,0000-0002-8368-1109
Kang G. Shin,University of Michigan,http://web.eecs.umich.edu/~kgshin,vY7MdLYAAAAJ,0000-0003-0086-8777
Kang Li 0001,University of Georgia,http://cobweb.cs.uga.edu/~kangli,LLcNeeYAAAAJ,0000-0000-0000-0000
Kang Liu 0001,Chinese Academy of Sciences,http://www.nlpr.ia.ac.cn/cip/~liukang/index.html,DtZCfl0AAAAJ,0000-0000-0000-0000
Kang Wook Lee 0001,University of Wisconsin - Madison,https://kangwooklee.com,sCEl8r-n5VEC,0000-0000-0000-0000
Kang-Min Kim,The Catholic University of Korea,http://kangmin89.com,PQsJWfsAAAAJ,0000-0003-2335-7072
KangKang Yin,Simon Fraser University,https://www.cs.sfu.ca/~kkyin,5P2jxPQAAAAJ,0000-0000-0000-0000
Kangjie Lu,University of Minnesota,https://www.cs.umn.edu/people/kangjie-lu,1F9N6icAAAAJ,0000-0002-4763-7354
Kangkook Jee,University of Texas at Dallas,https://kangkookjee.github.io,x-ApqMUAAAAJ,0000-0003-3797-4637
Kangning Wang 0001,Rutgers University,https://sites.google.com/view/kangningwang/home,tK_Ty_IAAAAJ,0000-0001-8688-2478
Kangsoo Kim,University of Calgary,https://www.hxi-lab.ca,oNaa4qkAAAAJ,0000-0002-0925-378X
Kangwook Lee 0001,University of Wisconsin - Madison,https://kangwooklee.com,sCEl8r-n5VEC,0000-0002-3360-9678
Kanle Shi,Tsinghua University,http://cgcad.thss.tsinghua.edu.cn/?people=kanle-shi,NOSCHOLARPAGE,0000-0001-5865-6078
Kannan Ramchandran,Univ. of California - Berkeley,https://www.eecs.berkeley.edu/~kannanr,DcV-5RAAAAAJ,0000-0002-4567-328X
Kannan Srinathan,IIIT Hyderabad,https://www.iiit.ac.in/people/faculty/srinathan,NOSCHOLARPAGE,0000-0000-0000-0000
Kannan Srinivasan 0001,Ohio State University,http://web.cse.ohio-state.edu/~kannan,whB5QDoAAAAJ,0000-0003-2805-1902
Kannappan Palaniappan,University of Missouri,https://engineering.missouri.edu/faculty/kannappan-palaniappan,NOSCHOLARPAGE,0000-0003-2663-1380
Kanstantsin Pashkovich,University of Ottawa,https://kanstantsinpashkovich.bitbucket.io,_cIeQgYAAAAJ,0000-0001-5290-1474
Kanta Matsuura,University of Tokyo,http://kmlab.iis.u-tokyo.ac.jp/kanta_matsuura.html,NOSCHOLARPAGE,0009-0005-0348-026X
Kanye Ye Wang,University of Macau,https://www.fst.um.edu.mo/people/wangye,HVUWD_0AAAAJ,0000-0001-7908-5286
Kaoru Sezaki,University of Tokyo,https://www.k.u-tokyo.ac.jp/pros-e/person/kaoru_sezaki/kaoru_sezaki.htm,hXYgAmEAAAAJ,0000-0003-1194-4632
Kapil Ahuja,IIT Indore,http://www.iiti.ac.in/~kahuja,l2ySGVcAAAAJ,0000-0001-9640-4437
Karan Ahuja,Northwestern University,https://karan-ahuja.com,zXVYC5AAAAAJ,0000-0003-2497-0530
Karan Singh 0004,University of Toronto,http://www.dgp.toronto.edu/~karan,lCwsfosAAAAJ,0000-0002-2232-7480
Kareem Darwish,Qatar Computing Research Inst.,http://www.qcri.org/our-people/bio?pid=23&amp;par=acc&amp;name=KareemDarwish,y7tlR6UAAAAJ,0000-0000-0000-0000
Karel Pala,Masaryk University,https://www.muni.cz/en/people/455,BMgQNWMAAAAJ,0000-0000-0000-0000
Karel Zimmermann,Czech Technical University,http://cmp.felk.cvut.cz/~zimmerk,UROU6RgAAAAJ,0000-0002-8898-4512
Karem A. Sakallah,University of Michigan,http://web.eecs.umich.edu/~karem,M441iZ8AAAAJ,0000-0002-5819-9089
Karen Daniels,University of Massachusetts Lowell,http://www.cs.uml.edu/~kdaniels,NOSCHOLARPAGE,0000-0000-0000-0000
Karen Davis,University of Cincinnati,https://www.uc.edu/bursar/contacts/staff.html,n3GVmeEAAAAJ,0000-0000-0000-0000
Karen E. Petrie,University of Dundee,https://www.computing.dundee.ac.uk/about/staff/23,pJB7cjoAAAAJ,0000-0003-2708-7962
Karen E. Willcox,University of Texas at Austin,https://kiwi.oden.utexas.edu,axvGyXoAAAAJ,0000-0000-0000-0000
Karen Egiazarian,Tampere University,https://www.tuni.fi/en/karen-eguiazarian,PzvGG50AAAAJ,0000-0002-8135-1085
Karen Elizabeth Petrie,University of Dundee,https://www.computing.dundee.ac.uk/about/staff/23,pJB7cjoAAAAJ,0000-0000-0000-0000
Karen Kear,Open University UK,http://stem.open.ac.uk/people/klk2,bZQZwDwAAAAJ,0000-0002-3559-772X
Karen L. Karavanic,Portland State University,http://web.cecs.pdx.edu/~karavan,NOSCHOLARPAGE,0000-0000-0000-0000
Karen L. Reid,University of Toronto,http://www.cs.toronto.edu/~reid,H124BkEAAAAJ,0000-0000-0000-0000
Karen Livescu,TTI Chicago,http://ttic.uchicago.edu/~klivescu,kCYbVq0AAAAJ,0000-0003-4962-946X
Karen Panetta,Tufts University,https://engineering.tufts.edu/cs/people/faculty/karen-panetta,nsOodtAAAAAJ,0000-0000-0000-0000
Karen Renaud,University of Strathclyde,https://karenrenaud.com,u6VeU9UAAAAJ,0000-0002-7187-6531
Karen Vera Renaud,University of Strathclyde,https://karenrenaud.com,u6VeU9UAAAAJ,0000-0000-0000-0000
Karen Yeung,University of Birmingham,https://www.birmingham.ac.uk/staff/profiles/law/yeung-karen.aspx,nzhgUG4AAAAJ,0000-0002-9241-8134
Kari Smolander,Aalto University,https://people.aalto.fi/new/kari.smolander,f1w2dAwAAAAJ,0000-0002-7043-0458
Kari Systä,Tampere University,https://www.tuni.fi/en/kari-systa,ntg-MMoAAAAJ,0000-0001-7371-0773
Karianne Bergen,Brown University,https://www.kariannebergen.com,nQbmcDUAAAAJ,0000-0003-2474-9115
Karim Ali 0001,NYU Abu Dhabi,http://karimali.ca,TC8495oAAAAJ,0000-0000-0000-0000
Karim Djemame,University of Leeds,https://eps.leeds.ac.uk/computing/staff/187/professor-karim-djemame,qUWqg9UAAAAJ,0000-0001-5811-5263
Karim Pichara,UC Chile,https://www.ing.uc.cl/academicos-e-investigadores/karim-elias-pichara-baksai,Jqsc0xsAAAAJ,0000-0000-0000-0000
Karima Echihabi,Mohammed VI Polytechnic University,https://cc.um6p.ma/people/Karima.ECHIHABI,5dFMZ1wAAAAJ,0000-0001-8095-6608
Karin A. Hummel,JKU Linz,https://www.jku.at/institut-fuer-telekooperation/ueber-uns/team/karin-anna-hummel,CB7dUsIAAAAJ,0000-0001-5833-6832
Karin Anna Hummel,JKU Linz,https://www.jku.at/institut-fuer-telekooperation/ueber-uns/team/karin-anna-hummel,CB7dUsIAAAAJ,0000-0000-0000-0000
Karin Becker,UFRGS,http://inf.ufrgs.br/~kbecker,aZA2pGQAAAAJ,0000-0000-0000-0000
Karin Harbusch,University of Koblenz-Landau,https://www.uni-koblenz-landau.de/de/koblenz/fb4/icv/agharbusch/mitarbeiter/harbusch,NOSCHOLARPAGE,0000-0000-0000-0000
Karin M. Verspoor,RMIT University,https://www.rmit.edu.au/contact/staff-contacts/academic-staff/v/verspoor-professor-karin,dUxHnbcAAAAJ,0000-0000-0000-0000
Karin Verspoor,RMIT University,https://www.rmit.edu.au/contact/staff-contacts/academic-staff/v/verspoor-professor-karin,dUxHnbcAAAAJ,0000-0002-8661-1544
Karin Verspoor 0001,RMIT University,https://www.rmit.edu.au/contact/staff-contacts/academic-staff/v/verspoor-professor-karin,dUxHnbcAAAAJ,0000-0002-8661-1544
Karina S. Machado,Federal University of Rio Grande,http://karina.c3.furg.br,3j-IYXoAAAAJ,0000-0000-0000-0000
Karina Santos Machado,Federal University of Rio Grande,http://karina.c3.furg.br,3j-IYXoAAAAJ,0000-0000-0000-0000
Karina Valdivia Delgado,USP,http://www.ime.usp.br/~kvd,xSgMBCMAAAAJ,0000-0000-0000-0000
Karina dos Santos Machado,Federal University of Rio Grande,http://karina.c3.furg.br,3j-IYXoAAAAJ,0000-0002-8966-5708
Karine G. Le Roch,Univ. of California - Riverside,https://lerochlab.ucr.edu,wczCugQAAAAJ,0000-0000-0000-0000
Karl Aberer,EPFL,http://lsir.epfl.ch/aberer,ifU81ikAAAAJ,0000-0003-3005-7342
Karl Anton Froeschl,University of Vienna,https://cs.univie.ac.at/karl-anton.froeschl,NOSCHOLARPAGE,0000-0000-0000-0000
Karl Anton Fröschl,University of Vienna,https://cs.univie.ac.at/karl-anton.froeschl,NOSCHOLARPAGE,0000-0000-0000-0000
Karl Bringmann,Saarland University,https://people.mpi-inf.mpg.de/~kbringma,DhfyBy0AAAAJ,0000-0003-1356-5177
Karl Christoph Ruland,University of Siegen,https://www.eti.uni-siegen.de/dcs/mitarbeiter/professoren/ruland/?lang=de,b4M0T4IAAAAJ,0000-0002-4518-8735
Karl Crary,Carnegie Mellon University,https://www.cs.cmu.edu/~crary,DTjqn9QAAAAJ,0000-0000-0000-0000
Karl F. MacDorman,IUPUI,https://soic.iupui.edu/people/karl-macdorman,W-DuNjYAAAAJ,0000-0003-1093-4184
Karl Frederic MacDorman,IUPUI,https://soic.iupui.edu/people/karl-macdorman,W-DuNjYAAAAJ,0000-0000-0000-0000
Karl Friehs,Bielefeld University,http://ekvv.uni-bielefeld.de/pers_publ/publ/PersonDetail.jsp?personId=11015,NOSCHOLARPAGE,0000-0000-0000-0000
Karl J. Lieberherr,Northeastern University,https://www.ccis.northeastern.edu/people/karl-lieberherr,pAUVJS0AAAAJ,0000-0000-0000-0000
Karl Meerbergen,KU Leuven,https://people.cs.kuleuven.be/~karl.meerbergen,8exvwHMAAAAJ,0000-0002-1508-0248
Karl Meinke,KTH Royal Inst. of Technology,http://www.csc.kth.se/~karlm,Xnkj7FgAAAAJ,0000-0000-0000-0000
Karl Rohr,Heidelberg University,http://www.bioquant.uni-heidelberg.de/index.php?id=322,mfB460IAAAAJ,0000-0000-0000-0000
Karl Tuyls,University of Liverpool,https://www.liverpool.ac.uk/computer-science/staff/karl-tuyls,cxRqeVwAAAAJ,0000-0001-7929-1944
Karl-Erik Årzén,Lund University,http://www.control.lth.se/Staff/KarlErikArzen.html,OZIadUUAAAAJ,0000-0000-0000-0000
Karl-Heinz Zimmermann,Hamburg University of Technology,https://www.tuhh.de/es/aeg/people/khzimmermann.html,NOSCHOLARPAGE,0000-0002-0819-1345
Karl-Rudolf Moll,TU Munich,http://wwwbroy.informatik.tu-muenchen.de/~moll,NOSCHOLARPAGE,0000-0000-0000-0000
Karla A. Badillo-Urquiola,University of Notre Dame,https://cse.nd.edu/faculty/karla-badillo-urquiola,xwr6OaIAAAAJ,0000-0002-1165-3619
Karlis Cerans,University of Latvia,https://lumii.lv/18,QZeNPf8AAAAJ,0000-0000-0000-0000
Karol Myszkowski [INF],Max Planck Society,https://people.mpi-inf.mpg.de/~karol,eZ40F-MAAAAJ,0000-0000-0000-0000
Karola Marky,Ruhr-University Bochum,https://karolamarky.pinyto.de/en/home,FycJHgUAAAAJ,0000-0001-7129-9642
Karon E. MacLean,University of British Columbia,https://www.cs.ubc.ca/~maclean,qANkJFwAAAAJ,0000-0003-2969-4627
Karrie G. Karahalios,Univ. of Illinois at Urbana-Champaign,https://cs.illinois.edu/directory/profile/kkarahal,xyHrRFUAAAAJ,0000-0000-0000-0000
Karrie Karahalios,Univ. of Illinois at Urbana-Champaign,https://cs.illinois.edu/directory/profile/kkarahal,xyHrRFUAAAAJ,0000-0001-8788-3405
Karsten Berns,TU Kaiserslautern,https://agrosy.informatik.uni-kl.de/lehrstuhl/lehrstuhl-leiter,KFlzbrUAAAAJ,0000-0000-0000-0000
Karsten Huffstadt,THWS,https://fiw.thws.de/fakultaet/personen/dozentinnen-und-dozenten/person/prof-dr-karsten-huffstadt,aYfibaxdiMcC,0000-0000-0000-0000
Karsten Kahl,University of Wuppertal,https://www.ai.uni-wuppertal.de/de/angewandte-informatik/personen/karsten-kahl.html,rrt7FX0AAAAJ,0000-0000-0000-0000
Karsten Lundqvist,Victoria University of Wellington,https://ecs.victoria.ac.nz/Main/KarstenLundqvist,aLfZJJQAAAAJ,0000-0002-5514-1519
Karsten M. Borgwardt [MPIB],Max Planck Society,https://www.biochem.mpg.de/de/borgwardt,v3JsjMYAAAAJ,0000-0000-0000-0000
Karsten Michael Borgwardt [MPIB],Max Planck Society,https://www.biochem.mpg.de/de/borgwardt,v3JsjMYAAAAJ,0000-0000-0000-0000
Karsten Schmidt 0004,University of Rostock,https://theo.informatik.uni-rostock.de/theo-team/karsten-wolf,1OleyYgAAAAJ,0000-0000-0000-0000
Karsten Weihe,TU Darmstadt,https://www.informatik.tu-darmstadt.de/fb20/organisation_fb20/professuren_und_gruppenleitungen/fb20professuren_und_gruppenleitungen_detailseite_32832.en.jsp,ElDbbP8AAAAJ,0000-0003-3039-8454
Karsten Wolf,University of Rostock,https://theo.informatik.uni-rostock.de/theo-team/karsten-wolf,1OleyYgAAAAJ,0000-0000-0000-0000
Karsten Øster Lundqvist,Victoria University of Wellington,https://ecs.victoria.ac.nz/Main/KarstenLundqvist,aLfZJJQAAAAJ,0000-0000-0000-0000
Karteek Sreenivasaiah,IIT Hyderabad,http://www.iith.ac.in/~karteek,NOSCHOLARPAGE,0000-0001-7396-3383
Karthekeyan Chandrasekaran,Univ. of Illinois at Urbana-Champaign,http://karthik.ise.illinois.edu,MD0uui4AAAAJ,0000-0002-3421-7238
Karthik C. S. 0001,Rutgers University,https://cskarthikcs.github.io,PS2LQKYAAAAJ,0000-0001-9105-364X
Karthik Dantu,University at Buffalo,https://cse.buffalo.edu/~kdantu,aOO2tOwAAAAJ,0000-0002-7497-6722
Karthik Desingh,University of Minnesota,https://karthikdesingh.com,zgezSpQAAAAJ,0000-0002-1817-1575
Karthik Narasimhan,Princeton University,https://www.cs.princeton.edu/~karthikn,euc0GX4AAAAJ,0000-0001-9894-9983
Karthik Pattabiraman,University of British Columbia,http://blogs.ubc.ca/karthik,p_V9YWgAAAAJ,0000-0003-2380-3415
Karthik S. Bhat,Drexel University,https://ksbhat.com,pX_MmC4AAAAJ,0000-0003-0544-6303
Karthik Sridharan,Cornell University,http://www.cs.cornell.edu/~sridharan,nX9D5AoAAAAJ,0009-0001-6595-701X
Karthika Mohan,Oregon State University,http://www.karthikamohan.com,Hb4otxUAAAAJ,0000-0000-0000-0000
Karthika Subramani,University of Georgia,https://karthikas03.github.io,R2bSwUkAAAAJ,0009-0004-8955-4049
Karthikeyan Sankaralingam,University of Wisconsin - Madison,http://pages.cs.wisc.edu/~karu,O0W9jEQAAAAJ,0000-0002-8315-2389
Kartic Subr,University of Edinburgh,http://www.inf.ed.ac.uk/people/staff/Kartic_Subr.html,6FYGyMQAAAAJ,0000-0002-7302-4383
Kartik Gopalan,Binghamton University,http://www.cs.binghamton.edu/~kartik,gSnisPkAAAAJ,0000-0003-1078-4446
Kartik Nagar,IIT Madras,https://kartiknagar.github.io,KiT5oNUAAAAJ,0000-0002-0679-226X
Kartik Nayak,Duke University,https://users.cs.duke.edu/~kartik,JEyz8wEAAAAJ,0000-0001-5675-263X
Kartikeya Mayaram,Oregon State University,http://eecs.oregonstate.edu/people/mayaram-karti,NOSCHOLARPAGE,0000-0000-0000-0000
Karu Sankaralingam,University of Wisconsin - Madison,http://pages.cs.wisc.edu/~karu,O0W9jEQAAAAJ,0000-0000-0000-0000
Karuna P. Joshi,Univ. of Maryland - Baltimore County,https://karuna.informationsystems.umbc.edu,1TqmvdIAAAAJ,0000-0000-0000-0000
Kashif Munir,King Abdulaziz University,http://fcit2.kau.edu.sa:9002/reports/rwservlet?cmdkey=FCVKEY+p_fac_id=00062561,BHPpU8oAAAAJ,0000-0001-5114-4213
Kasim Selçuk Candan,Arizona State University,http://aria.asu.edu/candan,keO-0s0AAAAJ,0000-0000-0000-0000
Kasim Sinan Yildirim,University of Trento,http://https://sinanyil81.github.io,LXUvnL0AAAAJ,0000-0002-9528-6923
Kasim Terzic,University of St Andrews,https://kt54.host.cs.st-andrews.ac.uk,kSIPwxMAAAAJ,0000-0000-0000-0000
Kaspars Balodis,University of Latvia,https://www.linkedin.com/in/kaspars-balodis-243098173,Ez8v4AYAAAAJ,0000-0001-6742-800X
Kasper Bonne Rasmussen,University of Oxford,http://www.cs.ox.ac.uk/people/kasper.rasmussen,SiRUrasAAAAJ,0000-0000-0000-0000
Kasper Dalgaard Larsen,Aarhus University,https://cs.au.dk/~larsen,ZluoxUcAAAAJ,0000-0001-8841-5929
Kasper Green Larsen,Aarhus University,https://cs.au.dk/~larsen,ZluoxUcAAAAJ,0000-0001-8841-5929
Kasper Hornbæk,University of Copenhagen,http://diku.dk/Ansatte/?pure=da/persons/141851,S6VMDA8AAAAJ,0000-0001-8742-1198
Kasper Rasmussen,University of Oxford,http://www.cs.ox.ac.uk/people/kasper.rasmussen,SiRUrasAAAAJ,0000-0002-9471-9985
Kasper Støy,IT University of Copenhagen,https://pure.itu.dk/portal/en/persons/kasper-stoey(2a9c0934-98ca-4101-b829-b88d77f6487e).html,NOSCHOLARPAGE,0000-0000-0000-0000
Kassem Fawaz,University of Wisconsin - Madison,https://kassemfawaz.com,8TINuv4AAAAJ,0000-0002-4609-7691
Kasthuri Jayarajah,NJIT,https://kjayarajah.github.io,ArOh3LwAAAAJ,0000-0000-0000-0000
Kasturi R. Varadarajan,University of Iowa,http://homepage.cs.uiowa.edu/~kvaradar,UNxLPX8AAAAJ,0000-0000-0000-0000
Kasım Sinan Yildirim,University of Trento,http://https://sinanyil81.github.io,LXUvnL0AAAAJ,0000-0000-0000-0000
Katalin Fazekas,TU Wien,https://informatics.tuwien.ac.at/people/katalin-fazekas,gGBdeUAAAAAJ,0000-0002-0497-3059
Katarzyna Budzynska,University of Dundee,https://www.computing.dundee.ac.uk/about/staff/9,NOSCHOLARPAGE,0000-0000-0000-0000
Katarzyna E. Paluch 0001,University of Wroclaw,http://www.ii.uni.wroc.pl/~abraka,NOSCHOLARPAGE,0000-0002-7504-6340
Katarzyna Paluch 0001,University of Wroclaw,http://www.ii.uni.wroc.pl/~abraka,NOSCHOLARPAGE,0000-0000-0000-0000
Katarzyna Stawarz,Cardiff University,https://www.cardiff.ac.uk/people/view/1764545-stawarz-katarzyna,s_HiBtEAAAAJ,0000-0001-9021-0615
Katarzyna Wac,University of Copenhagen,http://diku.dk/english/staff/vip/?pure=en/persons/501789,GIejbKQAAAAJ,0000-0002-8060-399X
Katayoun Farrahi,University of Southampton,https://www.ecs.soton.ac.uk/people/kf2u17,c_E3E4kAAAAJ,0000-0001-6775-127X
Kate Ching-Ju Lin,National Chiao Tung University,http://people.cs.nctu.edu.tw/~katelin,dT-9dtwAAAAJ,0000-0002-1101-8324
Kate Hone,Brunel University London,https://www.brunel.ac.uk/people/kate-hone,kDS5XxgAAAAJ,0000-0000-0000-0000
Kate Howland,University of Sussex,http://www.sussex.ac.uk/informatics/people/peoplelists/person/172510,XUfk6ekAAAAJ,0000-0001-7394-4991
Kate Isaacs,University of Utah,http://cgi.cs.arizona.edu/~kisaacs,sYt1rjsAAAAJ,0000-0002-9947-928X
Kate Larson,University of Waterloo,https://cs.uwaterloo.ca/~klarson,QK-c5esAAAAJ,0000-0002-5455-9657
Kate Mintram,Brunel University London,https://www.brunel.ac.uk/people/kate-mintram,NOSCHOLARPAGE,0000-0000-0000-0000
Kate S. Hone,Brunel University London,https://www.brunel.ac.uk/people/kate-hone,kDS5XxgAAAAJ,0000-0000-0000-0000
Kate Saenko,Boston University,https://ai.bu.edu/ksaenko.html,9xDADY4AAAAJ,0000-0002-7564-7218
Katerina Fragkiadaki,Carnegie Mellon University,https://www.cs.cmu.edu/~katef,FWp7728AAAAJ,0000-0000-0000-0000
Katerina Goseva-Popstojanova,West Virginia University,https://www.statler.wvu.edu/faculty-staff/faculty/katerina-goseva-popstojanova,Zi5QsLYAAAAJ,0000-0003-4683-672X
Katerina J. Argyraki,EPFL,https://people.epfl.ch/katerina.argyraki,TvV_SVwAAAAJ,0009-0004-9470-2819
Katerina Mitrokotsa,Chalmers/GU,https://www.chalmers.se/en/staff/Pages/aikmitr.aspx,NOSCHOLARPAGE,0000-0002-7073-0258
Katerina Sotiraki,Yale University,https://sotiraki.com,FlLj9gIAAAAJ,0009-0002-5372-4849
Katerina Stankova,Maastricht University,http://www.stankova.net,wYupkOAAAAAJ,0000-0002-4519-0325
Katerina Stanková,Maastricht University,http://www.stankova.net,wYupkOAAAAAJ,0000-0000-0000-0000
Katharina Anna Lehmann,TU Kaiserslautern,http://aalab.cs.uni-kl.de/en/gruppe/zweig,UyG7biIAAAAJ,0000-0000-0000-0000
Katharina Anna Zweig,TU Kaiserslautern,http://aalab.cs.uni-kl.de/en/gruppe/zweig,UyG7biIAAAAJ,0000-0000-0000-0000
Katharina Breininger,University of Würzburg,https://www.caidas.uni-wuerzburg.de/research-groups/pattern-recognition,fIiy9V4AAAAJ,0000-0000-0000-0000
Katharina E. Kinder-Kurlanda,University of Klagenfurt,https://katharinakinderkurlanda.net,VVms_qoAAAAJ,0000-0000-0000-0000
Katharina Kann,University of Colorado Boulder,https://kelina.github.io,3XF5bqEAAAAJ,0000-0000-0000-0000
Katharina Kinder-Kurlanda,University of Klagenfurt,https://katharinakinderkurlanda.net,VVms_qoAAAAJ,0000-0000-0000-0000
Katharina Kohls,Ruhr-University Bochum,https://kkohls.info,HQ8HblYAAAAJ,0000-0000-0000-0000
Katharina Krombholz,CISPA Helmholtz Center,https://cispa.saarland/people/katharina.krombholz,BkeawyUAAAAJ,0000-0003-2425-3013
Katharina Morik,TU Dortmund,https://www-ai.cs.tu-dortmund.de/PERSONAL/morik.html,LfmjF2UAAAAJ,0000-0003-1153-5986
Katharina Reinecke,University of Washington,https://www.cs.washington.edu/people/faculty/reinecke,_4EISRwAAAAJ,0000-0001-7897-9325
Katharina Siobhan Kohls,Radboud University,https://kkohls.org/index.html,HQ8HblYAAAAJ,0000-0000-0000-0000
Katharina Spiel,TU Wien,http://katta.mere.st,C9dueLMAAAAJ,0000-0000-0000-0000
Katherine A. Daniell,Australian National University,https://cybernetics.anu.edu.au/people/katherine-daniell,TIQVsWEAAAAJ,0000-0000-0000-0000
Katherine A. Yelick,Univ. of California - Berkeley,https://www.cs.berkeley.edu/~yelick,93yNuV0AAAAJ,0000-0003-0957-701X
Katherine Cordwell,University of Iowa,https://cs.uiowa.edu/people/katherine-kosaian,tDH2uIoAAAAJ,0000-0000-0000-0000
Katherine E. Isaacs,University of Utah,http://cgi.cs.arizona.edu/~kisaacs,sYt1rjsAAAAJ,0000-0002-9947-928X
Katherine Howland,University of Sussex,http://www.sussex.ac.uk/informatics/people/peoplelists/person/172510,XUfk6ekAAAAJ,0000-0000-0000-0000
Katherine Isaacs,University of Utah,http://cgi.cs.arizona.edu/~kisaacs,sYt1rjsAAAAJ,0000-0000-0000-0000
Katherine Isbister,Univ. of California - Santa Cruz,https://www.katherineinterface.com,ui_kg8gAAAAJ,0000-0003-2459-4045
Katherine J. Kuchenbecker [IS],Max Planck Society,https://hi.is.mpg.de,ED5iKYYAAAAJ,0000-0000-0000-0000
Katherine Kosaian,University of Iowa,https://cs.uiowa.edu/people/katherine-kosaian,tDH2uIoAAAAJ,0000-0000-0000-0000
Katherine L. Bouman,California Inst. of Technology,http://users.cms.caltech.edu/~klbouman,7lhbMtgAAAAJ,0000-0000-0000-0000
Katherine St. John,CUNY,http://comet.lehman.cuny.edu/stjohn,k_K-PFkAAAAJ,0000-0000-0000-0000
Kathleen Creel,Northeastern University,https://cssh.northeastern.edu/faculty/kathleen-katie-creel,qMIT0dcAAAAJ,0000-0001-7371-2680
Kathleen F. McCoy,University of Delaware,http://udel.edu/~mccoy,NOSCHOLARPAGE,0000-0000-0000-0000
Kathleen Gray,University of Melbourne,http://www.msi.unimelb.edu.au/people/kathleen-gray,HicyoB0AAAAJ,0000-0000-0000-0000
Kathleen M. Carley,Carnegie Mellon University,http://www.casos.cs.cmu.edu/bios/carley/carley.html,KeJfN-IAAAAJ,0000-0002-6356-0238
Kathleen McKeown,Columbia University,http://www.cs.columbia.edu/~kathy,ujDhg2sAAAAJ,0000-0003-4455-2715
Kathleen R. McKeown,Columbia University,http://www.cs.columbia.edu/~kathy,ujDhg2sAAAAJ,0000-0000-0000-0000
Kathleen Steinhöfel,King's College London,https://www.kcl.ac.uk/people/kathleen-steinhofel,NOSCHOLARPAGE,0000-0002-9533-4649
Kathrin Gerling,Karlsruhe Inst. of Technology,https://hci.iar.kit.edu/deutsch/21_59.php,Ujh2RSsAAAAJ,0000-0002-8449-6124
Kathrin Hanauer,University of Vienna,cs.univie.ac.at/kathrin.hanauer,JCSr8s0AAAAJ,0000-0002-5945-837X
Kathrin Klamroth,University of Wuppertal,https://www.opt.uni-wuppertal.de/de/ag-opt/mitarbeiter/klamroth.html,8ETjTscAAAAJ,0000-0000-0000-0000
Kathrin Maria Gerling,KU Leuven,https://iiw.kuleuven.be/onderzoek/emedia/people/gerlingkathrin,Ujh2RSsAAAAJ,0000-0002-8449-6124
Kathryn E. Jones,Cardiff University,https://www.cardiff.ac.uk/people/view/978504-jones-kathryn,BMZenCsAAAAJ,0000-0001-7939-9314
Kathryn E. Ringland,Univ. of California - Santa Cruz,https://kateringland.com,g_yas1EAAAAJ,0000-0002-3760-1390
Kathryn Elizabeth Jones,Cardiff University,https://www.cardiff.ac.uk/people/view/978504-jones-kathryn,BMZenCsAAAAJ,0000-0000-0000-0000
Kathryn I. Cunningham,Univ. of Illinois at Urbana-Champaign,https://cs.illinois.edu/about/people/faculty/katcun,0qZz9bYAAAAJ,0000-0002-9702-2796
Kathryn Ringland,Univ. of California - Santa Cruz,https://kateringland.com,g_yas1EAAAAJ,0000-0002-3760-1390
Kathryn T. Stolee,North Carolina State University,https://kstolee.github.io,YICZNZAAAAAJ,0000-0003-0584-7094
Kathy McGrath,Brunel University London,https://www.brunel.ac.uk/people/kathy-mcgrath,49RIzd4AAAAJ,0000-0000-0000-0000
Kathy McKeown,Columbia University,http://www.cs.columbia.edu/~kathy,ujDhg2sAAAAJ,0000-0000-0000-0000
Kathy Yelick,Univ. of California - Berkeley,https://www.cs.berkeley.edu/~yelick,93yNuV0AAAAJ,0000-0003-0957-701X
Kati Kuusinen,DTU,https://www.compute.dtu.dk/english,NOSCHOLARPAGE,0000-0003-3076-1356
Katia Obraczka,Univ. of California - Santa Cruz,https://www.soe.ucsc.edu/people/katia,xALG_EMAAAAJ,0000-0000-0000-0000
Katie A. Siek,Indiana University,http://wphomes.soic.indiana.edu/ksiek,-R9W7IkAAAAJ,0000-0001-8632-2411
Katie Atkinson,University of Liverpool,https://www.csc.liv.ac.uk/~katie,fvQicksAAAAJ,0000-0002-5683-4106
Katie Bentley,King's College London,https://www.kcl.ac.uk/people/katie-bentley,vCDdIT4AAAAJ,0000-0002-9391-659X
Katie Moor,Indiana University,http://wphomes.soic.indiana.edu/ksiek,-R9W7IkAAAAJ,0000-0000-0000-0000
Katinka Wolter,Freie Universitaet Berlin,https://www.mi.fu-berlin.de/inf/groups/ag-tech/staff/0Current/wolter.html,JqtocLYAAAAJ,0000-0000-0000-0000
Katja D. Mombaur,University of Waterloo,https://uwaterloo.ca/robohub/profile/kmombaur,HuN7dvgAAAAJ,0000-0000-0000-0000
Katja Daniela Mombaur,University of Waterloo,https://uwaterloo.ca/robohub/profile/kmombaur,HuN7dvgAAAAJ,0000-0000-0000-0000
Katja Hose,TU Wien,https://www.dbai.tuwien.ac.at/staff/khose/About_me.html,LbXvZUoAAAAJ,0000-0001-7025-8099
Katja Mombaur,Karlsruhe Inst. of Technology,https://hcr.iar.kit.edu/team_KMombaur.php,HuN7dvgAAAAJ,0000-0003-1353-0943
Katja Nieselt,University of Tübingen,https://uni-tuebingen.de/en/faculties/faculty-of-science/departments/computer-science/lehrstuehle/integrative-transcriptomics/group,Ty-5Q7sAAAAJ,0000-0000-0000-0000
Katrien Verbert,KU Leuven,https://people.cs.kuleuven.be/~katrien.verbert/KatrienVerbert/Katrien_Verbert.html,t5cgwVAAAAAJ,0000-0001-6699-7710
Katrin Erk,Univ. of Massachusetts Amherst,http://www.katrinerk.com,v7kFHRoAAAAJ,0000-0002-2888-6961
Katrin S. Lohan,Heriot-Watt University,https://www.hw.ac.uk/staff/uk/macs/katrin-solveig-lohan.htm,6uHYQzYAAAAJ,0000-0000-0000-0000
Katrin Solveig Lohan,Heriot-Watt University,https://www.hw.ac.uk/staff/uk/macs/katrin-solveig-lohan.htm,6uHYQzYAAAAJ,0000-0000-0000-0000
Katrina E. Falkner,Adelaide University,http://www.adelaide.edu.au/directory/katrina.falkner,ItdtO3wAAAAJ,0000-0000-0000-0000
Katrina Falkner,Adelaide University,http://www.adelaide.edu.au/directory/katrina.falkner,ItdtO3wAAAAJ,0000-0003-0309-4332
Katrina Ligett,Hebrew University of Jerusalem,http://www.huji.ac.il/dataj/controller/ihoker/MOP-STAFF_LINK?sno=68805179&Save_t=,PqQAVcAAAAAJ,0000-0003-2780-6656
Katrina Ysabel Solomon,De La Salle University,https://www.dlsu.edu.ph/colleges/ccs/faculty-profile/single/?id=32665787950&command=GETPROFILE,2NoqTYcAAAAJ,0009-0005-8201-1006
Katrine Meldgaard Kjær,IT University of Copenhagen,https://pure.itu.dk/portal/en/persons/katrine-meldgaard-kjaer(0c46864b-a7f8-4439-aeda-0781f77bfe88).html,NOSCHOLARPAGE,0000-0000-0000-0000
Katsuhiko Gondow,Tokyo Institute of Technology,http://www.sde.cs.titech.ac.jp/english,NOSCHOLARPAGE,0009-0007-8644-9384
Katsumi Inoue,National Inst. of Informatics,http://research.nii.ac.jp/il/index_jp.html,vei697QAAAAJ,0000-0002-2717-9122
Katsuro Inoue,Osaka University,https://sel.ist.osaka-u.ac.jp/people/inoue,S1iG5sAAAAAJ,0000-0001-5424-0614
Katta Spiel,TU Wien,http://katta.mere.st,C9dueLMAAAAJ,0000-0001-6094-9531
Katy Börner,Indiana University,http://info.ils.indiana.edu/~katy,YirSp_cAAAAJ,0000-0002-3321-6137
Katy Howland,University of Sussex,http://www.sussex.ac.uk/informatics/people/peoplelists/person/172510,XUfk6ekAAAAJ,0000-0000-0000-0000
Katy Wolstencroft,Leiden University,https://liacs.leidenuniv.nl/~wolstencroftkj,v6OOLJYAAAAJ,0000-0002-1279-5133
Kaushal K. Shukla,IIT (BHU) Varanasi,http://www.old.iitbhu.ac.in/cse/index.php/people/faculty/30_pubs.html,2kCEA2kAAAAJ,0000-0002-8756-6474
Kaushal Kafle,University of South Florida,https://www.usf.edu/ai-cybersecurity-computing/people/faculty/kaushal-kafle.aspx,MWwYb90AAAAJ,0000-0003-1917-7677
Kaushik Mallik,IMDEA Software Institute,https://software.imdea.org/people/kaushik.mallik,CG04xrsAAAAJ,0000-0001-9864-7475
Kaushik Sinha,Wichita State University,https://www.wichita.edu/profiles/academics/engineering/SoC/Sinha-Kaushik.php,_jAhb40AAAAJ,0000-0000-0000-0000
Kaustubh Beedkar,IIT Delhi,https://web.iitd.ac.in/~kbeedkar,1HXdOHIAAAAJ,0009-0006-2322-4527
Kaveh Fathian,Colorado School of Mines,https://sites.google.com/view/kavehfathian,q0ilq-cAAAAJ,0000-0003-4471-0867
Kaveh Razavi,ETH Zurich,https://comsec.ethz.ch/people/kaveh-razavi,bWBN3cwAAAAJ,0000-0002-8588-7100
Kavi Arya,IIT Bombay,https://www.cse.iitb.ac.in/~kavi,Qz7H0U0AAAAJ,0000-0000-0000-0000
Kavita Bala,Cornell University,http://www.cs.cornell.edu/~kb,Rh16nsIAAAAJ,0000-0001-9761-6503
Kavita Vemuri,IIIT Hyderabad,https://www.iiit.ac.in/people/faculty/kvemuri,NOSCHOLARPAGE,0000-0000-0000-0000
Kay A. Robbins,University of Texas at San Antonio,http://www.cs.utsa.edu/~krobbins,g0dz7JoAAAAJ,0000-0000-0000-0000
Kay C. Wiese,Simon Fraser University,https://www.sfu.ca/computing/people/faculty/kaywiese.html,155UuRYAAAAJ,0000-0003-4507-1892
Kay Chen Tan,The Hong Kong Polytechnic Univ.,https://www.polyu.edu.hk/dsai/people/academic-staff/tankaychen,LFngSp0AAAAJ,0000-0002-6802-2463
Kay Connelly,Michigan State University,https://cstat.msu.edu/people/kay-connelly,uZZ7HtIAAAAJ,0000-0002-6201-9175
Kay H. Connelly,Michigan State University,https://cstat.msu.edu/people/kay-connelly,uZZ7HtIAAAAJ,0000-0002-6201-9175
Kay Katja Nieselt,University of Tübingen,https://uni-tuebingen.de/en/faculties/faculty-of-science/departments/computer-science/lehrstuehle/integrative-transcriptomics/group,Ty-5Q7sAAAAJ,0000-0000-0000-0000
Kay Nieselt,University of Tübingen,https://uni-tuebingen.de/en/faculties/faculty-of-science/departments/computer-science/lehrstuehle/integrative-transcriptomics/group,Ty-5Q7sAAAAJ,0000-0002-1283-7065
Kay Nieselt-Struwe,University of Tübingen,https://uni-tuebingen.de/en/faculties/faculty-of-science/departments/computer-science/lehrstuehle/integrative-transcriptomics/group,Ty-5Q7sAAAAJ,0000-0000-0000-0000
Kay Robbins,University of Texas at San Antonio,http://www.cs.utsa.edu/~krobbins,g0dz7JoAAAAJ,0000-0002-7147-5797
Kayhan M. Imre,Hacettepe University,https://web.cs.hacettepe.edu.tr/~kimre,1d2qMREAAAAJ,0000-0000-0000-0000
Kayhan N. Batmanghelich,University of Pittsburgh,https://kayhan.dbmi.pitt.edu,PvHFAfIAAAAJ,0000-0001-9893-9136
Kayla Booth,University of Pittsburgh,http://www.sci.pitt.edu/faculty-and-research/faculty-directory/kayla-booth,NOSCHOLARPAGE,0000-0002-4113-908X
Kayla M. Booth,University of Pittsburgh,http://www.sci.pitt.edu/faculty-and-research/faculty-directory/kayla-booth,NOSCHOLARPAGE,0000-0000-0000-0000
Kayvon Fatahalian,Stanford University,http://graphics.stanford.edu/~kayvonf,ZeG4wDgAAAAJ,0000-0001-8754-0429
Kazem Taghva,University of Nevada Las Vegas,https://www.unlv.edu/people/kazem-taghva,m4mAgIgAAAAJ,0000-0001-8320-0080
Kazem Taram,Purdue University,https://mktrm.github.io,DX4p3bQAAAAJ,0000-0002-3325-5048
Kazuhiko Kato,University of Tsukuba,http://www.osss.cs.tsukuba.ac.jp/kato,P6Weh7AAAAAJ,0000-0001-7143-6328
Kazuhiro Fukui,University of Tsukuba,http://www.cvlab.cs.tsukuba.ac.jp/~kfukui/english/indexE.html,sHcEkmAAAAAJ,0000-0002-4201-1096
Kazunori Ueda,Waseda University,https://www.ueda.info.waseda.ac.jp/~ueda/index-j.html,6mMoOdAAAAAJ,0000-0002-3424-1844
Kazuo Yano,Tokyo Institute of Technology,https://www.facebook.com/yano.labo,tqMGsJwAAAAJ,0000-0000-0000-0000
Kazushi Ikeda,NAIST,https://sites.google.com/view/milab/kazushi?authuser=0,_EqD1gUAAAAJ,0000-0003-3330-6121
Kazuto Fukuchi,University of Tsukuba,https://kfukuchi.me,496_ICsAAAAJ,0000-0003-3895-219X
Kazutoshi Fujikawa,NAIST,https://inet-lab.naist.jp/~fujikawa/2013,NOSCHOLARPAGE,0000-0003-1055-5790
Kazutsuna Yamaji,National Inst. of Informatics,https://www.nii.ac.jp/en/faculty/digital_content/yamaji_kazutsuna,NOSCHOLARPAGE,0000-0000-0000-0000
Kazuya Kodama,National Inst. of Informatics,https://www.nii.ac.jp/en/faculty/digital_content/kodama_kazuya,NOSCHOLARPAGE,0000-0000-0000-0000
Kazuyoshi Takagi,Kyoto University,http://kyouindb.iimc.kyoto-u.ac.jp/e/hU7zC,NOSCHOLARPAGE,0000-0002-8055-0920
Kazuyoshi Yoshii,Kyoto University,http://sap.ist.i.kyoto-u.ac.jp/members/yoshii,QaNTClUAAAAJ,0000-0001-8387-8609
Kazuyuki Aihara,University of Tokyo,https://www.iis.u-tokyo.ac.jp/en/research/staff/kazuyuki-aihara,NOSCHOLARPAGE,0000-0002-4602-9816
Kazuyuki Shudo,Tokyo Institute of Technology,http://www.shudo.net,RJyUXU0AAAAJ,0000-0000-0000-0000
Kazuyuki Yagasaki,Kyoto University,http://yang.amp.i.kyoto-u.ac.jp/~yagasaki/index_e.html,NOSCHOLARPAGE,0000-0001-9901-248X
Ke Chen 0001,University of Manchester,https://www.research.manchester.ac.uk/portal/ke.chen.html,-pGdSi4AAAAJ,0000-0000-0000-0000
Ke Chen 0005,Zhejiang University,http://mypage.zju.edu.cn/kechenpage,NOSCHOLARPAGE,0000-0002-3062-0900
Ke Deng,RMIT University,https://www.rmit.edu.au/contact/staff-contacts/academic-staff/d/deng-dr-ke,MuWCgskAAAAJ,0000-0000-0000-0000
Ke Huang 0002,UESTC,https://www.scse.uestc.edu.cn/info/1081/11373.htm,CEu0qdUAAAAJ,0000-0000-0000-0000
Ke Li 0001,University of Exeter,http://emps.exeter.ac.uk/computer-science/staff/kl406,lUFU8KsAAAAJ,0000-0002-6464-9349
Ke Li 0011,Simon Fraser University,https://www.math.ias.edu/~ke.li,vQc8tI4AAAAJ,0000-0002-3229-271X
Ke Lu 0001,UESTC,https://www.en.scse.uestc.edu.cn/info/1085/2105.htm,NOSCHOLARPAGE,0000-0002-3456-4993
Ke Qin,UESTC,https://www.en.scse.uestc.edu.cn/info/1085/1987.htm,YevGUDgAAAAJ,0000-0000-0000-0000
Ke Qiu 0001,Brock University,https://brocku.ca/mathematics-science/computer-science/faculty-staff/ke-qiu,2loFif8AAAAJ,0000-0000-0000-0000
Ke Shang,SUSTech,http://cse.sustech.edu.cn/faculty/~shangk,NOSCHOLARPAGE,0000-0000-0000-0000
Ke Sun 0012,University of Michigan,https://samsonsjarkal.github.io/KeSun,YZWCK4gAAAAJ,0000-0001-9563-1398
Ke Tang 0001,SUSTech,https://faculty.sustech.edu.cn/tangk3,mzLHFbAAAAAJ,0000-0000-0000-0000
Ke Wang 0001,Simon Fraser University,http://www.cs.sfu.ca/~wangk,i6wFsEQAAAAJ,0000-0000-0000-0000
Ke Wang 0030,UNC - Charlotte,https://ece.charlotte.edu/directory/dr-ke-cory-wang-phd,kOYgdsYAAAAJ,0000-0001-7189-9293
Ke Wei,Fudan University,http://www.sdspeople.fudan.edu.cn/weike,9nr1fe8AAAAJ,0000-0000-0000-0000
Ke Xie 0001,Shenzhen University,https://vcc.tech/~kexie,UI977YQAAAAJ,0000-0001-5974-5224
Ke Xu 0001,Beihang University,http://sites.nlsde.buaa.edu.cn/~kexu,NOSCHOLARPAGE,0000-0000-0000-0000
Ke Xu 0002,Tsinghua University,http://www.cs.tsinghua.edu.cn/publish/csen/4623/2010/20101224195105834581145/20101224195105834581145_.html,_XXLtZgAAAAJ,0000-0003-2587-8517
Ke Yang 0003,University of Texas at San Antonio,https://keyang0923.github.io,DT_N2y8AAAAJ,0000-0002-1617-5986
Ke Yi 0001,HKUST,https://www.cse.ust.hk/~yike,dWcZPFEAAAAJ,0000-0002-2178-3716
Ke Zhou 0001,HUST,http://faculty.hust.edu.cn/zhouke2/en/index.htm,Vg1nFsgAAAAJ,0000-0002-2161-8796
Ke Zhou 0003,University of Nottingham,https://www.nottingham.ac.uk/computerscience/people/ke.zhou,yv756woAAAAJ,0000-0001-7177-9152
Ke-jun Zhang,Zhejiang University,http://mypage.zju.edu.cn/en/zhangkejun,NOSCHOLARPAGE,0000-0000-0000-0000
Kecheng Yang 0001,Texas State University,http://cs.txstate.edu/~k_y47,lfM6otYAAAAJ,0000-0001-9929-9759
Kedar Khandeparkar,IIT Dharwad,https://iitdh.ac.in/~kedark,wACczbwAAAAJ,0000-0000-0000-0000
Kedar V. Khandeparkar,IIT Dharwad,https://iitdh.ac.in/~kedark,wACczbwAAAAJ,0000-0000-0000-0000
Kede Ma,City University of Hong Kong,https://kedema.org,sfzOyFoAAAAJ,0000-0001-8608-1128
Kee-Eung Kim,KAIST,http://ailab.kaist.ac.kr/users/kekim,NOSCHOLARPAGE,0000-0000-0000-0000
Keenan Crane,Carnegie Mellon University,http://www.cs.cmu.edu/~kmcrane,Qs9FzFUAAAAJ,0000-0003-2772-7034
Keerti Choudhary,IIT Delhi,https://web.iitd.ac.in/~keerti,GKyv8h4AAAAJ,0000-0002-8289-5930
Kees Huizing,TU Eindhoven,https://www.win.tue.nl/~keesh,j-Uuvt0AAAAJ,0000-0000-0000-0000
Kees Joost Batenburg,CWI,https://www.cwi.nl/people/1742,6WpX7xUAAAAJ,0000-0000-0000-0000
Kees van Berkel 0002,TU Wien,https://sites.google.com/view/keesvanberkel,wuawd3kAAAAJ,0000-0002-5246-1824
Kehai Chen,Harbin Institute of Technology,https://chenkehai.github.io,_M4Am0AAAAAJ,0000-0002-4346-7618
Kehua Guo,Central South University,https://faculty.csu.edu.cn/guokehua/zh_CN/index.htm,NOSCHOLARPAGE,0000-0000-0000-0000
Kehua Yang,Hunan University,http://csee.hnu.edu.cn/people/yangkehua,JOTd-KgAAAAJ,0000-0000-0000-0000
Kei Okada,University of Tokyo,http://www.jsk.t.u-tokyo.ac.jp/~k-okada/index-e.html,D0I9x20AAAAJ,0000-0001-6606-6692
Keiichi Yasumoto,NAIST,https://researchmap.jp/keiichi.yasumoto,ksliY64AAAAJ,0000-0003-1579-3237
Keiichi Zempo,University of Tsukuba,http://www.xpercept.aclab.esys.tsukuba.ac.jp/index.php/about/zempo,wExHgv4AAAAJ,0000-0003-2339-5298
Keiji Kimura,Waseda University,http://www.apal.cs.waseda.ac.jp/kimura/index.en.html,NOSCHOLARPAGE,0000-0000-0000-0000
Keiji Matsumoto,National Inst. of Informatics,https://www.nii.ac.jp/en/faculty/informatics/matsumoto_keiji,NOSCHOLARPAGE,0000-0000-0000-0000
Keijo Heljanko,University of Helsinki,https://researchportal.helsinki.fi/en/persons/keijo-tapio-heljanko,TOSfazMAAAAJ,0000-0002-4547-2701
Keishi Tajima,Kyoto University,http://www.dl.soc.i.kyoto-u.ac.jp/~tajima/index.html,NOSCHOLARPAGE,0000-0001-8226-3442
Keisuke Tanaka,Tokyo Institute of Technology,http://www.is.titech.ac.jp/~keisuke,sNHvEUwAAAAJ,0000-0000-0000-0000
Keith Andrews,Graz University of Technology,https://keithandrews.com/keith,NOSCHOLARPAGE,0000-0000-0000-0000
Keith B. Gallagher,Florida Institute of Technology,https://cs.fit.edu/~kgallagher,iDCDbB4AAAAJ,0000-0000-0000-0000
Keith Brian Gallagher,Florida Institute of Technology,https://cs.fit.edu/~kgallagher,iDCDbB4AAAAJ,0000-0000-0000-0000
Keith Bugeja,University of Malta,https://www.um.edu.mt/profile/keithbugeja,zr5TEAYAAAAJ,0000-0002-3111-1251
Keith Cheverst,Lancaster University,https://www.lancaster.ac.uk/scc/about-us/people/keith-cheverst,XElVSIEAAAAJ,0000-0003-3972-6776
Keith D. Cooper,Rice University,https://www.cs.rice.edu/~keith,ubiUvvgAAAAJ,0000-0000-0000-0000
Keith Decker,University of Delaware,https://www.eecis.udel.edu/~decker,8odG5jkAAAAJ,0000-0003-2707-5769
Keith Edwards,University of Dundee,http://staff.computing.dundee.ac.uk/kedwards/index.html,NOSCHOLARPAGE,0000-0000-0000-0000
Keith M. Martin,Royal Holloway Univ. of London,https://pure.royalholloway.ac.uk/en/persons/keith-m-martin,zKB9PoAAAAAJ,0000-0000-0000-0000
Keith Mannock,Birkbeck University of London,https://www.dcs.bbk.ac.uk/about/people/academic-staff/keith,cKaxrLIAAAAJ,0000-0001-5988-6895
Keith Marzullo,Univ. of Massachusetts Amherst,https://www.cics.umass.edu/about/directory/keith-marzullo,hWzTk6MAAAAJ,0000-0000-0000-0000
Keith Mayes,Royal Holloway Univ. of London,https://pure.royalholloway.ac.uk/en/persons/keith-mayes,ANisCGAAAAAJ,0000-0000-0000-0000
Keith Paarporn,UCCS,https://sites.google.com/site/kpaarporn,x89Db00AAAAJ,0000-0000-0000-0000
Keith S. Decker,University of Delaware,https://www.eecis.udel.edu/~decker,8odG5jkAAAAJ,0000-0000-0000-0000
Keith Vertanen,Michigan Technological University,https://www.mtu.edu/cs/department/faculty-staff/faculty/vertanen,ItRAq1sAAAAJ,0000-0002-7814-2450
Keith W. Cheverst,Lancaster University,https://www.lancaster.ac.uk/scc/about-us/people/keith-cheverst,XElVSIEAAAAJ,0000-0000-0000-0000
Keith W. Ross,NYU Abu Dhabi,https://nyuad.nyu.edu/en/academics/divisions/science/faculty/keith-ross.html,RhUcYmQAAAAJ,0000-0000-0000-0000
Keith Winstein,Stanford University,https://cs.stanford.edu/~keithw,S5sz8gIAAAAJ,0000-0003-2305-8048
Keivan G. Stassun,Vanderbilt University,https://as.vanderbilt.edu/physics-astronomy/bio/keivan-stassun,nQ_TNGwAAAAJ,0000-0000-0000-0000
Keivan Navaie,Lancaster University,https://www.lancaster.ac.uk/scc/about-us/people/keivan-navaie,bWDRdFoAAAAJ,0000-0002-4399-6472
Keizo Oyama,National Inst. of Informatics,http://research.nii.ac.jp/~oyama/index_en.html,NOSCHOLARPAGE,0000-0000-0000-0000
Kejiang Ye,Chinese Academy of Sciences,https://people.ucas.edu.cn/~kejiang?language=en,8SFhg9AAAAAJ,0000-0002-3947-6183
Kejun Huang,University of Florida,https://cise.ufl.edu/~kejun,ozTLHs8AAAAJ,0000-0000-0000-0000
Kejun Zhang,Zhejiang University,http://mypage.zju.edu.cn/en/zhangkejun,NOSCHOLARPAGE,0000-0002-0778-2303
Keke Chen,Univ. of Maryland - Baltimore County,https://www.csee.umbc.edu/keke-chen,9QWbxbYAAAAJ,0000-0002-9996-156X
Kelin Kuhn,Oregon State University,http://eecs.oregonstate.edu/people/kuhn-kelin,NOSCHOLARPAGE,0000-0000-0000-0000
Kelly A. Lyons,University of Toronto,http://individual.utoronto.ca/klyons,PJsN8P0AAAAJ,0000-0000-0000-0000
Kelly Androutsopoulos,Middlesex University,http://www.eis.mdx.ac.uk/staffpages/kellyandroutsopoulos,0VGY3MQAAAAJ,0000-0001-8257-1867
Kelly Blincoe,University of Auckland,https://kblincoe.github.io,lqL9DsoAAAAJ,0000-0003-4092-9706
Kelly Caine,Clemson University,https://kellycaine.wordpress.com,nTMBPAIAAAAJ,0000-0003-3025-4194
Kelly E. Caine,Clemson University,https://kellycaine.wordpress.com,nTMBPAIAAAAJ,0000-0000-0000-0000
Kelly Garcés,Universidad de los Andes,https://profesores.virtual.uniandes.edu.co/kjgarces971/es/inicio,5p7oedgAAAAJ,0000-0002-1070-439X
Kelly Lyons,University of Toronto,http://individual.utoronto.ca/klyons,PJsN8P0AAAAJ,0000-0000-0000-0000
Kelly Rosa Braghetto,USP,http://www.ime.usp.br/~kellyrb,GZ66SBcAAAAJ,0000-0000-0000-0000
Kelsey Allen,University of British Columbia,https://k-r-allen.github.io,kpcjFekAAAAJ,0000-0000-0000-0000
Kelsey R. Fulton,Colorado School of Mines,http://www.cs.umd.edu/~kfulton,LP07NIwAAAAJ,0009-0002-5832-5329
Kelvin L. Dias,UFPE,https://www.cin.ufpe.br/~kld,NxjqSSAAAAAJ,0000-0000-0000-0000
Kelvin Lopes Dias,UFPE,https://www.cin.ufpe.br/~kld,NxjqSSAAAAAJ,0000-0000-0000-0000
Kemafor Anyanwu-Ogan,North Carolina State University,https://www.csc.ncsu.edu/people/kogan,NOSCHOLARPAGE,0000-0000-0000-0000
Kemafor Ogan,North Carolina State University,https://www.csc.ncsu.edu/people/kogan,NOSCHOLARPAGE,0000-0000-0000-0000
Kemal Akkaya,Florida International University,http://web.eng.fiu.edu/kakkaya,63HyXSkAAAAJ,0000-0002-7103-4545
Kemal Oflazer,Carnegie Mellon University,https://www.andrew.cmu.edu/user/ko,JLk0hs8AAAAJ,0000-0002-4977-0079
Kemao Qian,Nanyang Technological University,https://dr.ntu.edu.sg/cris/rp/rp00891,JCehBDoAAAAJ,0000-0001-6988-3321
Ken Anderson 0001,University of Colorado Boulder,http://www.cs.colorado.edu/~kena,wOO8rEMAAAAJ,0000-0000-0000-0000
Ken Barker 0001,University of Calgary,http://www.ucalgary.ca/kbarker,jX6Svt4AAAAJ,0000-0000-0000-0000
Ken Birman,Cornell University,http://www.cs.cornell.edu/ken,I-rKkyEAAAAJ,0000-0003-2400-149X
Ken Friis Larsen,University of Copenhagen,http://www.diku.dk/~kflarsen,BcWkstQAAAAJ,0000-0002-0990-5127
Ken Goldberg,Univ. of California - Berkeley,http://goldberg.berkeley.edu,8fztli4AAAAJ,0000-0002-2661-4524
Ken Koedinger,Carnegie Mellon University,http://pact.cs.cmu.edu/koedinger.html,_8DDVkAAAAAJ,0000-0002-5850-4768
Ken Mattsson,Uppsala University,https://www.it.uu.se/katalog/ken,KplZrDwAAAAJ,0000-0003-0843-3321
Ken Mercer,Massey University,http://www.massey.ac.nz/massey/expertise/profile.cfm?stref=531330,NOSCHOLARPAGE,0000-0000-0000-0000
Ken Mitchell,Univ. of Missouri - Kansas City,https://sce.umkc.edu/about/directory/name/ken-mitchell-ph-d,Lv9FEdUAAAAJ,0000-0000-0000-0000
Ken Nakagaki,University of Chicago,https://www.ken-nakagaki.com,-lfXPUEAAAAJ,0000-0002-1351-6976
Ken Perlin,New York University,https://mrl.nyu.edu/~perlin,TGRPKRIAAAAJ,0000-0003-0701-4379
Ken Pfeuffer,Aarhus University,https://kenpfeuffer.com,AqmxADkAAAAJ,0000-0002-5870-1120
Ken S. Stevens,University of Utah,http://www.ece.utah.edu/~kstevens,WeRUynMAAAAJ,0000-0000-0000-0000
Ken S. Thomas,University of Southampton,https://www.ecs.soton.ac.uk/people/kst,NOSCHOLARPAGE,0000-0000-0000-0000
Ken Salem,University of Waterloo,https://cs.uwaterloo.ca/~kmsalem,t7z2V78AAAAJ,0000-0000-0000-0000
Ken Satoh,National Inst. of Informatics,http://research.nii.ac.jp/~ksatoh,y-Y85iwAAAAJ,0000-0002-9309-4602
Ken Umeno,Kyoto University,http://chaosken.amp.i.kyoto-u.ac.jp/index_eng.html,LH8eRMMAAAAJ,0000-0002-9162-1261
Ken Wakita,Tokyo Institute of Technology,https://kwakita.blog,lh5DnywAAAAJ,0000-0003-2489-9017
Ken Wing-Kin Sung,National University of Singapore,https://www.comp.nus.edu.sg/~ksung,KaCbE9MAAAAJ,0000-0000-0000-0000
Ken Wong 0001,University of Alberta,https://webapps.cs.ualberta.ca/profile,I__Yju4AAAAJ,0000-0000-0000-0000
Ken-ichi Fukui,Osaka University,http://www.ai.sanken.osaka-u.ac.jp/en/index.php?Ken-ichi%20Fukui,NOSCHOLARPAGE,0000-0001-8780-5853
Ken-ichi Kawarabayashi,National Inst. of Informatics,https://kklab.nii.ac.jp/en,NOSCHOLARPAGE,0000-0001-6056-4287
Kendall E. Nygard,North Dakota State University,http://www.cs.ndsu.nodak.edu/~nygard,NOSCHOLARPAGE,0000-0000-0000-0000
Kenichi Matsumoto,NAIST,https://naist-se.github.io,-DfBligAAAAJ,0000-0002-7418-9323
Kenichiro Tanaka,University of Tokyo,http://www.i.u-tokyo.ac.jp/edu/course/mi/members_e.shtml,o1to5nMAAAAJ,0000-0000-0000-0000
Kening Zhu,City University of Hong Kong,https://zhukening.wixsite.com/aboutme,VbajcAMAAAAJ,0000-0001-6740-4921
Kenji Kashima,Kyoto University,http://www.bode.amp.i.kyoto-u.ac.jp/~kashima,bCRWekMAAAAJ,0000-0002-2963-2584
Kenji Kawaguchi,National University of Singapore,https://ml.comp.nus.edu.sg/kawaguchi,aLl3rYoAAAAJ,0000-0003-1839-7504
Kenji Kise,Tokyo Institute of Technology,http://www.arch.cs.titech.ac.jp/index-e.html,NOSCHOLARPAGE,0000-0000-0000-0000
Kenji Kono,Keio University,https://www.st.keio.ac.jp/en/tprofile/ics/kono.html,lYetPkIAAAAJ,0000-0002-8650-9822
Kenji Maillard,INRIA,https://kenji.maillard.blue,NOSCHOLARPAGE,0000-0001-5554-3203
Kenji Sagae,Univ. of California - Davis,http://compling.ucdavis.edu/sagae,8HdRoroAAAAJ,0000-0000-0000-0000
Kenji Suzuki 0002,University of Tsukuba,http://www.ai.iit.tsukuba.ac.jp/kenji,NOSCHOLARPAGE,0000-0003-1736-5404
Kenji Yamanishi,University of Tokyo,http://www.ibis.t.u-tokyo.ac.jp/yamanishi/index_e.html,NOSCHOLARPAGE,0000-0001-7370-9991
Kenji Yoshigoe,Univ. of Arkansas - Little Rock,https://ualr.edu/eit/2017/02/10/dr-kenji-yoshigoe-2017,NOSCHOLARPAGE,0000-0000-0000-0000
Kenjiro Taura,University of Tokyo,https://www.eidos.ic.i.u-tokyo.ac.jp/~tau,E7gtxhEAAAAJ,0000-0001-5224-382X
Kenli Li 0001,Hunan University,http://csee.hnu.edu.cn/people/likenli,mSpHqSUAAAAJ,0000-0002-2635-7716
Kennedy Edemacu,CUNY,https://www.cs.csi.cuny.edu/~edemacu,m1bPRaQAAAAJ,0000-0000-0000-0000
Kenneth A. Berman,University of Cincinnati,http://www.ece.uc.edu/~berman,tV5iRZAAAAAJ,0000-0000-0000-0000
Kenneth A. Ross,Columbia University,http://www.cs.columbia.edu/~kar,pWGeNUQAAAAJ,0000-0000-0000-0000
Kenneth A. Stafford,Worcester Polytechnic Institute,http://www.wpi.edu/academics/facultydir/kzs.html,NOSCHOLARPAGE,0000-0000-0000-0000
Kenneth B. Kent,University of New Brunswick,http://www.cs.unb.ca/~ken,N__697EAAAAJ,0000-0003-2764-823X
Kenneth Chiu,Binghamton University,https://www.binghamton.edu/cs/people/kchiu.html,TAi5L5MAAAAJ,0000-0001-5643-1043
Kenneth Christensen,University of South Florida,http://www.csee.usf.edu/~christen,LCMdPKcAAAAJ,0000-0000-0000-0000
Kenneth D. Forbus,Northwestern University,http://www.cs.northwestern.edu/~forbus,IdRYT-8AAAAJ,0000-0000-0000-0000
Kenneth Demarest,University of Kansas,https://people.eecs.ku.edu/~demarest,0hm7u-IAAAAJ,0000-0000-0000-0000
Kenneth E. Jansen,University of Colorado Boulder,https://experts.colorado.edu/display/fisid_147360,qWTgFQUAAAAJ,0000-0002-2135-7143
Kenneth Fletcher,University of Massachusetts Boston,http://www.cs.umb.edu/people/Kenneth_Fletcher,KbptTQEAAAAJ,0000-0001-8850-8594
Kenneth G. Paterson,ETH Zurich,https://appliedcrypto.ethz.ch/people/kenny-paterson.html,NkuWcH0AAAAJ,0000-0002-5145-4489
Kenneth J. Christensen,University of South Florida,https://cse.usf.edu/~kchriste/christen.html,TizToucAAAAJ,0000-0000-0000-0000
Kenneth J. Rodham,Brigham Young University,https://cs.byu.edu/faculty/rodham,NOSCHOLARPAGE,0000-0000-0000-0000
Kenneth J. Supowit,Ohio State University,https://cse.osu.edu/people/supowit.1,NOSCHOLARPAGE,0000-0000-0000-0000
Kenneth Joseph,University at Buffalo,https://kennyjoseph.github.io,TNS6P14AAAAJ,0000-0003-2233-3976
Kenneth L. Calvert,University of Kentucky,https://www.cs.uky.edu/~calvert,-6v-CdkAAAAJ,0000-0000-0000-0000
Kenneth L. McMillan,University of Texas at Austin,https://scholar.google.com/citations?user=pzFc-eEAAAAJ,pzFc-eEAAAAJ,0000-0003-4389-7471
Kenneth M. Anderson,University of Colorado Boulder,http://www.cs.colorado.edu/~kena,wOO8rEMAAAAJ,0000-0001-9860-7908
Kenneth M. Dawson-Howe,Trinity College Dublin,https://www.scss.tcd.ie/Kenneth.Dawson-Howe,zvgzauIAAAAJ,0000-0000-0000-0000
Kenneth M. Hopkinson,Air Force Inst. of Technology,https://www.afit.edu/BIOS/bio.cfm?facID=87,NOSCHOLARPAGE,0000-0000-0000-0000
Kenneth Marino,University of Utah,https://kennethmarino.com,6bQxCusAAAAJ,0009-0003-2909-643X
Kenneth Mark Anderson,University of Colorado Boulder,http://www.cs.colorado.edu/~kena,wOO8rEMAAAAJ,0000-0001-9860-7908
Kenneth P. Birman,Cornell University,http://www.cs.cornell.edu/ken,I-rKkyEAAAAJ,0000-0003-2400-149X
Kenneth R. Jackson,University of Toronto,http://www.cs.toronto.edu/~krj,1tVu3SoAAAAJ,0000-0000-0000-0000
Kenneth R. Koedinger,Carnegie Mellon University,http://pact.cs.cmu.edu/koedinger.html,_8DDVkAAAAAJ,0000-0000-0000-0000
Kenneth S. Stevens,University of Utah,http://www.ece.utah.edu/~kstevens,WeRUynMAAAAJ,0000-0000-0000-0000
Kenneth Salem,University of Waterloo,https://cs.uwaterloo.ca/~kmsalem,t7z2V78AAAAJ,0000-0000-0000-0000
Kenneth W. Regan,University at Buffalo,https://cse.buffalo.edu/~regan,8nk9k5oAAAAJ,0000-0000-0000-0000
Kenneth Wai-Ting Leung,HKUST,https://www.cse.ust.hk/~kwtleung,NOSCHOLARPAGE,0000-0000-0000-0000
Kenneth Wingate Regan,University at Buffalo,http://www.cse.buffalo.edu/~regan,8nk9k5oAAAAJ,0000-0000-0000-0000
Kenneth Y. Goldberg,Univ. of California - Berkeley,http://goldberg.berkeley.edu,8fztli4AAAAJ,0000-0001-6747-9499
Kenny Erleben,University of Copenhagen,http://www.diku.dk/~kenny,CQkvlpUAAAAJ,0000-0001-6808-4747
Kenny Paterson,ETH Zurich,https://appliedcrypto.ethz.ch/people/kenny-paterson.html,NkuWcH0AAAAJ,0000-0000-0000-0000
Kenny Q. Zhu,University of Texas at Arlington,https://kenzhu2000.github.io,ZIRJ6lIAAAAJ,0000-0003-3782-3230
Kenny Qili Zhu,University of Texas at Arlington,https://kenzhu2000.github.io,ZIRJ6lIAAAAJ,0000-0000-0000-0000
Kenny Tsu Wei Choo,SUTD,http://kennychoo.net,B9HCv0oAAAAJ,0000-0003-3845-9143
Kenny Wong,University of Alberta,https://webapps.cs.ualberta.ca/profile,I__Yju4AAAAJ,0000-0000-0000-0000
Kensuke Aishima,University of Tokyo,http://www.sr3.t.u-tokyo.ac.jp/~aishima/index_en.html,NOSCHOLARPAGE,0000-0000-0000-0000
Kensuke Fukuda,National Inst. of Informatics,https://www.nii.ac.jp/en/faculty/architecture/fukuda_kensuke,3WwA15wAAAAJ,0000-0001-8372-2807
Kensuke Harada,Osaka University,https://www.roboticmanipulation.org,X5hwUlIAAAAJ,0000-0002-7576-756X
Kent E. Seamons,Brigham Young University,https://cs.byu.edu/faculty/seamons,XY4ky-YAAAAJ,0000-0002-1482-492X
Kent Quanrud,Purdue University,https://www.kentquanrud.com,RrWxBOAAAAAJ,0000-0000-0000-0000
Kenta Nakai,University of Tokyo,https://www.hgc.jp/~knakai,glkyhpcAAAAJ,0000-0002-8721-8883
Kentaro Inui,MBZUAI,https://mbzuai.ac.ae/study/faculty/kentaro-inui,38_o3-kAAAAJ,0000-0001-6510-604X
Kentaro Shimizu,University of Tokyo,http://www.bi.a.u-tokyo.ac.jp/~shimizu/index_e.html,rWnq5SEAAAAJ,0000-0002-3245-0052
Kento Aida,National Inst. of Informatics,https://www.nii.ac.jp/en/faculty/architecture/aida_kento,HkMRX_wAAAAJ,0000-0003-3339-3341
Kenton O'Hara,University of Bristol,https://research-information.bris.ac.uk/en/persons/kenton-ohara,vfZzNC8AAAAJ,0000-0001-8915-4572
Keqin Li 0001,Hunan University,http://csee.hnu.edu.cn/people/likeqin,x0YtT7QAAAAJ,0000-0001-5224-4048
Keren Censor,Technion,http://ckeren.net.technion.ac.il,HdOuwlQAAAAJ,0000-0003-4395-5205
Keren Censor-Hillel,Technion,http://ckeren.net.technion.ac.il,HdOuwlQAAAAJ,0000-0003-4395-5205
Keren Fu,Sichuan University,http://www.kerenfu.top,aga7vDkAAAAJ,0000-0000-0000-0000
Keren Zhou 0001,George Mason University,https://www.jokeren.tech,5qCK-R0AAAAJ,0000-0002-7977-3182
Kerri Morgan,Monash University,http://monash.edu/research/explore/en/persons/kerri-morgan(62727ef9-6bfc-4a09-9d9c-b91b69d8b6bb).html,5WOihGQAAAAJ,0000-0002-7263-8340
Kerry L. Taylor,Australian National University,https://cs.anu.edu.au/people/kerry-taylor,0XaEQkAAAAJ,0000-0000-0000-0000
Kerry Taylor,Australian National University,https://cs.anu.edu.au/people/kerry-taylor,0XaEQkAAAAJ,0000-0003-2447-1088
Kerstin Bach,NTNU,https://www.ntnu.edu/employees/kerstin.bach,DJzQ1J8AAAAJ,0000-0002-4256-7676
Kerstin Eder,University of Bristol,http://www.bris.ac.uk/engineering/people/kerstin-i-eder/index.html,SyDaZIoAAAAJ,0000-0001-9746-1409
Kerstin I. Eder,University of Bristol,http://www.bris.ac.uk/engineering/people/kerstin-i-eder/index.html,SyDaZIoAAAAJ,0000-0000-0000-0000
Kerstin Lenk,Graz University of Technology,https://www.tugraz.at/institute/ine/people/kerstin-lenk,ZAX2F5gAAAAJ,0000-0002-8329-1127
Kerstin Maike Strecker,University of Göttingen,https://www.uni-goettingen.de/de/team/611719.html,NOSCHOLARPAGE,0000-0000-0000-0000
Kerstin Schill,University of Bremen,http://www.cognitive-neuroinformatics.com/de/team/kerstin-schill,NOSCHOLARPAGE,0000-0000-0000-0000
Kerstin Sophie Haring,University of Denver,https://ritchieschool.du.edu/about/people/kerstin-sophie-haring,5nt4qVoAAAAJ,0000-0000-0000-0000
Kerstin Strecker,University of Göttingen,https://www.uni-goettingen.de/de/team/611719.html,NOSCHOLARPAGE,0000-0000-0000-0000
Ketan D. Mulmuley,University of Chicago,https://www.cs.uchicago.edu/directory/ketan-mulmuley,NOSCHOLARPAGE,0000-0000-0000-0000
Ketan Mayer-Patel,University of North Carolina,http://www.cs.unc.edu/~kmp,S4GP-G4AAAAJ,0000-0001-5049-6583
Ketan Meyer-Patel,University of North Carolina,http://www.cs.unc.edu/~kmp,S4GP-G4AAAAJ,0000-0000-0000-0000
Ketan Mulmuley,University of Chicago,https://www.cs.uchicago.edu/directory/ketan-mulmuley,NOSCHOLARPAGE,0000-0000-0000-0000
Ketan Patel,University of North Carolina,http://www.cs.unc.edu/~kmp,S4GP-G4AAAAJ,0000-0000-0000-0000
Ketan Patel 0001,University of North Carolina,http://www.cs.unc.edu/~kmp,S4GP-G4AAAAJ,0000-0000-0000-0000
Ketil Malde,University of Bergen,https://www.uib.no/en/persons/Ketil.Malde,NOSCHOLARPAGE,0000-0001-7381-1849
Keting Jia,Tsinghua University,http://www.castu.tsinghua.edu.cn/publish/casen/1257/index.html,NOSCHOLARPAGE,0000-0002-6396-8882
Keunsoo Ko,The Catholic University of Korea,https://imlab-cuk.github.io,stpMbagAAAAJ,0000-0003-0203-4530
Keval Vora,Simon Fraser University,http://www.cs.sfu.ca/~keval,l40B-WYAAAAJ,0000-0002-5462-5116
Kevin B. Korb,Monash University,http://monash.edu/research/explore/en/persons/kevin-korb(3170934f-4d80-435b-ad14-0af80566ad5a).html,RMtts8IAAAAJ,0000-0000-0000-0000
Kevin Bierre,Rochester Inst. of Technology,https://www.rit.edu/gccis/igm/kevin-bierre,NOSCHOLARPAGE,0000-0000-0000-0000
Kevin Borgolte,Ruhr-University Bochum,https://kevin.borgolte.me,20bCZ_IAAAAJ,0000-0001-7427-7852
Kevin Bryson 0001,University College London,http://www0.cs.ucl.ac.uk/people/K.Bryson.html,m_OH6V8AAAAJ,0000-0002-1163-6368
Kevin Buchin,TU Dortmund,https://ls11-www.cs.tu-dortmund.de/staff/buchin,sNa1oWcAAAAJ,0000-0002-3022-7877
Kevin C. Almeroth,Univ. of California - Santa Barbara,http://www.cs.ucsb.edu/~almeroth,oXasn9EAAAAJ,0000-0000-0000-0000
Kevin Chang 0001,Univ. of Illinois at Urbana-Champaign,https://cs.illinois.edu/directory/profile/kcchang,sugWZ6MAAAAJ,0000-0000-0000-0000
Kevin Chen-Chuan Chang,Univ. of Illinois at Urbana-Champaign,https://cs.illinois.edu/directory/profile/kcchang,sugWZ6MAAAAJ,0000-0000-0000-0000
Kevin D. Seppi,Brigham Young University,https://cs.byu.edu/faculty/kseppi,xLQan5cAAAAJ,0000-0000-0000-0000
Kevin Desai,University of Texas at San Antonio,https://sites.google.com/site/kevinpdesai,ZzaTdlYAAAAJ,0000-0002-2964-8981
Kevin Elphinstone,UNSW,http://www.cse.unsw.edu.au/~kevine,iv6Rw20AAAAJ,0000-0000-0000-0000
Kevin Fu,Northeastern University,https://web.eecs.umich.edu/~kevinfu,pZQuSyUAAAAJ,0000-0000-0000-0000
Kevin G. Jamieson,University of Washington,https://homes.cs.washington.edu/~jamieson/about.html,dq3yXjkAAAAJ,0000-0000-0000-0000
Kevin G. Stanley,University of Victoria,https://www.uvic.ca/ecs/computerscience/people/faculty/profiles/stanley-kevin.php,ZDM1VzwAAAAJ,0000-0000-0000-0000
Kevin J. Compton,University of Michigan,http://web.eecs.umich.edu/~kjc,NOSCHOLARPAGE,0000-0000-0000-0000
Kevin Jamieson 0001,University of Washington,https://homes.cs.washington.edu/~jamieson/about.html,dq3yXjkAAAAJ,0000-0003-2054-2985
Kevin Jeffay,University of North Carolina,http://jeffay.web.unc.edu,J12C3nYAAAAJ,0000-0000-0000-0000
Kevin K. Y. Kuan,University of Sydney,http://sydney.edu.au/engineering/people/kevin.kuan.php,nxiGa3EAAAAJ,0000-0000-0000-0000
Kevin Lano,King's College London,https://www.kcl.ac.uk/people/kevin-lano,JL7C3nMAAAAJ,0000-0002-9706-1410
Kevin Leach,Vanderbilt University,https://engineering.vanderbilt.edu/bio/?pid=kevin-leach,7nSw4Q8AAAAJ,0000-0002-4001-3442
Kevin Leyton-Brown,University of British Columbia,http://www.cs.ubc.ca/~kevinlb,_4dnp0IAAAAJ,0000-0002-7644-5327
Kevin Liu,Michigan State University,http://www.cse.msu.edu/~kjl,exrdRM0AAAAJ,0000-0000-0000-0000
Kevin Lybarger,George Mason University,https://cs.gmu.edu/directory/detail/181,vUJmY_IAAAAJ,0000-0001-5798-2664
Kevin M. Lynch,Northwestern University,https://www.mccormick.northwestern.edu/research-faculty/directory/profiles/lynch-kevin.html,yCpbkPAAAAAJ,0000-0000-0000-0000
Kevin Moran,University of Central Florida,https://www.kpmoran.com,CllWHUcAAAAJ,0000-0001-9683-5616
Kevin P. Scannell,Saint Louis University,https://cs.slu.edu/people/scannell,sqxi3QUAAAAJ,0000-0000-0000-0000
Kevin Ponto,University of Wisconsin - Madison,https://pages.discovery.wisc.edu/~kponto,SpLMYBMAAAAJ,0000-0003-4156-9693
Kevin R. B. Butler,University of Florida,http://cise.ufl.edu/~butler,gvo0nMsAAAAJ,0000-0002-7498-4239
Kevin S. Xu 0001,Case Western Reserve University,https://sites.google.com/site/kevinshuaixu,Yf2me_8AAAAJ,0000-0000-0000-0000
Kevin Schneider,University of Saskatchewan,http://research.usask.ca/staff-directory/kevin-schneider/index.php,XZvSaZYAAAAJ,0000-0003-1113-1754
Kevin Skadron,University of Virginia,http://www.cs.virginia.edu/skadron,Q-As1CEAAAAJ,0000-0002-8091-9302
Kevin Smith,KTH Royal Inst. of Technology,https://www.kth.se/profile/ksmith,weicM8wAAAAJ,0000-0000-0000-0000
Kevin Sullivan,University of Virginia,https://www.cs.virginia.edu/people/faculty/sullivan.html,Dj0zwwQAAAAJ,0000-0000-0000-0000
Kevin Tian,University of Texas at Austin,https://kjtian.github.io,busWvZkAAAAJ,0000-0003-0109-9201
Kevin Tomsovic,University of Tennessee,http://web.eecs.utk.edu/~ktomsovi,dffHNuwAAAAJ,0000-0000-0000-0000
Kevin Vella,University of Malta,https://www.um.edu.mt/profile/kevinvella,MUYHQY4AAAAJ,0000-0000-0000-0000
Kevin Verbeek,TU Eindhoven,http://www.win.tue.nl/~kverbeek,e-77C1EAAAAJ,0000-0003-3052-4844
Kevin W. Bowyer,University of Notre Dame,http://www3.nd.edu/~kwb,XZkvOTEAAAAJ,0000-0002-7562-4390
Kevin W. Hamlen,University of Texas at Dallas,http://www.utdallas.edu/~hamlen,NOSCHOLARPAGE,0000-0000-0000-0000
Kevin Waugh,Open University UK,http://stem.open.ac.uk/people/kgw9,l5ryKEkAAAAJ,0009-0009-0267-3878
Kevin Wells,University of Surrey,https://www.surrey.ac.uk/people/kevin-wells,czQO8iIAAAAJ,0000-0000-0000-0000
Kevin Y. Yip,Chinese University of Hong Kong,http://www.cse.cuhk.edu.hk/~kevinyip,pAD5GlEAAAAJ,0000-0001-5516-9944
Kevyn Collins-Thompson,University of Michigan,http://www-personal.umich.edu/~kevynct,q__pgY9AkUQJ,0000-0002-8178-5035
Kewei Tu,ShanghaiTech University,https://sist.shanghaitech.edu.cn/sist_en/2020/0814/c7582a54884/page.htm,5gi3Pm0AAAAJ,0000-0000-0000-0000
Kewen Wang 0001,Griffith University,https://experts.griffith.edu.au/18814-kewen-wang,NdtjLKoAAAAJ,0000-0002-0542-3761
Kexin Pei,University of Chicago,https://cs.uchicago.edu/people/kexin-pei,XzSkny0AAAAJ,0000-0001-5052-9808
Kexin Rong 0001,Georgia Institute of Technology,https://kexinrong.github.io,C8LDYK0AAAAJ,0000-0002-3282-5360
Key-Sun Choi,KAIST,http://kschoi.kaist.ac.kr,r1ozviEAAAAJ,0000-0000-0000-0000
Keze Wang,Sun Yat-sen University,https://kezewang.com,Qirk2fYAAAAJ,0000-0002-7817-8306
Kezhi Wang,Brunel University London,https://www.brunel.ac.uk/people/kezhi-wang,4VwoNj0AAAAJ,0000-0000-0000-0000
Kezhong Lu,Shenzhen University,https://csse.szu.edu.cn/en/pages/user/index?id=544,hDwt698AAAAJ,0000-0002-4617-2882
Keziban Orman,Galatasaray University,https://avesis.gsu.edu.tr/korman,4KWtCFkAAAAJ,0000-0003-0402-8417
Kfir Y. Levy,Technion,https://kfiryehud.wixsite.com/kfir-y-levy,dG7KSW0AAAAJ,0000-0000-0000-0000
Kfir Yehuda Levy,Technion,https://kfiryehud.wixsite.com/kfir-y-levy,dG7KSW0AAAAJ,0000-0003-1236-2626
Khai N. Truong,University of Toronto,http://www.cs.toronto.edu/~khai,tsV_2pcAAAAJ,0000-0003-0774-5964
Khair Eddin Sabri,University of Jordan,http://eacademic.ju.edu.jo/k.sabri,JBbuUtsAAAAJ,0000-0002-8865-920X
Khairi Reda,University of Illinois at Chicago,https://khreda.com,sxXvVekAAAAJ,0000-0002-8096-658X
Khalad Hasan,University of British Columbia,https://cmps.ok.ubc.ca/about/contact/mohammad-khalad-hasan,LGYWpDQAAAAJ,0000-0002-4815-5461
Khaled B. Shaban,Qatar University,http://qufaculty.qu.edu.qa/khaled-shaban,jO_M2XoAAAAJ,0000-0000-0000-0000
Khaled Bashir Shaban,Qatar University,http://qufaculty.qu.edu.qa/khaled-shaban,jO_M2XoAAAAJ,0000-0002-5688-7515
Khaled Harfoush,North Carolina State University,http://www4.ncsu.edu/~kaharfou,NOSCHOLARPAGE,0009-0004-0559-1812
Khaled Khan,Qatar University,http://www.qu.edu.qa/engineering/computer/faculty/khaled_khan.php,SpQmNnoAAAAJ,0000-0000-0000-0000
Khaled M. Elbassioni,Masdar Institute,https://www.masdar.ac.ae/aboutus/management/faculty-directory/item/5982-khaled-elbassioni,yOXQRzMAAAAJ,0000-0001-7021-5400
Khaled M. Khan,Qatar University,http://www.qu.edu.qa/engineering/computer/faculty/khaled_khan.php,SpQmNnoAAAAJ,0000-0000-0000-0000
Khaled Md. Khan,Qatar University,http://www.qu.edu.qa/engineering/computer/faculty/khaled_khan.php,SpQmNnoAAAAJ,0000-0000-0000-0000
Khaled N. Khasawneh,George Mason University,https://sites.google.com/view/knkhasawneh/khaled-n-khasawneh,GEZeHMEAAAAJ,0000-0002-2116-2223
Khaled R. Ahmed,SIU Carbondale,https://www.cs.siu.edu/~kahmed,FYKqgh4AAAAJ,0000-0000-0000-0000
Khaled Rasheed,University of Georgia,http://cobweb.cs.uga.edu/~khaled,h_GqAPAAAAAJ,0000-0000-0000-0000
Khaled Shaban,Qatar University,http://qufaculty.qu.edu.qa/khaled-shaban,jO_M2XoAAAAJ,0000-0002-5688-7515
Khaled Shuaib,UAEU,https://www.uaeu.ac.ae/en/cit/profile.shtml?email=k.shuaib@uaeu.ac.ae,VBa1K9UAAAAJ,0000-0000-0000-0000
Khalid A. Qaraqe,Texas A&M at Qatar,http://people.qatar.tamu.edu/khalid.qaraqe/kqperso,bY3oBEAAAAAJ,0000-0002-0766-9212
Khalid Al Khatib,University of Groningen,https://www.rug.nl/staff/khalid.alkhatib,mcOX6PYAAAAJ,0009-0006-7255-5349
Khalid Alsubhi,King Abdulaziz University,http://www.kau.edu.sa/CVEn.aspx?Site_ID=0012066&Lng=EN,yQb_UoYAAAAJ,0000-0000-0000-0000
Khalid Belhajjame,Université Paris Dauphine,https://sites.google.com/view/khalidbelhajjame,b5syZJMAAAAJ,0000-0000-0000-0000
Khalid Elgazzar,Univ. of Louisiana - Lafayette,http://www.ucs.louisiana.edu/~kae9655,NOSCHOLARPAGE,0000-0002-5892-632X
Khalid Mahmood 0003,Oakland University,https://oakland.edu/secs/directory/mahmood,NOSCHOLARPAGE,0000-0000-0000-0000
Khalid Mahmood Malik,Oakland University,https://oakland.edu/secs/directory/mahmood,NOSCHOLARPAGE,0000-0000-0000-0000
Khalil Sima'an,University of Amsterdam,https://staff.fnwi.uva.nl/k.simaan,NOSCHOLARPAGE,0000-0000-0000-0000
Khanh Nguyen 0001,Texas A&M University,https://khanhtn.engr.tamu.edu,b5fHpFQAAAAJ,0000-0003-0400-1070
Khaza Anuarul Hoque,University of Missouri,https://engineering.missouri.edu/faculty/khaza-anuarul-hoque,eJ87TzoAAAAJ,0000-0002-1625-6479
Khiet Truong,University of Twente,https://research.utwente.nl/en/persons/df319bf5-3f92-47b5-b210-fc92518a946a,BP51q_oAAAAJ,0000-0002-7243-0523
Khin Than Win,University of Wollongong,https://scholars.uow.edu.au/khin-win,tM8rvvQAAAAJ,0000-0002-7810-6388
Khoa D. Doan,VinUniversity,https://khoadoan.me,Zz2hMgcAAAAJ,0000-0002-1610-8206
Khoa Nguyen 0002,University of Wollongong,https://scholars.uow.edu.au/khoa-nguyen,RQ9tJVIAAAAJ,0000-0001-8555-638X
Khouloud Gaaloul,University of Michigan-Dearborn,https://umdearborn.edu/people-um-dearborn/khouloud-gaaloul,ar8di_MAAAAJ,0000-0002-4156-9768
Khuong An Nguyen,Royal Holloway Univ. of London,https://khuong.uk,XVvcUCEAAAAJ,0000-0001-6198-9295
Khuong Nguyen,Royal Holloway Univ. of London,https://khuong.uk,XVvcUCEAAAAJ,0000-0000-0000-0000
Khurram Aziz,Dalhousie University,https://www.dal.ca/faculty/computerscience/faculty-staff.html,NbK8ltAAAAAJ,0000-0000-0000-0000
Khurshid Ahmad 0001,Trinity College Dublin,https://www.scss.tcd.ie/Khurshid.Ahmad,NUOUsqYAAAAJ,0000-0000-0000-0000
Khuzaima Daudjee,University of Waterloo,http://cs.uwaterloo.ca/~kdaudjee,NOSCHOLARPAGE,0009-0002-7036-0397
Ki Jun Han,Kyungpook National University,http://netopia.knu.ac.kr,QI61sTgAAAAJ,0000-0000-0000-0000
Kian Hsiang Low,National University of Singapore,http://www.comp.nus.edu.sg/~lowkh/research.html,2P-Q09UAAAAJ,0000-0000-0000-0000
Kian-Lee Tan,National University of Singapore,https://www.comp.nus.edu.sg/~tankl,NOSCHOLARPAGE,0000-0001-9315-4057
Kianoush Nazarpour,University of Edinburgh,http://www.inf.ed.ac.uk/people/staff/Kia_Nazarpour.html,ZEtKYf8AAAAJ,0000-0003-4217-0254
Kianté Brantley,Harvard University,https://seas.harvard.edu/person/kiante-brantley,8S5AOggAAAAJ,0000-0002-8395-594X
Kibok Lee 0003,Yonsei University,https://sites.google.com/site/kibok90,6wwWRdEAAAAJ,0000-0001-6995-7327
Kien A. Hua,University of Central Florida,https://dsg.cs.ucf.edu,EjLI14IAAAAJ,0000-0000-0000-0000
Kieran A. Murphy,NJIT,https://kieranamurphy.com,VC653zEAAAAJ,0000-0000-0000-0000
Kieran McLaughlin,Queen's University Belfast,https://www.qub.ac.uk/schools/eeecs/Connect/Staff/BusinessCard/?name=Kieran.McLaughlin,UKCEWUQAAAAJ,0000-0000-0000-0000
Kieron O'Hara,University of Southampton,https://www.ecs.soton.ac.uk/people/kmoh,iC2xMrEAAAAJ,0000-0002-9051-4456
Kiev Gama,UFPE,http://www.cin.ufpe.br/~kiev,ZRq_UfUAAAAJ,0000-0000-0000-0000
Kiev Santos da Gama,UFPE,http://www.cin.ufpe.br/~kiev,ZRq_UfUAAAAJ,0000-0000-0000-0000
Kihong Heo,KAIST,https://kihongheo.kaist.ac.kr,bWY6MmgAAAAJ,0000-0003-2671-0142
Kihong Park,Purdue University,https://www.cs.purdue.edu/homes/park,3sh3er0AAAAJ,0000-0000-0000-0000
Kijun Han,Kyungpook National University,http://netopia.knu.ac.kr,QI61sTgAAAAJ,0000-0000-0000-0000
Kijung Shin,KAIST,http://kijungshin.com,Yp3Cz5AAAAAJ,0000-0002-2872-1526
Kilian Q. Weinberger,Cornell University,http://www.cs.cornell.edu/~kilian,jsxk8vsAAAAJ,0000-0000-0000-0000
Kim Binsted,University of Hawaii at Manoa,http://www2.hawaii.edu/~binsted,bd9-UG8AAAAJ,0000-0000-0000-0000
Kim G. Larsen,Aalborg University,http://www.cs.aau.dk/~kgl,neDFD60AAAAJ,0000-0002-5953-3384
Kim Guldstrand Larsen,Aalborg University,http://www.cs.aau.dk/~kgl,neDFD60AAAAJ,0000-0002-5953-3384
Kim Knudsen,DTU,https://www.compute.dtu.dk/english,NOSCHOLARPAGE,0000-0000-0000-0000
Kim Marriott,Monash University,https://research.monash.edu/en/persons/kimbal-marriott,sAjKW6oAAAAJ,0000-0002-9813-0377
Kim Steenstrup Pedersen,University of Copenhagen,http://image.diku.dk/kimstp,RzH2vKQAAAAJ,0000-0003-3713-0960
Kim-Manuel Klein,University of Lübeck,https://www.tcs.uni-luebeck.de/de/mitarbeiter/klein,Ey7Sx5UAAAAJ,0000-0002-0188-9492
Kimia Ghobadi,Johns Hopkins University,https://systems.jhu.edu/kimia,CYdYNl0AAAAJ,0000-0000-0000-0000
Kimin Lee,KAIST,https://sites.google.com/view/kiminlee,92M8xv4AAAAJ,0000-0001-9017-3084
Kimmo K. Kaski,Aalto University,https://people.aalto.fi/kimmo_kaski,Cpay6fYAAAAJ,0000-0000-0000-0000
Kimmo Kaski,Aalto University,https://people.aalto.fi/kimmo_kaski,Cpay6fYAAAAJ,0000-0002-3805-9687
Kimon Fountoulakis,University of Waterloo,https://opallab.ca,K-SafJUAAAAJ,0000-0000-0000-0000
Kin Hong Wong,Chinese University of Hong Kong,http://www.cse.cuhk.edu.hk/~khwong,qTcmHIcAAAAJ,0000-0000-0000-0000
Kin K. Leung,Imperial College London,http://www.commsp.ee.ic.ac.uk/~kkleung,IpG80kwAAAAJ,0000-0000-0000-0000
Kin-hong Wong,Chinese University of Hong Kong,http://www.cse.cuhk.edu.hk/~khwong,qTcmHIcAAAAJ,0000-0000-0000-0000
Kiona Ogle,Northern Arizona University,https://nau.edu/siccs/faculty/kiona-ogle,iNqaSrgAAAAJ,0000-0002-0652-8397
Kira Goldner,Boston University,https://www.kiragoldner.com,3Gk0uc8AAAAJ,0000-0003-3008-2724
Kiran Balagani,New York Tech,https://site.nyit.edu/bio/kbalagan,bU6NdUYAAAAJ,0000-0000-0000-0000
Kiriakos N. Kutulakos,University of Toronto,http://www.cs.toronto.edu/~kyros,NOSCHOLARPAGE,0000-0002-5165-902X
Kirill A. Sidorov,Cardiff University,https://www.cardiff.ac.uk/people/view/118163-sidorov-kirill,NOSCHOLARPAGE,0000-0000-0000-0000
Kirill Bogdanov 0002,University of Sheffield,https://www.sheffield.ac.uk/dcs/people/academic/kirill-bogdanov,7RuLDVMAAAAJ,0000-0003-3156-0695
Kirill E. Medvedev,University of Central Florida,https://www.cs.ucf.edu/person/kirillmedevdev,U84xagkAAAAJ,0000-0002-7982-4242
Kirill Kogan,Ariel University,https://www.ariel.ac.il/projects/trp/GeneralInformation.asp?numRec=708&numtafrit=1&id_lang=1&d=,F7KKWfgAAAAJ,0000-0001-5384-1899
Kirill Levchenko,Univ. of Illinois at Urbana-Champaign,http://klevchen.ece.illinois.edu,-pjxvIsAAAAJ,0000-0003-4527-9749
Kirill Morozov,University of North Texas,http://www.cse.unt.edu/~morozov,NcYfeG4AAAAJ,0009-0006-4443-083X
Kirill Serkh,University of Toronto,https://www.cs.toronto.edu/~kserkh,NOSCHOLARPAGE,0000-0000-0000-0000
Kirk D. Fiedler,University of South Carolina,https://sc.edu/study/colleges_schools/engineering_and_computing/faculty-staff/kirkfiedler.php,NYcJt0UAAAAJ,0000-0000-0000-0000
Kirk Fiedler,University of South Carolina,https://sc.edu/study/colleges_schools/engineering_and_computing/faculty-staff/kirkfiedler.php,NYcJt0UAAAAJ,0000-0000-0000-0000
Kirk Martinez,University of Southampton,https://www.ecs.soton.ac.uk/people/km2,Jsq0M0gAAAAJ,0000-0003-3859-5700
Kirk Pruhs,University of Pittsburgh,https://www.cs.pitt.edu/~kirk,Alc-aWoAAAAJ,0000-0001-5680-1753
Kirk W. Cameron,Virginia Tech,https://people.cs.vt.edu/~cameron,ZH1pa0EAAAAJ,0000-0002-1679-5448
Kirshanthan Sundararajah,Virginia Tech,https://kirshanthans.github.io,knUrjrMAAAAJ,0000-0001-6384-062X
Kirsten Cater,University of Bristol,https://www.cs.bris.ac.uk/~cater,NOSCHOLARPAGE,0000-0002-3435-2392
Kirsten Ellis,Monash University,https://research.monash.edu/en/persons/kirsten-ellis,PwPbJOcAAAAJ,0000-0002-7570-0939
Kirsten F. Cater,University of Bristol,https://www.cs.bris.ac.uk/~cater,NOSCHOLARPAGE,0000-0002-3435-2392
Kirstie Hawkey,Dalhousie University,https://www.dal.ca/faculty/computerscience/faculty-staff/kirstie-hawkey.html,6KJL3-wAAAAJ,0000-0000-0000-0000
Kirstin Peters,University of Augsburg,https://www.uni-augsburg.de/de/fakultaet/fai/informatik/prof/swtti/team/kirstin-peters,oMs8jewAAAAJ,0000-0002-4281-0074
Kirstin Petersen,Cornell University,https://cei.ece.cornell.edu/members/kirstin-h-petersen,ESJILIEAAAAJ,0000-0002-7813-5621
Kirthevasan Kandasamy,University of Wisconsin - Madison,https://pages.cs.wisc.edu/~kandasamy,kohOJPcAAAAJ,0000-0002-4721-5012
Kishan Chand Gupta,ISI Kolkata,https://www.isical.ac.in/~kishan,xHcGdnUAAAAJ,0000-0000-0000-0000
Kishan G. Mehrotra,Syracuse University,http://eng-cs.syr.edu/directory,NOSCHOLARPAGE,0000-0000-0000-0000
Kishan Mehrotra,Syracuse University,http://eng-cs.syr.edu/directory,NOSCHOLARPAGE,0000-0000-0000-0000
Kishor S. Trivedi,Duke University,https://ece.duke.edu/faculty/kishor-trivedi,fEVXhhAAAAAJ,0000-0000-0000-0000
Kishore Kothapalli,IIIT Hyderabad,https://www.iiit.ac.in/people/faculty/kkishore,fKTjFPIAAAAJ,0000-0000-0000-0000
Kishore Prahallad,IIIT Hyderabad,https://www.iiit.ac.in/people/faculty/kishore,3-8i_54AAAAJ,0000-0000-0000-0000
Kisung Lee,Louisiana State University,https://www.lsu.edu/eng/cse/people/faculty/lee.k.php,NOSCHOLARPAGE,0000-0003-4367-4374
Kitiporn Plaimas,Chulalongkorn University,http://www.bioinfo.sc.chula.ac.th/people/Kitiporn.html,NOSCHOLARPAGE,0000-0002-0416-8316
Kitty Meeks,University of Glasgow,https://www.gla.ac.uk/schools/computing/staff/kittymeeks,rrC2K4YAAAAJ,0000-0001-5299-3073
Kiwan Maeng,Pennsylvania State University,https://kiwanmaeng.com,pd9rcl0AAAAJ,0000-0002-0321-8406
Kiyoharu Aizawa,University of Tokyo,https://www.hal.t.u-tokyo.ac.jp/~aizawa,CJRhhi0AAAAJ,0000-0003-2146-6275
Kiyohiko Nakamura,Tokyo Institute of Technology,http://www.brn.dis.titech.ac.jp/index-e.shtml,NOSCHOLARPAGE,0000-0000-0000-0000
Kiyoshi Kiyokawa,NAIST,https://carelab.info/en,Za5kSocAAAAJ,0000-0003-2260-1707
Kiyoung Choi,Seoul National University,http://dal.snu.ac.kr/members/professor,_S_oE3gAAAAJ,0000-0001-6138-6697
Kizito Oluwaseun Salako,City University of London,https://www.city.ac.uk/people/academics/kizito-salako,NOSCHOLARPAGE,0000-0000-0000-0000
Kizito Salako,City University of London,https://www.city.ac.uk/people/academics/kizito-salako,NOSCHOLARPAGE,0000-0000-0000-0000
Kjell Orsborn,Uppsala University,https://www.it.uu.se/katalog/kjello,NOSCHOLARPAGE,0000-0000-0000-0000
Kjetil Nørvåg,NTNU,http://www.idi.ntnu.no/~noervaag,mADR4AYAAAAJ,0000-0002-4250-9329
Klara Nahrstedt,Univ. of Illinois at Urbana-Champaign,https://cs.illinois.edu/directory/profile/klara,CUO0vDcAAAAJ,0000-0001-6813-3043
Klas Nilsson,Lund University,http://cs.lth.se/klas_nilsson,NOSCHOLARPAGE,0009-0008-1582-0526
Klaus Buchenrieder,Bundeswehr University Munich,https://www.unibw.de/technische-informatik/mitarbeiter/professoren/univ-prof-ph-d-klaus-buchenrieder,NOSCHOLARPAGE,0009-0003-6227-5122
Klaus D. Maier 0001,University of Essex,https://www.essex.ac.uk/people/mcdon01907/klaus-mcdonald-maier,xYARJTQAAAAJ,0000-0000-0000-0000
Klaus D. McDonald-Maier,University of Essex,https://www.essex.ac.uk/people/mcdon01907/klaus-mcdonald-maier,xYARJTQAAAAJ,0000-0002-6412-8519
Klaus D. Tönnies,University of Magdeburg,http://isgwww.cs.uni-magdeburg.de/bv,cXR4lJkAAAAJ,0000-0000-0000-0000
Klaus David,University of Kassel,https://www.comtec.eecs.uni-kassel.de/david,U7N4f6UAAAAJ,0000-0002-6600-9329
Klaus Diepold,TU Munich,https://campus.tum.de/tumonline/ee/ui/ca2/app/desktop/#/pl/ui/$ctx/visitenkarte.show_vcard?$ctx=design=ca2;header=max;lang=de&pPersonenGruppe=3&pPersonenId=22419431DE9BF8FB,a9PINgsAAAAJ,0000-0000-0000-0000
Klaus Dieter McDonald-Maier,University of Essex,https://www.essex.ac.uk/people/mcdon01907/klaus-mcdonald-maier,xYARJTQAAAAJ,0000-0000-0000-0000
Klaus Hildebrandt,TU Delft,https://graphics.tudelft.nl/klaus-hildebrandt,qYZBq5cAAAAJ,0000-0002-9196-3923
Klaus J. Buchenrieder,Bundeswehr University Munich,https://www.unibw.de/technische-informatik/mitarbeiter/professoren/univ-prof-ph-d-klaus-buchenrieder,NOSCHOLARPAGE,0000-0000-0000-0000
Klaus Jansen,University of Kiel,https://www.algo.informatik.uni-kiel.de/de/team/klaus-jansen,gaqzMHAAAAAJ,0000-0001-8358-6796
Klaus Kabitzsch,TU Dresden,https://tu-dresden.de/cdd/leitung_und_beteiligte/mitglieder/bereich-mathematik/Kabitzsch,NOSCHOLARPAGE,0000-0000-0000-0000
Klaus Marius Hansen,University of Copenhagen,http://www.diku.dk/~klausmh,6yJ09KwAAAAJ,0000-0000-0000-0000
Klaus Meer,Brandenburg Univ. of Technology,https://www.b-tu.de/fg-theoretische-informatik/team/lehrstuhlinhaber,NOSCHOLARPAGE,0009-0009-6367-2422
Klaus Meißner,TU Dresden,https://mmt.inf.tu-dresden.de/Team/mitarbeiter.xhtml?id=66,NOSCHOLARPAGE,0000-0000-0000-0000
Klaus Meyer-Wegener,University of Erlangen–Nuremberg,https://www.cs6.tf.fau.de/lehrstuhl/personen/klaus-meyer-wegener,0Td2SfoAAAAJ,0000-0002-8102-1019
Klaus Miesenberger,JKU Linz,https://www.jku.at/institut-integriert-studieren/team/auniv-dr-klaus-miesenberger,hw-8_h4AAAAJ,0000-0000-0000-0000
Klaus Mueller 0001,Stony Brook University,http://www3.cs.stonybrook.edu/~mueller,uya_Zb4AAAAJ,0000-0002-0996-8590
Klaus Obermayer,TU Berlin,https://www.ni.tu-berlin.de/menue/mitarbeiter/leiter_der_forschungsgruppe/obermayer_klaus/parameter/de,pGKzaMMAAAAJ,0000-0000-0000-0000
Klaus Ostermann,University of Tübingen,https://ps.cs.uni-tuebingen.de/team/ostermann,doJ07f8oUtQC,0000-0001-5294-5506
Klaus Reinhardt,University of Halle-Wittenberg,https://www.informatik.uni-halle.de/mitarbeiter/prof._klaus_reinhardt,NOSCHOLARPAGE,0009-0002-7002-4051
Klaus Schilling 0001,University of Würzburg,http://www7.informatik.uni-wuerzburg.de/mitarbeiter/schilling,NOSCHOLARPAGE,0000-0003-2853-5835
Klaus Schmid,University of Hildesheim,https://sse.uni-hildesheim.de/mitglieder/prof-dr-rer-nat-klaus-schmid,dK9g6a4AAAAJ,0000-0002-4147-3942
Klaus Schneider 0001,TU Kaiserslautern,https://es.cs.uni-kl.de/people/schneider,NOSCHOLARPAGE,0000-0002-1305-7132
Klaus Schoeffmann,University of Klagenfurt,https://klausschoeffmann.com,GOIf9NIAAAAJ,0000-0002-9218-1704
Klaus Schöffmann,University of Klagenfurt,https://klausschoeffmann.com,GOIf9NIAAAAJ,0000-0000-0000-0000
Klaus Tochtermann,University of Kiel,https://www.zbw.eu/en/research/klaus-tochtermann,2j9m_PMAAAAJ,0000-0000-0000-0000
Klaus Turowski,University of Magdeburg,http://www.mrcc.ovgu.de/agwi/home,NOSCHOLARPAGE,0000-0000-0000-0000
Klaus Tönnies,University of Magdeburg,http://isgwww.cs.uni-magdeburg.de/bv,cXR4lJkAAAAJ,0000-0000-0000-0000
Klaus U. Schulz,LMU Munich,https://www.cis.uni-muenchen.de/people/schulz.html,NOSCHOLARPAGE,0000-0000-0000-0000
Klaus Wehrle,RWTH Aachen University,https://www.comsys.rwth-aachen.de/team/klaus,3jzgrIcAAAAJ,0000-0001-7252-4186
Klaus von Gleissenthall,VU Amsterdam,http://goto.ucsd.edu/~gleissen,Lc4IbnsAAAAJ,0000-0003-0826-4425
Klaus-Dieter Althoff,University of Hildesheim,https://www.uni-hildesheim.de/fb4/institute/ifi/intelligente-informationssysteme-iis/mitglieder/prof-dr-klaus-dieter-althoff,i4hdvtYAAAAJ,0000-0002-7330-6540
Klaus-Dieter Kuhnert,University of Siegen,https://fokos.de/personal/prof-dr-ing-klaus-dieter-kuhnert,NOSCHOLARPAGE,0000-0000-0000-0000
Klaus-Dietz Tönnies,University of Magdeburg,http://isgwww.cs.uni-magdeburg.de/bv,cXR4lJkAAAAJ,0000-0000-0000-0000
Klaus-Jörn Lange,University of Tübingen,https://uni-tuebingen.de/en/faculties/faculty-of-science/departments/computer-science/lehrstuehle/theoretical-computer-science/home,NOSCHOLARPAGE,0000-0000-0000-0000
Klaus-Peter Zauner,University of Southampton,https://www.ecs.soton.ac.uk/people/kpz,NOSCHOLARPAGE,0000-0000-0000-0000
Klaus-Robert Müller,TU Berlin,https://www.ml.tu-berlin.de/menue/mitglieder/klaus-robert_mueller,jplQac8AAAAJ,0000-0002-3861-7685
Klaus-Tycho Foerster,TU Dortmund,https://ls4-www.cs.tu-dortmund.de/cms/de/home/foerster/index.html,bLUw_IkAAAAJ,0000-0003-4635-4480
Klaus-Tycho Förster,TU Dortmund,https://ls4-www.cs.tu-dortmund.de/cms/de/home/foerster/index.html,bLUw_IkAAAAJ,0000-0003-4635-4480
Klemens Böhm,Karlsruhe Inst. of Technology,https://dbis.ipd.kit.edu/336.php,RzCtTjYAAAAJ,0000-0002-1706-1913
Knud Henriksen,University of Copenhagen,http://diku.dk/english/staff/?pure=en%2Fpersons%2Fknud-henriksen(3aa8e9bd-9fc3-4f59-a679-3211d362871a).html,dJvAmqwAAAAJ,0000-0000-0000-0000
Knut Reinert,Freie Universitaet Berlin,https://www.mi.fu-berlin.de/en/inf/groups/abi/members/Professors/reinert.html,XwG4wAcAAAAJ,0000-0003-3078-8129
Ko Nishino,Kyoto University,https://vision.ist.i.kyoto-u.ac.jp/people,SXXEZhYAAAAJ,0000-0002-3534-3447
Kobbi Nissim,Georgetown University,http://people.cs.georgetown.edu/~kobbi,U-RE8IgAAAAJ,0000-0002-6632-8645
Kobi Gal,University of Edinburgh,http://www.inf.ed.ac.uk/people/staff/Kobi_Gal.html,lNHuLiQAAAAJ,0000-0001-7187-8572
Kobus Barnard,University of Arizona,http://kobus.ca,fKESO6sAAAAJ,0000-0002-8568-9518
Koby Crammer,Technion,http://webee.technion.ac.il/people/koby,NOSCHOLARPAGE,0000-0000-0000-0000
Koen Claessen,Chalmers/GU,https://www.chalmers.se/en/staff/Pages/koen.aspx,-sGcY-QAAAAJ,0000-0002-8113-4478
Koen Langendoen,TU Delft,http://www.st.ewi.tudelft.nl/~koen,goNfvF8AAAAJ,0000-0003-4996-3695
Koen V. Hindriks,VU Amsterdam,http://www.koenhindriks.nl,BpwoE18AAAAJ,0000-0002-5707-5236
Koh Hosoda,Osaka University,https://www-arl.sys.es.osaka-u.ac.jp/site,5ledxpAAAAAJ,0000-0001-8392-1021
Kohei Suenaga,Kyoto University,https://www.fos.kuis.kyoto-u.ac.jp/~ksuenaga,rwSrOdwAAAAJ,0000-0002-7466-8789
Koichi Shinoda,Tokyo Institute of Technology,http://www.ks.c.titech.ac.jp/english/index.html,jsCimMgAAAAJ,0000-0003-1095-3203
Koji Hasebe,University of Tsukuba,http://www.cs.tsukuba.ac.jp/~hasebe,NOSCHOLARPAGE,0000-0003-0237-6506
Kok Soon Tey,University of Malaya,https://umexpert.um.edu.my/koksoon,Icwg0B8AAAAJ,0000-0001-6018-3978
Kok-Kwang Phoon,SUTD,https://istd.sutd.edu.sg/people/faculty/phoon-kok-kwang,pAX0vr4AAAAJ,0000-0000-0000-0000
Kok-Seng Wong,VinUniversity,https://sail-research.com,WQyULhIAAAAJ,0000-0002-2029-7644
Kolin Paul,IIT Delhi,http://www.cse.iitd.ernet.in/~kolin,6TWEO3IAAAAJ,0000-0000-0000-0000
Komei Sugiura,Keio University,https://www.st.keio.ac.jp/en/tprofile/ics/sugiura_komei.html,1Kd0W0oAAAAJ,0000-0002-0261-0510
Konrad Froitzheim,TU Freiberg,https://tu-freiberg.de/fakult1/inf/organisation/professuren/bs-kt-prof-froitzheim,NOSCHOLARPAGE,0000-0000-0000-0000
Konrad Iwanicki,University of Warsaw,http://www.mimuw.edu.pl/~iwanicki,ALTjvpMAAAAJ,0000-0002-5380-6337
Konrad Rieck,TU Berlin,https://www.mlsec.org/team/rieck,MrYBOTEAAAAJ,0000-0002-5054-8758
Konrad Schindler,ETH Zurich,https://igp.ethz.ch/personen/person-detail.html?persid=143986,FZuNgqIAAAAJ,0000-0002-3172-9246
Konrad Tollmar,KTH Royal Inst. of Technology,https://www.kth.se/profile/konrad,l1jt6UAAAAAJ,0000-0002-9554-0071
Konstantin Korovin,University of Manchester,http://www.cs.manchester.ac.uk/about-us/staff/profile/?ea=Konstantin.Korovin,NCNsDlYAAAAJ,0000-0002-0740-621X
Konstantin Makarychev,Northwestern University,https://konstantin.makarychev.net,-E3hYj8AAAAJ,0000-0002-9587-3677
Konstantin Schekotihin,University of Klagenfurt,https://www.aau.at/team/schekotihin-konstantin,_lhFN8IAAAAJ,0000-0002-0286-0958
Konstantina S. Nikita,NTUA,http://www.biosim.ntua.gr/gr/people/knikita,4t9gJcUAAAAJ,0000-0001-8255-4354
Konstantinos Blekas,University of Ioannina,https://cs.uoi.gr/~kblekas,dgH4XJkAAAAJ,0000-0000-0000-0000
Konstantinos Daniilidis,University of Pennsylvania,http://www.cis.upenn.edu/~kostas,dGs2BcIAAAAJ,0000-0000-0000-0000
Konstantinos Daskalakis,Massachusetts Inst. of Technology,http://people.csail.mit.edu/costis,iTv2cOgAAAAJ,0000-0002-5451-0490
Konstantinos E. Parsopoulos,University of Ioannina,https://cs.uoi.gr/~kostasp,WoeMY3YAAAAJ,0000-0000-0000-0000
Konstantinos F. Sagonas,Uppsala University,http://user.it.uu.se/~kostis,ijCSV_wAAAAJ,0000-0000-0000-0000
Konstantinos G. Derpanis,York University,https://csprofkgd.github.io,3Br8x_gAAAAJ,0000-0000-0000-0000
Konstantinos Kallas,Univ. of California - Los Angeles,https://angelhof.github.io,VD4P3FoAAAAJ,0000-0002-8984-6648
Konstantinos Kalpakis,Univ. of Maryland - Baltimore County,https://redirect.cs.umbc.edu/~kalpakis,ktn2QM4AAAAJ,0000-0000-0000-0000
Konstantinos Karantzalos,NTUA,http://users.ntua.gr/karank,U6t7QpsAAAAJ,0000-0000-0000-0000
Konstantinos Karydis,Univ. of California - Riverside,https://sites.google.com/view/arcs-lab,4Urexvi1sIcC,0000-0002-1144-8260
Konstantinos Krampis,CUNY,https://www.hunter.cuny.edu/belfer/faculty/dr.-konstantinos-krampis,GGsQkQ8AAAAJ,0000-0000-0000-0000
Konstantinos Lambrinoudakis,University of Piraeus,https://www.ds.unipi.gr/en/faculty/clam-en,D-mfQXsAAAAJ,0000-0000-0000-0000
Konstantinos Mamouras,Rice University,https://mamouras.web.rice.edu,ZvY6VHsAAAAJ,0000-0003-1209-7738
Konstantinos Markantonakis,Royal Holloway Univ. of London,https://pure.royalholloway.ac.uk/en/persons/konstantinos-markantonakis,NygekFcAAAAJ,0000-0003-3975-9033
Konstantinos Mersinas,Royal Holloway Univ. of London,https://pure.royalholloway.ac.uk/en/persons/konstantinos-mersinas,Zn7AzcAAAAAJ,0000-0002-4402-2987
Konstantinos Metaxiotis,University of Piraeus,https://www.unipi.gr/unipi/en/kmetax.html,NOSCHOLARPAGE,0000-0000-0000-0000
Konstantinos P. Michmizos 0001,Rutgers University,http://combra.cs.rutgers.edu,NOSCHOLARPAGE,0000-0000-0000-0000
Konstantinos Papangelis,Rochester Inst. of Technology,https://www.rit.edu/directory/kxpigm-konstantinos-papangelis,g_VPp4MAAAAJ,0000-0002-7184-2753
Konstantinos Pelechrinis,University of Pittsburgh,http://www.pitt.edu/~kpele,mVj8o7gAAAAJ,0000-0002-6443-3935
Konstantinos Psounis,University of Southern California,https://sites.usc.edu/kpsounis,Nir4aJAAAAAJ,0000-0000-0000-0000
Konstantinos S. Metaxiotis,University of Piraeus,https://www.unipi.gr/unipi/en/kmetax.html,NOSCHOLARPAGE,0000-0000-0000-0000
Konstantinos Sagonas,Uppsala University,http://user.it.uu.se/~kostis,ijCSV_wAAAAJ,0000-0001-9657-0179
Konstantinos Tsakalidis,University of Liverpool,https://cgi.csc.liv.ac.uk/~tsakalid,ijD-PSQAAAAJ,0000-0001-6470-9332
Kookjin Lee,Arizona State University,https://isearch.asu.edu/profile/3957975,KL89hVQAAAAJ,0000-0003-1557-5862
Kopo M. Ramokapane,University of Bristol,https://www.bristol.ac.uk/people/person/Marvin-Ramokapane-c032839d-42cf-42c0-939c-e1a2e1cc3ba0,q35nWmQAAAAJ,0000-0001-8420-3929
Korin Richmond,University of Edinburgh,http://homepages.inf.ed.ac.uk/korin,C_VIkbsAAAAJ,0000-0003-1450-8270
Korlakai Vinayak Rashmi,Carnegie Mellon University,http://www.cs.cmu.edu/~rvinayak,gUO59T8AAAAJ,0000-0000-0000-0000
Kostadin Damevski,Virginia Commonwealth University,http://damevski.github.io,3f847ugAAAAJ,0000-0001-7799-2026
Kostas Alexis,NTNU,http://www.kostasalexis.com,1rPSVNAAAAAJ,0000-0002-9989-298X
Kostas Blekas,University of Ioannina,https://cs.uoi.gr/~kblekas,dgH4XJkAAAAJ,0000-0000-0000-0000
Kostas Daniilidis,University of Pennsylvania,http://www.cis.upenn.edu/~kostas,dGs2BcIAAAAJ,0000-0003-0498-0758
Kostas E. Bekris,Rutgers University,https://robotics.cs.rutgers.edu/pracsys/members/kostas-bekris,gwC7rCUAAAAJ,0000-0000-0000-0000
Kostas Kontogiannis,Western University,http://www.softlab.ntua.gr/~kkontog,gNZOUUAAAAAJ,0000-0000-0000-0000
Kostas Magoutis,University of Crete,https://www.csd.uoc.gr/~magoutis,Hqg_5AsAAAAJ,0000-0002-7288-5923
Kostas Papagiannopoulos,University of Amsterdam,https://cci-research.nl/author/kostas-papagiannopoulos,mIZ1xesAAAAJ,0000-0000-0000-0000
Kostas S. Metaxiotis,University of Piraeus,https://www.unipi.gr/unipi/en/kmetax.html,NOSCHOLARPAGE,0000-0000-0000-0000
Kostas Stathis,Royal Holloway Univ. of London,https://pure.royalholloway.ac.uk/portal/en/persons/kostas-stathis_7f422719-142b-409c-97a8-f3efd9113f6d.html,6Kwf-xkAAAAJ,0000-0002-9946-4037
Kostas Stefanidis,Tampere University,https://www.tuni.fi/en/konstantinos-stefanidis,Lck1uq8AAAAJ,0000-0003-1317-8062
Kostas Vlachos,University of Ioannina,https://cs.uoi.gr/~kostaswl,JL-zo2UAAAAJ,0000-0002-9716-7661
Kostis P. Michmizos 0001,Rutgers University,http://combra.cs.rutgers.edu,NOSCHOLARPAGE,0000-0000-0000-0000
Kostis Sagonas,Uppsala University,http://user.it.uu.se/~kostis,ijCSV_wAAAAJ,0000-0000-0000-0000
Kostyantyn M. Shchekotykhin,University of Klagenfurt,https://www.aau.at/team/schekotihin-konstantin,_lhFN8IAAAAJ,0000-0000-0000-0000
Kosuke Sato,Osaka University,http://kosuke-sato.jimdo.com,NOSCHOLARPAGE,0000-0003-1429-9990
Kotakula Haribabu,BITS Pilani,http://www.bits-pilani.ac.in/pilani/khari/profile,E-yshlwAAAAJ,0000-0000-0000-0000
Kotaro Hara,Singapore Management University,https://sis.smu.edu.sg/faculty/profile/153351/HARA-Kotaro,Uc5mFiQAAAAJ,0000-0002-7893-6090
Kotaro Kataoka,IIT Hyderabad,http://cse.iith.ac.in/profile/faculty/kotaro,uAuKJY4AAAAJ,0000-0003-0545-3415
Koteswararao Kondepu,IIT Dharwad,https://scholar.google.com/citations?hl=en&user=X-yZFQkAAAAJ,X-yZFQkAAAAJ,0000-0000-0000-0000
Kourosh Neshatian,University of Canterbury,http://www.cosc.canterbury.ac.nz/kourosh.neshatian,NOSCHOLARPAGE,0000-0000-0000-0000
Kousha Etessami,University of Edinburgh,http://homepages.inf.ed.ac.uk/kousha,_rUcw0EAAAAJ,0000-0000-0000-0000
Koushik Maharatna,University of Southampton,https://www.ecs.soton.ac.uk/people/km1j06,9lfTPQ0AAAAJ,0000-0001-6518-2755
Koushik Sen,Univ. of California - Berkeley,http://www.eecs.berkeley.edu/Faculty/Homepages/ksen.html,Vn3L_ioAAAAJ,0000-0002-4539-9188
Koushik Sinha,SIU Carbondale,https://www2.cs.siu.edu/~ksinha,Nhh_rHMAAAAJ,0000-0000-0000-0000
Koustav Rudra,IIT Kharagpur,https://sites.google.com/view/krudra5/home,t9LUAUQAAAAJ,0000-0002-2486-7608
Koustuv Saha,Univ. of Illinois at Urbana-Champaign,https://koustuv.com,tipePDkAAAAJ,0000-0002-8872-2934
Kouta Minamizawa,Keio University,http://embodiedmedia.org/member/kouta-minamizawa,gxCL2_wAAAAJ,0000-0002-6303-5791
Kovila P. L. Coopamootoo,King's College London,https://www.kcl.ac.uk/people/kovila-coopamootoo,yg0HAJoAAAAJ,0000-0000-0000-0000
Koya Narumi,Keio University,https://narumi.me,vCMXaGoAAAAJ,0000-0001-5830-3942
Krasimir Angelov,Chalmers/GU,https://www.chalmers.se/en/staff/Pages/krasimir-angelov.aspx,NOSCHOLARPAGE,0000-0000-0000-0000
Krikamol Muandet,CISPA Helmholtz Center,http://www.krikamol.org,E2z5uYsAAAAJ,0000-0002-4182-5282
Kris Bubendorfer,Victoria University of Wellington,http://ecs.victoria.ac.nz/Main/KrisBubendorfer,PufVt-8AAAAJ,0000-0003-4315-8337
Kris Ehinger,University of Melbourne,https://findanexpert.unimelb.edu.au/profile/850727-kris-ehinger,EdGfpdcAAAAJ,0000-0000-0000-0000
Kris Hauser,Univ. of Illinois at Urbana-Champaign,http://cs.illinois.edu/directory/profile/kkhauser,-sGaL8sAAAAJ,0000-0002-5207-1527
Kris K. Hauser,Univ. of Illinois at Urbana-Champaign,http://cs.illinois.edu/directory/profile/kkhauser,-sGaL8sAAAAJ,0000-0000-0000-0000
Kris Laukens,University of Antwerp,https://www.uantwerpen.be/en/staff/kris-laukens,s1gE5xEAAAAJ,0000-0002-8217-2564
Kris Pister,Univ. of California - Berkeley,https://www2.eecs.berkeley.edu/Faculty/Homepages/pister.html,NOSCHOLARPAGE,0000-0002-8108-2102
Krishna K. Venkatasubramanian,University of Rhode Island,https://kven.me,PFlrXooAAAAJ,0000-0001-7593-2513
Krishna Kant 0001,Temple University,http://www.kkant.net,sME_06YAAAAJ,0000-0000-0000-0000
Krishna Kavi,University of North Texas,http://www.csrl.unt.edu/kavi,Q1xQdWUAAAAJ,0000-0003-1581-8166
Krishna Kumar Venkatasubramanian,University of Rhode Island,https://kven.me,PFlrXooAAAAJ,0000-0000-0000-0000
Krishna M. Kavi,University of North Texas,http://www.csrl.unt.edu/kavi,Q1xQdWUAAAAJ,0000-0000-0000-0000
Krishna M. Sivalingam,IIT Madras,http://www.cse.iitm.ac.in/~skrishnam,aQVHUU8AAAAJ,0000-0001-8425-3432
Krishna Mohan C,IIT Hyderabad,http://www.iith.ac.in/~ckm,GvSsuVEAAAAJ,0000-0000-0000-0000
Krishna Murthy Jatavallabhula,Johns Hopkins University,https://krrish94.github.io,kcr8134AAAAJ,0000-0000-0000-0000
Krishna Narayanan 0001,Texas A&M University,http://krishnanarayanan.wikidot.com,oDivxXQAAAAJ,0000-0000-0000-0000
Krishna P. Gummadi [SWS],Max Planck Society,https://www.mpi-sws.org/~gummadi,Bz3APTsAAAAJ,0000-0000-0000-0000
Krishna P. Miyapuram,IIT Gandhinagar,http://cogs.iitgn.ac.in/people/faculty/krishna-miyapuram,R20YmxkAAAAJ,0000-0000-0000-0000
Krishna Pillutla,IIT Madras,https://krishnap25.github.io,xUUEAG4AAAAJ,0000-0000-0000-0000
Krishna Prasad Miyapuram,IIT Gandhinagar,http://cogs.iitgn.ac.in/people/faculty/krishna-miyapuram,R20YmxkAAAAJ,0000-0000-0000-0000
Krishna R. Narayanan,Texas A&M University,http://krishnanarayanan.wikidot.com,oDivxXQAAAAJ,0000-0000-0000-0000
Krishna Reddy Polepalli,IIIT Hyderabad,http://faculty.iiit.ac.in/~pkreddy,XIgl8kUAAAAJ,0000-0000-0000-0000
Krishna V. Palem,Rice University,http://www.cs.rice.edu/~kvp1,TW6dnZUAAAAJ,0000-0000-0000-0000
Krishnaiyan Thulasiraman,University of Oklahoma,http://www.ou.edu/coe/cs/people/thulasi,NOSCHOLARPAGE,0000-0000-0000-0000
Krishnamoorthy Dinesh 0001,IIT Palakkad,https://kdinesh.bitbucket.io,kgIdFfUAAAAJ,0000-0000-0000-0000
Krishnamoorthy Sivakumar,Washington State University,http://www.eecs.wsu.edu/~siva,bEic8SsAAAAJ,0000-0000-0000-0000
Krishnendu Chakrabarty,Arizona State University,https://search.asu.edu/profile/4669916,R_VPUyEAAAAJ,0000-0003-4475-6435
Krishnendu Chatterjee,IST Austria,http://pub.ist.ac.at/~kchatterjee,1kaW8bwAAAAJ,0000-0002-4561-241X
Krishnendu Mukhopadhyaya,ISI Kolkata,https://www.isical.ac.in/~krishnendu,NtcJrBwAAAAJ,0000-0000-0000-0000
Krista A. Ehinger,University of Melbourne,https://findanexpert.unimelb.edu.au/profile/850727-kris-ehinger,EdGfpdcAAAAJ,0000-0000-0000-0000
Kristen Grauman,University of Texas at Austin,https://www.cs.utexas.edu/~grauman,Jp6Mz1sAAAAJ,0000-0002-9591-5873
Kristen Johnson,Michigan State University,https://www.egr.msu.edu/people/profile/kristenj,iHeTIZEAAAAJ,0000-0000-0000-0000
Kristen Shinohara,Rochester Inst. of Technology,http://www.kristenshinohara.com,phGrIKYAAAAJ,0000-0002-1157-6369
Kristen Vaccaro,Univ. of California - San Diego,http://kvaccaro.com,O5s8ApsAAAAJ,0000-0002-9843-942X
Kristen Walcott-Justice,UCCS,http://cs.uccs.edu/~kjustice,5QcR0JYAAAAJ,0000-0000-0000-0000
Kristian G. Olesen,Aalborg University,http://people.cs.aau.dk/~kgo/cv.html,qrPdfAcAAAAJ,0000-0000-0000-0000
Kristian J. Hammond,Northwestern University,http://www.mccormick.northwestern.edu/research-faculty/directory/profiles/hammond-kristian.html,c324JbkAAAAJ,0000-0000-0000-0000
Kristian Kersting,TU Darmstadt,http://www.ml.informatik.tu-darmstadt.de,QY-earAAAAAJ,0000-0000-0000-0000
Kristian M. Müller,Bielefeld University,https://ekvv.uni-bielefeld.de/pers_publ/publ/PersonDetail.jsp?personId=37324073&lang=en,AZ7oPkcAAAAJ,0000-0000-0000-0000
Kristian Torp,Aalborg University,http://people.cs.aau.dk/~torp,EusRZN0AAAAJ,0000-0000-0000-0000
Kristian Uldall Kristiansen,DTU,https://www.compute.dtu.dk/english,NOSCHOLARPAGE,0000-0000-0000-0000
Kristin J. Dana,Rutgers University,https://www.ece.rutgers.edu/~kdana,FLmgLo0AAAAJ,0000-0000-0000-0000
Kristin Williams,Emory University,https://www.cs.emory.edu/~kwil271,yGtJEDsAAAAJ,0000-0002-6469-1969
Kristin Y. Rozier,Iowa State University,https://www.cs.iastate.edu/kyrozier,sguZhFMAAAAJ,0000-0000-0000-0000
Kristina Gligoric,Johns Hopkins University,https://kristinagligoric.com,kdbzgK4AAAAJ,0000-0001-8726-740X
Kristina Lundqvist,Mälardalen University,http://www.es.mdh.se/staff/180-Kristina_Lundqvist,Js13w-0AAAAJ,0000-0003-0904-3712
Kristina Monakhova,Cornell University,https://kristinamonakhova.com/kristina,X71o1ykAAAAJ,0000-0002-0100-8704
Kristina Sojakova,VU Amsterdam,https://who.rocq.inria.fr/Kristina.Sojakova,2-tqysoAAAAJ,0000-0003-4880-1416
Kristina Vuskovic,University of Leeds,https://eps.leeds.ac.uk/computing/staff/249/professor-kristina-vuskovic,NOSCHOLARPAGE,0000-0003-3286-3145
Kristof Van Laerhoven,University of Siegen,https://www.eti.uni-siegen.de/ubicomp/home/team/kristof.html.en?lang=en,iPI39lEAAAAJ,0000-0001-5296-5347
Kristofer S. J. Pister,Univ. of California - Berkeley,https://www2.eecs.berkeley.edu/Faculty/Homepages/pister.html,NOSCHOLARPAGE,0000-0002-8108-2102
Kristoffer Arnsfelt Hansen,Aarhus University,https://cs.au.dk/~arnsfelt,QttFU2YAAAAJ,0000-0002-1155-8072
Kristoffer H. Madsen,DTU,https://www.compute.dtu.dk/english,NOSCHOLARPAGE,0000-0000-0000-0000
Kristoffer Hougaard Madsen,DTU,https://www.compute.dtu.dk/english,NOSCHOLARPAGE,0000-0000-0000-0000
Kristoffer Wickstrøm,UiT The Arctic Univ. of Norway,https://uit.no/ansatte/kristoffer.k.wickstrom,gUd35ngAAAAJ,0000-0003-1395-7154
Kristopher K. Micinski,Syracuse University,http://kmicinski.com,HpJLJWUAAAAJ,0000-0002-8650-0991
Kristy Elizabeth Boyer,University of Florida,https://www.cise.ufl.edu/boyer-kristy,G7NhylUAAAAJ,0000-0003-3434-3450
Krithi Ramamritham,IIT Bombay,http://cuse.iitb.ac.in/people/faculty/krithi-ramamritham,LFLG5pcAAAAJ,0000-0000-0000-0000
Kriti Bhargava,Univ. of California - Santa Cruz,https://campusdirectory.ucsc.edu/cd_detail?uid=kbharga1,PPV3PA4AAAAJ,0000-0000-0000-0000
Krothapalli S. Rao,IIT Kharagpur,https://cse.iitkgp.ac.in/~ksrao,TATEL2EAAAAJ,0000-0000-0000-0000
Krothapalli Sreenivasa Rao,IIT Kharagpur,https://cse.iitkgp.ac.in/~ksrao,TATEL2EAAAAJ,0000-0000-0000-0000
Krung Sinapiromsaran,Chulalongkorn University,http://pioneer.netserv.chula.ac.th/~skrung,Pqic3LgAAAAJ,0000-0000-0000-0000
Krys J. Kochut,University of Georgia,http://cobweb.cs.uga.edu/~kochut,NOSCHOLARPAGE,0000-0000-0000-0000
Krzysztof Diks,University of Warsaw,https://www.mimuw.edu.pl/osoba/291,I0Cd4eYAAAAJ,0000-0001-6745-2448
Krzysztof Gajos,Harvard University,http://www.eecs.harvard.edu/~kgajos,MnnERiQAAAAJ,0000-0000-0000-0000
Krzysztof J. Cios,Virginia Commonwealth University,http://cioslab.vcu.edu/index.html,hrWVmoAAAAAJ,0000-0000-0000-0000
Krzysztof J. Geras,New York University,https://cs.nyu.edu/~kgeras,ZMCGp48AAAAJ,0000-0000-0000-0000
Krzysztof J. Kochut,University of Georgia,http://cobweb.cs.uga.edu/~kochut,NOSCHOLARPAGE,0000-0000-0000-0000
Krzysztof Jozef Cios,Virginia Commonwealth University,http://cioslab.vcu.edu/index.html,hrWVmoAAAAAJ,0000-0000-0000-0000
Krzysztof Kuchcinski,Lund University,http://cs.lth.se/krzysztof_kuchcinski,NOSCHOLARPAGE,0000-0001-8941-459X
Krzysztof Lorys,University of Wroclaw,http://www.ii.uni.wroc.pl/~lorys,NOSCHOLARPAGE,0000-0002-3553-3443
Krzysztof Onak,Boston University,https://onak.pl,68eoKg4AAAAJ,0000-0003-0226-7449
Krzysztof Pawlikowski,University of Canterbury,http://www.cosc.canterbury.ac.nz/krys.pawlikowski,_kwcKaYAAAAJ,0000-0003-3646-3798
Krzysztof Pietrzak,IST Austria,https://ist.ac.at/research/research-groups/pietrzak-group,uEjyGZUAAAAJ,0000-0002-9139-1654
Krzysztof R. Apt,University of Warsaw,http://www.bokus.com/bok/9780521866286/constraint-logic-programming-using-eclipse,80M1xD0AAAAJ,0000-0000-0000-0000
Krzysztof Rzadca,University of Warsaw,http://www.mimuw.edu.pl/~krzadca,ctiDQxUAAAAJ,0000-0002-4176-853X
Krzysztof Stencel,University of Warsaw,http://uw.academia.edu/KrzysztofStencel,393Ddr0AAAAJ,0000-0000-0000-0000
Krzysztof Z. Gajos,Harvard University,http://www.eecs.harvard.edu/~kgajos,MnnERiQAAAAJ,0000-0002-1897-9048
Kshitij Gajjar,IIT Jodhpur,https://www.tcs.tifr.res.in/~kshitij,2AO5VAsAAAAJ,0000-0003-0890-199X
Ku-Jin Kim,Kyungpook National University,http://bh.knu.ac.kr/~kujinkim,yD2zLvYAAAAJ,0000-0000-0000-0000
Kuan Cheng,Peking University,https://sites.google.com/site/ckkcdh/home,cHneZMEAAAAJ,0000-0000-0000-0000
Kuan Fang,Cornell University,https://kuanfang.github.io,BZBkjNYAAAAJ,0000-0000-0000-0000
Kuan Yang,Shanghai Jiao Tong University,https://jhc.sjtu.edu.cn/~kuanyang,-NSo9GkAAAAJ,0000-0000-0000-0000
Kuan-Hao Huang,Texas A&M University,https://khhuang.me,PIWnCdYAAAAJ,0000-0002-1634-9237
Kuan-Hsun Chen,University of Twente,https://research.utwente.nl/en/persons/3c40a569-c037-47db-a05e-ec32877de868,puM1q8UAAAAJ,0000-0002-7110-921X
Kuan-Wen Chen,National Chiao Tung University,http://www.cs.nctu.edu.tw/~kuanwen,2kfjkmEAAAAJ,0009-0009-5466-4391
Kuanquan Wang,Harbin Institute of Technology,http://homepage.hit.edu.cn/wangkuanquan,FMb0GfYAAAAJ,0000-0003-1347-3491
Kubra Kalkan-Cakmakci,Özyeğin University,https://faculty.ozyegin.edu.tr/kubrakalkan,xE0INEMAAAAJ,0000-0000-0000-0000
Kudakwashe Dube,Massey University,http://www.massey.ac.nz/massey/expertise/profile.cfm?stref=844040,XKD3U7gAAAAJ,0000-0000-0000-0000
Kuen-Bang Hou (Favonia),University of Minnesota,https://favonia.org,Tqfb4FYAAAAJ,0000-0002-2310-3673
Kui Jia,CUHK (SZ),http://kuijia.site,Mf9VHRcAAAAJ,0000-0003-2661-5700
Kui Ren 0001,Zhejiang University,https://person.zju.edu.cn/kuiren,uuQA_rcAAAAJ,0000-0003-3441-6277
Kui Wu 0001,University of Victoria,http://www.cs.uvic.ca/~wkui,YW2PefUAAAAJ,0000-0002-2069-0032
Kuk-Jin Yoon,KAIST,http://vi.kaist.ac.kr,1NvBj_gAAAAJ,0000-0002-1634-2756
Kuldar Taveter,University of Tartu,https://kodu.ut.ee/~kuldarta,Dcz9qBkAAAAJ,0000-0000-0000-0000
Kuldeep Kumar,BITS Pilani,http://www.bits-pilani.ac.in/pilani/kuldeep/profile,RdiHr7UAAAAJ,0000-0000-0000-0000
Kuldeep S. Meel,Georgia Institute of Technology,https://www.cs.toronto.edu/~meel,bvW5Hs8AAAAJ,0000-0001-9423-5270
Kuldeep Singh 0003,University of Delhi,https://cs.du.ac.in/faculty,J0tK1vwAAAAJ,0000-0000-0000-0000
Kumar Madhukar,IIT Delhi,https://homecse.iitd.ac.in/team/kumar-madhukar,nGl9MI0AAAAJ,0000-0001-5686-9758
Kumari Nidhi Lal,VNIT Nagpur,https://vnit.ac.in/engineering/cse/dr-nidhi-lal,U2FM-YAAAAAJ,0000-0000-0000-0000
Kumiko Tanaka,University of Tokyo,http://www.rcast.u-tokyo.ac.jp/research/people/staff-tanaka-ishii_kumiko_en.html,NOSCHOLARPAGE,0000-0003-1752-3951
Kumiko Tanaka-Ishii,Waseda University,https://ml-waseda.jp,C7eBj4kAAAAJ,0000-0003-1752-3951
Kun He 0001,HUST,http://faculty.hust.edu.cn/hekun/en/index.htm,YTQnGJsAAAAJ,0000-0001-7627-4604
Kun He 0011,Renmin University of China,https://scholar.google.com/citations?hl=en&user=Gaw2AbsAAAAJ,Gaw2AbsAAAAJ,0000-0000-0000-0000
Kun Li 0001,Tianjin University,http://cic.tju.edu.cn/faculty/likun,dnv5SlkAAAAJ,0000-0000-0000-0000
Kun Qian 0004,University of Virginia,https://engineering.virginia.edu/faculty/kun-qian,fGNCS9oAAAAJ,0000-0003-4971-8075
Kun She 0001,UESTC,https://www.is.uestc.edu.cn/teachers.do?id=1044,NOSCHOLARPAGE,0000-0000-0000-0000
Kun Sun 0001,George Mason University,https://csis.gmu.edu/ksun,u18hG4gAAAAJ,0000-0003-4152-2107
Kun Xie 0001,Hunan University,https://cskxie.github.io,2cfH6_0AAAAJ,0000-0002-2163-2723
Kun Xu 0003,Tsinghua University,http://cg.cs.tsinghua.edu.cn/people/~kun,dRlBzscAAAAJ,0000-0002-2671-4170
Kun Yang,Nanjing University,https://ninelab.org.cn/?p=959,qpe3iUkAAAAJ,0000-0000-0000-0000
Kun Yang 0001,University of Essex,https://www.essex.ac.uk/people/yangk82907/kun-yang,qpe3iUkAAAAJ,0000-0000-0000-0000
Kun Zhang 0001,MBZUAI,https://mbzuai.ac.ae/study/faculty/kun-zhang,RGoypN4AAAAJ,0000-0002-0738-9958
Kun Zhou 0001,Zhejiang University,http://mypage.zju.edu.cn/kunzhou,N-iYby0AAAAJ,0000-0003-4243-6112
Kun-Mao Chao,National Taiwan University,https://www.csie.ntu.edu.tw/~kmchao,rkpVQI4AAAAJ,0000-0003-2837-1279
Kun-Pyo Lee,KAIST,http://dpl.kaist.ac.kr/people,NOSCHOLARPAGE,0000-0001-8873-2983
Kun-Ta Chuang,National Cheng Kung University,http://www.csie.ncku.edu.tw/ncku_csie/depmember/teacherdetail/id/35,f1ENUEQAAAAJ,0000-0002-3914-8550
Kun-chan Lan,National Cheng Kung University,http://www.csie.ncku.edu.tw/ncku_csie/depmember/teacherdetail/id/27,NOSCHOLARPAGE,0000-0001-7429-8282
Kunal Agrawal 0001,Washington University in St. Louis,https://www.cse.wustl.edu/~kunal,W362rUwAAAAJ,0000-0001-5882-6647
Kunal Dutta,University of Warsaw,https://www.mimuw.edu.pl/~kdutta,1K29GoUAAAAJ,0000-0003-3055-9326
Kunal Korgaonkar,BITS Pilani-Goa,https://www.bits-pilani.ac.in/goa/kunalk/profile,HZq-WzsAAAAJ,0000-0000-0000-0000
Kung-Kiu Lau,University of Manchester,http://www.cs.man.ac.uk/~kung-kiu,NOSCHOLARPAGE,0000-0000-0000-0000
Kunihiko Sadakane,University of Tokyo,http://www.tkl.iis.u-tokyo.ac.jp/FIRST/members/sadakane.en.html,yh2tWLIAAAAJ,0000-0002-8212-3682
Kunitake Kaneko,Keio University,https://www.inl.ics.keio.ac.jp,pVpmX2sAAAAJ,0009-0001-6107-6151
Kunle Olukotun,Stanford University,http://arsenalfc.stanford.edu/kunle,IzXDyR8AAAAJ,0000-0002-8779-0636
Kunpeng Liu 0001,Portland State University,https://www.kunpengliu.com,wfF30KMAAAAJ,0000-0002-6053-5977
Kunpeng Yao,University of Leeds,https://eps.leeds.ac.uk/computing/staff/16237/dr-kunpeng-yao,YN1iXY4AAAAJ,0000-0002-5839-081X
Kunqing Xie,Peking University,http://www.cis.pku.edu.cn/faculty/system/xiekunqing/english.htm,NOSCHOLARPAGE,0000-0000-0000-0000
Kunsoo Park,Seoul National University,http://theory.snu.ac.kr/?page_id=982,StNl-UAAAAAJ,0000-0001-5225-0907
Kuntal Ghosh,ISI Kolkata,https://www.isical.ac.in/~kuntal,_ZvzkwIAAAAJ,0000-0000-0000-0000
Kuo Chen,University of Southern Mississippi,https://www.usm.edu/computing/faculty/kuo-chen,NOSCHOLARPAGE,0000-0000-0000-0000
Kuo-Chen Wang,National Chiao Tung University,http://mbl.cs.nctu.edu.tw,NOSCHOLARPAGE,0000-0000-0000-0000
Kuo-Cheng Wang,National Chiao Tung University,http://mbl.cs.nctu.edu.tw,NOSCHOLARPAGE,0000-0000-0000-0000
Kurt Driessens,Maastricht University,https://www.maastrichtuniversity.nl/kurt.driessens,rlUZtakAAAAJ,0000-0001-7871-2495
Kurt E. Oughstun,University of Vermont,http://www.cems.uvm.edu/~oughstun,lmYBo-oAAAAJ,0000-0000-0000-0000
Kurt Geihs,University of Kassel,http://www.uni-kassel.de/eecs/fachgebiete/vs/team/kge-detail-page/person/578-Kurt-Geihs.html,JsrZG2YAAAAJ,0000-0001-9833-6108
Kurt Jensen,Aarhus University,http://pure.au.dk/portal/en/persons/kurt-jensen(40695a62-b356-4d94-b437-4db0be203bdc).html,OLXJpH8AAAAJ,0000-0000-0000-0000
Kurt Keutzer,Univ. of California - Berkeley,https://people.eecs.berkeley.edu/~keutzer,IzaagZkAAAAJ,0000-0000-0000-0000
Kurt Luther,Virginia Tech,https://www.kurtluther.com,b8cNEHwAAAAJ,0000-0003-1809-6269
Kurt Mehlhorn [INF],Max Planck Society,https://www.mpi-inf.mpg.de/~mehlhorn,28CWXPUAAAAJ,0000-0000-0000-0000
Kurt Nørmark,Aalborg University,http://people.cs.aau.dk/~normark,5L7St-cAAAAJ,0000-0000-0000-0000
Kurt Otto,Uppsala University,http://www.it.uu.se/katalog/kurt,NOSCHOLARPAGE,0000-0000-0000-0000
Kurt Rohloff,NJIT,https://web.njit.edu/~rohloff,N5fPp3YAAAAJ,0000-0003-0389-5092
Kurt Rothermel,University of Stuttgart,https://www.ipvs.uni-stuttgart.de/abteilungen/vs/abteilung/mitarbeiter/kurt.rothermel,LWI2KAMAAAAJ,0000-0001-8986-8241
Kurt Sandkuhl,University of Rostock,https://www.wirtschaftsinformatik.uni-rostock.de/lehrstuhl/team/professoren/prof-dr-kurt-sandkuhl,5MxuPr4AAAAJ,0000-0002-7431-8412
Kurt Schneider,University of Hannover,http://www.se.uni-hannover.de/pages/de:mitarbeiter_kurt_schneider,Jlu_3qcAAAAJ,0000-0002-7456-8323
Kurt VanLehn,Arizona State University,http://www.public.asu.edu/~kvanlehn,hjYT3JYAAAAJ,0000-0000-0000-0000
Kwan Hui Lim 0001,SUTD,https://sites.google.com/site/limkwanhui,K3oGQ4QAAAAJ,0000-0000-0000-0000
Kwan Woo Ryu,Kyungpook National University,http://isaac.knu.ac.kr,NOSCHOLARPAGE,0000-0000-0000-0000
Kwan-Liu Ma,Univ. of California - Davis,http://www.cs.ucdavis.edu/~ma,LgL2HpkAAAAJ,0000-0001-8086-0366
Kwan-Yee K. Wong,University of Hong Kong,https://i.cs.hku.hk/~kykwong,Dxpvy4EAAAAJ,0000-0001-8560-9007
Kwan-Yee Kenneth Wong,University of Hong Kong,https://i.cs.hku.hk/~kykwong,Dxpvy4EAAAAJ,0000-0001-8560-9007
Kwang In Kim,POSTECH,https://sites.google.com/view/kimki,0wIdMGEAAAAJ,0000-0002-6470-4571
Kwang Moo Yi,University of British Columbia,https://cs.ubc.ca/~kmyi,pr6rIJEAAAAJ,0000-0001-9036-3822
Kwang-Sung Jun,University of Arizona,https://kwangsungjun.github.io,VgvC7o8AAAAJ,0000-0001-5483-3161
Kwang-Ting (Tim) Cheng,HKUST,http://www.ust.hk/about-hkust/senior-adm/dean-of-engineering,NOSCHOLARPAGE,0000-0002-3885-4912
Kwang-Ting Cheng,HKUST,http://www.ust.hk/about-hkust/senior-adm/dean-of-engineering,NOSCHOLARPAGE,0000-0002-3885-4912
KwangSoo Yang,Florida Atlantic University,http://faculty.eng.fau.edu/yangk/home/index.html,ou-o00sAAAAJ,0000-0003-4293-9908
Kwanghoon Sohn,Yonsei University,http://diml.yonsei.ac.kr,zEtk0QsAAAAJ,0000-0002-3715-0331
Kwanghyun Park 0001,Yonsei University,https://bdai.yonsei.ac.kr/faculty.html,4jxKOwgAAAAJ,0000-0003-0757-2725
Kwangjo Kim,KAIST,http://caislab.kaist.ac.kr/kkj,ENIkgBkAAAAJ,0000-0000-0000-0000
Kwangkeun Yi,Seoul National University,http://ropas.snu.ac.kr/~kwang,VddKJ_wAAAAJ,0009-0007-5027-2177
Kwangtaek Kim,Kent State University,https://www.kent.edu/cs/kwangtaek-kim,itUoRvUAAAAJ,0000-0000-0000-0000
Kwanguk Kim,Hanyang University,http://hci.dothome.co.kr/xe/Professor,NOSCHOLARPAGE,0000-0000-0000-0000
Kwang­Moo Choe,KAIST,http://adamant.kaist.ac.kr,NOSCHOLARPAGE,0000-0000-0000-0000
Kwoh Chee Keong 0001,Nanyang Technological University,http://www.ntu.edu.sg/home/asckkwoh,jVn0wDMAAAAJ,0000-0000-0000-0000
Kwok-Ping Chan,University of Hong Kong,https://i.cs.hku.hk/~kpchan,oas17QIAAAAJ,0000-0000-0000-0000
Kwok-Wai Cheung 0001,Hong Kong Baptist University,http://www.comp.hkbu.edu.hk/~william,e42JkYIAAAAJ,0000-0002-7428-2050
Kwok-Wai Hung,Shenzhen University,http://www.escience.cn/people/kwhung/index.html,61DydQUAAAAJ,0000-0002-1665-3669
Kwok-Yan Lam,Nanyang Technological University,https://dr.ntu.edu.sg/cris/rp/rp00321,NOSCHOLARPAGE,0000-0001-7479-7970
Kwong-Sak Leung,Chinese University of Hong Kong,http://www.cs.cuhk.edu.hk/~ksleung,x--r9cIAAAAJ,0000-0000-0000-0000
Kyandoghere Kyamakya,University of Klagenfurt,https://www.aau.at/team/kyamakya-kyandoghere,n_5AgzAAAAAJ,0000-0000-0000-0000
Kyla A. McMullen,University of Florida,https://www.cise.ufl.edu/people/faculty/kyla,DzvXnyoAAAAJ,0000-0000-0000-0000
Kyle C. Hale,Oregon State University,https://engineering.oregonstate.edu/people/kyle-c-hale,zYAOJqwAAAAJ,0000-0001-9488-9311
Kyle Cranmer,University of Wisconsin - Madison,http://theoryandpractice.org,EZjSxgwAAAAJ,0000-0002-5769-7094
Kyle Deeds,Boston University,https://kylebd99.github.io/kyle.deeds.github.io,fivkRRgAAAAJ,0000-0003-2267-3276
Kyle Fox,University of Texas at Dallas,http://utdallas.edu/~kyle.fox,7TKz5UgAAAAJ,0000-0000-0000-0000
Kyle Jamieson,Princeton University,https://www.cs.princeton.edu/~kylej,--nVNvIAAAAJ,0000-0002-7940-2867
Kyle N. Winfree,Northern Arizona University,https://nau.edu/siccs/faculty/kyle-winfree,JHtMG2QAAAAJ,0000-0002-3552-4803
Kylie A. Peppler,Univ. of California - Irvine,http://kpeppler.com,FACtCgUAAAAJ,0000-0002-5472-4974
Kylie Peppler,Univ. of California - Irvine,http://kpeppler.com,FACtCgUAAAAJ,0000-0002-5472-4974
Kyo Chul Kang,POSTECH,https://cse.postech.ac.kr/kck,NOSCHOLARPAGE,0000-0000-0000-0000
Kyogu Lee,Seoul National University,http://marg.snu.ac.kr,Fk4jQFEAAAAJ,0000-0002-4210-0312
Kyomin Jung,Seoul National University,http://milab.snu.ac.kr/kjung/index.html,u3uMl4MAAAAJ,0000-0003-2547-7051
Kyong Hoon Kim,Kyungpook National University,http://rtc.knu.ac.kr,j6B_Z-cAAAAJ,0000-0002-1351-3265
Kyong Hwan Jin,Korea University,https://ipa.korea.ac.kr,aLYNnyoAAAAJ,0000-0001-7885-4792
Kyong-Ho Lee,Yonsei University,http://icl.yonsei.ac.kr/member-prof.html,xFohNkYAAAAJ,0000-0002-1581-917X
Kyoung Mu Lee,Seoul National University,https://cv.snu.ac.kr/~kmlee,Hofj9kAAAAAJ,0000-0001-7210-1036
Kyoung-Don Kang,Binghamton University,https://www.binghamton.edu/cs/people/kang.html,5Qrq3p0AAAAJ,0000-0002-3686-9301
KyoungSoo Park,KAIST,https://www.ndsl.kaist.edu/~kyoungsoo,ZrPrFicAAAAJ,0009-0008-3108-2893
Kyoungwoo Lee,Yonsei University,http://dclab.yonsei.ac.kr/kwlee,eM9Nv7UAAAAJ,0000-0001-5082-3775
Kyra Gan [Tech],Cornell University,https://kyra-gan.github.io,YodN8B4AAAAJ,0000-0000-0000-0000
Kyriakos Mouratidis,Singapore Management University,https://www.smu.edu.sg/faculty/profile/9633/Kyriakos-MOURATIDIS,vq5oTnEAAAAJ,0000-0002-8835-430X
Kyros Kutulakos,University of Toronto,http://www.cs.toronto.edu/~kyros,NOSCHOLARPAGE,0000-0000-0000-0000
Kyu Hyung Lee,University of Georgia,http://cobweb.cs.uga.edu/~kyuhlee,oHcacuIAAAAJ,0000-0002-0582-5795
Kyu Min Lee,Worcester Polytechnic Institute,http://web.cs.wpi.edu/~kmlee,zQKRsSEAAAAJ,0000-0000-0000-0000
Kyu-Young Whang,KAIST,http://dblab.kaist.ac.kr/Prof/main_eng.html,LZSo1YEAAAAJ,0000-0000-0000-0000
Kyumin Lee,Worcester Polytechnic Institute,http://web.cs.wpi.edu/~kmlee,zQKRsSEAAAAJ,0000-0002-9004-1740
Kyung-Su Kim 0002,Seoul National University,https://aibl.snu.ac.kr/team,RbJDbtgAAAAJ,0000-0000-0000-0000
KyungHyun Cho,New York University,http://www.kyunghyuncho.me,0RAmmIAAAAAJ,0000-0000-0000-0000
Kyungdon Joo,UNIST,https://kdjoo369.wixsite.com/kdjoo,hNxIPzMAAAAJ,0000-0000-0000-0000
Kyunghan Lee,Seoul National University,http://nxc.snu.ac.kr,IwQCRuQAAAAJ,0000-0001-8647-1476
Kyungho Lee,Korea University,https://www.rimala.kr,jedqVOcAAAAJ,0000-0002-1096-5872
Kyunghyun Cho,New York University,http://www.kyunghyuncho.me,0RAmmIAAAAAJ,0000-0003-1669-3211
Kyungim Baek,University of Hawaii at Manoa,http://www2.hawaii.edu/~kyungim,NOSCHOLARPAGE,0000-0000-0000-0000
Kyungmin Bae,POSTECH,http://sevlab.postech.ac.kr/~kmbae,RfWIHGsAAAAJ,0000-0002-6430-5175
Kyungshik Lim,Kyungpook National University,http://wicom.knu.ac.kr,NOSCHOLARPAGE,0000-0000-0000-0000
Kyungtae Kim,Dartmouth College,https://kt0755.github.io,HxIuK2MAAAAJ,0000-0000-0000-0000
Kyungwoo Song,Yonsei University,https://mlai.yonsei.ac.kr,HWxRii4AAAAJ,0000-0003-0082-4280
Kyuseok Shim,Seoul National University,http://kdd.snu.ac.kr/~shim,3Y254i4AAAAJ,0000-0001-8818-0963
Kôiti Hasida,University of Tokyo,http://www.i.u-tokyo.ac.jp/edu/course/ice/members_e.shtml,d3CnvP8AAAAJ,0000-0000-0000-0000
Kübra Kalkan,Özyeğin University,https://faculty.ozyegin.edu.tr/kubrakalkan,xE0INEMAAAAJ,0000-0000-0000-0000
