name,affiliation,homepage,scholarid,orcid
D. C. Douglas Hung,NJIT,http://cs.njit.edu/people/hung.php,NOSCHOLARPAGE,0000-0000-0000-0000
D. Caleb Rucker,University of Tennessee,https://mabe.utk.edu/people/d-caleb-rucker,swKSAGAAAAAJ,0000-0001-7181-1933
D. Ellis Hershkowitz,Brown University,https://dhershko.github.io,JR_KR7MAAAAJ,0000-0003-0862-3715
D. F. Wong,Chinese University of Hong Kong,https://www.erg.cuhk.edu.hk/erg/DeanMessage,WPhoQiUAAAAJ,0000-0000-0000-0000
D. F. Wong 0001,Chinese University of Hong Kong,https://www.erg.cuhk.edu.hk/erg/DeanMessage,WPhoQiUAAAAJ,0000-0001-8274-9688
D. Hemkumar,VNIT Nagpur,https://vnit.ac.in/engineering/cse/dr-hemkumar-d,QzZ4IDcAAAAJ,0000-0000-0000-0000
D. J. Soudris,NTUA,https://microlab.ntua.gr/academics/dimitrios-soudris,lWuTmpEAAAAJ,0000-0000-0000-0000
D. Janaki Ram,IIT Madras,http://dos.iitm.ac.in/djwebsite,zxpFxq8AAAAJ,0000-0000-0000-0000
D. Janakiram,IIT Madras,http://dos.iitm.ac.in/djwebsite,zxpFxq8AAAAJ,0000-0000-0000-0000
D. K. Arvind,University of Edinburgh,http://www.dcs.ed.ac.uk/home/dka,bfF6L30AAAAJ,0000-0000-0000-0000
D. M. H. Walker,Texas A&M University,http://faculty.cse.tamu.edu/walker,NOSCHOLARPAGE,0000-0000-0000-0000
D. Manivannan 0001,University of Kentucky,https://www.cs.uky.edu/~manivann,NOSCHOLARPAGE,0000-0001-9895-3085
D. Martin Swany,Indiana University,https://www.soic.indiana.edu/all-people/profile.html?profile_id=307,NOSCHOLARPAGE,0000-0001-8028-1161
D. Medhi,Univ. of Missouri - Kansas City,http://sce2.umkc.edu/csee/dmedhi,17e2M2AAAAAJ,0000-0000-0000-0000
D. Scott McCrickard,Virginia Tech,http://people.cs.vt.edu/~mccricks,jQNt6RwAAAAJ,0000-0001-9839-7146
D. T. Huynh,University of Texas at Dallas,http://www.utdallas.edu/~huynh,LLcgKtUAAAAJ,0000-0000-0000-0000
D. Turgay Altilar,Istanbul Technical University,http://web.itu.edu.tr/altilar,wknEy5IAAAAJ,0000-0000-0000-0000
Da Cao,Hunan University,https://sites.google.com/view/caoda,NOSCHOLARPAGE,0000-0000-0000-0000
Da Yan 0001,Indiana University,https://homes.luddy.indiana.edu/yanda/home.html,Kw71k1gAAAAJ,0000-0002-4653-0408
Da-Wei Chang,National Cheng Kung University,http://www.csie.ncku.edu.tw/ncku_csie/depmember/teacherdetail/id/28,NOSCHOLARPAGE,0000-0002-4317-7979
Da-Wei Li,University of Vermont,http://www.uvm.edu/genomics/index.html,HNZDQxYAAAAJ,0000-0000-0000-0000
Da-Wei Zhou 0001,Nanjing University,https://www.lamda.nju.edu.cn/zhoudw,kMNaR-YAAAAJ,0000-0001-7226-7773
Da-wei Li,University of Vermont,http://www.uvm.edu/genomics/index.html,HNZDQxYAAAAJ,0000-0000-0000-0000
Daan Huybrechs,KU Leuven,https://people.cs.kuleuven.be/~daan.huybrechs,bT4V4uYAAAAJ,0000-0000-0000-0000
Dabbala Rajagopal Reddy,Carnegie Mellon University,http://www.rr.cs.cmu.edu,6n7rzokAAAAJ,0000-0000-0000-0000
Dacheng Tao,Nanyang Technological University,https://dr.ntu.edu.sg/cris/rp/rp02343,RwlJNLcAAAAJ,0000-0001-7225-5449
Dachuan Li,SUSTech,https://faculty.sustech.edu.cn/?p=57187&tagid=&cat=2&iscss=1&snapid=1&orderby=date,sCANNvMAAAAJ,0000-0000-0000-0000
Dae Hyun Kim 0004,Washington State University,https://school.eecs.wsu.edu/people/faculty/dae-hyun-kim,nG4hcN4AAAAJ,0000-0001-8275-5949
Dae Hyun Kim 0005,Yonsei University,https://dhkim16.github.io,bjKa3nEAAAAJ,0000-0002-8657-9986
Dae-Hyun Kim 0004,Washington State University,https://school.eecs.wsu.edu/people/faculty/dae-hyun-kim,nG4hcN4AAAAJ,0000-0000-0000-0000
Dae-Kyoo Kim,Oakland University,https://oakland.edu/secs/directory/kim,IR_UyOgAAAAJ,0000-0002-7133-9111
Daehyeok Kim,University of Texas at Austin,https://daehyeok.kim,n017nRYAAAAJ,0000-0002-7439-1783
Daehyun Kim 0004,Washington State University,https://school.eecs.wsu.edu/people/faculty/dae-hyun-kim,nG4hcN4AAAAJ,0000-0000-0000-0000
Daehyung Park,KAIST,http://www.daehyungpark.com,5mWSk04AAAAJ,0000-0000-0000-0000
Daeyoung Kim 0001,KAIST,http://www.resl.kaist.ac.kr,encxuNcAAAAJ,0000-0002-7960-5955
Dafna Shahaf,Hebrew University of Jerusalem,http://www.cs.huji.ac.il/~dshahaf,AgyW_90AAAAJ,0000-0003-3261-0818
Dag Haugland,University of Bergen,http://www.ii.uib.no/~dag,NOSCHOLARPAGE,0000-0000-0000-0000
Dag Johansen,UiT The Arctic Univ. of Norway,https://uit.no/ansatte/dag.johansen,qPzq39kAAAAJ,0000-0000-0000-0000
Dag Svanaes,NTNU,https://www.ntnu.edu/employees/dag.svanes,rrAsOFsAAAAJ,0000-0000-0000-0000
Dag Svanes,NTNU,https://www.ntnu.edu/employees/dag.svanes,rrAsOFsAAAAJ,0000-0000-0000-0000
Dag Svanæs,NTNU,https://www.ntnu.edu/employees/dag.svanes,rrAsOFsAAAAJ,0000-0001-7929-2648
Dag Wedelin,Chalmers/GU,https://www.chalmers.se/en/staff/Pages/dag.aspx,5TbkPtwAAAAJ,0000-0000-0000-0000
Dagan Feng 0001,University of Sydney,http://sydney.edu.au/engineering/it/about/people/staff/feng.shtml,89py58oAAAAJ,0000-0002-3381-214X
Dagang Li 0001,MUST,https://fie.must.edu.mo/id-1444/person/view/id-1876.html,K0vRLREAAAAJ,0000-0002-8134-0538
Dagmar Krefting,University of Göttingen,https://medizininformatik.umg.eu/ueber-uns/team,_5O2ybUAAAAJ,0000-0002-7238-5339
Dahlia Malkhi,Univ. of California - Santa Barbara,https://cs.ucsb.edu/people/faculty/dahlia-malkhi,A_VZ7N0AAAAJ,0000-0002-7038-7250
Dahua Lin,Chinese University of Hong Kong,http://dahualin.org,GMzzRRUAAAAJ,0000-0002-8865-7896
Daibo Liu,Hunan University,https://sites.google.com/site/dbliuuestc,TjnhzgQAAAAJ,0000-0002-8268-2951
Daifeng Wang,University of Wisconsin - Madison,https://www.waisman.wisc.edu/staff/wang-daifeng,isUlHxkAAAAJ,0000-0001-9190-3704
Daigo Shishika,George Mason University,https://cs.gmu.edu/directory/detail/177,cJuzICEAAAAJ,0000-0002-8514-9634
Daijin Kim 0001,POSTECH,http://imlab.postech.ac.kr,Mw6anjAAAAAJ,0000-0002-8046-8521
Daisuke Iwai,Osaka University,https://www.sens.sys.es.osaka-u.ac.jp,F0hxD5AAAAAJ,0000-0002-3493-5635
Daisuke Kawahara,Kyoto University,http://nlp.ist.i.kyoto-u.ac.jp/member/kawahara/index-en.html,Cfp1XmUAAAAJ,0000-0000-0000-0000
Daisuke Kihara,Purdue University,http://dragon.bio.purdue.edu,WfGLzyAAAAAJ,0000-0003-4091-6614
Daisuke Takahashi,University of Tsukuba,http://www.hpcs.cs.tsukuba.ac.jp/~daisuke/index.html,eITKfuQAAAAJ,0000-0003-1357-5770
Daisy Zhe Wang,University of Florida,http://dsr.cise.ufl.edu/daisyw,gMOBKfUAAAAJ,0009-0003-8234-5482
Dajiang Chen,UESTC,https://www.is.uestc.edu.cn/teachers.do?id=6760,NOSCHOLARPAGE,0000-0000-0000-0000
Dajiang Zhu,University of Texas at Arlington,https://mentis.uta.edu/explore/profile/dajiang-zhu,cFgudIYAAAAJ,0000-0002-6940-3911
Dakai Zhu 0001,University of Texas at San Antonio,http://www.cs.utsa.edu/~dzhu,DHruBmIAAAAJ,0000-0002-1938-9947
Dakshita Khurana,Univ. of Illinois at Urbana-Champaign,https://www.dakshitakhurana.com,bqsD4aEAAAAJ,0000-0001-5315-4503
Dakshnamoorthy Manivannan,University of Kentucky,https://www.cs.uky.edu/~manivann,NOSCHOLARPAGE,0000-0000-0000-0000
Dakuo Wang,Northeastern University,https://dakuowang.com,Uno8dugAAAAJ,0000-0001-9371-9441
Dalal Alrajeh,Imperial College London,https://www.doc.ic.ac.uk/~da04,onAoWhIAAAAJ,0000-0002-1365-8026
Dale A. Carnegie,Victoria University of Wellington,http://ecs.victoria.ac.nz/Main/DaleCarnegie,NOSCHOLARPAGE,0000-0000-0000-0000
Dale A. Schoenefeld,University of Tulsa,https://faculty.utulsa.edu/~/dale-schoenefeld,NOSCHOLARPAGE,0000-0000-0000-0000
Dale Anthony Carnegie,Victoria University of Wellington,http://ecs.victoria.ac.nz/Main/DaleCarnegie,NOSCHOLARPAGE,0000-0000-0000-0000
Dale F. Reed,University of Illinois at Chicago,https://sites.google.com/site/dalereed,NOSCHOLARPAGE,0000-0000-0000-0000
Dale R. Thompson,University of Arkansas,https://www.netgeekdr.com,NOSCHOLARPAGE,0000-0000-0000-0000
Dale Reed,University of Illinois at Chicago,https://sites.google.com/site/dalereed,NOSCHOLARPAGE,0000-0000-0000-0000
Dale Schuurmans,University of Alberta,https://webdocs.cs.ualberta.ca/~dale,xaQuPloAAAAJ,0000-0000-0000-0000
Dale-Marie Wilson,UNC - Charlotte,https://cci.charlotte.edu/people/dale-marie-wilson,T-pzXyUAAAAJ,0000-0000-0000-0000
Dali Ismail,Binghamton University,https://www.binghamton.edu/computer-science/people/profile.html?id=dismail,iLDG0PAAAAAJ,0009-0003-1269-8696
Dali Kaafar,Macquarie University,https://dali-kaafar.github.io,9DR87DQAAAAJ,0000-0000-0000-0000
Daljit Singh Dhillon,Clemson University,https://djsingh.people.clemson.edu,3GWWmEsAAAAJ,0000-0001-7592-8661
Daljit Singh J. Dhillon,Clemson University,https://djsingh.people.clemson.edu,3GWWmEsAAAAJ,0000-0001-7592-8661
Dalton Meitei Thounaojam,National Inst. of Tech. Silchar,http://cs.nits.ac.in/dalton,MoD6g-UAAAAJ,0000-0000-0000-0000
Daltro José Nunes,UFRGS,http://inf.ufrgs.br/prosoft,OuE-elAAAAAJ,0000-0000-0000-0000
Damal Kandadai Arvind,University of Edinburgh,http://www.dcs.ed.ac.uk/home/dka,bfF6L30AAAAJ,0000-0000-0000-0000
Damian Andrew Tamburri,University of Sannio,https://www.unisannio.it/it/users/datamburri,l7BGAq8AAAAJ,0000-0003-1230-8961
Damian Dechev,University of Central Florida,http://cse.eecs.ucf.edu/bios/damiandechev.html,NOSCHOLARPAGE,0000-0002-0569-3403
Damian Niwinski,University of Warsaw,http://www.mimuw.edu.pl/~niwinski,JZ4771IAAAAJ,0000-0000-0000-0000
Damiano Spina,RMIT University,https://www.rmit.edu.au/contact/staff-contacts/academic-staff/s/spina-dr-damiano,sLzYrNYAAAAJ,0000-0001-9913-433X
Damien Doligez,INRIA,https://cambium.inria.fr/~doligez,CoRrccoAAAAJ,0000-0000-0000-0000
Damien Garreau,University of Würzburg,https://www.caidas.uni-wuerzburg.de/research-groups/theory-of-machine-learning,qn4N61QAAAAJ,0000-0002-7855-2847
Damien Muselet,Université Jean Monnet,http://perso.univ-st-etienne.fr/muda8804,TyNSxjQAAAAJ,0000-0000-0000-0000
Damien Pollet,CRIStAL,https://www.cristal.univ-lille.fr/profil/pollet,UpBOx-YAAAAJ,0000-0000-0000-0000
Damien Stehlé,Ecole Normale Superieure de Lyon,http://perso.ens-lyon.fr/damien.stehle,1qab5koAAAAJ,0000-0003-3435-2453
Damien Vergnaud,Ecole Normale Superieure,http://www.di.ens.fr/~vergnaud,dt96T_wAAAAJ,0000-0002-2113-3967
Damien Woods,Maynooth University,https://dna.hamilton.ie/woods,tL0fWrsAAAAJ,0000-0002-0638-2690
Daming Shi 0001,Shenzhen University,http://vrlab.szu.edu.cn/people/shidaming.html,8nZ0ukUAAAAJ,0000-0001-8508-4845
Daming Zhu,Shandong University,http://www.cs.sdu.edu.cn/info/1091/2355.htm,NOSCHOLARPAGE,0000-0001-9395-7247
Damir Azhar,University of Auckland,https://www.cs.auckland.ac.nz/people/damir-azhar,NOSCHOLARPAGE,0000-0000-0000-0000
Damir Cavar,Indiana University,http://damir.cavar.me,6b8TO4cAAAAJ,0000-0002-1262-5927
Damir Filipovic,EPFL,https://people.epfl.ch/damir.filipovic,9HXRjPkAAAAJ,0000-0002-2443-5741
Damith C. Rajapakse,National University of Singapore,https://www.comp.nus.edu.sg/~damithch,uxSljw0AAAAJ,0000-0000-0000-0000
Damith C. Ranasinghe,Adelaide University,http://www.adelaide.edu.au/directory/damith.ranasinghe,NOSCHOLARPAGE,0000-0000-0000-0000
Damith Chinthana Ranasinghe,Adelaide University,http://www.adelaide.edu.au/directory/damith.ranasinghe,NOSCHOLARPAGE,0000-0000-0000-0000
Damith Ranasinghe,Adelaide University,http://www.adelaide.edu.au/directory/damith.ranasinghe,NOSCHOLARPAGE,0000-0000-0000-0000
Damián A. Knopoff,Universidad Nacional de Córdoba,https://www.famaf.unc.edu.ar/~knopoff,e_iNL4IAAAAJ,0000-0000-0000-0000
Damián Barsotti,Universidad Nacional de Córdoba,https://cs.famaf.unc.edu.ar/~damian,NOSCHOLARPAGE,0000-0000-0000-0000
Damla Turgut,University of Central Florida,http://www.cs.ucf.edu/~turgut,bjX4jCkAAAAJ,0000-0000-0000-0000
Damon L. Woodard,University of Florida,https://www.ece.ufl.edu/user/1469,hhBx6TMAAAAJ,0000-0002-0471-177X
Damon McCoy,New York University,http://engineering.nyu.edu/people/damon-mccoy,pT8-2f0AAAAJ,0000-0001-7386-7260
Damon Wischik,University of Cambridge,https://www.cl.cam.ac.uk/~djw1005,NOSCHOLARPAGE,0000-0000-0000-0000
Dan Alistarh,IST Austria,https://ist.ac.at/research/research-groups/alistarh-group,75q-6ZQAAAAJ,0000-0003-3650-940X
Dan Angus,University of Queensland,http://researchers.uq.edu.au/researcher/2079,ucTdGjAAAAAJ,0000-0000-0000-0000
Dan Boneh,Stanford University,http://crypto.stanford.edu/~dabo,MwLqCs4AAAAJ,0000-0003-0820-0421
Dan C. Marinescu,University of Central Florida,https://www.cs.ucf.edu/~dcm,YoLdEIIAAAAJ,0000-0000-0000-0000
Dan Chen 0001,Wuhan University,https://cs.whu.edu.cn/info/1019/2891.htm,wAzo3GUAAAAJ,0000-0000-0000-0000
Dan E. Tamir,Texas State University,http://www.cs.txstate.edu/~dt19,zcdcbaIAAAAJ,0000-0000-0000-0000
Dan E. Willard,University at Albany - SUNY,https://www.albany.edu/ceas/dan-willard.php,NOSCHOLARPAGE,0000-0000-0000-0000
Dan Feldman,University of Haifa,http://people.csail.mit.edu/dannyf,67QZN0gAAAAJ,0000-0002-7700-9711
Dan Feng 0001,HUST,http://faculty.hust.edu.cn/dfeng/en/index.htm,g57OG4QAAAAJ,0000-0002-4674-6006
Dan Garber,Technion,https://dangar.net.technion.ac.il,kUe1sZEAAAAJ,0000-0002-5181-9193
Dan Geiger,Technion,http://www.cs.technion.ac.il/~dang,GM8D4MEAAAAJ,0000-0000-0000-0000
Dan Goldwasser,Purdue University,https://www.cs.purdue.edu/homes/dgoldwas,u8358QgAAAAJ,0000-0000-0000-0000
Dan Grossman,University of Washington,http://homes.cs.washington.edu/~djg,t9wtobkAAAAJ,0009-0005-2111-1900
Dan Halperin,Tel Aviv University,http://acg.cs.tau.ac.il/danhalperin,NOSCHOLARPAGE,0000-0002-3345-3765
Dan Hao 0001,Peking University,http://sei.pku.edu.cn/~haod,DWd972sAAAAJ,0000-0001-8295-303X
Dan Hefetz,Ariel University,http://www.ariel.ac.il/projects/trp/GeneralInformation.asp?numRec=550&numtafrit=1&id_lang=1&d=,oSAkZJoAAAAJ,0000-0001-8923-3879
Dan Huang 0001,Sun Yat-sen University,https://cse.sysu.edu.cn/teacher/Huangdan,Bo6PwnQAAAAJ,0000-0001-5582-1031
Dan Huttenlocher,Massachusetts Inst. of Technology,https://web.mit.edu/hutt/www,q16KVs0AAAAJ,0000-0000-0000-0000
Dan I. Moldovan,University of Texas at Dallas,http://cs.utdallas.edu/people/faculty/moldovan-dan,gNnF8y4AAAAJ,0000-0000-0000-0000
Dan Ionescu,University of Ottawa,http://www.site.uottawa.ca/~ionescu,FfHzD4QAAAAJ,0000-0000-0000-0000
Dan John Williams,Virginia Tech,https://people.cs.vt.edu/djwillia,mu2x-1YAAAAJ,0000-0000-0000-0000
Dan Jurafsky,Stanford University,http://web.stanford.edu/~jurafsky,uZg9l58AAAAJ,0000-0000-0000-0000
Dan Kifer,Pennsylvania State University,http://www.cse.psu.edu/~duk17,7PQN6r4AAAAJ,0000-0002-4611-7066
Dan Klein 0001,Univ. of California - Berkeley,https://www2.eecs.berkeley.edu/Faculty/Homepages/klein.html,jJRiZR8AAAAJ,0000-0000-0000-0000
Dan Knights,University of Minnesota,http://www.knightslab.org,zTkLS_gAAAAJ,0000-0000-0000-0000
Dan Li 0001,Tsinghua University,https://nasp.cs.tsinghua.edu.cn/lidan.html,NOSCHOLARPAGE,0000-0002-7581-8865
Dan Li 0016,Sun Yat-sen University,http://sse.sysu.edu.cn/teacher/209,YYig2NUAAAAJ,0000-0002-3787-1673
Dan Lin 0001,Vanderbilt University,https://engineering.vanderbilt.edu/bio/?pid=dan-lin,6GB4dDYAAAAJ,0000-0000-0000-0000
Dan McQuillan,Goldsmiths University of London,https://www.gold.ac.uk/computing/staff/d-mcquillan,7e1W_LcAAAAJ,0000-0000-0000-0000
Dan Miranker,University of Texas at Austin,https://www.cs.utexas.edu/~miranker,NOSCHOLARPAGE,0000-0000-0000-0000
Dan Negrut,University of Wisconsin - Madison,https://sbel.wisc.edu,Olsi_owAAAAJ,0000-0003-1565-2784
Dan O'Keeffe,Royal Holloway Univ. of London,https://pure.royalholloway.ac.uk/portal/en/persons/daniel-okeeffe(d6927298-220b-404a-ba19-4ee7657271fb).html,oIa4WFQAAAAJ,0000-0000-0000-0000
Dan Olteanu,University of Oxford,http://www.cs.ox.ac.uk/dan.olteanu,4eeIj2gAAAAJ,0000-0002-4682-7068
Dan Ophir,Ariel University,http://ariel.academia.edu/DanOphir,NOSCHOLARPAGE,0000-0000-0000-0000
Dan Page,University of Bristol,http://www.cs.bris.ac.uk/~page,z55uDZcAAAAJ,0000-0002-6366-7641
Dan Pei,Tsinghua University,https://netman.cs.tsinghua.edu.cn/~peidan,i_zA1VsAAAAJ,0000-0002-5113-838X
Dan R. Ghica,University of Birmingham,https://www.birmingham.ac.uk/staff/profiles/computer-science/academic-staff/ghica-dan.aspx,nkaLcCAAAAAJ,0000-0002-4003-8893
Dan Rockmore,Dartmouth College,http://www.cs.dartmouth.edu/~rockmore,NOSCHOLARPAGE,0000-0000-0000-0000
Dan Roth 0001,University of Pennsylvania,http://www.cis.upenn.edu/~danroth,WHOHV3AAAAAJ,0009-0002-1447-5173
Dan Rubenstein,Columbia University,http://www.cs.columbia.edu/~danr,FM3vRPgAAAAJ,0000-0002-3747-9946
Dan S. Wallach,Rice University,https://www.cs.rice.edu/~dwallach,oM25EQkAAAAJ,0000-0000-0000-0000
Dan Schien,University of Bristol,https://research-information.bris.ac.uk/en/persons/daniel-schien,4C7fitQAAAAJ,0000-0000-0000-0000
Dan Sheldon,Univ. of Massachusetts Amherst,https://people.cs.umass.edu/~sheldon,P1bHFuoAAAAJ,0000-0000-0000-0000
Dan Simon,Cleveland State University,https://academic.csuohio.edu/simond,hZV3PngAAAAJ,0000-0000-0000-0000
Dan Simovici,University of Massachusetts Boston,http://www.cs.umb.edu/~dsim,Pun4WO8AAAAJ,0000-0003-1675-8265
Dan Stowell,Queen Mary University of London,http://c4dm.eecs.qmul.ac.uk/people/dans.html,BXu3q_wAAAAJ,0000-0001-8068-3769
Dan Suciu,University of Washington,https://homes.cs.washington.edu/~suciu,SIxd6jgAAAAJ,0000-0002-4144-0868
Dan Suthers,University of Hawaii at Manoa,http://www2.hawaii.edu/~suthers,8rEj1jIAAAAJ,0000-0000-0000-0000
Dan Tamir,Texas State University,http://www.cs.txstate.edu/~dt19,zcdcbaIAAAAJ,0000-0000-0000-0000
Dan Tsafrir,Technion,http://www.cs.technion.ac.il/~dan,o3PQcYgAAAAJ,0000-0002-9242-3144
Dan Ventura,Brigham Young University,http://axon.cs.byu.edu/Dan,iSsKAqQAAAAJ,0000-0000-0000-0000
Dan Wang 0002,The Hong Kong Polytechnic Univ.,http://www4.comp.polyu.edu.hk/~csdwang,QTRtp9cAAAAJ,0000-0002-0921-2726
Dan Williams 0001,Virginia Tech,https://people.cs.vt.edu/djwillia,mu2x-1YAAAAJ,0000-0003-1537-0525
Dan Witzner Hansen,IT University of Copenhagen,https://pure.itu.dk/portal/en/persons/dan-witzner-hansen(5ad9c220-e37f-443a-8a31-fc4abf365db5).html,B8A43fgAAAAJ,0000-0002-6780-4471
Dan Xu 0002,HKUST,https://www.danxurgb.net,OuSPv-AAAAAJ,0000-0003-0136-9603
Dan Zeng 0002,SUSTech,https://www.danzeng.org/about,mr_5iXsAAAAJ,0000-0002-9036-7791
Dan Zhao 0001,Old Dominion University,http://odu.edu/directory/people/d/dzhao,NOSCHOLARPAGE,0000-0000-0000-0000
Dana Dachman-Soled,Univ. of Maryland - College Park,https://ece.umd.edu/~danadach,Ss009KUAAAAJ,0000-0001-6797-641X
Dana Drachsler,Technion,https://ddana.net.technion.ac.il,XOiO5xgAAAAJ,0000-0000-0000-0000
Dana Drachsler-Cohen,Technion,https://ddana.net.technion.ac.il,XOiO5xgAAAAJ,0000-0001-6644-5377
Dana Habeeb,Indiana University,http://danahabeeb.com,vVlyWw0AAAAJ,0000-0003-1808-4102
Dana McKay,RMIT University,https://sites.google.com/view/dana-mckay/about,3TlPPZIAAAAJ,0000-0001-7522-1842
Dana Moshkovitz,University of Texas at Austin,https://people.csail.mit.edu/dmoshkov,r6ifxUIAAAAJ,0000-0002-4151-568X
Dana Randall,Georgia Institute of Technology,http://people.math.gatech.edu/~randall,6wCEmNYAAAAJ,0000-0002-1152-2627
Dana Richards,George Mason University,https://cs.gmu.edu/~richards,NOSCHOLARPAGE,0000-0000-0000-0000
Dana S. Richards,George Mason University,https://cs.gmu.edu/~richards,NOSCHOLARPAGE,0000-0000-0000-0000
Dana Shapira,Ariel University,http://www.ariel.ac.il/Projects/trp/GeneralInformation.asp?numRec=454&numtafrit=1&id_lang=1&d=,Vt744hgAAAAJ,0000-0002-2320-9064
Danai Koutra,University of Michigan,http://web.eecs.umich.edu/~dkoutra,bDrA1-8AAAAJ,0000-0002-3206-8179
Danail Stoyanov,University College London,http://www.surgicalvision.cs.ucl.ac.uk/people/DanailStoyanov,pGfEK6UAAAAJ,0000-0002-0980-3227
Danaë Metaxa,University of Pennsylvania,https://metaxa.net,6pA2wn4AAAAJ,0000-0001-9359-6090
Danaë Metaxa-Kakavouli,University of Pennsylvania,https://metaxa.net,6pA2wn4AAAAJ,0000-0001-9359-6090
Danda Pani Paudel,INSAIT,https://insait.ai/dr-danda-paudel,W43pvPkAAAAJ,0000-0002-1739-1867
Danella Zhao,Old Dominion University,http://odu.edu/directory/people/d/dzhao,NOSCHOLARPAGE,0000-0000-0000-0000
Danesh Tarapore,University of Southampton,https://www.ecs.soton.ac.uk/people/dst1m17,R-Gyat8AAAAJ,0000-0000-0000-0000
Danfei Xu,Georgia Institute of Technology,https://cs.stanford.edu/~danfei,J5D4kcoAAAAJ,0000-0002-8744-3861
Danfeng (Daphne) Yao,Virginia Tech,http://people.cs.vt.edu/danfeng,_JLQTKwAAAAJ,0000-0001-8969-2792
Danfeng Daphne Yao,Virginia Tech,http://people.cs.vt.edu/danfeng,_JLQTKwAAAAJ,0000-0001-8969-2792
Danfeng Shan,Xi'an Jiaotong University,https://dfshan.github.io,XLbHoCsAAAAJ,0000-0003-0852-5955
Danfeng Yao,Virginia Tech,http://people.cs.vt.edu/danfeng,_JLQTKwAAAAJ,0000-0001-8969-2792
Danfeng Zhang,Duke University,https://users.cs.duke.edu/~dz132,rUZN-zQAAAAJ,0000-0003-1942-6872
Dang The Ngoc,PTIT,https://sites.google.com/site/dtngoc,hzIpegEAAAAJ,0000-0000-0000-0000
Dang Tuan Nhon,Texas Tech University,http://www.myweb.ttu.edu/tnhondan,NOSCHOLARPAGE,0000-0001-8322-0014
Dani Lischinski,Hebrew University of Jerusalem,http://www.cs.huji.ac.il/~danix,haahCZ4AAAAJ,0000-0002-6191-0361
Dani Tannir,Lebanese American University,http://soe.lau.edu.lb/ece/faculty-staff/dani_tannir.php,Gtan3J4AAAAJ,0000-0002-2049-4728
Dani Yogatama,University of Southern California,https://dyogatama.github.io,IBlMTLwAAAAJ,0000-0000-0000-0000
Danial Yazdani,SUSTech,https://scholar.google.com/citations?user=ZLOWkEgAAAAJ,ZLOWkEgAAAAJ,0000-0000-0000-0000
Danica J. Sutherland,University of British Columbia,https://www.cs.ubc.ca/~dsuth,uO_NqicAAAAJ,0000-0002-1525-3532
Daniel A. Braun 0001,University of Ulm,https://www.uni-ulm.de/in/neuroinformatik/institut/hidden/d-braun,sCniyigAAAAJ,0000-0002-8637-6652
Daniel A. Epstein,Univ. of California - Irvine,https://www.depstein.net,2kpYWtEAAAAJ,0000-0002-2657-6345
Daniel A. Jiménez,Texas A&M University,https://people.engr.tamu.edu/djimenez/index.html,kajXr5oAAAAJ,0000-0001-5658-4883
Daniel A. Keim,University of Konstanz,https://www.vis.uni-konstanz.de/en/members/keim,YJm9he0AAAAJ,0000-0001-7966-9740
Daniel A. Reed,University of Utah,https://www.hpcdan.org,YCw2r14AAAAJ,0000-0000-0000-0000
Daniel A. Spielman,Yale University,http://www.cs.yale.edu/homes/spielman,L82mYv8AAAAJ,0000-0002-8958-879X
Daniel Abadi,Univ. of Maryland - College Park,https://www.cs.umd.edu/people/abadi,zxeEF2gAAAAJ,0000-0003-3771-2995
Daniel Alexander Braun,University of Ulm,https://www.uni-ulm.de/in/neuroinformatik/institut/hidden/d-braun,sCniyigAAAAJ,0000-0000-0000-0000
Daniel Alfonso Goncalves De Oliveira,UFPR,https://www.inf.ufpr.br/dagoliveira,dgdyqo4AAAAJ,0000-0000-0000-0000
Daniel Aloise,Polytechnique Montreal,https://professeurs.polymtl.ca/daniel.aloise,loo53dkAAAAJ,0000-0002-9876-2921
Daniel Amyot,University of Ottawa,http://www.site.uottawa.ca/~damyot,xGiVN_4AAAAJ,0000-0003-2414-1791
Daniel Andresen,Kansas State University,http://cis.ksu.edu/~dan,egs3G64AAAAJ,0000-0003-2345-6695
Daniel Angus,University of Queensland,http://researchers.uq.edu.au/researcher/2079,ucTdGjAAAAAJ,0000-0002-1412-5096
Daniel Arp,TU Wien,https://informatics.tuwien.ac.at/people/daniel-arp,9mhj4AQAAAAJ,0000-0003-3628-794X
Daniel Ashbrook,University of Copenhagen,http://danielashbrook.com,VzkoqhIAAAAJ,0000-0002-4326-2110
Daniel B. Larremore,University of Colorado Boulder,http://danlarremore.com,BICiUrQAAAAJ,0000-0001-5273-5234
Daniel B. Neill,New York University,https://cs.nyu.edu/~neill,zSqlq00AAAAJ,0000-0001-6282-1240
Daniel B. Work,Vanderbilt University,https://engineering.vanderbilt.edu/bio/daniel-work,oVLqz3AAAAAJ,0000-0003-0565-2158
Daniel Barbará,George Mason University,https://cs.gmu.edu/~dbarbara,wtZwMSgAAAAJ,0000-0000-0000-0000
Daniel Beck,University of Melbourne,https://findanexpert.unimelb.edu.au/profile/672197-daniel-beck,NauI6dEAAAAJ,0000-0001-9560-2773
Daniel Beimborn,University of Bamberg,https://www.uni-bamberg.de/ism/team/prof-dr-daniel-beimborn,cp7sLKQAAAAJ,0000-0002-6294-0212
Daniel Bodemer,University of Duisburg-Essen,https://www.uni-due.de/psychologische-forschungsmethoden/bodemer.php,Lsyx1fkAAAAJ,0000-0003-2515-683X
Daniel Bogaard,Rochester Inst. of Technology,https://people.rit.edu/dsbics,NOSCHOLARPAGE,0009-0003-2662-6300
Daniel Boley,University of Minnesota,http://www-users.cs.umn.edu/~boley,QeRUVr0AAAAJ,0000-0002-2685-8449
Daniel Bonilla Licea,Mohammed VI Polytechnic University,https://cc.um6p.ma/people/Daniel.BONILLA,XgXIvzkAAAAJ,0000-0000-0000-0000
Daniel Buschek,University of Bayreuth,https://daniel-buschek.de/intro,TsVkUBwAAAAJ,0000-0002-0013-715X
Daniel C. Alexander,University College London,http://cmic.cs.ucl.ac.uk/staff/daniel_alexander,mH-ZOQEAAAAJ,0000-0003-2439-350X
Daniel C. Cunha 0001,UFPE,https://www.cin.ufpe.br/~dcunha,7wxJPWsAAAAJ,0000-0000-0000-0000
Daniel C. M. de Oliveira,UFF,http://www2.ic.uff.br/~danielcmo,T_YePXEAAAAJ,0000-0000-0000-0000
Daniel Capurro,University of Melbourne,https://findanexpert.unimelb.edu.au/profile/852679-daniel-capurro,4P0zi4IAAAAJ,0000-0002-9256-1256
Daniel Cardoso Moraes de Oliveira,UFF,http://www2.ic.uff.br/~danielcmo,T_YePXEAAAAJ,0000-0000-0000-0000
Daniel Carvalho da Cunha,UFPE,https://www.cin.ufpe.br/~dcunha,7wxJPWsAAAAJ,0000-0000-0000-0000
Daniel Casini,Scuola Superiore Sant'Anna,https://retis.sssup.it/~d.casini,pG5V4hMAAAAJ,0000-0003-4719-3631
Daniel Cermak,IT University of Copenhagen,https://pure.itu.dk/portal/en/persons/daniel-cermak(0529c410-c647-4040-a1e5-e315d32237e4).html,nbYqsKMAAAAJ,0000-0000-0000-0000
Daniel Chester,University of Delaware,https://www.eecis.udel.edu/~chester,f1rXXY8AAAAJ,0000-0000-0000-0000
Daniel Cohen-Or,Tel Aviv University,http://www.cs.tau.ac.il/~dcor,fAxws1sAAAAJ,0000-0001-6777-7445
Daniel Conte de Leon,University of Idaho,http://www.uidaho.edu/engr/departments/cs/our-people/faculty/conte-de-leon,aLH-yuoAAAAJ,0000-0000-0000-0000
Daniel Costinett,University of Tennessee,https://www.eecs.utk.edu/people/faculty/dcostine,7c5zd_4AAAAJ,0000-0002-5028-3104
Daniel Cremers,TU Munich,http://vision.in.tum.de/members/cremers,cXQciMEAAAAJ,0000-0002-3079-7984
Daniel D. Lee [Tech],Cornell University,http://www.seas.upenn.edu/~ddlee,NOSCHOLARPAGE,0000-0000-0000-0000
Daniel D. Suthers,University of Hawaii at Manoa,http://www2.hawaii.edu/~suthers,8rEj1jIAAAAJ,0000-0000-0000-0000
Daniel Damir Harabor,Monash University,https://research.monash.edu/en/persons/daniel-harabor,TGCmKk4AAAAJ,0000-0000-0000-0000
Daniel David Campbell Prince,Lancaster University,https://www.lancaster.ac.uk/scc/about-us/people/daniel-prince,aDfoLUUAAAAJ,0000-0000-0000-0000
Daniel Deutch,Tel Aviv University,https://www.cs.tau.ac.il/~danielde,2BnMsFIAAAAJ,0009-0001-0838-0162
Daniel Dominic Kaplan Sleator,Carnegie Mellon University,http://www.cs.cmu.edu/~sleator,NOSCHOLARPAGE,0000-0000-0000-0000
Daniel Dominic Sleator,Carnegie Mellon University,http://www.cs.cmu.edu/~sleator,NOSCHOLARPAGE,0000-0000-0000-0000
Daniel E. Atkins,University of Michigan,https://www.si.umich.edu/people/daniel-atkins-iii,txEgjecAAAAJ,0000-0001-9002-9613
Daniel E. Koditschek,University of Pennsylvania,http://www.seas.upenn.edu/~kod,K_PZFhEAAAAJ,0000-0000-0000-0000
Daniel E. Krutz,Rochester Inst. of Technology,https://dan7800.github.io/index.html,NOSCHOLARPAGE,0000-0000-0000-0000
Daniel Engels,Southern Methodist University,https://datascience.smu.edu/about/leadership-and-faculty/profile/daniel-engels,NOSCHOLARPAGE,0000-0003-0761-8017
Daniel F. Keefe,University of Minnesota,http://www-users.cs.umn.edu/~keefe,lGsfTIsAAAAJ,0000-0002-7039-2340
Daniel F. Macedo,UFMG,http://homepages.dcc.ufmg.br/~damacedo,_01uvzwAAAAJ,0000-0000-0000-0000
Daniel F. Schmidt,Monash University,https://research.monash.edu/en/persons/daniel-schmidt,z2YfSogAAAAJ,0000-0000-0000-0000
Daniel Fabbri,Vanderbilt University,https://www.vumc.org/dbmi/person/daniel-fabbri-phd,JBZj2SYAAAAJ,0000-0003-0530-2510
Daniel Fernandes Macedo,UFMG,http://homepages.dcc.ufmg.br/~damacedo,_01uvzwAAAAJ,0000-0000-0000-0000
Daniel Fischer 0001,University at Buffalo,https://www.cse.buffalo.edu/people/?u=df33,6BL4WukAAAAJ,0000-0000-0000-0000
Daniel Fridlender,Universidad Nacional de Córdoba,https://www.famaf.unc.edu.ar/archivo/perfiles/fridlend,NOSCHOLARPAGE,0000-0000-0000-0000
Daniel Fried,Carnegie Mellon University,https://dpfried.github.io,sJDqACEAAAAJ,0000-0000-0000-0000
Daniel G. Aliaga,Purdue University,https://www.cs.purdue.edu/homes/aliaga,Bj5YOnYAAAAJ,0000-0001-9794-462X
Daniel G. Brown 0001,University of Waterloo,https://cs.uwaterloo.ca/~browndg,cD37cXcAAAAJ,0000-0000-0000-0000
Daniel Gardham,University of Surrey,https://www.surrey.ac.uk/people/daniel-gardham,3BhQZ0kAAAAJ,0000-0002-8856-1093
Daniel Genkin,Georgia Institute of Technology,https://faculty.cc.gatech.edu/~genkin,BqkyhDEAAAAJ,0000-0003-2720-9288
Daniel Gildea,University of Rochester,https://www.cs.rochester.edu/u/gildea,NOSCHOLARPAGE,0000-0002-7858-2624
Daniel Gillis,University of Guelph,https://www.uoguelph.ca/computing/people/daniel-gillis,mcKPf6gAAAAJ,0000-0002-7646-259X
Daniel Gnad 0001,Heidelberg University,https://fip.ifi.uni-heidelberg.de,zM2a_BoAAAAJ,0000-0001-7434-2669
Daniel Goehring,Freie Universitaet Berlin,https://www.mi.fu-berlin.de/inf/groups/ag-ki/members/Professoren/Daniel_G__hring1.html,-yZse64AAAAJ,0000-0001-7819-7163
Daniel Gonçalves 0002,Universidade de Lisboa,https://fenix.tecnico.ulisboa.pt/homepage/ist13898,_D1cFMkAAAAJ,0000-0002-5121-6296
Daniel Gooch,Open University UK,http://stem.open.ac.uk/people/dg7692,pqnBZVYAAAAJ,0000-0003-1936-3103
Daniel Gottesman,Univ. of Maryland - College Park,https://www.cs.umd.edu/users/dgottesm,373HnhYAAAAJ,0009-0002-2948-3395
Daniel Gratzer,Aarhus University,https://www.au.dk/gratzer@cs.au.dk,ayQ83fwAAAAJ,0000-0003-1944-0789
Daniel Gregory Brown,University of Waterloo,https://cs.uwaterloo.ca/~browndg,cD37cXcAAAAJ,0000-0000-0000-0000
Daniel Grier,Univ. of California - San Diego,http://danielgrier.com,ctWr1q8AAAAJ,0000-0002-4732-0285
Daniel Grosu,Wayne State University,http://www.cs.wayne.edu/~dgrosu,LhsomaUAAAAJ,0000-0003-2340-5433
Daniel Gruss,Graz University of Technology,https://gruss.cc,JmCg4uQAAAAJ,0000-0002-7977-3246
Daniel Göhring,Freie Universitaet Berlin,https://www.mi.fu-berlin.de/inf/groups/ag-ki/members/Professoren/Daniel_G__hring1.html,-yZse64AAAAJ,0000-0001-7819-7163
Daniel H. Huson,University of Tübingen,https://uni-tuebingen.de/fakultaeten/mathematisch-naturwissenschaftliche-fakultaet/fachbereiche/informatik/lehrstuehle/algorithms-in-bioinformatics/people/daniel-huson,hLTZTG4AAAAJ,0000-0002-2961-604X
Daniel Haehn,University of Massachusetts Boston,https://danielhaehn.com,HGvsO6oAAAAJ,0000-0001-9144-3461
Daniel Harabor,Monash University,https://research.monash.edu/en/persons/daniel-harabor,TGCmKk4AAAAJ,0000-0000-0000-0000
Daniel Hershcovich,University of Copenhagen,https://danielhers.github.io,479qIucAAAAJ,0000-0002-3966-8708
Daniel Hirschkoff,Ecole Normale Superieure de Lyon,https://perso.ens-lyon.fr/daniel.hirschkoff,NOSCHOLARPAGE,0000-0000-0000-0000
Daniel Hsu 0001,Columbia University,http://www.cs.columbia.edu/~djhsu,jj0Evx0AAAAJ,0000-0002-3495-7113
Daniel Hughes,KU Leuven,https://distrinet.cs.kuleuven.be/people/dannyh,PhAY-GwAAAAJ,0000-0000-0000-0000
Daniel Hughes 0001,KU Leuven,https://distrinet.cs.kuleuven.be/people/dannyh,PhAY-GwAAAAJ,0000-0000-0000-0000
Daniel J. Abadi,Univ. of Maryland - College Park,https://www.cs.umd.edu/people/abadi,zxeEF2gAAAAJ,0000-0003-3771-2995
Daniel J. Dougherty,Worcester Polytechnic Institute,http://www.wpi.edu/academics/facultydir/djd.html,6dDd-M4AAAAJ,0000-0000-0000-0000
Daniel J. Finnegan,Cardiff University,https://www.cardiff.ac.uk/people/view/1496260-finnegan-daniel,YxCvjCoAAAAJ,0000-0003-1169-2842
Daniel J. Fremont,Univ. of California - Santa Cruz,https://people.ucsc.edu/~dfremont,ceJJNbMAAAAJ,0000-0002-9992-9965
Daniel J. Hsu,Columbia University,http://www.cs.columbia.edu/~djhsu,jj0Evx0AAAAJ,0000-0000-0000-0000
Daniel J. Lizotte,Western University,http://www.csd.uwo.ca/~dlizotte,35zn-2cAAAAJ,0000-0002-9258-8619
Daniel J. McQuillan,Goldsmiths University of London,https://www.gold.ac.uk/computing/staff/d-mcquillan,7e1W_LcAAAAJ,0000-0000-0000-0000
Daniel J. Rigden,University of Liverpool,https://liverpool.ac.uk/integrative-biology/staff/daniel-rigden,8l7rbMIAAAAJ,0000-0002-7565-8937
Daniel J. Rough,University of Dundee,https://discovery.dundee.ac.uk/en/persons/daniel-rough,RCkETH8AAAAJ,0000-0003-1545-5377
Daniel J. Simon,Cleveland State University,https://academic.csuohio.edu/simond,hZV3PngAAAAJ,0000-0000-0000-0000
Daniel J. Sorin,Duke University,http://people.ee.duke.edu/~sorin,bsoRFLAAAAAJ,0000-0001-7013-8986
Daniel J. Szafir,University of Colorado Boulder,http://danszafir.com,WxmhtyMAAAAJ,0000-0000-0000-0000
Daniel J. Wigdor,University of Toronto,http://www.dgp.toronto.edu/~dwigdor,x3hvdTsAAAAJ,0000-0000-0000-0000
Daniel Jackson 0001,Massachusetts Inst. of Technology,http://people.csail.mit.edu/dnj,_hAP7BgAAAAJ,0000-0003-4864-078X
Daniel Jiménez-González,Polytechnic Univ. of Catalonia,http://personals.ac.upc.edu/djimenez,NOSCHOLARPAGE,0000-0001-6064-7883
Daniel John Rough,University of Dundee,https://discovery.dundee.ac.uk/en/persons/daniel-rough,RCkETH8AAAAJ,0000-0000-0000-0000
Daniel Jorge Viegas Gonçalves,Universidade de Lisboa,https://fenix.tecnico.ulisboa.pt/homepage/ist13898,_D1cFMkAAAAJ,0000-0000-0000-0000
Daniel Jurafsky,Stanford University,http://web.stanford.edu/~jurafsky,uZg9l58AAAAJ,0000-0000-0000-0000
Daniel Kalmanovich,Ariel University,https://danielkalmanovich.wixsite.com/website,dyTgS5EAAAAJ,0000-0003-3857-4459
Daniel Kane,Univ. of California - San Diego,https://cseweb.ucsd.edu/~dakane,DulpV-cAAAAJ,0000-0000-0000-0000
Daniel Kang,Univ. of Illinois at Urbana-Champaign,https://ddkang.github.io,CpMjT0YAAAAJ,0000-0001-9860-9938
Daniel Karapetyan,University of Nottingham,https://www.nottingham.ac.uk/computerscience/people/daniel.karapetyan,O-rI2E0AAAAJ,0000-0003-4030-6525
Daniel Keren,University of Haifa,https://cs.haifa.ac.il/~dkeren,NOSCHOLARPAGE,0000-0000-0000-0000
Daniel Khashabi,Johns Hopkins University,https://danielkhashabi.com,pK2kQvgAAAAJ,0009-0009-7664-2230
Daniel Kifer,Pennsylvania State University,http://www.cse.psu.edu/~duk17,7PQN6r4AAAAJ,0000-0002-4611-7066
Daniel Klein 0001,Univ. of California - Berkeley,https://www2.eecs.berkeley.edu/Faculty/Homepages/klein.html,jJRiZR8AAAAJ,0000-0000-0000-0000
Daniel Král,Masaryk University,https://www.muni.cz/en/people/44742,crv1hRwAAAAJ,0000-0001-8680-0890
Daniel Král',Masaryk University,https://www.muni.cz/en/people/44742,crv1hRwAAAAJ,0000-0000-0000-0000
Daniel L. Chester,University of Delaware,https://www.eecis.udel.edu/~chester,f1rXXY8AAAAJ,0000-0000-0000-0000
Daniel L. Pimentel-Alarcón,Georgia State University,https://danielpimentel.github.io/index.html,NOSCHOLARPAGE,0000-0000-0000-0000
Daniel Leithinger,University of Colorado Boulder,http://www.leithinger.com,OsJr4BMAAAAJ,0000-0003-4342-7082
Daniel Leivant,Indiana University,https://www.cs.indiana.edu/~leivant,NOSCHOLARPAGE,0000-0000-0000-0000
Daniel Lohmann,University of Hannover,https://www.sra.uni-hannover.de/People/lohmann,39geDSwAAAAJ,0000-0001-8224-4161
Daniel Lokshantov,Univ. of California - Santa Barbara,http://www.cs.ucsb.edu/people/faculty/lokshtanov,vaQGFLsAAAAJ,0000-0000-0000-0000
Daniel Lokshtanov,Univ. of California - Santa Barbara,http://www.cs.ucsb.edu/people/faculty/lokshtanov,vaQGFLsAAAAJ,0000-0002-3166-9212
Daniel Lopresti,Lehigh University,http://www.cse.lehigh.edu/~lopresti,dFCu3gMAAAAJ,0000-0000-0000-0000
Daniel Lowd,University of Oregon,https://ix.cs.uoregon.edu/~lowd,IrcFO1AAAAAJ,0000-0002-9501-0361
Daniel M. Batista,USP,http://www.ime.usp.br/~batista,6iYphXAAAAAJ,0000-0000-0000-0000
Daniel M. Berry,University of Waterloo,https://cs.uwaterloo.ca/~dberry,0zIK0MMAAAAJ,0000-0000-0000-0000
Daniel M. Everett,University of Georgia,http://www.cs.uga.edu/directory/daniel-m-everett,81NHD9EAAAAJ,0000-0000-0000-0000
Daniel M. Germán,University of Victoria,http://turingmachine.org,hpxl9PEAAAAJ,0000-0001-5661-4392
Daniel M. Kane,Univ. of California - San Diego,https://cseweb.ucsd.edu/~dakane,DulpV-cAAAAJ,0009-0007-9647-2609
Daniel M. Romero,University of Michigan,http://www.dromero.org,c4M3MQoAAAAJ,0000-0002-8351-3463
Daniel M. Roy 0001,University of Toronto,http://danroy.org,vA6ZQ_AAAAAJ,0000-0001-8930-0058
Daniel Macêdo Batista,USP,http://www.ime.usp.br/~batista,6iYphXAAAAAJ,0000-0000-0000-0000
Daniel Manrique-Vallier,Indiana University,http://mypage.iu.edu/~dmanriqu,ccwLsAsAAAAJ,0000-0000-0000-0000
Daniel Massey,University of Colorado Boulder,https://www.colorado.edu/cs/daniel-massey,GhAaQPwAAAAJ,0000-0001-7847-5960
Daniel Mauricio Romero,University of Michigan,http://www.dromero.org,c4M3MQoAAAAJ,0000-0000-0000-0000
Daniel McQuillan,Goldsmiths University of London,https://www.gold.ac.uk/computing/staff/d-mcquillan,7e1W_LcAAAAJ,0000-0000-0000-0000
Daniel Mossé,University of Pittsburgh,https://www.cs.pitt.edu/~mosse,O1FZe5EAAAAJ,0000-0000-0000-0000
Daniel Moyer,Vanderbilt University,https://dcmoyer.github.io,sKmoxSMAAAAJ,0000-0000-0000-0000
Daniel Mueller 0001,TU Wien,https://informatics.tuwien.ac.at/people/daniel-mueller-gritschneder,uIy75_wAAAAJ,0000-0003-0903-631X
Daniel Mueller-Gritschneder,TU Wien,https://informatics.tuwien.ac.at/people/daniel-mueller-gritschneder,uIy75_wAAAAJ,0000-0003-0903-631X
Daniel Müller-Gritschneder,TU Wien,https://informatics.tuwien.ac.at/people/daniel-mueller-gritschneder,uIy75_wAAAAJ,0000-0003-0903-631X
Daniel N. Rockmore,Dartmouth College,http://www.cs.dartmouth.edu/~rockmore,NOSCHOLARPAGE,0000-0000-0000-0000
Daniel Neider,TU Dortmund,https://www.rc-trust.ai/neider,d_hbg3cAAAAJ,0000-0001-9276-6342
Daniel Neuen,TU Dresden,https://tu-dresden.de/ing/informatik/die-fakultaet/institute-und-professuren-1,-AKuF3gAAAAJ,0000-0002-4940-0318
Daniel Oliveira 0001,UFF,http://www2.ic.uff.br/~danielcmo,T_YePXEAAAAJ,0000-0000-0000-0000
Daniel P. Friedman,Indiana University,http://www.cs.indiana.edu/~dfried,0yxUr_oAAAAJ,0000-0000-0000-0000
Daniel P. Huttenlocher,Massachusetts Inst. of Technology,https://web.mit.edu/hutt/www,q16KVs0AAAAJ,0000-0000-0000-0000
Daniel P. Lopresti,Lehigh University,http://www.cse.lehigh.edu/~lopresti,dFCu3gMAAAAJ,0000-0003-2129-4223
Daniel P. Miranker,University of Texas at Austin,https://www.cs.utexas.edu/~miranker,NOSCHOLARPAGE,0000-0000-0000-0000
Daniel P. Siewiorek,Carnegie Mellon University,https://www.cs.cmu.edu/~dps,B13SvmAAAAAJ,0000-0001-6644-3929
Daniel Page,University of Bristol,http://www.cs.bris.ac.uk/~page,z55uDZcAAAAJ,0000-0002-6366-7641
Daniel Penazzi,Universidad Nacional de Córdoba,https://www.famaf.unc.edu.ar/~penazzi,NOSCHOLARPAGE,0000-0000-0000-0000
Daniel Pieter Saakes,University of Twente,http://people.utwente.nl/d.p.saakes,NOSCHOLARPAGE,0000-0000-0000-0000
Daniel Prince,Lancaster University,https://www.lancaster.ac.uk/scc/about-us/people/daniel-prince,aDfoLUUAAAAJ,0000-0003-0962-8569
Daniel R. Catchpoole,University of Technology Sydney,https://www.uts.edu.au/staff/daniel.catchpoole,K9dgaRgAAAAJ,0000-0000-0000-0000
Daniel R. Figueiredo,UFRJ,http://www.land.ufrj.br/~daniel,j4YbANwAAAAJ,0000-0000-0000-0000
Daniel R. Figueiredo 0001,UFRJ,http://www.land.ufrj.br/~daniel,j4YbANwAAAAJ,0000-0001-9341-6619
Daniel R. Sheldon,Univ. of Massachusetts Amherst,https://people.cs.umass.edu/~sheldon,P1bHFuoAAAAJ,0000-0000-0000-0000
Daniel R. Thomas,University of Strathclyde,https://pureportal.strath.ac.uk/en/persons/daniel-thomas/publications,Tq1LRo2DuUIC,0000-0001-8936-0683
Daniel Rakita,Yale University,https://cpsc.yale.edu/people/daniel-rakita,1Y-cnCUAAAAJ,0000-0000-0000-0000
Daniel Ratton Figueiredo,UFRJ,http://www.land.ufrj.br/~daniel,j4YbANwAAAAJ,0000-0000-0000-0000
Daniel Raviv,Florida Atlantic University,http://www.eng.fau.edu/directory/faculty/raviv,NOSCHOLARPAGE,0000-0000-0000-0000
Daniel Reidenbach,Loughborough University,https://www.lboro.ac.uk/departments/compsci/staff/academic-teaching/daniel-reidenbach,indWnyoAAAAJ,0000-0000-0000-0000
Daniel Ritchie,Brown University,https://dritchie.github.io,0RiypNsAAAAJ,0000-0002-8253-0069
Daniel Rivero,University of A Coruña,https://pdi.udc.es/en/File/Pdi/Y58VG,rdapSUQAAAAJ,0000-0000-0000-0000
Daniel Rochowiak,University of Alabama - Huntsville,https://www.uah.edu/science/departments/computer-science/faculty-staff/daniel-rochowiak,NOSCHOLARPAGE,0000-0000-0000-0000
Daniel Roth 0001,TU Munich,https://campus.tum.de/tumonline/visitenkarte.show_vcard?pPersonenId=6527F70CDE2DF847&pPersonenGruppe=3,YonEz-cAAAAJ,0000-0001-5175-1566
Daniel Rough,University of Dundee,https://discovery.dundee.ac.uk/en/persons/daniel-rough,RCkETH8AAAAJ,0000-0003-1545-5377
Daniel Rueckert,Imperial College London,http://wp.doc.ic.ac.uk/dr,H0O0WnQAAAAJ,0000-0002-5683-5889
Daniel Russo,Aalborg University,https://danielrusso.org,BQ6QbwkAAAAJ,0000-0000-0000-0000
Daniel S. Brown,University of Utah,https://www.cs.utah.edu/~dsbrown/index.html,A3wg18wAAAAJ,0000-0002-9570-1832
Daniel S. Hirschberg,Univ. of California - Irvine,http://www.ics.uci.edu/~dan,6-Kbf7AAAAAJ,0000-0000-0000-0000
Daniel S. Lopes,Universidade de Lisboa,http://web.tecnico.ulisboa.pt/daniel.s.lopes,ocGMkV8AAAAJ,0000-0000-0000-0000
Daniel S. Wallach,Rice University,https://www.cs.rice.edu/~dwallach,oM25EQkAAAAJ,0000-0000-0000-0000
Daniel Saakes,University of Twente,http://people.utwente.nl/d.p.saakes,NOSCHOLARPAGE,0000-0002-6834-872X
Daniel Schien,University of Bristol,https://research-information.bris.ac.uk/en/persons/daniel-schien,4C7fitQAAAAJ,0000-0000-0000-0000
Daniel Schnurr,University of Regensburg,https://www.uni-regensburg.de/informatik-data-science/maschinelles-lernen-insb-uncertainty-quantification/startseite/index.html,a9collMAAAAJ,0000-0000-0000-0000
Daniel Schwartz,Florida State University,http://www.cs.fsu.edu/~schwartz,JMzCwGEAAAAJ,0000-0001-5930-5915
Daniel Seita,University of Southern California,https://www.cs.cmu.edu/~dseita,ECHSnpYAAAAJ,0000-0000-0000-0000
Daniel Sheldon,Univ. of Massachusetts Amherst,https://people.cs.umass.edu/~sheldon,P1bHFuoAAAAJ,0000-0002-4257-2432
Daniel Simões Lopes,Universidade de Lisboa,http://web.tecnico.ulisboa.pt/daniel.s.lopes,ocGMkV8AAAAJ,0000-0003-0917-9396
Daniel Sjölie,Chalmers/GU,https://www.chalmers.se/en/staff/Pages/daniel-sjolie.aspx,TzsDDrMAAAAJ,0000-0000-0000-0000
Daniel Sonntag,University of Oldenburg,https://elearning.uni-oldenburg.de/plugins.php/veranstaltungsverzeichnis/visitenkarte/DSonntag,v7i6Uz4AAAAJ,0000-0000-0000-0000
Daniel Soudry,Technion,https://sites.google.com/site/danielsoudry,AEBWEm8AAAAJ,0000-0001-9368-6352
Daniel Spikol,University of Copenhagen,https://di.ku.dk/english/staff/vip/researchers_hcc/?pure=en/persons/709183,q_61LpYAAAAJ,0000-0001-9454-0793
Daniel Stamate,Goldsmiths University of London,https://www.gold.ac.uk/computing/staff/d-stamate,NOSCHOLARPAGE,0000-0000-0000-0000
Daniel Stanley Tan,De La Salle University,https://www.dlsu.edu.ph/colleges/ccs/faculty-profile/single/?id=32665788710&command=GETPROFILE,YD0btrgAAAAJ,0000-0002-8071-9060
Daniel Stefankovic,University of Rochester,https://www.cs.rochester.edu/~stefanko,NOSCHOLARPAGE,0000-0002-4849-7955
Daniel Strüber 0001,Chalmers/GU,https://www.danielstrueber.de,QidV_04AAAAJ,0000-0000-0000-0000
Daniel Szafir,University of North Carolina,https://cs.unc.edu/person/daniel-szafir,WxmhtyMAAAAJ,0000-0003-1848-7884
Daniel Sánchez 0003,Massachusetts Inst. of Technology,http://people.csail.mit.edu/sanchez,se0TZ2EAAAAJ,0000-0002-2453-2904
Daniel Vanderpooten,Université Paris Dauphine,https://www.lamsade.dauphine.fr/~vdp,NOSCHOLARPAGE,0000-0002-5934-0603
Daniel Vogel 0001,University of Waterloo,https://www.nonsequitoria.com,Yi5nK1EAAAAJ,0000-0001-7620-0541
Daniel Votipka,Tufts University,https://www.eecs.tufts.edu/~dvotipka,1LmUdRkAAAAJ,0000-0001-9985-250X
Daniel W. Franks,University of York,https://danfranks.weebly.com,Zpo8koYAAAAJ,0000-0000-0000-0000
Daniel W. Goldberg,Texas A&M University,https://artsci.tamu.edu/geography/contact/profiles/daniel-goldberg.html,_WgovzoAAAAJ,0000-0001-9304-7139
Daniel W. Woods,University of Edinburgh,http://www.inf.ed.ac.uk/people/staff/Daniel_Woods.html,Vbr7JG4AAAAJ,0000-0002-8569-1917
Daniel Weingaertner,UFPR,https://web.inf.ufpr.br/danielw,INIb5qwAAAAJ,0000-0000-0000-0000
Daniel Weiskopf,University of Stuttgart,http://www.visus.uni-stuttgart.de/~weiskopf,sclEgM4AAAAJ,0000-0003-1174-1026
Daniel Wichs,Northeastern University,http://www.ccs.neu.edu/home/wichs,CO7nYfIAAAAJ,0000-0002-4981-1643
Daniel Wong 0001,Univ. of California - Riverside,http://www.danielwong.org,hh8iwxoAAAAJ,0000-0002-5376-7868
Daniel Xiapu Luo,The Hong Kong Polytechnic Univ.,https://www4.comp.polyu.edu.hk/~csxluo,uvedrYMAAAAJ,0000-0000-0000-0000
Daniel Zappala,Brigham Young University,https://cs.byu.edu/faculty/zappala,Q9DsCL4AAAAJ,0000-0003-2095-9983
Daniel Ziener,TU Ilmenau,https://www.tu-ilmenau.de/ra/personen/r-per/daniel-ziener,ztg7f-gAAAAJ,0000-0000-0000-0000
Daniel de Oliveira 0001,UFF,http://www2.ic.uff.br/~danielcmo,T_YePXEAAAAJ,0000-0001-9346-7651
Daniela Chudá,Kempelen Institute - KInIT,https://kinit.sk/member/daniela-chuda,7AaHqcYAAAAJ,0000-0000-0000-0000
Daniela Damian,University of Victoria,http://www.uvic.ca/engineering/prospective/undergrad/research/people/?searchstring=&expertid=116&researchtopic=,B-1karUAAAAJ,0000-0000-0000-0000
Daniela E. Damian,University of Victoria,http://www.uvic.ca/engineering/prospective/undergrad/research/people/?searchstring=&expertid=116&researchtopic=,B-1karUAAAAJ,0000-0003-0826-5460
Daniela E. Herlea,University of Victoria,http://www.uvic.ca/engineering/prospective/undergrad/research/people/?searchstring=&expertid=116&researchtopic=,B-1karUAAAAJ,0000-0000-0000-0000
Daniela E. Herlea Damian,University of Victoria,http://www.uvic.ca/engineering/prospective/undergrad/research/people/?searchstring=&expertid=116&researchtopic=,B-1karUAAAAJ,0000-0000-0000-0000
Daniela G. Trevisan,UFF,http://www2.ic.uff.br/~daniela,Jr1C8ZIAAAAJ,0000-0000-0000-0000
Daniela Gorski Trevisan,UFF,http://www2.ic.uff.br/~daniela,Jr1C8ZIAAAAJ,0000-0000-0000-0000
Daniela Grigori,Université Paris Dauphine,https://www.lamsade.dauphine.fr/~grigori,uOpbfVsAAAAJ,0000-0000-0000-0000
Daniela Marghitu,Auburn University,http://www.eng.auburn.edu/~daniela,d2w-SswAAAAJ,0000-0002-7877-3623
Daniela Nicklas,University of Bamberg,https://www.uni-bamberg.de/mobi/team/daniela-nicklas,BpfYffYAAAAJ,0000-0001-7012-6010
Daniela Raicu,DePaul University,http://facweb.cs.depaul.edu/Dstan,NOSCHOLARPAGE,0000-0002-2165-7234
Daniela Rus,Massachusetts Inst. of Technology,https://www.csail.mit.edu/user/876,910z20QAAAAJ,0000-0001-5473-3566
Daniela Stan,DePaul University,http://facweb.cs.depaul.edu/Dstan,NOSCHOLARPAGE,0000-0000-0000-0000
Daniela Stan Raicu,DePaul University,http://facweb.cs.depaul.edu/Dstan,NOSCHOLARPAGE,0000-0000-0000-0000
Daniela Trevisan,UFF,http://www2.ic.uff.br/~daniela,Jr1C8ZIAAAAJ,0000-0000-0000-0000
Daniele Antonioli,EURECOM,https://francozappa.github.io,RkX4eFsAAAAJ,0000-0002-9342-3920
Daniele Braga,Politecnico di Milano,http://home.deib.polimi.it/braga,yIEvxuoAAAAJ,0000-0000-0000-0000
Daniele Cono D'Elia,Sapienza University of Rome,https://www.diag.uniroma1.it/~delia,At-spOYAAAAJ,0000-0003-4358-976X
Daniele D. Giusto,University of Cagliari,https://sites.unica.it/net4u/daniele-giusto/,LWerkisAAAAJ,0000-0002-6450-4609
Daniele De Sensi,Sapienza University of Rome,http://danieledesensi.github.io,Hc2gWJoAAAAJ,0000-0002-7244-639X
Daniele Gorla,Sapienza University of Rome,http://wwwusers.di.uniroma1.it/~gorla,IlZGc-EAAAAJ,0000-0001-8859-9844
Daniele Loiacono,Politecnico di Milano,http://home.deib.polimi.it/loiacono,zBT0nh0AAAAJ,0000-0002-5355-0634
Daniele Magazzini,King's College London,https://www.kcl.ac.uk/people/daniele-magazzeni,IWXDluMAAAAJ,0000-0000-0000-0000
Daniele Mazzei,University of Pisa,http://www.centropiaggio.unipi.it/~mazzei,94mIc80AAAAJ,0000-0000-0000-0000
Daniele Micciancio,Univ. of California - San Diego,http://cseweb.ucsd.edu/~daniele,8rjreLIAAAAJ,0000-0003-3323-9985
Daniele Nardi,Sapienza University of Rome,http://www.diag.uniroma1.it/nardi,xZwripcAAAAJ,0000-0001-6606-200X
Daniele Pannone,Sapienza University of Rome,https://sites.google.com/uniroma1.it/danielepannone,jgM1VZoAAAAJ,0000-0000-0000-0000
Daniele Panozzo,New York University,http://cs.nyu.edu/~panozzo,XUp6qhMAAAAJ,0000-0003-1183-2454
Daniele Riboni,University of Cagliari,https://web.unica.it/unica/page/it/daniele_riboni,D0PowGAAAAAJ,0000-0002-0695-2040
Daniele Sgandurra,Royal Holloway Univ. of London,https://pure.royalholloway.ac.uk/portal/en/persons/daniele-sgandurra(caa1bd38-d6af-42fa-8a63-51d475f10220).html,Hw2Idxu9yLsC,0000-0000-0000-0000
Daniele Venturi 0001,Sapienza University of Rome,http://danieleventuri.altervista.org,dCsqhREAAAAJ,0000-0003-2379-8564
Danielle Albers,University of North Carolina,https://cs.unc.edu/person/danielle-szafir,CGb88B0AAAAJ,0000-0000-0000-0000
Danielle Albers Szafir,University of North Carolina,https://cs.unc.edu/person/danielle-szafir,CGb88B0AAAAJ,0000-0003-3634-8597
Danielle Azar,Lebanese American University,http://sas.lau.edu.lb/csm/people/danielle-azar.php,lcd1FHgAAAAJ,0000-0002-6159-3714
Danielle Szafir,University of Colorado Boulder,http://www.colorado.edu/cmci/people/information-science/danielle-albers-szafir,CGb88B0AAAAJ,0000-0003-3634-8597
Danilo Ardagna,Politecnico di Milano,http://home.deib.polimi.it/ardagna,2S6m-oYAAAAJ,0000-0003-4224-927X
Danilo Avola,Sapienza University of Rome,http://visionlab.di.uniroma1.it/node/9,9R03Bl0AAAAJ,0000-0001-9437-6217
Danilo Francati,Royal Holloway Univ. of London,https://dfrancati.github.io,eeuQ0a0AAAAJ,0000-0002-4639-0636
Daning Hu,University of Zurich,http://www.ifi.uzh.ch/bi/people/hu,d_RBF58AAAAJ,0000-0000-0000-0000
Danish Pruthi,IISc Bangalore,https://danishpruthi.com,JpSx3EMAAAAJ,0000-0000-0000-0000
Daniël Maria Pelt,Leiden University,https://dmpelt.github.io,54V8aTMAAAAJ,0000-0002-8253-0851
Daniël Paulusma,Durham University,https://www.dur.ac.uk/computer.science/staff/profile/?id=2380,y1osNKIAAAAJ,0000-0001-5945-9287
Danna Gurari,University of Colorado Boulder,https://www.colorado.edu/cs/danna-gurari,Vt63_-kAAAAJ,0000-0003-1306-0283
Danny C. Cheng,De La Salle University,https://www.dlsu.edu.ph/colleges/ccs/faculty-profile/single/?id=32742667028&command=GETPROFILE,J1ri4YIAAAAJ,0000-0000-0000-0000
Danny Chen,University of Notre Dame,http://www3.nd.edu/~dchen,tRerdSIAAAAJ,0000-0000-0000-0000
Danny Cheng,De La Salle University,https://www.dlsu.edu.ph/colleges/ccs/faculty-profile/single/?id=32742667028&command=GETPROFILE,J1ri4YIAAAAJ,0000-0000-0000-0000
Danny De Schreye,KU Leuven,https://people.cs.kuleuven.be/~danny.deschreye,830uwbcAAAAJ,0000-0000-0000-0000
Danny Dig,University of Colorado Boulder,https://www.colorado.edu/cs/danny-dig,z9MS0rEAAAAJ,0000-0001-5046-2017
Danny Dolev,Hebrew University of Jerusalem,http://www.cs.huji.ac.il/~dolev,RAt7zSUAAAAJ,0000-0001-8853-0644
Danny Hughes 0001,KU Leuven,https://distrinet.cs.kuleuven.be/people/dannyh,PhAY-GwAAAAJ,0000-0002-0750-3693
Danny Kopec,CUNY,http://www.sci.brooklyn.cuny.edu/~kopec,FDBb8LEAAAAJ,0000-0000-0000-0000
Danny Kowerko,TU Chemnitz,https://www.tu-chemnitz.de/informatik/mc/professor.php,4Tenf10AAAAJ,0000-0000-0000-0000
Danny Peleg,Weizmann Institute of Science,https://www.weizmann.ac.il/pages/search/people?language=english&single=1&person_id=1883,wBVagosAAAAJ,0000-0000-0000-0000
Danny Raz,Technion,http://www.cs.technion.ac.il/~danny,vLzruXMAAAAJ,0000-0002-3723-2273
Danny Weyns,KU Leuven,https://distrinet.cs.kuleuven.be/people/danny,MG8iJPAAAAAJ,0000-0002-1162-0817
Danny Yuxing Huang,New York University,https://engineering.nyu.edu/faculty/danny-yuxing-huang,B-Zb3joAAAAJ,0000-0002-1794-6105
Danqi Chen 0001,Princeton University,https://www.cs.princeton.edu/~danqic,sVR8ktkAAAAJ,0000-0001-5308-2634
Dansong Cheng,Harbin Institute of Technology,http://homepage.hit.edu.cn/chengdansong,NOSCHOLARPAGE,0000-0000-0000-0000
Dante Augusto Couto Barone,UFRGS,http://www.inf.ufrgs.br/site/docente/dante-augusto-couto-barone,O4nTWhwAAAAJ,0000-0000-0000-0000
Danula Hettiachchi,RMIT University,https://www.danulahettiachchi.com,YaYP1cQAAAAJ,0000-0003-3875-5727
Danupon Nanongkai [INF],Max Planck Society,https://sites.google.com/site/dannanongkai,ofNbQXAAAAAJ,0000-0000-0000-0000
Danushka Bollegala,University of Liverpool,http://www.csc.liv.ac.uk/~danushka,kLqCYLMAAAAJ,0000-0003-4476-7003
Dany Dubé,Université Laval,http://www2.ift.ulaval.ca/~dadub100,NOSCHOLARPAGE,0000-0000-0000-0000
Danyang Zhang,CUNY,https://www.york.cuny.edu/portal_college/dzhang,YugO04gAAAAJ,0009-0001-4958-5017
Danyang Zhuo,Duke University,https://danyangzhuo.com,E3yOuvEAAAAJ,0000-0002-0611-3941
Danúbia Bueno Espíndola,Federal University of Rio Grande,http://www.danubia.c3.furg.br,NOSCHOLARPAGE,0000-0000-0000-0000
Daoce Wang,University of Nebraska - Omaha,https://www.daocewang.com,moDz23sAAAAJ,0000-0002-4444-3634
Daochuan Hung,NJIT,http://cs.njit.edu/people/hung.php,NOSCHOLARPAGE,0000-0000-0000-0000
Daojing He,Harbin Institute of Technology,http://faculty.hitsz.edu.cn/hedaojing,Ps1Zbd4AAAAJ,0000-0000-0000-0000
Daoshun Wang,Tsinghua University,http://www.cs.tsinghua.edu.cn/publish/csen/4623/2010/20101224173511625489538/20101224173511625489538_.html,NOSCHOLARPAGE,0000-0000-0000-0000
Dapeng Oliver Wu,City University of Hong Kong,https://www.cs.cityu.edu.hk/~dapengwu,sDRLr8gAAAAJ,0000-0003-1755-0183
Dapeng Wu 0001,City University of Hong Kong,https://www.cs.cityu.edu.hk/~dapengwu,sDRLr8gAAAAJ,0000-0003-1755-0183
Daphna Weinshall,Hebrew University of Jerusalem,http://www.cs.huji.ac.il/~daphna,kwZTvH4AAAAJ,0000-0001-8893-8586
Daphne Ippolito,Carnegie Mellon University,https://www.daphnei.com,COEsqLYAAAAJ,0000-0000-0000-0000
Daqing He,University of Pittsburgh,http://www.pitt.edu/~dah44,FpyCxD4AAAAJ,0000-0002-4645-8696
Daqing Zhang 0001,Peking University,http://www.sei.pku.edu.cn/people/dqzhang,qn8CqEYAAAAJ,0000-0002-6608-1267
Dar-Jen Chang,University of Louisville,http://louisville.edu/speed/people/faculty/changDarJen,NOSCHOLARPAGE,0000-0001-5268-414X
Dara Rahmati,Shahid Beheshti University,https://scholar.google.com/citations?user=xwJgOl0AAAAJ,xwJgOl0AAAAJ,0000-0003-0104-4016
Darek Kowalski,University of Liverpool,https://www.liverpool.ac.uk/computer-science/staff/dariusz-kowalski,HbzofJcAAAAJ,0000-0000-0000-0000
Daria Siekhaus,IST Austria,https://ist.ac.at/research/research-groups/siekhaus-group,NOSCHOLARPAGE,0000-0000-0000-0000
Dario Allegra,University of Catania,https://web.dmi.unict.it/docenti/dario.allegra,ua6QhmQAAAAJ,0000-0002-4819-5340
Dario Catalano,University of Catania,https://catalano.dmi.unict.it,Gg7nd14AAAAJ,0000-0001-9677-944X
Dario Colazzo,Université Paris Dauphine,https://www.lamsade.dauphine.fr/~colazzo,mdE4fyoAAAAJ,0000-0002-6031-0049
Dario D. Salvucci,Drexel University,http://www.mcs.drexel.edu/~salvucci,i1VJMhgAAAAJ,0000-0000-0000-0000
Dario Fiore 0001,IMDEA Software Institute,http://www.dariofiore.it,RiIDoKQAAAAJ,0000-0001-7274-6600
Dario J. Englot,Vanderbilt University,https://www.vanderbilt.edu/vise/visepeople/dario-j-englot,xTp_8_AAAAAJ,0000-0000-0000-0000
Dario Landa Silva,University of Nottingham,https://www.nottingham.ac.uk/computerscience/people/dario.landasilva,T8jdVWwAAAAJ,0000-0000-0000-0000
Dario Landa-Silva,University of Nottingham,https://www.nottingham.ac.uk/computerscience/people/dario.landasilva,T8jdVWwAAAAJ,0000-0002-9499-6827
Dario Paccagnan,Imperial College London,https://www.doc.ic.ac.uk/~dp414,Y7wBGG8AAAAJ,0000-0002-8541-6966
Dario Salvi,Malmö University,https://mau.se/en/persons/dario.salvi,Yeoj3BEAAAAJ,0000-0002-9203-1124
Darius Burschka,TU Munich,http://www6.in.tum.de/burschka,y-MzVoUAAAAJ,0000-0000-0000-0000
Dariush Mirshekar-Syahkal,University of Essex,https://www.essex.ac.uk/people/mirsh11140/dariush-mirshekar-syahkal,NOSCHOLARPAGE,0000-0000-0000-0000
Dariusz Biernacki,University of Wroclaw,http://www.ii.uni.wroc.pl/~dabi,7lCF6cYAAAAJ,0000-0002-1477-4635
Dariusz R. Kowalski,Augusta University,https://www.augusta.edu/faculty/directory/view.php?id=DKOWALSKI,npq3yLIAAAAJ,0000-0002-1316-7788
Darko Marinov,Univ. of Illinois at Urbana-Champaign,http://mir.cs.illinois.edu,x6OIBq4AAAAJ,0000-0001-5023-3492
Darko Stefanovic,University of New Mexico,https://www.cs.unm.edu/~darko,hd6nAfsAAAAJ,0000-0002-5619-3599
Darrell D. E. Long,Univ. of California - Santa Cruz,https://users.soe.ucsc.edu/~darrell,PqdLgQ0AAAAJ,0000-0000-0000-0000
Darrell Whitley,Colorado State University,http://www.cs.colostate.edu/~whitley,0VzUxIcAAAAJ,0000-0002-2752-6534
Darren Cosker,University of Bath,http://www.cs.bath.ac.uk/~dpc,n0rYM4kAAAAJ,0000-0001-5177-4741
Darren Gergle,Northwestern University,http://dgergle.soc.northwestern.edu,T4Yo9gQAAAAJ,0000-0003-4052-0214
Darren Hurley-Smith,Royal Holloway Univ. of London,https://pure.royalholloway.ac.uk/en/persons/darren-hurley-smith,t0oYWrEAAAAJ,0000-0002-9896-9308
Darren P. Cosker,University of Bath,http://www.cs.bath.ac.uk/~dpc,n0rYM4kAAAAJ,0000-0000-0000-0000
Darush Davani,Towson University,https://www.towson.edu/fcsm/departments/computerinfosci/facultystaff/ddavani.html,NOSCHOLARPAGE,0000-0000-0000-0000
Daryl D'Souza,RMIT University,https://www.rmit.edu.au/contact/staff-contacts/academic-staff/d/d'souza-dr-daryl,bWtnBT0AAAAJ,0000-0000-0000-0000
Daryl H. Hepting,University of Regina,http://www.cs.uregina.ca/People/Profiles/DarylHepting.html,iXVS1CAAAAAJ,0000-0002-3138-3521
Daryl Johnson,Rochester Inst. of Technology,https://www.rit.edu/gccis/daryl-johnson,RFV02_UAAAAJ,0000-0002-1505-703X
Darío Correal,Universidad de los Andes,https://profesores.virtual.uniandes.edu.co/dcorreal/es/inicio,Bo4lXDAtq9QC,0000-0000-0000-0000
Darío Ernesto Correal Torres,Universidad de los Andes,https://profesores.virtual.uniandes.edu.co/dcorreal/es/inicio,Bo4lXDAtq9QC,0000-0000-0000-0000
Dave (Jing) Tian,Purdue University,https://davejingtian.org,xtclQ8AAAAAJ,0000-0002-7506-9593
Dave Andersen,Carnegie Mellon University,https://www.cs.cmu.edu/~dga,wUArfPgAAAAJ,0000-0000-0000-0000
Dave Bull 0001,University of Bristol,https://david-bull.github.io,WraDXlkAAAAJ,0000-0000-0000-0000
Dave Cliff,University of Bristol,https://www.cs.bris.ac.uk/~dc,DmIm-UMAAAAJ,0000-0003-3822-9364
Dave Feil-Seifer,University of Nevada,http://nevada-reno.academia.edu/DavidFeilSeifer,m1VxcKcAAAAJ,0000-0000-0000-0000
Dave G. Andersen,Carnegie Mellon University,https://www.cs.cmu.edu/~dga,wUArfPgAAAAJ,0000-0000-0000-0000
Dave Hawkes 0001,University College London,https://iris.ucl.ac.uk/iris/browse/profile?upi=DJHAW78,O42T24CT_GwC,0000-0000-0000-0000
Dave Jing Tian,Purdue University,https://davejingtian.org,xtclQ8AAAAAJ,0000-0000-0000-0000
Dave Levin,Univ. of Maryland - College Park,http://www.cs.umd.edu/~dml,CLSPQW4AAAAJ,0000-0003-4957-5131
Dave Robertson 0001,University of Edinburgh,http://www.dai.ed.ac.uk/groups/ssp/members/dave.htm,63eai3AAAAAJ,0000-0001-9574-849X
Dave Tian,Purdue University,https://davejingtian.org,xtclQ8AAAAAJ,0000-0000-0000-0000
Dave Touchette,Université de Sherbrooke,https://www.usherbrooke.ca/informatique/personnel/corps-professoral/professeurs/dave-touchette,NOSCHOLARPAGE,0000-0000-0000-0000
Dave Zachariah,Uppsala University,https://www.uu.se/kontakt-och-organisation/personal?query=N13-1398,ikt1p7QAAAAJ,0000-0000-0000-0000
Davi Geiger,New York University,http://cs.nyu.edu/geiger,2i7uayYAAAAJ,0000-0000-0000-0000
David A. B. Hyde,Vanderbilt University,https://dabh.io,1Hcz5c0AAAAJ,0009-0004-4950-5533
David A. Bader,NJIT,http://www.cc.gatech.edu/~bader,uXUA1pgAAAAJ,0000-0002-7380-5876
David A. Basin,ETH Zurich,https://www.inf.ethz.ch/personal/basin,NOSCHOLARPAGE,0000-0001-9271-0007
David A. Calvert,University of Guelph,https://www.uoguelph.ca/computing/people/david-calvert,NOSCHOLARPAGE,0000-0000-0000-0000
David A. Cohen,Royal Holloway Univ. of London,https://pure.royalholloway.ac.uk/portal/en/persons/dave-cohen_1ba463a9-f2cb-4704-a179-ed7038a2fe9c.html,PmuNzZsAAAAJ,0000-0000-0000-0000
David A. Dampier,Mississippi State University,https://business.utsa.edu/faculty/david-dampier,NOSCHOLARPAGE,0000-0000-0000-0000
David A. Forsyth,Univ. of Illinois at Urbana-Champaign,http://luthuli.cs.uiuc.edu/~daf,5H0arvkAAAAJ,0000-0002-2278-0752
David A. McAllester,TTI Chicago,http://ttic.uchicago.edu/~dmcallester,nbpafUkAAAAJ,0000-0000-0000-0000
David A. Mix Barrington,Univ. of Massachusetts Amherst,https://people.cs.umass.edu/~barring,NOSCHOLARPAGE,0000-0000-0000-0000
David A. Mohaisen,University of Central Florida,http://cs.ucf.edu/~mohaisen,q387AywAAAAJ,0000-0000-0000-0000
David A. Naumann,Stevens Institute of Technology,http://www.cs.stevens.edu/~naumann,ZC0qa2EAAAAJ,0000-0002-7634-6150
David A. Pike,Memorial Univ. of Newfoundland,https://www.mun.ca/math/people/ppl-faculty/dapike.php,_FGlfPwAAAAJ,0000-0000-0000-0000
David A. Plaisted,University of North Carolina,https://www.cs.unc.edu/~plaisted,g3n4IKUAAAAJ,0000-0000-0000-0000
David A. Smith,Northeastern University,http://www.ccs.neu.edu/home/dasmith,T8k2etUAAAAJ,0000-0000-0000-0000
David A. Sontag,Massachusetts Inst. of Technology,http://cs.nyu.edu/~dsontag,LfcroyAAAAAJ,0000-0002-5034-7796
David A. Umphress,Auburn University,http://www.eng.auburn.edu/~umphress/David_Umphress/DavidUmphress.html,adnNt1IAAAAJ,0000-0000-0000-0000
David A. Wagner 0001,Univ. of California - Berkeley,http://www.cs.berkeley.edu/~daw,67kghxAAAAAJ,0000-0002-9944-9232
David Ahlström,University of Klagenfurt,https://www.aau.at/team/ahlstroem-david,p--LzZ8AAAAJ,0000-0002-9553-1685
David Alex Lamb,Queen’s University,http://research.cs.queensu.ca/~dalamb,_4e8U_UAAAAJ,0000-0000-0000-0000
David Alonso-Ríos,University of A Coruña,https://dalonso.tumblr.com,g8-ex_8AAAAJ,0000-0000-0000-0000
David Alvarez-Melis,Harvard University,https://seas.harvard.edu/person/david-alvarez-melis,XsxZrYYAAAAJ,0000-0000-0000-0000
David Amar,Tel Aviv University,https://english.tau.ac.il/profile/davidama,UHz2UMgAAAAJ,0000-0000-0000-0000
David Andersen,Carnegie Mellon University,https://www.cs.cmu.edu/~dga,wUArfPgAAAAJ,0000-0000-0000-0000
David Andrew Ross,University of Queensland,http://www.itee.uq.edu.au/contacts/show.ephp/uqdross,RqOzJR0AAAAJ,0000-0000-0000-0000
David Andrews,University of Arkansas,http://www.csce.uark.edu/~dandrews,NOSCHOLARPAGE,0000-0000-0000-0000
David Anthony Parker,University of Birmingham,https://www.birmingham.ac.uk/staff/profiles/computer-science/parker-david.aspx,nEKbXSMAAAAJ,0000-0000-0000-0000
David Arnott,Monash University,http://monash.edu/research/explore/en/persons/david-arnott(fcc08d5c-a8cd-45ce-9cac-f2bfbbbb6dfe).html,A2fkR3QAAAAJ,0000-0002-6527-8527
David Arthur Eppstein,Univ. of California - Irvine,https://www.ics.uci.edu/~eppstein,QSY7ufMAAAAJ,0000-0000-0000-0000
David Aspinall 0001,University of Edinburgh,http://homepages.inf.ed.ac.uk/da,_pT1xEwAAAAJ,0000-0002-6073-9013
David B. Adams,University of Massachusetts Lowell,https://www.uml.edu/Sciences/computer-science/faculty/Adams-David.aspx,tiGxY4sAAAAJ,0000-0000-0000-0000
David B. Brown,The University of Alabama,http://cs.ua.edu/people/dbrown,NOSCHOLARPAGE,0000-0000-0000-0000
David B. Johnson 0001,Rice University,https://www.cs.rice.edu/~dbj,6w_geF8AAAAJ,0000-0000-0000-0000
David B. Leake,Indiana University,https://www.cs.indiana.edu/~leake,CidT-JAAAAAJ,0000-0000-0000-0000
David B. Lindell,University of Toronto,https://davidlindell.com,_m-BTtAAAAAJ,0000-0002-6999-3958
David B. Lowe,University of Sydney,http://sydney.edu.au/engineering/people/david.lowe.php,8vs5HGYAAAAJ,0000-0000-0000-0000
David B. Shmoys,Cornell University,https://people.orie.cornell.edu/shmoys,rD8a4hQAAAAJ,0000-0003-3882-901X
David B. Skillicorn,Queen’s University,http://www.cs.queensu.ca/~skill,RWL3E2AAAAAJ,0000-0003-0605-4029
David B. Whalley,Florida State University,http://www.cs.fsu.edu/~whalley,bH9h9x4AAAAJ,0000-0000-0000-0000
David Baelde,Ecole Normale Superieure de Cachan,http://www.lsv.ens-cachan.fr/~baelde,NOSCHOLARPAGE,0009-0003-3619-1232
David Bainbridge,University of Waikato,http://www.cs.waikato.ac.nz/~davidb,GyFPdFoAAAAJ,0000-0000-0000-0000
David Bamman,Univ. of California - Berkeley,http://people.ischool.berkeley.edu/~dbamman,RkA1y54AAAAJ,0009-0003-1171-9408
David Barber,University College London,http://www.cs.ucl.ac.uk/staff/D.Barber,Nej1FcgAAAAJ,0000-0003-2163-2982
David Bau,Northeastern University,https://baulab.info,CYI6cKgAAAAJ,0000-0003-1744-6765
David Bebbington,University of Essex,https://www.essex.ac.uk/people/bebbi54504/david-bebbington,Bfyv1r0AAAAJ,0000-0000-0000-0000
David Bell,Brunel University London,https://www.brunel.ac.uk/people/david-bell,8lfxFfIAAAAJ,0000-0000-0000-0000
David Bermbach,TU Berlin,https://www.mcc.tu-berlin.de/menue/team/prof_dr_ing_david_bermbach/parameter/de,dCCezIUAAAAJ,0000-0000-0000-0000
David Bindel,Cornell University,http://www.cs.cornell.edu/~bindel,04TuVhEAAAAJ,0000-0002-8733-5799
David Black-Schaffer,Uppsala University,https://katalog.uu.se/profile/?id=N9-1278,lRPWrncAAAAJ,0000-0001-5375-4058
David Bowers 0001,Open University UK,http://stem.open.ac.uk/people/dsb69,RG_i8q4AAAAJ,0000-0000-0000-0000
David Bowes,Lancaster University,https://www.lancaster.ac.uk/scc/about-us/people/david-bowes,GTLr8esAAAAJ,0000-0001-7014-2811
David Brander,DTU,https://www.compute.dtu.dk/english,NOSCHOLARPAGE,0000-0000-0000-0000
David Bremner,University of New Brunswick,http://www.cs.unb.ca/~bremner,NOSCHOLARPAGE,0000-0000-0000-0000
David Broman,KTH Royal Inst. of Technology,https://www.kth.se/profile/dbro,Jvtpzw8AAAAJ,0000-0001-8457-4105
David Brooks 0001,Harvard University,https://www.seas.harvard.edu/directory/dbrooks,vXHA_XYAAAAJ,0000-0002-0662-7889
David Brumley,Carnegie Mellon University,https://users.ece.cmu.edu/~dbrumley,O-29z5AAAAAJ,0000-0003-2233-3538
David Budgen,Durham University,https://www.dur.ac.uk/computer.science/staff/profile/?id=2826,CTtHu1UAAAAJ,0000-0001-7143-0241
David Bull 0001,University of Bristol,https://david-bull.github.io,WraDXlkAAAAJ,0000-0001-7634-190X
David C. Brown,Worcester Polytechnic Institute,http://www.wpi.edu/academics/facultydir/dcb.html,WMGFmzgAAAAJ,0000-0000-0000-0000
David C. Hogg,University of Leeds,https://eps.leeds.ac.uk/computing/staff/84/professor-david-hogg,5VJ4YPQAAAAJ,0000-0002-6125-9564
David C. Noelle,Univ. of California - Merced,https://eecs.ucmerced.edu/content/david-noelle,NOSCHOLARPAGE,0000-0000-0000-0000
David C. Parkes,Harvard University,http://www.eecs.harvard.edu/~parkes,JUn8PgwAAAAJ,0000-0002-2701-3464
David C. Shepherd,Louisiana State University,https://csc.lsu.edu/~dshepherd,bQTU4-AAAAAJ,0000-0003-2017-7842
David C. Sterratt,University of Edinburgh,http://www.inf.ed.ac.uk/people/staff/David_Sterratt.html,Q5dY0g8AAAAJ,0000-0001-9092-9099
David C. Wilson,UNC - Charlotte,https://cci.charlotte.edu/people/david-wilson,NOSCHOLARPAGE,0000-0000-0000-0000
David Cabrero Souto,University of A Coruña,https://pdi.udc.es/en/File/Pdi/MG5AF,NOSCHOLARPAGE,0000-0000-0000-0000
David Cachera,Ecole Normale Superieure de Rennes,http://people.irisa.fr/David.Cachera/index_en.html,NOSCHOLARPAGE,0000-0000-0000-0000
David Calvert,University of Guelph,https://www.uoguelph.ca/computing/people/david-calvert,NOSCHOLARPAGE,0000-0000-0000-0000
David Carrera,Polytechnic Univ. of Catalonia,http://people.ac.upc.edu/dcarrera/David_Carrera_Homepage/Home.html,k8YTiq4AAAAJ,0000-0000-0000-0000
David Cash,University of Chicago,https://people.cs.uchicago.edu/~davidcash,K0rhcG0AAAAJ,0009-0005-4230-658X
David Castro-Perez,University of Kent,https://www.kent.ac.uk/school-of-computing/people/3664/castro-perez-david,amY0bxEAAAAJ,0000-0002-6939-4189
David Chiang 0001,University of Notre Dame,http://www3.nd.edu/~dchiang,dok0514AAAAJ,0000-0002-0435-4864
David Churchill,Memorial Univ. of Newfoundland,http://www.cs.mun.ca/~dchurchill,teRseTgAAAAJ,0000-0000-0000-0000
David Clark 0001,University College London,http://www0.cs.ucl.ac.uk/people/D.Clark.html,Vch_do8AAAAJ,0000-0002-7004-934X
David Cordes,The University of Alabama,http://cordes.cs.ua.edu,NOSCHOLARPAGE,0000-0002-5366-9168
David Corne,Heriot-Watt University,https://www.hw.ac.uk/staff/uk/macs/david-wolfe-corne.htm,6jNgTK4AAAAJ,0000-0000-0000-0000
David Coyle,University College Dublin,https://people.ucd.ie/d.coyle,9d9bOOUAAAAJ,0000-0002-5103-0379
David Crandall,Indiana University,http://www.cs.indiana.edu/~djcran,8bQRH5YAAAAJ,0000-0002-5827-5344
David D. Feng,University of Sydney,http://sydney.edu.au/engineering/it/about/people/staff/feng.shtml,89py58oAAAAJ,0000-0000-0000-0000
David D. Jensen,Univ. of Massachusetts Amherst,https://people.cs.umass.edu/~jensen,cjkgjggAAAAJ,0000-0001-5653-3349
David D. Zhang,The Hong Kong Polytechnic Univ.,https://www4.comp.polyu.edu.hk/~csdzhang,IOagLnEAAAAJ,0000-0000-0000-0000
David Dagan Feng,University of Sydney,http://sydney.edu.au/engineering/it/about/people/staff/feng.shtml,89py58oAAAAJ,0000-0000-0000-0000
David Danks,Univ. of California - San Diego,https://www.daviddanks.org,1lORpNsAAAAJ,0000-0003-4541-5966
David Dapeng Zhang,The Hong Kong Polytechnic Univ.,https://www4.comp.polyu.edu.hk/~csdzhang,IOagLnEAAAAJ,0000-0000-0000-0000
David Donar,Clemson University,https://people.cs.clemson.edu/~ddonar,rang3NUAAAAJ,0000-0000-0000-0000
David Doty,Univ. of California - Davis,http://www.cs.ucdavis.edu/~doty,1ddBSr8AAAAJ,0000-0002-3922-172X
David Duvenaud,University of Toronto,http://www.cs.toronto.edu/~duvenaud,ZLpO3XQAAAAJ,0000-0000-0000-0000
David E. Bakken,Washington State University,http://www.eecs.wsu.edu/~bakken,NOSCHOLARPAGE,0000-0000-0000-0000
David E. Breen,Drexel University,https://www.cs.drexel.edu/~david,d5PqNPgAAAAJ,0000-0000-0000-0000
David E. Carlson,Duke University,http://carlson.pratt.duke.edu,R9FqK9cAAAAJ,0000-0003-1005-6385
David E. Evans 0001,University of Virginia,http://www.cs.virginia.edu/~evans,gzdrT_4AAAAJ,0000-0001-7988-8943
David E. Irwin 0001,Univ. of Massachusetts Amherst,http://www.ecs.umass.edu/~irwin,NkwzF2wAAAAJ,0000-0003-1722-4927
David E. Keyes,KAUST,https://www.kaust.edu.sa/en/study/faculty/david-keyes,Ps73fz8AAAAJ,0000-0002-4052-7224
David E. Millard,University of Southampton,https://www.ecs.soton.ac.uk/people/dem,mzlPYbAAAAAJ,0000-0000-0000-0000
David Edward Millard,University of Southampton,https://www.ecs.soton.ac.uk/people/dem,mzlPYbAAAAAJ,0000-0000-0000-0000
David Edwin Carlson,Duke University,http://carlson.pratt.duke.edu,R9FqK9cAAAAJ,0000-0000-0000-0000
David Ellis Hershkowitz,Brown University,https://dhershko.github.io,JR_KR7MAAAAJ,0000-0000-0000-0000
David Emory Irwin,Univ. of Massachusetts Amherst,http://www.ecs.umass.edu/~irwin,NkwzF2wAAAAJ,0000-0000-0000-0000
David Eppstein,Univ. of California - Irvine,https://www.ics.uci.edu/~eppstein,QSY7ufMAAAAJ,0000-0000-0000-0000
David Evans 0001,University of Virginia,http://www.cs.virginia.edu/~evans,gzdrT_4AAAAJ,0000-0001-7988-8943
David F. Fouhey,New York University,https://cs.nyu.edu/~fouhey,FLcpd34AAAAJ,0000-0001-5028-5161
David F. Gleich,Purdue University,https://www.cs.purdue.edu/homes/dgleich,5m5ds6UAAAAJ,0000-0002-8107-6474
David F. Kotz,Dartmouth College,http://www.cs.dartmouth.edu/~dfk,w_Q7iBoAAAAJ,0000-0000-0000-0000
David F. Manlove,University of Glasgow,https://www.gla.ac.uk/schools/computing/staff/davidmanlove,k01EVTUAAAAJ,0000-0001-6754-7308
David F. Oswald,University of Birmingham,https://www.birmingham.ac.uk/staff/profiles/computer-science/academic-staff/oswald-david.aspx,JEOz3NoAAAAJ,0000-0001-8524-5282
David F. Redmiles,Univ. of California - Irvine,http://www.ics.uci.edu/~redmiles,PDZvz_YAAAAJ,0000-0002-1370-7123
David Feil-Seifer,University of Nevada,http://nevada-reno.academia.edu/DavidFeilSeifer,m1VxcKcAAAAJ,0000-0002-5502-7513
David Feng 0003,University of Sydney,http://sydney.edu.au/engineering/it/about/people/staff/feng.shtml,89py58oAAAAJ,0000-0000-0000-0000
David Fernández-Baca,Iowa State University,http://www.cs.iastate.edu/~fernande,38ev4xkAAAAJ,0000-0002-8563-3637
David Finkel,Worcester Polytechnic Institute,http://www.wpi.edu/academics/facultydir/dxf.html,NOSCHOLARPAGE,0000-0000-0000-0000
David Ford Fouhey,New York University,https://cs.nyu.edu/~fouhey,FLcpd34AAAAJ,0000-0000-0000-0000
David G. Andersen,Carnegie Mellon University,https://www.cs.cmu.edu/~dga,wUArfPgAAAAJ,0000-0000-0000-0000
David G. Green,Monash University,http://monash.edu/research/explore/en/persons/david-green(b9dbf939-a5b9-4cf4-b4b0-9b7c30356f08).html,dbfeR3YAAAAJ,0000-0000-0000-0000
David G. Mitchell,Simon Fraser University,https://www.cs.sfu.ca/~mitchell,sSf5Fb4AAAAJ,0000-0000-0000-0000
David Galindo,University of Birmingham,https://www.birmingham.ac.uk/staff/profiles/computer-science/galindo-david.aspx,1ApKnFgAAAAJ,0000-0003-3563-5551
David Gamez,Middlesex University,https://www.davidgamez.eu,NOSCHOLARPAGE,0000-0000-0000-0000
David García 0001,Graz University of Technology,https://dgarcia.eu/curriculum-vitae,nHb01mMAAAAJ,0000-0002-2820-9151
David García Becerra,Graz University of Technology,https://dgarcia.eu/curriculum-vitae,nHb01mMAAAAJ,0000-0000-0000-0000
David Garlan,Carnegie Mellon University,https://www.cs.cmu.edu/~garlan,p6HgUFEAAAAJ,0000-0002-6735-8301
David Gavaghan,University of Oxford,http://www.cs.ox.ac.uk/david.gavaghan,riGX3YsAAAAJ,0000-0000-0000-0000
David Gelernter,Yale University,http://cpsc.yale.edu/people/david-gelernter,NOSCHOLARPAGE,0000-0000-0000-0000
David Gerhard,University of Regina,http://www.cs.uregina.ca/People/Profiles/DavidGerhard.html,qoQvWb8AAAAJ,0000-0000-0000-0000
David Gesbert,EURECOM,http://www.eurecom.fr/cm/gesbert,WJPjaDgAAAAJ,0000-0002-4806-704X
David Gifford 0001,Massachusetts Inst. of Technology,http://cgs.csail.mit.edu,NOSCHOLARPAGE,0000-0000-0000-0000
David Gotz,University of North Carolina,https://sils.unc.edu/people/faculty/profiles/David-Gotz,qybJ3GoAAAAJ,0000-0002-6424-7374
David Greaves,University of Cambridge,https://www.cl.cam.ac.uk/~djg11,WStMFkYAAAAJ,0000-0000-0000-0000
David Gregg,Trinity College Dublin,https://www.scss.tcd.ie/David.Gregg,qBH6qoIAAAAJ,0000-0003-3782-4612
David Grellscheid,University of Bergen,https://www.uib.no/en/persons/David.Grellscheid,NOSCHOLARPAGE,0000-0003-3262-2173
David H. Ackley,University of New Mexico,http://www.cs.unm.edu/~ackley,Sx9dTQoAAAAJ,0000-0000-0000-0000
David H. Albonesi,Cornell University,http://www.csl.cornell.edu/~albonesi,NOSCHOLARPAGE,0000-0000-0000-0000
David H. C. Du,University of Minnesota,http://www-users.cs.umn.edu/~du,NOSCHOLARPAGE,0009-0000-6244-1336
David H. Laidlaw,Brown University,http://cs.brown.edu/~dhl,GIle-VwAAAAJ,0000-0002-3411-7376
David H. Smith IV,Virginia Tech,https://website.cs.vt.edu/people/faculty/david-h-smith-iv.html,hpe-z9YAAAAJ,0000-0002-6572-4347
David Harel,Weizmann Institute of Science,http://www.wisdom.weizmann.ac.il/~dharel,E20Gzu0AAAAJ,0000-0001-7240-3931
David Harris-Birtill,University of St Andrews,https://dcchb.host.cs.st-andrews.ac.uk,NOSCHOLARPAGE,0000-0002-0740-3668
David Hausheer,University of Magdeburg,http://www.netsys.ovgu.de,MiUDaFEAAAAJ,0000-0000-0000-0000
David Hay,Hebrew University of Jerusalem,http://www.cs.huji.ac.il/~dhay,SbvTCYAAAAAJ,0000-0000-0000-0000
David Heath,Univ. of Illinois at Urbana-Champaign,https://daheath.web.illinois.edu,Q3r931QAAAAJ,0000-0001-9589-5182
David Held,Carnegie Mellon University,http://davheld.github.io,0QtU-NsAAAAJ,0000-0003-0537-1508
David Hendrix,Oregon State University,http://biochem.science.oregonstate.edu/content/david-hendrix,sgd4wwgAAAAJ,0000-0002-7285-1977
David Hsu,National University of Singapore,http://www.comp.nus.edu.sg/~dyhsu,LhnU_joAAAAJ,0000-0002-2309-4535
David Hung-Chang Du,University of Minnesota,http://www-users.cs.umn.edu/~du,NOSCHOLARPAGE,0000-0000-0000-0000
David Hutchison 0001,Lancaster University,https://www.lancaster.ac.uk/scc/about-us/people/david-hutchison,MhO-WSIAAAAJ,0000-0001-6052-0559
David Hyde 0001,Vanderbilt University,https://dabh.io,1Hcz5c0AAAAJ,0009-0004-4950-5533
David Hyunchul Shim,KAIST,http://unmanned.kaist.ac.kr,-CKm5DEAAAAJ,0000-0000-0000-0000
David Hästbacka,Tampere University,https://www.tuni.fi/en/david-hastbacka,1pgBaqAAAAAJ,0000-0000-0000-0000
David I. August,Princeton University,http://august.princeton.edu,Wov5tYoAAAAJ,0000-0003-3327-1803
David I. W. Levin,University of Toronto,http://diwlevin.webfactional.com/researchdb,UokN-dcAAAAJ,0000-0001-7079-1934
David Ifeoluwa Adelani,McGill University,https://dadelani.github.io,W9sTkS0AAAAJ,0000-0000-0000-0000
David Isaacson,Rensselaer Polytechnic Institute,http://www.rpi.edu/~isaacd,f14WDhsAAAAJ,0000-0000-0000-0000
David J. Barnes,University of Kent,https://www.cs.kent.ac.uk/~djb,r1wpO3AAAAAJ,0000-0000-0000-0000
David J. Crandall,Indiana University,http://www.cs.indiana.edu/~djcran,8bQRH5YAAAAJ,0000-0002-5827-5344
David J. Duke,University of Leeds,https://eps.leeds.ac.uk/computing/staff/334/professor-david-duke,QrV7sSUAAAAJ,0000-0000-0000-0000
David J. Feil-Seifer,University of Nevada,http://nevada-reno.academia.edu/DavidFeilSeifer,m1VxcKcAAAAJ,0000-0000-0000-0000
David J. Fleet,University of Toronto,http://www.cs.toronto.edu/~fleet,njOmQFsAAAAJ,0000-0003-0734-7114
David J. Gavaghan,University of Oxford,http://www.cs.ox.ac.uk/david.gavaghan,riGX3YsAAAAJ,0000-0000-0000-0000
David J. Greaves,University of Cambridge,https://www.cl.cam.ac.uk/~djg11,WStMFkYAAAAJ,0000-0000-0000-0000
David J. Hawkes,University College London,https://iris.ucl.ac.uk/iris/browse/profile?upi=DJHAW78,O42T24CT_GwC,0000-0000-0000-0000
David J. Kriegman,Univ. of California - San Diego,http://cseweb.ucsd.edu/~kriegman,EqetexsAAAAJ,0000-0000-0000-0000
David J. M. Cavalcanti,UFPE,https://portal.cin.ufpe.br/staff/?alias=djmc,tlu-YvMAAAAJ,0000-0000-0000-0000
David J. Mostow,Carnegie Mellon University,http://www.cs.cmu.edu/~mostow,P0Mv6pIAAAAJ,0000-0000-0000-0000
David J. Pearce,Victoria University of Wellington,http://ecs.victoria.ac.nz/Main/DavidPearce,x2QxevkAAAAJ,0000-0000-0000-0000
David J. Perreault,Massachusetts Inst. of Technology,http://www.rle.mit.edu/perreault,DGqqwrQAAAAJ,0000-0000-0000-0000
David J. Pym,University College London,http://www0.cs.ucl.ac.uk/staff/D.Pym,NOSCHOLARPAGE,0000-0000-0000-0000
David J. Thuente,North Carolina State University,https://www.csc.ncsu.edu/people/djthuent,NOSCHOLARPAGE,0000-0000-0000-0000
David J. Weir,University of Sussex,http://www.sussex.ac.uk/informatics/people/peoplelists/person/2860,NOSCHOLARPAGE,0000-0000-0000-0000
David J. Weston,Birkbeck University of London,https://www.dcs.bbk.ac.uk/about/people/academic-staff/dweston,NOSCHOLARPAGE,0000-0000-0000-0000
David J. Wild 0001,Indiana University,http://david-wild-knzl.squarespace.com,0YOKRoAAAAJ,0000-0000-0000-0000
David J. Wu 0001,University of Texas at Austin,https://www.cs.utexas.edu/~dwu4,sow8PQYAAAAJ,0000-0002-5191-692X
David Jackson 0001,University of Liverpool,https://cgi.csc.liv.ac.uk/~dave,NOSCHOLARPAGE,0000-0000-0000-0000
David Jao,University of Waterloo,https://djao.math.uwaterloo.ca,uj3Xx8IAAAAJ,0000-0002-8073-1692
David John Hawkes,University College London,http://cmic.cs.ucl.ac.uk/staff/dave_hawkes,O42T24CT_GwC,0000-0000-0000-0000
David Jones,University College London,http://www.cs.ucl.ac.uk/staff/D.Jones,yRb0DnQAAAAJ,0000-0002-8152-6818
David Joyner,Georgia Institute of Technology,https://www.ic.gatech.edu/people/david-joyner,yaCigtkAAAAJ,0000-0000-0000-0000
David Juedes,Ohio University,http://oucsace.cs.ohiou.edu/~juedes,eTFiw7wAAAAJ,0000-0002-1656-5781
David Jurgens,University of Michigan,https://www.si.umich.edu/node/15080,sGFFr5kAAAAJ,0000-0002-2135-9878
David K. Duvenaud,University of Toronto,http://www.cs.toronto.edu/~duvenaud,ZLpO3XQAAAAJ,0000-0000-0000-0000
David K. Gifford,Massachusetts Inst. of Technology,http://cgs.csail.mit.edu,NOSCHOLARPAGE,0000-0003-1709-4034
David K. Lowenthal,University of Arizona,https://www.cs.arizona.edu/~dkl,mhKUSRMAAAAJ,0000-0002-4235-1541
David K. Probst,Concordia University,http://www.concordia.ca/faculty/david-probst.html,LDX2HjEAAAAJ,0000-0000-0000-0000
David K.Y. Chiu,University of Guelph,http://www.cis.uoguelph.ca/~dchiu,NOSCHOLARPAGE,0000-0000-0000-0000
David Kay,University of Oxford,http://www.cs.ox.ac.uk/people/david.kay,qwRn6J8AAAAJ,0000-0003-4984-3669
David Kempe 0001,University of Southern California,https://www.david-kempe.com,fNvryVUAAAAJ,0000-0003-4002-9759
David Kirsh,Univ. of California - San Diego,https://adrenaline.ucsd.edu/Kirsh/index.html,p5ylv3sAAAAJ,0000-0002-6242-5851
David Klappholz,Stevens Institute of Technology,http://web.stevens.edu/facultyprofile/?id=826,NOSCHOLARPAGE,0009-0000-1794-5850
David Kohlbrenner,University of Washington,https://homes.cs.washington.edu/~dkohlbre,uQdC9agAAAAJ,0009-0000-9121-9734
David Koslicki,Pennsylvania State University,https://koslickilab.github.io/Koslicki-lab-PSU,Oz90sQsAAAAJ,0000-0002-0640-954X
David Kotz,Dartmouth College,http://www.cs.dartmouth.edu/~dfk,w_Q7iBoAAAAJ,0000-0001-7411-2783
David Kristjanson Duvenaud,University of Toronto,http://www.cs.toronto.edu/~duvenaud,ZLpO3XQAAAAJ,0000-0000-0000-0000
David Kung,University of Texas at Arlington,http://ranger.uta.edu/~kung/kung.html,cgO5XwcAAAAJ,0000-0000-0000-0000
David L. Dowe,Monash University,https://research.monash.edu/en/persons/david-dowe,8ZlclUsAAAAJ,0000-0000-0000-0000
David L. Poole,University of British Columbia,https://www.cs.ubc.ca/~poole,CeWswygAAAAJ,0000-0000-0000-0000
David L. Roberts,North Carolina State University,https://www.csc.ncsu.edu/faculty/robertsd,vXYrNiIAAAAJ,0000-0000-0000-0000
David L. Roberts 0001,North Carolina State University,https://www.csc.ncsu.edu/faculty/robertsd,vXYrNiIAAAAJ,0000-0000-0000-0000
David L. Spooner,Rensselaer Polytechnic Institute,http://faculty.rpi.edu/node/34623,NOSCHOLARPAGE,0000-0000-0000-0000
David L. Wehlau,Royal Military College of Canada,https://www.rmc-cmr.ca/en/mathematics-and-computer-science/dr-david-wehlau,40oEP74AAAAJ,0000-0000-0000-0000
David Lazer,Northeastern University,https://lazerlab.net,gMndACUAAAAJ,0000-0000-0000-0000
David Leake,Indiana University,https://www.cs.indiana.edu/~leake,CidT-JAAAAAJ,0000-0002-8666-3416
David Lee 0002,Univ. of California - Santa Cruz,https://tech4good.soe.ucsc.edu,NG3F9uwAAAAJ,0000-0000-0000-0000
David Letscher,Saint Louis University,https://cs.slu.edu/people/letscher,3hrNqygAAAAJ,0000-0002-1375-9994
David Lewis 0001,Trinity College Dublin,https://www.scss.tcd.ie/Dave.Lewis,TR_fAx0AAAAJ,0000-0000-0000-0000
David Lie,University of Toronto,http://www.eecg.toronto.edu/~lie,Qm_3B70AAAAJ,0000-0002-2000-6827
David Lillis,University College Dublin,https://people.ucd.ie/david.lillis,AoVi6qkAAAAJ,0000-0002-5702-4463
David Lindlbauer,Carnegie Mellon University,https://www.davidlindlbauer.com,DBkNLiwAAAAJ,0000-0002-0809-9696
David Lo 0001,Singapore Management University,http://www.mysmu.edu/faculty/davidlo,IFg0H1wAAAAJ,0000-0002-4367-7201
David M. Blei,Columbia University,http://www.cs.columbia.edu/~blei,8OYE6iEAAAAJ,0000-0000-0000-0000
David M. Bortz,University of Colorado Boulder,https://www.colorado.edu/amath/david-bortz,7wkmJU8AAAAJ,0000-0000-0000-0000
David M. Brooks,Harvard University,https://www.seas.harvard.edu/directory/dbrooks,TaiBcxgAAAAJ,0000-0000-0000-0000
David M. Chelberg,Ohio University,http://oucsace.cs.ohiou.edu/~chelberg,NOSCHOLARPAGE,0000-0000-0000-0000
David M. Eyers,University of Otago,http://www.cs.otago.ac.nz/staff/David_Eyers,dq6tr8wAAAAJ,0000-0002-7284-8006
David M. J. Tax,TU Delft,https://www.tudelft.nl/ewi/over-de-faculteit/afdelingen/intelligent-systems/pattern-recognition-bioinformatics/pattern-recognition-laboratory/people/david-tax,Q9U33SsAAAAJ,0000-0002-5153-9087
David M. Laverty,Queen's University Belfast,https://www.qub.ac.uk/schools/eeecs/Connect/Staff/BusinessCard/?name=david.laverty,LJY5OiMAAAAJ,0000-0000-0000-0000
David M. Mimno,Cornell University,https://mimno.infosci.cornell.edu,uBFV6SUAAAAJ,0000-0001-7510-9404
David M. Mount,Univ. of Maryland - College Park,https://www.cs.umd.edu/users/mount,v6PsQKIAAAAJ,0000-0002-3290-8932
David M. Nichols,University of Waikato,http://www.cs.waikato.ac.nz/~daven,ErPhGm4AAAAJ,0000-0000-0000-0000
David M. Pennock,Rutgers University,http://dpennock.com,4_i_4TkAAAAJ,0000-0000-0000-0000
David Madigan,Northeastern University,http://www.khoury.northeastern.edu/people/david-madigan,XDajlywAAAAJ,0000-0000-0000-0000
David Maier 0001,Portland State University,https://web.cecs.pdx.edu/~maier,80pKMyMAAAAJ,0009-0002-9146-5411
David Malah,Technion,http://webee.technion.ac.il/people/DavidMalah,g7CIMSQAAAAJ,0009-0001-8310-7844
David Malone,Maynooth University,https://www.maynoothuniversity.ie/faculty-science-engineering/our-people/david-malone,Dxnd85UAAAAJ,0000-0002-6947-586X
David Martins de Matos,Universidade de Lisboa,https://www.l2f.inesc-id.pt/wiki/index.php/David_Martins_de_Matos,WjiG890AAAAJ,0000-0001-8631-2870
David Martinus Johannes Tax,TU Delft,https://www.tudelft.nl/ewi/over-de-faculteit/afdelingen/intelligent-systems/pattern-recognition-bioinformatics/pattern-recognition-laboratory/people/david-tax,Q9U33SsAAAAJ,0000-0000-0000-0000
David May,University of Bristol,https://www.cs.bris.ac.uk/~dave,LkODstgAAAAJ,0000-0000-0000-0000
David Mazières,Stanford University,http://www.scs.stanford.edu/~dm,16rpqWQAAAAJ,0000-0002-1253-6449
David McAllester,TTI Chicago,http://ttic.uchicago.edu/~dmcallester,nbpafUkAAAAJ,0000-0000-0000-0000
David McG. Squire,Monash University,https://www.researchgate.net/profile/David_Squire,NOSCHOLARPAGE,0000-0000-0000-0000
David McNeill,Queen's University Belfast,https://www.qub.ac.uk/schools/eeecs/Connect/Staff/BusinessCard/?name=dw.mcneill,L_gCkX8AAAAJ,0000-0000-0000-0000
David Meger,McGill University,http://www.cim.mcgill.ca/~dmeger,gFwEytkAAAAJ,0009-0008-6180-0032
David Menoti,UFPR,https://web.inf.ufpr.br/menotti,Ipu5_-gAAAAJ,0000-0000-0000-0000
David Menotti,UFPR,https://web.inf.ufpr.br/menotti,Ipu5_-gAAAAJ,0000-0000-0000-0000
David Menotti Gomes,UFPR,https://web.inf.ufpr.br/menotti,Ipu5_-gAAAAJ,0000-0000-0000-0000
David Miller,DePaul University,http://www.depaul.edu/about/administration/Pages/miller.aspx,NOSCHOLARPAGE,0000-0000-0000-0000
David Mimno,Cornell University,https://mimno.infosci.cornell.edu,uBFV6SUAAAAJ,0000-0001-7510-9404
David Mohaisen,University of Central Florida,http://cs.ucf.edu/~mohaisen,q387AywAAAAJ,0000-0003-3227-2505
David Morales-Jiménez,Queen's University Belfast,https://www.qub.ac.uk/schools/eeecs/Connect/Staff/BusinessCard/?name=d.morales,NbLA0BwAAAAJ,0000-0002-2141-7185
David Mould,Carleton University,http://www.scs.carleton.ca/~mould,NOSCHOLARPAGE,0000-0001-5779-484X
David N. Turner,University of Kent,https://www.cs.kent.ac.uk/people/staff/dat,El3294wAAAAJ,0000-0000-0000-0000
David Naccache,Ecole Normale Superieure,https://www.di.ens.fr/DavidNaccache.html,NOSCHOLARPAGE,0000-0000-0000-0000
David Nassimi,NJIT,https://web.njit.edu/~nassimi,NOSCHOLARPAGE,0000-0000-0000-0000
David Novick,University of Texas - El Paso,http://utep.academia.edu/DavidNovick,XfQ7rDoAAAAJ,0000-0002-3405-4627
David O. Johnson,University of Kansas,https://eecs.ku.edu/david-johnson,LyEq7qEAAAAJ,0000-0000-0000-0000
David O. LeVan,Florida Institute of Technology,https://www.fit.edu/faculty-profiles/3/david-levan,NOSCHOLARPAGE,0000-0000-0000-0000
David Orville Johnson,University of Kansas,https://eecs.ku.edu/david-johnson,LyEq7qEAAAAJ,0000-0000-0000-0000
David P. Helmbold,Univ. of California - Santa Cruz,https://users.soe.ucsc.edu/~dph,NOSCHOLARPAGE,0000-0000-0000-0000
David P. Williamson,Cornell University,http://www.orie.cornell.edu/people/profile.cfm?netid=dw36,pOd2M64AAAAJ,0000-0002-2884-0058
David P. Woodruff,Carnegie Mellon University,http://www.cs.cmu.edu/~dwoodruf,kMmxbbIAAAAJ,0000-0002-2158-1380
David Page,Duke University,https://scholars.duke.edu/person/david.page,z-P08tgAAAAJ,0000-0000-0000-0000
David Parker 0001,University of Birmingham,https://www.birmingham.ac.uk/staff/profiles/computer-science/academic-staff/parker-david.aspx,nEKbXSMAAAAJ,0000-0003-4137-8862
David Pearce 0005,Victoria University of Wellington,http://ecs.victoria.ac.nz/Main/DavidPearce,x2QxevkAAAAJ,0000-0000-0000-0000
David Peleg,Weizmann Institute of Science,https://www.weizmann.ac.il/pages/search/people?language=english&single=1&person_id=1883,wBVagosAAAAJ,0000-0003-1590-0506
David Pichardie,Ecole Normale Superieure de Rennes,http://people.irisa.fr/David.Pichardie,pFAWVGIAAAAJ,0000-0002-2504-1760
David Pointcheval,Ecole Normale Superieure,http://www.di.ens.fr/~pointche,GzBaxPMAAAAJ,0000-0002-6668-683X
David Poole 0001,University of British Columbia,https://www.cs.ubc.ca/~poole,CeWswygAAAAJ,0000-0002-9361-7629
David Porfirio,George Mason University,https://dporfirio.github.io,qKX7niQAAAAJ,0000-0001-5383-3266
David R. Bull,University of Bristol,https://david-bull.github.io,WraDXlkAAAAJ,0000-0001-7634-190X
David R. Choffnes,Northeastern University,http://david.choffnes.com,OG2QONwAAAAJ,0000-0001-7825-7226
David R. Flatla,University of Guelph,https://www.uoguelph.ca/computing/people/david-flatla,pJjyC-AAAAAJ,0000-0000-0000-0000
David R. Gilbert,Brunel University London,https://www.brunel.ac.uk/people/david-gilbert,DS-hZXgAAAAJ,0000-0000-0000-0000
David R. Kaeli,Northeastern University,http://www.ece.neu.edu/faculty/kaeli.html,Mkgn0qcAAAAJ,0000-0002-5692-0151
David R. Karger,Massachusetts Inst. of Technology,http://people.csail.mit.edu/karger,2vQRGrYAAAAJ,0000-0002-0024-5847
David R. O'Hallaron,Carnegie Mellon University,https://www.cs.cmu.edu/~droh,738WppcAAAAJ,0000-0000-0000-0000
David Rappaport,Queen’s University,http://www.cs.queensu.ca/home/daver,NOSCHOLARPAGE,0000-0000-0000-0000
David Richerby,University of Essex,https://www.essex.ac.uk/people/riche29705/david-richerby,G1KQAusAAAAJ,0000-0003-1062-8451
David Robertson 0001,University of Edinburgh,http://www.dai.ed.ac.uk/groups/ssp/members/dave.htm,63eai3AAAAAJ,0000-0000-0000-0000
David Roger Gilbert,Brunel University London,https://www.brunel.ac.uk/people/david-gilbert,DS-hZXgAAAAJ,0000-0000-0000-0000
David Rossiter,HKUST,http://www.cse.ust.hk/~rossiter,NOSCHOLARPAGE,0000-0000-0000-0000
David S. Bindel,Cornell University,http://www.cs.cornell.edu/~bindel,04TuVhEAAAAJ,0000-0000-0000-0000
David S. Bowers,Open University UK,http://stem.open.ac.uk/people/dsb69,RG_i8q4AAAAJ,0000-0003-3106-4923
David S. Doermann,University at Buffalo,https://cse.buffalo.edu/~doermann,RoGOW9AAAAAJ,0000-0003-1639-4561
David S. Ebert,University of Oklahoma,https://www.ou.edu/coe/ece/faculty_directory/dr_ebert,LB2Ji0sAAAAJ,0000-0001-6177-1296
David S. Rosenblum,George Mason University,https://cs.gmu.edu/~dsr/index.html,FyUQvCoAAAAJ,0000-0003-1685-4206
David S. Wishart,University of Alberta,http://www.wishartlab.com,NOSCHOLARPAGE,0000-0002-3207-2434
David Saldana,Lehigh University,http://davidsaldana.co,VU1s_Z8AAAAJ,0000-0003-2442-4257
David Saldaña,Lehigh University,http://davidsaldana.co,VU1s_Z8AAAAJ,0000-0003-2442-4257
David Sands 0001,Chalmers/GU,https://www.chalmers.se/en/staff/Pages/dave.aspx,NOSCHOLARPAGE,0000-0001-6221-0503
David Sarne,Bar-Ilan University,http://u.cs.biu.ac.il/~sarned,SnvLcLEAAAAJ,0000-0000-0000-0000
David Schlangen,University of Potsdam,https://www.ling.uni-potsdam.de/~das,QoDgwZYAAAAJ,0000-0002-2686-6887
David Schwartz,Rochester Inst. of Technology,http://igm.rit.edu/~dis,Aob433gAAAAJ,0009-0003-9836-3378
David Scott,Northern Arizona University,https://nau.edu/siccs/faculty/david-scott,vgRGifIAAAAJ,0000-0000-0000-0000
David Scuse,University of Manitoba,http://www.cs.umanitoba.ca/~scuse,jeiSmwYAAAAJ,0000-0000-0000-0000
David Smahel,Masaryk University,https://www.muni.cz/en/people/3068,LKs73BQAAAAJ,0000-0003-2767-4331
David Soloveichik,University of Texas at Austin,https://www.solo-group.link/members/david-soloveichik,dSPQHDoAAAAJ,0000-0002-2585-4120
David Squire,Monash University,https://www.researchgate.net/profile/David_Squire,NOSCHOLARPAGE,0000-0001-6738-8271
David Starobinski,Boston University,http://people.bu.edu/staro,C0ddY2kAAAAJ,0000-0002-8071-3865
David Steurer,ETH Zurich,http://dsteurer.org,ThJ-Ju4AAAAJ,0000-0002-3908-8180
David Stotts,University of North Carolina,http://www.cs.unc.edu/~stotts,NOSCHOLARPAGE,0000-0000-0000-0000
David Streader,Victoria University of Wellington,https://ecs.victoria.ac.nz/Main/DavidStreader,NOSCHOLARPAGE,0000-0000-0000-0000
David Stuart Robertson 0001,University of Edinburgh,http://www.dai.ed.ac.uk/groups/ssp/members/dave.htm,63eai3AAAAAJ,0000-0000-0000-0000
David Sturgill,North Carolina State University,https://www.csc.ncsu.edu/people/dbsturgi,NOSCHOLARPAGE,0000-0000-0000-0000
David Svoboda,Masaryk University,https://www.muni.cz/en/people/2824,NOSCHOLARPAGE,0000-0001-6074-0164
David T. Blaauw,University of Michigan,http://web.eecs.umich.edu/faculty/blaauw,P3JdmqAAAAAJ,0000-0001-6744-7075
David T. Lee,Univ. of California - Santa Cruz,https://tech4good.soe.ucsc.edu,NG3F9uwAAAAJ,0000-0000-0000-0000
David Taniar,Monash University,https://research.monash.edu/en/persons/david-taniar,M1acg20AAAAJ,0000-0002-8862-3960
David Timothy Lee,Univ. of California - Santa Cruz,https://tech4good.soe.ucsc.edu,NG3F9uwAAAAJ,0000-0000-0000-0000
David Tipper,University of Pittsburgh,http://www.pitt.edu/~dtipper/tipper.html,XD9kMgEAAAAJ,0000-0002-9429-6425
David Toman 0001,University of Waterloo,https://cs.uwaterloo.ca/~david,cCoKzk8AAAAJ,0000-0000-0000-0000
David V. Mason,Toronto Metropolitan University,http://sarg.torontomu.ca/dmason,NOSCHOLARPAGE,0000-0000-0000-0000
David Van Horn,Univ. of Maryland - College Park,http://www.cs.umd.edu/~dvanhorn,9ZM8OlMAAAAJ,0000-0002-9201-6864
David Vilares 0001,University of A Coruña,http://www.grupolys.org/~david.vilares,3KHyYsMAAAAJ,0000-0002-1295-3840
David Vilares Calvo,University of A Coruña,http://www.grupolys.org/~david.vilares,3KHyYsMAAAAJ,0000-0000-0000-0000
David W. Albrecht,Monash University,https://research.monash.edu/en/persons/david-albrecht,VDNlBkYAAAAJ,0000-0000-0000-0000
David W. Chadwick,University of Kent,https://www.cs.kent.ac.uk/~dwc8,k1LL4dIAAAAJ,0000-0003-3145-055X
David W. Cheung,University of Hong Kong,https://i.cs.hku.hk/~dcheung,wwb5LGsAAAAJ,0000-0000-0000-0000
David W. Cordes,The University of Alabama,http://cordes.cs.ua.edu,NOSCHOLARPAGE,0000-0000-0000-0000
David W. Corne,Heriot-Watt University,https://www.hw.ac.uk/staff/uk/macs/david-wolfe-corne.htm,6jNgTK4AAAAJ,0000-0000-0000-0000
David W. Jacobs,Univ. of Maryland - College Park,https://www.cs.umd.edu/~djacobs,WH2KmRgAAAAJ,0009-0009-2027-1039
David W. Juedes,Ohio University,http://oucsace.cs.ohiou.edu/~juedes,eTFiw7wAAAAJ,0000-0002-1656-5781
David W. Petr,University of Kansas,http://www.ittc.ku.edu/~dwp,K4xD9GAAAAAJ,0000-0000-0000-0000
David W. Walker,Cardiff University,https://www.cardiff.ac.uk/people/view/118172-walker-david,W-IMms4AAAAJ,0000-0002-1360-6330
David W. Wilson 0001,Birkbeck University of London,https://www.dcs.bbk.ac.uk/about/people/academic-staff/dave,NOSCHOLARPAGE,0000-0000-0000-0000
David Wai-Lok Cheung,University of Hong Kong,https://i.cs.hku.hk/~dcheung,wwb5LGsAAAAJ,0000-0000-0000-0000
David Wajc,Technion,https://www.davidwajc.com,eV8u3CoAAAAJ,0000-0003-1896-2948
David Wakeling,University of Exeter,http://emps.exeter.ac.uk/computer-science/staff/dw355,NOSCHOLARPAGE,0000-0000-0000-0000
David Walker 0001,Princeton University,http://www.cs.princeton.edu/~dpw,UEI2g60AAAAJ,0000-0003-3681-149X
David Warren Tipper,University of Pittsburgh,http://www.pitt.edu/~dtipper/tipper.html,XD9kMgEAAAAJ,0000-0000-0000-0000
David Weintrop,Univ. of Maryland - College Park,https://go.umd.edu/weintrop,l7OM4vQAAAAJ,0000-0002-3009-3899
David Welch,University of Auckland,https://www.cs.auckland.ac.nz/~davidw,W3-SgVAAAAAJ,0000-0000-0000-0000
David Wentzlaff,Princeton University,https://www.princeton.edu/~wentzlaf,82FA9YIAAAAJ,0000-0002-6337-5630
David Windridge,Middlesex University,http://www.cs.mdx.ac.uk/people/david-windridge,p0K-zIsAAAAJ,0000-0001-5507-8516
David Wingate,Brigham Young University,https://cs.byu.edu/faculty/dw87,W9uPOIQAAAAJ,0000-0000-0000-0000
David Wishart,University of Alberta,http://www.wishartlab.com,NOSCHOLARPAGE,0000-0002-3207-2434
David Wolfe Corne,Heriot-Watt University,https://www.hw.ac.uk/staff/uk/macs/david-wolfe-corne.htm,6jNgTK4AAAAJ,0000-0000-0000-0000
David Yarowsky,Johns Hopkins University,http://www.cs.jhu.edu/~yarowsky,gaO-vS4AAAAJ,0000-0000-0000-0000
David Yau,SUTD,https://istd.sutd.edu.sg/people/faculty/david-yau,NOSCHOLARPAGE,0000-0000-0000-0000
David Z. Pan,University of Texas at Austin,http://users.ece.utexas.edu/~dpan,3aLlroEAAAAJ,0000-0002-5705-2501
David Zhang 0001,CUHK (SZ),https://sds.cuhk.edu.cn/en/teacher/315,IOagLnEAAAAJ,0000-0002-5027-5286
David Zhigang Pan,University of Texas at Austin,http://users.ece.utexas.edu/~dpan,3aLlroEAAAAJ,0000-0000-0000-0000
David Zuckerman,University of Texas at Austin,https://www.cs.utexas.edu/~diz,MCe-I6wAAAAJ,0000-0002-4749-3223
David van Leeuwen,Radboud University,https://www.ru.nl/english/people/leeuwen-d-van,yW_0v-kAAAAJ,0000-0000-0000-0000
Davide Bacciu,University of Pisa,http://www.di.unipi.it/~bacciu,1d5n2WkAAAAJ,0000-0001-5213-2468
Davide Balzarotti,EURECOM,http://www.s3.eurecom.fr/~balzarot,ZhQ0CxsAAAAJ,0000-0001-5957-6213
Davide Bolchini,IUPUI,https://soic.iupui.edu/people/davide-bolchini,vUNp_gwAAAAJ,0000-0001-9870-5858
Davide Bresolin,University of Padova,https://www.math.unipd.it/~bresolin,CFuzvnwAAAAJ,0000-0003-2253-9878
Davide Careglio,Polytechnic Univ. of Catalonia,http://people.ccaba.upc.edu/careglio,9_O-b5oAAAAJ,0000-0000-0000-0000
Davide Di Ruscio,University of L'Aquila,http://people.disim.univaq.it/~diruscio,Pn0T4rQAAAAJ,0000-0002-5077-6793
Davide Fossati,Emory University,http://www.cs.emory.edu/people/faculty/individual.php?NUM=427,EQ61oMAAAAAJ,0000-0003-3587-8860
Davide Grossi,University of Groningen,https://davidegrossi.me,nMKIVrIAAAAJ,0000-0002-9709-030X
Davide Martinenghi,Politecnico di Milano,http://home.deib.polimi.it/martinen,E0QQoIMAAAAJ,0000-0002-2726-7683
Davide Mottin,Aarhus University,https://mott.in,evZ9Q9EAAAAJ,0000-0001-8256-2258
Davide Scaramuzza 0001,University of Zurich,http://rpg.ifi.uzh.ch,SC9wV2kAAAAJ,0000-0002-3831-6778
Davide Taibi 0001,Tampere University,https://www.tuni.fi/en/davide-taibi,ToWAPrcAAAAJ,0000-0002-3210-3990
Davood Rafiei,University of Alberta,https://webdocs.cs.ualberta.ca/~drafiei,lNxSDIwAAAAJ,0000-0003-2403-0266
Davor Svetinovic,Masdar Institute,https://www.masdar.ac.ae/aboutus/management/faculty-directory/item/5669-davor-svetinovic,5jy7MH0AAAAJ,0000-0002-3020-9556
Dawei Cheng,Tongji University,http://cs1.tongji.edu.cn/~dawei,4UD20ukAAAAJ,0000-0002-5877-7387
Dawei Jiang,Zhejiang University,http://mypage.zju.edu.cn/jiangdw,NOSCHOLARPAGE,0009-0001-2807-1068
Dawei Li,University of Vermont,http://www.uvm.edu/genomics/index.html,HNZDQxYAAAAJ,0000-0002-9214-4487
Dawei Song 0001,Open University UK,http://stem.open.ac.uk/people/ds7946,PCTA8yAAAAAJ,0000-0002-8660-3608
Dawei Zhou 0003,Virginia Tech,https://website.cs.vt.edu/people/faculty/dawei-zhou.html,8dakqOgAAAAJ,0000-0002-3611-4363
Dawei Zhou 0004,City University of Macau,https://fds.cityu.edu.mo/en/members/455,7H-LIigAAAAJ,0000-0002-0694-3603
Dawn C. Walker,University of Sheffield,https://www.sheffield.ac.uk/dcs/people/academic/dawn-walker,9YfmLGcAAAAJ,0000-0000-0000-0000
Dawn E. Wilkins,University of Mississippi,http://flagshipconstellations.olemiss.edu/leaders/dawn-wilkins,wIzASCoAAAAJ,0000-0000-0000-0000
Dawn MacIsaac,University of New Brunswick,https://www.cs.unb.ca/people/dmac,bJi2F0MAAAAJ,0000-0002-2534-899X
Dawn Song,Univ. of California - Berkeley,https://www2.eecs.berkeley.edu/Faculty/Homepages/song.html,84WzBlYAAAAJ,0000-0001-9745-6802
Dawn T. MacIsaac,University of New Brunswick,https://www.cs.unb.ca/people/dmac,bJi2F0MAAAAJ,0000-0000-0000-0000
Dawn Wilkins,University of Mississippi,http://flagshipconstellations.olemiss.edu/leaders/dawn-wilkins,wIzASCoAAAAJ,0000-0001-6047-7327
Dawson R. Engler,Stanford University,http://web.stanford.edu/~engler,Bz-b2a0AAAAJ,0000-0000-0000-0000
Dawu Gu,Shanghai Jiao Tong University,https://www.cs.sjtu.edu.cn/PeopleDetail.aspx?id=101,NOSCHOLARPAGE,0000-0002-0504-9538
Daxin Liu 0002,Nanjing University,https://dxliunju.github.io,VC0dnrwAAAAJ,0000-0002-0378-3683
Dayane Reis,University of South Florida,https://www.usf.edu/ai-cybersecurity-computing/people/faculty/reis-dayane.aspx,851PpGgAAAAJ,0000-0002-8571-1308
Daye Nam,Univ. of California - Irvine,https://dayenam.com,STCUzF8AAAAJ,0009-0006-3846-6924
Dazhao Cheng,Wuhan University,https://webpages.uncc.edu/dcheng3,rRsraIwAAAAJ,0000-0003-2869-7623
De-Chuan Zhan,Nanjing University,http://lamda.nju.edu.cn/zhandc,mYJf4TcAAAAJ,0000-0002-3533-2078
DeLiang L. Wang,Ohio State University,http://web.cse.ohio-state.edu/~dwang,yO59sggAAAAJ,0000-0000-0000-0000
DeLiang Wang,Ohio State University,http://web.cse.ohio-state.edu/~dwang,yO59sggAAAAJ,0000-0000-0000-0000
Dean C. Barratt,University College London,http://cmic.cs.ucl.ac.uk/staff/dean_barratt,7OtfUxcAAAAJ,0000-0000-0000-0000
Dean F. Hougen,University of Oklahoma,https://cs.ou.edu/~hougen,zVMLl_cAAAAJ,0000-0001-5393-1480
Dean Hendrix,Auburn University,http://www.auburn.edu/~hendrtd,NOSCHOLARPAGE,0000-0000-0000-0000
Dean Knudson,North Dakota State University,http://www.cs.ndsu.nodak.edu/~deaknuds,NOSCHOLARPAGE,0000-0000-0000-0000
Dean M. Tullsen,Univ. of California - San Diego,https://cseweb.ucsd.edu/~tullsen,BEEuinQAAAAJ,0000-0003-3174-9316
Dean Mohamedally,University College London,http://www0.cs.ucl.ac.uk/staff/D.Mohamedally,NOSCHOLARPAGE,0000-0000-0000-0000
Dean Pemberton,Victoria University of Wellington,https://ecs.victoria.ac.nz/Main/DeanPemberton,rnQ432kAAAAJ,0000-0000-0000-0000
Deba Prasad Mandal,ISI Kolkata,https://www.isical.ac.in/deba-prasad-mandal,NOSCHOLARPAGE,0000-0000-0000-0000
Debabrata Das,IIIT Bangalore,http://www.iiitb.ac.in/faculty_page.php?name=DebabrataDas,gU6HKm4AAAAJ,0000-0000-0000-0000
Debadatta Mishra,IIT Kanpur,https://www.cse.iitk.ac.in/users/deba,NOSCHOLARPAGE,0000-0000-0000-0000
Debaditya Roy,IIT Kharagpur,https://sites.google.com/view/debadityaroy,L0Lq-fAAAAAJ,0000-0000-0000-0000
Debajyoti Bera,IIIT Delhi,https://www.iiitd.edu.in/~dbera,kv2a54oAAAAJ,0000-0002-1626-7514
Debajyoti Mondal,University of Saskatchewan,https://www.cs.usask.ca/faculty/dmondal/index.html,DYu56mwAAAAJ,0000-0002-7370-8697
Debapriya Basu Roy,IIT Kanpur,https://dbroy24.wixsite.com/research,bVX8VCoAAAAJ,0000-0003-4664-5237
Debapriyo Majumdar,ISI Kolkata,https://www.isical.ac.in/~debapriyo,XSJGvjEAAAAJ,0009-0000-8823-9742
Debarati Das 0001,Pennsylvania State University,https://www.eecs.psu.edu/departments/directory-detail-g.aspx?q=dxd5606,NOSCHOLARPAGE,0000-0003-2232-4279
Debarghya Ghoshdastidar,TU Munich,https://www.in.tum.de/tfai/people/debarghya-ghoshdastidar,Kp-enVQAAAAJ,0000-0003-0202-7007
Debarka Sengupta,IIIT Delhi,http://iiitd.ac.in/debarka,b-57qe4AAAAJ,0000-0000-0000-0000
Debashis Sahoo,Univ. of California - San Diego,https://sites.google.com/view/debashis-sahoo,wSehpJsAAAAJ,0000-0000-0000-0000
Debashri Roy,University of Texas at Arlington,https://debashriroy.github.io,nBuwoGYAAAAJ,0000-0000-0000-0000
Debasis Das 0001,IIT Jodhpur,https://sites.google.com/view/debasisdas,_MjXvxQAAAAJ,0000-0001-6205-4096
Debasis Ganguly,University of Glasgow,https://www.gla.ac.uk/schools/computing/staff/debasisganguly,FhQENQgAAAAJ,0000-0003-0050-7138
Debasis Mitra,Florida Institute of Technology,https://cs.fit.edu/~dmitra,NhlPH-8AAAAJ,0000-0002-5677-1707
Debasis Samanta,IIT Kharagpur,https://cse.iitkgp.ac.in/~dsamanta,RctLVqcAAAAJ,0000-0000-0000-0000
Debdeep Mukhopadhyay,IIT Kharagpur,http://cse.iitkgp.ac.in/~debdeep,2ELnl9IAAAAJ,0000-0002-6499-8346
Debi Prosad Dogra,IIT Bhubaneswar,http://www.iitbbs.ac.in/profile.php/dpdogra,e7AbmE8AAAAJ,0000-0000-0000-0000
Debin Gao,Singapore Management University,http://flyer.sis.smu.edu.sg,ufQVl6UAAAAJ,0000-0001-9412-9961
Debin Zhao,Harbin Institute of Technology,http://homepage.hit.edu.cn/zhaodebin,QXyj0hkAAAAJ,0000-0003-3434-9967
Debmalya Mandal,University of Warwick,https://debmandal.github.io,OquWQpEAAAAJ,0000-0002-8132-188X
Debmalya Panigrahi,Duke University,https://users.cs.duke.edu/~debmalya,syv4e-EAAAAJ,0000-0003-1799-6660
Debora Nozza,Bocconi University,https://deboranozza.com,AKi-UWQAAAAJ,0000-0002-7998-2267
Deborah Anne Trytten,University of Oklahoma,https://cs.ou.edu/~trytten,wmpx67kAAAAJ,0000-0002-3676-661X
Deborah Estrin [Tech],Cornell University,http://tech.cornell.edu/people/deborah-estrin,3_WYcR4AAAAJ,0000-0000-0000-0000
Deborah Joseph,University of Wisconsin - Madison,http://www.cs.wisc.edu/people/joseph,NOSCHOLARPAGE,0000-0000-0000-0000
Deborah Richards,Macquarie University,http://web.science.mq.edu.au/~richards,p0BxAfAAAAAJ,0000-0002-7363-1511
Deborah Stacey,University of Guelph,https://www.uoguelph.ca/computing/people/deborah-stacey,QdZ3KlAAAAAJ,0000-0002-2019-9905
Debotosh Bhattacharjee,Jadavpur University,http://jaduniv.edu.in/profile.php?uid=672,hI7_HFMAAAAJ,0000-0002-1163-6413
Debra J. Richardson,Univ. of California - Irvine,http://www.ics.uci.edu/~djr,vL6ubpMAAAAJ,0000-0002-8202-9274
Debrup Chakraborty,ISI Kolkata,https://www.isical.ac.in/~debrup,DsV9MN4AAAAJ,0000-0000-0000-0000
Debswapna Bhattacharya,Virginia Tech,https://people.cs.vt.edu/dbhattacharya,C2oEgoYAAAAJ,0000-0002-9630-0141
Declan O'Sullivan,Trinity College Dublin,https://www.tcd.ie/research/profiles/?profile=osulldps,kDjgdyQAAAAJ,0000-0003-1090-3548
Deendayal Dinakarpandian,Univ. of Missouri - Kansas City,https://info.umkc.edu/scenews/tag/deendayal-dinakarpandian,1UpkUvQAAAAJ,0000-0000-0000-0000
Deep Medhi,Univ. of Missouri - Kansas City,http://sce2.umkc.edu/csee/dmedhi,17e2M2AAAAAJ,0000-0000-0000-0000
Deepak Ajwani,University College Dublin,https://people.ucd.ie/deepak.ajwani,3B9ZJUIAAAAJ,0000-0001-7269-4150
Deepak B. Phatak,IIT Bombay,https://www.cse.iitb.ac.in/~dbp,NOSCHOLARPAGE,0000-0000-0000-0000
Deepak D'Souza,IISc Bangalore,http://www.csa.iisc.ac.in/~deepakd,qDmD8DsAAAAJ,0000-0000-0000-0000
Deepak Ganesan,Univ. of Massachusetts Amherst,https://people.cs.umass.edu/~dganesan,cbTB5-EAAAAJ,0000-0003-2762-9194
Deepak Garg 0001 [SWS],Max Planck Society,http://www.mpi-sws.org/~dg,BCXxazwAAAAJ,0000-0000-0000-0000
Deepak K. Ghodgaonkar,DAIICT,http://www.daiict.ac.in/daiict/people/faculty.html,NOSCHOLARPAGE,0000-0000-0000-0000
Deepak K. Tosh,University of Texas - El Paso,https://www.cs.utep.edu/dktosh,GOaQIxoAAAAJ,0000-0000-0000-0000
Deepak Kapur,University of New Mexico,https://www.cs.unm.edu/~kapur,U6XKBVIAAAAJ,0000-0000-0000-0000
Deepak Khazanchi,University of Nebraska - Omaha,https://dkhazanchi.com,nvrKcZYAAAAJ,0000-0002-2675-2871
Deepak Khemani,Plaksha University,https://plaksha.edu.in/faculty-details/dr-deepak-khemani,lrcXaOkAAAAJ,0000-0000-0000-0000
Deepak Kumar 0006,Univ. of California - San Diego,https://kumarde.com,JoKEquUAAAAJ,0000-0002-0224-5031
Deepak Mishra 0001,IIT Jodhpur,https://sites.google.com/iitj.ac.in/dmishra,-rOCu6sAAAAJ,0000-0000-0000-0000
Deepak N. Subramani,IISc Bangalore,https://cds.iisc.ac.in/faculty/deepakns,d-V0TTwAAAAJ,0000-0000-0000-0000
Deepak P 0001,Queen's University Belfast,https://www.qub.ac.uk/schools/eeecs/Connect/Staff/BusinessCard/?name=d.padmanabhan,YC60F-YAAAAJ,0000-0002-1336-2356
Deepak Padmanabhan 0001,Queen's University Belfast,https://www.qub.ac.uk/schools/eeecs/Connect/Staff/BusinessCard/?name=d.padmanabhan,YC60F-YAAAAJ,0000-0002-1336-2356
Deepak Pathak,Carnegie Mellon University,https://people.eecs.berkeley.edu/~pathak,AEsPCAUAAAAJ,0000-0003-2496-0690
Deepak Puthal,UAEU,https://deepakputhal.github.io,-USAlD8AAAAJ,0000-0000-0000-0000
Deepak Rajendraprasad,IIT Palakkad,https://www.iitpkd.ac.in/people/deepak,2tTBXwoAAAAJ,0000-0001-9101-8967
Deepak Vasisht,Univ. of Illinois at Urbana-Champaign,https://deepakvasisht.com,qph2BRgAAAAJ,0000-0003-3826-0978
Deepak Venugopal,University of Memphis,https://www.memphis.edu/cs/people/faculty_pages/deepak-venugopal.php,NOSCHOLARPAGE,0000-0000-0000-0000
Deepanjan Kesh,IIT Guwahati,https://www.iitg.ernet.in/deepkesh,NOSCHOLARPAGE,0000-0000-0000-0000
Deepankar Medhi,Univ. of Missouri - Kansas City,http://sce2.umkc.edu/csee/dmedhi,17e2M2AAAAAJ,0000-0000-0000-0000
Deeparnab Chakrabarty,Dartmouth College,http://web.cs.dartmouth.edu/people/deeparnab-chakrabarty,JB1j474AAAAJ,0000-0001-7596-6035
Deepinder Sidhu,Univ. of Maryland - Baltimore County,http://www.csee.umbc.edu/people/faculty/deepinder-sidhu,NOSCHOLARPAGE,0000-0000-0000-0000
Deepti D. Shrimankar,VNIT Nagpur,https://vnit.ac.in/engineering/cse/dr-mrs-d-d-shrimankar,RX2f4MAAAAAJ,0000-0000-0000-0000
Deepti Ghadiyaram,Boston University,https://deeptigp.github.io,NyKCrmoAAAAJ,0000-0000-0000-0000
Deepti R. Bathula,IIT Ropar,http://www.iitrpr.ac.in/cse/bathula,msRMYTkAAAAJ,0000-0000-0000-0000
Deepti Raghavan,Brown University,https://deeptir.me,OqbV4dwAAAAJ,0000-0003-2341-1155
Deepu Rajan,Nanyang Technological University,http://www3.ntu.edu.sg/home/ASDRajan,NOSCHOLARPAGE,0000-0001-7788-8368
Dees Postma,University of Twente,https://people.utwente.nl/d.b.w.postma,NAVaGd0AAAAJ,0000-0002-1108-7549
Defne Abur,University of Groningen,https://www.rug.nl/staff/d.abur,uQmbuNwAAAAJ,0000-0000-0000-0000
Defu Lian,USTC,http://staff.ustc.edu.cn/~liandefu,QW0ad4sAAAAJ,0000-0002-3507-9607
Deh Cac Can,Ecole Normale Superieure,https://www.di.ens.fr/DavidNaccache.html,NOSCHOLARPAGE,0000-0000-0000-0000
Deian Stefan,Univ. of California - San Diego,https://cseweb.ucsd.edu/~dstefan,qTVj7nwAAAAJ,0000-0002-7041-7464
Dejan Kostic,KTH Royal Inst. of Technology,https://www.kth.se/profile/dejanko,LmqhRxkAAAAJ,0000-0002-1256-1070
Dejan Milutinovic,Univ. of California - Santa Cruz,https://www.soe.ucsc.edu/people/dejan,NOSCHOLARPAGE,0000-0000-0000-0000
Dejing Dou,University of Oregon,http://ix.cs.uoregon.edu/~dou,qBHsQ04AAAAJ,0000-0001-7561-1672
Dejun Jiang 0001,Chinese Academy of Sciences,http://acs.ict.ac.cn/storage/people/jiangdj_zh.html,NOSCHOLARPAGE,0000-0000-0000-0000
Dejun Yang,Colorado School of Mines,https://inside.mines.edu/~djyang,tkoI1M4AAAAJ,0000-0002-1811-4423
Dekai Wu,HKUST,http://www.cs.ust.hk/~dekai,NMkg-64AAAAJ,0000-0001-9833-361X
Delaram Jarchi,University of Essex,https://www.essex.ac.uk/people/jarch68309/delaram-jarchi,sp7QoSwAAAAJ,0000-0001-6699-8721
Delaram Kahrobaei,University of York,https://www-users.cs.york.ac.uk/~delaram,ScTS9PkAAAAJ,0000-0001-5467-7832
Delbert Willie,Northern Arizona University,https://nau.edu/siccs/faculty,NOSCHOLARPAGE,0000-0000-0000-0000
Delfina Malandrino,University of Salerno,http://www.di.unisa.it/~delmal,iE7QfsAAAAAJ,0000-0003-2693-0196
Deliang Fan,Arizona State University,https://dfan.engineering.asu.edu,sAflhJUAAAAJ,0000-0002-7989-6297
Dell Zhang,Birkbeck University of London,https://www.dcs.bbk.ac.uk/about/people/academic-staff/dell,NOSCHOLARPAGE,0000-0002-8774-3725
Delphine Christin,University of Göttingen,https://www.uni-goettingen.de/de/prof.+dr.-ing.+delphine+reinhardt/581924.html,EgijLUMAAAAJ,0000-0000-0000-0000
Delphine Reinhardt,University of Göttingen,https://www.uni-goettingen.de/de/prof.+dr.-ing.+delphine+reinhardt/581924.html,EgijLUMAAAAJ,0000-0001-6802-2108
Delvin Varghese,Monash University,https://research.monash.edu/en/persons/delvin-varghese,N5OF9qwAAAAJ,0000-0002-7806-1001
Demetri Terzopoulos,Univ. of California - Los Angeles,http://www.cs.ucla.edu/~dt,pKuBFaQAAAAJ,0000-0000-0000-0000
Demetrios Achlioptas,University of Athens,https://cgi.di.uoa.gr/~optas,yi9qu1cAAAAJ,0000-0000-0000-0000
Demetrios G. Sampson,University of Piraeus,https://www.ds.unipi.gr/en/faculty/sampson-en,v_IaAIcAAAAJ,0000-0000-0000-0000
Demetrios-Dionysios Koutsouris,NTUA,http://www2.biomed.ntua.gr/%CE%B4%CE%B9%CE%B5%CF%85%CE%B8%CF%85%CE%BD%CF%84%CE%AE%CF%82,tTm7CCAAAAAJ,0000-0000-0000-0000
Demetris Trihinas,University of Nicosia,https://www.unic.ac.cy/trihinas-demetris,FVQ4sW4AAAAJ,0000-0002-9540-7342
Deming Chen,Univ. of Illinois at Urbana-Champaign,https://www.ece.illinois.edu/directory/profile/dchen,A_A_LrsAAAAJ,0000-0002-3016-0270
Demosthenis Teneketzis,University of Michigan,http://web.eecs.umich.edu/~teneket,NOSCHOLARPAGE,0000-0002-0450-5992
Deng Cai 0001,Zhejiang University,http://www.cad.zju.edu.cn/home/dengcai,vzxDyJoAAAAJ,0000-0001-9817-4065
Deng Pan 0002,Florida International University,http://www.cs.fiu.edu/~pand,o0lXy-UAAAAJ,0000-0000-0000-0000
Denghui Zhang,Stevens Institute of Technology,https://zhangdenghui.site,QoovOGcAAAAJ,0000-0000-0000-0000
Dengji Zhao,ShanghaiTech University,http://dengji-zhao.net,69JMAScAAAAJ,0000-0002-9572-1753
Dengyi Zhang,Wuhan University,https://cs.whu.edu.cn/info/1019/2503.htm,NOSCHOLARPAGE,0000-0000-0000-0000
Denilson Barbosa 0001,University of Alberta,https://www.ualberta.ca/~denilson,usr3H7gAAAAJ,0000-0001-8017-2096
Denis A. Nicole,University of Southampton,https://www.ecs.soton.ac.uk/people/dan1,NOSCHOLARPAGE,0000-0000-0000-0000
Denis Bouyssou,Université Paris Dauphine,https://www.lamsade.dauphine.fr/~bouyssou,NOSCHOLARPAGE,0000-0000-0000-0000
Denis Cornaz,Université Paris Dauphine,https://www.lamsade.dauphine.fr/~cornaz/index.html,NOSCHOLARPAGE,0000-0000-0000-0000
Denis Deratani Mauá,USP,http://www.ime.usp.br/~ddm,NOSCHOLARPAGE,0000-0000-0000-0000
Denis Derkach,HSE University,https://www.hse.ru/en/org/persons/148813333,hMpa32gAAAAJ,0000-0000-0000-0000
Denis F. Wolf,USP-ICMC,http://conteudo.icmc.usp.br/pessoas/denis,ncy_2xUAAAAJ,0000-0000-0000-0000
Denis Fernando Wolf,USP-ICMC,http://conteudo.icmc.usp.br/pessoas/denis,ncy_2xUAAAAJ,0000-0000-0000-0000
Denis Gracanin,Virginia Tech,http://www.cs.vt.edu/~gracanin,dhwyJggAAAAJ,0000-0001-6831-2818
Denis Hamelin,Toronto Metropolitan University,https://www.scs.torontomu.ca/~dhamelin,NOSCHOLARPAGE,0000-0000-0000-0000
Denis Helic,Graz University of Technology,http://kti.tugraz.at/about-kti/team/dhelic,7tAilWQAAAAJ,0000-0003-0725-7450
Denis Kalkofen,Graz University of Technology,https://www.tugraz.at/institute/icg/research/team-schmalstieg/team/team-about/denis-kalkofen,cEngYLkAAAAJ,0000-0002-0359-206X
Denis Kuperberg,Ecole Normale Superieure de Lyon,http://www.ens-lyon.fr/m-denis-kuperberg--318136.kjsp?RH=ENS-LYON-FR-CHERCHEU,Mop92PwAAAAJ,0000-0001-5406-717X
Denis Lalanne,University of Fribourg,https://diuf.unifr.ch/people/lalanned,Im8GCuIAAAAJ,0000-0001-7834-0417
Denis Laurendeau,Université Laval,http://vision.gel.ulaval.ca/~laurend,_dnTDcQAAAAJ,0000-0003-2858-5955
Denis Newman-Griffis,University of Sheffield,https://www.sheffield.ac.uk/is/people/academic/denis-newman-griffis,Aj5bTx8AAAAJ,0000-0002-0473-4226
Denis Nikitenko,University of Guelph,https://www.uoguelph.ca/computing/people/denis-nikitenko,NOSCHOLARPAGE,0009-0001-6236-9087
Denis Pankratov,Concordia University,https://users.encs.concordia.ca/~denisp,WDqm7HgAAAAJ,0000-0000-0000-0000
Denis Parra,UC Chile,https://dparra.sitios.ing.uc.cl,aQ9TkcIAAAAJ,0000-0001-9878-8761
Denis Thérien,McGill University,http://cs.mcgill.ca/~denis,NOSCHOLARPAGE,0000-0000-0000-0000
Denis Zampuniéris,University of Luxembourg,http://wwwen.uni.lu/fstc/organigramme/membres2/denis_zampunieris,NOSCHOLARPAGE,0000-0000-0000-0000
Denis Zorin,New York University,http://mrl.nyu.edu/~dzorin,cagVT0AAAAAJ,0000-0001-7733-5501
Denise Geiskkovitch,McMaster University,https://denisegeiskkovitch.com,-occ9nIAAAAJ,0000-0000-0000-0000
Denise Gorse,University College London,http://www0.cs.ucl.ac.uk/people/D.Gorse.html,o15Wb9AAAAAJ,0000-0002-8178-2598
Denise Guliato,UFU,http://www.facom.ufu.br/~guliato,NOSCHOLARPAGE,0000-0000-0000-0000
Denise M. Woit,Toronto Metropolitan University,https://www.scs.torontomu.ca/~dwoit,NOSCHOLARPAGE,0000-0000-0000-0000
Deniz Gurkan,University of Houston,http://www.uh.edu/technology/departments/et/people/?l=gurkan&f=deniz,cpfPcA4AAAAJ,0000-0002-3574-5040
Deniz Turgay Altilar,Istanbul Technical University,http://web.itu.edu.tr/altilar,wknEy5IAAAAJ,0000-0002-3059-911X
Deniz Yuret,Koç University,http://www.denizyuret.com,EJurXJ4AAAAJ,0000-0002-7039-0046
Deniz Yüret,Koç University,http://www.denizyuret.com,EJurXJ4AAAAJ,0000-0000-0000-0000
Dennis E. Shasha,New York University,http://cs.nyu.edu/shasha,UQ9Ws6wAAAAJ,0000-0000-0000-0000
Dennis Elliot Shasha,New York University,http://cs.nyu.edu/shasha,UQ9Ws6wAAAAJ,0000-0000-0000-0000
Dennis Hofheinz,ETH Zurich,https://people.inf.ethz.ch/dhofheinz,sDT93s0AAAAJ,0000-0000-0000-0000
Dennis K. Peters,Memorial Univ. of Newfoundland,https://www.mun.ca/engineering/about/people/denniskpeters.php,TGXh6RYAAAAJ,0000-0002-8675-8925
Dennis M. Volpano,Naval Postgraduate School,http://faculty.nps.edu/vitae/cgi-bin/vita.cgi?p=display_vita&id=1023567714,6HE56R8AAAAJ,0000-0000-0000-0000
Dennis McLeod,University of Southern California,https://viterbi.usc.edu/directory/faculty/McLeod/Dennis,NOSCHOLARPAGE,0000-0000-0000-0000
Dennis Olivetti,GSSI,http://ac.informatik.uni-freiburg.de/olivetti,Os3ShZsAAAAJ,0000-0002-6600-6443
Dennis P. Groth,Indiana University,https://luddy.indiana.edu/contact/profile/?Dennis_Groth,NOSCHOLARPAGE,0000-0000-0000-0000
Dennis R. Bahler,North Carolina State University,http://www4.ncsu.edu/~bahler,NOSCHOLARPAGE,0000-0000-0000-0000
Dennis Reidsma,University of Twente,https://research.utwente.nl/en/persons/20626b4f-4a01-4e5f-af1d-a623c1fcb3b7,WDq0z5sAAAAJ,0000-0002-7503-573X
Dennis Shasha,New York University,http://cs.nyu.edu/shasha,UQ9Ws6wAAAAJ,0000-0000-0000-0000
Dennis Wang,University of Sheffield,https://www.sheffield.ac.uk/dcs/people/academic/dennis-wang,1dgKTJoAAAAJ,0000-0003-0068-1005
Denys Poshyvanyk,College of William and Mary,http://www.cs.wm.edu/~denys,gyLFs0IAAAAJ,0000-0002-5626-7586
Depei Qian,Beihang University,http://scse.buaa.edu.cn/info/1029/2906.htm,tl9JLZkAAAAJ,0000-0002-5382-1473
Depeng Li,University of Hawaii at Manoa,http://www2.hawaii.edu/~depengli,zH0qyf0AAAAJ,0000-0000-0000-0000
Depeng Xu 0001,UNC - Charlotte,https://cci.charlotte.edu/people/depeng-xu,GIVbIEgAAAAJ,0000-0002-0371-1815
Deqing Zou,HUST,http://faculty.hust.edu.cn/zoudeqing/en/index.htm,NOSCHOLARPAGE,0000-0001-8534-5048
Dequan Wang,Shanghai Jiao Tong University,https://dequan.wang,OZ7PjVoAAAAJ,0000-0001-8270-8448
Der-Chen Chang,Georgetown University,http://explore.georgetown.edu/people/chang,eVj0PpgAAAAJ,0000-0000-0000-0000
Derek A. Paley,Univ. of Maryland - College Park,https://cdcl.umd.edu,P9QqWAgAAAAJ,0000-0002-3086-2395
Derek Aguiar,University of Connecticut,http://derekaguiar.com,kXRSW2QAAAAJ,0000-0001-9166-8783
Derek Dreyer [SWS],Max Planck Society,https://www.mpi-sws.org/~dreyer,1_c89uMAAAAJ,0000-0000-0000-0000
Derek Eager,University of Saskatchewan,https://www.cs.usask.ca/faculty/eager,Xww45SgAAAAJ,0000-0000-0000-0000
Derek F. Reilly,Dalhousie University,https://www.dal.ca/faculty/computerscience/faculty-staff/derek-reilly.html,fZ56s2EAAAAJ,0000-0003-4960-8757
Derek F. Wong,University of Macau,https://www.fst.um.edu.mo/people/derekfw,KjQBe8oAAAAJ,0000-0002-5307-7322
Derek G. Corneil,University of Toronto,http://worldcat.org/identities/lccn-n90726664,XiTfJCsAAAAJ,0000-0000-0000-0000
Derek Gordon Corneil,University of Toronto,http://worldcat.org/identities/lccn-n90726664,XiTfJCsAAAAJ,0000-0000-0000-0000
Derek Greene,University College Dublin,https://people.ucd.ie/derek.greene,htlibRwAAAAJ,0000-0001-8065-5418
Derek Groen,Brunel University London,https://www.brunel.ac.uk/people/derek-groen,lK4WTUsAAAAJ,0000-0001-7463-3765
Derek Hoiem,Univ. of Illinois at Urbana-Champaign,http://dhoiem.cs.illinois.edu,HoQtR3cAAAAJ,0000-0001-6260-5708
Derek Long,King's College London,https://www.kcl.ac.uk/people/derek-long,lsk6TF4AAAAJ,0000-0002-5720-9265
Derek McAuley,University of Nottingham,https://www.nottingham.ac.uk/computerscience/people/brian.logan,K2UHT3AAAAAJ,0000-0001-9159-9933
Derek Nowrouzezahrai,McGill University,http://www.cim.mcgill.ca/~derek,nCZ2PMcAAAAJ,0000-0002-4279-1774
Derek R. Magee,University of Leeds,https://eps.leeds.ac.uk/computing/staff/172/derek-magee,n-rFu_MAAAAJ,0000-0003-2170-3103
Derek Rayside,University of Waterloo,https://ece.uwaterloo.ca/~drayside,hG-Un48AAAAJ,0000-0002-6250-2669
Derek Reilly,Dalhousie University,https://www.dal.ca/faculty/computerscience/faculty-staff/derek-reilly.html,fZ56s2EAAAAJ,0000-0003-4960-8757
Derek Ruths,McGill University,http://www.derekruths.com,WZWeI0MAAAAJ,0000-0000-0000-0000
Derek Somerville,University of Glasgow,https://www.gla.ac.uk/schools/computing/staff/dereksomerville,xOckHdkAAAAJ,0000-0002-7837-9327
Deren Chen,Zhejiang University,http://mypage.zju.edu.cn/0073012,NOSCHOLARPAGE,0000-0000-0000-0000
Derick Wood,HKUST,https://www.cse.ust.hk/derickwood,KVpdzBkAAAAJ,0000-0000-0000-0000
Derry Wijaya,Monash University Indonesia,https://www.monash.edu/indonesia/about/academic-staff/derry-wijaya,8lmWWD0AAAAJ,0000-0002-0848-4703
Derya Malak,EURECOM,https://sites.google.com/site/deryamalak/home,phfqv1QAAAAJ,0000-0002-5991-6641
Des Greer,Queen's University Belfast,https://www.qub.ac.uk/schools/eeecs/Connect/Staff/BusinessCard/?name=des.greer,0DWNagMAAAAJ,0000-0001-6367-9274
Desh Ranjan,Old Dominion University,http://odu.edu/directory/people/d/dranjan,NOSCHOLARPAGE,0000-0000-0000-0000
Deshen Moodley,University of Cape Town,https://people.cs.uct.ac.za/~deshen,GfuDovEAAAAJ,0000-0000-0000-0000
Deshendran Moodley,University of Cape Town,https://people.cs.uct.ac.za/~deshen,GfuDovEAAAAJ,0000-0000-0000-0000
Desheng Zhang 0002,Rutgers University,https://www.cs.rutgers.edu/~dz220,cyEM2BoAAAAJ,0000-0001-9307-8736
Deshi Ye,Zhejiang University,https://person.zju.edu.cn/en/dye,NOSCHOLARPAGE,0000-0000-0000-0000
Deshun Yang,Peking University,http://www.icst.pku.edu.cn/audioLab/researchgroup.htm,NOSCHOLARPAGE,0000-0000-0000-0000
Desmond Elliott,University of Copenhagen,https://elliottd.github.io,OjYpMi4AAAAJ,0000-0003-3112-7904
Desmond Greer,Queen's University Belfast,https://www.qub.ac.uk/schools/eeecs/Connect/Staff/BusinessCard/?name=des.greer,0DWNagMAAAAJ,0000-0000-0000-0000
Despina Michael,Cyprus University of Technology,https://www.cut.ac.cy/faculties/aac/mga/staff/elected-staff/despina.michael/?languageId=1,mPuIqtAAAAAJ,0000-0003-0824-7684
Despina Michael-Grigoriou,Cyprus University of Technology,https://www.cut.ac.cy/faculties/aac/mga/staff/elected-staff/despina.michael/?languageId=1,mPuIqtAAAAAJ,0000-0003-0824-7684
Despina Polemi,University of Piraeus,https://www.unipi.gr/unipi/en/dpolemi.html,WrDuv4kAAAAJ,0000-0000-0000-0000
Despoina Polemi,University of Piraeus,https://www.unipi.gr/unipi/en/dpolemi.html,WrDuv4kAAAAJ,0000-0000-0000-0000
Detlef Krömker,Goethe University Frankfurt,https://www.gdv.informatik.uni-frankfurt.de/index.php?m=5&sm=2&c=%2Fteam%2Fdetails%2Fkroemker.php,NOSCHOLARPAGE,0000-0000-0000-0000
Detlef Plump,University of York,https://www-users.cs.york.ac.uk/~det,nh6AHbIAAAAJ,0000-0000-0000-0000
Deuk Heo,Washington State University,https://school.eecs.wsu.edu/people/faculty/deuk-heo,NOSCHOLARPAGE,0000-0000-0000-0000
Deuk Hyoun Heo,Washington State University,https://school.eecs.wsu.edu/people/faculty/deuk-heo,NOSCHOLARPAGE,0000-0000-0000-0000
Deukhyoun Heo,Washington State University,https://school.eecs.wsu.edu/people/faculty/deuk-heo,NOSCHOLARPAGE,0000-0000-0000-0000
Deva Ramanan,Carnegie Mellon University,http://www.cs.cmu.edu/~deva,9B8PoXUAAAAJ,0009-0008-9180-8983
Devan Ray Donaldson,Indiana University,https://devanraydonaldson.com,0YlLEiIAAAAJ,0000-0000-0000-0000
Devarajan Sridharan,IISc Bangalore,http://cns.iisc.ac.in/sridhar,5ij8Y9YAAAAJ,0000-0003-1998-9018
Devashish Gosain,IIT Bombay,https://www.devashishgosain.com,VyhXD2EAAAAJ,0009-0000-1026-8332
Devavrat Shah,Massachusetts Inst. of Technology,http://www.mit.edu/~devavrat,3qPiYJoAAAAJ,0000-0000-0000-0000
Devdatt Dubhashi,Chalmers/GU,https://www.chalmers.se/en/staff/Pages/dubhashi.aspx,z8cbzqkAAAAJ,0000-0000-0000-0000
Devendra K. Tayal,IGDTUW,https://www.igdtuw.ac.in/computerScience.php?name=devendraktayal,mejfFvwAAAAJ,0000-0000-0000-0000
Devendra Kumar Tayal,IGDTUW,https://www.igdtuw.ac.in/computerScience.php?name=devendraktayal,mejfFvwAAAAJ,0000-0000-0000-0000
Devesh Tiwari,Northeastern University,https://coe.northeastern.edu/people/tiwari-devesh,NOSCHOLARPAGE,0000-0002-7253-2458
Devika Subramanian,Rice University,https://www.cs.rice.edu/~devika,7eC3KMkAAAAJ,0000-0002-8168-1607
Devin J. Balkcom,Dartmouth College,http://www.cs.dartmouth.edu/~devin,w1OP2yAAAAAJ,0000-0002-6553-5650
Devis Tuia,EPFL,https://people.epfl.ch/devis.tuia,p3iJiLIAAAAJ,0000-0003-0374-2459
Devorah Gurwitz Kletenik,CUNY,http://www.sci.brooklyn.cuny.edu/~kletenik,cYTgpmEAAAAJ,0000-0000-0000-0000
Devorah Kletenik,CUNY,http://www.sci.brooklyn.cuny.edu/~kletenik,cYTgpmEAAAAJ,0000-0003-4362-3884
Dewei Yi,University of Aberdeen,https://www.abdn.ac.uk/people/dewei.yi,xUjxM5EAAAAJ,0000-0003-1702-9136
Dexter Hadley,University of Central Florida,https://med.ucf.edu/person/dexter-hadley-md-phd-m-s-e,2o8ORCAAAAAJ,0000-0000-0000-0000
Deyi Xiong,Tianjin University,https://dyxiong.github.io,QPLO3myO5PkC,0000-0002-2353-5038
Deying Li,Renmin University of China,http://info.ruc.edu.cn/academic_professor.php?teacher_id=60,NOSCHOLARPAGE,0000-0002-7748-5427
Deyu Zhang,Central South University,https://faculty.csu.edu.cn/zhangdeyu/zh_CN/index.htm,rmQuGL4AAAAJ,0000-0003-0298-7868
Dezhen Song,MBZUAI,https://mbzuai.ac.ae/study/faculty/dezhen-song,jdSlREMAAAAJ,0000-0002-2944-5754
Dezhong Peng,Sichuan University,https://cs.scu.edu.cn/info/1249/10284.htm,0gupif8AAAAJ,0000-0002-0533-4515
Dezhong Yao 0002,HUST,http://faculty.hust.edu.cn/dezhong/en/index.htm,SFBHGr0AAAAJ,0000-0003-0336-0522
Dhabaleswar K. D. K. Panda,Ohio State University,http://web.cse.ohio-state.edu/~panda,7FXtL98AAAAJ,0000-0000-0000-0000
Dhabaleswar K. Panda,Ohio State University,http://web.cse.ohio-state.edu/~panda,7FXtL98AAAAJ,0000-0000-0000-0000
Dhabaleswar K. Panda 0001,Ohio State University,http://web.cse.ohio-state.edu/~panda,7FXtL98AAAAJ,0000-0002-0356-1781
Dhabaleswar Kumar Panda 0001,Ohio State University,http://web.cse.ohio-state.edu/~panda,7FXtL98AAAAJ,0000-0000-0000-0000
Dhammika Elkaduwe,University of Peradeniya,https://people.ce.pdn.ac.lk/staff/academic/dhammika-elkaduwe,zLUPMFkAAAAJ,0000-0000-0000-0000
Dhananjay M. Dhamdhere,IIT Bombay,https://www.cse.iitb.ac.in/~dmd,NOSCHOLARPAGE,0000-0000-0000-0000
Dhananjay Phatak,Univ. of Maryland - Baltimore County,http://www.csee.umbc.edu/~phatak,NOSCHOLARPAGE,0000-0000-0000-0000
Dharanipragada Janakiram,IIT Madras,http://dos.iitm.ac.in/djwebsite,zxpFxq8AAAAJ,0000-0000-0000-0000
Dharini Balasubramaniam,University of St Andrews,https://dharini.host.cs.st-andrews.ac.uk,NOSCHOLARPAGE,0000-0002-5093-0906
Dharma Agrawal,University of Cincinnati,http://eecs.ceas.uc.edu/~dpa,NOSCHOLARPAGE,0000-0000-0000-0000
Dhaval Patel 0002,IIT Roorkee,http://faculty.iitr.ac.in/~patelfec,MvUSMXUAAAAJ,0000-0001-6210-0902
Dheeraj Sanghi,IIT Kanpur,http://www.cse.iitk.ac.in/users/dheeraj,NOSCHOLARPAGE,0000-0000-0000-0000
Dhiman Saha,IIT Bhilai,http://dhimans.in,D_vYGzQAAAAJ,0000-0000-0000-0000
Dhiraj Sinha,Plaksha University,https://plaksha.edu.in/faculty-details/dr-dhiraj-sinha,NOSCHOLARPAGE,0000-0003-3589-1862
Dhireesha Kudithipudi,University of Texas at San Antonio,https://sciences.utsa.edu/faculty/profiles/kudithipudi-dhireesha.html,RKGYlZEAAAAJ,0000-0000-0000-0000
Dhrubajyoti Goswami,Concordia University,http://www.cs.concordia.ca/~goswami,NOSCHOLARPAGE,0000-0000-0000-0000
Dhruv Jain,University of Michigan,https://web.eecs.umich.edu/~profdj,tTl26p8AAAAJ,0000-0001-6176-968X
Dhruv Kumar 0001,BITS Pilani,https://kudhru.github.io,cobNGlcAAAAJ,0000-0003-4831-1847
Di He 0001,Peking University,https://dihe-pku.github.io,orVoz4IAAAAJ,0000-0000-0000-0000
Di Hu 0001,Renmin University of China,https://dtaoo.github.io,NOSCHOLARPAGE,0000-0002-7118-6733
Di Huang 0001,Beihang University,http://irip.buaa.edu.cn/dihuang,rTQ9XoQAAAAJ,0000-0002-2412-9330
Di Lin 0002,Tianjin University,https://dilincv.github.io,rW0r-hMAAAAJ,0000-0000-0000-0000
Di Liu 0002,NTNU,https://www.ntnu.edu/employees/di.liu,3e9kkccAAAAJ,0000-0002-4365-2768
Di Ma 0001,University of Michigan-Dearborn,https://umdearborn.edu/users/dmadma,6pCcKtEAAAAJ,0000-0001-7330-4716
Di Wang 0015,KAUST,https://shao3wangdi.github.io,5hGRe_QAAAAJ,0000-0003-4908-0243
Di Wang 0017,Peking University,https://stonebuddha.github.io,cGE_IHMAAAAJ,0000-0002-2418-7987
Di Wu 0002,Hunan University,https://www.ics.uci.edu/~dwu3,liG_arUAAAAJ,0000-0001-8697-1817
Di Wu 0016,University of Central Florida,https://www.cs.ucf.edu/person/di-wu,v6DNkTAAAAAJ,0000-0001-9775-8026
Di Yao 0001,Chinese Academy of Sciences,http://yaodi.info,HrjhP2AAAAAJ,0000-0003-1778-8319
Di Yuan,Uppsala University,https://katalog.uu.se/empinfo/?id=N15-9,NOSCHOLARPAGE,0009-0002-4078-5140
Dia Ali,University of Southern Mississippi,https://www.usm.edu/computing/faculty/dia-ali,NOSCHOLARPAGE,0000-0000-0000-0000
Dian Zhang,Shenzhen University,http://nhpcc.szu.edu.cn/zhangdian,tiE0IDMAAAAJ,0000-0000-0000-0000
Diana Bental,Heriot-Watt University,https://researchportal.hw.ac.uk/en/persons/diana-bental,NOSCHOLARPAGE,0000-0000-0000-0000
Diana F. Adamatti,Federal University of Rio Grande,http://www.diana.c3.furg.br,anyT2ZkAAAAJ,0000-0000-0000-0000
Diana Francisca Adamatti,Federal University of Rio Grande,http://www.diana.c3.furg.br,anyT2ZkAAAAJ,0000-0000-0000-0000
Diana Franklin,University of Chicago,http://people.cs.uchicago.edu/~dmfranklin,gG5PRvgAAAAJ,0000-0003-1495-9805
Diana Freed,Brown University,https://dfreed.me,H92ND5sAAAAJ,0000-0001-5262-4147
Diana Inkpen,University of Ottawa,http://www.site.uottawa.ca/~diana,66pwIBcAAAAJ,0000-0002-0202-2444
Diana Keen,University of Chicago,http://people.cs.uchicago.edu/~dmfranklin,gG5PRvgAAAAJ,0000-0000-0000-0000
Diana Marculescu,University of Texas at Austin,https://www.ece.utexas.edu/people/faculty/diana-marculescu,MRHzTAIAAAAJ,0000-0002-5734-4221
Diana S. Bental,Heriot-Watt University,https://researchportal.hw.ac.uk/en/persons/diana-bental,NOSCHOLARPAGE,0000-0000-0000-0000
Diana Suleimenova,Brunel University London,https://www.brunel.ac.uk/people/diana-suleimenova1,6RXWkscAAAAJ,0000-0003-4474-0943
Diana Wilson,Trinity College Dublin,https://www.tcd.ie/research/profiles/?profile=diwilson,NOSCHOLARPAGE,0000-0000-0000-0000
Diana Zaiu Inkpen,University of Ottawa,http://www.site.uottawa.ca/~diana,66pwIBcAAAAJ,0000-0000-0000-0000
Diane F. Kelly,Royal Military College of Canada,https://www.rmc-cmr.ca/en/mathematics-and-computer-science/dr-diane-kelly,NOSCHOLARPAGE,0000-0000-0000-0000
Diane Horton,University of Toronto,http://www.cs.toronto.edu/~dianeh,AU6p26QAAAAJ,0000-0003-3499-8051
Diane J. Cook,Washington State University,http://www.eecs.wsu.edu/~cook,VpfWvTUAAAAJ,0000-0002-4441-7508
Diane J. Litman,University of Pittsburgh,https://www.cs.pitt.edu/~litman,8MFFVgEAAAAJ,0000-0000-0000-0000
Diane Joyce Cook,Washington State University,http://www.eecs.wsu.edu/~cook,VpfWvTUAAAAJ,0000-0000-0000-0000
Diane Kelly 0002,Royal Military College of Canada,https://www.rmc-cmr.ca/en/mathematics-and-computer-science/dr-diane-kelly,NOSCHOLARPAGE,0000-0000-0000-0000
Diane L. Souvaine,Tufts University,http://provost.tufts.edu/about/about-the-office/diane-souvaine,QTRDjTUAAAAJ,0000-0000-0000-0000
Diane M. Rasmussen Pennington,University of Strathclyde,https://pureportal.strath.ac.uk/en/persons/diane-pennington/publications,ndW6HpAAAAAJ,0000-0000-0000-0000
Dianfu Ma,Beihang University,http://scse.buaa.edu.cn/info/1078/2638.htm,NOSCHOLARPAGE,0000-0000-0000-0000
Dianne Foreback,Kent State University,https://www.kent.edu/ehhs/hs/profile/dr-dianne-kerr,KLexhgsAAAAJ,0000-0000-0000-0000
Dianqi Han,University of Texas at Arlington,https://www.uta.edu/academics/faculty/profile?user=dianqi.han,9t5M1bsAAAAJ,0000-0002-0105-5869
Dick H. J. Epema,TU Delft,http://www.ds.ewi.tudelft.nl/epema,NOSCHOLARPAGE,0000-0000-0000-0000
Didem Unat,Koç University,https://parcorelab.ku.edu.tr,NR70RpYAAAAJ,0000-0002-2351-0770
Didem Unat Erten,Koç University,https://parcorelab.ku.edu.tr,NR70RpYAAAAJ,0000-0000-0000-0000
Didier Remy,INRIA,https://cambium.inria.fr/~remy,LTGX-Y0AAAAJ,0000-0000-0000-0000
Didier Stricker,TU Kaiserslautern,https://av.dfki.de/members/stricker,ImhXfxgAAAAJ,0009-0004-8794-6858
Diedrich Wolter,University of Lübeck,https://www.isp.uni-luebeck.de/staff/d-wolter,pxX08x8AAAAJ,0000-0001-9185-0147
Diego A. Oyarzún,University of Edinburgh,http://www.inf.ed.ac.uk/people/staff/Diego_Oyarzun.html,xSGWAVwAAAAJ,0000-0000-0000-0000
Diego Alberto Patiño Cortes,University of Texas at Arlington,https://www.uta.edu/academics/faculty/profile?username=patinod,LVZDLrwAAAAJ,0000-0000-0000-0000
Diego Arroyuelo,UC Chile,https://www.ing.uc.cl/academicos-e-investigadores/diego-gaston-arroyuelo-billiardi,J6BRiDwAAAAJ,0000-0002-2509-8097
Diego Cattaruzza,CRIStAL,https://www.cristal.univ-lille.fr/profil/dcattaru,vNvqTXoAAAAJ,0000-0000-0000-0000
Diego Costa 0001,Concordia University,https://diegoeliascosta.github.io,HOWCJPMAAAAJ,0000-0000-0000-0000
Diego Elias 0001,Concordia University,https://diegoeliascosta.github.io,HOWCJPMAAAAJ,0000-0000-0000-0000
Diego Elias Costa,Concordia University,https://diegoeliascosta.github.io,HOWCJPMAAAAJ,0000-0001-7084-2594
Diego Elias Damasceno Costa,Concordia University,https://diegoeliascosta.github.io,HOWCJPMAAAAJ,0000-0000-0000-0000
Diego F. Aranha,Aarhus University,https://dfaranha.github.io,FF26-mIAAAAJ,0000-0002-2457-0783
Diego Fernández 0001,University of A Coruña,https://pdi.udc.es/en/File/Pdi/L74GH,Ka-GAoAAAAAJ,0000-0000-0000-0000
Diego Fernández Iglesias,University of A Coruña,https://pdi.udc.es/en/File/Pdi/L74GH,Ka-GAoAAAAAJ,0000-0000-0000-0000
Diego Fernández Slezak,University of Buenos Aires,https://neuro.org.ar/profile/70,nvVcDr4AAAAJ,0000-0000-0000-0000
Diego Garbervetsky,University of Buenos Aires,http://lafhis.dc.uba.ar/en/~diegog,dXb-veoAAAAJ,0000-0003-4180-7196
Diego Gutierrez,Universidad de Zaragoza,http://giga.cps.unizar.es/~diegog,7ja8HqUAAAAJ,0000-0002-7503-7022
Diego Gómez-Zará,University of Notre Dame,https://cse.nd.edu/faculty/diego-gomez-zara,38oRgxMAAAAJ,0000-0002-4609-6293
Diego Hernán Peluffo-Ordóñez,Mohammed VI Polytechnic University,https://cc.um6p.ma/people/Diego.PELUFFO-ORDÓÑEZ,4FiG3u0AAAAJ,0000-0002-9045-6997
Diego Martinez Plasencia,University College London,https://uclic.ucl.ac.uk/people/diego-martinez-plasencia,KKh8PWYAAAAJ,0000-0000-0000-0000
Diego Martínez 0001,University College London,https://uclic.ucl.ac.uk/people/diego-martinez-plasencia,KKh8PWYAAAAJ,0000-0002-5815-8236
Diego Martínez Plasencia,University College London,https://uclic.ucl.ac.uk/people/diego-martinez-plasencia,KKh8PWYAAAAJ,0000-0002-5815-8236
Diego Mollá,Macquarie University,https://researchers.mq.edu.au/en/persons/diego-molla-aliod,FZhJRQUAAAAJ,0000-0000-0000-0000
Diego Mollá Aliod,Macquarie University,https://researchers.mq.edu.au/en/persons/diego-molla-aliod,FZhJRQUAAAAJ,0000-0000-0000-0000
Diego Perez Liebana,Queen Mary University of London,http://www.diego-perez.net,bMLr-zgAAAAJ,0000-0003-1958-0212
Diego Pérez-Liébana,Queen Mary University of London,http://www.diego-perez.net,bMLr-zgAAAAJ,0000-0000-0000-0000
Diego R. Amancio,USP-ICMC,http://icmc.usp.br/pessoas?id=10793181,WHdCNq0AAAAJ,0000-0000-0000-0000
Diego Raphael Amancio,USP-ICMC,http://icmc.usp.br/pessoas?id=10793181,WHdCNq0AAAAJ,0000-0000-0000-0000
Diego Reforgiato Recupero,University of Cagliari,https://web.unica.it/unica/page/it/diego_reforgiato,kgY5Gn4AAAAJ,0000-0001-8646-6183
Diego Vaggione,Universidad Nacional de Córdoba,http://ual.famaf.unc.edu.ar/index.php/home/diego-vaggione,NOSCHOLARPAGE,0000-0000-0000-0000
Diego de Freitas Aranha,UNICAMP,https://twitter.com/dfaranha?lang=en,FF26-mIAAAAJ,0000-0000-0000-0000
Dieter A. Fensel,University of Innsbruck,http://www.fensel.com,MKgl6f4AAAAJ,0000-0000-0000-0000
Dieter August Kranzlmüller,LMU Munich,http://www.nm.ifi.lmu.de/~kranzlm,NOSCHOLARPAGE,0000-0002-8319-0123
Dieter Fensel,University of Innsbruck,http://www.fensel.com,MKgl6f4AAAAJ,0000-0000-0000-0000
Dieter Gollmann,Hamburg University of Technology,https://www.tu-harburg.de/sva/staff/prof-dr-dieter-gollmann.html,NOSCHOLARPAGE,0000-0000-0000-0000
Dieter Hogrefe,University of Göttingen,https://www.uni-goettingen.de/de/133497.html,BnuGAhcAAAAJ,0000-0000-0000-0000
Dieter Kranzlmüller,LMU Munich,http://www.nm.ifi.lmu.de/~kranzlm,NOSCHOLARPAGE,0000-0000-0000-0000
Dieter Merkl,TU Wien,http://www.ifs.tuwien.ac.at/~dieter,iWaenYYAAAAJ,0000-0000-0000-0000
Dieter Otte,Northern Arizona University,http://dieterotte.com/teaching,NOSCHOLARPAGE,0000-0000-0000-0000
Dieter Roller 0002,University of Stuttgart,http://www.iris.uni-stuttgart.de/institut/mitarbeiter/roller.html,NOSCHOLARPAGE,0000-0002-2438-5676
Dieter Schmalstieg,University of Stuttgart,https://www.vis.uni-stuttgart.de/en/team/Schmalstieg,xXu8K6IAAAAJ,0000-0003-2813-2235
Dieter W. Fellner,TU Darmstadt,http://www.gris.tu-darmstadt.de/home/members/fellner/index.en.htm,V_qa12YAAAAJ,0000-0001-7756-0901
Dieter Wloka,University of Kassel,http://www.uni-kassel.de/eecs/fachgebiete/techinf/mitarbeiter/person/460-Dieter-Wloka.html,NOSCHOLARPAGE,0000-0000-0000-0000
Dieter Zoebel,University of Koblenz-Landau,https://www.uni-koblenz-landau.de/de/koblenz/fb4/ist/AGZoebel/Personen/dieter-zoebel,NOSCHOLARPAGE,0000-0000-0000-0000
Dieter Zöbel,University of Koblenz-Landau,https://www.uni-koblenz-landau.de/de/koblenz/fb4/ist/AGZoebel/Personen/dieter-zoebel,NOSCHOLARPAGE,0000-0000-0000-0000
Dieter van Melkebeek,University of Wisconsin - Madison,http://pages.cs.wisc.edu/~dieter,NOSCHOLARPAGE,0000-0000-0000-0000
Dietmar Berwanger,Ecole Normale Superieure de Cachan,http://www.lsv.ens-cachan.fr/~dwb,VWEg9YQAAAAJ,0000-0000-0000-0000
Dietmar Fey,University of Erlangen–Nuremberg,https://de.www3.cs.fau.de/person/prof-dr-ing-dietmar-fey,NOSCHOLARPAGE,0000-0000-0000-0000
Dietmar Jannach,University of Klagenfurt,https://www.aau.at/team/jannach-dietmar,FY3AIUsAAAAJ,0000-0002-4698-8507
Dietmar Pfahl,University of Tartu,http://sep.cs.ut.ee,xvo0RJcAAAAJ,0000-0003-2400-501X
Dietmar Saupe,University of Konstanz,https://www.mmsp.uni-konstanz.de/people/overview/prof-dr-dietmar-saupe,9CK8xEgAAAAJ,0000-0000-0000-0000
Dietmar Seipel,University of Würzburg,http://www1.informatik.uni-wuerzburg.de/mitarbeiterinnen/seipel-dietmar,NOSCHOLARPAGE,0000-0000-0000-0000
Dietmar Tutsch,University of Wuppertal,https://www.lfa.uni-wuppertal.de/de/beschaeftigte/prof-dr-ing-dietmar-tutsch.html,oJuNgCQAAAAJ,0009-0008-6495-5128
Dietrich Albert,Graz University of Technology,http://cognitive-science.at/team/dietrich-albert,bTDhizEAAAAJ,0000-0001-6701-3058
Dietrich Klakow,Saarland University,https://www.lsv.uni-saarland.de/?id=38,_HtGYmoAAAAJ,0000-0002-4147-9690
Dietrich Kuske,TU Ilmenau,http://eiche.theoinf.tu-ilmenau.de/kuske,NOSCHOLARPAGE,0000-0000-0000-0000
Dietrich Paulus,University of Koblenz-Landau,https://www.uni-koblenz-landau.de/de/koblenz/fb4/icv/agpaulus/agas-team/paulus/paulus,3SeodI4AAAAJ,0000-0002-2967-5277
Difan Zou,University of Hong Kong,https://difanzou.github.io,Cp4fcTQAAAAJ,0000-0000-0000-0000
Diganta Goswami,IIT Guwahati,https://www.iitg.ernet.in/dgoswami,g9CrJ2wAAAAJ,0000-0000-0000-0000
Diganta Saha,Jadavpur University,http://jaduniv.edu.in/profile.php?uid=660,5z3AbQYAAAAJ,0000-0000-0000-0000
Dik Lun Lee,HKUST,https://www.cse.ust.hk/~dlee,NOSCHOLARPAGE,0000-0002-2413-3882
Dileep Aroor Dinesh,IIT Mandi,http://faculty.iitmandi.ac.in/~addileep,NOSCHOLARPAGE,0000-0000-0000-0000
Dilek Hakkani-Tür,Univ. of Illinois at Urbana-Champaign,https://siebelschool.illinois.edu/about/people/faculty/dilek,GMcL_9kAAAAJ,0000-0001-5246-2117
Dilian Gurov,KTH Royal Inst. of Technology,http://www.csc.kth.se/~dilian,PeWxPx0AAAAJ,0000-0002-0074-8786
Dilip K. Prasad,UiT The Arctic Univ. of Norway,https://en.uit.no/ansatte/person?p_document_id=615677,a6ZNU7EAAAAJ,0000-0002-3693-6973
Dilip P. Patil,IISc Bangalore,http://www.math.iisc.ernet.in/~patil,TpFaZPcAAAAJ,0000-0000-0000-0000
Dilip Sarkar,University of Miami,http://www.cs.miami.edu/~sarkar,RN4TE10AAAAJ,0000-0001-9102-4291
Dilip Senapati,Ravenshaw University,https://ravenshawuniversity.ac.in/?page_id=31519,vBb9UfMAAAAJ,0000-0000-0000-0000
Dillon Mayhew,University of Leeds,https://eps.leeds.ac.uk/computing/staff/14036/professor-dillon-mayhew,C5b6a-oAAAAJ,0000-0003-4086-0980
Dilma Da Silva,Texas A&M University,http://faculty.cse.tamu.edu/dilma,b32YyLIAAAAJ,0000-0001-6538-2888
Dilma M. Da Silva,Texas A&M University,http://faculty.cse.tamu.edu/dilma,b32YyLIAAAAJ,0000-0000-0000-0000
Dilvan A. Moreira,USP-ICMC,http://conteudo.icmc.usp.br/pessoas/dilvan,y15S2JcAAAAJ,0000-0002-4801-2225
Dilvan de Abreu Moreira,USP-ICMC,http://conteudo.icmc.usp.br/pessoas/dilvan,y15S2JcAAAAJ,0000-0000-0000-0000
Dima Alhadidi,University of New Brunswick,http://www.cs.unb.ca/people/dalhadid,AkMtNxcAAAAJ,0000-0000-0000-0000
Dima Damen,University of Bristol,https://dimadamen.github.io,OxL9Wn8AAAAJ,0000-0001-8804-6238
Dimitar Kazakov,University of York,https://www-users.cs.york.ac.uk/~kazakov,CLI_4LYAAAAJ,0000-0002-0637-8106
Dimitra I. Kaklamani,NTUA,http://icbnet.ntua.gr/website/en/people/~dkaklamani,2tDrm6UAAAAJ,0000-0000-0000-0000
Dimitra-Theodora I. Kaklamani,NTUA,http://icbnet.ntua.gr/website/en/people/~dkaklamani,2tDrm6UAAAAJ,0000-0000-0000-0000
Dimitri Boiroux,DTU,https://www.compute.dtu.dk/english,NOSCHOLARPAGE,0000-0000-0000-0000
Dimitri Ognibene,University of Essex,https://www.essex.ac.uk/people/ognib28704/dimitri-ognibene,RiOF_coAAAAJ,0000-0002-9454-680X
Dimitri Theodoratos,NJIT,https://web.njit.edu/~dth,FxSyhSgAAAAJ,0000-0000-0000-0000
Dimitri Van De Ville,EPFL,https://miplab.epfl.ch,kFz4LNMAAAAJ,0000-0002-2879-3861
Dimitrios Apostolou,University of Piraeus,https://www.unipi.gr/unipi/en/dapost.html,8aHcmTsAAAAJ,0000-0000-0000-0000
Dimitrios Askounis,NTUA,https://www.ece.ntua.gr/en/staff/75,GYIGP4MAAAAJ,0000-0000-0000-0000
Dimitrios D. Koutsouris,NTUA,http://www2.biomed.ntua.gr/%CE%B4%CE%B9%CE%B5%CF%85%CE%B8%CF%85%CE%BD%CF%84%CE%AE%CF%82,tTm7CCAAAAAJ,0000-0000-0000-0000
Dimitrios D. Vergados,University of Piraeus,https://www.unipi.gr/unipi/en/vergados.html,bP0fRIEAAAAJ,0000-0000-0000-0000
Dimitrios Dionisios Koutsouris,NTUA,http://www2.biomed.ntua.gr/%CE%B4%CE%B9%CE%B5%CF%85%CE%B8%CF%85%CE%BD%CF%84%CE%AE%CF%82,tTm7CCAAAAAJ,0000-0000-0000-0000
Dimitrios Gunopulos,University of Athens,http://kddlab.di.uoa.gr/dg.html,PHJokEQAAAAJ,0000-0001-6339-1879
Dimitrios I. Diochnos,University of Oklahoma,https://www.diochnos.com,4xBoyTsAAAAJ,0000-0002-2934-606X
Dimitrios Letsios,King's College London,https://www.kcl.ac.uk/people/dimitrios-letsios,2vpL9fUAAAAJ,0000-0002-3258-7585
Dimitrios Makrakis,University of Ottawa,http://www.site.uottawa.ca/~dimitris,wsKoAKcAAAAJ,0009-0007-8885-3196
Dimitrios Mitropoulos,University of Athens,https://dimitro.gr,ryow8hIAAAAJ,0000-0000-0000-0000
Dimitrios P. Pezaros,University of Glasgow,http://www.dcs.gla.ac.uk/~dp,7_7cAlgAAAAJ,0000-0003-0939-378X
Dimitrios Papadopoulos 0001,HKUST,https://www.cse.ust.hk/~dipapado,9Q8DH5sAAAAJ,0000-0003-2621-3015
Dimitrios Pezaros,University of Glasgow,http://www.dcs.gla.ac.uk/~dp,7_7cAlgAAAAJ,0000-0003-0939-378X
Dimitrios Rafailidis,Maastricht University,http://www.drafail.eu,0aMmyHgAAAAJ,0000-0002-7366-3716
Dimitrios S. Kolovos,University of York,https://www-users.cs.york.ac.uk/~dkolovos,aRd1i6UAAAAJ,0000-0002-1724-6563
Dimitrios S. Nikolopoulos,Virginia Tech,https://www.dsniko.net,-nzj5UYAAAAJ,0000-0003-0217-8307
Dimitrios Skarlatos 0002,Carnegie Mellon University,https://www.cs.cmu.edu/~dskarlat,T_ZmDEAAAAAJ,0000-0002-0289-5499
Dimitrios Soudris,NTUA,https://microlab.ntua.gr/academics/dimitrios-soudris,lWuTmpEAAAAJ,0000-0002-6930-6847
Dimitris A. Fotakis,NTUA,https://www.softlab.ntua.gr/~fotakis,zFDLf0UAAAAJ,0000-0000-0000-0000
Dimitris Achlioptas,University of Athens,https://cgi.di.uoa.gr/~optas,yi9qu1cAAAAJ,0000-0000-0000-0000
Dimitris Apostolou,University of Piraeus,https://www.unipi.gr/unipi/en/dapost.html,8aHcmTsAAAAJ,0000-0002-5815-8033
Dimitris Askounis,NTUA,https://www.ece.ntua.gr/en/staff/75,GYIGP4MAAAAJ,0000-0000-0000-0000
Dimitris Fotakis 0001,NTUA,https://www.softlab.ntua.gr/~fotakis,zFDLf0UAAAAJ,0000-0001-6864-8960
Dimitris Gizopoulos,University of Athens,http://cgi.di.uoa.gr/~dgizop,8V03GF4AAAAJ,0000-0002-1613-9061
Dimitris Gritzalis,AUEB,https://www-1.aueb.gr/en/faculty/gritzalis-dimitrios,5hIalXgAAAAJ,0000-0000-0000-0000
Dimitris K. Despotis,University of Piraeus,https://www.unipi.gr/unipi/en/despotis.html,yJiY_-QAAAAJ,0000-0000-0000-0000
Dimitris Karagiannis,University of Vienna,https://cs.univie.ac.at/dimitris.karagiannis,NOSCHOLARPAGE,0000-0000-0000-0000
Dimitris Koutsouris,NTUA,http://www2.biomed.ntua.gr/%CE%B4%CE%B9%CE%B5%CF%85%CE%B8%CF%85%CE%BD%CF%84%CE%AE%CF%82,tTm7CCAAAAAJ,0000-0000-0000-0000
Dimitris Makrakis,University of Ottawa,http://www.site.uottawa.ca/~dimitris,wsKoAKcAAAAJ,0000-0000-0000-0000
Dimitris Mitropoulos,University of Athens,https://dimitro.gr,ryow8hIAAAAJ,0000-0002-5061-9018
Dimitris N. Metaxas,Rutgers University,https://www.cs.rutgers.edu/~dnm,a7VNhCIAAAAJ,0000-0002-6033-282X
Dimitris P. Tsakiris,Aberystwyth University,https://www.aber.ac.uk/en/cs/staff-profiles/listing/profile/dit5,05r1hHoAAAAJ,0000-0000-0000-0000
Dimitris Papadias,HKUST,https://www.cse.ust.hk/faculty/dimitris,7BPMWSkAAAAJ,0000-0000-0000-0000
Dimitris Pezaros,University of Glasgow,http://www.dcs.gla.ac.uk/~dp,7_7cAlgAAAAJ,0000-0000-0000-0000
Dimitris Plexousakis,University of Crete,https://www.csd.uoc.gr/index.jsp?custom=dimitris_pleksousakis,oY_DnEoAAAAJ,0000-0002-0863-8266
Dimitris S. Kolovos,University of York,https://www-users.cs.york.ac.uk/~dkolovos,aRd1i6UAAAAJ,0000-0002-1724-6563
Dimitris S. Papailiopoulos,University of Wisconsin - Madison,http://papail.io,hYi6i9sAAAAJ,0000-0000-0000-0000
Dimitris Sacharidis,Université libre de Bruxelles,https://dsachar.net,0cSioFgAAAAJ,0000-0001-5022-1483
Dimitris Samaras,Stony Brook University,http://www3.cs.stonybrook.edu/~samaras,BxbKTYkAAAAJ,0000-0002-1373-0294
Dimitris Syvridis,University of Athens,http://www.photonics.di.uoa.gr/index.php/prof-dimitris-syvridis,NOSCHOLARPAGE,0000-0001-8026-576X
Dimitris Varoutas,University of Athens,http://cgi.di.uoa.gr/~arkas,mc8en0AAAAAJ,0000-0002-9101-6221
Dimity Miller,Queensland Univ. of Technology,https://research.qut.edu.au/qcr/people/dimity-miller,MRrgOrgAAAAJ,0000-0001-6312-8325
Dimosthenis Kyriazis,University of Piraeus,https://www.ds.unipi.gr/en/faculty/dimos-en,bYjcoDQAAAAJ,0000-0001-7019-7214
Dina Duhovny,Hebrew University of Jerusalem,http://www.huji.ac.il/dataj/controller/ihoker/MOP-STAFF_LINK?sno=70741876&Save_t=,NOSCHOLARPAGE,0000-0000-0000-0000
Dina Katabi,Massachusetts Inst. of Technology,http://people.csail.mit.edu/dina,nst5fHgAAAAJ,0000-0000-0000-0000
Dina Schneidman-Duhovny,Hebrew University of Jerusalem,http://www.huji.ac.il/dataj/controller/ihoker/MOP-STAFF_LINK?sno=70741876&Save_t=,NOSCHOLARPAGE,0000-0000-0000-0000
Dina Sokol,CUNY,http://www.sci.brooklyn.cuny.edu/~sokol,-2ePFEwAAAAJ,0000-0003-2478-2636
Dinesh Babu J.,IIIT Bangalore,http://www.iiitb.ac.in/faculty_page.php?name=DineshBabuJayagopi,tVEF11EAAAAJ,0000-0000-0000-0000
Dinesh Babu Jayagopi,IIIT Bangalore,http://www.iiitb.ac.in/faculty_page.php?name=DineshBabuJayagopi,tVEF11EAAAAJ,0000-0000-0000-0000
Dinesh Bharadia,Univ. of California - San Diego,https://web.eng.ucsd.edu/~dineshb,5SjaXJsAAAAJ,0000-0002-3518-4722
Dinesh Jayaraman,University of Pennsylvania,https://www.seas.upenn.edu/~dineshj,QxLpghAAAAAJ,0000-0002-6888-3095
Dinesh K. Pai,University of British Columbia,https://www.cs.ubc.ca/~pai,ZiON80cAAAAJ,0000-0002-5115-7230
Dinesh Manocha,Univ. of Maryland - College Park,https://www.cs.unc.edu/~dm,X08l_4IAAAAJ,0000-0001-7047-9801
Dinesh Mehta,Colorado School of Mines,http://www.mines.edu/~dmehta,LhsmMqoAAAAJ,0000-0002-7521-5781
Ding Li 0001,Peking University,https://marapapman.github.io,pOt1374AAAAJ,0000-0001-7558-9137
Ding Ye,UNSW,http://www.cse.unsw.edu.au/~dye,FE3a7SUAAAAJ,0000-0000-0000-0000
Ding Yuan 0004,University of Toronto,http://www.eecg.toronto.edu/~yuan/Home.html,g7PHxIYAAAAJ,0000-0000-0000-0000
Ding-Gang Shen,University of North Carolina,http://cs.unc.edu/people/dinggang-shen,v6VYQC8AAAAJ,0000-0000-0000-0000
Ding-Zhu Du,University of Texas at Dallas,http://www.utdallas.edu/~dxd056000,oAaMfQsAAAAJ,0000-0002-7345-2185
Dinghao Wu,Pennsylvania State University,https://faculty.ist.psu.edu/wu,Vxaxv10AAAAJ,0000-0002-0741-5511
Dingming Wu 0001,Shenzhen University,https://dingmingwu.github.io/dingming.page,oRbQlsEAAAAJ,0000-0002-7901-9876
Dingqi Yang,University of Macau,https://www.fst.um.edu.mo/personal/yangdingqi,fnfg9S0AAAAJ,0000-0002-6831-0422
Dingsheng Luo,Peking University,http://www.cis.pku.edu.cn/auditory/Staff/Dr.Luo.html,NOSCHOLARPAGE,0000-0001-6997-3984
Dingwen Tao,Chinese Academy of Sciences,https://people.ucas.edu.cn/~tdw,Ppjzn_EAAAAJ,0000-0001-5422-4497
Dingyi Fang,Northwest University,https://ist.nwu.edu.cn/info/1017/1264.htm,NOSCHOLARPAGE,0000-0002-5816-6922
Dingzhu Wen,ShanghaiTech University,https://sist.shanghaitech.edu.cn/2020/0707/c7499a264268/page.htm,f-WJ1iAAAAAJ,0000-0003-0538-5811
Dinh Q. Phung,Monash University,https://research.monash.edu/en/persons/dinh-phung,OtA9SwIAAAAJ,0000-0002-9977-8247
Dino Distefano,Queen Mary University of London,https://ddino.github.io,ATp_q8QAAAAJ,0009-0007-5644-5411
Dino Mandrioli,Politecnico di Milano,http://home.deib.polimi.it/mandriol,NOSCHOLARPAGE,0000-0002-0945-5947
Dino Pedreschi,University of Pisa,http://kdd.isti.cnr.it/homes/pedreschi,5efz6osAAAAJ,0000-0003-4801-3225
Dino Sejdinovic,Adelaide University,https://researchers.adelaide.edu.au/profile/dino.sejdinovic,v8Dg1lIAAAAJ,0000-0001-5547-9213
Dinusha Vatsalan,Macquarie University,https://researchers.mq.edu.au/en/persons/dinusha-vatsalan,gQhiZhcAAAAJ,0000-0001-6713-7667
Diodato Ferraioli,University of Salerno,http://www.di-srv.unisa.it/~ferraioli,kShuH_AAAAAJ,0000-0002-7962-5200
Diogo Barradas,University of Waterloo,https://cs.uwaterloo.ca/~dbarrada,hJcIUzkAAAAJ,0000-0003-0338-2692
Diogo R. Ferreira,Universidade de Lisboa,http://web.tecnico.ulisboa.pt/diogo.ferreira,CSEqKy8AAAAJ,0000-0001-5818-9406
Diomidis D. Spinellis,AUEB,https://www.dmst.aueb.gr/dds,RjXNgA8AAAAJ,0000-0000-0000-0000
Diomidis Spinellis,AUEB,https://www.dmst.aueb.gr/dds,RjXNgA8AAAAJ,0000-0003-4231-1897
Dionisios N. Pnevmatikatos,NTUA,http://www.cslab.ntua.gr/~pnevmati,TKtxe-UAAAAJ,0000-0003-3533-2761
Dionisios N. Sotiropoulos,University of Piraeus,https://www.unipi.gr/unipi/en/dsotirop.html,cIdrKT0AAAAJ,0000-0000-0000-0000
Dionisis N. Pnevmatikatos,NTUA,http://www.cslab.ntua.gr/~pnevmati,TKtxe-UAAAAJ,0000-0000-0000-0000
Dionysios N. Pnevmatikatos,NTUA,http://www.cslab.ntua.gr/~pnevmati,TKtxe-UAAAAJ,0000-0000-0000-0000
Dip Sankar Banerjee,IIT Jodhpur,http://home.iitj.ac.in/~dipsankarb,G12RkeAAAAAJ,0000-0002-0476-1224
Dipak Ghosal,Univ. of California - Davis,http://faculty.engineering.ucdavis.edu/ghosal,Pjjq5SQAAAAJ,0000-0002-3827-263X
Dipankar Das 0001,Jadavpur University,https://www.dasdipankar.com,xiUCjgoAAAAJ,0000-0000-0000-0000
Dipankar Dasgupta,University of Memphis,https://www.memphis.edu/cs/people/faculty_pages/dipankar-dasgupta.php,tMAWoyoAAAAJ,0000-0002-3097-061X
Dipankar Maity,UNC - Charlotte,https://ece.charlotte.edu/directory/dr-dipankar-maity-phd,ZEGb1i4AAAAJ,0000-0000-0000-0000
Dipankar Nagchoudhuri,DAIICT,http://ieee.daiict.ac.in/iwhssd/dnc.html,NOSCHOLARPAGE,0000-0000-0000-0000
Dipankar Raychaudhuri,Rutgers University,http://www.winlab.rutgers.edu/docs/faculty/RayBio.html,CiGqxAsAAAAJ,0000-0000-0000-0000
Dipanwita Roy Chowdhury,IIT Kharagpur,http://www.facweb.iitkgp.ac.in/~drc,F_MRaWYAAAAJ,0000-0000-0000-0000
Diptarka Chakraborty,National University of Singapore,https://sites.google.com/view/diptarka,luSyn1AAAAAJ,0000-0002-0687-5823
Diptendu Chatterjee,BITS Pilani-Goa,https://www.bits-pilani.ac.in/goa/diptenduc/Profile,iv6xhz8AAAAJ,0000-0003-4335-5541
Diptesh Kanojia,University of Surrey,https://www.surrey.ac.uk/people/diptesh-kanojia,UNCgCAEAAAAJ,0000-0001-8814-0080
Dipti Misra Sharma,IIIT Hyderabad,https://www.iiit.ac.in/people/faculty/dipti,NOSCHOLARPAGE,0000-0000-0000-0000
Dipti Prasad Mukherjee,ISI Kolkata,https://www.isical.ac.in/~dipti,lJbcSBUAAAAJ,0000-0000-0000-0000
Dirk Arnold,Dalhousie University,https://www.cs.dal.ca/~dirk,NsIbm80AAAAJ,0000-0001-5367-6862
Dirk Beyer 0001,LMU Munich,https://www.sosy-lab.org/people/beyer,AFOIl1IAAAAJ,0000-0003-4832-7662
Dirk Englund,Massachusetts Inst. of Technology,http://www.rle.mit.edu/qp,ZFpENKoAAAAJ,0000-0002-1043-3489
Dirk Fahland,TU Eindhoven,https://www.win.tue.nl/~dfahland,qLkK5JAAAAAJ,0000-0002-1993-9363
Dirk Grunwald,University of Colorado Boulder,http://systems.cs.colorado.edu/people/faculty/dirk-grunwald,3Ws6G2AAAAAJ,0000-0002-3174-0904
Dirk Henri Nowotka,University of Kiel,https://www.zs.informatik.uni-kiel.de/en/team/nowotka,-oLw6tMAAAAJ,0000-0000-0000-0000
Dirk Hovy,Bocconi University,http://dirkhovy.com,7xluaTAAAAAJ,0000-0002-4618-3127
Dirk Jancke,Ruhr-University Bochum,https://www.ini.rub.de/the_institute/people/dirk-jancke,RkHDpzIAAAAJ,0000-0001-8440-6259
Dirk K. J. Heylen,University of Twente,https://research.utwente.nl/en/persons/0589933d-66f2-489e-91e2-95baf70b9443,vHVvlfwAAAAJ,0000-0000-0000-0000
Dirk Koch,University of Manchester,https://www.research.manchester.ac.uk/portal/dirk.koch.html,GlZ0Vw8AAAAJ,0000-0002-2568-4432
Dirk Nowotka,University of Kiel,https://www.zs.informatik.uni-kiel.de/en/team/nowotka,-oLw6tMAAAAJ,0000-0002-5422-2229
Dirk Nuyens,KU Leuven,https://people.cs.kuleuven.be/~dirk.nuyens,QurueO4AAAAJ,0000-0002-4555-2314
Dirk Oliver Theis,University of Tartu,http://ac.cs.ut.ee/people/dot,b1nM_OUAAAAJ,0000-0000-0000-0000
Dirk Pattinson,Australian National University,https://cs.anu.edu.au/people/dirk-pattinson,_QbFzhkAAAAJ,0000-0002-5832-6666
Dirk Pflüger,University of Stuttgart,https://www.ipvs.uni-stuttgart.de/abteilungen/sgs/abteilung/mitarbeiter/Dirk.Pflueger,bKhHWxMAAAAJ,0000-0002-4360-0212
Dirk Reiners,University of Central Florida,https://www.cs.ucf.edu/person/dirk-reiners,LQaMP7IAAAAJ,0000-0002-9344-457X
Dirk Riehle,University of Erlangen–Nuremberg,https://oss.cs.fau.de/person/riehle-dirk,LUd2FkUAAAAJ,0000-0002-8139-5600
Dirk Roose,KU Leuven,https://people.cs.kuleuven.be/~dirk.roose/Site/Home.html,SI8RNDwAAAAJ,0000-0003-3758-9501
Dirk Schnieders,University of Hong Kong,https://i.cs.hku.hk/~sdirk,QsExWUcAAAAJ,0000-0000-0000-0000
Dirk Slock,EURECOM,http://www.eurecom.fr/en/people/slock-dirk,xV6lEzEAAAAJ,0000-0003-4116-563X
Dirk Sudholt,University of Sheffield,https://www.sheffield.ac.uk/dcs/people/academic/dirk-sudholt,koGlq3AAAAAJ,0000-0001-6020-1646
Dirk Van Gucht,Indiana University,https://www.cs.indiana.edu/~vgucht,NCQuZX0AAAAJ,0000-0000-0000-0000
Dit-Yan Yeung,HKUST,https://www.cse.ust.hk/~dyyeung,nEsOOx8AAAAJ,0000-0003-3716-8125
Dittaya Wanvarie,Chulalongkorn University,http://pioneer.netserv.chula.ac.th/~wdittaya,5lzA94cAAAAJ,0000-0002-4007-1124
Divanilson Campelo,UFPE,http://www.cin.ufpe.br/~dcampelo,a7o3A7YAAAAJ,0000-0000-0000-0000
Divanilson R. Campelo,UFPE,http://www.cin.ufpe.br/~dcampelo,a7o3A7YAAAAJ,0000-0000-0000-0000
Divanilson Rodrigo de Sousa Campelo,UFPE,http://www.cin.ufpe.br/~dcampelo,a7o3A7YAAAAJ,0000-0000-0000-0000
Divesh Aggarwal,National University of Singapore,https://sites.google.com/site/diveshhomepage,H6sfzfwAAAAJ,0000-0002-3841-0262
Divy Agrawal,Univ. of California - Santa Barbara,https://www.cs.ucsb.edu/~agrawal,XcaEg-cAAAAJ,0000-0002-0215-9539
Divya Padmanabhan,IIT Goa,https://www.iitgoa.ac.in/faculty_page.php?id=130,1sqb7gwAAAAJ,0000-0000-0000-0000
Divya Ramesh,UNC - Charlotte,https://cci.charlotte.edu/people/divya-ramesh,WQ8nlAQAAAAJ,0000-0002-9989-5435
Divya Ravi,University of Amsterdam,https://cci-research.nl/author/divya-ravi,lSanMWUAAAAJ,0000-0000-0000-0000
Divyakant Agrawal,Univ. of California - Santa Barbara,https://www.cs.ucsb.edu/~agrawal,XcaEg-cAAAAJ,0000-0002-0215-9539
Dixin Tang,University of Texas at Austin,https://dx-tang.github.io,yrIA9oUAAAAJ,0000-0002-3316-6651
Diyi Yang,Stanford University,https://cs.stanford.edu/~diyiy,j9jhYqQAAAAJ,0000-0003-1220-3983
Diyu Zhou,Peking University,https://zhou-diyu.github.io,NOSCHOLARPAGE,0009-0003-8620-1064
Djamel Fawzi Hadj Sadok,UFPE,https://lattes.cnpq.br/3776300004312848,NOSCHOLARPAGE,0000-0000-0000-0000
Djamel H. Sadok,UFPE,https://lattes.cnpq.br/3776300004312848,NOSCHOLARPAGE,0000-0000-0000-0000
Djamel Sadok,UFPE,https://lattes.cnpq.br/3776300004312848,NOSCHOLARPAGE,0000-0000-0000-0000
Djedjiga Mouheb,Université Laval,https://www.ift.ulaval.ca/departement-et-professeurs/professeurs-et-personnel/professeurs-reguliers/fiche/djedjiga-mouheb,bd1VeLIAAAAJ,0000-0003-0531-2196
Djellel Eddine Difallah,NYU Abu Dhabi,https://dedcode.github.io,K5d-OHEAAAAJ,0000-0002-7513-6047
Djemel Ziou,Université de Sherbrooke,https://www.usherbrooke.ca/informatique/personnel/corps-professoral/professeurs/djemel-ziou,hCOyA_sAAAAJ,0000-0003-4188-1361
Djoerd Hiemstra,Radboud University,https://djoerdhiemstra.com,SN0MvYwAAAAJ,0000-0003-4967-2900
Djordje Jevdjic,National University of Singapore,https://www.comp.nus.edu.sg/~jevdjic,CPdp6OoAAAAJ,0000-0002-3341-9364
Dmitri I. Ilvovsky,HSE University,https://www.hse.ru/staff/dilvovsky,n7VSUf8AAAAJ,0000-0000-0000-0000
Dmitri Loguinov,Texas A&M University,http://irl.cs.tamu.edu/people/dmitri,JSidYKQAAAAJ,0000-0003-3876-1000
Dmitri Perkins,Univ. of Maryland - Baltimore County,https://redirect.cs.umbc.edu/~dmitrip1,NOSCHOLARPAGE,0000-0000-0000-0000
Dmitri Roussinov,University of Strathclyde,https://pureportal.strath.ac.uk/en/persons/dmitri-roussinov/publications,TWzT5qcAAAAJ,0000-0000-0000-0000
Dmitrii Ustiugov,Nanyang Technological University,https://dr.ntu.edu.sg/cris/rp/rp02117,cZ9jA9oAAAAJ,0000-0003-3156-010X
Dmitriy Babichenko,University of Pittsburgh,http://www.sci.pitt.edu/faculty-and-research/faculty-directory/dmitriy-babichenko,23AjIRcAAAAJ,0000-0003-1187-6684
Dmitriy Traytel,University of Copenhagen,https://researchprofiles.ku.dk/en/persons/dmitriy-traytel,MJppLgoAAAAJ,0000-0001-7982-2768
Dmitry B. Goldgof,University of South Florida,https://www.usf.edu/ai-cybersecurity-computing/people/faculty/goldgof-dmitry.aspx,yQS_n0gAAAAJ,0000-0000-0000-0000
Dmitry Berenson,University of Michigan,https://web.eecs.umich.edu/~dmitryb,x-n9rIMAAAAJ,0000-0002-9712-109X
Dmitry Chistikov 0001,University of Warwick,https://warwick.ac.uk/fac/sci/dcs/people/dmitry_chistikov,NOSCHOLARPAGE,0000-0001-9055-918X
Dmitry Evtyushkin,College of William and Mary,http://www.wm.edu/as/computerscience/faculty,QJ-pKL0AAAAJ,0000-0002-0549-0438
Dmitry I. Ilvovsky,HSE University,https://www.hse.ru/staff/dilvovsky,n7VSUf8AAAAJ,0000-0000-0000-0000
Dmitry Korkin,Worcester Polytechnic Institute,http://www.wpi.edu/academics/facultydir/dk2.html,V83az1AAAAAJ,0000-0002-3875-9085
Dmitry P. Vetrov,HSE University,https://www.hse.ru/staff/dvetrov,7HU0UoUAAAAJ,0000-0000-0000-0000
Dmitry Ponomarev 0001,Binghamton University,http://www.cs.binghamton.edu/~dima,zr9OzAUAAAAJ,0000-0000-0000-0000
Dmitry V. Chistikov,University of Warwick,https://warwick.ac.uk/fac/sci/dcs/people/dmitry_chistikov,NOSCHOLARPAGE,0000-0000-0000-0000
Dmitry V. Ponomarev,Binghamton University,http://www.cs.binghamton.edu/~dima,zr9OzAUAAAAJ,0000-0000-0000-0000
Dmitry Zelenchuk,Queen's University Belfast,https://pure.qub.ac.uk/en/persons/dmitry-zelenchuk,bP9BkpUAAAAJ,0000-0003-2866-6296
Dmytro Fishman,University of Tartu,https://www.etis.ee/CV/Dmytro_Fishman/est,IOuDrrEAAAAJ,0000-0000-0000-0000
Doga Demirel,University of Oklahoma,http://dogademirel.com,w8vM2UcAAAAJ,0000-0002-8270-1163
Dogan Kesdogan,University of Regensburg,https://www.uni-regensburg.de/informatik-data-science/wi-kesdogan/startseite/index.html,NOSCHOLARPAGE,0000-0000-0000-0000
Doina Bucur,University of Twente,https://research.utwente.nl/en/persons/111f4c78-7570-4c4f-9b60-c157d94761f0,TO9gB8kAAAAJ,0000-0000-0000-0000
Doina Caragea,Kansas State University,http://people.cs.ksu.edu/~dcaragea,GuO4UhsAAAAJ,0000-0002-6440-0914
Dokyung Song,Yonsei University,https://cysec.yonsei.ac.kr/~dokyungs,NE-Q-HIAAAAJ,0000-0002-9371-4701
Dolendro Laiphrakpam Singh,National Inst. of Tech. Silchar,http://cs.nits.ac.in/dolendro,FoGUkB0AAAAJ,0000-0000-0000-0000
Dolores DeGroff,Florida Atlantic University,http://www.eng.fau.edu/directory/faculty/degroff,NOSCHOLARPAGE,0000-0000-0000-0000
Dolores F. De Groff,Florida Atlantic University,http://www.eng.fau.edu/directory/faculty/degroff,NOSCHOLARPAGE,0000-0000-0000-0000
Domenico Beneventano,Univ. of Modena and Reggio Emilia,https://personale.unimore.it/rubrica/dettaglio/benevent,4zexew0AAAAJ,0000-0001-6616-1753
Domenico Cantone,University of Catania,https://www.dmi.unict.it/cantone,HRSHaG0AAAAJ,0000-0002-1306-1166
Domenico Cotroneo,UNC - Charlotte,http://wpage.unina.it/cotroneo,tkVCr4EAAAAJ,0000-0000-0000-0000
Domenico Giustiniano,IMDEA Networks Institute,http://people.networks.imdea.org/~domenico_giustiniano,L38f7A0AAAAJ,0000-0003-3136-4176
Domenico Lembo,Sapienza University of Rome,http://www.diag.uniroma1.it/lembo,wW0kz-cAAAAJ,0000-0002-0628-242X
Domenico Parente,University of Salerno,http://www.di.unisa.it/~parente,45LUzAwAAAAJ,0000-0000-0000-0000
Domingo Giménez,University of Murcia,http://dis.um.es/~domingo,NXYa9RgAAAAJ,0000-0000-0000-0000
Domingo Mery,UC Chile,https://domingomery.ing.puc.cl,7S6RcTYAAAAJ,0000-0003-4748-3882
Dominic A. Orchard,University of Kent,https://www.cs.kent.ac.uk/~dao7,vEsF_IwAAAAJ,0000-0002-7058-7842
Dominic DiFranzo,Lehigh University,https://difranzo.com,33gQbMEAAAAJ,0000-0001-6039-1806
Dominic Duggan,Stevens Institute of Technology,https://www.stevens.edu/profile/dduggan,NOSCHOLARPAGE,0000-0000-0000-0000
Dominic Orchard,University of Kent,https://www.cs.kent.ac.uk/~dao7,vEsF_IwAAAAJ,0000-0002-7058-7842
Dominik Bork,TU Wien,https://model-engineering.info,tp-fFq0AAAAJ,0000-0001-8259-2297
Dominik D. Freydenberger,Loughborough University,https://www.lboro.ac.uk/departments/compsci/staff/academic-teaching/dominik-freydenberger,GV4Cji0AAAAJ,0000-0001-5088-0067
Dominik Heider,University of Marburg,http://heiderlab.de/?page_id=146,zPaHcoAAAAAJ,0000-0002-3108-8311
Dominik Henrich,University of Bayreuth,https://www.ai3.uni-bayreuth.de/de/team/dominik-henrich,w8FwIsEAAAAJ,0000-0003-0250-2728
Dominik Herrmann,University of Bamberg,https://www.uni-bamberg.de/psi/team/dominik-herrmann,w-eFigUAAAAJ,0000-0000-0000-0000
Dominik Kempa,Stony Brook University,https://sites.google.com/view/dkempa,r0Kn9IUAAAAJ,0000-0003-2286-7417
Dominik L. Michels,KAUST,https://www.kaust.edu.sa/en/study/faculty/dominik-michels,NOSCHOLARPAGE,0000-0002-1621-325X
Dominik Ludewig Michels,KAUST,https://www.kaust.edu.sa/en/study/faculty/dominik-michels,NOSCHOLARPAGE,0000-0000-0000-0000
Dominik Macko,Kempelen Institute - KInIT,https://kinit.sk/member/dominik-macko,TqtUMQsAAAAJ,0000-0002-8235-2004
Dominik Michels 0001,TU Darmstadt,https://www.informatik.tu-darmstadt.de/fb20/organisation_fb20/professuren_und_gruppenleitungen/fb20professuren_und_gruppenleitungen_detailseite_126848.en.jsp,79LS9M8AAAAJ,0000-0000-0000-0000
Dominik Scheder,Shanghai Jiao Tong University,http://users-cs.au.dk/dscheder/dscheder-homepage,09Y5NbsAAAAJ,0000-0002-9360-7957
Dominik Slezak,University of Warsaw,http://dominikslezak.org,OdfFoKkAAAAJ,0000-0000-0000-0000
Dominik Wermke,North Carolina State University,https://dwermke.com,aTkX9lYAAAAJ,0009-0008-2921-1254
Dominik Winterer,University of Manchester,https://research.manchester.ac.uk/en/persons/dominik-winterer,XmXhctUAAAAJ,0000-0002-4122-5981
Dominik Wojtczak,University of Liverpool,https://www.csc.liv.ac.uk/~dominik,NOSCHOLARPAGE,0000-0001-5560-0546
Dominique Chu,University of Kent,https://www.cs.kent.ac.uk/people/staff/dfc,8QcZWTsAAAAJ,0000-0002-3706-2905
Dominique Devriese,KU Leuven,https://distrinet.cs.kuleuven.be/people/DominiqueDevriese,9vEspiUAAAAJ,0000-0002-3862-6856
Dominique Schröder,TU Wien,https://www.dominique-schroeder.de,JOeLEGcAAAAJ,0000-0001-6943-8914
Dominique Unruh,RWTH Aachen University,http://kodu.ut.ee/~unruh,EROP4tsAAAAJ,0000-0001-8965-1931
Don Adjeroh,West Virginia University,https://www.statler.wvu.edu/faculty-staff/faculty/donald-a-adjeroh,NOSCHOLARPAGE,0000-0000-0000-0000
Don Cleland,Massey University,http://www.massey.ac.nz/massey/expertise/profile.cfm?stref=535300,2fWJcgsAAAAJ,0000-0000-0000-0000
Don Engel,Univ. of Maryland - Baltimore County,https://www.csee.umbc.edu/people/faculty/don-engel,G5dmv5oAAAAJ,0000-0003-2838-0140
Don Fallis,Northeastern University,https://www.khoury.northeastern.edu/people/don-fallis,Wzubeb4AAAAJ,0000-0003-1385-8009
Don Fussell,University of Texas at Austin,https://www.cs.utexas.edu/users/fussell,NOSCHOLARPAGE,0000-0000-0000-0000
Don Jardine,Queen's University,http://www.cs.queensu.ca/people/faculty.php,NOSCHOLARPAGE,0000-0000-0000-0000
Don Sheehy,North Carolina State University,http://donsheehy.net,A5D1DF4AAAAJ,0000-0002-9177-2713
Don Towsley,Univ. of Massachusetts Amherst,https://www.cics.umass.edu/about/directory/donald-towsley,KIFPVWoAAAAJ,0000-0002-7808-7375
Donal O'Mahony,Trinity College Dublin,https://www.scss.tcd.ie/Donal.OMahony,wBMAtbkAAAAJ,0000-0002-2508-9609
Donald A. Adjeroh,West Virginia University,https://www.statler.wvu.edu/faculty-staff/faculty/donald-a-adjeroh,NOSCHOLARPAGE,0000-0000-0000-0000
Donald E. Porter,University of North Carolina,http://www.cs.unc.edu/~porter,jVOPqi0AAAAJ,0000-0002-9804-0857
Donald Engel,Univ. of Maryland - Baltimore County,https://www.csee.umbc.edu/people/faculty/don-engel,G5dmv5oAAAAJ,0000-0003-2838-0140
Donald F. Towsley,Univ. of Massachusetts Amherst,https://www.cics.umass.edu/about/directory/donald-towsley,KIFPVWoAAAAJ,0000-0002-7808-7375
Donald G. Bailey,Massey University,http://www.massey.ac.nz/massey/expertise/profile.cfm?stref=282130,kbZTGusAAAAJ,0000-0000-0000-0000
Donald Greenberg,Cornell University,http://aap.cornell.edu/people/donald-greenberg,NOSCHOLARPAGE,0000-0000-0000-0000
Donald L. Bitzer,North Carolina State University,https://www.csc.ncsu.edu/people/bitzer,NOSCHOLARPAGE,0000-0000-0000-0000
Donald Lawrence,University College London,http://www.cs.ucl.ac.uk/staff/donald_lawrence,xf3gE70AAAAJ,0000-0000-0000-0000
Donald M. Chiarulli,University of Pittsburgh,https://people.cs.pitt.edu/~don,NOSCHOLARPAGE,0000-0000-0000-0000
Donald P. Greenberg,Cornell University,http://aap.cornell.edu/people/donald-greenberg,NOSCHOLARPAGE,0000-0000-0000-0000
Donald R. Sheehy,North Carolina State University,http://donsheehy.net,A5D1DF4AAAAJ,0000-0002-9177-2713
Donald S. Fussell,University of Texas at Austin,https://www.cs.utexas.edu/users/fussell,NOSCHOLARPAGE,0009-0009-9035-4534
Donald S. Williamson,Ohio State University,https://engineering.osu.edu/people/williamson.413,Rs6wWLQAAAAJ,0000-0002-7997-5403
Donald Sannella,University of Edinburgh,http://homepages.inf.ed.ac.uk/dts,XQNrpksAAAAJ,0000-0003-4520-8924
Donald Sheehy,North Carolina State University,http://donsheehy.net,A5D1DF4AAAAJ,0000-0002-9177-2713
Donald Sturgeon,Durham University,https://www.dur.ac.uk/computer.science/staff/profile/?id=18378,CqGM9kcAAAAJ,0000-0003-1092-8454
Donald Yeung,Univ. of Maryland - College Park,https://ece.umd.edu/~yeung,HoDilBYAAAAJ,0000-0000-0000-0000
Donatella Sciuto,Politecnico di Milano,http://home.deib.polimi.it/sciuto,NOSCHOLARPAGE,0000-0001-9030-6940
Donatello Materassi,University of Tennessee,http://www.eecs.utk.edu/people/faculty/dmateras,_bjIGdIAAAAJ,0000-0000-0000-0000
Dong Chen 0010,Florida International University,http://www.cs.fiu.edu/~dochen,3-nlJyUAAAAJ,0000-0000-0000-0000
Dong Dai 0001,University of Delaware,https://sites.google.com/udel.edu/dirlab/people/dong-dai,wGF_4JsAAAAJ,0000-0003-4078-8149
Dong Deng 0001,Rutgers University,https://people.cs.rutgers.edu/~dd903,mNUsQysAAAAJ,0000-0002-4596-3850
Dong Du 0003,Shanghai Jiao Tong University,https://dongd.info,NSzZlzoAAAAJ,0000-0002-7945-8430
Dong Gong,UNSW,https://donggong1.github.io,e2u6hRoAAAAJ,0000-0002-2668-9630
Dong Hao,UESTC,https://sites.google.com/view/hao-dong,aUBGG_sAAAAJ,0000-0002-1476-2861
Dong Hoon Lee 0001,Korea University,https://protocol.korea.ac.kr,UPhwO9EAAAAJ,0000-0003-0692-2543
Dong Li 0001,Univ. of California - Merced,https://faculty.ucmerced.edu/dong-li,mGfEQ9wAAAAJ,0000-0001-9336-0694
Dong Li 0031,Univ. of Maryland - Baltimore County,https://www.csee.umbc.edu/dong-li,7kgVEnUAAAAJ,0000-0002-3144-5104
Dong Liu 0002,USTC,https://faculty.ustc.edu.cn/dongeliu,lOWByxoAAAAJ,0000-0001-9100-2906
Dong Ma 0001,Singapore Management University,https://scis.smu.edu.sg/faculty/profile/6266/ma-dong,roQg6_4AAAAJ,0000-0003-3824-234X
Dong Nguyen,Utrecht University,https://www.dongnguyen.nl,iladopIAAAAJ,0000-0000-0000-0000
Dong Seong Kim,University of Canterbury,http://cosc.canterbury.ac.nz/dongseong.kim,Fuu6i50AAAAJ,0000-0003-2605-187X
Dong Shao,Nanjing University,https://software.nju.edu.cn/dongshao/index.html,NOSCHOLARPAGE,0000-0001-6500-0341
Dong Soo Han,KAIST,https://cs.kaist.ac.kr/people/view?idx=369&kind=faculty&menu=160,nxoFaYAAAAAJ,0000-0000-0000-0000
Dong Tong 0001,Peking University,http://eecs.pku.edu.cn/EN/People/Faculty/Detail/?ID=6017,NOSCHOLARPAGE,0000-0000-0000-0000
Dong Wang 0002,Univ. of Illinois at Urbana-Champaign,https://www.wangdong.org,-NfMhb0AAAAJ,0000-0002-9599-8023
Dong Wang 0024,Shanghai Jiao Tong University,http://www.se.sjtu.edu.cn/teacher/teacherdetail.aspx?id=19,OBVW2YgAAAAJ,0000-0001-8444-1636
Dong Wang 0044,Tianjin University,https://dong-w.github.io,VRIy5tYAAAAJ,0000-0002-2004-0902
Dong Wen 0001,UNSW,https://www.cse.unsw.edu.au/~dwen,W_56Gb0AAAAJ,0000-0002-0903-1503
Dong Xiang,Tsinghua University,http://www.thss.tsinghua.edu.cn/publish/soften/3131/2010/20101219104251151352226/20101219104251151352226_.html,NOSCHOLARPAGE,0000-0003-4788-511X
Dong Xie 0001,Pennsylvania State University,https://sites.psu.edu/dongx,qha_hPIAAAAJ,0000-0003-4857-900X
Dong Xu 0002,University of Missouri,https://engineering.missouri.edu/faculty/dong-xu,xJeTtCoAAAAJ,0000-0002-4809-0514
Dong Zhang,Soochow University,http://web.suda.edu.cn/zd2,1E_WmCUAAAAJ,0000-0002-4543-2179
Dong Zhao 0001,BUPT,https://scs.bupt.edu.cn/info/1097/1348.htm,jZghsyQAAAAJ,0000-0002-7337-9168
Dong-Guk Shin,University of Connecticut,http://profiles.uconn.edu/display/64589,NOSCHOLARPAGE,0000-0000-0000-0000
Dong-Hong Ji,Wuhan University,https://cse.whu.edu.cn/info/1258/3290.htm,2Q-7u3AAAAAJ,0000-0000-0000-0000
Dong-Jun Han,Yonsei University,https://sites.google.com/view/djhan930/home,-YR-GxUAAAAJ,0000-0003-2970-7336
Dong-Ming Yan 0001,Chinese Academy of Sciences,https://sites.google.com/site/yandongming,xAFSO3AAAAAJ,0000-0003-2209-2404
Dong-Sun Kim 0001,Kyungpook National University,http://www.darkrsw.net,Rmzs0QIAAAAJ,0000-0000-0000-0000
DongGyun Han,Royal Holloway Univ. of London,https://pure.royalholloway.ac.uk/en/persons/donggyun-han,gfAdVBwAAAAJ,0000-0002-8599-2197
Dongbing Gu,University of Essex,https://www.essex.ac.uk/people/gudon81301/dongbing-gu,U-3knAUAAAAJ,0000-0002-0986-2921
Dongdong She,HKUST,https://home.cse.ust.hk/~dongdong,CAd3jhcAAAAJ,0000-0001-6655-0468
Dongfang Liu,Rochester Inst. of Technology,https://dongfang-liu.github.io,uICY0vEAAAAJ,0000-0000-0000-0000
Dongfang Zhao 0001,University of Washington,https://www.cs.washington.edu/people/faculty/zhao-dongfang,eRaZHewAAAAJ,0000-0002-0677-634X
Donggang Cao,Peking University,http://sei.pku.edu.cn/~caodg,NOSCHOLARPAGE,0009-0005-5065-6424
Dongha Lee 0003,Yonsei University,https://donalee.github.io,driVwKwAAAAJ,0000-0003-2173-3476
Donghong Ji,Wuhan University,https://cse.whu.edu.cn/info/1258/3290.htm,2Q-7u3AAAAAJ,0000-0001-9613-5927
Donghoon Chang,IIIT Delhi,https://www.iiitd.ac.in/donghoon,v0coc0YAAAAJ,0000-0000-0000-0000
Donghui Wang,Zhejiang University,http://mypage.zju.edu.cn/wdh,AkRWtMUAAAAJ,0000-0000-0000-0000
Donghwa Jeong,The Catholic University of Korea,https://sites.google.com/view/cukbrain,kEHtm4EAAAAJ,0000-0000-0000-0000
Donghyun Kim 0002,Univ. of Massachusetts Amherst,https://dhkim0821.github.io,m2tttd0AAAAJ,0000-0001-9534-5383
Donghyun Kim 0006,Korea University,https://utl.korea.ac.kr,UsqNPH4AAAAJ,0000-0002-7132-4454
Dongjie He,Chongqing University,https://dongjiehe.github.io,tbbZPRAAAAAJ,0000-0003-0304-8942
Dongjie Wang,University of Kansas,https://wangdongjie100.github.io,K428NRsAAAAJ,0000-0003-3948-0059
Dongjin Song,University of Connecticut,https://songdj.github.io,BJdHw6AAAAAJ,0000-0002-7027-7916
Dongkuan Xu,North Carolina State University,http://personal.psu.edu/dux19,2mJ7jpcAAAAJ,0000-0002-1456-9658
Dongkun Shin,Sungkyunkwan University,http://nyx.skku.ac.kr,ZwvttosAAAAJ,0000-0001-7235-7787
Dongkyun Kim,Kyungpook National University,https://monet.knu.ac.kr/m_professor,IsKrxuwAAAAJ,0000-0000-0000-0000
Donglai Wei 0001,Boston College,https://donglaiw.github.io,xF2mhDoAAAAJ,0000-0002-2329-5484
Dongliang Xie,BUPT,https://int.bupt.edu.cn/content/content.php?p=6_16_114,NOSCHOLARPAGE,0000-0000-0000-0000
Donglin Wang,Westlake University,https://milab.westlake.edu.cn,-fo6wdwAAAAJ,0000-0000-0000-0000
Dongman Lee,KAIST,http://cds.kaist.ac.kr/cdsn/?p=29,QQs-_QQAAAAJ,0000-0000-0000-0000
Dongming Lu,Zhejiang University,http://mypage.zju.edu.cn/ldm,NOSCHOLARPAGE,0000-0000-0000-0000
Dongming Yan 0001,Chinese Academy of Sciences,https://sites.google.com/site/yandongming,xAFSO3AAAAAJ,0000-0000-0000-0000
Dongmo Zhang,Western Sydney University,https://www.westernsydney.edu.au/staff_profiles/WSU/associate_professor_dongmo_zhang,Mgqp7NMAAAAJ,0000-0000-0000-0000
Dongning Guo,Northwestern University,http://users.eecs.northwestern.edu/~dguo,7MGroJ4AAAAJ,0000-0001-9000-3480
Dongpeng Xu 0001,University of New Hampshire,https://www.cs.unh.edu/~dxu,ANWRPxcAAAAJ,0000-0001-6596-9101
Dongruo Zhou,Indiana University,https://sites.google.com/view/drzhou,1780wr0AAAAJ,0009-0005-3889-071X
Dongsheng Luo,Florida International University,https://users.cs.fiu.edu/~dluo,6Ih5XVkAAAAJ,0000-0003-4192-0826
Dongsheng Wang 0002,Tsinghua University,http://www.cs.tsinghua.edu.cn/publish/cs/4616/2019/20190624143913863630791/20190624143913863630791_.html,NOSCHOLARPAGE,0000-0001-5779-9026
Dongsheng Wang 0003,Shenzhen University,https://wds2014.github.io/index.shtml.html,i7tj4z0AAAAJ,0000-0002-3380-5337
Dongsu Han,KAIST,http://ina.kaist.ac.kr,NMggRxkAAAAJ,0000-0001-6922-7244
Dongsuk Jeon,Seoul National University,https://mms.snu.ac.kr/?page_id=15,_7GzTD4AAAAJ,0000-0002-0395-8076
Dongsuk Yook,Korea University,https://ai.korea.ac.kr/professor,NOSCHOLARPAGE,0000-0000-0000-0000
Dongsun Kim 0001,Korea University,https://darkrsw.github.io,Rmzs0QIAAAAJ,0000-0003-0272-6860
Dongwan Shin,New Mexico Tech,https://nmt.edu/academics/compsci/faculty/doshin.php,vr_V3AQAAAAJ,0000-0002-2151-3986
Dongwei Ren,Harbin Institute of Technology,https://csdwren.github.io,pKmdGZgAAAAJ,0000-0002-0965-6810
Dongwon Lee 0001,Pennsylvania State University,http://pike.psu.edu/dongwon,MzL-WnEAAAAJ,0000-0001-8371-7629
Dongwoo Kim 0002,POSTECH,http://dongwookim-ml.github.io,BycdSYYAAAAJ,0000-0002-6515-5260
Dongwook Yoon,University of British Columbia,http://dwyoon.com,OQS7nQcAAAAJ,0000-0002-7838-8311
Dongxiang Zhang,UESTC,http://cfm.uestc.edu.cn/~zhangdongxiang,nYN9A3IAAAAJ,0000-0002-9964-2470
Dongxiao He,Tianjin University,http://cic.tju.edu.cn/faculty/hedongxiao/index.htm,JyqwTr4AAAAJ,0000-0002-1915-4179
Dongxiao Yu,Shandong University,http://www.cs.sdu.edu.cn/info/1091/2639.htm,hiQxuHYAAAAJ,0000-0001-6835-5981
Dongxiao Zhu,Wayne State University,http://www.cs.wayne.edu/dzhu,L0CbApYAAAAJ,0000-0002-0225-7817
Dongyan Xu,Purdue University,https://www.cs.purdue.edu/homes/dxu,CQcd1cQAAAAJ,0000-0002-9892-8733
Dongyan Zhao 0001,Peking University,http://59.108.48.38:8080/ICSTWIPWeb/zhaody_en.php,NOSCHOLARPAGE,0000-0002-0396-6703
Dongyao Chen,Shanghai Jiao Tong University,https://chendy.tech,Fi32mmIAAAAJ,0000-0002-5223-7304
Dongyeop Kang,University of Minnesota,https://dykang.github.io,fMKZOjwAAAAJ,0000-0002-9021-1789
Dongyoon Lee,Stony Brook University,https://www3.cs.stonybrook.edu/~dongyoon,eoRn6NkAAAAJ,0000-0002-2240-3316
Dongyu Liu,Univ. of California - Davis,https://dongyu.tech,T7SfRpUAAAAJ,0000-0002-8915-2785
Dongzhu Liu,University of Glasgow,https://www.gla.ac.uk/schools/computing/staff/dongzhuliu,fylMeYoAAAAJ,0000-0001-7820-9531
Donna K. Slonim,Tufts University,http://www.cs.tufts.edu/~slonim,i3pEsbgAAAAJ,0000-0003-3357-437X
Donna M. Kaminski,Western Michigan University,https://scholarworks.wmich.edu/masters_theses/2470,NOSCHOLARPAGE,0000-0000-0000-0000
Donna M. Rizzo,University of Vermont,http://www.uvm.edu/~drizzo,NOSCHOLARPAGE,0000-0000-0000-0000
Donna S. Reese,Mississippi State University,http://web.cse.msstate.edu/~dreese,NOSCHOLARPAGE,0000-0000-0000-0000
Doowon Kim,University of Tennessee,https://www.eecs.utk.edu/people/doowon-kim,5lMlCeIAAAAJ,0000-0002-9033-990X
Doo­Hwan Bae,KAIST,http://se.kaist.ac.kr/professor,NOSCHOLARPAGE,0000-0000-0000-0000
Dora Varvarigou,NTUA,https://www.ece.ntua.gr/en/staff/60,kueSeb4AAAAJ,0000-0000-0000-0000
Dorde Zikelic,Singapore Management University,https://computing.smu.edu.sg/faculty/profile/7726/djordje-zikelic,D3CQXf0AAAAJ,0000-0002-4681-1699
Doreen Riepel,CISPA Helmholtz Center,https://doreenriepel.me,H475kXsAAAAJ,0000-0002-4990-0929
Dorgival O. Guedes,UFMG,http://www.dcc.ufmg.br/~dorgival,NOSCHOLARPAGE,0000-0003-0865-1417
Dorgival Olavo Guedes Neto,UFMG,http://www.dcc.ufmg.br/~dorgival,NOSCHOLARPAGE,0000-0003-0865-1417
Dorian C. Arnold,Emory University,https://cs.emory.edu/~darnold,2jEFz5EAAAAJ,0000-0000-0000-0000
Dorien Herremans,SUTD,http://dorienherremans.com,Hp5W5f0AAAAJ,0000-0000-0000-0000
Doris L. Carver,Louisiana State University,https://www.lsu.edu/eng/cse/people/faculty/carver.php,NOSCHOLARPAGE,0000-0000-0000-0000
Dorit Aharonov,Hebrew University of Jerusalem,http://www.cs.huji.ac.il/~doria,hTBcSYQAAAAJ,0000-0000-0000-0000
Dorit Borrmann,THWS,https://robotik.thws.de/team/professoren,R07G1FQAAAAJ,0000-0002-1363-4913
Dorit Merhof,University of Regensburg,https://www.uni-regensburg.de/informatik-data-science/bildverarbeitung/startseite/index.html,JH5HObAAAAAJ,0000-0002-1672-2185
Doron A. Peled,Bar-Ilan University,http://u.cs.biu.ac.il/~doronp,XF61SSwAAAAJ,0000-0000-0000-0000
Doron Drusinsky,Naval Postgraduate School,http://faculty.nps.edu/ddrusins,hkCVPIEAAAAJ,0000-0000-0000-0000
Doron Drusinsky-Yoresh,Naval Postgraduate School,http://faculty.nps.edu/ddrusins,hkCVPIEAAAAJ,0000-0000-0000-0000
Doron Nussbaum,Carleton University,https://carleton.ca/scs/people/doron-nussbaum,NOSCHOLARPAGE,0000-0000-0000-0000
Doron Peled,Bar-Ilan University,http://u.cs.biu.ac.il/~doronp,XF61SSwAAAAJ,0000-0002-7280-6578
Dorota Glowacka,University of Helsinki,https://researchportal.helsinki.fi/en/persons/dorota-glowacka,sDZkDHQAAAAJ,0000-0001-7008-3380
Dorothea Baumeister,University of Düsseldorf,https://www.cs.hhu.de/en/research-groups/computational-social-choice-jun-prof-dr-dorothea-baumeister/our-team/baumeister.html,9K4KGiUAAAAJ,0000-0000-0000-0000
Dorothea Blostein,Queen’s University,http://www.cs.queensu.ca/home/blostein,hb8j8qAAAAAJ,0000-0002-0359-5279
Dorothea Wagner,Karlsruhe Inst. of Technology,http://i11www.iti.uni-karlsruhe.de/members/dorothea_wagner/index,iqm5N9IAAAAJ,0000-0000-0000-0000
Dorsa Sadigh,Stanford University,https://dorsa.fyi,MEeYxLMAAAAJ,0000-0002-7802-9183
Doug A. Bowman,Virginia Tech,https://research.cs.vt.edu/3di/user/123,Zc7YEbgAAAAJ,0000-0003-0491-5067
Doug Downey,Northwestern University,http://www.cs.northwestern.edu/~ddowney,NpvcLukAAAAJ,0000-0002-4737-8444
Doug L. James,Stanford University,https://profiles.stanford.edu/doug-james,r70ags0AAAAJ,0000-0003-3532-8383
Doug Sicker,Carnegie Mellon University,https://www.cmu.edu/epp/people/faculty/douglas-sicker.html,Pl23MTUAAAAJ,0000-0000-0000-0000
Douglas Armstrong,University of Edinburgh,http://www.inf.ed.ac.uk/people/staff/Douglas_Armstrong.html,J_2zuGQAAAAJ,0000-0002-5397-3864
Douglas C. Schmidt,College of William and Mary,https://dcschmidt.pages.wm.edu,8GA4R2wAAAAJ,0000-0000-0000-0000
Douglas C. Sicker,Carnegie Mellon University,https://www.cmu.edu/epp/people/faculty/douglas-sicker.html,Pl23MTUAAAAJ,0000-0003-0296-5212
Douglas Comer,Purdue University,https://www.cs.purdue.edu/homes/comer,b2f-PjYAAAAJ,0000-0000-0000-0000
Douglas D. Dankel II,University of Florida,http://www.cise.ufl.edu/~ddd,NOSCHOLARPAGE,0000-0000-0000-0000
Douglas E. Comer,Purdue University,https://www.cs.purdue.edu/homes/comer,b2f-PjYAAAAJ,0000-0000-0000-0000
Douglas G. Down,McMaster University,http://www.cas.mcmaster.ca/~downd,J5OlsYQAAAAJ,0000-0000-0000-0000
Douglas G. Howe,Carleton University,https://carleton.ca/scs/people/doug-howe,NOSCHOLARPAGE,0000-0000-0000-0000
Douglas G. Macharet,UFMG,http://homepages.dcc.ufmg.br/~doug,RDGIj6sAAAAJ,0000-0000-0000-0000
Douglas Guimarães Macharet,UFMG,http://homepages.dcc.ufmg.br/~doug,RDGIj6sAAAAJ,0000-0000-0000-0000
Douglas Hofstadter,Indiana University,https://www.soic.indiana.edu/all-people/profile.html?profile_id=229,NOSCHOLARPAGE,0000-0000-0000-0000
Douglas J. Leith,Trinity College Dublin,https://www.scss.tcd.ie/Doug.Leith,n8dX1fUAAAAJ,0000-0003-4056-4014
Douglas L. Maskell,Nanyang Technological University,https://www3.ntu.edu.sg/home/asdouglas,o_roEHkAAAAJ,0000-0000-0000-0000
Douglas Lawrence,Ohio University,https://www.ohio.edu/engineering/about/people/profiles.cfm?profile=lawrencd,NOSCHOLARPAGE,0000-0000-0000-0000
Douglas Leslie Maskell,Nanyang Technological University,http://www.ntu.edu.sg/home/asdouglas,o_roEHkAAAAJ,0000-0000-0000-0000
Douglas R. Heisterkamp,Oklahoma State University,https://www.cs.okstate.edu/~doug,NOSCHOLARPAGE,0000-0000-0000-0000
Douglas Richard Hofstadter,Indiana University,https://www.soic.indiana.edu/all-people/profile.html?profile_id=229,NOSCHOLARPAGE,0000-0000-0000-0000
Douglas S. Reeves,North Carolina State University,http://reeves.csc.ncsu.edu,UUAn_V8AAAAJ,0000-0000-0000-0000
Douglas Stebila,University of Waterloo,https://www.douglas.stebila.ca,b1DDIcYAAAAJ,0000-0001-9443-3170
Douglas Thain,University of Notre Dame,http://www3.nd.edu/~dthain,53RlhUcAAAAJ,0000-0001-5218-1956
Douglas Troeger,CUNY,https://www.ccny.cuny.edu/profiles/douglas-troeger,NOSCHOLARPAGE,0000-0000-0000-0000
Douglas W. Cunningham,Brandenburg Univ. of Technology,https://www.b-tu.de/fg-graphische-systeme/team/professor,Lo4fRbwAAAAJ,0000-0003-1419-2552
Douglas W. Jones,University of Iowa,https://www.cs.uiowa.edu/~jones,gX8LBfgAAAAJ,0000-0000-0000-0000
Douglas W. Oard,Univ. of Maryland - College Park,http://terpconnect.umd.edu/~oard,3ctKkysAAAAJ,0000-0002-1696-0407
Douglas Wikström,KTH Royal Inst. of Technology,https://www.kth.se/profile/dog,1BuplDUAAAAJ,0000-0003-4157-1371
Dov Dori,Technion,https://web.iem.technion.ac.il/en/people/userprofile/dori.html,6qOGkHQAAAAJ,0000-0002-2393-3124
Dov Monderer,Technion,https://ie.technion.ac.il/~dov,7WB0ht4AAAAJ,0000-0000-0000-0000
Dragan Gasevic,Monash University,https://research.monash.edu/en/persons/dragan-gasevic,Q4Nm22sAAAAJ,0000-0001-9265-1908
Drew Bagnell,Carnegie Mellon University,http://www.ri.cmu.edu/person.html?person_id=689,7t4jbPQAAAAJ,0000-0000-0000-0000
Drew Davidson,University of Kansas,https://ittc.ku.edu/~drew,Om5BiCIAAAAJ,0000-0002-5096-1446
Drew Hamilton,Mississippi State University,http://www.cse.msstate.edu/people/faculty/drew-hamilton,NOSCHOLARPAGE,0000-0000-0000-0000
Drew Hendrickson,Tilburg University,https://www.tilburguniversity.edu/webwijs/show/a.hendrickson.htm,NOSCHOLARPAGE,0000-0000-0000-0000
Drew McDermott,Yale University,http://www.cs.yale.edu/~dvm,NOSCHOLARPAGE,0000-0000-0000-0000
Drew V. McDermott,Yale University,http://www.cs.yale.edu/~dvm,NOSCHOLARPAGE,0000-0000-0000-0000
Dror G. Feitelson,Hebrew University of Jerusalem,http://www.cs.huji.ac.il/~feit,DQdE9-MAAAAJ,0000-0002-2733-7709
Dror Tobi,Ariel University,http://www.ariel.ac.il/Projects/TRP/GeneralInformation.asp?numRec=4,5Df00DoAAAAJ,0000-0002-1125-2751
Du Huynh,University of Western Australia,http://staffhome.ecm.uwa.edu.au/~00050673,hAKNZ38AAAAJ,0000-0003-3080-9655
Du Q. Huynh,University of Western Australia,http://staffhome.ecm.uwa.edu.au/~00050673,hAKNZ38AAAAJ,0000-0003-3080-9655
Duan-Shin Lee,National Tsing Hua University,http://com-en.web.nthu.edu.tw/files/14-1034-12760%2Cr1469-1.php?Lang=en,NOSCHOLARPAGE,0000-0000-0000-0000
Duane S. Boning,Massachusetts Inst. of Technology,https://www-mtl.mit.edu/wpmu/researchgroupsboning/boning,oIdI_PcAAAAJ,0000-0002-0417-445X
Duane Szafron,University of Alberta,https://webdocs.cs.ualberta.ca/~duane,v2FRdPYAAAAJ,0000-0000-0000-0000
Duanqing Xu,Zhejiang University,http://mypage.zju.edu.cn/0092050,NOSCHOLARPAGE,0000-0001-5311-3728
Duarte de Mesquita e Sousa,Universidade de Lisboa,https://fenix.tecnico.ulisboa.pt/homepage/ist13386,NOSCHOLARPAGE,0000-0000-0000-0000
Duc A. Tran,University of Massachusetts Boston,http://www.cs.umb.edu/~duc/www,Wi02UQoAAAAJ,0000-0001-8129-0940
Duc Viet Le 0002,University of Twente,https://research.utwente.nl/en/persons/20abb2e9-ad8d-4b78-8ed0-ebab8528ceda,Zgwx0zAAAAAJ,0000-0000-0000-0000
Duc-Tien Dang-Nguyen,University of Bergen,https://dnductien.github.io,NOSCHOLARPAGE,0000-0002-2761-2213
Duen Horng (Polo) Chau,Georgia Institute of Technology,http://www.cc.gatech.edu/~dchau,YON32W4AAAAJ,0000-0001-9824-3323
Duen Horng Chau,Georgia Institute of Technology,http://www.cc.gatech.edu/~dchau,YON32W4AAAAJ,0000-0001-9824-3323
Dugang Liu,Shenzhen University,https://dgliu.github.io,JQiDCZUAAAAJ,0000-0003-3612-709X
Dukyun Nam,Kyungpook National University,https://sites.google.com/view/knu-hpc,vBa9QU4AAAAJ,0000-0003-1023-7311
Dulani Meedeniya,University of Moratuwa,https://uom.lk/staff/Meedeniya.DA.php,DEUAL1UAAAAJ,0000-0002-4520-3819
Dulce Domingos,Universidade de Lisboa,https://ciencias.ulisboa.pt/perfil/mddomingos,oW97QngAAAAJ,0000-0002-5829-2742
Duncan A. Buell,University of South Carolina,https://cse.sc.edu/duncanbuell,PKx4tToAAAAJ,0000-0002-4668-5848
Duncan D. A. Ruiz,PUC-RS,http://www.inf.pucrs.br/duncan,86NAYFsAAAAJ,0000-0000-0000-0000
Duncan D. Ruiz,PUC-RS,http://www.inf.pucrs.br/duncan,86NAYFsAAAAJ,0000-0000-0000-0000
Duncan Dubugras A. Ruiz,PUC-RS,http://www.inf.pucrs.br/duncan,86NAYFsAAAAJ,0000-0000-0000-0000
Duncan Dubugras Alcoba Ruiz,PUC-RS,http://www.inf.pucrs.br/duncan,86NAYFsAAAAJ,0000-0000-0000-0000
Duncan J. Watts,University of Pennsylvania,https://pikprofessors.upenn.edu/meet-the-professors/duncan-watts,LhOAiXMAAAAJ,0000-0001-5005-4961
Duncan M. Hank Walker,Texas A&M University,http://faculty.cse.tamu.edu/walker,NOSCHOLARPAGE,0000-0002-4839-3830
Duncan P. Brumby,University College London,https://uclic.ucl.ac.uk/people/duncan-brumby,C5eTGe8AAAAJ,0000-0003-2846-2592
Dung D. Le,VinUniversity,https://andrew-dungle.github.io,0eoYR1gAAAAJ,0000-0003-0364-9393
Dunren Che,SIU Carbondale,https://www2.cs.siu.edu/~dche,5hk6a0AAAAJ,0000-0000-0000-0000
Duo Liu,Chongqing University,http://www.cse.cqu.edu.cn/info/2095/6911.htm,LSmCSQsAAAAJ,0000-0002-3040-2065
Duong Hieu Phan,Ecole Normale Superieure,http://www.di.ens.fr/users/phan,8n2aNu8AAAAJ,0000-0003-1136-4064
Durga Toshniwal,IIT Roorkee,http://www.iitr.ac.in/departments/CSE/pages/People+Faculty+Durga_Toshniwal.html,NOSCHOLARPAGE,0000-0000-0000-0000
Duri Long,Northwestern University,https://www.durilong.com,Dyt3XdcAAAAJ,0000-0001-7613-0029
Durvasula V. L. N. Somayajulu,National Inst. of Tech. Warangal,https://wsdc.nitw.ac.in/facultynew/facultyprofile/id/16333,YIDghSkAAAAJ,0000-0000-0000-0000
Dusit Niyato,Nanyang Technological University,http://www.ntu.edu.sg/home/dniyato,T8sVhLMAAAAJ,0000-0002-7442-7416
Dusit Tao Niyato,Nanyang Technological University,http://www.ntu.edu.sg/home/dniyato,T8sVhLMAAAAJ,0000-0000-0000-0000
Dusko Pavlovic,University of Hawaii at Manoa,http://dusko.org,upXQmicAAAAJ,0000-0002-9855-6861
Dustin Richmond,Univ. of California - Santa Cruz,https://www.dustinrichmond.com,U9hK8g4AAAAJ,0000-0002-4587-8947
Dustin Wright 0001,Aalborg University,https://dustinbwright.com,OGk5UnYAAAAJ,0000-0001-6514-8733
Dwight Deugo,Carleton University,http://www.scs.carleton.ca/~deugo,NOSCHOLARPAGE,0000-0000-0000-0000
Dwight Makaroff,University of Saskatchewan,https://www.cs.usask.ca/faculty/makaroff,deJ2I6sAAAAJ,0000-0002-0049-4413
Dylan A. Shell,Texas A&M University,http://robotics.cs.tamu.edu,Qt-JcygAAAAJ,0000-0000-0000-0000
Dylan Campbell,Australian National University,http://comp.anu.edu.au/people/dylan-campbell,FayBF1AAAAAJ,0000-0002-4717-6850
Dylan Hadfield-Menell,Massachusetts Inst. of Technology,https://people.csail.mit.edu/dhm,4mVPFQ8AAAAJ,0000-0002-6168-4763
Dylan Shell,Texas A&M University,http://robotics.cs.tamu.edu,Qt-JcygAAAAJ,0000-0001-5850-5376
Dzemila Sero,University of Twente,https://people.utwente.nl/d.sero,Md4hjzEAAAAJ,0000-0002-0090-745X
Dániel Marx,CISPA Helmholtz Center,https://cispa.saarland/people/c01dama,hY2ibr8AAAAJ,0000-0002-5686-8314
Débora C. Muchaluat,UFF,http://www.midiacom.uff.br/~debora,cWpEpdcAAAAJ,0000-0000-0000-0000
Débora C. Muchaluat-Saade,UFF,http://www.midiacom.uff.br/~debora,cWpEpdcAAAAJ,0000-0000-0000-0000
Débora Christina Muchaluat-Saade,UFF,http://www.midiacom.uff.br/~debora,cWpEpdcAAAAJ,0000-0000-0000-0000
