name,affiliation,homepage,scholarid,orcid
H. Altay Güvenir,Bilkent University,http://www.cs.bilkent.edu.tr/~guvenir,zRvIRVUAAAAJ,0000-0000-0000-0000
H. Andrew Schwartz,Vanderbilt University,https://haschwartz.com,Na16PsUAAAAJ,0000-0000-0000-0000
H. Andrés Neyem,UC Chile,http://www.andresneyem.cl,xPEdf1wAAAAJ,0000-0000-0000-0000
H. Dieter Rombach,TU Kaiserslautern,http://wwwagse.informatik.uni-kl.de/staff/rombach,OpsrHLAAAAAJ,0000-0000-0000-0000
H. F. Ting,University of Hong Kong,https://i.cs.hku.hk/~hfting,NOSCHOLARPAGE,0000-0000-0000-0000
H. Harry Zhou,Towson University,https://www.towson.edu/fcsm/departments/computerinfosci/facultystaff/hzhou.html,NOSCHOLARPAGE,0000-0000-0000-0000
H. Howie Huang,George Washington University,https://www2.seas.gwu.edu/~howie,maC331oAAAAJ,0000-0001-8588-7680
H. J. Kappen,Radboud University,http://www.snn.ru.nl/~bertk,JSkBINwAAAAJ,0000-0000-0000-0000
H. James de St. Germain,University of Utah,https://users.cs.utah.edu/~germain,NOSCHOLARPAGE,0000-0000-0000-0000
H. Jin Kim,Seoul National University,https://larr.snu.ac.kr/index.php/people,TLQUwIMAAAAJ,0000-0000-0000-0000
H. K. Dai 0001,Oklahoma State University,http://cs.okstate.edu/%7Edai,NOSCHOLARPAGE,0000-0000-0000-0000
H. L. Graham,Univ. of California - San Diego,https://cseweb.ucsd.edu/~rgraham,qrPaF3QAAAAJ,0000-0000-0000-0000
H. Levent Akin,Boğaziçi University,https://www.cmpe.boun.edu.tr/~akin,61aKNawAAAAJ,0000-0003-0439-8805
H. M. M. van de Wetering,TU Eindhoven,http://www.win.tue.nl/~wstahw,syCsFHkAAAAJ,0000-0000-0000-0000
H. Sebastian Seung,Princeton University,https://pni.princeton.edu/people/h-sebastian-seung,BD8llAEAAAAJ,0000-0000-0000-0000
H. Siegfried Stiehl,University of Hamburg,https://www.inf.uni-hamburg.de/de/inst/ab/bv/team/stiehl.html,NOSCHOLARPAGE,0000-0000-0000-0000
H. T. Kung 0001,Harvard University,https://www.eecs.harvard.edu/htk,iLQqwosAAAAJ,0000-0002-3348-3788
H. V. Jagadish,University of Michigan,http://web.eecs.umich.edu/~jag,SKVnHakAAAAJ,0000-0003-0724-5214
H. Venkateswaran,Georgia Institute of Technology,http://www.cc.gatech.edu/~venkat,NOSCHOLARPAGE,0000-0000-0000-0000
Ha Kyung Kong,Rochester Inst. of Technology,https://www.rit.edu/directory/hxkics-hidy-kong,vGfPaykAAAAJ,0000-0001-8974-8610
Habeeb Olufowobi,University of Texas at Arlington,https://dipupo.github.io,8sqvlk8AAAAJ,0000-0001-8959-2038
Habib Louafi,University of Regina,http://www.cs.uregina.ca/People/Profiles/HabibLouafi.html,_w0LeEUAAAAJ,0000-0000-0000-0000
Habiba Farrukh,Univ. of California - Irvine,https://habiba-farrukh.github.io,oSEtOA4AAAAJ,0000-0002-3582-5999
Hacer Yalim Keles,Hacettepe University,http://web.cs.hacettepe.edu.tr/~hacerkeles,noo7zCUAAAAJ,0000-0000-0000-0000
Hadar Averbuch-Elor,Cornell University,https://www.hadarelor.com,oBldxf0AAAAJ,0000-0003-3476-0940
Hadas Kress-Gazit,Cornell University,https://www.mae.cornell.edu/people/profile.cfm?netid=hk478,duOys3YAAAAJ,0000-0002-7754-1011
Hadas Shachnai,Technion,http://www.cs.technion.ac.il/~hadas,NOSCHOLARPAGE,0000-0000-0000-0000
Hadi Amiri,University of Massachusetts Lowell,https://scholar.harvard.edu/hadi,fyUpZ5EAAAAJ,0000-0000-0000-0000
Hadi Daneshmand,University of Virginia,https://engineering.virginia.edu/faculty/hadi-daneshmand,roFM8XsAAAAJ,0000-0000-0000-0000
Hadi Esmaeilzadeh,Univ. of California - San Diego,https://cseweb.ucsd.edu/~hadi,LnB5_AcAAAAJ,0000-0002-8548-1039
Hadi Hemmati,York University,https://lassonde.yorku.ca/users/hhemmati,TznXpSIAAAAJ,0000-0003-0204-9812
Hadi Hosseini,Pennsylvania State University,https://faculty.ist.psu.edu/hadi,bnvEtsMAAAAJ,0000-0001-5468-6798
Hadis Karimipour,University of Calgary,https://www.scpslab.org,M3PPebYAAAAJ,0000-0000-0000-0000
Hadrien Hours,Ecole Normale Superieure de Lyon,https://branded.me/hadrienhours,NOSCHOLARPAGE,0000-0000-0000-0000
Hady W. Lauw,Singapore Management University,https://scis.smu.edu.sg/faculty/profile/341/hady-w--lauw,HTC1z2gAAAAJ,0000-0002-8245-8677
Hady Wirawan Lauw,Singapore Management University,https://scis.smu.edu.sg/faculty/profile/341/hady-w--lauw,HTC1z2gAAAAJ,0000-0002-8245-8677
Hae-Gon Jeon,Yonsei University,https://sites.google.com/site/hgjeoncv/team,Ei00xroAAAAJ,0000-0003-1105-1666
Hae-Seung Lee,Massachusetts Inst. of Technology,http://www-mtl.mit.edu/researchgroups/hslee,uLOkoQYAAAAJ,0000-0000-0000-0000
Haesun Park,Georgia Institute of Technology,http://www.cc.gatech.edu/~hpark,G6kA1CMAAAAJ,0000-0001-6259-7170
Haewoon Kwak,Indiana University,https://luddy.indiana.edu/contact/profile/index.html?Haewoon_Kwak,dcjrz5MAAAAJ,0000-0003-1418-0834
Haeyong Chung,University of Alabama - Huntsville,https://www.uah.edu/science/departments/computer-science/faculty-staff/haeyong-chung,NOSCHOLARPAGE,0000-0001-5168-1190
Hafedh Mili,Université du Québec à Montréal,https://professeurs.uqam.ca/professeur/mili.hafedh,3xTNILIAAAAJ,0000-0000-0000-0000
Hafiz Md. Hasan Babu,University of Dhaka,https://du.ac.bd/body/faculty_details/CSE/1930,HU4iWAgAAAAJ,0000-0000-0000-0000
Haggai Maron,Technion,https://haggaim.github.io,4v8uJrIAAAAJ,0009-0001-4088-6286
Hagit Attiya,Technion,http://hagit.net.technion.ac.il,eoMK92MAAAAJ,0000-0002-8017-6457
Hagit Hel-Or,University of Haifa,http://cs.haifa.ac.il/~hagit,GMM3-EUAAAAJ,0000-0001-8488-0380
Hagit Shatkay,University of Delaware,https://www.eecis.udel.edu/~shatkay,NOSCHOLARPAGE,0000-0000-0000-0000
Hagit Zabrodsky,University of Haifa,http://cs.haifa.ac.il/~hagit,GMM3-EUAAAAJ,0000-0000-0000-0000
Hagit Zabrodsky Hel-Or,University of Haifa,http://cs.haifa.ac.il/~hagit,GMM3-EUAAAAJ,0000-0000-0000-0000
Hai (Helen) Li,Duke University,https://ece.duke.edu/people/hai-helen-li,E6Tpfq8AAAAJ,0000-0003-3228-6544
Hai Dong,RMIT University,https://www.rmit.edu.au/contact/staff-contacts/academic-staff/d/dong-dr-hai,ENWFU4gAAAAJ,0000-0002-7033-5688
Hai Helen Li,Duke University,https://ece.duke.edu/people/hai-helen-li,E6Tpfq8AAAAJ,0000-0003-3228-6544
Hai Jin 0001,HUST,http://faculty.hust.edu.cn/jinhai/en/index.htm,o02W0aEAAAAJ,0000-0002-3934-7605
Hai Li 0001,Duke University,https://ece.duke.edu/people/hai-helen-li,E6Tpfq8AAAAJ,0000-0003-3228-6544
Hai Lin 0003,Zhejiang University,http://mypage.zju.edu.cn/0090040,NOSCHOLARPAGE,0000-0002-1682-8465
Hai Wan,Sun Yat-sen University,https://sysuwanhai.github.io,ORaFwCsAAAAJ,0000-0001-5357-9130
Hai Wang 0011,Singapore Management University,https://sis.smu.edu.sg/faculty/profile/130441/WANG-Hai,UfWFHeQAAAAJ,0000-0000-0000-0000
Hai Zhao 0001,Shanghai Jiao Tong University,http://bcmi.sjtu.edu.cn/~zhaohai,4dU5KS0AAAAJ,0000-0000-0000-0000
Hai Zhou 0001,Northwestern University,http://www.eecs.northwestern.edu/~haizhou,XVoYTEoAAAAJ,0000-0003-4824-7179
Hai-Feng Guo,University of Nebraska - Omaha,https://www.unomaha.edu/college-of-information-science-and-technology/about/faculty-staff/haifeng-guo.php,NOSCHOLARPAGE,0000-0000-0000-0000
Hai-Xin Duan,Tsinghua University,https://netsec.ccert.edu.cn/duanhx,yGTOi34AAAAJ,0000-0003-0083-733X
Hai-gang Gong,UESTC,https://www.en.scse.uestc.edu.cn/info/1085/2031.htm,NOSCHOLARPAGE,0000-0000-0000-0000
Haibin Cai,Loughborough University,https://www.lboro.ac.uk/departments/compsci/staff/academic-teaching/caihaibin,D7UbzUgAAAAJ,0000-0000-0000-0000
Haibin Kan,Fudan University,http://www.cs.fudan.edu.cn/?page_id=14441,NOSCHOLARPAGE,0000-0003-3062-5004
Haibin Ling,Westlake University,https://haibinling.github.io,v3w4IYUAAAAJ,0000-0003-4094-8413
Haibing Guan,Shanghai Jiao Tong University,http://www.cs.sjtu.edu.cn/~hbguan,NOSCHOLARPAGE,0000-0002-4714-7400
Haibo Chen 0001,Shanghai Jiao Tong University,http://ipads.se.sjtu.edu.cn/~hbchen,qd9xSkYAAAAJ,0000-0002-9720-0361
Haibo Gao,Harbin Institute of Technology,http://homepage.hit.edu.cn/gaohaibo,NOSCHOLARPAGE,0000-0000-0000-0000
Haibo Hu 0002,Chongqing University,http://www.cse.cqu.edu.cn/info/2095/5360.htm,hPBNW_0AAAAJ,0000-0001-8442-5222
Haibo Wang 0004,University of Kentucky,http://haibo.pro,FUNoAkEAAAAJ,0000-0003-4809-4897
Haibo Yu 0001,Shanghai Jiao Tong University,http://cse.sjtu.edu.cn/~yu,D9PV2j8AAAAJ,0000-0000-0000-0000
Haibo Zhang 0001,University of Otago,http://www.cs.otago.ac.nz/staff/Haibo_Zhang,JtF2_IUAAAAJ,0000-0002-3752-0806
Haichang Gao,Xidian University,https://web.xidian.edu.cn/hchgao,TqiU-skAAAAJ,0000-0002-4969-5718
Haidar Harmanani,Lebanese American University,http://sas.lau.edu.lb/csm/people/haidar.php,QeKSIXEAAAAJ,0000-0000-0000-0000
Haidar M. Harmanani,Lebanese American University,http://sas.lau.edu.lb/csm/people/haidar.php,QeKSIXEAAAAJ,0000-0000-0000-0000
Haifeng Liu 0001,Zhejiang University,http://mypage.zju.edu.cn/hfliu,oW108fUAAAAJ,0000-0000-0000-0000
Haifeng Xu,University of Chicago,https://cs.uchicago.edu/people/haifeng-xu,nLgg388AAAAJ,0000-0001-6371-4906
Haifeng Yu,National University of Singapore,https://www.comp.nus.edu.sg/~yuhf,IDxePZ0AAAAJ,0000-0003-2967-0182
Haigang Gong,UESTC,https://www.en.scse.uestc.edu.cn/info/1085/2031.htm,NOSCHOLARPAGE,0000-0002-7176-4142
Haihong E,BUPT,https://scs.bupt.edu.cn/info/1089/1791.htm,J4akh64AAAAJ,0000-0000-0000-0000
Haijun Lei,Shenzhen University,https://csse.szu.edu.cn/en/pages/user/index?id=584,j8d2i0gAAAAJ,0000-0000-0000-0000
Haijun Xia,Univ. of California - San Diego,https://haijunxia.ucsd.edu,8U4q0sIAAAAJ,0000-0002-9425-0881
Haijun Zhang 0002,Harbin Institute of Technology,https://www.dl2link.com,XEiWEDAAAAAJ,0000-0002-1648-0227
Haiko Müller,University of Leeds,https://eps.leeds.ac.uk/computing/staff/241/dr-haiko-muller,NOSCHOLARPAGE,0000-0002-1123-1774
Haikun Liu,HUST,http://faculty.hust.edu.cn/liuhaikun/en/index.htm,Ve_J0VMAAAAJ,0000-0003-4290-1408
Hailong Sun 0001,Beihang University,https://hsun2022.github.io,HWOWCdcAAAAJ,0000-0001-7654-5574
Hailong Yao,Tsinghua University,http://www.cs.tsinghua.edu.cn/publish/csen/4623/2010/20101225165537258353872/20101225165537258353872_.html,n0NwuegAAAAJ,0000-0002-8750-3086
Haim J. Wolfson,Tel Aviv University,http://www.cs.tau.ac.il/~wolfson,GmgiCj0AAAAJ,0000-0000-0000-0000
Haim Kaplan,Tel Aviv University,http://www.cs.tau.ac.il/~haimk,0hb9cdIAAAAJ,0000-0001-9586-8002
Haim Levkowitz,University of Massachusetts Lowell,http://www.cs.uml.edu/~haim,FY4afxkAAAAJ,0000-0002-2456-202X
Haim Schweitzer,University of Texas at Dallas,http://www.utdallas.edu/~haim,lXvWihQAAAAJ,0009-0000-3883-3161
Haim Shvaytser,University of Texas at Dallas,http://www.utdallas.edu/~haim,lXvWihQAAAAJ,0000-0000-0000-0000
Haiming Jin,Shanghai Jiao Tong University,https://www.cs.sjtu.edu.cn/~jinhaiming,5Sn9JVoAAAAJ,0000-0001-5178-7198
Hainan Zhang,Beihang University,https://zhanghainan.github.io,D22QG1557LgC,0000-0002-7560-1500
Haining Fan,Tsinghua University,http://www.cs.tsinghua.edu.cn/publish/cs/4616/2017/20170303112105728431532/20170303112105728431532_.html,NOSCHOLARPAGE,0000-0000-0000-0000
Haipeng Cai,University at Buffalo,https://chapering.github.io,Ru4B_wkAAAAJ,0000-0002-5224-9970
Haipeng Dai 0001,Nanjing University,https://cs.nju.edu.cn/daihp,fb9R-QgAAAAJ,0000-0003-0545-8187
Haipeng Luo,University of Southern California,https://haipeng-luo.net,ct2hw4UAAAAJ,0000-0001-8056-6271
Haipeng Peng,BUPT,https://scss.bupt.edu.cn/info/1063/1188.htm,pZqxzFoAAAAJ,0000-0000-0000-0000
Haipeng Zhang,ShanghaiTech University,https://sist.shanghaitech.edu.cn/sist_en/2020/0814/c7582a54830/page.htm,377DmKgAAAAJ,0000-0000-0000-0000
Haiping Lu,University of Sheffield,https://www.sheffield.ac.uk/dcs/people/academic/haiping-lu,CArrsDMAAAAJ,0000-0002-0349-2181
Haiping Xu,Univ. of Massachusetts Dartmouth,http://www.cis.umassd.edu/~hxu,-CkhdLkAAAAJ,0000-0000-0000-0000
Haiqin Wu,East China Normal University,https://faculty.ecnu.edu.cn/_s43/whq/main.psp,fqK5jfkAAAAJ,0000-0002-2942-6975
Hairong Qi 0001,University of Tennessee,https://eecs.utk.edu/people/hairong-qi,GqnNG-kAAAAJ,0000-0000-0000-0000
Haisen Zhao,Shandong University,https://haisenzhao.github.io,J3v_1GkAAAAJ,0000-0002-6389-1045
Haisheng Tan,USTC,http://staff.ustc.edu.cn/~hstan/home.html,5OmzHRwAAAAJ,0000-0002-3133-1430
Haitao Jiang,Shandong University,http://www.cs.sdu.edu.cn/info/1089/2334.htm,NOSCHOLARPAGE,0000-0000-0000-0000
Haitao Wang 0001,University of Utah,https://www.cs.utah.edu/~hwang,NOSCHOLARPAGE,0000-0001-8134-7409
Haitao Yu 0002,Harbin Institute of Technology,http://homepage.hit.edu.cn/yukings,topCoXMAAAAJ,0000-0000-0000-0000
Haitao Zheng 0001,University of Chicago,https://people.cs.uchicago.edu/~htzheng,XrIr0nYAAAAJ,0000-0002-5918-2940
Haitham Abu-Rub,Texas A&M at Qatar,http://energy.tamu.edu/faculty-experts/haitham-abu-rub,gggnQKsAAAAJ,0000-0001-8687-3942
Haitham Akkary,American University of Beirut,https://www.aub.edu.lb/fea/publicprofile/Pages/profile.aspx?MemberId=ha95,IOoBNcsAAAAJ,0000-0000-0000-0000
Haitham Al-Hassanieh,EPFL,http://haitham.ece.illinois.edu,s5-hnX8AAAAJ,0009-0004-9242-3269
Haitham Hassanieh,EPFL,http://haitham.ece.illinois.edu,s5-hnX8AAAAJ,0009-0004-9242-3269
Haiwei Wu,UESTC,https://sise.uestc.edu.cn/info/1035/13087.htm,lm5kEZYAAAAJ,0000-0000-0000-0000
Haixin Duan,Tsinghua University,https://netsec.ccert.edu.cn/duanhx,yGTOi34AAAAJ,0000-0003-0083-733X
Haixu Tang,Indiana University,http://www.informatics.indiana.edu/hatang,4Hywr5UAAAAJ,0000-0001-8963-8155
Haiyan Hu,University of Central Florida,http://www.cs.ucf.edu/~haihu,NOSCHOLARPAGE,0000-0003-4862-5619
Haiyan Lu,University of Technology Sydney,https://www.uts.edu.au/staff/haiyan.lu,Gw_2WrwAAAAJ,0000-0000-0000-0000
Haiyan Zhao 0001,Peking University,http://sei.pku.edu.cn/~zhhy,z0bu0kIAAAAJ,0000-0002-3600-8923
Haiyang Xue,Singapore Management University,https://computing.smu.edu.sg/faculty/profile/7846/xue-haiyang,C5kU67QAAAAJ,0000-0002-0173-7894
Haiyi Zhu,Carnegie Mellon University,http://haiyizhu.com,9NkngDMAAAAJ,0000-0001-7271-9100
Haiying (Helen) Shen,University of Virginia,https://www.cs.virginia.edu/people/faculty/shen.html,W0Cx7ZAAAAAJ,0000-0000-0000-0000
Haiying Shen,University of Virginia,https://www.cs.virginia.edu/people/faculty/shen.html,W0Cx7ZAAAAAJ,0000-0002-7548-6223
Haiyuan Li,BUPT,https://teacher.bupt.edu.cn/lihaiyuan/en/index.htm,NOSCHOLARPAGE,0000-0002-7822-742X
Haizhao Yang,Univ. of Maryland - College Park,https://www.cs.umd.edu/people/hzyang,p4mxTIwAAAAJ,0000-0002-8408-1754
Haizhou Ai,Tsinghua University,http://media.cs.tsinghua.edu.cn/~ahz/ahz_paper.html,hhV6J6UAAAAJ,0000-0002-0166-5755
Haizhou Li 0001,CUHK (SZ),https://colips.org/~eleliha,z8_x7C8AAAAJ,0000-0001-9158-9401
Hajar El Hammouti,Mohammed VI Polytechnic University,https://cc.um6p.ma/people/Hajar.EL,iocgaJQAAAAJ,0000-0000-0000-0000
Hajime Magahara,Osaka University,https://www.is.ids.osaka-u.ac.jp/author/hajime-nagahara,CZyXjREAAAAJ,0000-0000-0000-0000
Hajime Nagahara,Osaka University,https://www.is.ids.osaka-u.ac.jp/author/hajime-nagahara,CZyXjREAAAAJ,0000-0003-1579-8767
Hajimu Iida,NAIST,https://sdlab.naist.jp/authors/hajimu-iida,NOSCHOLARPAGE,0000-0002-2919-6620
Hajo A. Reijers,Utrecht University,http://www.reijers.com,hsfC0rEAAAAJ,0000-0000-0000-0000
Hajo Alexander Reijers,Utrecht University,http://www.reijers.com,hsfC0rEAAAAJ,0000-0000-0000-0000
Hakan Aydin,George Mason University,https://cs.gmu.edu/~aydin,MTMmNecAAAAJ,0000-0002-2057-8198
Hakan Bilen,University of Edinburgh,https://homepages.inf.ed.ac.uk/hbilen,PtBtfawAAAAJ,0000-0002-6947-6918
Hakan Ferhatosmanoglu,University of Warwick,https://warwick.ac.uk/fac/sci/dcs/people/hakan_ferhatosmanoglu,QtHxli4AAAAJ,0000-0002-5181-4712
Hakan Yatbaz,Queen's University Belfast,https://pure.qub.ac.uk/en/persons/hakan-yatbaz,5Q596f4AAAAJ,0000-0002-2479-8155
Hakan Yildiz,Middle East Technical University,https://user.ceng.metu.edu.tr/~hakan,r_QlFksAAAAJ,0000-0002-9579-4338
Hakem Beitollahi,IUST,http://ce.iust.ac.ir/page.php?slct_pg_id=18185&sid=14&slc_lang=en,SMnMHbQAAAAJ,0000-0000-0000-0000
Hakim Lounis,Université du Québec à Montréal,https://www.labunix.uqam.ca/~lounis_h,_n2alPQAAAAJ,0000-0000-0000-0000
Hakim Weatherspoon,Cornell University,http://www.cs.cornell.edu/~hweather,0zrqo3B-66wC,0000-0002-6361-7687
Hakjoo Oh,Korea University,http://prl.korea.ac.kr/~pronto/home,3dX_cckAAAAJ,0000-0002-1900-7654
Hal Abelson,Massachusetts Inst. of Technology,http://groups.csail.mit.edu/mac/users/hal/hal.html,NOSCHOLARPAGE,0000-0002-5328-7821
Hal Berghel,University of Nevada Las Vegas,http://www.berghel.net/home.php,NOSCHOLARPAGE,0000-0000-0000-0000
Hal Daumé III,Univ. of Maryland - College Park,http://www.umiacs.umd.edu/~hal,PbEw81gAAAAJ,0000-0000-0000-0000
Halima Elbiaze,Université du Québec à Montréal,https://elbiaze.uqam.ca,y__Tc1sAAAAJ,0000-0000-0000-0000
Halima el Biaze,Université du Québec à Montréal,https://elbiaze.uqam.ca,y__Tc1sAAAAJ,0000-0000-0000-0000
Halit Oguztüzün,Middle East Technical University,http://user.ceng.metu.edu.tr/~oguztuzn,fsTmDVkAAAAJ,0000-0000-0000-0000
Hallvard Trætteberg,NTNU,https://www.ntnu.edu/employees/hal,dyaSW90AAAAJ,0000-0000-0000-0000
Haluk Bingol,Boğaziçi University,https://www.cmpe.boun.edu.tr/~bingol,NZhnwp4AAAAJ,0000-0001-7320-7545
Haluk Bingöl,Boğaziçi University,https://www.cmpe.boun.edu.tr/~bingol,NZhnwp4AAAAJ,0000-0000-0000-0000
Haluk O. Bingol,Boğaziçi University,https://www.cmpe.boun.edu.tr/~bingol,NZhnwp4AAAAJ,0000-0000-0000-0000
Hamad Al-Sawalqah,University of Jordan,http://computer.ju.edu.jo/Lists/FacultyAcademicStaff/DispDept_Staff.aspx?ID=69&dept=Computer%20Information%20Systems&deptName=Computer%20Information%20Systems,vOa_QRwAAAAJ,0000-0000-0000-0000
Hamad I. Alsawalqah,University of Jordan,http://computer.ju.edu.jo/Lists/FacultyAcademicStaff/DispDept_Staff.aspx?ID=69&dept=Computer%20Information%20Systems&deptName=Computer%20Information%20Systems,vOa_QRwAAAAJ,0000-0000-0000-0000
Hamdi Dibeklioglu,Bilkent University,http://www.cs.bilkent.edu.tr/~dibeklioglu,BuUdNM4AAAAJ,0000-0000-0000-0000
Hamdy Mubarak,Qatar Computing Research Inst.,http://www.qcri.org/our-people/bio?pid=162&amp;par=acc&amp;name=HamdyMubarak,usvY6qYAAAAJ,0000-0003-4828-6098
Hamdy S. Soliman,New Mexico Tech,http://infohost.nmt.edu/~hss,AJvh91MAAAAJ,0000-0000-0000-0000
Hamdy Soliman 0001,New Mexico Tech,http://infohost.nmt.edu/~hss,AJvh91MAAAAJ,0000-0000-0000-0000
Hamed Haddadi,Imperial College London,https://haddadi.github.io,gkA7zvoAAAAJ,0000-0002-5895-8903
Hamed Hassani,University of Pennsylvania,https://www.seas.upenn.edu/~hassani,M9V6y-0AAAAJ,0000-0000-0000-0000
Hamed Hatami,McGill University,http://www.cs.mcgill.ca/~hatami,4WQnb8IAAAAJ,0000-0000-0000-0000
Hamed Pirsiavash,Univ. of California - Davis,https://web.cs.ucdavis.edu/~hpirsiav,c9XXy4MAAAAJ,0000-0000-0000-0000
Hamed Qahri-Saremi,DePaul University,https://www.cdm.depaul.edu/about/pages/people/facultyinfo.aspx?fid=1353,po2au14AAAAJ,0000-0002-4933-834X
Hamed Tabkhi,UNC - Charlotte,https://ece.charlotte.edu/directory/dr-hamed-tabkhi-phd,TzXjGHwAAAAJ,0000-0001-5420-1121
Hamed Zamani,Univ. of Massachusetts Amherst,https://groups.cs.umass.edu/zamani,d2uzDIAAAAAJ,0000-0002-0800-3340
Hamid Bagheri,University of Nebraska,http://cse.unl.edu/~hbagheri,h_AYrscAAAAJ,0000-0001-6686-466X
Hamid Beigy,Sharif University of Technology,http://sharif.edu/~beigy,0NiKG0EAAAAJ,0000-0003-1679-2092
Hamid Dehghani,University of Birmingham,https://www.birmingham.ac.uk/staff/profiles/computer-science/academic-staff/dehghani-hamid.aspx,SIYS-lcAAAAJ,0000-0000-0000-0000
Hamid Karimi,Utah State University,https://www.usu.edu/cs/directory/faculty/karimi-hamid,Qz9CCdwAAAAJ,0000-0000-0000-0000
Hamid R. Arabnia,University of Georgia,http://cobweb.cs.uga.edu/~hra,g86VLOUAAAAJ,0000-0003-3943-0094
Hamid R. Rabiee,Sharif University of Technology,http://sharif.edu/~rabiee,NOSCHOLARPAGE,0000-0002-9835-4493
Hamid Reza Arabnia,University of Georgia,http://cobweb.cs.uga.edu/~hra,g86VLOUAAAAJ,0000-0000-0000-0000
Hamid Reza Rabiee,Sharif University of Technology,http://sharif.edu/~rabiee,NOSCHOLARPAGE,0000-0000-0000-0000
Hamid Rezatofighi,Monash University,https://research.monash.edu/en/persons/hamid-rezatofighi,VxAuxMwAAAAJ,0000-0002-8659-8773
Hamid Sarbazi-Azad,Sharif University of Technology,http://sharif.edu/~azad,9OHC9AsAAAAJ,0000-0003-4079-8603
Hamid Usefi,Memorial Univ. of Newfoundland,https://www.mun.ca/math/people/ppl-faculty/usefi.php,NOSCHOLARPAGE,0000-0000-0000-0000
Hamid Zarrabi-Zadeh,Sharif University of Technology,http://sharif.edu/~zarrabi,c1VC8nYAAAAJ,0000-0002-2279-4775
Hamim Zafar,IIT Kanpur,https://sites.google.com/view/cosmiclab-iitk/team,4LeNas8AAAAJ,0000-0000-0000-0000
Hamish A. Carr,University of Leeds,https://eps.leeds.ac.uk/computing/staff/499/dr-hamish-carr,NOSCHOLARPAGE,0000-0001-6739-0283
Hamish Cunningham,University of Sheffield,https://www.sheffield.ac.uk/dcs/people/academic/hamish-cunningham,DMKfNFMAAAAJ,0000-0001-5901-5483
Hamish Taylor,Heriot-Watt University,https://www.hw.ac.uk/staff/uk/macs/hamish-taylor.htm,OTIGYkgAAAAJ,0000-0000-0000-0000
Hammond A. Pearce,UNSW,https://www.unsw.edu.au/staff/hammond-pearce,pRILQ5MAAAAJ,0000-0000-0000-0000
Hammond Pearce,UNSW,https://www.unsw.edu.au/staff/hammond-pearce,pRILQ5MAAAAJ,0000-0002-3488-7004
Hamza Keurti,Mohammed VI Polytechnic University,https://hamzakeurti.github.io,zmS6_aYAAAAJ,0000-0000-0000-0000
Hamza Shakeel,Queen's University Belfast,https://pure.qub.ac.uk/en/persons/hamza-shakeel,NOSCHOLARPAGE,0000-0002-0000-4621
Hamzeh Khazaei,York University,https://www.eecs.yorku.ca/~hkh,n7sDdU8AAAAJ,0000-0001-5439-8024
Han Ding 0002,Xi'an Jiaotong University,http://gr.xjtu.edu.cn/web/dinghan,0sLAHGUAAAAJ,0000-0002-5274-7988
Han Liu 0001,Northwestern University,https://www.mccormick.northwestern.edu/research-faculty/directory/profiles/liu-han.html,XaFT1o4AAAAJ,0000-0000-0000-0000
Han Liu 0002,Shenzhen University,https://csse.szu.edu.cn/pages/user/index?id=1153,r5rKi04AAAAJ,0000-0002-7731-8258
Han Qiu 0001,Tsinghua University,https://qiuhan.info,6JWNv6gAAAAJ,0000-0003-2678-8070
Han Yu 0001,Nanyang Technological University,https://sites.google.com/site/hanyushomepage,eXgoTXMAAAAJ,0000-0001-6893-8650
Han Yu 0005,Shanghai Jiao Tong University,https://ist.sjtu.edu.cn/membersyuh,KgSRuusAAAAJ,0000-0000-0000-0000
Han Zhao 0002,Univ. of Illinois at Urbana-Champaign,https://hanzhaoml.github.io,x942ipYAAAAJ,0000-0000-0000-0000
Han la Poutré,CWI,http://homepages.cwi.nl/~hlp,NOSCHOLARPAGE,0000-0000-0000-0000
Han-Jia Ye,Nanjing University,http://www.lamda.nju.edu.cn/yehj,mgOYhtoAAAAJ,0000-0003-1173-1880
Han-Wei Shen,Ohio State University,http://web.cse.ohio-state.edu/~hwshen,95Z6-isAAAAJ,0000-0002-1211-2320
Hana Abdullah Al-Nuaim,King Abdulaziz University,http://hnuaim.kau.edu.sa/Default.aspx?Site_ID=0002344&lng=EN,NOSCHOLARPAGE,0000-0000-0000-0000
Hana Chockler,King's College London,https://www.kcl.ac.uk/informatics/about/people?role=Academics,ilfbuooAAAAJ,0000-0003-1219-0713
Hana Khamfroush,University of Kentucky,https://www.engr.uky.edu/directory/khamfroush-hana,qNAcUB8AAAAJ,0000-0002-4859-814X
Hana Rudová,Masaryk University,https://www.muni.cz/en/people/3840,wuykjtQAAAAJ,0000-0002-6410-4250
Hanan Aldarmaki,MBZUAI,https://mbzuai.ac.ae/study/faculty/hanan-al-darmaki,U8JSlxcAAAAJ,0000-0003-1706-1777
Hanan Lutfi Lutfiyya,Western University,http://www.csd.uwo.ca/faculty/hanan,NOSCHOLARPAGE,0000-0000-0000-0000
Hanan Lutfiyya,Western University,http://www.csd.uwo.ca/faculty/hanan,NOSCHOLARPAGE,0000-0002-5341-9388
Hanan Salam,NYU Abu Dhabi,http://www.hanansalam.com,9lTiKjwAAAAJ,0000-0000-0000-0000
Hanan Samet,Univ. of Maryland - College Park,https://www.cs.umd.edu/people/hjs,ATOfqHEAAAAJ,0000-0001-8230-0653
Hanane Lamaazi,UAEU,https://www.uaeu.ac.ae/en/cit/profile.shtml?email=lamaazi.hanane@uaeu.ac.ae,u9JPAjcAAAAJ,0000-0000-0000-0000
Hanbaek Lyu,University of Wisconsin - Madison,https://hanbaeklyu.com,gDFWvgQAAAAJ,0000-0000-0000-0000
Hanbyul Joo,Seoul National University,https://jhugestar.github.io,YMgdDBwAAAAJ,0000-0000-0000-0000
Hancong Duan,UESTC,https://www.scse.uestc.edu.cn/info/1081/12044.htm,NOSCHOLARPAGE,0000-0002-7721-7422
Handan Gül Çalikli,University of Glasgow,https://gulcalikli.github.io,lShgfvwAAAAJ,0000-0000-0000-0000
Hande Alemdar,Middle East Technical University,http://user.ceng.metu.edu.tr/~alemdar,c4jozc8AAAAJ,0000-0002-1397-2146
Hande Özgür Alemdar,Middle East Technical University,http://user.ceng.metu.edu.tr/~alemdar,c4jozc8AAAAJ,0000-0000-0000-0000
Handing Wang,Xidian University,https://sites.google.com/site/handingwanghomepage,JtYr_7cAAAAJ,0000-0002-4805-3780
Hang Ma 0001,Simon Fraser University,https://www.cs.sfu.ca/~hangma,KJbsVl8AAAAJ,0000-0002-0602-0999
Hang Qiu 0001,Univ. of California - Riverside,https://hangqiu.github.io,9i_MgykAAAAJ,0000-0003-1206-9032
Hang Yin 0001,University of Copenhagen,https://navigator8972.github.io,7VW7URUAAAAJ,0000-0002-3599-440X
Hang Zhang 0012,Indiana University,https://hangz.me,rX6AIFcAAAAJ,0000-0000-0000-0000
Hangfeng He 0001,University of Rochester,https://hornhehhf.github.io,BbpI6QoAAAAJ,0000-0001-5136-1218
Hanghang Tong,Univ. of Illinois at Urbana-Champaign,http://tonghanghang.org,RaINcuUAAAAJ,0000-0003-4405-3887
Hanhua Chen,HUST,http://faculty.hust.edu.cn/chen/en/index.htm,NOSCHOLARPAGE,0000-0000-0000-0000
Hani Girgis,University of Tulsa,https://faculty.utulsa.edu/~/hani-girgis,NOSCHOLARPAGE,0000-0000-0000-0000
Hani Hagras,University of Essex,https://www.essex.ac.uk/people/hagra01400/hani-hagras,ZZ61SZwAAAAJ,0000-0002-2818-5292
Hanieh Shakeri,Dalhousie University,https://www.calmlab.ca,iriAIgsAAAAJ,0000-0002-1553-0608
Hanif Rahbari,Rochester Inst. of Technology,https://www.rit.edu/gccis/computingsecurity/people/hanif-rahbari,0lhBjI4AAAAJ,0000-0001-7670-6542
Hanjie Chen,Rice University,https://profiles.rice.edu/faculty/hanjie-chen,DyYOgLwAAAAJ,0009-0001-5547-6634
Hanjun Kim 0001,Yonsei University,http://corelab.yonsei.ac.kr/~hanjun,rdQ5AokAAAAJ,0000-0002-0762-7901
Hank Childs,University of Oregon,https://www.cs.uoregon.edu/People/Faculty/Hank_Childs.php,1SJPBDAAAAAJ,0000-0001-5816-1892
Hank Hoffmann,University of Chicago,http://people.cs.uchicago.edu/~hankhoffmann,COjq9XUAAAAJ,0000-0000-0000-0000
Hank Jayne,University of South Florida,http://www.csee.usf.edu/~zheng,BT95LeMAAAAJ,0000-0000-0000-0000
Hank Korth,Lehigh University,http://www.cse.lehigh.edu/~korth,4VLZdawAAAAJ,0000-0000-0000-0000
Hankui Zhuo,Nanjing University,https://ai.nju.edu.cn/hankz,q1WaNTYAAAAJ,0000-0002-3396-2578
Hanna Hajishirzi,University of Washington,http://ssli.ee.washington.edu/~hannaneh,LOV6_WIAAAAJ,0000-0002-1055-6657
Hanna Kurniawati,Australian National University,https://cs.anu.edu.au/people/hanna-kurniawati,JkjFXbAAAAAJ,0000-0001-5053-7146
Hanna Suominen,Australian National University,https://cs.anu.edu.au/people/hanna-suominen,o4qymo4AAAAJ,0000-0002-4195-1641
Hannah Bast,University of Freiburg,https://ad.informatik.uni-freiburg.de/staff/bast,hqSjLE8AAAAJ,0000-0003-1213-6776
Hannah Dee,Aberystwyth University,https://www.aber.ac.uk/en/cs/staff-profiles/listing/profile/hmd1,qu8qeygAAAAJ,0000-0003-2573-9541
Hannah M. Dee,Aberystwyth University,https://www.aber.ac.uk/en/cs/staff-profiles/listing/profile/hmd1,qu8qeygAAAAJ,0000-0003-2573-9541
Hannah Mary Dee,Aberystwyth University,https://www.aber.ac.uk/en/cs/staff-profiles/listing/profile/hmd1,qu8qeygAAAAJ,0000-0003-2573-9541
Hannah Rae Kerner,Arizona State University,https://search.asu.edu/profile/2608200,g5CD7dQAAAAJ,0000-0000-0000-0000
Hannaneh Hajishirzi,University of Washington,http://ssli.ee.washington.edu/~hannaneh,LOV6_WIAAAAJ,0000-0002-1055-6657
Hanne Riis Nielson,DTU,https://www.compute.dtu.dk/english,NOSCHOLARPAGE,0000-0002-2484-5580
Hanne Westh Nicolajsen,IT University of Copenhagen,https://pure.itu.dk/portal/en/persons/hanne-westh-nicolajsen(54728da8-274d-40e6-b119-23318d995721).html,EwNAdV8AAAAJ,0000-0002-0158-5034
Hannes Federrath,University of Hamburg,https://www.inf.uni-hamburg.de/inst/ab/snp/team/federrath.html,NOSCHOLARPAGE,0000-0000-0000-0000
Hannes Frey,University of Koblenz-Landau,https://www.uni-koblenz-landau.de/de/koblenz/fb4/ifi/AGFrey/personen/hannes-frey,NOSCHOLARPAGE,0000-0000-0000-0000
Hannes Hartenstein,Karlsruhe Inst. of Technology,http://dsn.tm.kit.edu/staff_hartenstein.php,azfXSVIAAAAJ,0000-0000-0000-0000
Hannes Kaufmann,TU Wien,https://www.ims.tuwien.ac.at/people/hannes-kaufmann,d1_5fIIAAAAJ,0000-0002-0322-9869
Hannes Mühleisen,CWI,https://www.cwi.nl/people/2600,lBF-mDAAAAAJ,0000-0000-0000-0000
Hannes Werthner,TU Wien,http://www.ec.tuwien.ac.at/~werthner,XBd3IdIAAAAJ,0000-0002-1508-277X
Hanno Lefmann,TU Chemnitz,https://www.tu-chemnitz.de/informatik/ThIS/site/personal.php,NOSCHOLARPAGE,0000-0000-0000-0000
Hanno Nickau,University of Oxford,http://www.cs.ox.ac.uk/people/hanno.nickau,NOSCHOLARPAGE,0000-0000-0000-0000
Hannu Toivonen,University of Helsinki,https://www.helsinki.fi/en/researchgroups/computational-creativity-and-data-mining/hannu-toivonen,izZX-EEAAAAJ,0000-0003-1339-8022
Hannu-Matti Järvinen,Tampere University,https://www.tuni.fi/en/hannu-matti-jarvinen,ub6mNMIAAAAJ,0000-0003-0047-2051
Hanoch Levy,Tel Aviv University,http://www.math.tau.ac.il/~hanoch,NOSCHOLARPAGE,0000-0000-0000-0000
Hanpin Wang,Peking University,http://eecs.pku.edu.cn/EN/People/Faculty/Detail/?ID=6063,NOSCHOLARPAGE,0009-0009-7680-9504
Hanqi Guo 0001,Ohio State University,https://hguo.github.io,JKuWIYAAAAJ,0000-0001-7776-1834
Hanqi Zhuang,Florida Atlantic University,http://www.eng.fau.edu/directory/faculty/zhuang,GaLP1jkAAAAJ,0000-0002-6739-111X
Hanqiu Sun,Chinese University of Hong Kong,http://www.cse.cuhk.edu.hk/~hanqiu,ezvIdPEAAAAJ,0000-0002-3244-4111
Hanrui Zhang 0001,Chinese University of Hong Kong,https://hanruizha.github.io,vzr_L0EAAAAJ,0000-0001-8991-0622
Hans Akkermans,VU Amsterdam,http://www.cs.vu.nl/~hansa,tRT8oQYAAAAJ,0000-0000-0000-0000
Hans C. Breiter,University of Cincinnati,https://researchdirectory.uc.edu/p/breitehs,kR1oGZAAAAAJ,0000-0000-0000-0000
Hans Dieter Rombach,TU Kaiserslautern,http://wwwagse.informatik.uni-kl.de/staff/rombach,OpsrHLAAAAAJ,0000-0000-0000-0000
Hans Gellersen,Lancaster University,https://www.lancaster.ac.uk/scc/about-us/people/hans-gellersen,wmpvU_YAAAAJ,0000-0003-2233-2121
Hans Hagen,TU Kaiserslautern,https://hci.uni-kl.de/people/hans-hagen,g0dxfJMAAAAJ,0000-0001-5626-963X
Hans Hallez,KU Leuven,https://distrinet.cs.kuleuven.be/people/hans,CWF_wV8AAAAJ,0000-0003-2623-9055
Hans Henrik Løvengreen,DTU,https://www.compute.dtu.dk/english,NOSCHOLARPAGE,0000-0000-0000-0000
Hans Hüttel,Aalborg University,http://people.cs.aau.dk/~hans/index-eng.html,Wf7-agQAAAAJ,0000-0002-4603-5407
Hans Lobel,UC Chile,https://www.ing.uc.cl/academicos-e-investigadores/hans-albert-lobel-diaz,oKYALakAAAAJ,0000-0003-3514-9414
Hans Michael Gerndt,TU Munich,http://wwwi10.lrr.in.tum.de/~gerndt/home,NOSCHOLARPAGE,0000-0000-0000-0000
Hans P. Reiser,University of Passau,http://www.fim.uni-passau.de/en/sis,yR6ZjJsAAAAJ,0000-0002-2815-5747
Hans Peter Reiser,University of Passau,http://www.fim.uni-passau.de/en/sis,yR6ZjJsAAAAJ,0000-0000-0000-0000
Hans Raj Tiwary,Charles University,https://kam.mff.cuni.cz/~hansraj,RrFLTRYAAAAJ,0000-0003-1903-1600
Hans Tompits,TU Wien,http://www.kr.tuwien.ac.at/staff/tompits,8MkHO0UAAAAJ,0000-0001-5673-2460
Hans Vandierendonck,Queen's University Belfast,https://www.qub.ac.uk/schools/eeecs/Connect/Staff/BusinessCard/?name=h.vandierendonck,7e8zXI8AAAAJ,0000-0001-5868-9259
Hans Vangheluwe,University of Antwerp,https://www.uantwerpen.be/en/staff/hans-vangheluwe,DhPe1j4AAAAJ,0000-0003-2079-6643
Hans W. Guesgen,Massey University,http://seat.massey.ac.nz/h.w.guesgen,QwXZ99YAAAAJ,0000-0002-8160-5946
Hans Werner Guesgen,Massey University,http://seat.massey.ac.nz/h.w.guesgen,QwXZ99YAAAAJ,0000-0002-8160-5946
Hans Zantema,TU Eindhoven,http://www.win.tue.nl/~hzantema,W0DPmVQAAAAJ,0000-0000-0000-0000
Hans de Nivelle,University of Wroclaw,http://www.ii.uni.wroc.pl/~nivelle,elLTSysAAAAJ,0000-0000-0000-0000
Hans van Halteren,Radboud University,https://www.ru.nl/english/people/halteren-b-van,P9rTRQkAAAAJ,0000-0000-0000-0000
Hans van Vliet,VU Amsterdam,http://www.cs.vu.nl/~hans,4YAdfEsAAAAJ,0000-0000-0000-0000
Hans-Arno Jacobsen,TU Munich,https://www.professoren.tum.de/en/jacobsen-hans-arno,85bt-X0AAAAJ,0000-0003-0813-0101
Hans-Christian Jetter,University of Lübeck,https://www.imis.uni-luebeck.de/de/institut/team/hans-christian-jetter,KJ10IE0AAAAJ,0000-0001-6502-7114
Hans-Georg Fill,University of Fribourg,https://www.unifr.ch/inf/digits/en/group/team/fill.html,gsNTde8AAAAJ,0000-0001-5076-5341
Hans-Gert Penzel,University of Regensburg,https://www.uni-regensburg.de/wirtschaftswissenschaften/wi-penzel/startseite/index.html,NOSCHOLARPAGE,0000-0000-0000-0000
Hans-Joachim Backe,IT University of Copenhagen,https://pure.itu.dk/portal/en/persons/hansjoachim-backe(44c88dce-966d-46f3-88a8-2014e39197b9).html,NOSCHOLARPAGE,0000-0002-0091-2574
Hans-Joachim Bungartz,TU Munich,http://www5.in.tum.de/wiki/index.php/Univ.-Prof._Dr._Hans-Joachim_Bungartz,NOSCHOLARPAGE,0000-0000-0000-0000
Hans-Joachim Wunderlich,University of Stuttgart,http://www.iti.uni-stuttgart.de/en/chairs/computer-architecture/people/hans-joachim-wunderlich.html,SVXONrAAAAAJ,0000-0003-4536-8290
Hans-Jörg Schulz,Aarhus University,https://cs.au.dk/~hjschulz,FJKZr4sAAAAJ,0000-0001-9974-535X
Hans-Knud Arndt,University of Magdeburg,http://bauhaus.cs.uni-magdeburg.de/cms/index,NOSCHOLARPAGE,0000-0000-0000-0000
Hans-Peter Bischof,Rochester Inst. of Technology,https://www.cs.rit.edu/~hpb,NOSCHOLARPAGE,0000-0000-0000-0000
Hans-Peter Kriegel,LMU Munich,http://www.dbs.ifi.lmu.de/cms/personen/professoren/kriegel/index.html,DBf9LC4AAAAJ,0000-0000-0000-0000
Hans-Peter Lenhof,Saarland University,https://www.bioinf.uni-sb.de/people/prof-dr-hans-peter-lenhof.html,yLUE8lkAAAAJ,0000-0000-0000-0000
Hans-Peter Seidel [INF],Max Planck Society,https://www.mpi-inf.mpg.de/~hpseidel,s2Ibok8AAAAJ,0000-0000-0000-0000
Hans-Siegfried Stiehl,University of Hamburg,https://www.inf.uni-hamburg.de/de/inst/ab/bv/team/stiehl.html,NOSCHOLARPAGE,0000-0000-0000-0000
Hans-Ulrich Heiss,TU Berlin,https://www.kbs.tu-berlin.de/menue/personen/prof_dr_hans-ulrich_heiss,NOSCHOLARPAGE,0000-0000-0000-0000
Hans-Ulrich Heiß,TU Berlin,https://www.kbs.tu-berlin.de/menue/personen/prof_dr_hans-ulrich_heiss,NOSCHOLARPAGE,0000-0000-0000-0000
Hans-Ulrich Prokosch,University of Erlangen–Nuremberg,https://www.imi.med.fau.de/team/prof-dr-hans-ulrich-prokosch,NOSCHOLARPAGE,0000-0000-0000-0000
Hans-Werner Gellersen,Lancaster University,https://www.lancaster.ac.uk/scc/about-us/people/hans-gellersen,wmpvU_YAAAAJ,0000-0003-2233-2121
Hans-Werner Güsgen,Massey University,http://seat.massey.ac.nz/h.w.guesgen,QwXZ99YAAAAJ,0000-0000-0000-0000
Hans-Wolfgang Loidl,Heriot-Watt University,https://www.hw.ac.uk/staff/uk/macs/hans-wolfgang-loidl.htm,lwb1Va0AAAAJ,0000-0001-6318-1732
Hansen Andrew Schwartz,Stony Brook University,http://www3.cs.stonybrook.edu/~has,Na16PsUAAAAJ,0000-0000-0000-0000
Hansenclever F. Bassani,UFPE,https://www.cin.ufpe.br/~hfb,s14pJ00AAAAJ,0000-0000-0000-0000
Hansenclever de F. Bassani,UFPE,https://www.cin.ufpe.br/~hfb,s14pJ00AAAAJ,0000-0000-0000-0000
Hanseok Ko,Korea University,http://ispl.korea.ac.kr,G9v28v4AAAAJ,0000-0002-8744-4514
Hanspeter Mössenböck,JKU Linz,http://ssw.jku.at/General/Staff/HM,qwnXMU8AAAAJ,0000-0001-7706-7308
Hanspeter Pfister,Harvard University,https://www.seas.harvard.edu/directory/pfister,tvBEoaMAAAAJ,0000-0002-3620-2582
Hansung Kim 0001,University of Southampton,https://www.ecs.soton.ac.uk/people/hk1f20#publications,frG8WZAAAAAJ,0000-0003-4907-0491
Hantao Liu,Cardiff University,https://www.cardiff.ac.uk/people/view/374951-liu-hantao,JIeS9r4AAAAJ,0000-0000-0000-0000
Hantao Yao,USTC,https://www.hantaoyao.com,-xtf1c0AAAAJ,0000-0000-0000-0000
Hantao Zhang 0001,University of Iowa,https://www.cs.uiowa.edu/~hzhang,NOSCHOLARPAGE,0000-0000-0000-0000
Hanumant Singh,Northeastern University,https://www.khoury.northeastern.edu/people/hanumant-singh,1UEU5PEAAAAJ,0000-0002-4975-3244
Hanwang Zhang,Nanyang Technological University,https://www3.ntu.edu.sg/home/hanwangzhang,YG0DFyYAAAAJ,0000-0001-7374-8739
Hany Alashwal,UAEU,https://www.uaeu.ac.ae/en/cit/profile.shtml?email=halashwal@uaeu.ac.ae,z5T7ffQAAAAJ,0000-0000-0000-0000
Hany Farid,Univ. of California - Berkeley,https://www.ischool.berkeley.edu/people/hany-farid,VEdybxgAAAAJ,0000-0000-0000-0000
Hany Girgis,University of Tulsa,https://faculty.utulsa.edu/~/hani-girgis,NOSCHOLARPAGE,0000-0000-0000-0000
Hany H. Ammar,West Virginia University,http://community.wvu.edu/~hhammar,-CBlpnQAAAAJ,0000-0000-0000-0000
Hanyang Peng,SUSTech,https://faculty.sustech.edu.cn/?p=28816&tagid=yusq&cat=2&iscss=1&snapid=1&orderby=date&lang=en,NOSCHOLARPAGE,0000-0000-0000-0000
Hanzi Wang,Xiamen University,https://pami.xmu.edu.cn/hanzi_cn,NOSCHOLARPAGE,0000-0002-6913-9786
Hao (Richard) Zhang,Simon Fraser University,http://www.cs.sfu.ca/~haoz,NOSCHOLARPAGE,0000-0003-1991-119X
Hao Che,University of Texas at Arlington,http://crystal.uta.edu/~hche,Vyrg19YAAAAJ,0000-0000-0000-0000
Hao Chen 0002,Hunan University,http://www.aimlab.org/haochen,NOSCHOLARPAGE,0000-0001-9857-6283
Hao Chen 0003,Univ. of California - Davis,http://web.cs.ucdavis.edu/~hchen,1Aa3qxIAAAAJ,0000-0002-4072-0710
Hao Chen 0011,HKUST,https://cse.hkust.edu.hk/~jhc,Z_t5DjwAAAAJ,0000-0002-8400-3780
Hao Chen 0062,City University of Macau,https://fds.cityu.edu.mo/en/members/413,7oeLWT0AAAAJ,0000-0001-6816-5344
Hao Dong 0003,Peking University,https://zsdonghao.github.io,xLFL4sMAAAAJ,0000-0002-7984-9909
Hao Huang 0001,Wuhan University,https://cs.whu.edu.cn/info/1019/2467.htm,yBUENP0AAAAJ,0000-0002-3777-1488
Hao Li 0011,Xi'an Jiaotong University,https://aquatoney.github.io,-rpSVLEAAAAJ,0000-0001-8776-6911
Hao Li 0015,MBZUAI,https://mbzuai.ac.ae/study/faculty/hao-li,NFeigSoAAAAJ,0000-0002-4019-3420
Hao Liao,Shenzhen University,https://csse.szu.edu.cn/pages/user/index?id=542,Tu5ZuREAAAAJ,0000-0003-1223-6996
Hao Peng 0001,Beihang University,https://penghao-bdsc.github.io,R25rbyQAAAAJ,0000-0001-7422-630X
Hao Peng 0009,Univ. of Illinois at Urbana-Champaign,https://haopeng-nlp.github.io,6Y37nm0AAAAJ,0000-0000-0000-0000
Hao Su 0001,Univ. of California - San Diego,https://cseweb.ucsd.edu/~haosu,1P8Zu04AAAAJ,0000-0002-1796-2682
Hao Tang 0002,University of Edinburgh,http://www.inf.ed.ac.uk/people/staff/Hao_Tang.html,VN0X-PcAAAAJ,0000-0000-0000-0000
Hao Tang 0005,Peking University,https://ha0tang.github.io,9zJkeEMAAAAJ,0000-0002-2077-1246
Hao Wang 0014,Rutgers University,http://www.wanghao.in,NrOA9QoAAAAJ,0000-0002-7308-938X
Hao Wang 0022,Stevens Institute of Technology,https://intellisys.haow.ca/haowang,r-Ik__gAAAAJ,0000-0002-1444-2657
Hao Wang 0025,Leiden University,https://www.universiteitleiden.nl/en/staffmembers/hao-wang#tab-2,Pz9c6XwAAAAJ,0000-0002-4933-5181
Hao Wang 0045,ShanghaiTech University,https://sist.shanghaitech.edu.cn/sist_en/2020/0814/c7582a54864/page.htm,FLf8S1QAAAAJ,0000-0000-0000-0000
Hao Wu 0017,Maynooth University,https://classicwuhao.github.io,mUX_GmYAAAAJ,0000-0000-0000-0000
Hao Wu 0067,Nanjing University,https://hackhao.github.io,L47-09QAAAAJ,0000-0002-0980-9805
Hao Xu 0012,Jilin University,https://ccst.jlu.edu.cn/info/1367/19077.htm,9KW7Z-oAAAAJ,0000-0001-8474-0767
Hao Yue 0001,Univ. of California - Santa Cruz,https://campusdirectory.ucsc.edu/cd_detail?uid=hyue11,VJKm1NsAAAAJ,0000-0000-0000-0000
Hao Zhang 0002,Simon Fraser University,http://www.cs.sfu.ca/~haoz,NOSCHOLARPAGE,0000-0003-1991-119X
Hao Zhang 0011,Univ. of Massachusetts Amherst,https://hcr.cs.umass.edu/people/hzhang,Ug2VxyUAAAAJ,0000-0000-0000-0000
Hao Zhang 0025,Univ. of California - San Diego,https://people.eecs.berkeley.edu/~hao,H1d4BS8AAAAJ,0009-0003-8392-3977
Hao Zheng 0001,University of South Florida,http://www.csee.usf.edu/~zheng,BT95LeMAAAAJ,0000-0002-8627-0591
Hao Zheng 0005,University of Central Florida,http://haozheng.us,NOSCHOLARPAGE,0000-0003-4391-2774
Hao Zhong 0001,Shanghai Jiao Tong University,http://www.cs.sjtu.edu.cn/~zhonghao,Vhe3-JsAAAAJ,0000-0002-4302-9183
Hao Zhu 0004,Nanjing University,http://zhuhao.cc,YRxe0FkAAAAJ,0000-0003-1596-4366
Hao-Chuan Wang,Univ. of California - Davis,http://www.haochuanwang.info,2cAqDukAAAAJ,0000-0003-3295-5111
Haodi Feng,Shandong University,http://www.cs.sdu.edu.cn/info/1112/2723.htm,NOSCHOLARPAGE,0000-0000-0000-0000
Haodi Zhang,Shenzhen University,https://hdzhangust.github.io,Xev_4JMAAAAJ,0000-0001-8470-7246
Haodong Wang,Cleveland State University,http://cis.csuohio.edu/~hwang/publications.html,NOSCHOLARPAGE,0000-0000-0000-0000
Haojian Jin,Univ. of California - San Diego,http://haojianj.in,IivlhesAAAAJ,0000-0001-5212-2235
Haojin Zhu,Shanghai Jiao Tong University,https://www.cs.sjtu.edu.cn/PeopleDetail.aspx?id=62,_5lzNDUAAAAJ,0000-0001-5079-4556
Haomiao Ni,University of Memphis,https://www.memphis.edu/cs/people/faculty_pages/haomiao-ni.php,3PzBXAsAAAAJ,0009-0004-6747-4080
Haomiao Yang,UESTC,https://www.en.scse.uestc.edu.cn/info/1085/2032.htm,NOSCHOLARPAGE,0000-0000-0000-0000
Haonan Lu,University at Buffalo,https://sites.google.com/view/haonanlu/home,HeGT3aoAAAAJ,0000-0001-6332-2785
Haopeng Chen,Shanghai Jiao Tong University,http://reins.se.sjtu.edu.cn/~chenhp,DTmwMSUAAAAJ,0000-0000-0000-0000
Haopeng Zhang 0005,University of Hawaii at Manoa,https://hpzhang94.github.io,DT_HlbYAAAAJ,0009-0007-7017-0717
Haoqi Zhang,Northwestern University,http://eecs.northwestern.edu/~hq,FaGbxW0AAAAJ,0000-0003-3363-7545
Haoqiong Bian,Renmin University of China,https://scholar.google.com/citations?hl=zh-CN&user=pCcoxYUAAAAJ,pCcoxYUAAAAJ,0000-0001-5144-4427
Haotian Jiang,University of Chicago,https://jhtdavid96.wixsite.com/jianghaotian,3mGx0eoAAAAJ,0000-0002-7501-2247
Haotian Zhang 0006,NJIT,https://haotianzhang.com,sMHyQnYAAAAJ,0000-0003-0844-3730
Haoxian Chen 0001,ShanghaiTech University,https://faculty.sist.shanghaitech.edu.cn/hxchen,wDMoU3UAAAAJ,0000-0002-8574-2120
Haoyang Wang 0001,Shanghai Jiao Tong University,https://infosec.sjtu.edu.cn/DirectoryDetail.aspx?id=163,1uFgsx4AAAAJ,0009-0005-0090-8101
Haoyao Chen,Harbin Institute of Technology,http://faculty.hitsz.edu.cn/chenhaoyao,NOSCHOLARPAGE,0000-0002-5945-6411
Haoye Tian,Aalto University,https://haoyetiancoder.github.io,HalPbbEAAAAJ,0000-0002-8049-3997
Haoyu Wang 0001,HUST,https://howiepku.github.io,b1Oh6BQAAAAJ,0000-0003-1100-8633
Haoyu Wang 0004,University at Albany - SUNY,https://wanghaoyu0408.github.io,5Lw9_jcAAAAJ,0000-0001-7485-6213
Haoyuan Pan,Shenzhen University,https://csse.szu.edu.cn/pages/user/index?id=1024,wkb6AFEAAAAJ,0000-0000-0000-0000
Haoyue Shi 0001,University of Waterloo,https://home.ttic.edu/~freda,jkDd-3QAAAAJ,0000-0000-0000-0000
Harald C. Gall,University of Zurich,http://www.ifi.uzh.ch/seal/people/gall.html,kXX_FYoAAAAJ,0000-0002-3874-5628
Harald F. O. von Korflesch,University of Koblenz-Landau,https://www.uni-koblenz-landau.de/en/campus-koblenz/fb4/ifm/rgvonkorflesch/Team/korflesch/harald-von-kortzfleisch,NOSCHOLARPAGE,0000-0003-2087-471X
Harald Kosch,University of Passau,http://www.fim.uni-passau.de/en/distributed-information-systems,WnWkNTsAAAAJ,0000-0000-0000-0000
Harald Köstler,University of Erlangen–Nuremberg,https://www.cs10.tf.fau.de/person/harald-koestler,FaKJ6WEAAAAJ,0000-0002-6992-2690
Harald Pretl,JKU Linz,http://iic.jku.at/analog/team/pretl,yDlMlR0AAAAJ,0000-0000-0000-0000
Harald Reiterer,University of Konstanz,http://hci.uni-konstanz.de/index.php?a=staff&b=Reiterer,nIYeV-wAAAAJ,0000-0001-8528-8928
Harald Räcke,TU Munich,http://www.professoren.tum.de/en/raecke-harald,NOSCHOLARPAGE,0000-0001-8797-717X
Harald Søndergaard,University of Melbourne,http://findanexpert.unimelb.edu.au/display/person13416,L_DFbBIAAAAJ,0000-0002-2352-1883
Hari Balakrishnan,Massachusetts Inst. of Technology,http://nms.lcs.mit.edu/~hari,Qf4bw4UAAAAJ,0000-0002-1455-9652
Hari Kalva,Florida Atlantic University,http://www.eng.fau.edu/directory/faculty/kalva,FO1NbXUAAAAJ,0000-0002-7165-5499
Hari Prabhat Gupta,IIT (BHU) Varanasi,http://www.iitbhu.ac.in/cse/index.php/people/faculty.html,KrMWWjUAAAAJ,0000-0003-3207-1340
Hari Subramoni,Ohio State University,https://web.cse.ohio-state.edu/~subramoni.1,ykYaLmAAAAAJ,0000-0002-1200-2754
Hari Sundar,Tufts University,https://engineering.tufts.edu/cs/people/faculty/hari-sundar,equOxc0AAAAJ,0000-0001-9001-5107
Hari Sundaram,Univ. of Illinois at Urbana-Champaign,http://sundaram.cs.illinois.edu,Z962IGQAAAAJ,0000-0003-3315-6055
Haribabu Kotakula,BITS Pilani,http://www.bits-pilani.ac.in/pilani/khari/profile,E-yshlwAAAAJ,0000-0000-0000-0000
Haridimos Kondylakis,University of Crete,https://users.ics.forth.gr/~kondylak,-xDtoxYAAAAJ,0000-0002-9917-4486
Hariharan Narayanan,Tata Inst. of Fundamental Research,http://www.tifr.res.in/~hariharan.narayanan,NOSCHOLARPAGE,0000-0003-0568-7350
Harikrishnan N. B.,BITS Pilani-Goa,https://sites.google.com/site/harikrishnannb8/home,9fMmKMEAAAAJ,0000-0000-0000-0000
Harikrishnan Nellippallil Balakrishnan,BITS Pilani-Goa,https://sites.google.com/site/harikrishnannb8/home,9fMmKMEAAAAJ,0000-0000-0000-0000
Harini Suresh,Brown University,https://harinisuresh.com,X2FD1j8AAAAJ,0000-0002-9769-4947
Haris Aziz 0001,UNSW,https://research.unsw.edu.au/people/dr-haris-aziz,ssb0yjUAAAAJ,0000-0001-9757-4956
Haris Ch. Doukas,NTUA,https://www.ece.ntua.gr/en/staff/187,4TieQ1IAAAAJ,0000-0000-0000-0000
Haris E. Psillakis,NTUA,http://users.ntua.gr/hpsilakis,iwioPgUAAAAJ,0000-0000-0000-0000
Haris Pervaiz,Lancaster University,https://www.lancaster.ac.uk/scc/about-us/people/haris-bin-pervaiz,QvgEF8sAAAAJ,0000-0002-8364-4682
Harish Chaandar Ravichandar,Georgia Institute of Technology,https://www.cc.gatech.edu/people/harish-ravichandar,d2HP6SMAAAAJ,0000-0002-6635-2637
Harish G. Ramaswamy,IIT Madras,https://sites.google.com/site/harishguruprasad,NOSCHOLARPAGE,0000-0000-0000-0000
Harish Guruprasad Ramaswamy,IIT Madras,https://sites.google.com/site/harishguruprasad,NOSCHOLARPAGE,0000-0000-0000-0000
Harish Karnick,IIT Kanpur,http://www.iitk.ac.in/new/dr-harish-karnick,NOSCHOLARPAGE,0000-0000-0000-0000
Harish Ravichandar,Georgia Institute of Technology,https://www.cc.gatech.edu/people/harish-ravichandar,d2HP6SMAAAAJ,0000-0002-6635-2637
Harjinder Rahanu,Middlesex University,https://www.mdx.ac.uk/about-us/our-people/staff-directory/profile/rahanu-harjinder,NOSCHOLARPAGE,0000-0000-0000-0000
Harkeerat Kaur,IIT Jammu,https://www.iitjammu.ac.in/computer_science_engineering/faculty-list/~harkeeratkaur,Mt1kwb0AAAAJ,0000-0000-0000-0000
Harley D. Eades III,Augusta University,https://metatheorem.org,Nbb0YZEAAAAJ,0000-0000-0000-0000
Harley Eades III,Augusta University,https://metatheorem.org,Nbb0YZEAAAAJ,0000-0000-0000-0000
Harlin Lee,University of North Carolina,https://harlinlee.github.io,AJhx0YgAAAAJ,0000-0001-6128-9942
Harm Griffioen,TU Delft,https://harmgriffioen.github.io,fbUtrQcAAAAJ,0009-0006-7990-7802
Harm J. Griffioen,TU Delft,https://harmgriffioen.github.io,fbUtrQcAAAAJ,0000-0000-0000-0000
Harm Van Zalinge,University of Liverpool,https://liverpool.ac.uk/electrical-engineering-and-electronics/staff/harm-van-zalinge,NOSCHOLARPAGE,0000-0000-0000-0000
Harmanpreet Kaur,University of Minnesota,https://harmanpk.github.io,14sDLCsAAAAJ,0009-0009-8239-937X
Harold Abelson,Massachusetts Inst. of Technology,http://groups.csail.mit.edu/mac/users/hal/hal.html,NOSCHOLARPAGE,0000-0000-0000-0000
Harold Castro,Universidad de los Andes,https://profesores.virtual.uniandes.edu.co/hcastro/es/inicio,vjnqZo8AAAAJ,0000-0002-7586-9419
Harold E. Castro,Universidad de los Andes,https://profesores.virtual.uniandes.edu.co/hcastro/es/inicio,vjnqZo8AAAAJ,0000-0000-0000-0000
Harold S. Connamacher,Case Western Reserve University,http://filer.case.edu/hsc21,NOSCHOLARPAGE,0000-0002-7301-8450
Harold Soh,National University of Singapore,https://haroldsoh.com,lkgd1BsAAAAJ,0000-0002-3278-0035
Harold T. Wareham,Memorial Univ. of Newfoundland,https://www.mun.ca/computerscience/people/harold.php,NOSCHOLARPAGE,0000-0000-0000-0000
Harri Lähdesmäki,Aalto University,https://users.ics.aalto.fi/harrila,NOSCHOLARPAGE,0000-0000-0000-0000
Harrie Oosterhuis,Radboud University,https://harrieo.github.io,e9JynrAAAAAJ,0000-0002-0458-9233
Harrison Goldstein,University at Buffalo,https://cse.buffalo.edu/~hgoldste,CYSX6tgAAAAJ,0000-0001-9631-1169
Harry Buhrman,CWI,https://www.cwi.nl/people/552,wlOytxsAAAAJ,0000-0000-0000-0000
Harry G. Mairson,Brandeis University,http://www.cs.brandeis.edu/~mairson,NOSCHOLARPAGE,0009-0008-4964-8170
Harry G. Perros,North Carolina State University,http://www4.ncsu.edu/~hp,NOSCHOLARPAGE,0000-0000-0000-0000
Harry H. Cheng,Univ. of California - Davis,https://faculty.engineering.ucdavis.edu/cheng,NOSCHOLARPAGE,0000-0000-0000-0000
Harry R. Lewis,Harvard University,http://lewis.seas.harvard.edu,NOSCHOLARPAGE,0000-0000-0000-0000
Harry S. Delugach,University of Alabama - Huntsville,https://www.uah.edu/science/departments/computer-science/faculty-staff/harry-delugach,NOSCHOLARPAGE,0000-0000-0000-0000
Harry Shomer,University of Texas at Arlington,https://www.uta.edu/academics/faculty/profile?user=harry.shomer,_6eE2vsAAAAJ,0000-0001-5081-1870
Harry Xu 0001,Univ. of California - Los Angeles,http://www.cs.ucla.edu/~harryxu,DS6rCasAAAAJ,0000-0003-4737-2146
Harsh Beohar,University of Sheffield,https://www.sheffield.ac.uk/dcs/people/academic/harsh-beohar,b1C8fogAAAAJ,0000-0000-0000-0000
Harsha Chenji,Ohio University,http://ace.eecs.ohiou.edu/~chenji,DdiZCHoAAAAJ,0000-0003-3272-7020
Harsha V. Madhyastha,University of Southern California,https://www.harsha.usc.edu,kxDm9EsAAAAJ,0000-0002-7978-9643
Harshavardhan Chenji,Ohio University,http://ace.eecs.ohiou.edu/~chenji,DdiZCHoAAAAJ,0000-0000-0000-0000
Hartmut Geyer,Carnegie Mellon University,https://www.cs.cmu.edu/~hgeyer,aC5315UAAAAJ,0000-0000-0000-0000
Hartmut Kaiser,Louisiana State University,https://teaching.hkaiser.org,Gsgw2MIAAAAJ,0000-0002-8712-2806
Hartmut Prautzsch,Karlsruhe Inst. of Technology,http://geom.ivd.kit.edu/mitarbeiter_88.php,NOSCHOLARPAGE,0000-0000-0000-0000
Hartwig Anzt,TU Munich,https://www.professoren.tum.de/en/anzt-hartwig,ctNCF8YAAAAJ,0000-0003-2177-952X
Haruhiko Kaneko,Tokyo Institute of Technology,http://kaneko-www.cs.titech.ac.jp,i9He6RYAAAAJ,0000-0000-0000-0000
Harun Artuner,Hacettepe University,http://yunus.hacettepe.edu.tr/~artuner,ImqfMJcAAAAJ,0000-0000-0000-0000
Haruo Takemura,Osaka University,https://www.ist.osaka-u.ac.jp/english/introduction/professors/information-systems-engineering/integrated-media-environment/haruo-takemura.html,iiYmQ9YAAAAJ,0000-0002-4645-6439
Haruo Yokota,Tokyo Institute of Technology,http://yokota-www.cs.titech.ac.jp/index.html.en,Ay2F2N0AAAAJ,0000-0001-9788-0443
Harvey P. Siy,University of Nebraska - Omaha,https://www.unomaha.edu/college-of-information-science-and-technology/about/faculty-staff/harvey-siy.php,NOSCHOLARPAGE,0000-0000-0000-0000
Haryadi S. Gunawi,University of Chicago,http://people.cs.uchicago.edu/~haryadi,TBaBNdkAAAAJ,0000-0003-3680-8450
Hasan Davulcu,Arizona State University,http://www.public.asu.edu/~hdavulcu,P9IivpwAAAAJ,0000-0001-5602-8270
Hasan H. Balik,Yıldız Technical University,https://www.ce.yildiz.edu.tr/personal/hasan?lang=en,tcdtSbIAAAAJ,0000-0000-0000-0000
Hasan Jamil,University of Idaho,http://www.uidaho.edu/engr/departments/cs/our-people/faculty/hasan-jamil,3x4_nY4AAAAJ,0000-0002-3124-3780
Hasan M. Jamil,University of Idaho,http://www.uidaho.edu/engr/departments/cs/our-people/faculty/hasan-jamil,3x4_nY4AAAAJ,0000-0002-3124-3780
Hasan Metin Aktulga,Michigan State University,http://www.cse.msu.edu/~hma,NOSCHOLARPAGE,0000-0003-3061-6378
Hasan Sözer,Özyeğin University,https://faculty.ozyegin.edu.tr/hsozer,L3FuUX0AAAAJ,0000-0000-0000-0000
Hasan Ural,University of Ottawa,http://www.site.uottawa.ca/~ural,NOSCHOLARPAGE,0000-0000-0000-0000
Hassan A. Artail,American University of Beirut,https://www.aub.edu.lb/fea/publicprofile/Pages/profile.aspx?memberid=ha27,Gm0ZtJcAAAAJ,0000-0000-0000-0000
Hassan A. Farhat,University of Nebraska - Omaha,https://www.unomaha.edu/college-of-information-science-and-technology/about/faculty-staff/hassan-farhat.php,NOSCHOLARPAGE,0000-0000-0000-0000
Hassan A. Karimi,University of Pittsburgh,http://gis.sis.pitt.edu,Fapp64AAAAAJ,0000-0000-0000-0000
Hassan Ali Artail,American University of Beirut,https://www.aub.edu.lb/fea/publicprofile/Pages/profile.aspx?memberid=ha27,Gm0ZtJcAAAAJ,0000-0000-0000-0000
Hassan Artail,American University of Beirut,https://www.aub.edu.lb/fea/publicprofile/Pages/profile.aspx?memberid=ha27,Gm0ZtJcAAAAJ,0000-0000-0000-0000
Hassan Asghar 0001,Macquarie University,https://hasghar.github.io,qAW2S9rkzfMC,0000-0001-6168-6497
Hassan Ashtiani,McMaster University,https://www.cas.mcmaster.ca/ashtiani,T4DF6CAAAAAJ,0000-0003-1758-7330
Hassan Farhat,University of Nebraska - Omaha,https://www.unomaha.edu/college-of-information-science-and-technology/about/faculty-staff/hassan-farhat.php,NOSCHOLARPAGE,0000-0000-0000-0000
Hassan Foroosh,University of Central Florida,http://www.cs.ucf.edu/~foroosh,vNHN42cAAAAJ,0000-0002-7601-8165
Hassan Ghasemzadeh 0001,Arizona State University,https://chs.asu.edu/hassan-ghasemzadeh,29Tc_lEAAAAJ,0000-0002-1844-1416
Hassan Khan,University of Guelph,https://www.uoguelph.ca/computing/people/hassan-khan,OS_P1F8AAAAJ,0000-0000-0000-0000
Hassan Naderi,IUST,http://www.iust.ac.ir/content/18922/Dr.-Naderi,-47I2ZIAAAAJ,0000-0000-0000-0000
Hassan Peyravi,Kent State University,https://www.kent.edu/cs/hassan-peyravi,NOSCHOLARPAGE,0000-0000-0000-0000
Hassan Rivaz,Concordia University,https://users.encs.concordia.ca/~hrivaz,FWDzqVUAAAAJ,0000-0001-5800-3034
Hassan Sajjad 0001,Dalhousie University,https://hsajjad.github.io,t3BH6NkAAAAJ,0000-0002-8584-6595
Hassan Takabi,University of North Texas,http://www.cse.unt.edu/~takabi,8OTNELUAAAAJ,0000-0000-0000-0000
Hassen Drira,CRIStAL,https://www.cristal.univ-lille.fr/profil/drirah,o1DTs2sAAAAJ,0000-0003-1052-4353
Hassene Aissi,Université Paris Dauphine,https://www.lamsade.dauphine.fr/~aissi,T645IqsAAAAJ,0000-0000-0000-0000
Hassiba Asmaa Adnane,Loughborough University,https://www.lboro.ac.uk/departments/compsci/staff/academic-teaching/asma-adnane,yNx6iUwAAAAJ,0000-0000-0000-0000
Hasso Plattner,Hasso Plattner Institute,https://hpi.de/forschung/fachgebiete/enterprise-platform-and-integration-concepts.html,NOSCHOLARPAGE,0000-0000-0000-0000
Hasti Seifi,Arizona State University,http://hastiseifi.com,IAD0fQQAAAAJ,0000-0001-6437-0463
Hatice Gunes,University of Cambridge,https://www.cl.cam.ac.uk/~hg410,2WkE1wYAAAAJ,0000-0003-2407-3012
Hatice Kose,Istanbul Technical University,http://akademi.itu.edu.tr/en/hbkose,5X9jEXoAAAAJ,0000-0003-4796-4766
Hatice Kose-Bagci,Istanbul Technical University,http://akademi.itu.edu.tr/en/hbkose,5X9jEXoAAAAJ,0000-0000-0000-0000
Hatice Köse,Istanbul Technical University,http://akademi.itu.edu.tr/en/hbkose,5X9jEXoAAAAJ,0000-0000-0000-0000
Hau Chan,University of Nebraska,https://cse.unl.edu/~hchan,NOSCHOLARPAGE,0000-0002-2461-9727
Hau-San Wong,City University of Hong Kong,https://www.cs.cityu.edu.hk/~hswong,i9Dh1OkAAAAJ,0000-0002-1530-7529
Hausi A. Müller,University of Victoria,http://webhome.cs.uvic.ca/~hausi,8hyNFkYAAAAJ,0000-0002-1004-5830
Hava T. Siegelmann,Univ. of Massachusetts Amherst,http://binds.cs.umass.edu/havaBio.html,A2fiOI0AAAAJ,0000-0000-0000-0000
Haya Schulmann,Goethe University Frankfurt,https://sites.google.com/view/schulmann,IyGJlV8AAAAJ,0000-0002-8130-0472
Hayato Yamana,Waseda University,https://www.yama.info.waseda.ac.jp/~yamana/yamana_eng2015.htm,5MXcXrMAAAAJ,0000-0001-7542-4826
Hayeon Song,Sungkyunkwan University,https://hailab.skku.edu,BO-AgNYAAAAJ,0000-0001-5951-8507
Hayfa Zgaya,CRIStAL,https://www.cristal.univ-lille.fr/profil/hzgaya,NOSCHOLARPAGE,0000-0000-0000-0000
Hayfa Zgaya-Biau,CRIStAL,https://www.cristal.univ-lille.fr/profil/hzgaya,NOSCHOLARPAGE,0000-0000-0000-0000
Hayley Hung,TU Delft,http://homepage.tudelft.nl/3e2t5,ka-LsrYAAAAJ,0000-0000-0000-0000
Haym Hirsh,Cornell University,https://www.cs.cornell.edu/~hirsh,lB6jgT4AAAAJ,0000-0000-0000-0000
Hayoung Oh,Sungkyunkwan University,https://sites.google.com/site/hyoh79,raE3YY0AAAAJ,0000-0000-0000-0000
Haytham M. Fayek,RMIT University,https://www.rmit.edu.au/contact/staff-contacts/academic-staff/f/fayek-dr-haytham,l5T9RtcAAAAJ,0000-0000-0000-0000
Hazel Doughty,Leiden University,https://hazeldoughty.github.io,b3koBVwAAAAJ,0000-0002-3670-3897
Hazem Hiary,University of Jordan,http://www.gju.edu.jo/content/dr-hazem-kaylani-1100,GEJ_25MAAAAJ,0000-0002-0306-5294
Hazem M. Hajj,American University of Beirut,http://feaweb.aub.edu.lb/personalwebsites/hhajj,QidtvQgAAAAJ,0000-0000-0000-0000
Hazem N. Nounou,Texas A&M at Qatar,https://www.qatar.tamu.edu/programs/ecen/faculty-and-staff/duplicate-of-dr.-ioannis-economou,lTlbcSUAAAAJ,0000-0001-8075-1581
Hazem Numan Nounou,Texas A&M at Qatar,https://www.qatar.tamu.edu/programs/ecen/faculty-and-staff/duplicate-of-dr.-ioannis-economou,lTlbcSUAAAAJ,0000-0000-0000-0000
Hazem Torfah,Chalmers/GU,https://www.chalmers.se/en/persons/hazemto,x6-iP_IAAAAJ,0000-0002-9628-1200
Hazem Wannous,CRIStAL,https://www.cristal.univ-lille.fr/profil/wannous,WsdQ9Z0AAAAJ,0000-0000-0000-0000
Hazim Kemal Ekenel,Istanbul Technical University,http://web.itu.edu.tr/ekenel,LfIDj68AAAAJ,0000-0003-3697-8548
Haïdar Safa,American University of Beirut,https://www.aub.edu.lb/fas/cs/people/Pages/hs33.aspx,THYMTJMAAAAJ,0000-0000-0000-0000
He He 0001,New York University,https://hhexiy.github.io,K-isjagAAAAJ,0009-0005-7805-3780
He Hu 0001,Renmin University of China,http://info.ruc.edu.cn/academic_professor.php?teacher_id=25,NOSCHOLARPAGE,0000-0000-0000-0000
He Huang,Soochow University,http://home.ustc.edu.cn/~huang83,VlD077cAAAAJ,0000-0000-0000-0000
He Jason Zhang,Nanjing University,https://software.nju.edu.cn//hezhang/index.html,NOSCHOLARPAGE,0000-0000-0000-0000
He Sun 0001,University of Edinburgh,http://www.inf.ed.ac.uk/people/staff/He_Sun.html,K6-JprYAAAAJ,0000-0003-4900-4152
He Wang 0002,University College London,https://profiles.ucl.ac.uk/93306-he-wang,BaaPAVYAAAAJ,0000-0002-2281-5679
He Wang 0010,Peking University,https://hughw19.github.io,roCAWkoAAAAJ,0000-0002-3365-4620
He Zhang 0001,Nanjing University,https://software.nju.edu.cn//hezhang/index.html,NOSCHOLARPAGE,0000-0002-9159-5331
He Zhu 0001,Rutgers University,http://herowanzhu.github.io,3X9GC2gAAAAJ,0000-0001-9606-150X
Heather Anne Crawford,Florida Institute of Technology,https://www.fit.edu/faculty-profiles/3/heather-crawford/?tracks=hcrawford,_jZd3F4AAAAJ,0000-0000-0000-0000
Heather Crawford,Florida Institute of Technology,https://www.fit.edu/faculty-profiles/3/heather-crawford/?tracks=hcrawford,_jZd3F4AAAAJ,0000-0001-6267-6303
Heather Culbertson,University of Southern California,https://sites.usc.edu/culbertson,Q5yf4F4AAAAJ,0000-0002-9187-2706
Heather Lipford,UNC - Charlotte,https://cci.charlotte.edu/people/heather-lipford,xzb1IqwAAAAJ,0000-0002-5261-0148
Heather Miller,Carnegie Mellon University,http://heather.miller.am,dpghk3cAAAAJ,0000-0002-2059-5406
Heather S. Packer,University of Southampton,https://www.ecs.soton.ac.uk/people/hsp2m10,GxnvRXkAAAAJ,0000-0000-0000-0000
Heather Zheng,University of Chicago,https://people.cs.uchicago.edu/~htzheng,XrIr0nYAAAAJ,0000-0000-0000-0000
Heba M. Lakany,University of Liverpool,https://liverpool.ac.uk/electrical-engineering-and-electronics/staff/heba-lakany,JBs_R-AAAAAJ,0000-0000-0000-0000
Heba Saadeh,University of Jordan,http://eacademic.ju.edu.jo/Heba.saadeh,ctbGyYUAAAAJ,0000-0001-8294-6278
Hector Geffner,RWTH Aachen University,https://www-i6.informatik.rwth-aachen.de/~hector.geffner,Wd0CDmcAAAAJ,0000-0001-9851-8219
Hector Gramaglia,Universidad Nacional de Córdoba,https://www.famaf.unc.edu.ar/~ciem/personas/gramaglia.html,NOSCHOLARPAGE,0000-0000-0000-0000
Hector Muñoz-Avila,Lehigh University,http://www.cse.lehigh.edu/~munoz,I2wo9-MAAAAJ,0000-0000-0000-0000
Hedyeh Beyhaghi,Univ. of Massachusetts Amherst,https://hedyehbeyhaghi.github.io,B8Sc1s4AAAAJ,0000-0002-5785-9946
Hee-Kap Ahn,POSTECH,http://tcs.postech.ac.kr/~heekap,NOSCHOLARPAGE,0000-0001-7177-1679
Heechul Yun,University of Kansas,http://www.ittc.ku.edu/~heechul,eTISRJ0AAAAJ,0000-0002-8515-2622
Heejin Park,Hanyang University,http://isa.hanyang.ac.kr/index.php/members,JNBeyNcAAAAJ,0000-0001-8142-7505
Heejo Lee,Korea University,https://ccs.korea.ac.kr/people/heejo,lsKlsJ8AAAAJ,0000-0002-5831-0787
Heena Rathore,Texas State University,https://drheenarathore.wordpress.com,YQymeAEAAAAJ,0000-0000-0000-0000
Heewook Lee,Arizona State University,https://search.asu.edu/profile/3505050,xxwDwuIAAAAJ,0000-0002-3528-6833
Heggere S. Ranganath,University of Alabama - Huntsville,https://www.uah.edu/science/departments/computer-science/faculty-staff/heggere-ranganath,NOSCHOLARPAGE,0000-0000-0000-0000
Hehua Zhang,Tsinghua University,http://www.thss.tsinghua.edu.cn/publish/soften/3131/2013/20130409104953529576785/20130409104953529576785_.html,NOSCHOLARPAGE,0000-0000-0000-0000
Heidi Christensen,University of Sheffield,https://www.sheffield.ac.uk/dcs/people/academic/heidi-christensen,5ccB6BcAAAAJ,0000-0003-3028-5062
Heidi Schumann,University of Rostock,https://vcg.informatik.uni-rostock.de/~schumann,nNu_MvYAAAAJ,0000-0000-0000-0000
Heidi Tscherning,University of Melbourne,http://www.cis.unimelb.edu.au/people,M1FWCaYAAAAJ,0000-0002-7868-4807
Heidrun Schumann,University of Rostock,https://vcg.informatik.uni-rostock.de/~schumann,nNu_MvYAAAAJ,0000-0000-0000-0000
Heike Jänicke,TU Kaiserslautern,https://via.cs.uni-kl.de/mitarbeiter/prof-dr-heike-leitte,DuiWf98AAAAJ,0000-0000-0000-0000
Heike Leitte,TU Kaiserslautern,https://via.cs.uni-kl.de/mitarbeiter/prof-dr-heike-leitte,DuiWf98AAAAJ,0000-0002-7112-2190
Heike Trautmann,University of Münster,https://www.wi.uni-muenster.de/de/institut/statistik/personen/heike-trautmann,Y7HCnM8AAAAJ,0000-0000-0000-0000
Heike Wehrheim,University of Oldenburg,https://uol.de/informatik/formale-methoden/team/heike-wehrheim,EmnW98wAAAAJ,0000-0002-2385-7512
Heiki-Jaan Kaalep,University of Tartu,http://www.ut.ee/en/heiki-jaan-kaalep,mWr3RasAAAAJ,0000-0000-0000-0000
Heikki Mannila,Aalto University,https://users.ics.aalto.fi/mannila,NOSCHOLARPAGE,0009-0000-3772-6073
Heiko Falk,Hamburg University of Technology,https://www.tuhh.de/es/esd/people/hfalk,T9vm2jEAAAAJ,0000-0003-1196-0122
Heiko Hamann,University of Konstanz,https://scikon.uni-konstanz.de/personen/profile/heiko.hamann,HUoutmwAAAAJ,0000-0002-2458-8289
Heiko Horst Hornung,UNICAMP,https://www.ic.unicamp.br/pessoas/docentes/heiko,NOSCHOLARPAGE,0000-0000-0000-0000
Heiko Krumm,TU Dortmund,https://ls4-www.cs.tu-dortmund.de/home/krumm/pi.html,NOSCHOLARPAGE,0000-0000-0000-0000
Heiko Mantel,TU Darmstadt,http://www.mais.informatik.tu-darmstadt.de/Heiko_Mantel.html,TTyQ4XEAAAAJ,0000-0002-6586-5529
Heiko Neumann,University of Ulm,http://www.informatik.uni-ulm.de/ni/mitarbeiter/HNeumann/index.html,0NbVSbMAAAAJ,0000-0001-7687-5792
Heiko Paulheim,University of Mannheim,https://www.uni-mannheim.de/dws/people/professors/prof-dr-heiko-paulheim,SkSl3NkAAAAJ,0000-0003-4386-8195
Heiko Röglin,University of Bonn,http://www.roeglin.org,NLLMDCkAAAAJ,0009-0006-8438-3986
Heiko Schuldt,University of Basel,https://dbis.dmi.unibas.ch/team/heiko-schuldt,aqmol5cAAAAJ,0000-0001-9865-6371
Heiko Vogler,TU Dresden,http://www.inf.tu-dresden.de/?node_id=1567,NOSCHOLARPAGE,0000-0000-0000-0000
Heili Orav,University of Tartu,https://www.etis.ee/CV/Heili_Orav/est,NOSCHOLARPAGE,0000-0000-0000-0000
Heiner Litz,Univ. of California - Santa Cruz,https://people.ucsc.edu/~hlitz,NVAyqAgAAAAJ,0000-0001-5181-9639
Heiner Stuckenschmidt,University of Mannheim,https://www.uni-mannheim.de/dws/people/professors/prof-dr-heiner-stuckenschmidt,oqpT1YUAAAAJ,0000-0002-0209-3859
Heinrich Hussmann,LMU Munich,http://www.medien.ifi.lmu.de/team/heinrich.hussmann,kwha-i8AAAAJ,0000-0003-1709-7905
Heinrich Hußmann,LMU Munich,http://www.medien.ifi.lmu.de/team/heinrich.hussmann,kwha-i8AAAAJ,0000-0000-0000-0000
Heinrich Jasper,TU Freiberg,http://www.informatik.tu-freiberg.de/prof3/jasper.html,NOSCHOLARPAGE,0000-0000-0000-0000
Heinrich Müller,TU Dortmund,https://ls7-www.cs.tu-dortmund.de/cms/en/node/676,NOSCHOLARPAGE,0000-0000-0000-0000
Heinrich-Wilhelm Schmidt,RMIT University,https://www.rmit.edu.au/contact/staff-contacts/academic-staff/s/schmidt-professor-heinrich,FEgaS_sAAAAJ,0000-0000-0000-0000
Heinz Handels,University of Lübeck,https://www.imi.uni-luebeck.de/institut/mitarbeiterinnen/handels-heinz,39hYEG8AAAAJ,0000-0002-3499-4328
Heinz Ulrich Hoppe,University of Duisburg-Essen,https://www.collide.info/de/mitarbeiter,NOSCHOLARPAGE,0000-0000-0000-0000
Heinz W. Schmidt,RMIT University,https://www.rmit.edu.au/contact/staff-contacts/academic-staff/s/schmidt-professor-heinrich,FEgaS_sAAAAJ,0000-0000-0000-0000
Heitor Murilo Gomes,Victoria University of Wellington,https://www.heitorgomes.com,DYVIl8oAAAAJ,0000-0002-5276-637X
Heji Zhao,Shandong University,http://www.cs.sdu.edu.cn/info/1091/2351.htm,NOSCHOLARPAGE,0000-0000-0000-0000
Helen C. Miles,Aberystwyth University,https://www.aber.ac.uk/en/cs/staff-profiles/listing/profile/hem23,OWuu1f0AAAAJ,0000-0003-4063-6479
Helen C. Purchase,Monash University,https://research.monash.edu/en/persons/helen-purchase,4I7Q3nEAAAAJ,0000-0001-6994-4446
Helen C. Sharp,Open University UK,http://stem.open.ac.uk/people/hcs2,GyqJT1UAAAAJ,0000-0003-4376-1734
Helen C. Shen,HKUST,http://repository.ust.hk/ir/AuthorProfile/shen-helen-c-m,NOSCHOLARPAGE,0000-0000-0000-0000
Helen Cameron,University of Manitoba,http://www.cs.umanitoba.ca/~hacamero,NOSCHOLARPAGE,0000-0000-0000-0000
Helen Donelan,Open University UK,http://stem.open.ac.uk/people/hmd83,WPUcbZgAAAAJ,0000-0003-3178-3266
Helen F. Hastie,University of Edinburgh,http://www.inf.ed.ac.uk/people/staff/Helen_Hastie.html,tyv4cdIAAAAJ,0000-0000-0000-0000
Helen Hastie,University of Edinburgh,http://www.inf.ed.ac.uk/people/staff/Helen_Hastie.html,tyv4cdIAAAAJ,0000-0002-9177-7282
Helen Lu,University of Technology Sydney,https://www.uts.edu.au/staff/haiyan.lu,Gw_2WrwAAAAJ,0000-0000-0000-0000
Helen Nissenbaum [Tech],Cornell University,https://nissenbaum.tech.cornell.edu,NOSCHOLARPAGE,0000-0000-0000-0000
Helen Paik,UNSW,http://www.cse.unsw.edu.au/~hpaik,JyyY5xw6AxgC,0000-0000-0000-0000
Helen Petrie,University of York,https://www-users.cs.york.ac.uk/~petrie,xhkqoGAAAAAJ,0000-0002-0100-9846
Helen Pritchard,Goldsmiths University of London,https://www.gold.ac.uk/computing/people/pritchard-helen,n6nkgeoAAAAJ,0000-0002-6107-5060
Helen Sharp,Open University UK,http://stem.open.ac.uk/people/hcs2,GyqJT1UAAAAJ,0000-0003-4376-1734
Helen Treharne,University of Surrey,https://www.surrey.ac.uk/people/helen-treharne,Fx_tCYMAAAAJ,0000-0000-0000-0000
Helen Wright Hastie,University of Edinburgh,http://www.inf.ed.ac.uk/people/staff/Helen_Hastie.html,tyv4cdIAAAAJ,0000-0000-0000-0000
Helen Xu 0001,Georgia Institute of Technology,https://itshelenxu.github.io,ZcguQt4AAAAJ,0000-0003-2232-3305
Helen Yannakoudakis,King's College London,https://www.kcl.ac.uk/people/helen-yannakoudakis,B3WGvRsAAAAJ,0000-0000-0000-0000
Helena Cristina da Gama Leitão,UFF,http://www2.ic.uff.br/~hcgl,NOSCHOLARPAGE,0000-0000-0000-0000
Helena Galhardas,Universidade de Lisboa,http://web.ist.utl.pt/helena.galhardas,oBY_WrMAAAAJ,0000-0000-0000-0000
Helena Holmström,Malmö University,https://mau.se/en/persons/helena.holmstrom.olsson,bjGw_5QAAAAJ,0000-0000-0000-0000
Helena Holmström Olsson,Malmö University,https://mau.se/en/persons/helena.holmstrom.olsson,bjGw_5QAAAAJ,0000-0000-0000-0000
Helena Karasti,IT University of Copenhagen,https://pure.itu.dk/portal/en/persons/helena-karasti(fdbd5c94-bf35-463a-ab70-1224809bbbf4).html,oEzi1K0AAAAJ,0000-0000-0000-0000
Helena M. Mentis,Drexel University,https://drexel.edu/cci/about/directory/M/Mentis-Helena,_VdWyEcAAAAJ,0000-0002-0142-3529
Helena Sarmento,Universidade de Lisboa,http://lisboa.academia.edu/HelenaSarmento,cn9nh7UAAAAJ,0000-0000-0000-0000
Helena Sofia Andrade N. P. Pinto,Universidade de Lisboa,http://ontol.inesc-id.pt/~sofia,NOSCHOLARPAGE,0000-0000-0000-0000
Helena Sofia Pinto,Universidade de Lisboa,http://ontol.inesc-id.pt/~sofia,NOSCHOLARPAGE,0000-0000-0000-0000
Helge Fredriksen,UiT The Arctic Univ. of Norway,https://uit.no/ansatte/helge.fredriksen,NOSCHOLARPAGE,0000-0002-3974-9583
Helge Hagenauer,University of Salzburg,https://www.cosy.sbg.ac.at/~hagenau,NOSCHOLARPAGE,0000-0000-0000-0000
Helge J. Ritter,Bielefeld University,https://ni.www.techfak.uni-bielefeld.de/people/helge,yplv734AAAAJ,0000-0000-0000-0000
Helge Joachim Ritter,Bielefeld University,https://ni.www.techfak.uni-bielefeld.de/people/helge,yplv734AAAAJ,0000-0000-0000-0000
Helge Langseth,NTNU,http://www.idi.ntnu.no/~helgel,yyXvuZsAAAAJ,0000-0000-0000-0000
Helge Pfeiffer,IT University of Copenhagen,https://pure.itu.dk/portal/en/persons/helge-pfeiffer(51cfa226-5179-4a05-aa13-4a53f8de6404).html,3_WyeYcAAAAJ,0000-0000-0000-0000
Helge Rhodin,University of British Columbia,http://helge.rhodin.de,2maWWboAAAAJ,0000-0003-2692-0801
Helger Lipmaa,University of Tartu,http://kodu.ut.ee/~lipmaa,kZch-sMAAAAJ,0000-0001-8393-6821
Heli Sun,Xi'an Jiaotong University,http://gr.xjtu.edu.cn/web/hlsun,HXjwuE4AAAAJ,0000-0003-0818-0301
Helle Rootzén,DTU,https://www.compute.dtu.dk/english,NOSCHOLARPAGE,0000-0000-0000-0000
Helmer Strik,Radboud University,https://www.ru.nl/english/people/strik-w,PuvTkHAAAAAJ,0000-0003-1722-3465
Helmut A. Mayer,University of Salzburg,https://www.cosy.sbg.ac.at/~helmut/helmut.html,NOSCHOLARPAGE,0000-0000-0000-0000
Helmut Hlavacs,University of Vienna,https://cs.univie.ac.at/helmut.hlavacs,I6E7smMAAAAJ,0000-0001-6837-674X
Helmut Krcmar,TU Munich,http://www.professoren.tum.de/en/krcmar-helmut,zwax5qkAAAAJ,0000-0000-0000-0000
Helmut Küchenhoff,LMU Munich,https://www.stablab.stat.uni-muenchen.de,MIHbY4UAAAAJ,0000-0000-0000-0000
Helmut Mayer 0001,Bundeswehr University Munich,https://www.unibw.de/inf4/mitarbeiter/univ-prof-dr-ing-helmut-mayer,f_n9lOIAAAAJ,0000-0002-9439-2695
Helmut Mayer 0003,University of Salzburg,https://www.cosy.sbg.ac.at/~helmut/helmut.html,NOSCHOLARPAGE,0000-0000-0000-0000
Helmut Pottmann,KAUST,https://cemse.kaust.edu.sa/people/person/helmut-pottmann,L5IgnDMAAAAJ,0000-0002-3195-9316
Helmut Prendinger,National Inst. of Informatics,https://www.nii.ac.jp/en/faculty/digital_content/prendinger_helmut,ExEodcUAAAAJ,0000-0003-4654-9835
Helmut Schmid,LMU Munich,https://www.cis.lmu.de/personen/privatdozenten/schmid/index.html,na103EYAAAAJ,0000-0000-0000-0000
Helmut Seidl,TU Munich,http://www2.in.tum.de/~seidl,cWGEU94AAAAJ,0000-0002-2135-1593
Helwig Hauser,University of Bergen,https://vis.uib.no/team/hauser,NOSCHOLARPAGE,0000-0003-0395-3192
Hema A. Murthy,IIT Madras,http://www.cse.iitm.ac.in/~hema,AQ8w2uEAAAAJ,0000-0000-0000-0000
Hemangee K. Kapoor,IIT Guwahati,http://www.iitg.ac.in/hemangee,9TsaEbMAAAAJ,0000-0002-9376-7686
Hemant A. Patil,DAIICT,http://intranet.daiict.ac.in/~hemant_patil,9kTiuPIAAAAJ,0000-0000-0000-0000
Hemant Rathore,BITS Pilani-Goa,https://www.bits-pilani.ac.in/goa/hemantr/profile,3ea8AOMAAAAJ,0000-0000-0000-0000
Hemanta K. Maji,Purdue University,https://www.cs.purdue.edu/homes/hmaji,sCL2jBcAAAAJ,0000-0000-0000-0000
Hemanta Kumar Maji,Purdue University,https://www.cs.purdue.edu/homes/hmaji,sCL2jBcAAAAJ,0000-0000-0000-0000
Hemanth Venkateswara,Georgia State University,https://www.hemanthdv.org/index.html,0wmiTYoAAAAJ,0000-0002-3832-0881
Heming Cui,University of Hong Kong,https://i.cs.hku.hk/~heming,lW9bpFIAAAAJ,0000-0001-7746-440X
Henderik A. Proper,TU Wien,http://www.erikproper.eu,NTymBHEAAAAJ,0000-0000-0000-0000
Henderik Alex Proper,TU Wien,http://www.erikproper.eu,NTymBHEAAAAJ,0000-0002-7318-2496
Hendrik Blockeel,KU Leuven,https://people.cs.kuleuven.be/~hendrik.blockeel,Eq5sUNpp0gwC,0000-0003-0378-3699
Hendrik Drachsler,Goethe University Frankfurt,https://www.dipf.de/en/institute/staff/drachsler-hendrik,v1hwiRAAAAAJ,0000-0001-8407-5314
Hendrik Jan Hoogeboom,Leiden University,https://liacs.leidenuniv.nl/~hoogeboomhj,WVFUj30AAAAJ,0000-0002-6673-0124
Hendrik P. A. Lensch,University of Tübingen,https://uni-tuebingen.de/en/faculties/faculty-of-science/departments/computer-science/lehrstuehle/computergrafik/computer-graphics/staff/prof-dr-ing-hendrik-lensch,2R22h84AAAAJ,0000-0003-3616-8668
Heng Fan 0001,University of North Texas,https://hengfan2010.github.io,MVQYJiMAAAAJ,0000-0002-7033-3690
Heng Guo 0001,University of Edinburgh,http://homepages.inf.ed.ac.uk/hguo,993eudcAAAAJ,0000-0000-0000-0000
Heng Huang,Univ. of Maryland - College Park,http://www.cs.umd.edu/~heng,4OqLaDwAAAAJ,0000-0002-3483-8333
Heng Ji 0001,Univ. of Illinois at Urbana-Champaign,http://blender.cs.illinois.edu/hengji.html,z7GCqT4AAAAJ,0000-0002-0464-7966
Heng Li 0007,Polytechnique Montreal,https://www.hengli.org,4tzkGvMAAAAJ,0000-0001-5441-6763
Heng Tao Shen,Tongji University,https://cs.tongji.edu.cn/info/1061/3337.htm,krryaDkAAAAJ,0000-0002-2999-2088
Heng Wu 0001,Chinese Academy of Sciences,https://syswu.github.io,m8AlSdMAAAAJ,0000-0001-7903-5879
Heng Yin 0001,Univ. of California - Riverside,http://www.cs.ucr.edu/~heng,_1VlI00AAAAJ,0000-0002-8942-7742
Heng-Da Cheng,Utah State University,https://directory.usu.edu/aggie/152b1,NOSCHOLARPAGE,0000-0003-3569-7621
Hengchang Liu,UESTC,https://www.en.scse.uestc.edu.cn/info/1085/1924.htm,NOSCHOLARPAGE,0000-0000-0000-0000
Henghui Ding,Fudan University,https://henghuiding.github.io,WI_flSwAAAAJ,0000-0003-4868-6526
Hengjin Cai,Wuhan University,https://cs.whu.edu.cn/info/1019/2884.htm,NOSCHOLARPAGE,0000-0000-0000-0000
Hengrui Cai,Univ. of California - Irvine,https://hengruicai.github.io,xzi3XR8AAAAJ,0000-0002-5679-8862
Hengshuang Zhao,University of Hong Kong,https://hszhao.github.io,4uE10I0AAAAJ,0000-0001-8277-2706
Hengzhao Yang,ShanghaiTech University,https://esl.sist.shanghaitech.edu.cn,yGEs-wYAAAAJ,0000-0002-0491-8340
Hengzhi Wang,Shenzhen University,https://csse.szu.edu.cn/pages/user/index?id=1286,VypaEDUAAAAJ,0000-0002-3334-8308
Heni Ben Amor,Arizona State University,https://cidse.engineering.asu.edu/directory/ben-amor-heni,u_7S7VYAAAAJ,0000-0000-0000-0000
Henk van den Heuvel,Radboud University,https://www.ru.nl/english/people/heuvel-h-van-den,F5j9Ud4AAAAJ,0000-0000-0000-0000
Henning Basold,Leiden University,https://liacs.leidenuniv.nl/~basoldh,IBofI4UAAAAJ,0000-0001-7610-8331
Henning Koehler,Massey University,http://www.massey.ac.nz/massey/learning/colleges/college-of-sciences/staff-list.cfm?stref=727830,NOSCHOLARPAGE,0000-0002-4688-920X
Henning Köhler,Massey University,http://www.massey.ac.nz/massey/learning/colleges/college-of-sciences/staff-list.cfm?stref=727830,NOSCHOLARPAGE,0000-0000-0000-0000
Henning Meyerhenke,Karlsruhe Inst. of Technology,https://eae.iti.kit.edu/21_58.php,cjr90bEAAAAJ,0000-0002-7769-726X
Henning Pohl,Aalborg University,https://henningpohl.net,ftOTeNkAAAAJ,0000-0002-1420-4309
Henning Schulzrinne,Columbia University,http://www.cs.columbia.edu/~hgs,6IHX8J4AAAAJ,0000-0001-7604-1122
Henning Sprekeler,TU Berlin,https://www.cognition.tu-berlin.de/menue/members/henning_sprekeler/parameter/de,m0v2CxEAAAAJ,0000-0000-0000-0000
Henny Admoni,Carnegie Mellon University,https://www.ri.cmu.edu/ri-faculty/henny-admoni,XXiZaA4AAAAJ,0000-0003-1796-2196
Henri Casanova,University of Hawaii at Manoa,https://henricasanova.github.io,lt3K0RcAAAAJ,0000-0001-6310-0365
Henri E. Bal,VU Amsterdam,http://www.cs.vu.nl/~bal,ZUTFG_YAAAAJ,0000-0000-0000-0000
Henrik Boström,KTH Royal Inst. of Technology,https://www.kth.se/profile/henbos,wKsdomUAAAAJ,0000-0001-8382-0300
Henrik Bærbak Christensen,Aarhus University,http://pure.au.dk/portal/en/persons/henrik-baerbak-christensen(4f747aba-32e8-4492-841f-1f9130be6909).html,Eb2LzvUAAAAJ,0000-0002-1645-1901
Henrik I. Christensen,Univ. of California - San Diego,http://www.hichristensen.net,MA8rI0MAAAAJ,0000-0002-7465-7502
Henrik Iskov Christensen,Univ. of California - San Diego,http://www.hichristensen.net,MA8rI0MAAAAJ,0000-0002-7465-7502
Henrik Leopold,VU Amsterdam,http://www.henrikleopold.com,qKCTXs4AAAAJ,0000-0000-0000-0000
Henrik Madsen,DTU,https://www.compute.dtu.dk/english,NOSCHOLARPAGE,0000-0003-0690-3713
Henrik Nilsson,University of Nottingham,https://www.nottingham.ac.uk/computerscience/people/henrik.nilsson,lMfV3-UAAAAJ,0000-0001-5045-8691
Henrique Debarba,IT University of Copenhagen,https://pure.itu.dk/portal/en/persons/henrique-galvan-debarba(4ac798ea-a458-473f-ba46-2e7515cf72e4).html,ZutRbb0AAAAJ,0000-0003-2090-9409
Henrique Galvan Debarba,IT University of Copenhagen,https://pure.itu.dk/portal/en/persons/henrique-galvan-debarba(4ac798ea-a458-473f-ba46-2e7515cf72e4).html,ZutRbb0AAAAJ,0000-0003-2090-9409
Henrique Luiz Cukierman,UFRJ,http://www.cos.ufrj.br/index.php/pt-BR/pessoas/details/18/1024-hcukier,SzRvQtQAAAAJ,0000-0000-0000-0000
Henrique Rebêlo,UFPE,https://www.cin.ufpe.br/~hemr,2QUyZaMAAAAJ,0000-0000-0000-0000
Henry A. Kautz,University of Virginia,https://henrykautz.com,WxQyOYQAAAAJ,0000-0001-5219-2970
Henry Brighton,Tilburg University,http://henrybrighton.github.io/index.html,GYgP-ogAAAAJ,0009-0006-3536-8552
Henry Corrigan-Gibbs,Univ. of California - Berkeley,people.eecs.berkeley.edu/~henrycg,T2tjOMYAAAAJ,0009-0006-7577-4512
Henry F. Korth,Lehigh University,http://www.cse.lehigh.edu/~korth,4VLZdawAAAAJ,0000-0000-0000-0000
Henry Fuchs,University of North Carolina,http://henryfuchs.web.unc.edu,guhwcP8AAAAJ,0000-0002-8834-4638
Henry Gouk,University of Edinburgh,http://www.inf.ed.ac.uk/people/staff/Henry_Gouk.html,i1bzlyAAAAAJ,0000-0002-0924-2933
Henry Han,Baylor University,https://www.ecs.baylor.edu/person/dr-henry-han,NOSCHOLARPAGE,0000-0000-0000-0000
Henry Hexmoor,SIU Carbondale,https://www2.cs.siu.edu/~hexmoor,NOSCHOLARPAGE,0000-0000-0000-0000
Henry Hoffmann,University of Chicago,http://people.cs.uchicago.edu/~hankhoffmann,COjq9XUAAAAJ,0000-0003-0816-8150
Henry Hong Xu,Chinese University of Hong Kong,https://henryhxu.github.io,BZHzIFIAAAAJ,0000-0000-0000-0000
Henry Linger,Monash University,http://monash.edu/research/explore/en/persons/henry-linger(d0b61062-30fc-4904-8e24-a758ebb997d0).html,rvYdGYUAAAAJ,0000-0002-0400-1786
Henry M. Tufo,University of Colorado Boulder,https://www.colorado.edu/cs/users/tufo,bqMA34cAAAAJ,0000-0000-0000-0000
Henry Muccini,University of L'Aquila,http://www.henrymuccini.com,5n9E1cMAAAAJ,0000-0001-6365-6515
Henry R. Childs,University of Oregon,https://www.cs.uoregon.edu/People/Faculty/Hank_Childs.php,1SJPBDAAAAAJ,0000-0000-0000-0000
Henry S. Thompson,University of Edinburgh,http://www.ltg.ed.ac.uk/~ht,NOSCHOLARPAGE,0000-0001-5490-1347
Henry Thompson,University of Edinburgh,http://www.ltg.ed.ac.uk/~ht,NOSCHOLARPAGE,0000-0000-0000-0000
Henry W. J. Reeve,Nanjing University,https://henryreeve.netlify.app,VPDWCGUAAAAJ,0000-0000-0000-0000
Henry Yuen,Columbia University,http://www.henryyuen.net,NOSCHOLARPAGE,0000-0002-2684-1129
Henryk Jan Komorowski,IPI PAN,https://ipipan.waw.pl/instytut/pracownicy/henryk-jan-komorowski,P6CBNTMAAAAJ,0000-0002-0766-8789
Henryk Michalewski,University of Warsaw,https://www.mimuw.edu.pl/~henrykm,YdHW1ycAAAAJ,0000-0001-8541-8112
Heon Y. Yeom,Seoul National University,https://cse.snu.ac.kr/en/professor/heon-young-yeom,xuFTRZ8AAAAJ,0000-0000-0000-0000
Heon Young Yeom,Seoul National University,https://cse.snu.ac.kr/en/professor/heon-young-yeom,xuFTRZ8AAAAJ,0000-0000-0000-0000
Heon-Chang Yu,Korea University,http://ds.korea.ac.kr/index.php/professor,dwvceYUAAAAJ,0000-0000-0000-0000
Heqing Huang 0002,City University of Hong Kong,https://5hadowblad3.github.io,iRH8F4sAAAAJ,0000-0002-5328-3994
Herbert Bos,VU Amsterdam,http://www.cs.vu.nl/~herbertb,KHMut54AAAAJ,0000-0001-6179-1510
Herbert Edelsbrunner,IST Austria,https://ist.ac.at/research/research-groups/edelsbrunner-group,w0PeAfAAAAAJ,0000-0000-0000-0000
Herbert Kuchen,University of Münster,https://www.wi.uni-muenster.de/de/institut/pi/personen/herbert-kuchen,G-JiSw0AAAAJ,0000-0000-0000-0000
Herbert Praehofer,JKU Linz,https://www.jku.at/institut-fuer-systemsoftware/team/praehofer-herbert,SpoHy8UAAAAJ,0000-0000-0000-0000
Herbert Prähofer,JKU Linz,https://www.jku.at/institut-fuer-systemsoftware/team/praehofer-herbert,SpoHy8UAAAAJ,0000-0000-0000-0000
Herbert Werner,Hamburg University of Technology,https://www.tuhh.de/ics/welcome.html,orTfGNMAAAAJ,0000-0000-0000-0000
Herbert Wiklicky,Imperial College London,http://www.doc.ic.ac.uk/~herbert,6Uh6z5AAAAAJ,0000-0000-0000-0000
Hercules Avramopoulos,NTUA,https://www.photonics.ntua.gr/people/prof-hercules-avramopoulos,hf2txgMAAAAJ,0000-0000-0000-0000
Heri Ramampiaro,NTNU,http://www.idi.ntnu.no/~heri,3H_HYnIAAAAJ,0000-0003-0534-5924
Heribert Vollmer,University of Hannover,https://www.thi.uni-hannover.de/vollmer.html,hU5ScRwAAAAJ,0000-0002-9292-1960
Herke van Hoof,University of Amsterdam,https://staff.fnwi.uva.nl/h.c.vanhoof,9owUkLYAAAAJ,0000-0002-1583-3692
Herman Geuvers,Radboud University,http://www.cs.ru.nl/~herman,hbnF9xUAAAAJ,0000-0003-2522-2980
Herman J. Haverkort,TU Eindhoven,http://www.win.tue.nl/~hermanh,j6fj3YMAAAAJ,0000-0000-0000-0000
Herman Saksono,Northeastern University,https://www.khoury.northeastern.edu/people/herman-saksono,jJ0fNrkAAAAJ,0000-0002-1148-7534
Hermann A. Maurer,Graz University of Technology,https://www2.isds.tugraz.at/maurer,2rUZR9MAAAAJ,0000-0000-0000-0000
Hermann G. Matthies,TU Braunschweig,https://www.tu-braunschweig.de/wire/institut/mitarbeiter/hmatthies,XUwCagIAAAAJ,0000-0000-0000-0000
Hermann Haertig,TU Dresden,http://os.inf.tu-dresden.de/~haertig,NOSCHOLARPAGE,0000-0000-0000-0000
Hermann Hellwagner,University of Klagenfurt,https://www.aau.at/team/hellwagner-hermann,ZEnAfuEAAAAJ,0000-0003-1114-2584
Hermann Härtig,TU Dresden,http://os.inf.tu-dresden.de/~haertig,NOSCHOLARPAGE,0000-0002-8357-2594
Hermann Maurer,Graz University of Technology,https://www2.isds.tugraz.at/maurer,2rUZR9MAAAAJ,0000-0002-9956-2032
Hermann Ney,RWTH Aachen University,http://www-i6.informatik.rwth-aachen.de/web/Staff/ney,6C8rf-0AAAAJ,0000-0000-0000-0000
Hermann Scharfetter,Graz University of Technology,https://www.tugraz.at/institutes/imt/home,tRtS-x8AAAAJ,0000-0000-0000-0000
Hermann de Meer,University of Passau,http://www.fim.uni-passau.de/en/computer-networks,ER_fzE8AAAAJ,0000-0000-0000-0000
Hermano P. Moura,UFPE,https://www.cin.ufpe.br/~hermano,HOiu9KkAAAAJ,0000-0000-0000-0000
Hermano P. de Moura,UFPE,https://www.cin.ufpe.br/~hermano,HOiu9KkAAAAJ,0000-0000-0000-0000
Hermano Perrelli de Moura,UFPE,https://www.cin.ufpe.br/~hermano,HOiu9KkAAAAJ,0000-0000-0000-0000
Herna L. Viktor,University of Ottawa,http://www.site.uottawa.ca/~hlviktor,liglceAAAAAJ,0000-0003-1914-5077
Herna Lydia Viktor,University of Ottawa,http://www.site.uottawa.ca/~hlviktor,liglceAAAAAJ,0000-0000-0000-0000
Hernisa Kacorri,Univ. of Maryland - College Park,https://terpconnect.umd.edu/~hernisa,El-R5MEAAAAJ,0000-0002-7798-308X
Hernán C. Melgratti,University of Buenos Aires,http://lafhis.dc.uba.ar/en/~melgratti,bLFVsAQAAAAJ,0000-0000-0000-0000
Hernán Wilkinson,University of Buenos Aires,https://www.dc.uba.ar/rrhh/profesores/wilkinson,NOSCHOLARPAGE,0000-0000-0000-0000
Herodotos Herodotou,Cyprus University of Technology,https://www.cut.ac.cy/faculties/fet/eecei/staff/herodotos.herodotou/?languageId=1,jyykiFIAAAAJ,0000-0002-8717-1691
Herve Lombaert,Polytechnique Montreal,https://shape.polymtl.ca/lombaert,KQbyRzIAAAAJ,0000-0000-0000-0000
Hervé Lombaert,Polytechnique Montreal,https://shape.polymtl.ca/lombaert,KQbyRzIAAAAJ,0000-0000-0000-0000
Hesham El-Sayed,UAEU,https://www.uaeu.ac.ae/en/cit/profile.shtml?email=helsayed@uaeu.ac.ae,TamyjUAAAAAJ,0000-0000-0000-0000
HeuiSeok Lim,Korea University,http://nlp.korea.ac.kr,HMTkz7oAAAAJ,0000-0002-9269-1157
Heung-Il Suk,Korea University,https://milab.korea.ac.kr,dl_oZLwAAAAJ,0000-0001-7019-8962
Heung-Kyu Lee,KAIST,http://hklee.kaist.ac.kr,f7uaLWEAAAAJ,0000-0000-0000-0000
Heyan Chai 0001,Shenzhen University,https://csse.szu.edu.cn/en/pages/user/index?id=1340,5EsW7mUAAAAJ,0000-0003-4470-9364
Heysem Kaya,Utrecht University,https://www.uu.nl/staff/HKaya,mPI3SpkAAAAJ,0000-0001-7947-5508
Hiba Baroud,Vanderbilt University,https://engineering.vanderbilt.edu/bio/hiba-baroud,1IjEUscAAAAJ,0000-0003-3641-6449
Hichem Frigui,University of Louisville,http://louisville.edu/speed/people/faculty/friguiHichem,kj8gkFAAAAAJ,0000-0002-8281-1629
Hideaki Ishii,Tokyo Institute of Technology,http://www.sc.dis.titech.ac.jp/ishii,q2n6QFAAAAAJ,0000-0000-0000-0000
Hideaki Takeda 0001,National Inst. of Informatics,http://www-kasm.nii.ac.jp/~takeda/index-j.html,Wgpx4bcAAAAJ,0000-0002-2909-7163
Hideharu Amano,Keio University,https://www.st.keio.ac.jp/en/tprofile/ics/amano.html,pfCZLZwAAAAJ,0000-0000-0000-0000
Hidehiko Masuhara,Tokyo Institute of Technology,http://prg.is.titech.ac.jp/people/masuhara,tq4dtkUAAAAJ,0000-0000-0000-0000
Hidehiko Shishido,University of Tsukuba,https://sites.google.com/image.iit.tsukuba.ac.jp/shishido,NOSCHOLARPAGE,0000-0001-8575-0617
Hideki Koike,Tokyo Institute of Technology,https://www.vogue.cs.titech.ac.jp,Ih8cJXQAAAAJ,0000-0002-8989-6434
Hideki Nakayama,University of Tokyo,http://www.nlab.ci.i.u-tokyo.ac.jp/~nakayama/index_en.html,AJUldKwAAAAJ,0000-0001-8726-2780
Hideo Joho,University of Tsukuba,https://docs.joholab.com/hideo/v/en/#biography,8W8gwisAAAAJ,0000-0002-6611-652X
Hideo Saito 0001,Keio University,https://www.st.keio.ac.jp/en/tprofile/ics/hideo.saito.html,JU9x-bcAAAAJ,0000-0002-2421-9862
Hidetoshi Shimodaira,Kyoto University,http://stat.sys.i.kyoto-u.ac.jp,LvoIaIsAAAAJ,0000-0002-3371-7724
Hidetsugu Irie,University of Tokyo,http://www.mtl.t.u-tokyo.ac.jp/~irie/en/profile,NOSCHOLARPAGE,0000-0002-5678-2377
Hideya Ochiai,University of Tokyo,http://www.u-tokyo.ac.jp/en/people/?id=9421810450,NOSCHOLARPAGE,0000-0000-0000-0000
Hien Quoc Ngo,Queen's University Belfast,https://www.qub.ac.uk/schools/eeecs/Connect/Staff/BusinessCard/?name=h.ngo,DbMdragAAAAJ,0000-0000-0000-0000
Hieu H. Pham 0001,VinUniversity,https://huyhieupham.github.io,mXcFcNkAAAAJ,0000-0003-4851-2518
Hieu Le 0001,UNC - Charlotte,https://hieulem.github.io,Bj9g-EEAAAAJ,0000-0001-7855-2778
Hila Peleg,Technion,https://hilap.cswp.cs.technion.ac.il,rA33JTIAAAAJ,0000-0002-0107-5659
Hilbert J. Kappen,Radboud University,http://www.snn.ru.nl/~bertk,JSkBINwAAAAJ,0000-0000-0000-0000
Hilda Tellioglu,TU Wien,http://hildatellioglu.com,TtivWwEAAAAJ,0000-0000-0000-0000
Hilde Kuehne,University of Tübingen,https://hildekuehne.github.io,pxhCcH0AAAAJ,0000-0003-1079-4441
Hildegard Koehler,University of Tübingen,https://hildekuehne.github.io,pxhCcH0AAAAJ,0000-0000-0000-0000
Hildegard Kuehne,University of Tübingen,https://hildekuehne.github.io,pxhCcH0AAAAJ,0000-0003-1079-4441
Hill Zhu,Florida Atlantic University,http://www.cse.fau.edu/~xqzhu,YhKZXtcAAAAJ,0000-0000-0000-0000
Hilmi R. Dajani,University of Ottawa,https://engineering.uottawa.ca/eecs/people/dajani-hilmi,NOSCHOLARPAGE,0000-0000-0000-0000
Himabindu Lakkaraju,Harvard University,https://seas.harvard.edu/person/hima-lakkaraju,oWid5PQAAAAJ,0000-0001-7922-6544
Himanshu Gupta 0001,Stony Brook University,http://www3.cs.stonybrook.edu/~hgupta,3a-0dbMAAAAJ,0000-0000-0000-0000
Himansu Das,KIIT Bhubaneswar,https://cse.kiit.ac.in/profiles/himansu-das,OnjKfNQAAAAJ,0000-0000-0000-0000
Hina Anwar,University of Tartu,https://www.etis.ee/CV/Hina_Anwar/eng,Q11UwwwAAAAJ,0000-0000-0000-0000
Hing Leung,New Mexico State University,http://www.cs.nmsu.edu/~hleung,LunDJDMAAAAJ,0000-0000-0000-0000
Hing-Fung Ting,University of Hong Kong,https://i.cs.hku.hk/~hfting,NOSCHOLARPAGE,0000-0000-0000-0000
Hinrich Schütze,LMU Munich,https://www.cis.uni-muenchen.de/schuetze,qIL9dWUAAAAJ,0000-0000-0000-0000
Hiok Chai Quek,Nanyang Technological University,http://research.ntu.edu.sg/expertise/academicprofile/Pages/StaffProfile.aspx?ST_EMAILID=ASHCQUEK,NOSCHOLARPAGE,0000-0000-0000-0000
Hirak Sarkar,Vanderbilt University,https://www.hiraksarkar.com,7vu64WsAAAAJ,0000-0003-3636-7384
Hiroaki Kawashima,Kyoto University,https://vision.kuee.kyoto-u.ac.jp/~hiroaki/index-e.html,NOSCHOLARPAGE,0000-0003-1208-3715
Hiroaki Mizuhara,Kyoto University,https://researchmap.jp/mizuhara/?lang=english,iSI_3FgAAAAJ,0000-0002-8267-1507
Hiroaki Nishi,Keio University,https://www.st.keio.ac.jp/en/tprofile/sd/nishi.html,rXAiVWUAAAAJ,0000-0002-6331-2947
Hiroaki Saito 0001,Keio University,https://www.nak.ics.keio.ac.jp/members.html,NOSCHOLARPAGE,0000-0000-0000-0000
Hiroaki Shiokawa,University of Tsukuba,http://www.kde.cs.tsukuba.ac.jp/~shion/index.html.en,LqamR6YAAAAJ,0000-0002-8530-2651
Hirokazu Kato 0001,NAIST,https://imdl.naist.jp,zlyaC60AAAAJ,0000-0003-3921-2871
Hirokazu Takahashi,University of Tokyo,http://www.rcast.u-tokyo.ac.jp/research/people/staff-takahashi_hirokazu_en.html,NOSCHOLARPAGE,0000-0002-1834-3832
Hiroki Matsutani,Keio University,https://www.st.keio.ac.jp/en/tprofile/ics/matsutani.html,cBqdx2IAAAAJ,0000-0000-0000-0000
Hiroki Takakura,National Inst. of Informatics,http://www.takakura.com/hiroki/index-e.html,NOSCHOLARPAGE,0000-0003-0238-4506
Hiromi Mochiyama,University of Tsukuba,http://www.frlab.iit.tsukuba.ac.jp/member/motiyama.html,NOSCHOLARPAGE,0000-0003-0985-120X
Hiromichi Nagao,University of Tokyo,http://www.eri.u-tokyo.ac.jp/nagaoh/members-e.html,NOSCHOLARPAGE,0000-0003-4314-5093
Hironobu Gotoda,National Inst. of Informatics,https://www.nii.ac.jp/en/faculty/society/gotoda_hironobu,NOSCHOLARPAGE,0000-0000-0000-0000
Hironori Kasahara,Waseda University,http://www.kasahara.cs.waseda.ac.jp/kasahara.html.en,snQhMXcAAAAJ,0000-0001-7984-756X
Hironori Washizaki,Waseda University,http://www.washi.cs.waseda.ac.jp/washizaki,WE5V6bkAAAAJ,0000-0002-1417-9879
Hiroo Iwata,University of Tsukuba,http://eva.vrlab.esys.tsukuba.ac.jp/profile,NOSCHOLARPAGE,0000-0001-9337-8616
Hiroshi Esaki,University of Tokyo,http://hiroshi1.hongo.wide.ad.jp/hiroshi,NOSCHOLARPAGE,0000-0001-5657-9216
Hiroshi Hirai 0001,University of Tokyo,http://www.misojiro.t.u-tokyo.ac.jp/~hirai,NOSCHOLARPAGE,0000-0002-4784-5110
Hiroshi Imai,University of Tokyo,http://www-imai.is.s.u-tokyo.ac.jp/~imai,NOSCHOLARPAGE,0000-0000-0000-0000
Hiroshi Ishiguro,Osaka University,https://eng.irl.sys.es.osaka-u.ac.jp,BNhvcyYAAAAJ,0000-0000-0000-0000
Hiroshi Ishikawa 0002,Waseda University,http://www.f.waseda.jp/hfs/indexE.html,M7KDA6oAAAAJ,0000-0000-0000-0000
Hiroshi Mo,National Inst. of Informatics,https://www.nii.ac.jp/en/faculty/digital_content/mo_hiroshi,NOSCHOLARPAGE,0000-0000-0000-0000
Hiroshi Nagamochi,Kyoto University,https://www-or.amp.i.kyoto-u.ac.jp/members/nag/index-e.html,NOSCHOLARPAGE,0000-0002-8332-1517
Hiroshi Nakagawa,University of Tokyo,http://www.r.dl.itc.u-tokyo.ac.jp/~nakagawa/English.html,MZni93cAAAAJ,0000-0000-0000-0000
Hiroshi Saruwatari,University of Tokyo,http://www.sp.ipc.i.u-tokyo.ac.jp/en,OS1XAoMAAAAJ,0000-0000-0000-0000
Hiroshi Shigeno,Keio University,http://www.mos.ics.keio.ac.jp/jp/index.html,NOSCHOLARPAGE,0000-0001-6320-8835
Hiroshi Shimodaira,University of Edinburgh,http://homepages.inf.ed.ac.uk/hshimoda,NOSCHOLARPAGE,0000-0001-8956-2816
Hiroshi Unno 0001,University of Tsukuba,http://www.cs.tsukuba.ac.jp/~uhiro,H73eAAsAAAAJ,0000-0002-4225-8195
Hirosuke Yamamoto,University of Tokyo,http://hirosuke.it.k.u-tokyo.ac.jp,pYWFHvoAAAAJ,0000-0001-6297-8838
Hirotaka Osawa,University of Tsukuba,http://hiroosa.com/biography,HpypdTcAAAAJ,0000-0001-5779-8437
Hiroyuki Kamei,Tokyo Institute of Technology,http://www.archaeo.cs.titech.ac.jp,NOSCHOLARPAGE,0000-0003-3846-2334
Hiroyuki Kato,National Inst. of Informatics,https://www.nii.ac.jp/en/faculty/architecture/kato_hiroyuki,NOSCHOLARPAGE,0000-0000-0000-0000
Hiroyuki Kido 0001,Cardiff University,https://www.cardiff.ac.uk/people/view/1724085-kido-hiroyuki,PzwETlYAAAAJ,0000-0002-7622-4428
Hiroyuki Kitagawa,University of Tsukuba,http://www.kde.cs.tsukuba.ac.jp/~kitagawa/index.html,dJccY-UAAAAJ,0000-0002-2984-2258
Hiroyuki Masuyama,Kyoto University,http://infosys.sys.i.kyoto-u.ac.jp/masuyama/index-en.html,NOSCHOLARPAGE,0000-0000-0000-0000
Hisao Ishibuchi,SUSTech,http://cse.sustech.edu.cn/faculty/~hisao,vx9EZN4AAAAJ,0000-0000-0000-0000
Hisashi Kashima,Kyoto University,http://www.ml.ist.i.kyoto-u.ac.jp/en,bkTB0t8AAAAJ,0000-0002-2770-0184
Hisham Cholakkal,MBZUAI,https://mbzuai.ac.ae/study/faculty/hisham-cholakkal,bZ3YBRcAAAAJ,0000-0002-8230-9065
Hisham G. Daoud,Augusta University,https://www.augusta.edu/faculty/directory/view.php?id=HDAOUD,8Ah9adgAAAAJ,0000-0000-0000-0000
Hitesh Tewari,Trinity College Dublin,https://www.tcd.ie/research/profiles/?profile=htewari,2oIU7q0AAAAJ,0000-0003-1738-527X
Hitoshi Iba,University of Tokyo,http://www.iba.t.u-tokyo.ac.jp/~iba,NOSCHOLARPAGE,0000-0000-0000-0000
Hitoshi Okada,National Inst. of Informatics,https://www.nii.ac.jp/en/faculty/society/okada_hitoshi,NOSCHOLARPAGE,0009-0004-2575-3575
Ho Jin Choi,KAIST,https://cs.kaist.ac.kr/people/view?idx=366&kind=faculty&menu=160,thJPUbsAAAAJ,0000-0000-0000-0000
Ho-Kwok Dai,Oklahoma State University,http://cs.okstate.edu/%7Edai,NOSCHOLARPAGE,0000-0000-0000-0000
Ho-fung Leung,Chinese University of Hong Kong,http://www.cse.cuhk.edu.hk/~lhf,JDErdKcAAAAJ,0000-0003-4914-2934
Hoa Khanh Dam,University of Wollongong,https://documents.uow.edu.au/~hoa,LzBiAcsAAAAJ,0000-0003-4246-0526
Hoai Phuong Ha,UiT The Arctic Univ. of Norway,https://uit.no/ansatte/phuong.hoai.ha,KfuUnC8AAAAJ,0000-0000-0000-0000
Hoang Dau,RMIT University,https://www.rmit.edu.au/contact/staff-contacts/academic-staff/d/dau-dr-son-hoang,dEdfBuwAAAAJ,0000-0003-2439-5185
Hoang-Dung Tran,University of Florida,https://sites.google.com/view/v2a2/about,_RzS3uMAAAAJ,0000-0001-6946-9526
Hock Soon Seah,Nanyang Technological University,http://www.ntu.edu.sg/home/ashsseah,NOSCHOLARPAGE,0000-0000-0000-0000
Hoda Bidkhori,George Mason University,https://cs.gmu.edu/directory/detail/172,NOSCHOLARPAGE,0000-0000-0000-0000
Hoda Eldardiry,Virginia Tech,http://people.cs.vt.edu/hdardiry,3IVJGxcAAAAJ,0000-0002-9712-6667
Hoda Maleki,Augusta University,https://www.augusta.edu/faculty/directory/view.php?id=HMALEKI,MFf4T7oAAAAJ,0000-0002-9486-1164
Hoda Mehrpouyan,Boise State University,https://www.boisestate.edu/coen-cs/people/faculty/hoda-mehrpouyan,c4xMhHEAAAAJ,0000-0001-6565-8311
Hoeteck Wee,Ecole Normale Superieure,http://www.di.ens.fr/~wee,lG7aUrkAAAAJ,0000-0000-0000-0000
Hogun Park,Sungkyunkwan University,https://learndatalab.github.io,0YEYuGIAAAAJ,0000-0003-0576-5806
Hoiio Kong,City University of Macau,https://fds.cityu.edu.mo/en/members/144,mqvdbFIAAAAJ,0009-0008-2196-8199
Hojin Jang,Korea University,https://bmcl.korea.ac.kr/author/hojin-jang,nVNpKUkAAAAJ,0000-0000-0000-0000
Hojoon Lee 0001,Sungkyunkwan University,https://sslab.skku.edu,n5n-Q8oAAAAJ,0000-0001-5344-6266
Hojung Cha,Yonsei University,https://mobed.yonsei.ac.kr/index.php?mid=People,B3CtxsAAAAAJ,0000-0002-9060-5091
Hokeun Kim,Arizona State University,https://search.asu.edu/profile/4842939,isH8pZoAAAAJ,0000-0003-1450-5248
Hoki Baek,Kyungpook National University,http://sites.google.com/view/ainlab,QPmY4JYAAAAJ,0000-0001-9213-7845
Holden Lee,Johns Hopkins University,https://holdenlee.github.io,hR9rFHgAAAAJ,0000-0003-3534-8739
Holger Blume,University of Hannover,https://www.ims.uni-hannover.de/blume.html?&no_cache=1,CnRN40sAAAAJ,0000-0002-0640-6875
Holger Boche,TU Munich,https://campus.tum.de/tumonline/ee/ui/ca2/app/desktop/#/pl/ui/$ctx/visitenkarte.show_vcard?$ctx=design=ca2;header=max;lang=de&pPersonenGruppe=3&pPersonenId=2E80BAF3692A94FD,kKdX1aAAAAAJ,0000-0000-0000-0000
Holger Dell,IT University of Copenhagen,https://holgerdell.com,zcZSZ4MAAAAJ,0000-0001-8955-0786
Holger Fröning,Heidelberg University,http://www.ziti.uni-heidelberg.de/ziti/en/ce-home,zToBrYIAAAAJ,0000-0001-9562-0680
Holger Giese,Hasso Plattner Institute,https://hpi.de/en/research/research-groups/system-analysis-and-modeling,tbVxns0AAAAJ,0000-0000-0000-0000
Holger H. Hoos,RWTH Aachen University,http://hoos.ca,l6c85tMAAAAJ,0000-0003-0629-0099
Holger Hermanns,Saarland University,http://depend.cs.uni-saarland.de/index.php?hermanns&L=1,lWMIeCAAAAAJ,0000-0002-2766-9615
Holger Karl,Hasso Plattner Institute,https://hpi.de/en/research/research-groups/internet-technologies-and-softwarization,vjgKHWMAAAAJ,0000-0002-8343-6322
Holger Pirk,Imperial College London,https://www.doc.ic.ac.uk/~hlgr,1jP_gqcAAAAJ,0000-0000-0000-0000
Holger Regenbrecht,University of Otago,https://www.otago.ac.nz/school-of-computing/our-people/holger-regenbrecht,RyTlTtoAAAAJ,0000-0002-5037-6407
Holger Schlingloff,Humboldt University of Berlin,http://www2.informatik.hu-berlin.de/svt,NOSCHOLARPAGE,0000-0000-0000-0000
Holger Schwarz,University of Stuttgart,https://www.ipvs.uni-stuttgart.de/institute/team/Schwarz-00001,9KSzmJYAAAAJ,0000-0001-7085-2813
Holger Theisel,University of Magdeburg,http://vc.cs.ovgu.de,oREmACAAAAAJ,0000-0002-8009-7070
Holly A. Yanco,Univ. of Massachusetts Amherst,http://www.cs.uml.edu/~holly,3WEijrIAAAAJ,0000-0002-9962-5865
Holly E. Rushmeier,Yale University,http://graphics.cs.yale.edu/holly,saY3qN5NWbcC,0000-0001-5241-0886
Homa Alemzadeh,University of Virginia,https://homa-alem.github.io,sXpmLxUAAAAJ,0000-0001-5279-842X
Homayoun Valafar,University of South Carolina,http://www.cse.sc.edu/~homayoun,RR6LGC8AAAAJ,0000-0002-1581-3464
Hon Wai Leong,National University of Singapore,https://www.comp.nus.edu.sg/~leonghw,FR0F_OsAAAAJ,0000-0000-0000-0000
Hon-Wai Leong,National University of Singapore,https://www.comp.nus.edu.sg/~leonghw,FR0F_OsAAAAJ,0000-0000-0000-0000
Hong An,USTC,http://acsa.ustc.edu.cn/contact,tEcLDxAAAAAJ,0000-0002-3900-3722
Hong Chang 0001,Chinese Academy of Sciences,http://vipl.ict.ac.cn/view_people.php?url=&id=54,LX6MnNsAAAAJ,0000-0000-0000-0000
Hong Chen 0001,Renmin University of China,https://bi.ruc.edu.cn/member/chenhong,NOSCHOLARPAGE,0000-0001-8132-9382
Hong Cheng 0001,Chinese University of Hong Kong,http://www1.se.cuhk.edu.hk/~hcheng,s3lQL7YAAAAJ,0000-0002-4673-2587
Hong Gao 0001,Harbin Institute of Technology,http://homepage.hit.edu.cn/gaohong,NOSCHOLARPAGE,0000-0002-2000-6683
Hong Hu 0004,Pennsylvania State University,https://huhong789.github.io,3aaJwkoAAAAJ,0000-0002-6261-3190
Hong Huang 0001,HUST,http://faculty.hust.edu.cn/honghuang/en/index.htm,-3d0B50AAAAJ,0000-0002-5282-551X
Hong Jiang 0001,University of Texas at Arlington,http://ranger.uta.edu/~jiang,u6wmNbQAAAAJ,0000-0002-1477-9751
Hong Jin Kang,University of Sydney,https://kanghj.github.io,I0aA7bQAAAAJ,0000-0001-7335-7295
Hong Linh Truong 0001,Aalto University,https://research.aalto.fi/en/persons/linh-truong,juCwRycAAAAJ,0000-0003-1465-9722
Hong Lu 0001,Fudan University,http://homepage.fudan.edu.cn/honglu,bR8b-WIAAAAJ,0000-0000-0000-0000
Hong Mei 0001,Peking University,http://sei.pku.edu.cn/~meih/index_en.html,b-ZYIwoAAAAJ,0000-0003-2380-3976
Hong Qin 0001,Stony Brook University,http://www3.cs.stonybrook.edu/~qin,NOcejj8AAAAJ,0000-0001-7699-1355
Hong Shen 0001,Sun Yat-sen University,https://ieeexplore.ieee.org/author/37279492700,tBnVrjEAAAAJ,0000-0000-0000-0000
Hong Xu 0001,Chinese University of Hong Kong,https://henryhxu.github.io,BZHzIFIAAAAJ,0000-0002-9359-9571
Hong Yu 0001,University of Massachusetts Lowell,http://bio-nlp.org,TyXe64wAAAAJ,0000-0001-9263-5035
Hong Zhang 0013,University of Alberta,https://webdocs.cs.ualberta.ca/~zhang,NOSCHOLARPAGE,0000-0002-1677-6132
Hong Zhang 0025,University of Waterloo,https://hongzhangblaze.github.io,0h2AaEsAAAAJ,0000-0001-7468-3746
Hong Zhou 0004,Shenzhen University,https://www.researchgate.net/profile/Hong-Zhou-27,Lxr1seAAAAAJ,0000-0000-0000-0000
Hong-Bin Shen,Shanghai Jiao Tong University,http://www.csbio.sjtu.edu.cn,NOSCHOLARPAGE,0000-0002-4029-3325
Hong-Bo Li,Tsinghua University,http://www.tsinghua.edu.cn/publish/csen/4623/2014/20140320082716471162119/20140320082716471162119_.html,dobaH5cAAAAJ,0000-0000-0000-0000
Hong-Dong Li,Central South University,https://genemine.github.io/index_ch.html,JrQxdmUAAAAJ,0000-0003-3438-739X
Hong-Goo Kang,Yonsei University,http://dsp.yonsei.ac.kr,YsD8KCYAAAAJ,0000-0002-6554-0783
Hong-Han Shuai,National Chiao Tung University,https://basiclab.nctu.edu.tw,NOSCHOLARPAGE,0000-0003-2216-077X
Hong-Linh Truong 0001,Aalto University,https://research.aalto.fi/en/persons/linh-truong,juCwRycAAAAJ,0000-0003-1465-9722
Hong-Ning Dai,Hong Kong Baptist University,https://www.henrylab.net,20aqGSoAAAAJ,0000-0001-6165-4196
Hong-Sheng Zhou,Virginia Commonwealth University,http://www.people.vcu.edu/~hszhou,PQl5OHMAAAAJ,0000-0003-3534-6629
Hong-Tao Lu,Shanghai Jiao Tong University,http://english.seiee.sjtu.edu.cn/english/detail/841_674.htm,GtNuBJcAAAAJ,0000-0000-0000-0000
Hong-bo Li,Tsinghua University,http://www.tsinghua.edu.cn/publish/csen/4623/2014/20140320082716471162119/20140320082716471162119_.html,dobaH5cAAAAJ,0000-0000-0000-0000
Hongbin Cai,UESTC,https://www.scse.uestc.edu.cn/info/1081/11644.htm,NOSCHOLARPAGE,0000-0000-0000-0000
Hongbin Luo,Beihang University,https://cst.buaa.edu.cn/info/1059/3792.htm,aaEjzHMAAAAJ,0000-0000-0000-0000
Hongbin Pei,Xi'an Jiaotong University,https://gr.xjtu.edu.cn/en/web/peihongbin,FxVmazsAAAAJ,0000-0002-7157-9959
Hongbin Sun 0001,Xi'an Jiaotong University,http://gr.xjtu.edu.cn/web/hsun,2nI_wvAAAAAJ,0000-0000-0000-0000
Hongbin Zha,Peking University,http://www.cis.pku.edu.cn/vision/Visual&Robot/people/zha,LQxSSgYAAAAJ,0000-0001-5860-4673
Hongbo Fu 0001,HKUST,https://hongbofu.people.ust.hk,S7D5ygcAAAAJ,0000-0002-0284-726X
Hongbo Jiang 0001,Hunan University,https://hongbojiang2004.github.io/en,m-bu8JgAAAAJ,0000-0001-7372-2539
Hongbo Li 0001,Tsinghua University,http://www.tsinghua.edu.cn/publish/csen/4623/2014/20140320082716471162119/20140320082716471162119_.html,dobaH5cAAAAJ,0000-0000-0000-0000
Hongbo Liu 0002,UESTC,https://faculty.uestc.edu.cn/liuhongbo/en/index.htm,0vlJjIUAAAAJ,0000-0003-1162-839X
Hongbo Yu,Tsinghua University,http://www.tsinghua.edu.cn/publish/casen/1695/2010/20101224093253705266640/20101224093253705266640_.html,9Q_HLzMAAAAJ,0000-0000-0000-0000
Hongchang Gao,Temple University,https://www.cst.temple.edu/~tuo14379,Yc-W6K4AAAAJ,0000-0002-0121-0953
Hongchi Shi,Texas State University,http://www.cs.txstate.edu/~hs15,7JCvYpwAAAAJ,0000-0000-0000-0000
Hongdong Li,Australian National University,http://users.cecs.anu.edu.au/~hongdong,Mq89JAcAAAAJ,0000-0003-4125-1554
Hongfei Fan,Tongji University,https://sse.tongji.edu.cn/Data/View/3145,F2wcDOsAAAAJ,0000-0000-0000-0000
Hongfei Fu 0001,Shanghai Jiao Tong University,http://jhc.sjtu.edu.cn/~hongfeifu,5bHQE-UAAAAJ,0000-0002-7947-3446
Hongfei Xue,UNC - Charlotte,https://havocfixer.github.io,1RiEevcAAAAJ,0000-0001-9691-9668
Hongfei Yan,Peking University,http://eecs.pku.edu.cn/EN/People/Faculty/Detail/?ID=6010,NOSCHOLARPAGE,0000-0000-0000-0000
Hongfeng Yu 0001,University of Nebraska,http://vis.unl.edu/~yu,yeWsFW4AAAAJ,0000-0002-0596-8227
Hongfu Liu 0001,Brandeis University,http://hongfuliu.com,3FqYBw0AAAAJ,0000-0002-4261-8154
Honggang Zhang 0002,BUPT,http://www.pris.net.cn/introduction/teacher/zhanghonggang,j55tWpwAAAAJ,0000-0001-8287-6783
Hongguang Fu,UESTC,https://www.scse.uestc.edu.cn/info/1081/11403.htm,NOSCHOLARPAGE,0000-0000-0000-0000
Hongguang Zhu,City University of Macau,https://fds.cityu.edu.mo/en/members/428,c3uwy60AAAAJ,0000-0002-1356-5153
Honghao Wei,Washington State University,https://honghaow.me,4J9T0asAAAAJ,0000-0000-0000-0000
Honghui Shi,Georgia Institute of Technology,https://www.humphreyshi.com,WBvt5A8AAAAJ,0000-0002-2922-5663
Hongjie Chen,Peking University,http://www.sei.pku.edu.cn/people/chenhj,NOSCHOLARPAGE,0000-0000-0000-0000
Hongjin Liang 0001,Nanjing University,https://cs.nju.edu.cn/hongjin,c-jKd-UAAAAJ,0000-0002-4337-6548
Hongkai Wen 0001,University of Warwick,https://warwick.ac.uk/fac/sci/dcs/people/Hongkai_Wen,SSbjWKAAAAAJ,0000-0003-1159-090X
Hongkai Xiong,Shanghai Jiao Tong University,https://min.sjtu.edu.cn/En/FacultyShow/4?Vid=14,bB16iN4AAAAJ,0000-0003-4552-0029
Hongkai Yu,Cleveland State University,http://cis.csuohio.edu/~h.yu/me.html,JnQts0kAAAAJ,0000-0000-0000-0000
Hongli Xu,USTC,http://staff.ustc.edu.cn/~xuhongli,zGmKnqMAAAAJ,0000-0000-0000-0000
Hongliang Li 0001,UESTC,http://ivipc.uestc.edu.cn/hlli,O9-QDwEAAAAJ,0000-0002-7481-095X
Hongliang Yu,Tsinghua University,http://www.cs.tsinghua.edu.cn/publish/csen/4623/2010/20101224235934865670879/20101224235934865670879_.html,QiqG_G4AAAAJ,0000-0000-0000-0000
Hongling Wang,Soochow University,http://web.suda.edu.cn/hlwang,NOSCHOLARPAGE,0000-0000-0000-0000
Hongming Cai,Shanghai Jiao Tong University,https://ist.sjtu.edu.cn/memberscaihm,uPMz8oEAAAAJ,0000-0000-0000-0000
Hongming Zhu,Tongji University,https://sse.tongji.edu.cn/Data/View/3142,NOSCHOLARPAGE,0000-0000-0000-0000
Hongning Wang,Tsinghua University,https://www.cs.tsinghua.edu.cn/csen/info/1211/4278.htm,qkdvKNoAAAAJ,0000-0002-6524-9195
Hongpeng Wang,Harbin Institute of Technology,http://faculty.hitsz.edu.cn/wanghongpeng,NOSCHOLARPAGE,0000-0000-0000-0000
Hongping Cai,University of Exeter,http://emps.exeter.ac.uk/computer-science/staff/hc564,0zD97j4AAAAJ,0000-0000-0000-0000
Hongseok Yang,KAIST,https://cs.kaist.ac.kr/people/view?idx=552&kind=faculty&menu=167,cLuwH14AAAAJ,0000-0003-1502-2942
Hongsheng He,Wichita State University,https://www.wichita.edu/profiles/academics/engineering/SoC/He-Hongsheng.php,-d7xjlMAAAAJ,0000-0002-2810-865X
Hongsheng Li 0001,Chinese University of Hong Kong,https://www.ee.cuhk.edu.hk/~hsli,BN2Ze-QAAAAJ,0000-0002-2664-7975
Hongtao Lu 0001,Shanghai Jiao Tong University,http://english.seiee.sjtu.edu.cn/english/detail/841_674.htm,GtNuBJcAAAAJ,0000-0003-2300-3039
Hongteng Xu,Renmin University of China,https://sites.google.com/view/hongtengxu,7gYVOO8AAAAJ,0000-0003-4192-5360
Hongtu Zhu,University of North Carolina,https://www.med.unc.edu/bigs2,lI8rKkoAAAAJ,0000-0002-6781-2690
Honguk Woo,Sungkyunkwan University,http://csi.skku.edu/hongukwoo,Gaxjc7UAAAAJ,0000-0001-6948-3440
Hongwei Li 0001,UESTC,https://www.en.scse.uestc.edu.cn/info/1085/2002.htm,-o6u2gwAAAAJ,0000-0002-1961-7946
Hongwei Shi,Sichuan University,https://cs.scu.edu.cn/info/1288/13626.htm,NOSCHOLARPAGE,0000-0000-0000-0000
Hongwei Xi 0001,Boston University,https://www.cs.bu.edu/~hwxi,1mMmqs4AAAAJ,0000-0003-1289-7794
Hongxia Yang,The Hong Kong Polytechnic Univ.,https://www4.comp.polyu.edu.hk/~hongxyang,iJlC5mMAAAAJ,0000-0002-0580-9728
Hongxin Hu,University at Buffalo,https://cse.buffalo.edu/~hongxinh,fQQXj1oAAAAJ,0000-0001-8710-247X
Hongxin Wei,SUSTech,https://hongxin001.github.io,cABH034AAAAJ,0000-0002-8973-2843
Hongxing Qin,Chongqing University,http://www.cs.cqu.edu.cn/info/1331/5412.htm,XQ1E_M0AAAAJ,0000-0002-5905-0585
Hongxing Wang 0001,Chongqing University,http://www.cse.cqu.edu.cn/info/2096/3498.htm,IeDbKe4AAAAJ,0000-0001-7799-1023
Hongxing Ye,Cleveland State University,https://engineering.csuohio.edu/eecs/hongxing-ye-assistant-professor,NOSCHOLARPAGE,0000-0000-0000-0000
Hongxu Jiang,Beihang University,http://scse.buaa.edu.cn/info/1022/3017.htm,NOSCHOLARPAGE,0000-0002-2258-7346
Hongxun Yao,Harbin Institute of Technology,http://homepage.hit.edu.cn/yaohongxun,aOMFNFsAAAAJ,0000-0003-3298-2574
Hongyan Li 0002,Peking University,http://www.cis.pku.edu.cn/system/webs/Members/Lihongyan_EN.htm,NOSCHOLARPAGE,0000-0000-0000-0000
Hongyang Chao,Sun Yat-sen University,https://ieeexplore.ieee.org/author/37288624500,qnbpG6gAAAAJ,0000-0002-6104-2322
Hongyang Gao,Iowa State University,https://faculty.sites.iastate.edu/hygao,jGmq0aEAAAAJ,0000-0002-9020-9080
Hongyang R. Zhang,Northeastern University,https://www.khoury.northeastern.edu/people/hongyang-zhang,Sx-673sAAAAJ,0009-0005-9118-8516
Hongyang Zhang 0001,University of Waterloo,https://hongyanz.github.io,wSstCv0AAAAJ,0000-0002-0548-6068
Hongyi Wang 0001,Rutgers University,https://hwang595.github.io,zYdZORsAAAAJ,0000-0000-0000-0000
Hongyi Wen,NYU Shanghai,https://whongyi.github.io,Kf9y87sAAAAJ,0000-0002-5954-7313
Hongying Liu,Xidian University,https://web.xidian.edu.cn/hyliu,S0pp67AAAAAJ,0000-0000-0000-0000
Hongyu Kuang,Nanjing University,https://software.nju.edu.cn//khy/index.html,L8OEL5IAAAAJ,0009-0003-8702-2826
Hongyu Lin,Chinese Academy of Sciences,https://people.ucas.ac.cn/~hongyu,mu5lLakAAAAJ,0000-0000-0000-0000
Hongyu Zhang 0002,Chongqing University,https://sites.google.com/site/hongyujohn,zsUN6PkAAAAJ,0000-0002-3063-9425
Hongyuan Liu 0002,Stevens Institute of Technology,https://www.liuhongyuan.com,o-tpTowAAAAJ,0000-0002-6961-6394
Hongyuan Zha,CUHK (SZ),https://sds.cuhk.edu.cn/teacher/65,n1DQMIsAAAAJ,0000-0000-0000-0000
Hongzhi Wang 0001,Harbin Institute of Technology,http://homepage.hit.edu.cn/wang,qZedaiAAAAAJ,0000-0002-7521-2871
Hongzhi Wu,Zhejiang University,http://www.cad.zju.edu.cn/home/hwu,NOSCHOLARPAGE,0000-0002-4404-2275
Hongzhi Yin,University of Queensland,https://sites.google.com/site/dbhongzhi,JJsBmhYAAAAJ,0000-0003-1395-261X
Hongzhi Zhang,Harbin Institute of Technology,http://homepage.hit.edu.cn/zhanghz,NOSCHOLARPAGE,0000-0000-0000-0000
Hongzi Zhu,Shanghai Jiao Tong University,https://lion.sjtu.edu.cn/member/memberDetail?id=12,HkaEi3MAAAAJ,0000-0001-8657-5064
Honza Cernocký,Brno University of Technology,https://www.fit.vut.cz/person/cernocky,BnfCLXcAAAAJ,0000-0000-0000-0000
Hoong Chilin Lau,Singapore Management University,https://www.smu.edu.sg/faculty/profile/9620/LAU-Hoong-Chuin,2YZITOgAAAAJ,0000-0000-0000-0000
Hoong Chuin Lau,Singapore Management University,https://www.smu.edu.sg/faculty/profile/9620/LAU-Hoong-Chuin,2YZITOgAAAAJ,0000-0002-5326-411X
Horace H. S. Ip,City University of Hong Kong,https://www.cs.cityu.edu.hk/profile/cship.html,RkGFFUkAAAAJ,0000-0000-0000-0000
Horace Ho-Shing Ip,City University of Hong Kong,https://www.cs.cityu.edu.hk/profile/cship.html,RkGFFUkAAAAJ,0000-0002-1509-9002
Horia F. Pop,Babeș-Bolyai University,http://www.cs.ubbcluj.ro/~hfpop,PmrtLngAAAAJ,0000-0000-0000-0000
Horst Bischof,Graz University of Technology,https://www.tugraz.at/institute/icg/research/team-bischof/people/team-about/horst-bischof,_pq05Q4AAAAJ,0000-0002-9096-6671
Horst K. Hahn,Jacobs University Bremen,https://www.jacobs-university.de/directory/hhahn,8wiZiu4AAAAJ,0000-0001-7512-5762
Horst Karl Hahn,Jacobs University Bremen,https://www.jacobs-university.de/directory/hhahn,8wiZiu4AAAAJ,0000-0000-0000-0000
Horst Lazarek,TU Dresden,http://forschungsinfo.tu-dresden.de/detail/professur/266,NOSCHOLARPAGE,0000-0000-0000-0000
Horst Lichter,RWTH Aachen University,https://www.swc.rwth-aachen.de,q4JUOP4AAAAJ,0000-0002-3440-1238
Horst Reichel,TU Dresden,https://wwwtcs.inf.tu-dresden.de/~reichel,NOSCHOLARPAGE,0000-0000-0000-0000
Horst Schirmeier,TU Dresden,https://tu-dresden.de/ing/informatik/sya/professur-fuer-betriebssysteme/die-professur/team,MIloek0AAAAJ,0000-0002-1427-9343
Horst-Michael Gross,TU Ilmenau,https://www.tu-ilmenau.de/neurob/team/prof-dr-horst-michael-gross,eKw3T1EAAAAJ,0000-0000-0000-0000
Horst-Michael Groß,TU Ilmenau,https://www.tu-ilmenau.de/neurob/team/prof-dr-horst-michael-gross,eKw3T1EAAAAJ,0000-0000-0000-0000
Horácio C. Neto,Universidade de Lisboa,https://tecnico.ulisboa.pt/pt/tag/horacio-neto,17oPwbYAAAAJ,0000-0002-3621-8322
Hosagrahar Visvesvaraya Jagadish,University of Michigan,http://web.eecs.umich.edu/~jag,SKVnHakAAAAJ,0000-0000-0000-0000
Hosein Mohimani,Carnegie Mellon University,http://mohimanilab.cbd.cmu.edu,fN8qBDgAAAAJ,0000-0003-3980-2505
Hosna Jabbari,University of Victoria,https://onlineacademiccommunity.uvic.ca/cobra,CiBbx70AAAAJ,0000-0002-7155-2297
Hossam A. Gabbar,Ontario Tech University,https://engineering.ontariotechu.ca/people/ecse/hossam.gaber.php,xjWM54EAAAAJ,0000-0000-0000-0000
Hossam H. Hassanein,Queen’s University,http://research.cs.queensu.ca/home/hossam,lHX_OIoAAAAJ,0000-0000-0000-0000
Hossam S. Hassanein,Queen’s University,http://research.cs.queensu.ca/home/hossam,lHX_OIoAAAAJ,0000-0003-0260-8979
Hossein Asadi 0001,Sharif University of Technology,http://sharif.edu/~asadi,fgNWK9YAAAAJ,0000-0002-0264-3865
Hossein Hojjat,TeIAS,https://teias.institute/people/faculty/cs/hossein-hojjat,hkfVNCMAAAAJ,0000-0002-4743-8750
Hossein Rahmani 0001,Lancaster University,https://www.lancaster.ac.uk/scc/about-us/people/hossein-rahmani,zFyT_gwAAAAJ,0000-0003-1920-0371
Hossein Saiedian,University of Kansas,http://people.eecs.ku.edu/~saiedian,ABtH60kAAAAJ,0000-0001-5060-6332
Hossein Sameti,Sharif University of Technology,http://sina.sharif.ir/~sameti,ebEhWZwAAAAJ,0000-0000-0000-0000
Houari A. Sahraoui,University of Montreal,http://www.iro.umontreal.ca/~sahraouh,xsUkTCEAAAAJ,0000-0001-6304-9926
Houbing Song,Univ. of Maryland - Baltimore County,http://www.songlab.us,iJ_XxxoAAAAJ,0000-0003-2631-9223
Houfeng Wang,Peking University,http://icl.pku.edu.cn/members/wanghf/index.htm,NOSCHOLARPAGE,0000-0001-7130-1589
Houman Homayoun,Univ. of California - Davis,https://www.ece.ucdavis.edu/~hhomayou,wL7FTE8AAAAJ,0000-0001-8904-4699
Houman Owhadi,California Inst. of Technology,http://users.cms.caltech.edu/~owhadi/index.htm,p8KAidYAAAAJ,0000-0002-5677-1600
Houqiang Li,USTC,http://staff.ustc.edu.cn/~lihq/en,7sFMIKoAAAAJ,0000-0003-2188-3028
Houwei Cao,New York Tech,https://site.nyit.edu/bio/hcao02,Hltxo5MAAAAJ,0000-0000-0000-0000
Hovav Shacham,Univ. of California - San Diego,https://hovav.net/ucsd,E0NwK2AAAAAJ,0009-0008-0225-8714
Hovhannes Harutyunyan,Concordia University,http://www.concordia.ca/faculty/hovhannes-harutyunyan.html,NOSCHOLARPAGE,0000-0000-0000-0000
Howard Blair,Syracuse University,https://experts.syr.edu/en/persons/howard-a-blair/network-organisations,NOSCHOLARPAGE,0000-0001-8957-5940
Howard Bowman,University of Kent,https://www.cs.kent.ac.uk/people/staff/hb5,pcKQix4AAAAJ,0000-0000-0000-0000
Howard C. Elman,Univ. of Maryland - College Park,https://www.cs.umd.edu/users/elman,7zf7xGkAAAAJ,0000-0000-0000-0000
Howard J. Hamilton,University of Regina,http://www.cs.uregina.ca/People/Profiles/HowardHamilton.html,S8kGH3cAAAAJ,0000-0003-1475-0980
Howard Leung,City University of Hong Kong,https://scholars.cityu.edu.hk/en/persons/howard,EPaaCOgAAAAJ,0000-0002-2633-2965
Howard Rosenbaum,Indiana University,https://ella.sice.indiana.edu/~hrosenba,zM9oIWUAAAAJ,0000-0002-9291-8921
Howard Straubing,Boston College,http://www.cs.bc.edu/~straubin,VdkpR4kAAAAJ,0000-0002-2939-2410
Howie Choset,Carnegie Mellon University,http://www.cs.cmu.edu/~./choset,4fvo61oAAAAJ,0000-0002-2266-8744
Hridesh Rajan,Tulane University,https://hridesh.github.io,aiFvpucAAAAJ,0000-0002-9410-9562
Hrishikesh B. Acharya,Rochester Inst. of Technology,https://www.rit.edu/gccis/computingsecurity/people/hrishikesh-acharya,NOSCHOLARPAGE,0000-0000-0000-0000
Hsi-Lu Chao,National Chiao Tung University,https://www.cs.nctu.edu.tw/members/detail/hlchao,NOSCHOLARPAGE,0000-0000-0000-0000
Hsiang-Ting Chen,Adelaide University,https://www.adelaide.edu.au/directory/tim.chen,UgJAkMgAAAAJ,0000-0003-0873-2698
Hsiang-Tsung Kung 0001,Harvard University,https://www.eecs.harvard.edu/htk,iLQqwosAAAAJ,0000-0000-0000-0000
Hsien-Chih Chang,Dartmouth College,https://hcsoso.github.io,BI3CNzAAAAAJ,0000-0001-6714-7988
Hsin-Hao Su,Boston College,https://sites.google.com/site/distributedhsinhao,SIJF2zcAAAAJ,0009-0002-7970-9604
Hsin-Hsi Chen,National Taiwan University,http://nlg.csie.ntu.edu.tw/advisor.php,CRth4q4AAAAJ,0000-0001-9757-9423
Hsin-Mu Michael Tsai,National Taiwan University,https://www.csie.ntu.edu.tw/~hsinmu/wiki,RL0CmuAAAAAJ,0000-0000-0000-0000
Hsin-Mu Tsai,National Taiwan University,https://www.csie.ntu.edu.tw/~hsinmu/wiki,RL0CmuAAAAAJ,0000-0003-1106-0722
Hsu-Chun Hsiao,National Taiwan University,http://www.csie.ntu.edu.tw/~hchsiao,jP6pVZcAAAAJ,0000-0001-9592-6911
Hsu-Feng Hsiao,National Chiao Tung University,https://www.cs.nctu.edu.tw/members/detail/hillhsiao,NOSCHOLARPAGE,0000-0000-0000-0000
Hsuan-Tien Lin,National Taiwan University,https://www.csie.ntu.edu.tw/~htlin,yAr4UPUAAAAJ,0000-0003-2968-0671
Hsueh-I Lu,National Taiwan University,http://www.csie.ntu.edu.tw/~hil,RfQ6JRcAAAAJ,0000-0000-0000-0000
Hu Ding,USTC,http://staff.ustc.edu.cn/~huding/index.html,D1-liJEAAAAJ,0000-0000-0000-0000
Hu Fu 0001,SUFE,http://www.fuhuthu.com,fcqBMQgAAAAJ,0009-0005-4217-4329
Hu Han 0001,Chinese Academy of Sciences,https://sites.google.com/site/huhanhomepage/publication,4v709-MAAAAJ,0000-0001-6010-1792
Hu Xiong,UESTC,https://www.is.uestc.edu.cn/teachers.do?id=7986,dZR8algAAAAJ,0000-0000-0000-0000
Hua Huang 0003,Univ. of California - Merced,https://sites.ucmerced.edu/huahuang,MymQmUcAAAAJ,0000-0002-2817-2950
Hua Lu 0001,Aalborg University,http://people.cs.aau.dk/~luhua,h1mExmcAAAAJ,0000-0003-1199-6678
Hua Ming,Oakland University,http://www.secs.oakland.edu/~ming/publications,NOSCHOLARPAGE,0000-0000-0000-0000
Hua Shen 0005,NYU Shanghai,https://hua-shen.org,zFjlv1sAAAAJ,0000-0002-4928-525X
Hua Wang 0007,Colorado School of Mines,http://inside.mines.edu/~huawang,TZ5nsRUAAAAJ,0000-0002-5986-7413
Hua Wei 0001,Arizona State University,https://labs.engineering.asu.edu/hw,F1CEAKwAAAAJ,0000-0002-3735-1635
Hua Xu 0001,Tsinghua University,http://www.cs.tsinghua.edu.cn/publish/csen/4623/2010/20101224234620586482312/20101224234620586482312_.html,9sEKhSoAAAAJ,0000-0000-0000-0000
Hua-Jie Shao,College of William and Mary,https://shj1987.github.io,5-D7ZLsAAAAJ,0000-0000-0000-0000
Hua-Wei Huang,Sun Yat-sen University,https://sites.google.com/site/cshwhuang,DlKPajcAAAAJ,0000-0000-0000-0000
Huabo Lu,Wichita State University,https://www.wichita.edu/profiles/academics/engineering/SoC/Lu-Huabo.php,903CLcgAAAAJ,0009-0004-1294-6730
Huacheng Yu,Princeton University,https://www.cs.princeton.edu/~hy2,SfwUC14AAAAJ,0000-0003-1450-1896
Huadong Ma,BUPT,https://scs.bupt.edu.cn/info/1096/1352.htm,A-vcjvUAAAAJ,0000-0002-7199-5047
Huaicheng Li,Virginia Tech,https://huaicheng.github.io,PxZIxpkAAAAJ,0000-0002-3155-0203
Huaijin G. Chen,University of Hawaii at Manoa,https://hgchen.com,6E9elWUAAAAJ,0000-0002-7337-149X
Huaishu Peng,Univ. of Maryland - College Park,http://www.huaishu.me,nimapDwAAAAJ,0000-0002-2749-4835
Huaizu Jiang,Northeastern University,https://jianghz.me,0hHqYoAAAAAJ,0000-0002-2300-4237
Huajie Chen,City University of Macau,https://fds.cityu.edu.mo/en/members/384,HQGopXIAAAAJ,0009-0009-8489-9386
Huajie Shao,College of William and Mary,https://shj1987.github.io,5-D7ZLsAAAAJ,0000-0001-7627-5615
Huajie Zhang,University of New Brunswick,http://www.cs.unb.ca/~hzhang,AFn_Ki0AAAAJ,0000-0000-0000-0000
Huajun Chen,Zhejiang University,http://mypage.zju.edu.cn/huajun,NOSCHOLARPAGE,0000-0001-5496-7442
Huamin Qu,HKUST,http://huamin.org,J7a5zGEAAAAJ,0000-0002-3344-9694
Huaming Zhang,University of Alabama - Huntsville,https://www.uah.edu/science/departments/computer-science/faculty-staff/huaming-zhang,NOSCHOLARPAGE,0000-0001-9939-6583
Huan Li 0003,Zhejiang University,https://mypage.zju.edu.cn/en/lihuan,fZoYJz8AAAAJ,0000-0003-0084-1662
Huan Liu 0001,Arizona State University,http://www.public.asu.edu/~huanliu,Dzf46C8AAAAJ,0000-0002-3264-7904
Huan Long,Shanghai Jiao Tong University,http://basics.sjtu.edu.cn/~longhuan,7nS7JQwAAAAJ,0000-0000-0000-0000
Huan Sun 0001,Ohio State University,http://web.cse.ohio-state.edu/~huansun,LHk840AAAAAJ,0000-0001-6436-4813
Huan Wang 0014,Westlake University,https://huanwang.tech,0-On0y4AAAAJ,0000-0000-0000-0000
Huan Xu 0002,Univ. of Maryland - College Park,https://www.cs.umd.edu/people/mumu,RnkRjgsAAAAJ,0000-0000-0000-0000
Huanchen Zhang,Tsinghua University,http://people.iiis.tsinghua.edu.cn/~huanchen/index.html,filGbagAAAAJ,0009-0001-4821-1558
Huanhuan Chen,USTC,http://staff.ustc.edu.cn/~hchen,NOSCHOLARPAGE,0000-0000-0000-0000
Huanle Xu,University of Macau,https://www.fst.um.edu.mo/people/huanlexu,qm2qglIAAAAJ,0000-0001-6657-1154
Huanying Gu,New York Tech,https://site.nyit.edu/bio/hgu03,sTEfizUAAAAJ,0009-0005-9510-6696
Huanying Helen Gu,New York Tech,https://site.nyit.edu/bio/hgu03,sTEfizUAAAAJ,0009-0005-9510-6696
Huaping Liu 0001,Tsinghua University,http://eecs.oregonstate.edu/people/liu-huaping,HXnkIkwAAAAJ,0000-0000-0000-0000
Huarui Zhang,Peking University,http://eecs.pku.edu.cn/EN/People/Faculty/Detail/?ID=6025,NOSCHOLARPAGE,0000-0000-0000-0000
Huashan Yu,Peking University,http://eecs.pku.edu.cn/EN/People/Faculty/Detail/?ID=6012,NOSCHOLARPAGE,0009-0009-0642-6006
Huawei Li 0001,Chinese Academy of Sciences,http://teacher.ucas.ac.cn/~lihuawei,NOSCHOLARPAGE,0000-0001-8082-4218
Huaxiong Li,Nanjing University,https://ra.nju.edu.cn/szll/zzjs/20251121/i352917.html,AC-EDw0AAAAJ,0000-0000-0000-0000
Huaxiu Yao,University of North Carolina,https://www.huaxiuyao.io,A20BZnQAAAAJ,0000-0002-8691-9629
Huayao Wu,Nanjing University,https://huayaow.github.io,pK2WpuIAAAAJ,0000-0003-1383-5421
Huazhe Xu,Tsinghua University,https://iiis.tsinghua.edu.cn/en/People/Faculty/XuHuazhe.htm,t9HPFawAAAAJ,0009-0001-8642-3519
Huazheng Wang,Oregon State University,https://huazhengwang.github.io,mefMx34AAAAJ,0000-0003-3918-6925
Huazhong Zhang,Shandong University,http://www.cs.sdu.edu.cn/info/1091/2356.htm,NOSCHOLARPAGE,0000-0000-0000-0000
Huber Raul Flores Macario,University of Tartu,https://ut.ee/en/node/105562,M9gkFKUAAAAJ,0000-0000-0000-0000
Hubert Baumeister,DTU,https://www.compute.dtu.dk/english,NOSCHOLARPAGE,0000-0000-0000-0000
Hubert Comon,Ecole Normale Superieure de Cachan,http://www.lsv.ens-cachan.fr/~comon,ypoy8WoAAAAJ,0000-0000-0000-0000
Hubert Comon-Lundh,Ecole Normale Superieure de Cachan,http://www.lsv.ens-cachan.fr/~comon,ypoy8WoAAAAJ,0000-0000-0000-0000
Hubert E. Dunsmore,Purdue University,https://www.cs.purdue.edu/people/bxd,NOSCHOLARPAGE,0000-0000-0000-0000
Hubert Konik,Université Jean Monnet,https://laboratoirehubertcurien.univ-st-etienne.fr/en/teams/image-science-computer-vision/staff.html,NOSCHOLARPAGE,0000-0000-0000-0000
Hubert P. H. Shum,Durham University,http://hubertshum.com,pkPLCEYAAAAJ,0000-0001-5651-6039
Hubert Pak Ho Shum,Durham University,http://hubertshum.com,pkPLCEYAAAAJ,0000-0001-5651-6039
Hubert Shum,Durham University,http://hubertshum.com,pkPLCEYAAAAJ,0000-0001-5651-6039
Hubert Tsz-Hong Chan,University of Hong Kong,https://i.cs.hku.hk/~hubert,F8_JP6sAAAAJ,0000-0000-0000-0000
Hubert Zangl,University of Klagenfurt,https://www.aau.at/team/zangl-hubert,wjRQXpMAAAAJ,0000-0002-9717-9566
Hubie Chen,King's College London,https://www.kcl.ac.uk/people/hubie-chen,NOSCHOLARPAGE,0000-0000-0000-0000
Huck Bennett,University of Colorado Boulder,https://home.cs.colorado.edu/~hbennett,wP9F_v0AAAAJ,0000-0000-0000-0000
Huda Abd El-Raheem Karajeh,University of Jordan,http://eacademic.ju.edu.jo/h.karajeh,cGIHBBIAAAAJ,0000-0000-0000-0000
Huda Karajeh,University of Jordan,http://eacademic.ju.edu.jo/h.karajeh,cGIHBBIAAAAJ,0000-0000-0000-0000
Hugh Anderson,National University of Singapore,https://www.comp.nus.edu.sg/~hugh,tReFhKEAAAAJ,0000-0000-0000-0000
Hugh C. Davis,University of Southampton,https://www.ecs.soton.ac.uk/people/hcd,KoXxAXMAAAAJ,0000-0000-0000-0000
Hugh P. Shanahan,Royal Holloway Univ. of London,https://pure.royalholloway.ac.uk/portal/en/persons/hugh-shanahan_77128df7-1747-4d9f-8fe5-c11d30e77abc.html,dlL-XcoAAAAJ,0000-0003-1374-6015
Hugh R. Barrett,University of Western Australia,http://www.web.uwa.edu.au/people/Hugh.Barrett,7OtfUxcAAAAJ,0000-0000-0000-0000
Hugo Barbosa,University of Exeter,http://emps.exeter.ac.uk/computer-science/staff/hs613,dsBgmWgAAAAJ,0000-0000-0000-0000
Hugo M. Miranda,Universidade de Lisboa,https://ciencias.ulisboa.pt/perfil/hamiranda,hywVBUIAAAAJ,0000-0000-0000-0000
Hugo Miranda,Universidade de Lisboa,https://ciencias.ulisboa.pt/perfil/hamiranda,hywVBUIAAAAJ,0000-0000-0000-0000
Hugo Nicolau,Universidade de Lisboa,https://ciencias.ulisboa.pt/en/node/1477,nmAT07MAAAAJ,0000-0002-8176-7638
Hugues Bersini,Université libre de Bruxelles,https://iridia.ulb.ac.be/bersini,8EdHVuYAAAAJ,0000-0000-0000-0000
Hui Chen 0001,CUNY,https://huichen-cs.github.io,VtPPRsAAAAAJ,0000-0000-0000-0000
Hui Cui 0001,Monash University,https://research.monash.edu/en/persons/hui-cui,3d2flYUAAAAJ,0000-0000-0000-0000
Hui Fang 0001,University of Delaware,http://www.ece.udel.edu/~hfang,vzeMRoEAAAAJ,0009-0003-1904-787X
Hui Fang 0002,SUFE,https://fangh.org,784G0hYAAAAJ,0000-0001-9788-6634
Hui Fang 0003,Loughborough University,https://www.lboro.ac.uk/departments/compsci/staff/academic-teaching/hui-fang,TyMf2lYAAAAJ,0000-0001-9365-7420
Hui Gary Zhang,University College London,http://mig.cs.ucl.ac.uk/index.php?n=People.GHZhang,Ii9_OYMAAAAJ,0000-0000-0000-0000
Hui Guan 0001,Univ. of Massachusetts Amherst,https://guanh01.github.io,L2P0jCsAAAAJ,0000-0001-9128-2231
Hui Guo 0001,UNSW,https://research.unsw.edu.au/people/dr-hui-guo,F-0Gu0kAAAAJ,0000-0000-0000-0000
Hui Huang 0004,Shenzhen University,https://vcc.tech/~huihuang,wjzkl3YAAAAJ,0000-0003-3212-0544
Hui Jiang 0001,York University,https://wiki.eecs.yorku.ca/user/hj,lQi05ZkAAAAJ,0000-0000-0000-0000
Hui Kong 0001,University of Macau,https://www.fst.um.edu.mo/people/huikong,Glqv2ooAAAAJ,0000-0002-5303-0276
Hui Li 0005,Xidian University,https://lihuixidian.github.io,RHoDfoEAAAAJ,0000-0003-2382-6289
Hui Li 0057,Xiamen University,https://informatics.xmu.edu.cn/info/1020/8215.htm,A7d7VuYAAAAJ,0000-0001-9139-3855
Hui Lin 0005,University of Nevada,https://www.cse.unr.edu/~hui,kPh6yWIAAAAJ,0000-0000-0000-0000
Hui Liu,Beijing Institute of Technology,https://liuhuigmail.github.io,XOnQow4AAAAJ,0009-0005-3685-976X
Hui Lu 0001,University of Texas at Arlington,https://huilucs.github.io,UidAu3IAAAAJ,0009-0006-5062-4710
Hui Lv 0001,University of Texas at Arlington,https://huilucs.github.io,UidAu3IAAAAJ,0000-0000-0000-0000
Hui Ma 0001,Victoria University of Wellington,http://ecs.victoria.ac.nz/Main/HuiMa,o4ssNv4AAAAJ,0000-0000-0000-0000
Hui Qian 0001,Zhejiang University,http://mypage.zju.edu.cn/qianhui,NOSCHOLARPAGE,0000-0003-0293-2656
Hui Sun,City University of Macau,https://fds.cityu.edu.mo/en/members/300,216ZHVAAAAAJ,0000-0000-0000-0000
Hui Wang 0001,Queen's University Belfast,https://pure.qub.ac.uk/en/persons/h-wang,Re6xr7YAAAAJ,0000-0003-2633-6015
Hui Wang 0011,Tsinghua University,https://jessiehuiwang.github.io/index.html,fcLOhBoAAAAJ,0000-0000-0000-0000
Hui Wang 0013,Stevens Institute of Technology,http://www.cs.stevens.edu/~hwang4,3pXvHPUAAAAJ,0000-0000-0000-0000
Hui Wei,Fudan University,http://www.cs.fudan.edu.cn/en/?page_id=6724,NOSCHOLARPAGE,0000-0000-0000-0000
Hui Xiong 0001,HKUST,https://www.hkust-gz.edu.cn/people/hui-xiong,cVDF1tkAAAAJ,0000-0001-6016-6465
Hui Xu 0009,Fudan University,https://hxuhack.github.io,16neAUkAAAAJ,0000-0003-2465-8627
Hui Yang 0001,Georgetown University,http://infosense.cs.georgetown.edu/grace,nafo_HAAAAAJ,0000-0001-6095-8358
Hui Zhang 0005,University College London,http://mig.cs.ucl.ac.uk/index.php?n=People.GHZhang,Ii9_OYMAAAAJ,0000-0002-5426-2140
Hui Zhao 0013,University of North Texas,http://www.cse.unt.edu/~huizhao,7DVxrRoAAAAJ,0000-0003-3683-4077
Hui-Jia Li,Nankai University,https://my.nankai.edu.cn/stat/lhj/list.htm,NOSCHOLARPAGE,0000-0000-0000-0000
Huici Wu,BUPT,https://scss.bupt.edu.cn/info/1063/3985.htm,NccjAJkAAAAJ,0000-0000-0000-0000
Huihuan Qian,CUHK (SZ),https://sse.cuhk.edu.cn/en/faculty/qianhuihuan,78SEQY4AAAAJ,0000-0000-0000-0000
Huijia (Rachel) Lin,University of Washington,http://www.cs.ucsb.edu/~rachel.lin,h3gpLYAAAAAJ,0000-0000-0000-0000
Huijia Lin,University of Washington,http://www.cs.ucsb.edu/~rachel.lin,h3gpLYAAAAAJ,0000-0003-2206-4817
Huijing Zhao,Peking University,http://www.cis.pku.edu.cn/faculty/vision/zhaohj/index-e.htm,q-aZF-kAAAAJ,0000-0000-0000-0000
Huijuan Wang,TU Delft,https://www.nas.ewi.tudelft.nl/people/Huijuan,d8o43k0AAAAJ,0000-0002-9204-7265
Huijuan Xu 0001,Pennsylvania State University,https://www.eecs.psu.edu/departments/directory-detail-g.aspx?q=hkx5063,eml8HfQAAAAJ,0000-0002-4778-5584
Huining Li,North Carolina State University,https://huining-li.github.io,fAZqlmgAAAAJ,0000-0003-3865-3587
Huiping Cao,New Mexico State University,http://www.cs.nmsu.edu/~hcao,M6UHVQwAAAAJ,0000-0002-1350-1846
Huiqiang Chen,City University of Macau,https://fds.cityu.edu.mo/en/members/459,q3QIFZ0AAAAJ,0000-0003-4811-6742
Huirong Fu,Oakland University,http://www.secs.oakland.edu/~fu,a-jXdzkAAAAJ,0000-0000-0000-0000
Huisheng Chi,Peking University,http://www.cis.pku.edu.cn/auditory/Staff/Prof.Chi.html,NOSCHOLARPAGE,0000-0000-0000-0000
Huisi Wu,Shenzhen University,http://csse.szu.edu.cn/staff/~hswu,hUb7j9EAAAAJ,0000-0002-0399-9089
Huiyan Wang 0001,Nanjing University,http://www.why.ink:8080,uGha7wIAAAAJ,0000-0001-6879-1628
Huiyang Zhou,North Carolina State University,https://people.engr.ncsu.edu/hzhou,_2gFUN0AAAAJ,0000-0003-2133-0722
Huiyuan Fu,BUPT,https://scs.bupt.edu.cn/info/1097/1781.htm,NOSCHOLARPAGE,0000-0000-0000-0000
Huiyuan Yang,Missouri S&T,https://hyang428.github.io,13z7nowAAAAJ,0000-0000-0000-0000
Huizhang Luo,Hunan University,http://csee.hnu.edu.cn/people/luohuizhang,NOSCHOLARPAGE,0000-0003-2392-0267
Huizhu Jia,Peking University,http://eecs.pku.edu.cn/EN/People/Faculty/Detail/?ID=6097,NOSCHOLARPAGE,0000-0002-2778-3768
Hujun Bao,Zhejiang University,http://www.cad.zju.edu.cn/home/bao,NOSCHOLARPAGE,0000-0002-2662-0334
Hulya Seferoglu,University of Illinois at Chicago,https://www.ece.uic.edu/k-teacher/hulya-seferoglu-phd,3hy76zkAAAAJ,0000-0000-0000-0000
Humaira Kamal,LUMS,https://lums.edu.pk/lums_employee/506,gkEcZSgAAAAJ,0000-0000-0000-0000
Humberto Luiz Razente,UFU,http://www.facom.ufu.br/~humberto,t2SVE_UAAAAJ,0000-0001-9687-5730
Humberto Martínez Barberá,University of Murcia,https://ants.inf.um.es/en,XFRVn7EAAAAJ,0000-0001-9557-5031
Humphrey Shi,Georgia Institute of Technology,https://www.humphreyshi.com,WBvt5A8AAAAJ,0000-0002-2922-5663
Hun-Seok Kim,University of Michigan,https://kim.engin.umich.edu,qCdzviYAAAAJ,0000-0002-6658-5502
Hun-Yeong Kwon,Korea University,https://security.korea.ac.kr/m01_03/30,to87yXcAAAAJ,0000-0002-3311-3285
Hung Le 0001,Univ. of Massachusetts Amherst,https://hunglvosu.github.io,D8Vbc48AAAAJ,0000-0001-8223-9944
Hung M. La,University of Nevada,https://www.unr.edu/cse/people/la,uG-wAt0AAAAJ,0000-0000-0000-0000
Hung Manh La,University of Nevada,https://www.unr.edu/cse/people/la,uG-wAt0AAAAJ,0000-0000-0000-0000
Hung Min Sun,National Tsing Hua University,http://is.cs.nthu.edu.tw/wiki/doku.php?id=advisor:main,NOSCHOLARPAGE,0000-0003-0870-9973
Hung Q. Ngo 0001,University at Buffalo,https://cse.buffalo.edu/~hungngo,srP2ANoAAAAJ,0000-0002-3498-4744
Hung Son Nguyen,University of Warsaw,http://www.mimuw.edu.pl/~son,uJ3EK_cAAAAJ,0000-0001-6745-2587
Hung Viet Pham,York University,https://hvpham.github.io,26p4-74AAAAJ,0000-0000-0000-0000
Hung-Chang Du,University of Minnesota,http://www-users.cs.umn.edu/~du,NOSCHOLARPAGE,0000-0000-0000-0000
Hung-Chang Hsiao,National Cheng Kung University,http://www.csie.ncku.edu.tw/ncku_csie/depmember/teacherdetail/id/25,NOSCHOLARPAGE,0009-0008-7721-5196
Hung-Kuo Chu,National Tsing Hua University,http://cgv.cs.nthu.edu.tw/hkchu,XM4QrScAAAAJ,0000-0001-7153-4411
Hung-Min Sun,National Tsing Hua University,http://is.cs.nthu.edu.tw/wiki/doku.php?id=advisor:main,NOSCHOLARPAGE,0000-0003-0870-9973
Hung-Wei Tseng 0001,Univ. of California - Riverside,https://intra.engr.ucr.edu/~htseng,j-Lk39cAAAAJ,0000-0001-8383-5203
Hung-Yu Kao,National Cheng Kung University,http://www.csie.ncku.edu.tw/ncku_csie/depmember/teacherdetail/id/24,X5Is2lAAAAAj,0000-0002-8890-8544
Huong Ha 0001,RMIT University,https://www.rmit.edu.au/contact/staff-contacts/academic-staff/h/ha-dr-huong,Uf3o7_UAAAAJ,0000-0003-2463-7770
Huosheng Hu,University of Essex,https://www.essex.ac.uk/people/huhuo40009/huosheng-hu,9GJ90xMAAAAJ,0000-0001-5797-1412
Huseyin Levent Akin,Boğaziçi University,https://www.cmpe.boun.edu.tr/~akin,61aKNawAAAAJ,0000-0000-0000-0000
Husheng Li,University of Tennessee,http://web.eecs.utk.edu/~husheng,pM3wc_YAAAAJ,0000-0000-0000-0000
Hussam Amrouch,TU Munich,https://campus.tum.de/tumonline/ee/ui/ca2/app/desktop/#/pl/ui/$ctx/visitenkarte.show_vcard?$ctx=design=ca2;header=max;lang=de&pPersonenGruppe=3&pPersonenId=894A6D4391C7631E,63J6zas48moC,0000-0002-5649-3102
Hussein M. Alnuweiri,Texas A&M at Qatar,https://www.qatar.tamu.edu/programs/ecen/faculty-and-staff/duplicate-of-dr.-patrick-linke,NOSCHOLARPAGE,0000-0000-0000-0000
Hussein Sibai,Washington University in St. Louis,https://engineering.washu.edu/faculty/Hussein-Sibai.html,St5uCSwAAAAJ,0000-0002-6053-1001
Hussein Suleman,University of Cape Town,http://www.husseinsspace.com,7efxJWkAAAAJ,0000-0002-4196-1444
Hussein T. Mouftah,University of Ottawa,http://www.site.uottawa.ca/~mouftah,33FmwbwAAAAJ,0000-0000-0000-0000
Huub H. C. Bakker,Massey University,http://www.massey.ac.nz/massey/expertise/profile.cfm?stref=944130,NOSCHOLARPAGE,0000-0000-0000-0000
Huub M. M. van de Wetering,TU Eindhoven,http://www.win.tue.nl/~wstahw,syCsFHkAAAAJ,0000-0000-0000-0000
Huub van de Wetering,TU Eindhoven,http://www.win.tue.nl/~wstahw,syCsFHkAAAAJ,0000-0002-0517-1322
Huy Kang Kim,Korea University,https://ocslab.hksecurity.net,329wHz0AAAAJ,0000-0002-0760-8807
Huy L. Nguyen,Northeastern University,https://www.ccis.northeastern.edu/people/huy-le-nguyen,MDCu0WEAAAAJ,0000-0002-6112-3763
Huy L. Nguyên,Northeastern University,https://www.ccis.northeastern.edu/people/huy-le-nguyen,MDCu0WEAAAAJ,0000-0000-0000-0000
Huy Le Nguyen,Northeastern University,https://www.ccis.northeastern.edu/people/huy-le-nguyen,MDCu0WEAAAAJ,0000-0000-0000-0000
Huy Phan,Queen Mary University of London,https://pquochuy.github.io,RegoACcAAAAJ,0000-0002-7011-5511
Huy T. Vo,CUNY,https://www-cs.ccny.cuny.edu/~hvo,HNwwWQgAAAAJ,0000-0002-5963-6615
Huzur Saran,IIT Delhi,http://www.cse.iitd.ernet.in/~saran,NOSCHOLARPAGE,0000-0000-0000-0000
Hwa-Chun Lin,National Tsing Hua University,http://alpha5.cs.nthu.edu.tw/labweb/advisor.html,NOSCHOLARPAGE,0000-0002-8811-8331
Hwangjun Song,POSTECH,http://mcnl.postech.ac.kr,3w4oYn8AAAAJ,0000-0000-0000-0000
Hwangnam Kim,Korea University,https://wine.korea.ac.kr,T4lnatcAAAAJ,0000-0000-0000-0000
Hwanjo Yu,POSTECH,http://hwanjoyu.org,LbrCa7EAAAAJ,0000-0002-7510-0255
Hwann-Tzong Chen,National Tsing Hua University,http://www.cs.nthu.edu.tw/~htchen,mwFy9kkAAAAJ,0000-0003-2806-7090
Hwee Tou Ng,National University of Singapore,https://www.comp.nus.edu.sg/~nght,FABZCeAAAAAJ,0000-0000-0000-0000
HweeHwa Pang,Singapore Management University,http://www.mysmu.edu/faculty/hhpang,cqsXYlEAAAAJ,0000-0001-7266-5712
Hye Won Chung,KAIST,https://iids.kaist.ac.kr,NOSCHOLARPAGE,0000-0000-0000-0000
Hye-Chung (Monica) Kum,Texas A&M University,http://pinformatics.tamhsc.edu,SsiOJacAAAAJ,0000-0000-0000-0000
Hye-Chung Kum,Texas A&M University,http://pinformatics.tamhsc.edu,SsiOJacAAAAJ,0000-0002-6882-8053
Hye-Young Paik,UNSW,http://www.cse.unsw.edu.au/~hpaik,JyyY5xw6AxgC,0000-0003-4425-7388
Hye-young Paik,UNSW,http://www.cse.unsw.edu.au/~hpaik,JyyY5xw6AxgC,0000-0000-0000-0000
Hyeoncheol Kim,Korea University,https://pure.korea.ac.kr/en/persons/hyeoncheol-kim,IiZfsvsAAAAJ,0000-0000-0000-0000
Hyeong-Ah Choi,George Washington University,https://www.seas.gwu.edu/~hchoi,NOSCHOLARPAGE,0000-0000-0000-0000
HyeongYeop Kang,Korea University,https://iiixr.korea.ac.kr/home,5k2sUSIAAAAJ,0000-0001-5292-4342
Hyeonsang Eom,Seoul National University,https://cse.snu.ac.kr/en/professor/hyeonsang-eom,XFX0mx0AAAAJ,0000-0002-1902-6767
Hyeran Byun,Yonsei University,http://cvpr.yonsei.ac.kr/member/index.jsp,F_NI-dcAAAAJ,0000-0002-3082-3214
Hyeran Jeon,Univ. of California - Merced,https://www.mocalab.org,WyJcBncAAAAJ,0000-0002-1767-8198
Hyesoon Kim,Georgia Institute of Technology,http://www.cc.gatech.edu/~hyesoon,7OvZhQIAAAAJ,0000-0002-6061-7825
Hyeyoung Park,Kyungpook National University,http://bclab.knu.ac.kr,rP8xQqYAAAAJ,0000-0000-0000-0000
Hyogon Kim,Korea University,http://widen.korea.ac.kr,1GJoiR0AAAAJ,0000-0000-0000-0000
Hyojin Sung,Seoul National University,https://codelab.snu.ac.kr/people,lxBD94AAAAAJ,0000-0002-3036-6180
Hyojoon Kim,University of Virginia,https://hyojoonkim.com,DUEglv4AAAAJ,0000-0002-0650-5339
Hyoseung Kim 0001,Univ. of California - Riverside,http://www.ece.ucr.edu/~hyoseung,eyrxuzsAAAAJ,0000-0002-8553-732X
Hyoung-Joo Kim 0001,Seoul National University,http://idb.snu.ac.kr/index.php/Member:Hyoung-Joo_Kim,J93QCl0AAAAJ,0000-0000-0000-0000
Hyoungshick Kim,Sungkyunkwan University,https://seclab.skku.edu/people/hyoungshick-kim,VMQDN78AAAAJ,0000-0002-1605-3866
Hyuck M. Kwon,Wichita State University,https://www.wichita.edu/profiles/academics/engineering/EECS/Kwon-Hyuck.php,NOSCHOLARPAGE,0000-0000-0000-0000
Hyun Myung,KAIST,http://urobot.kaist.ac.kr/members/professor,NrWfJ1gAAAAJ,0000-0002-5799-2026
Hyun Oh Song,Seoul National University,http://ai.stanford.edu/~hsong,ScoZZPsAAAAJ,0009-0008-1516-4944
Hyun Seung Yang,KAIST,http://mind.kaist.ac.kr/professor.php,0cTDXWcAAAAJ,0000-0000-0000-0000
Hyun Soo Park,University of Minnesota,https://www-users.cs.umn.edu/~hspark,xiSdzEkAAAAJ,0000-0001-6613-0738
Hyung Jin Chang,University of Birmingham,https://www.birmingham.ac.uk/staff/profiles/computer-science/academic-staff/chang-jin-hyung.aspx,3TggrEkAAAAJ,0000-0001-7495-9677
Hyung-Chan An,Yonsei University,http://opt.yonsei.ac.kr/an,NOSCHOLARPAGE,0000-0002-3690-4621
Hyung-Sin Kim,Seoul National University,https://aiot.snu.ac.kr/team,IShhj6oAAAAJ,0000-0001-8605-5077
Hyungjoon Koo,Sungkyunkwan University,https://secai.skku.edu,4VzlhlMAAAAJ,0000-0003-0799-0230
Hyungmin Cho,Sungkyunkwan University,http://cpl.skku.edu/cplpage,wJDylfAAAAAJ,0000-0001-8705-7066
Hyungon Moon,UNIST,http://hyungon.unist.ac.kr,lflZV8gAAAAJ,0000-0002-4513-1034
Hyungsoo Jung 0001,Seoul National University,https://dbx.snu.ac.kr/people,TY1harsAAAAJ,0000-0002-5376-7200
Hyungsub Kim,Indiana University,https://kimhyungsub.github.io,hBC5-VsAAAAJ,0009-0001-4201-4086
Hyunguk Yoo,University of New Orleans,https://www.uno.edu/profile/faculty/hyunguk_yoo,M2nERckAAAAJ,0000-0000-0000-0000
Hyunjin Park,Sungkyunkwan University,http://hyunjinpark.blogspot.com,Pt2N0C8AAAAJ,0000-0000-0000-0000
Hyunjung Shim,KAIST,https://sites.google.com/view/cvml-kaist,KB5XZGIAAAAJ,0000-0001-6796-1058
Hyunseung Choo,Sungkyunkwan University,http://monet.skku.ac.kr/main,ITYIxrUAAAAJ,0000-0000-0000-0000
Hyunsoo Yoon,KAIST,http://nslab.kaist.ac.kr/members_professor.htm,bmGTi6YAAAAJ,0000-0000-0000-0000
Hyunsook Do,University of North Texas,http://www.cse.unt.edu/~hdo,45vFd_0AAAAJ,0000-0002-3298-859X
Hyunwoo J. Kim,KAIST,https://www.hyunwoojkim.com,LfBoJt8AAAAJ,0000-0002-2181-9264
Hyunwoo Park,Seoul National University,https://hyunwoopark.com,AbopKDkAAAAJ,0000-0002-1113-4181
Hyunyoung Kim 0001,University of Birmingham,https://www.birmingham.ac.uk/staff/profiles/computer-science/academic-staff/kim-hyunyoung.aspx,kS2h6EgAAAAJ,0000-0002-9807-5216
Hywel T. P. Williams,University of Exeter,http://emps.exeter.ac.uk/computer-science/staff/htpw201,vARIotQAAAAJ,0000-0000-0000-0000
Hywel Thomas Parker Williams,University of Exeter,http://emps.exeter.ac.uk/computer-science/staff/htpw201,vARIotQAAAAJ,0000-0000-0000-0000
Härmel Nestra,University of Tartu,http://www.ut.ee/en/harmel-nestra,NOSCHOLARPAGE,0000-0001-7050-7171
Håkon Robbestad Gylterud,University of Bergen,https://hakon.gylterud.net,NOSCHOLARPAGE,0000-0000-0000-0000
Håvard D. Johansen,UiT The Arctic Univ. of Norway,https://en.uit.no/ansatte/person?p_document_id=43734,UmKDIM4AAAAJ,0000-0000-0000-0000
Héctor Muñoz-Avila,Lehigh University,http://www.cse.lehigh.edu/~munoz,I2wo9-MAAAAJ,0000-0000-0000-0000
Héctor Pulgar-Painemal,University of Tennessee,https://www.eecs.utk.edu/people/faculty/hpulgar,NOSCHOLARPAGE,0000-0000-0000-0000
Hélio Côrtes Vieira Lopes,PUC-RIO,http://www-di.inf.puc-rio.br/~lopes,cbAHng0AAAAJ,0000-0000-0000-0000
Hélio Lopes 0001,PUC-RIO,http://www-di.inf.puc-rio.br/~lopes,cbAHng0AAAAJ,0000-0003-4584-1455
Hélio Pedrini,UNICAMP,http://www.ic.unicamp.br/~helio,kc-wB9QAAAAJ,0000-0000-0000-0000
Hélène Coullon,Ecole Normale Superieure de Lyon,http://avalon.ens-lyon.fr/members/hcoullon,ItRwACEAAAAJ,0000-0000-0000-0000
Hélène Pigot,Université de Sherbrooke,https://www.usherbrooke.ca/informatique/personnel/corps-professoral/professeurs/helene-pigot,NOSCHOLARPAGE,0000-0001-5520-5677
Hélène Touzet,CRIStAL,http://cristal.univ-lille.fr/~htouzet,Guh2y-gAAAAJ,0000-0001-5305-9987
Hélène de Ribaupierre,Cardiff University,https://www.cardiff.ac.uk/people/view/543130-de-ribaupierre-helene,xpoZDGgAAAAJ,0000-0000-0000-0000
Hüseyin Hisil,University of Wollongong,https://scholars.uow.edu.au/huseyin-hisil,MQK_KeIAAAAJ,0000-0002-1019-2187
Hüseyin Koçak,University of Miami,http://www.math.miami.edu/~hk,zd9wUFYAAAAJ,0000-0000-0000-0000
Hüsnü Yenigün,Sabancı University,http://people.sabanciuniv.edu/yenigun,VaDb-YYAAAAJ,0000-0000-0000-0000
