name,affiliation,homepage,scholarid,orcid
G. A. Kavvos,University of Bristol,https://www.lambdabetaeta.eu,yWerYFkAAAAJ,0000-0001-7953-7975
G. D. Marques,Universidade de Lisboa,https://sotis.tecnico.ulisboa.pt/researcher/ist23556,huDxPRYAAAAJ,0000-0000-0000-0000
G. Elisabeta Marai,University of Illinois at Chicago,https://www.evl.uic.edu/marai,xPCVtawAAAAJ,0000-0002-7212-9669
G. Katsaros,IST Austria,https://ist.ac.at/research/research-groups/katsaros-group,NOSCHOLARPAGE,0000-0000-0000-0000
G. N. Srinivasa Prasanna,IIIT Bangalore,http://www.iiitb.ac.in/faculty_page.php?name=GNSrinivasaPrasanna,NOSCHOLARPAGE,0000-0000-0000-0000
G. P. S. Raghava,IIIT Delhi,http://webs.iiitd.edu.in/raghava,XK5GUiYAAAAJ,0000-0002-8902-2876
G. Ramakrishna,IIT Tirupati,https://iittp.ac.in/dr-g-ramakrishna,NOSCHOLARPAGE,0000-0002-7554-0349
G. Sivakumar,IIT Bombay,https://www.cse.iitb.ac.in/~siva,gqHcbCkAAAAJ,0000-0000-0000-0000
G. Srinivasa Raghavan 0001,IIIT Bangalore,http://www.iiitb.ac.in/faculty_page.php?name=GSrinivasaraghavan,NOSCHOLARPAGE,0000-0000-0000-0000
G. Stefano Sukhatme,University of Southern California,http://www-robotics.usc.edu/~gaurav,lRUi-A8AAAAJ,0000-0000-0000-0000
Ga Wu,Dalhousie University,https://web.cs.dal.ca/~gaw,IdBlVPUAAAAJ,0000-0002-0370-0622
Gabe Sibley,University of Colorado Boulder,https://www.colorado.edu/cs/users/gasi6462,MNp5hwoAAAAJ,0000-0002-3168-8878
Gabe T. Sibley,University of Colorado Boulder,https://www.colorado.edu/cs/users/gasi6462,MNp5hwoAAAAJ,0000-0000-0000-0000
Gabi Dreo,Bundeswehr University Munich,https://www.unibw.de/technische-informatik/mitarbeiter/professoren/univ-prof-in-dr-gabi-dreo-rodosek,NOSCHOLARPAGE,0000-0000-0000-0000
Gabi Dreo Rodosek,Bundeswehr University Munich,https://www.unibw.de/technische-informatik/mitarbeiter/professoren/univ-prof-in-dr-gabi-dreo-rodosek,NOSCHOLARPAGE,0000-0000-0000-0000
Gabi Stanovsky,Hebrew University of Jerusalem,https://gabrielstanovsky.github.io,AtkvBFYAAAAJ,0000-0000-0000-0000
Gabi Taentzer,University of Marburg,https://www.uni-marburg.de/fb12/arbeitsgruppen/swt/gabi-taentzer,4Gu2XUEAAAAJ,0000-0000-0000-0000
Gabin An,Korea University,https://ku-selene.github.io,T-58s1oAAAAJ,0000-0002-6521-8858
Gabor C. Temes,Oregon State University,http://eecs.oregonstate.edu/people/temes-gabor,NOSCHOLARPAGE,0000-0000-0000-0000
Gabor Fichtinger,Queen’s University,http://www.cs.queensu.ca/~gabor,_KxkI6UAAAAJ,0000-0002-6354-262X
Gabor Karsai,Vanderbilt University,https://engineering.vanderbilt.edu/bio/?pid=gabor-karsai,dShqnssAAAAJ,0000-0001-7775-9099
Gabor T. Herman,CUNY,http://www.dig.cs.gc.cuny.edu/~gabor,B153thgAAAAJ,0000-0000-0000-0000
Gabriel Coutinho,UFMG,http://homepages.dcc.ufmg.br/~gabriel,EpDBGxcAAAAJ,0000-0000-0000-0000
Gabriel Elkaim,Univ. of California - Santa Cruz,https://users.soe.ucsc.edu/~elkaim/elkaim/Home.html,NOSCHOLARPAGE,0000-0000-0000-0000
Gabriel Fierro,Colorado School of Mines,https://home.gtf.fyi,9wj4L7MAAAAJ,0000-0000-0000-0000
Gabriel Ghinita,University of Massachusetts Boston,http://www.cs.umb.edu/~gghinita,t_AzcmUAAAAJ,0000-0002-8372-3006
Gabriel Girard,Université de Sherbrooke,https://www.usherbrooke.ca/informatique/personnel/corps-professoral/professeurs/gabriel-girard,-Zoh5mIAAAAJ,0000-0000-0000-0000
Gabriel Hugh Elkaim,Univ. of California - Santa Cruz,https://users.soe.ucsc.edu/~elkaim/elkaim/Home.html,NOSCHOLARPAGE,0000-0000-0000-0000
Gabriel J. Brostow,University College London,http://www0.cs.ucl.ac.uk/staff/g.brostow,CZiTv0gAAAAJ,0000-0001-8472-3828
Gabriel Kaptchuk,Univ. of Maryland - College Park,https://www.cs.umd.edu/users/kaptchuk,gbq5qjYAAAAJ,0000-0002-8886-4748
Gabriel L. Nazar,UFRGS,http://inf.ufrgs.br/~glnazar,z6oRVPUAAAAJ,0000-0000-0000-0000
Gabriel Luca Nazar,UFRGS,http://inf.ufrgs.br/~glnazar,z6oRVPUAAAAJ,0000-0000-0000-0000
Gabriel López,University of Murcia,http://webs.um.es/gabilm/miwiki/doku.php,TogbwmUAAAAJ,0000-0001-8258-7260
Gabriel López Millán,University of Murcia,http://webs.um.es/gabilm/miwiki/doku.php,TogbwmUAAAAJ,0000-0000-0000-0000
Gabriel M. Kuper,University of Trento,http://disi.unitn.eu/~kuper,9zljEDcAAAAJ,0000-0000-0000-0000
Gabriel Nivasch,Ariel University,http://www.ariel.ac.il/Projects/TRP/GeneralInformation.asp?numRec=365&numtafrit=1&id_lang=1&d=,s11gsQUAAAAJ,0000-0001-5960-4253
Gabriel Parmer,George Washington University,https://www.seas.gwu.edu/~gparmer,NOSCHOLARPAGE,0000-0003-1343-4492
Gabriel Rodríguez 0001,University of A Coruña,https://gac.udc.es/~gabriel,fDXzifcAAAAJ,0000-0002-0338-3655
Gabriel Spadon,Dalhousie University,https://spadon.com.br,bfdGsGUAAAAJ,0000-0001-8437-4349
Gabriel Stanovsky,Hebrew University of Jerusalem,https://gabrielstanovsky.github.io,AtkvBFYAAAAJ,0000-0002-2420-8979
Gabriel Taubin,Brown University,http://mesh.brown.edu/taubin,saeqVMUAAAAJ,0000-0002-1983-7607
Gabriel Terejanu,UNC - Charlotte,http://www.UncertaintyQuantification.org,Z7LP12kAAAAJ,0000-0000-0000-0000
Gabriel Tsechpenakis,IUPUI,http://cs.iupui.edu/people/gavriil-tsechpenakis,y7uuI7gAAAAJ,0000-0000-0000-0000
Gabriel Wittum,KAUST,https://cemse.kaust.edu.sa/people/person/gabriel-wittum,GYubNyUAAAAJ,0000-0000-0000-0000
Gabriel Zachmann,University of Bremen,http://www.informatik.uni-bremen.de/~zach,rB_y-IkAAAAJ,0000-0001-8155-1127
Gabriela Czibula,Babeș-Bolyai University,http://www.cs.ubbcluj.ro/~gabis,0_ybi_oAAAAJ,0000-0001-7852-681X
Gabriela F. Ciocarlie,Stevens Institute of Technology,https://gabrielaciocarlie.github.io,w4dzwfQAAAAJ,0000-0002-4405-0742
Gabriela Montoya,Aalborg University,https://vbn.aau.dk/en/persons/gabriela-valentina-montoya-castillo,qXfMXnYAAAAJ,0000-0001-5835-0335
Gabriela Nicolescu,Polytechnique Montreal,https://www.polymtl.ca/expertises/nicolescu-gabriela,ef6bdBoAAAAJ,0000-0000-0000-0000
Gabriela Serban,Babeș-Bolyai University,http://www.cs.ubbcluj.ro/~gabis,0_ybi_oAAAAJ,0000-0000-0000-0000
Gabriela Serban Czibula,Babeș-Bolyai University,http://www.cs.ubbcluj.ro/~gabis,0_ybi_oAAAAJ,0000-0000-0000-0000
Gabriele Anderst-Kotsis,JKU Linz,https://www.jku.at/institut-fuer-telekooperation/ueber-uns/team/gabriele-anderst-kotsis,9QhutOMAAAAJ,0000-0000-0000-0000
Gabriele Bavota,Università della Svizzera italiana,http://search.usi.ch/people/e63382729ce424274797f0c45f4bc7e8/Bavota-Gabriele,inc2FLEAAAAJ,0000-0002-2216-3148
Gabriele E. Danninger-Uchida,University of Vienna,https://cs.univie.ac.at/gabriele.uchida,NOSCHOLARPAGE,0000-0000-0000-0000
Gabriele Farina,Massachusetts Inst. of Technology,http://www.mit.edu/~gfarina,sktDNcEAAAAJ,0000-0002-3976-0061
Gabriele Guidi 0001,Indiana University,https://luddy.indiana.edu/contact/profile/index.html?Gabriele_Guidi,cSScT5EAAAAJ,0000-0002-8857-0096
Gabriele Kern-Isberner,TU Dortmund,https://ls1-www.cs.tu-dortmund.de/de/kontakt-gabriele-kern-isberner,NOSCHOLARPAGE,0000-0000-0000-0000
Gabriele Kotsis,JKU Linz,https://www.jku.at/institut-fuer-telekooperation/ueber-uns/team/gabriele-anderst-kotsis,9QhutOMAAAAJ,0000-0000-0000-0000
Gabriele Meiselwitz,Towson University,https://www.towson.edu/fcsm/departments/computerinfosci/facultystaff/gmeiselwitz.html,NOSCHOLARPAGE,0000-0000-0000-0000
Gabriele Mencagli,University of Pisa,http://www.di.unipi.it/~mencagli,V7hWtykAAAAJ,0000-0002-6263-7723
Gabriele Pergola,University of Warwick,https://warwick.ac.uk/fac/sci/dcs/people/u1898418,3jIiOFEAAAAJ,0000-0000-0000-0000
Gabriele Taentzer,University of Marburg,https://www.uni-marburg.de/fb12/arbeitsgruppen/swt/gabi-taentzer,4Gu2XUEAAAAJ,0000-0000-0000-0000
Gabriele Tolomei,Sapienza University of Rome,https://www.di.uniroma1.it/~tolomei,Y2R2DXEAAAAJ,0000-0001-7471-6659
Gabriele Uchida,University of Vienna,https://cs.univie.ac.at/gabriele.uchida,NOSCHOLARPAGE,0000-0000-0000-0000
Gabriele von Voigt,University of Hannover,https://www.chi.uni-hannover.de/vonvoigt.html,NOSCHOLARPAGE,0000-0000-0000-0000
Gabriella Pigozzi,Université Paris Dauphine,https://www.lamsade.dauphine.fr/~pigozzi,LQ7oj_EAAAAJ,0000-0002-8738-6086
Gaby G. Dagher,Boise State University,https://www.boisestate.edu/coen-cs/people/faculty/gaby-dagher,c77MRUEAAAAJ,0000-0001-7837-182X
Gad M. Landau,University of Haifa,http://cs.haifa.ac.il/LANDAU/landau.html,NOSCHOLARPAGE,0000-0002-5684-0629
Gady Agam,Illinois Institute of Technology,https://science.iit.edu/people/faculty/gady-agam,0wKmvY0AAAAJ,0000-0001-7805-1527
Gagan Agrawal,University of Georgia,https://www.linkedin.com/in/gaganagrawal2,kOUPR1sAAAAJ,0000-0002-2609-1428
Gagan Garg,DAIICT,http://www.daiict.ac.in/daiict/people/faculty.html,0FoDjjIAAAAJ,0000-0000-0000-0000
Gagan Gupta 0001,IIT Bhilai,https://www.iitbhilai.ac.in/index.php?pid=gagan,3El9vwYAAAAJ,0000-0002-8568-2949
Gagan Raj Gupta 0001,IIT Bhilai,https://www.iitbhilai.ac.in/index.php?pid=gagan,3El9vwYAAAAJ,0000-0002-8568-2949
Gagandeep Singh 0001,Univ. of Illinois at Urbana-Champaign,https://ggndpsngh.github.io,m4b2ruEAAAAJ,0000-0002-9299-2961
Gahgene Gweon,Seoul National University,http://cclab.snu.ac.kr,l4hK4eEAAAAJ,0000-0003-3268-477X
Gaia Maselli,Sapienza University of Rome,https://sites.google.com/a/uniroma1.it/gaiamaselli-eng,-KL6m2AAAAAJ,0000-0003-3915-6371
Gail C. Murphy,University of British Columbia,http://www.cs.ubc.ca/~murphy,EGA1deoAAAAJ,0000-0000-0000-0000
Gail E. Kaiser,Columbia University,http://www.cs.columbia.edu/~kaiser,LIdVlPsAAAAJ,0000-0002-8791-1178
Gail Hopkins,University of Nottingham,https://www.nottingham.ac.uk/computerscience/people/gail.hopkins,NOSCHOLARPAGE,0000-0003-0943-8642
Gail-Joon Ahn,Arizona State University,http://www.public.asu.edu/~gahn1,_dzO69sAAAAJ,0000-0002-4271-1666
Gajendra P. S. Raghava,IIIT Delhi,http://webs.iiitd.edu.in/raghava,XK5GUiYAAAAJ,0000-0000-0000-0000
Gajendra Pal Singh Raghava,IIIT Delhi,http://webs.iiitd.edu.in/raghava,XK5GUiYAAAAJ,0000-0000-0000-0000
Gal A. Kaminka,Bar-Ilan University,http://u.cs.biu.ac.il/~galk,AyzlRJwAAAAJ,0000-0000-0000-0000
Gal Chechik,Bar-Ilan University,https://chechiklab.biu.ac.il,Wk2gAZUAAAAJ,0000-0001-9164-5303
Gal Mishne,Univ. of California - San Diego,https://datascience.ucsd.edu/people/gal-mishne,KrwpdXYAAAAJ,0000-0002-5287-3626
Gala Yadgar,Technion,https://gala.cswp.cs.technion.ac.il,5-HxJSEAAAAJ,0000-0003-2701-0260
Ganapathy Krishnamurthi,IIT Madras,https://dsai.iitm.ac.in/faculty/ganapathy-krishnamurthi,TXjlCH4AAAAJ,0000-0000-0000-0000
Ganapati Bhat,Washington State University,https://www.public.asu.edu/~gmbhat,MVnzUKEAAAAJ,0000-0003-1085-2189
Ganesh Bagler,IIIT Delhi,http://faculty.iiitd.ac.in/~bagler,qyth_0QAAAAJ,0000-0003-1924-6070
Ganesh Gopalakrishnan,University of Utah,https://www.cs.utah.edu/~ganesh,uvoOgnwAAAAJ,0000-0002-4161-9278
Ganesh Ramakrishnan,IIT Bombay,https://www.cse.iitb.ac.in/~ganesh,W1ZpREMAAAAJ,0000-0003-4533-2490
Gang Chen 0001,Zhejiang University,http://mypage.zju.edu.cn/0098112,NOSCHOLARPAGE,0000-0002-7483-0045
Gang Chen 0002,Victoria University of Wellington,https://ecs.victoria.ac.nz/Main/AaronChen,YLB6tnwAAAAJ,0000-0000-0000-0000
Gang Feng 0004,UESTC,http://en.uestc.edu.cn/index.php?m=content&c=index&a=show&catid=79&id=533,7pT4YiUAAAAJ,0000-0002-2512-2392
Gang Huang 0001,Peking University,http://sei.pku.edu.cn/~huanggang/index_en.htm,5FxmC14AAAAJ,0000-0002-4686-3181
Gang Pan 0001,Zhejiang University,http://www.cs.zju.edu.cn/~gpan,NWqnXNEAAAAJ,0000-0000-0000-0000
Gang Qu 0001,Univ. of Maryland - College Park,https://ece.umd.edu/~gangqu,NtYVK_MAAAAJ,0000-0001-6759-8949
Gang Tan,Pennsylvania State University,http://www.cse.psu.edu/~gxt29,JP0dqTEAAAAJ,0000-0001-6109-6091
Gang Wang 0001,Nankai University,https://cc.nankai.edu.cn/2021/0323/c13619a548871/page.htm,p8pvqz8AAAAJ,0000-0003-0387-2501
Gang Wang 0011,Univ. of Illinois at Urbana-Champaign,http://people.cs.vt.edu/gangwang,-DfTtxgAAAAJ,0000-0002-8910-8979
Gang Wu 0008,Shanghai Jiao Tong University,http://www.se.sjtu.edu.cn/teacher/teacherdetail.aspx?id=18,NOSCHOLARPAGE,0000-0000-0000-0000
Gang Yang 0001,Renmin University of China,http://info.ruc.edu.cn/academic_professor.php?teacher_id=54,3cuQzxkAAAAJ,0000-0000-0000-0000
Gang Zeng,Peking University,http://www.cis.pku.edu.cn/faculty/vision/zeng,RuHyY6gAAAAJ,0009-0009-2108-4358
Gang Zhou 0002,College of William and Mary,http://www.cs.wm.edu/~gzhou,fOznM_YAAAAJ,0000-0002-4425-9837
Ganga Bishnu Mund,KIIT Bhubaneswar,https://cse.kiit.ac.in/profiles/g-b-mund,J-4TB5EAAAAJ,0000-0000-0000-0000
Gangshan Wu,Nanjing University,http://mcg.nju.edu.cn/member/gswu/en/index.html,NOSCHOLARPAGE,0000-0003-1391-1762
Gao Cong,Nanyang Technological University,https://www3.ntu.edu.sg/home/gaocong,WFFamJkAAAAJ,0000-0002-4430-6373
Gaoli Wang,East China Normal University,https://faculty.ecnu.edu.cn/_s43/wgl2/main.psp,E51NElcAAAAJ,0000-0000-0000-0000
Gareth A. Conway,Queen's University Belfast,https://www.qub.ac.uk/schools/eeecs/Connect/Staff/BusinessCard/?name=g.conway,hnYRpmsAAAAJ,0000-0000-0000-0000
Gareth Tyson,HKUST,http://www.eecs.qmul.ac.uk/~tysong,91hmRA0AAAAJ,0000-0003-3010-791X
Gargi Alavani,BITS Pilani-Goa,https://www.bits-pilani.ac.in/goa/gargi-sanket-prabhu,L1f1S_MAAAAJ,0000-0003-2758-4694
Gargi Alavani Prabhu,BITS Pilani-Goa,https://www.bits-pilani.ac.in/goa/gargi-sanket-prabhu,L1f1S_MAAAAJ,0000-0000-0000-0000
Gargi Kabirdas Alavani,BITS Pilani-Goa,https://www.bits-pilani.ac.in/goa/gargi-sanket-prabhu,L1f1S_MAAAAJ,0000-0000-0000-0000
Gari D. Clifford,Emory University,http://gdclifford.info/people/gari,VwYoZ6gAAAAJ,0000-0000-0000-0000
Gari David Clifford,Emory University,http://gdclifford.info/people/gari,VwYoZ6gAAAAJ,0000-0000-0000-0000
Garimella Rama Murthy,IIIT Hyderabad,https://www.iiit.ac.in/people/faculty/ramamurthy,YUWS9LAAAAAJ,0000-0000-0000-0000
Garimella Ramamurthy,IIIT Hyderabad,https://www.iiit.ac.in/people/faculty/ramamurthy,YUWS9LAAAAAJ,0000-0000-0000-0000
Garreth W. Tigwell,Rochester Inst. of Technology,https://www.rit.edu/directory/gwtics-garreth-tigwell,It8_yJwAAAAJ,0000-0002-3123-6361
Garrett E. Katz,Syracuse University,http://web.ecs.syr.edu/~gkatz01,bHIqHwEAAAAJ,0000-0000-0000-0000
Garrett S. Rose,University of Tennessee,http://web.eecs.utk.edu/~grose4,Tn07pSYAAAAJ,0000-0003-3070-4087
Garrett Steven Rose,University of Tennessee,http://web.eecs.utk.edu/~grose4,Tn07pSYAAAAJ,0000-0000-0000-0000
Garrison W. Cottrell,Univ. of California - San Diego,https://cseweb.ucsd.edu/~gary,5Aut7EEAAAAJ,0000-0001-7538-1715
Garvesh Raskutti,University of Wisconsin - Madison,http://pages.cs.wisc.edu/~raskutti,NOSCHOLARPAGE,0000-0000-0000-0000
Gary B. Wills,University of Southampton,https://www.ecs.soton.ac.uk/people/gbw,cFiPgxcAAAAJ,0000-0000-0000-0000
Gary Benson,Boston University,https://www.bu.edu/cs/profiles/gary-benson,E0GO0JkAAAAJ,0000-0000-0000-0000
Gary Bishop,University of North Carolina,https://www.cs.unc.edu/~gb,VV48RpEAAAAJ,0009-0001-5316-2869
Gary Brian Wills,University of Southampton,https://www.ecs.soton.ac.uk/people/gbw,cFiPgxcAAAAJ,0000-0000-0000-0000
Gary D. Bader,University of Toronto,http://baderlab.org,22M9eisAAAAJ,0000-0003-0185-8861
Gary Geunbae Lee,POSTECH,http://nlp.postech.ac.kr/~gblee,t30saScAAAAJ,0000-0000-0000-0000
Gary Gréwal,University of Guelph,http://www.uoguelph.ca/~ggrewal,NOSCHOLARPAGE,0000-0000-0000-0000
Gary Hsieh,University of Washington,http://faculty.washington.edu/garyhs,-hwb_2kAAAAJ,0000-0002-9460-2568
Gary J. Minden,University of Kansas,http://www.eecs.ku.edu/people/faculty/gminden,NOSCHOLARPAGE,0000-0000-0000-0000
Gary K. Fedder,Carnegie Mellon University,https://users.ece.cmu.edu/~fedder,JOMYt6gAAAAJ,0000-0002-2380-5210
Gary M. Carter,Univ. of Maryland - Baltimore County,http://www.csee.umbc.edu/people/faculty/gary-m-carter,NOSCHOLARPAGE,0000-0000-0000-0000
Gary S. H. Tan,National University of Singapore,http://www.comp.nus.edu.sg/~gtan,3XI4ptoAAAAJ,0000-0000-0000-0000
Gary T. Leavens,University of Central Florida,http://www.cs.ucf.edu/~leavens/homepage.html,NuVArIYAAAAJ,0000-0000-0000-0000
Gary Tyson,Florida State University,http://www.cs.fsu.edu/~tyson,vC_bjb0gU4EC,0000-0000-0000-0000
Gary W. Meyer,University of Minnesota,http://umn.edu/home/meyer172,7P_WgjYAAAAJ,0000-0000-0000-0000
Gary William Grewal,University of Guelph,http://www.uoguelph.ca/~ggrewal,NOSCHOLARPAGE,0000-0000-0000-0000
Gaurav Harit,IIT Jodhpur,http://home.iitj.ac.in/~gharit,puzdkHAAAAAJ,0000-0000-0000-0000
Gaurav Panwar,New Mexico State University,https://computerscience.nmsu.edu/facultydirectory/individual-bio-pages/guarav-panwar.html,9w4h34oAAAAJ,0000-0000-0000-0000
Gaurav S. Sukhatme,University of Southern California,http://www-robotics.usc.edu/~gaurav,lRUi-A8AAAAJ,0000-0000-0000-0000
Gaurav Sharma,University of Rochester,https://hajim.rochester.edu/ece/sites/gsharma,OlsDoroAAAAJ,0000-0000-0000-0000
Gaurav Varshney,IIT Jammu,https://www.iitjammu.ac.in/computer_science_engineering/faculty-list/~gauravvarshney,AgLr5dcAAAAJ,0000-0000-0000-0000
Gautam B. Singh,Oakland University,http://secs.oakland.edu/~singh/Homepage/About_Me.html,NOSCHOLARPAGE,0000-0000-0000-0000
Gautam Barua,IIT Guwahati,https://www.iitg.ernet.in/gb,bKrYnrEAAAAJ,0000-0000-0000-0000
Gautam Biswas,Vanderbilt University,https://engineering.vanderbilt.edu/bio/?pid=gautam-biswas,-m5wrTkAAAAJ,0000-0002-2752-3878
Gautam Chetan Kamath,University of Waterloo,http://www.gautamkamath.com,MK6zHkYAAAAJ,0000-0000-0000-0000
Gautam Das 0001,University of Texas at Arlington,http://ranger.uta.edu/~gdas,oleB9xIAAAAJ,0000-0002-4627-9065
Gautam Kamath 0001,New York University,http://www.gautamkamath.com,MK6zHkYAAAAJ,0000-0003-0048-2559
Gautam Shroff,IIIT Delhi,https://iiitd.ac.in/gautam,f70Rc2wAAAAJ,0000-0002-0340-0283
Gavin Brown 0001,University of Manchester,https://www.research.manchester.ac.uk/portal/Gavin.Brown.html,bdugqKUAAAAJ,0000-0003-2261-9018
Gavin Brown 0003,University of Wisconsin - Madison,https://pages.cs.wisc.edu/~grbrown5,gBkMDloAAAAJ,0000-0000-0000-0000
Gavin Doherty,Trinity College Dublin,https://www.scss.tcd.ie/Gavin.Doherty,vVG6H9AAAAAJ,0000-0002-9617-7008
Gavin Lowe,University of Oxford,http://www.cs.ox.ac.uk/gavin.lowe,NOSCHOLARPAGE,0000-0000-0000-0000
Gavin McArdle,University College Dublin,https://people.ucd.ie/gavin.mcardle,07pHQ-IAAAAJ,0000-0003-0613-546X
Gavriil Tsechpenakis,IUPUI,http://cs.iupui.edu/people/gavriil-tsechpenakis,y7uuI7gAAAAJ,0000-0000-0000-0000
Gavrill Tsechpenakis,IUPUI,http://cs.iupui.edu/people/gavriil-tsechpenakis,y7uuI7gAAAAJ,0000-0000-0000-0000
Gayane Vardoyan,TU Delft,https://people.cs.umass.edu/~gvardoyan,iSt_oLcAAAAJ,0000-0002-6005-8138
Gayathri Ananthanarayanan,IIT Dharwad,https://homepages.iitdh.ac.in/~gayathri,yMWoQAEAAAAJ,0000-0001-7429-7888
Gaye Stephens,Trinity College Dublin,https://www.tcd.ie/research/profiles/?profile=gstephen,NOSCHOLARPAGE,0000-0000-0000-0000
Ge Li 0001,Peking University,http://sei.pku.edu.cn/~lige,NOSCHOLARPAGE,0000-0002-5828-0186
Ge Wang 0003,Xi'an Jiaotong University,http://gr.xjtu.edu.cn/web/gewang,ngEGALwAAAAJ,0000-0002-2656-7705
Geber L. Ramalho,UFPE,https://www.cin.ufpe.br/~glr,U970EO4AAAAJ,0000-0000-0000-0000
Geber Lisboa Ramalho,UFPE,https://www.cin.ufpe.br/~glr,U970EO4AAAAJ,0000-0000-0000-0000
Gedare Bloom,UCCS,https://gedare.github.io,8ZBnSl4AAAAJ,0000-0002-5677-7092
Gedas Bertasius,University of North Carolina,https://cs.unc.edu/person/gedas-bertasius,8FWkjw8AAAAJ,0000-0003-1800-4790
Geehyuk Lee,KAIST,http://hcil.kaist.ac.kr/?page_id=349,wBXkmcQAAAAJ,0000-0001-9674-6496
Geela Venise Firmalo Fabic,University of Melbourne,https://findanexpert.unimelb.edu.au/profile/1017400-geela-chee,p53m_jIAAAAJ,0000-0000-0000-0000
Geert De Maere,University of Nottingham,https://www.nottingham.ac.uk/computerscience/people/geert.de_maere,gS6tO4YAAAAJ,0000-0000-0000-0000
Geert J. Heijenk,University of Twente,https://research.utwente.nl/en/persons/c2d59637-f261-4e68-8140-885b77bc7a0a,TtLJ9WsAAAAJ,0000-0000-0000-0000
Geert-Jan Houben,TU Delft,http://www.wis.ewi.tudelft.nl/houben,7SLMWEcAAAAJ,0000-0001-6827-9739
Geevarghese Philip,CMI,http://www.cmi.ac.in/~gphilip,3QM3vr4AAAAJ,0000-0000-0000-0000
Geguang Pu,East China Normal University,https://faculty.ecnu.edu.cn/_s43/pgg/main.psp,niQAGcQAAAAJ,0000-0001-9750-8334
Geir E. Dullerud,Univ. of Illinois at Urbana-Champaign,https://mechanical.illinois.edu/directory/faculty/dullerud,afhaKpYAAAAJ,0000-0000-0000-0000
Gemma Roig,Goethe University Frankfurt,http://www.cvai.cs.uni-frankfurt.de/team.html,6MjMhT4AAAAJ,0000-0002-6439-8076
Gen-Huey Chen,National Taiwan University,http://www.csie.ntu.edu.tw/~ghchen,NOSCHOLARPAGE,0000-0000-0000-0000
Gena Hahn,University of Montreal,http://www.iro.umontreal.ca/~hahn,NOSCHOLARPAGE,0000-0000-0000-0000
Genaína Nunes Rodrigues,Universidade de Brasília,http://cic.unb.br/~genaina,qCUFz5AAAAAJ,0000-0003-1661-8131
Gene Cooperman,Northeastern University,http://www.ccs.neu.edu/home/gene,A9tBw58AAAAJ,0000-0003-2175-3848
Gene Louis Kim,University of South Florida,https://cse.usf.edu/~genekim,9jFmOukAAAAJ,0000-0002-3375-1957
Gene Myers [CBG],Max Planck Society,https://www.mpi-cbg.de/research-groups/current-groups/gene-myers/group-leader,jlas1aMAAAAJ,0000-0000-0000-0000
Gene Spafford,Purdue University,https://spaf.cerias.purdue.edu,MkC5kHcAAAAJ,0000-0000-0000-0000
Gene Tsudik,Univ. of California - Irvine,http://www.ics.uci.edu/~gts,WLvuu74AAAAJ,0000-0002-8467-8614
Geng Hong,Fudan University,https://ghong.site,XgBZfiUAAAAJ,0000-0003-1811-9432
Geng Wang,Shanghai Jiao Tong University,http://www.se.sjtu.edu.cn/teacher/teacherdetail.aspx?id=25,4mKWajkAAAAJ,0000-0003-2478-2919
Geng Yuan,University of Georgia,https://geng-yuan.com,tBIAgtgAAAAJ,0000-0001-9844-992X
Genghui Li,Shenzhen University,https://www.scholat.com/genghuili,3WixDRMAAAAJ,0000-0000-0000-0000
Gennady L. Andrienko,City University of London,https://www.city.ac.uk/people/academics/gennady-andrienko,R370BREAAAAJ,0000-0002-8574-6295
Gennady Pekhimenko,University of Toronto,http://www.cs.toronto.edu/~pekhimenko,ZgqVLuMAAAAJ,0000-0002-3839-0919
Gennaro Costagliola,University of Salerno,http://www.unisa.it/docenti/gennarocostagliola/en/index,j2roIOUAAAAJ,0000-0000-0000-0000
Gennaro Parlato,University of Molise,http://docenti.unimol.it/index.php?u=gennaro.parlato,qH4ssmQAAAAJ,0000-0002-8697-2980
Gennaro Percannella,University of Salerno,http://mivia.unisa.it/people/percannella,Uhn4uusAAAAJ,0000-0000-0000-0000
Genny Tortora,University of Salerno,http://www.unisa.it/docenti/genoveffatortora/index,NOSCHOLARPAGE,0000-0000-0000-0000
Genoveffa Tortora,University of Salerno,http://www.unisa.it/docenti/genoveffatortora/index,NOSCHOLARPAGE,0000-0003-4765-8371
Geoff Bowker,Univ. of California - Irvine,http://www.ics.uci.edu/~gbowker,NOSCHOLARPAGE,0000-0000-0000-0000
Geoff F. Kaufman,Carnegie Mellon University,https://www.hcii.cmu.edu/people/geoff-kaufman,acfjWDAAAAAJ,0000-0000-0000-0000
Geoff Holmes 0001,University of Waikato,https://www.cms.waikato.ac.nz/people/geoff,0rwvyVEAAAAJ,0000-0003-0433-8925
Geoff Kaufman,Carnegie Mellon University,https://www.hcii.cmu.edu/people/geoff-kaufman,acfjWDAAAAAJ,0000-0002-0123-3792
Geoff Leach,RMIT University,https://www.rmit.edu.au/contact/staff-contacts/academic-staff/l/leach-mr-geoff,5RrkpIQAAAAJ,0000-0000-0000-0000
Geoff Nitschke,University of Cape Town,https://people.cs.uct.ac.za/~gnitschke,jgX5HxoAAAAJ,0000-0001-9058-852X
Geoff S. Nitschke,University of Cape Town,https://people.cs.uct.ac.za/~gnitschke,jgX5HxoAAAAJ,0000-0000-0000-0000
Geoff Stuart Nitschke,University of Cape Town,https://people.cs.uct.ac.za/~gnitschke,jgX5HxoAAAAJ,0000-0000-0000-0000
Geoff Sutcliffe,University of Miami,http://www.cs.miami.edu/~geoff,lzMFBvQAAAAJ,0000-0001-9120-3927
Geoff V. Merrett,University of Southampton,https://www.ecs.soton.ac.uk/people/gm1r07,rKw0hb8AAAAJ,0000-0003-4980-3894
Geoff Voelker,Univ. of California - San Diego,http://cseweb.ucsd.edu/~voelker,ZfDtNpUAAAAJ,0000-0003-0865-7499
Geoff Wyvill,University of Otago,http://www.cs.otago.ac.nz/staff/Geoff_Wyvill,NOSCHOLARPAGE,0000-0000-0000-0000
Geoffrey Brown,Indiana University,http://homes.soic.indiana.edu/geobrown,PrxFp1MAAAAJ,0000-0000-0000-0000
Geoffrey C. Bowker,Univ. of California - Irvine,http://www.ics.uci.edu/~gbowker,NOSCHOLARPAGE,0000-0000-0000-0000
Geoffrey C. Fox,University of Virginia,https://engineering.virginia.edu/faculty/geoffrey-c-fox,dJ-fD-sAAAAJ,0000-0000-0000-0000
Geoffrey Charles Fox,University of Virginia,https://engineering.virginia.edu/faculty/geoffrey-c-fox,dJ-fD-sAAAAJ,0000-0000-0000-0000
Geoffrey G. Xie,Naval Postgraduate School,http://faculty.nps.edu/xie,kEM42bEAAAAJ,0000-0000-0000-0000
Geoffrey Holmes 0001,University of Waikato,https://www.cms.waikato.ac.nz/people/geoff,0rwvyVEAAAAJ,0000-0003-0433-8925
Geoffrey I. Webb,Monash University,https://research.monash.edu/en/persons/geoff-webb,_1tpf8AAAAAJ,0000-0001-9963-5169
Geoffrey J. Gordon,Carnegie Mellon University,http://www.cs.cmu.edu/~ggordon,0OY5L3UAAAAJ,0000-0000-0000-0000
Geoffrey M. Voelker,Univ. of California - San Diego,http://cseweb.ucsd.edu/~voelker,ZfDtNpUAAAAJ,0000-0003-0865-7499
Geoffrey Mainland,Drexel University,https://www.cs.drexel.edu/~mainland,jjWDm9wAAAAJ,0000-0002-0328-8594
Geoffrey S. Smith,Florida International University,http://www.cis.fiu.edu/~smithg,OCmc_bYAAAAJ,0000-0000-0000-0000
Geoffrey Smith,Florida International University,http://www.cis.fiu.edu/~smithg,OCmc_bYAAAAJ,0000-0000-0000-0000
Geoffrey Smith 0001,Florida International University,http://www.cis.fiu.edu/~smithg,OCmc_bYAAAAJ,0000-0000-0000-0000
Geoffrey Werner Challen,University at Buffalo,https://blue.cse.buffalo.edu/people/gwa,lR34_8YAAAAJ,0000-0000-0000-0000
Georg Carle,TU Munich,https://www.net.in.tum.de/members/carle,l5xqmTIAAAAJ,0000-0000-0000-0000
Georg Fuchsbauer,TU Wien,http://www.di.ens.fr/~fuchsbau,CxHsVWwAAAAJ,0000-0001-5672-5850
Georg Gottlob,University of Oxford,https://www.cs.ox.ac.uk/people/georg.gottlob,i72_SkUAAAAJ,0000-0002-2353-5230
Georg Groh,TU Munich,https://www.professoren.tum.de/en/groh-georg,aTPKRO0AAAAJ,0000-0000-0000-0000
Georg Klinker,TU Munich,https://www.lis.ei.tum.de/en/persons/management/stechele,NOSCHOLARPAGE,0000-0000-0000-0000
Georg Lausen,University of Freiburg,http://dbis.informatik.uni-freiburg.de/team/lausen/georg,wzKbqkcAAAAJ,0000-0000-0000-0000
Georg Martius,University of Tübingen,https://is.mpg.de/person/gmartius,b-JF-UIAAAAJ,0000-0002-8963-7627
Georg Moser,University of Innsbruck,https://tcs-informatik.uibk.ac.at,nT0BZ_AAAAAJ,0000-0001-9240-6128
Georg Schildbach,University of Lübeck,https://www.ime.uni-luebeck.de/institute/staff/georg-schildbach,uwIymbUAAAAJ,0000-0002-8319-8854
Georg Schnitger,Goethe University Frankfurt,http://www.thi.informatik.uni-frankfurt.de/team/gschnitger,NOSCHOLARPAGE,0000-0000-0000-0000
Georg Seelig,University of Washington,https://homes.cs.washington.edu/~seelig,Nf4G12YAAAAJ,0000-0002-3163-8782
Georg Stadler,New York University,https://math.nyu.edu/~stadler,pTbnj1IAAAAJ,0000-0001-7762-6544
Georg Struth,University of Sheffield,https://www.sheffield.ac.uk/dcs/people/academic/georg-struth,lgsk1IoAAAAJ,0000-0001-9466-7815
Georg Weissenbacher,TU Wien,http://www.georg.weissenbacher.science,1KfaH-QAAAAJ,0000-0002-0143-632X
Georg Zetzsche [SWS],Max Planck Society,http://zetzsche.xyz,BHNdXKxbM-8C,0000-0000-0000-0000
George A. Dafoulas,Middlesex University,http://www.cs.mdx.ac.uk/people/george-dafoulas,NOSCHOLARPAGE,0000-0000-0000-0000
George A. Tsihrintzis,University of Piraeus,https://www.unipi.gr/unipi/en/geoatsi.html,QUC1ebEAAAAJ,0000-0000-0000-0000
George A. Vouros,University of Piraeus,https://www.ds.unipi.gr/en/faculty/georgev-en,NOSCHOLARPAGE,0000-0000-0000-0000
George Alex Koulieris,Durham University,https://www.dur.ac.uk/computer.science/staff/profile/?id=17133,NWZ7UJUAAAAJ,0000-0003-1610-6240
George B. Mertzios,Durham University,https://www.dur.ac.uk/computer.science/staff/profile/?id=9703,61cu4UMAAAAJ,0000-0001-7182-585X
George B. Purdy,University of Cincinnati,https://etd.ohiolink.edu/!etd.send_file?accession=ucin1140802889&disposition=inline,NOSCHOLARPAGE,0000-0000-0000-0000
George Bebis,University of Nevada,https://www.cse.unr.edu/~bebis,-uRoVEUAAAAJ,0009-0000-6222-5967
George Berg,University at Albany - SUNY,https://www.albany.edu/ceas/george-berg.php,NOSCHOLARPAGE,0000-0002-2503-638X
George Buchanan 0001,University of Melbourne,https://findanexpert.unimelb.edu.au/display/person793596,HPbkM6YAAAAJ,0000-0001-9044-6644
George C. Necula,Univ. of California - Berkeley,http://www.cs.berkeley.edu/~necula,_fiHvDAAAAAJ,0000-0000-0000-0000
George C. Polyzos,AUEB,http://niovi.aueb.gr/~gcp,y-Mxxa0AAAAJ,0000-0003-0030-4808
George Candea,EPFL,http://dslab.epfl.ch/people/candea,Yd-SGH8AAAAJ,0009-0002-8107-6535
George Christodoulou 0001,University of Liverpool,https://cgi.csc.liv.ac.uk/~gchristo,QRIaADsAAAAJ,0000-0002-9623-7461
George D. C. Cavalcanti,UFPE,http://www.cin.ufpe.br/~gdcc,0dSAy8IAAAAJ,0000-0000-0000-0000
George D. Magoulas,Birkbeck University of London,https://www.dcs.bbk.ac.uk/about/people/academic-staff/gmagoulas,AJ4xClEAAAAJ,0000-0000-0000-0000
George D. Stamoulis,AUEB,http://nes.aueb.gr/users/gs.html,5uRFCLsAAAAJ,0000-0000-0000-0000
George Darmiton da Cunha Cavalcanti,UFPE,http://www.cin.ufpe.br/~gdcc,0dSAy8IAAAAJ,0000-0000-0000-0000
George Dimitri Konidaris,Brown University,http://cs.brown.edu/people/gdk,9UERvVEAAAAJ,0000-0000-0000-0000
George E. Nasr,Lebanese American University,http://www.lau.edu.lb/about/governance-policies/executive-officers/george-nasr.php,S9yBpOMAAAAJ,0000-0000-0000-0000
George F. Georgakopoulos,University of Crete,https://www.csd.uoc.gr,NOSCHOLARPAGE,0000-0000-0000-0000
George F. Pinder,University of Vermont,http://www.uvm.edu/~cems/?Page=employee/profile.php&SM=employee/_employeemenu.html&EmID=18,NOSCHOLARPAGE,0000-0000-0000-0000
George Fletcher 0001,TU Eindhoven,http://www.win.tue.nl/~gfletche,87TyXPcAAAAJ,0000-0003-2111-6769
George Ghinea,Brunel University London,https://www.brunel.ac.uk/people/george-ghinea,k-Q6RlEAAAAJ,0000-0003-2578-5580
George H. L. Fletcher,TU Eindhoven,http://www.win.tue.nl/~gfletche,87TyXPcAAAAJ,0000-0003-2111-6769
George I. Goumas,NTUA,http://www.cslab.ntua.gr/~goumas,Cskc-awAAAAJ,0000-0000-0000-0000
George Iosifidis,TU Delft,https://www.futurenetworkstrinity.net,onHCjwcAAAAJ,0000-0003-1001-2323
George J. Milne,University of Western Australia,http://uwa.edu.au/people/george.milne,OmXRd4IAAAAJ,0000-0002-9796-0600
George J. Pappas,University of Pennsylvania,http://www.georgejpappas.org,Kia-4B0AAAAJ,0000-0001-9081-0637
George John Fakas,Uppsala University,http://user.it.uu.se/~geofa117,e2YL150AAAAJ,0000-0000-0000-0000
George K. Atia,University of Central Florida,http://eecs.ucf.edu/~atia,E_8axWQAAAAJ,0000-0000-0000-0000
George K. Matsopoulos,NTUA,https://www.ece.ntua.gr/en/staff/175,zKzcMW0AAAAJ,0000-0000-0000-0000
George Karakonstantis,Queen's University Belfast,https://www.qub.ac.uk/schools/eeecs/Connect/Staff/BusinessCard/?name=g.karakonstantis,0ocbGIqEN7UC,0000-0000-0000-0000
George Karakostas,McMaster University,http://www.cas.mcmaster.ca/~gk,qaT9cxAAAAAJ,0000-0002-1978-1252
George Karypis,University of Minnesota,http://glaros.dtc.umn.edu,ElqwScwAAAAJ,0000-0003-2753-1437
George Kesidis,Pennsylvania State University,http://www.cse.psu.edu/~gik2,g-WedwYAAAAJ,0000-0000-0000-0000
George Kollios,Boston University,http://www.cs.bu.edu/~gkollios,0VFi-vAAAAAJ,0009-0004-1837-8498
George Konidaris 0001,Brown University,http://cs.brown.edu/people/gdk,9UERvVEAAAAJ,0000-0002-4460-2519
George Konstantinidis 0001,University of Southampton,https://www.ecs.soton.ac.uk/people/gk1e17,dg3_PMoAAAAJ,0000-0002-3962-9303
George Labahn,University of Waterloo,https://cs.uwaterloo.ca/~glabahn,Y91lPPwAAAAJ,0000-0000-0000-0000
George Luiz Medeiros Teodoro,Universidade de Brasília,http://cic.unb.br/~teodoro,J-voATsAAAAJ,0000-0000-0000-0000
George M. Coghill,University of Aberdeen,https://www.abdn.ac.uk/people/g.coghill,p4iYVDgAAAAJ,0000-0000-0000-0000
George M. Slota,Rensselaer Polytechnic Institute,http://www.cs.rpi.edu/~slotag,xjiQaA0AAAAJ,0000-0000-0000-0000
George M. Turkiyyah,American University of Beirut,https://www.aub.edu.lb/fas/cs/people/Pages/gt02.aspx,NOSCHOLARPAGE,0000-0000-0000-0000
George Macleod Coghill,University of Aberdeen,https://www.abdn.ac.uk/people/g.coghill,p4iYVDgAAAAJ,0000-0002-2047-8277
George Manis,University of Ioannina,https://cs.uoi.gr/~manis,D0CFwn0AAAAJ,0000-0000-0000-0000
George Markowsky,University of Maine,https://spia.umaine.edu/people/dr-george-markowsky,e-MKvvcAAAAJ,0000-0003-3715-2625
George Matas,Czech Technical University,http://cmp.felk.cvut.cz/~matas,EJCNY6QAAAAJ,0000-0000-0000-0000
George Miminis,Memorial Univ. of Newfoundland,https://www.mun.ca/computerscience/people/george.php,NOSCHOLARPAGE,0000-0000-0000-0000
George Mohler,IUPUI,http://science.iupui.edu/people/george-mohler,J-vrZ58AAAAJ,0000-0000-0000-0000
George N. Rouskas,North Carolina State University,http://rouskas.csc.ncsu.edu,tmuBOhwAAAAJ,0000-0001-8250-8913
George O. Mohler,IUPUI,http://science.iupui.edu/people/george-mohler,J-vrZ58AAAAJ,0000-0003-4293-5106
George P. Efthymoglou,University of Piraeus,https://www.ds.unipi.gr/en/faculty/gefthymo-en,cCKSs3sAAAAJ,0000-0000-0000-0000
George Papadimitriou 0001,University of Patras,https://www.ceid.upatras.gr/webpages/faculty/gpapad,vMalqToAAAAJ,0000-0002-3772-5019
George Papagiannakis,University of Crete,http://george.papagiannakis.org,rUfyI3MAAAAJ,0000-0002-2977-9850
George Parisis,University of Sussex,http://www.sussex.ac.uk/informatics/people/peoplelists/person/334868,Jsmd7a0AAAAJ,0000-0002-1298-7143
George Parissis,University of Sussex,http://www.sussex.ac.uk/informatics/people/peoplelists/person/334868,Jsmd7a0AAAAJ,0000-0000-0000-0000
George Porter,Univ. of California - San Diego,http://cseweb.ucsd.edu/~gmporter,aWQabOQAAAAJ,0000-0001-9753-5471
George Portides,University of Nicosia,https://www.unic.ac.cy/portides-george,NOSCHOLARPAGE,0000-0000-0000-0000
George R. Buchanan 0001,University of Melbourne,https://findanexpert.unimelb.edu.au/display/person793596,HPbkM6YAAAAJ,0000-0001-9044-6644
George Robert Buchanan,University of Melbourne,https://findanexpert.unimelb.edu.au/display/person793596,HPbkM6YAAAAJ,0000-0000-0000-0000
George Roussos,Birkbeck University of London,https://www.dcs.bbk.ac.uk/about/people/academic-staff/gr,hUYJNNoAAAAJ,0000-0002-7665-7303
George S. Miminis,Memorial Univ. of Newfoundland,https://www.mun.ca/computerscience/people/george.php,NOSCHOLARPAGE,0000-0000-0000-0000
George Spanoudakis,City University of London,https://www.city.ac.uk/people/academics/george-spanoudakis,XQSvrAwAAAAJ,0000-0000-0000-0000
George T. Amariucai,Kansas State University,http://people.cs.ksu.edu/~amariucai,NOSCHOLARPAGE,0000-0000-0000-0000
George T. Heineman,Worcester Polytechnic Institute,http://www.wpi.edu/~heineman,5vAwdfoAAAAJ,0000-0000-0000-0000
George Teodoro,Universidade de Brasília,http://cic.unb.br/~teodoro,J-voATsAAAAJ,0000-0001-6289-3914
George Theodorakopoulos 0001,Cardiff University,https://www.cardiff.ac.uk/people/view/118169-theodorakopoulos-george,HjmhIJMAAAAJ,0000-0003-2701-7809
George Tourlakis,York University,http://www.cse.yorku.ca/~gt,NOSCHOLARPAGE,0000-0000-0000-0000
George Traian Amariucai,Kansas State University,http://people.cs.ksu.edu/~amariucai,NOSCHOLARPAGE,0000-0000-0000-0000
George Turkiyyah,American University of Beirut,https://www.aub.edu.lb/fas/cs/people/Pages/gt02.aspx,NOSCHOLARPAGE,0000-0000-0000-0000
George Tzanetakis,University of Victoria,http://www.cs.uvic.ca/~gtzan,yPgxxpwAAAAJ,0000-0002-6844-7912
George Tzimpragos,University of Wisconsin - Madison,https://directory.engr.wisc.edu/ece/Faculty/Tzimpragos_Georgios,KxsspL0AAAAJ,0000-0000-0000-0000
George Tziritas,University of Crete,https://www.csd.uoc.gr/~tziritas,mIh2JWAAAAAJ,0000-0000-0000-0000
George Varghese,Univ. of California - Los Angeles,http://web.cs.ucla.edu/~varghese,SEnY0XQAAAAJ,0000-0002-8218-5701
George Vassilacopoulos,University of Piraeus,https://www.ds.unipi.gr/en/faculty/gvass-en,q8_VODcAAAAJ,0000-0000-0000-0000
George Wolberg,CUNY,http://www-cs.ccny.cuny.edu/~wolberg,KyXgRdQAAAAJ,0000-0000-0000-0000
George Xylomenos,AUEB,http://pages.cs.aueb.gr/~xgeorge,f7tP8gcAAAAJ,0000-0003-2552-687X
George Zervas,Boston University,https://www.bu.edu/cs/profiles/zg,5L8vEA4AAAAJ,0000-0000-0000-0000
Georgeta Elisabeta Marai,University of Illinois at Chicago,https://www.evl.uic.edu/marai,xPCVtawAAAAJ,0000-0000-0000-0000
Georgi Gaydadjiev,University of Groningen,https://www.rug.nl/staff/g.gaydadjiev/?lang=en,IL5KrG4AAAAJ,0000-0002-3678-7007
Georgi Nedeltchev Gaydadjiev,University of Groningen,https://www.rug.nl/staff/g.gaydadjiev/?lang=en,IL5KrG4AAAAJ,0000-0002-3678-7007
Georgia Avarikioti,TU Wien,https://informatics.tuwien.ac.at/people/zeta-avarikioti,GNLHrL0AAAAJ,0000-0001-5255-8389
Georgia Chalvatzaki,TU Darmstadt,https://pearl-lab.com/people/georgia-chalvatzaki,mlho5FkAAAAJ,0000-0000-0000-0000
Georgia Gkioxari,California Inst. of Technology,https://gkioxari.github.io,kQisE-gAAAAJ,0000-0000-0000-0000
Georgia Koppe,Heidelberg University,https://humml.iwr.uni-heidelberg.de,5EVBcowAAAAJ,0000-0003-2941-9238
Georgiana Caltais,University of Twente,https://people.utwente.nl/g.g.c.caltais,NOSCHOLARPAGE,0000-0000-0000-0000
Georgiana Ifrim,University College Dublin,https://people.ucd.ie/georgiana.ifrim,MHs3X9YAAAAJ,0000-0002-8400-2972
Georgina Cosma,Loughborough University,https://www.lboro.ac.uk/departments/compsci/staff/academic-teaching/georgina-cosma,OpHkDDIAAAAJ,0000-0002-4663-6907
Georgios A. Dafoulas,Middlesex University,http://www.cs.mdx.ac.uk/people/george-dafoulas,NOSCHOLARPAGE,0000-0000-0000-0000
Georgios Alexandros Kavvos,University of Bristol,https://www.lambdabetaeta.eu,yWerYFkAAAAJ,0000-0000-0000-0000
Georgios E. Fainekos,Arizona State University,http://www.public.asu.edu/~gfaineko,WGRYgBEAAAAJ,0000-0002-0456-2129
Georgios Efthymios Theodorakopoulos,Cardiff University,https://www.cardiff.ac.uk/people/view/118169-theodorakopoulos-george,HjmhIJMAAAAJ,0000-0000-0000-0000
Georgios Fainekos,Arizona State University,http://www.public.asu.edu/~gfaineko,WGRYgBEAAAAJ,0000-0002-0456-2129
Georgios I. Goumas,NTUA,http://www.cslab.ntua.gr/~goumas,Cskc-awAAAAJ,0000-0001-7811-4831
Georgios Iosifidis,TU Delft,https://www.futurenetworkstrinity.net,onHCjwcAAAAJ,0000-0003-1001-2323
Georgios John Fakas,Uppsala University,http://user.it.uu.se/~geofa117,e2YL150AAAAJ,0000-0000-0000-0000
Georgios K. Theodoropoulos 0001,SUSTech,http://www.gtheodoropoulos.com,pr69a6YAAAAJ,0000-0000-0000-0000
Georgios Karakonstantis,Queen's University Belfast,https://www.qub.ac.uk/schools/eeecs/Connect/Staff/BusinessCard/?name=g.karakonstantis,0ocbGIqEN7UC,0000-0000-0000-0000
Georgios Kouroupetroglou,University of Athens,http://speech.di.uoa.gr/koupe/koupe.html,Kp5FaxoAAAAJ,0000-0003-4633-9475
Georgios Koutsoukos,Royal Holloway Univ. of London,https://pure.royalholloway.ac.uk/portal/en/persons/giorgios-koutsoukos(b560b8d3-e39c-449d-8e3f-0e97c171b3d0).html,wLy0n-8AAAAJ,0000-0002-3423-6893
Georgios Leontidis,University of Aberdeen,https://www.abdn.ac.uk/people/georgios.leontidis,NOSCHOLARPAGE,0000-0001-6671-5568
Georgios Papaioannou,AUEB,http://www.aueb.gr/users/gepap,8YSbfqcAAAAJ,0000-0000-0000-0000
Georgios Portokalidis,IMDEA Software Institute,https://www.portokalidis.net,pGz5U34AAAAJ,0000-0002-1665-803X
Georgios S. Zervas,Boston University,https://www.bu.edu/cs/profiles/zg,5L8vEA4AAAAJ,0000-0000-0000-0000
Georgios Smaragdakis,TU Delft,https://gsmaragd.github.io,wytGMWcAAAAJ,0000-0002-4127-3617
Georgios Theodoropoulos 0001,SUSTech,http://www.gtheodoropoulos.com,pr69a6YAAAAJ,0000-0000-0000-0000
Georgios Tzimpragos,University of Michigan,https://www.georgetzimpragos.com,KxsspL0AAAAJ,0000-0002-0127-4703
Georgios Tziritas,University of Crete,https://www.csd.uoc.gr/~tziritas,mIh2JWAAAAAJ,0000-0002-1802-1825
Georgios Zervas,Boston University,https://www.bu.edu/cs/profiles/zg,5L8vEA4AAAAJ,0000-0000-0000-0000
Georgy L. Gimel'farb,University of Auckland,http://www.tcs.auckland.ac.nz/~georgy,EsFtvHUAAAAJ,0000-0003-2120-9391
Geraint Jones,University of Oxford,http://www.cs.ox.ac.uk/people/geraint.jones,NOSCHOLARPAGE,0000-0003-2601-4411
Geraint Price,Royal Holloway Univ. of London,https://pure.royalholloway.ac.uk/en/persons/geraint-price,NOSCHOLARPAGE,0000-0000-0000-0000
Gerald B. Baumgartner,Louisiana State University,https://www.lsu.edu/eng/cse/people/faculty/baumgartner.php,pno6BrMAAAAJ,0000-0000-0000-0000
Gerald Baumgartner,Louisiana State University,https://www.lsu.edu/eng/cse/people/faculty/baumgartner.php,pno6BrMAAAAJ,0000-0000-0000-0000
Gerald Futschek,TU Wien,https://www.ifs.tuwien.ac.at/futschek,oLXK500AAAAJ,0000-0001-7255-2531
Gerald J. Sussman,Massachusetts Inst. of Technology,https://www.csail.mit.edu/user/1512,NOSCHOLARPAGE,0000-0000-0000-0000
Gerald Jay Sussman,Massachusetts Inst. of Technology,https://www.csail.mit.edu/user/1512,NOSCHOLARPAGE,0000-0000-0000-0000
Gerald Kotonya,Lancaster University,https://www.lancaster.ac.uk/scc/about-us/people/gerald-kotonya,d5AUHbgAAAAJ,0000-0002-8066-3845
Gerald Lüttgen,University of Bamberg,https://www.uni-bamberg.de/swt/team/prof-dr-gerald-luettgen,NOSCHOLARPAGE,0000-0000-0000-0000
Gerald Odhiambo Kotonya,Lancaster University,https://www.lancaster.ac.uk/scc/about-us/people/gerald-kotonya,d5AUHbgAAAAJ,0000-0000-0000-0000
Gerald Penn,University of Toronto,http://www.cs.toronto.edu/~gpenn,mJk-CLYAAAAJ,0000-0003-3553-8305
Gerald Q. Maguire Jr.,KTH Royal Inst. of Technology,https://www.kth.se/profile/maguire,HJgs_3YAAAAJ,0000-0002-6066-746X
Gerald Quirchmayr,University of Vienna,https://cs.univie.ac.at/gerald.quirchmayr,NOSCHOLARPAGE,0000-0000-0000-0000
Gerald Schaefer,Loughborough University,https://www.lboro.ac.uk/departments/compsci/staff/academic-teaching/gerald-schaefer,NOSCHOLARPAGE,0000-0003-1292-7674
Gerald Steinbauer,Graz University of Technology,http://www.ist.tugraz.at/steinbauer/Main_Page,aXkPAnEAAAAJ,0000-0001-9374-7864
Gerald Steinhardt,TU Wien,https://media.tuwien.ac.at/people/steinhardt,NOSCHOLARPAGE,0000-0000-0000-0000
Gerald Tripp,University of Kent,https://www.cs.kent.ac.uk/people/staff/gewt,NOSCHOLARPAGE,0000-0000-0000-0000
Gerald Weber,University of Auckland,https://www.cs.auckland.ac.nz/~gerald,mBgJMaUAAAAJ,0000-0002-1221-8045
Geraldine Fitzpatrick,TU Wien,http://igw.tuwien.ac.at/hci/people/gfitzpatrick,aUPpNvEAAAAJ,0000-0002-2013-2188
Geraldo Bonorino Xexéo,UFRJ,http://www.cos.ufrj.br/index.php/pt-BR/pessoas/details/18/1020-xexeo,VbVw7-4AAAAJ,0000-0000-0000-0000
Geraldo R. Mateus,UFMG,http://homepages.dcc.ufmg.br/~mateus,k_rGXy0AAAAJ,0000-0000-0000-0000
Geraldo Robson Mateus,UFMG,http://homepages.dcc.ufmg.br/~mateus,k_rGXy0AAAAJ,0000-0000-0000-0000
Geraldo Xexéo,UFRJ,http://www.cos.ufrj.br/index.php/pt-BR/pessoas/details/18/1020-xexeo,VbVw7-4AAAAJ,0000-0000-0000-0000
Geraldo Zimbrao,UFRJ,http://www.cos.ufrj.br/~zimbrao,nJ1JMwcAAAAJ,0000-0000-0000-0000
Geraldo Zimbrão,UFRJ,http://www.cos.ufrj.br/~zimbrao,nJ1JMwcAAAAJ,0000-0000-0000-0000
Geraldo Zimbrão da Silva,UFRJ,http://www.cos.ufrj.br/~zimbrao,nJ1JMwcAAAAJ,0000-0000-0000-0000
Gerard Jounghyun Kim,Korea University,https://dxp.korea.ac.kr/index.php?mid=page_QEGJ80,7UCco8IAAAAJ,0000-0001-9880-8021
Gerard Pons-Moll,University of Tübingen,https://virtualhumans.mpi-inf.mpg.de,OpXMNnMAAAAJ,0000-0001-5115-7794
Gerard R. Richter,Rutgers University,http://www.cs.rutgers.edu/~richter,NOSCHOLARPAGE,0000-0000-0000-0000
Gerard Tel,Utrecht University,https://www.uu.nl/medewerkers/GTel,Hr52qJUAAAAJ,0000-0000-0000-0000
Gerard Wagenaar,Utrecht University,https://www.uu.nl/medewerkers/GWagenaar,ohDvY50AAAAJ,0000-0000-0000-0000
Gerard de Melo,Hasso Plattner Institute,http://gerard.demelo.org,WCQXaGkAAAAJ,0000-0002-2930-2059
Gerardo Aragon-Camarasa,University of Glasgow,http://www.dcs.gla.ac.uk/~gerardo,mbSbOegAAAAJ,0000-0003-3756-5569
Gerardo Canfora,University of Sannio,http://www.gerardocanfora.net,3wkA_aYAAAAJ,0000-0003-0049-1279
Gerardo Pelosi,Politecnico di Milano,http://home.deib.polimi.it/pelosi,Rlp-N_gAAAAJ,0000-0002-3812-5429
Gerardo Schneider,Chalmers/GU,https://www.chalmers.se/en/staff/Pages/gersch.aspx,NOSCHOLARPAGE,0000-0003-0629-6853
Gerasimos Spanakis,Maastricht University,https://dke.maastrichtuniversity.nl/jerry.spanakis,LiUXYVgAAAAJ,0000-0002-0799-0241
Gerd Brewka,University of Leipzig,http://www.informatik.uni-leipzig.de/~brewka,wAxbPL0AAAAJ,0000-0000-0000-0000
Gerd Bruder,University of Central Florida,https://sreal.ucf.edu/sreal/people/bruder,up3aPSwAAAAJ,0000-0003-1450-1802
Gerd Hirzinger,TU Munich,http://www6.in.tum.de/Main/Hirzinge,NOSCHOLARPAGE,0000-0000-0000-0000
Gerd Stumme,University of Kassel,https://www.kde.cs.uni-kassel.de/stumme,PqIX0TwAAAAJ,0000-0002-0570-7908
Gerd Wagner 0001,Brandenburg Univ. of Technology,https://www.b-tu.de/fg-internet-technologie/team/professor,zna3SeQAAAAJ,0000-0003-3049-8885
Gerda Janssens,KU Leuven,https://people.cs.kuleuven.be/~gerda.janssens,JTZxGp0AAAAJ,0000-0000-0000-0000
Gergely V. Záruba,Wichita State University,https://www.wichita.edu/profiles/academics/engineering/SoC/Zaruba-Gergely.php,gJDwJcAAAAAJ,0000-0000-0000-0000
Gerhard A. Bauch,Hamburg University of Technology,https://www.tuhh.de/nt/personen/professoren/gerhard-bauch/biographie.html,NOSCHOLARPAGE,0000-0000-0000-0000
Gerhard A. Holzapfel,Graz University of Technology,https://www.biomech.tugraz.at/people/gerhard_holzapfel,TCfOWgUAAAAJ,0000-0000-0000-0000
Gerhard Bauch 0001,Hamburg University of Technology,https://www.tuhh.de/nt/personen/professoren/gerhard-bauch/biographie.html,NOSCHOLARPAGE,0000-0000-0000-0000
Gerhard Brewka,University of Leipzig,http://www.informatik.uni-leipzig.de/~brewka,wAxbPL0AAAAJ,0000-0000-0000-0000
Gerhard Fohler,TU Kaiserslautern,https://rts.eit.uni-kl.de/index.php?id=18&people_action=detail&people_id=3,NOSCHOLARPAGE,0000-0001-6162-2653
Gerhard Friedrich,University of Klagenfurt,http://www.gerhard-friedrich.at,JAMnVRcAAAAJ,0000-0002-1992-4049
Gerhard G. Thallinger,Graz University of Technology,https://genome.tugraz.at/people.shtml,aMG6ceMAAAAJ,0000-0002-2864-5404
Gerhard Heyer,University of Leipzig,http://asv.informatik.uni-leipzig.de/staff/Gerhard_Heyer,i_RcqLwAAAAJ,0000-0000-0000-0000
Gerhard Hirzinger,TU Munich,http://www6.in.tum.de/Main/Hirzinge,NOSCHOLARPAGE,0000-0000-0000-0000
Gerhard J. Woeginger,RWTH Aachen University,https://www.informatik.rwth-aachen.de/cms/informatik/Fachgruppe/Aktuell/Meldungen/~ukvwk/Trauer-um-Gerhard-Woeginger,rtfJhO0AAAAJ,0000-0000-0000-0000
Gerhard Johannes Woeginger,RWTH Aachen University,https://www.informatik.rwth-aachen.de/cms/informatik/Fachgruppe/Aktuell/Meldungen/~ukvwk/Trauer-um-Gerhard-Woeginger,rtfJhO0AAAAJ,0000-0000-0000-0000
Gerhard Jäger,University of Bern,http://www.ltg.unibe.ch/staff/jaeger,lg0l9REAAAAJ,0000-0000-0000-0000
Gerhard Lakemeyer,RWTH Aachen University,http://www-i5.informatik.rwth-aachen.de/gerhard,v0zpdqkAAAAJ,0000-0002-7363-7593
Gerhard Leitner,University of Klagenfurt,https://www.aau.at/team/leitner-gerhard,rUG6gFoAAAAJ,0000-0002-3084-0727
Gerhard Neumann,Karlsruhe Inst. of Technology,https://alr.anthropomatik.kit.edu/21_65.php,GL360kMAAAAJ,0000-0002-5483-4225
Gerhard P. Fettweis,TU Dresden,https://www.vodafone-chair.org/team/gerhard-fettweis,qUwSsMwAAAAJ,0000-0000-0000-0000
Gerhard P. Hancke 0002,City University of Hong Kong,http://www.cityu.edu.hk/stfprofile/gphancke.htm,C2iR3xUAAAAJ,0000-0002-2388-3542
Gerhard P. Hancke Jr.,City University of Hong Kong,http://www.cityu.edu.hk/stfprofile/gphancke.htm,C2iR3xUAAAAJ,0000-0000-0000-0000
Gerhard Petrus Hancke,City University of Hong Kong,http://www.cityu.edu.hk/stfprofile/gphancke.htm,C2iR3xUAAAAJ,0000-0000-0000-0000
Gerhard Sagerer,Bielefeld University,http://aiweb.techfak.uni-bielefeld.de/user/sagerer,HDmPKX4AAAAJ,0000-0000-0000-0000
Gerhard Schwabe,University of Zurich,http://www.ifi.uzh.ch/imrg/people/schwabe.html,_a7cvK0AAAAJ,0000-0002-0453-9762
Gerhard Sommer,Graz University of Technology,https://www.biomech.tugraz.at/index.php/people/gerhard_sommer,gD2-pFUAAAAJ,0000-0003-3897-5957
Gerhard W. Dueck,University of New Brunswick,http://www.cs.unb.ca/~gdueck,lozv7bIAAAAJ,0000-0001-5396-4629
Gerhard Weber 0002,TU Dresden,https://tu-dresden.de/ing/informatik/institut-fuer-angewandte-informatik/mci,eoQw-CMAAAAJ,0000-0002-1890-4281
Gerhard Weikum [INF],Max Planck Society,http://www.mpi-inf.mpg.de/~weikum,vNAD0mAAAAAJ,0000-0000-0000-0000
Gerhard Weiss 0001,Maastricht University,http://www.weiss-gerhard.info,3TofHnIAAAAJ,0000-0000-0000-0000
Gerhard Wellein,University of Erlangen–Nuremberg,https://hpc.fau.de/person/gerhard-wellein,1fQ6-mEAAAAJ,0000-0001-7371-3026
Gerhard Widmer,JKU Linz,https://www.jku.at/en/institute-of-computational-perception/about-us/people/gerhard-widmer,dyGS5YYAAAAJ,0000-0003-3531-1282
Gerhard Wunder,Freie Universitaet Berlin,https://www.mi.fu-berlin.de/en/inf/groups/ag-comm/team-members/wunder.html,I9ifRZEAAAAJ,0009-0001-0850-8816
Gerik Scheuermann,University of Leipzig,http://www.informatik.uni-leipzig.de/bsv/homepage/de/people/gerik-scheuermann,FXZzosEAAAAJ,0000-0001-5200-8870
Germano C. Vasconcelos,UFPE,https://www.cin.ufpe.br/~gcv,FVKapDMAAAAJ,0000-0000-0000-0000
Germano Crispim Vasconcelos,UFPE,https://www.cin.ufpe.br/~gcv,FVKapDMAAAAJ,0000-0000-0000-0000
Germán Bravo,Universidad de los Andes,https://sistemasacademico.uniandes.edu.co/~gbravo/dokuwiki/doku.php,MnWyaMQAAAAJ,0000-0000-0000-0000
Germán Enrique Bravo Córdoba,Universidad de los Andes,https://sistemasacademico.uniandes.edu.co/~gbravo/dokuwiki/doku.php,MnWyaMQAAAAJ,0000-0000-0000-0000
Germán Santos-Boada,Polytechnic Univ. of Catalonia,http://directori.upc.edu/directori/dadesPersona.jsp?id=1000418,wO06QeIAAAAJ,0000-0000-0000-0000
Gernot A. Fink,TU Dortmund,http://patrec.cs.tu-dortmund.de/cms/en/home/People/Staff/fink.html,g0snsxsAAAAJ,0000-0002-7446-7813
Gernot Heiser,UNSW,https://www.cse.unsw.edu.au/~gernot,0e0Vw3kAAAAJ,0000-0002-7069-0831
Gernot R. Müller,Graz University of Technology,https://www.tugraz.at/institute/ine/people/gernot-mueller-putz,NkODKfIAAAAJ,0000-0000-0000-0000
Gernot R. Müller-Putz,Graz University of Technology,https://www.tugraz.at/institute/ine/people/gernot-mueller-putz,NkODKfIAAAAJ,0000-0002-0087-3720
Gernot Salzer,TU Wien,https://www.logic.at/staffpages/salzer,O5y-QJgAAAAJ,0000-0002-8950-1551
Gero Mühl,University of Rostock,https://www.ava.uni-rostock.de/en/ava-staff/professor/gero,sIbWic8AAAAJ,0000-0000-0000-0000
Gerrit C. van der Veer,VU Amsterdam,http://www.cs.vu.nl/~gerrit,NOSCHOLARPAGE,0000-0000-0000-0000
Gerry V. Dozier,Auburn University,https://www.eng.auburn.edu/~doziegv,NOSCHOLARPAGE,0000-0000-0000-0000
Gershon Elber,Technion,http://www.cs.technion.ac.il/~gershon,LBEl4l4AAAAJ,0000-0000-0000-0000
Gerson Zaverucha,UFRJ,http://www.cos.ufrj.br/~gerson,UewoVZ0AAAAJ,0000-0000-0000-0000
Gert Smolka,Saarland University,http://www.ps.uni-saarland.de/~smolka,cePtsyAAAAAJ,0000-0001-8801-9379
Gerth Stølting Brodal,Aarhus University,https://cs.au.dk/~gerth,uWU6DcMAAAAJ,0000-0001-9054-915X
Gerti Kappel,TU Wien,https://www.big.tuwien.ac.at/people/gkappel,Rdz0vc8AAAAJ,0000-0002-4758-9436
Gertjan van Noord,University of Groningen,http://www.let.rug.nl/vannoord,dgU9Yq0AAAAJ,0000-0000-0000-0000
Gethin Norman,University of Glasgow,http://www.dcs.gla.ac.uk/people/personal/gethin,H3nOlXsAAAAJ,0000-0001-9326-4344
Geunbae Lee,POSTECH,http://nlp.postech.ac.kr/~gblee,t30saScAAAAJ,0000-0000-0000-0000
Geyong Min,University of Exeter,http://emps.exeter.ac.uk/computer-science/staff/gm321,OKpejRIAAAAJ,0000-0003-1395-7314
Ghada A. Al-Mashaqbeh,University of Connecticut,https://ghadaalmashaqbeh.github.io,QKIkII0AAAAJ,0000-0000-0000-0000
Ghada Almashaqbeh,University of Connecticut,https://ghadaalmashaqbeh.github.io,QKIkII0AAAAJ,0000-0000-0000-0000
Ghadah Aldabbagh,King Abdulaziz University,http://www.kau.edu.sa/CVEn.aspx?Site_ID=0003149&Lng=EN,mZkyspYAAAAJ,0000-0002-0194-5634
Ghassan Al-Regib,Georgia Institute of Technology,https://ghassanalregib.info,7k5QSdoAAAAJ,0000-0001-6818-8001
Ghassan Hamarneh,Simon Fraser University,http://www.cs.sfu.ca/~hamarneh,61DdlkAAAAAJ,0000-0001-5040-7448
Ghassan Karame,Ruhr-University Bochum,http://www.ghassankarame.com,C7StKesAAAAJ,0000-0002-2828-4071
Ghassan O. Karame,Ruhr-University Bochum,http://www.ghassankarame.com,C7StKesAAAAJ,0000-0000-0000-0000
Ghayoor Gillani,University of Twente,https://research.utwente.nl/en/persons/99dc33cb-9bac-4358-91a4-7de7e0d3c9bf,M7SDmEIAAAAJ,0000-0000-0000-0000
Ghazanfar Asadi,Sharif University of Technology,http://sharif.edu/~asadi,fgNWK9YAAAAJ,0000-0000-0000-0000
Gheorghe Tecuci,George Mason University,http://lac.gmu.edu/members/tecuci.htm,OrhUjqEAAAAJ,0000-0000-0000-0000
Gheorghita Ghinea,Brunel University London,https://www.brunel.ac.uk/people/george-ghinea,k-Q6RlEAAAAJ,0000-0000-0000-0000
Ghita Kouadri Mostéfaoui,University College London,http://www0.cs.ucl.ac.uk/people/G.KouadriMostefaoui.html,mjvM1qMAAAAJ,0000-0000-0000-0000
Gholamreza Anbarjafari,University of Tartu,http://kodu.ut.ee/~sjafari,6gN67JAAAAAJ,0000-0000-0000-0000
Gholamreza Ghassem-Sani,Sharif University of Technology,http://sina.sharif.ac.ir/~sani,NOSCHOLARPAGE,0000-0000-0000-0000
Gholamreza Haffari,Monash University,http://users.monash.edu.au/~gholamrh,Perjx5EAAAAJ,0000-0001-7326-8380
Ghulam Jilani Quadri,University of Oklahoma,https://www.jiquadcs.com,jw9QYJcAAAAJ,0000-0002-8054-5048
Gi-Soo Kim,UNIST,https://sdm.unist.ac.kr,uW2qIcYAAAAJ,0000-0000-0000-0000
Giacomo Boracchi,Politecnico di Milano,http://home.deib.polimi.it/boracchi,lBa_mnYAAAAJ,0000-0002-1650-3054
Giacomo Cabri,Univ. of Modena and Reggio Emilia,https://personale.unimore.it/rubrica/dettaglio/gcabri,M6Pn0vEAAAAJ,0000-0002-4942-2453
Giacomo Livan,University College London,http://www0.cs.ucl.ac.uk/people/G.Livan.html,Ep3TFKsAAAAJ,0000-0001-5412-6555
Giacomo Oliveri,University of Trento,http://www.soi.unitn.it/staff/giacomo-oliveri,NOSCHOLARPAGE,0000-0000-0000-0000
Giacomo Poderi,IT University of Copenhagen,https://pure.itu.dk/portal/en/persons/giacomo-poderi(534a54a6-fa36-466a-a1c1-461c54660bcc).html,PhnSRJwAAAAJ,0000-0002-9563-3921
Giacomo Tarroni,City University of London,https://www.city.ac.uk/people/academics/giacomo-tarroni,6nlDNyoAAAAJ,0000-0002-0341-6138
Giacomo Verticale,Politecnico di Milano,http://home.deib.polimi.it/verticale,FVl1fRUAAAAJ,0000-0001-7508-9706
Giampaolo Bella,University of Catania,https://www.dmi.unict.it/giamp,yBoGdJUAAAAJ,0000-0000-0000-0000
Giampiero Pecelli,University of Massachusetts Lowell,https://www.uml.edu/Sciences/computer-science/faculty/pecelli-giampiero.aspx,NOSCHOLARPAGE,0000-0000-0000-0000
Gian Carlo Bongiovanni,Sapienza University of Rome,https://sites.google.com/a/di.uniroma1.it/bongiovanni,ZZUIEqgAAAAJ,0000-0000-0000-0000
Gian Luca Marcialis,University of Cagliari,https://web.unica.it/unica/page/en/gianluca_marcialis,7pMEyo4AAAAJ,0000-0002-8719-9643
Gian Pietro Picco,University of Trento,http://disi.unitn.it/~picco,DqcmXQ8AAAAJ,0000-0000-0000-0000
Gian-Luigi Ferrari 0002,University of Pisa,http://pages.di.unipi.it/ferrari,NOSCHOLARPAGE,0000-0003-3548-5514
GianMario Besana,DePaul University,http://www.cdm.depaul.edu/about/Pages/People/facultyinfo.aspx?fid=274,NOSCHOLARPAGE,0000-0001-6031-0658
Giancarlo Bigi,University of Pisa,http://www.di.unipi.it/~bigig,NOSCHOLARPAGE,0000-0000-0000-0000
Giancarlo Bongiovanni,Sapienza University of Rome,https://sites.google.com/a/di.uniroma1.it/bongiovanni,ZZUIEqgAAAAJ,0000-0000-0000-0000
Giancarlo Guizzardi,University of Twente,https://research.utwente.nl/en/persons/e7a2edf5-462d-4fde-ae69-92ca505af53a,nnfVBt8AAAAJ,0000-0000-0000-0000
Giancarlo Nota,University of Salerno,http://www.unisa.it/docenti/giancarlonota/en/index,NOSCHOLARPAGE,0000-0002-4829-9967
Giancarlo Pellegrino,CISPA Helmholtz Center,https://people.cispa.io/giancarlo.pellegrino,PC_RNUcAAAAJ,0009-0007-6223-8945
Giandomenico Mastroeni,University of Pisa,http://www.di.unipi.it/~a008506,NOSCHOLARPAGE,0000-0000-0000-0000
Gianfranco Ciardo,Iowa State University,http://web.cs.iastate.edu/~ciardo,8rmks2cAAAAJ,0000-0002-4906-6145
Gianfranco Doretto,West Virginia University,https://www.statler.wvu.edu/faculty-staff/faculty/gianfranco-doretto,ReEG0FwAAAAJ,0000-0000-0000-0000
Gianlorenzo D'Angelo,GSSI,https://cs.gssi.it/gianlorenzo.dangelo,FlZ-5sMAAAAJ,0000-0003-0377-7037
Gianluca Bontempi,Université libre de Bruxelles,http://www.ulb.ac.be/di/map/gbonte/Welcome.html,SX-QoHsAAAAJ,0000-0001-8621-316X
Gianluca De Marco,University of Salerno,http://www.unisa.it/docenti/gianlucademarco/index,NOSCHOLARPAGE,0000-0002-1204-0646
Gianluca Memoli,University of Sussex,http://www.sussex.ac.uk/informatics/people/peoplelists/person/390809,ticqPMYAAAAJ,0000-0003-2578-2814
Gianluca Palermo,Politecnico di Milano,http://home.deib.polimi.it/gpalermo,A5GSaaoAAAAJ,0000-0001-7955-8012
Gianluca Pollastri,University College Dublin,https://people.ucd.ie/gianluca.pollastri,YFUQzzokG40C,0000-0002-5825-4949
Gianluca Stringhini,Boston University,https://seclab.bu.edu/people/gianluca,fM-s2vQAAAAJ,0000-0002-6162-578X
Gianluca Zanella,Augusta University,https://www.augusta.edu/faculty/directory/view.php?id=GZANELLA,hS2ShxsAAAAJ,0000-0002-8417-6462
Gianluigi Ferrari 0002,University of Pisa,http://pages.di.unipi.it/ferrari,NOSCHOLARPAGE,0000-0000-0000-0000
Gianmarco Cherchi,University of Cagliari,https://www.gianmarcocherchi.com,oO3G8b8AAAAJ,0000-0003-2029-1119
Gianna M. Del Corso,University of Pisa,http://www.di.unipi.it/~delcorso,AGDMVeIAAAAJ,0000-0002-5651-9368
Gianna Maria Del Corso,University of Pisa,http://www.di.unipi.it/~delcorso,AGDMVeIAAAAJ,0000-0000-0000-0000
Gianni Antichi,Politecnico di Milano,https://www.deib.polimi.it/eng/people/details/1794222,3VedTqcAAAAJ,0000-0002-6063-4975
Gianni Fenu,University of Cagliari,https://dblp.org/pid/50/696.html,riCjuhkAAAAJ,0000-0003-4668-2476
Gianni Franceschini,Sapienza University of Rome,http://groups.di.unipi.it/~francesc,NOSCHOLARPAGE,0000-0000-0000-0000
Giannis F. Marias,AUEB,http://www.scirp.org/journal/DetailedInforOfEditorialBoard.aspx?personID=953,EO_hUg4AAAAJ,0000-0000-0000-0000
Gianpaolo Cugola,Politecnico di Milano,http://home.deib.polimi.it/cugola,bLmEkPsAAAAJ,0000-0002-0921-7383
Gias Uddin 0001,York University,https://giasuddin.ca,6GXJI08AAAAJ,0000-0003-1376-095X
Gideon J. Gouws,Victoria University of Wellington,http://ecs.victoria.ac.nz/Main/GideonGouws,NOSCHOLARPAGE,0000-0000-0000-0000
Gidon Ernst,LMU Munich,https://www.sosy-lab.org/people/ernst,_JqtqisAAAAJ,0000-0002-3289-5764
Gihan R. Mudalige,University of Warwick,https://warwick.ac.uk/fac/sci/dcs/people/Gihan_Mudalige,dEiLfCQAAAAJ,0000-0002-1398-5174
Gijs Schoenmakers,Maastricht University,https://dke.maastrichtuniversity.nl/gm.schoenmakers,OnuIOdgAAAAJ,0000-0000-0000-0000
Gijs Wijnholds,Leiden University,https://gijswijnholds.github.io,swQRKE8AAAAJ,0000-0002-7198-1024
Gil A. Tidhar,University of Melbourne,https://people.eng.unimelb.edu.au/adrianrp/COMP90054/biblio/Author/TIDHAR-G.html,NOSCHOLARPAGE,0000-0000-0000-0000
Gil Ben-Artzi,Ariel University,http://www.gil-ba.com,5QsiKmAAAAAJ,0000-0000-0000-0000
Gil Cohen,Tel Aviv University,http://www.gilcohen.org,ZMWCVroAAAAJ,0000-0003-2409-2192
Gil D. Marques,Universidade de Lisboa,https://sotis.tecnico.ulisboa.pt/researcher/ist23556,huDxPRYAAAAJ,0000-0000-0000-0000
Gil Segev 0001,Hebrew University of Jerusalem,http://www.cs.huji.ac.il/~segev,cnPetCkAAAAJ,0000-0002-8073-579X
Gil Tidhar,University of Melbourne,http://findanexpert.unimelb.edu.au/display/person62807,NOSCHOLARPAGE,0000-0000-0000-0000
Gil Zussman,Columbia University,https://wimnet.ee.columbia.edu/people/gil-zussman,E5k6m4AAAAJ,0000-0002-1845-4460
Gilad Asharov,Bar-Ilan University,https://u.cs.biu.ac.il/~asharog,3F3k5ykAAAAJ,0000-0002-0846-9773
Gilbert L. Peterson,Air Force Inst. of Technology,https://www.afit.edu/BIOS/bio.cfm?facID=172,NOSCHOLARPAGE,0000-0002-6241-3084
Gilberto Pérez,University of A Coruña,https://pdi.udc.es/en/File/Pdi/SA2AF,NOSCHOLARPAGE,0000-0000-0000-0000
Giles Reger,University of Manchester,https://www.research.manchester.ac.uk/portal/giles.reger.html,Js3EdsEAAAAJ,0000-0001-6353-952X
Gill Barequet,Technion,http://www.cs.technion.ac.il/~barequet,NOSCHOLARPAGE,0000-0001-7501-6240
Gill Bejerano,Stanford University,http://bejerano.stanford.edu/pi.html,NOSCHOLARPAGE,0000-0000-0000-0000
Gill Whitney,Middlesex University,https://www.mdx.ac.uk/about-us/our-people/staff-directory/profile/whitney-gill,NOSCHOLARPAGE,0000-0000-0000-0000
Gillat Kol,Princeton University,https://www.cs.princeton.edu/people/profile/gkol,Bejlw0UAAAAJ,0009-0007-4725-6694
Gilles Barthe [SP],Max Planck Society,https://gbarthe.github.io,NOSCHOLARPAGE,0000-0000-0000-0000
Gilles Brassard,University of Montreal,https://en.wikipedia.org/wiki/Gilles_Brassard,Rh7_srgAAAAJ,0000-0000-0000-0000
Gilles Dowek,Ecole Normale Superieure de Cachan,http://lsv.fr/~dowek,NOSCHOLARPAGE,0000-0000-0000-0000
Gilles Fedak,Ecole Normale Superieure de Lyon,http://graal.ens-lyon.fr/~gfedak/pmwiki-test/pmwiki.php/Main/HomePage,8UEfrTEAAAAJ,0000-0000-0000-0000
Gilles Geeraerts,Université libre de Bruxelles,http://www.ulb.ac.be/di/verif/ggeeraer,_v-lho8AAAAJ,0000-0000-0000-0000
Gilles Grimaud,CRIStAL,http://cristal.univ-lille.fr/~grimaud,YIzGubsAAAAJ,0000-0000-0000-0000
Gilles Pesant,Polytechnique Montreal,https://www.polymtl.ca/expertises/en/pesant-gilles,m_w7RAIAAAAJ,0000-0000-0000-0000
Gilles Vanwormhoudt,CRIStAL,https://www.cristal.univ-lille.fr/profil/vanwormh,1vKkyqcAAAAJ,0000-0000-0000-0000
Gilles Villard,Ecole Normale Superieure de Lyon,http://perso.ens-lyon.fr/gilles.villard,NOSCHOLARPAGE,0000-0000-0000-0000
Gilles Wainrib,Ecole Normale Superieure,https://www.di.ens.fr/GillesWainrib.html.en,VZWiNvEAAAAJ,0000-0000-0000-0000
Gillian Bolsover,Hasso Plattner Institute,https://hpi.de/en/research/research-groups/digital-technology-governance-and-policy,MOitBtYAAAAJ,0000-0000-0000-0000
Gillian C. Oliver,Monash University,https://research.monash.edu/en/persons/gillian-oliver,zh98vbgAAAAJ,0000-0003-2943-5035
Gillian Dobbie,University of Auckland,https://www.cs.auckland.ac.nz/people/g-dobbie,v19BUHIAAAAJ,0000-0001-7245-0367
Gillian K. Hadfield,Johns Hopkins University,https://engineering.jhu.edu/faculty/gillian-hadfield,7cU2rQsAAAAJ,0000-0000-0000-0000
Gillian R. Hayes,Univ. of California - Irvine,http://www.gillianhayes.com,5mIkNyYAAAAJ,0000-0003-0966-8739
Gillian Smith 0001,Worcester Polytechnic Institute,http://www.northeastern.edu/camd/artdesign/people/gillian-smith,4bHar00AAAAJ,0000-0002-2765-7702
Gim Hee Lee,National University of Singapore,https://sites.google.com/site/gimheelee,7hNKrPsAAAAJ,0000-0002-1583-0475
Gina M. B. Oliveira,UFU,http://www.facom.ufu.br/posgrad/prof/gina,26rmXXIAAAAJ,0000-0000-0000-0000
Gina Maira Barbosa de Oliveira,UFU,http://www.facom.ufu.br/posgrad/prof/gina,26rmXXIAAAAJ,0000-0000-0000-0000
Gina Sprint,Washington State University,http://www.eecs.wsu.edu/~gsprint,Pvqg51oAAAAJ,0000-0000-0000-0000
Ginevra Castellano,Uppsala University,http://user.it.uu.se/~ginca820,DoX2DJIAAAAJ,0000-0000-0000-0000
Ginés García-Mateos,University of Murcia,http://dis.um.es/~ginesgm,HqyVc3oAAAAJ,0000-0003-2521-4454
Giora Slutzki,Iowa State University,http://www.cs.iastate.edu/~slutzki,NOSCHOLARPAGE,0000-0000-0000-0000
Giordano Cabral 0001,UFPE,https://www.cin.ufpe.br/~grec,tQH3k5gAAAAJ,0000-0000-0000-0000
Giordano Ribeiro de Eulalio Cabral,UFPE,https://www.cin.ufpe.br/~grec,tQH3k5gAAAAJ,0000-0000-0000-0000
Giorgio Ausiello,Sapienza University of Rome,http://www.diag.uniroma1.it/users/giorgio%20ausiello,MbrM4dYAAAAJ,0000-0000-0000-0000
Giorgio Bacci,Aalborg University,http://people.cs.aau.dk/~grbacci,y2Q3kK8AAAAJ,0000-0003-4004-6049
Giorgio C. Buttazzo,Scuola Superiore Sant'Anna,http://retis.sssup.it/~giorgio,33CH6WUAAAAJ,0000-0003-4959-4017
Giorgio Carlo Buttazzo,Scuola Superiore Sant'Anna,http://retis.sssup.it/~giorgio,33CH6WUAAAAJ,0000-0003-4959-4017
Giorgio Ghelli,University of Pisa,http://www.di.unipi.it/~ghelli,QgUIX9gAAAAJ,0000-0002-0596-6395
Giorgio Giacinto,University of Cagliari,https://web.unica.it/unica/page/en/giorgio_giacinto,LoOUyLEAAAAJ,0000-0002-5759-3017
Giorgio Grisetti,Sapienza University of Rome,https://sites.google.com/dis.uniroma1.it/grisetti,yD-SFG4AAAAJ,0000-0002-8038-9989
Giorgos B. Stamou,NTUA,http://www.image.ntua.gr/~gstam,R3y5dxMAAAAJ,0000-0000-0000-0000
Giorgos Christodoulou 0001,University of Liverpool,https://cgi.csc.liv.ac.uk/~gchristo,QRIaADsAAAAJ,0000-0000-0000-0000
Giorgos Stamou,NTUA,http://www.image.ntua.gr/~gstam,R3y5dxMAAAAJ,0000-0000-0000-0000
Giorgos Tolias,Czech Technical University,http://cmp.felk.cvut.cz/~toliageo,e765N80AAAAJ,0000-0002-9570-3870
Giovane C. M. Moura,TU Delft,http://giovane-moura.nl,DuJtdjUAAAAJ,0000-0002-6632-0221
Giovane Cesar Moreira Moura,TU Delft,http://giovane-moura.nl,DuJtdjUAAAAJ,0000-0000-0000-0000
Giovani Rimon Abuaitah,University of Cincinnati,https://researchdirectory.uc.edu/p/abuaitgi,NOSCHOLARPAGE,0000-0000-0000-0000
Giovanna Rosone,University of Pisa,http://pages.di.unipi.it/rosone,gx_HzA0AAAAJ,0000-0001-5075-1214
Giovanni Agosta,Politecnico di Milano,http://home.deib.polimi.it/agosta,eLxnBysAAAAJ,0000-0002-0255-4475
Giovanni Beltrame,Polytechnique Montreal,https://mistlab.ca/people/beltrame,TVHJJ9wAAAAJ,0000-0000-0000-0000
Giovanni Comarela,Universidade Federal de Viçosa,http://www.dpi.ufv.br/~gcom,onfmt40AAAAJ,0000-0001-7612-9650
Giovanni Da San Martino,University of Padova,https://www.unipd.it/en/contatti/rubrica/?detail=Y&ruolo=1&checkout=cerca&persona=DA%20SAN%20MARTINO&key=92B9FC5AFB76ECA91B1FFDE427C41AF5,URABLy0AAAAJ,0000-0002-2609-483X
Giovanni De Micheli,EPFL,http://si2.epfl.ch/~demichel,7SUnVDsAAAAJ,0000-0002-7827-3215
Giovanni Gallo,University of Catania,https://web.dmi.unict.it/docenti/gallo.giovanni,wCx_ImYAAAAJ,0000-0002-6701-0620
Giovanni Iacca,University of Trento,https://sites.google.com/site/giovanniiacca,qSw6YfcAAAAJ,0000-0001-9723-1830
Giovanni M. di Liberto,Trinity College Dublin,https://www.tcd.ie/mecheng/staff/gdiliber,0NWmnJYAAAAJ,0000-0000-0000-0000
Giovanni Manzini,University of Pisa,http://pages.di.unipi.it/manzini,xyp_USUAAAAJ,0000-0002-5047-0196
Giovanni Maria Farinella,University of Catania,https://www.dmi.unict.it/farinella,YwQboCoAAAAJ,0000-0002-6034-0432
Giovanni Moretti,Massey University,http://www.massey.ac.nz/massey/expertise/profile.cfm?stref=455100,NOSCHOLARPAGE,0000-0000-0000-0000
Giovanni Quattrone,Middlesex University,https://www.mdx.ac.uk/about-us/our-people/staff-directory/profile/quattrone-giovanni,cN4fbBsAAAAJ,0000-0001-9219-8437
Giovanni Russello,University of Auckland,https://www.cs.auckland.ac.nz/~russello,sXvrlqgAAAAJ,0000-0001-6987-0803
Giovanni S. Moretti,Massey University,http://www.massey.ac.nz/massey/expertise/profile.cfm?stref=455100,NOSCHOLARPAGE,0000-0000-0000-0000
Giovanni Samaey,KU Leuven,https://giovannisamaey.wordpress.com,t9FNZpsAAAAJ,0000-0001-8433-4523
Giovanni Simonini,Univ. of Modena and Reggio Emilia,https://personale.unimore.it/rubrica/dettaglio/simonini,qKNoouoAAAAJ,0000-0002-3466-509X
Giovanni V. Comarela,Universidade Federal de Viçosa,http://www.dpi.ufv.br/~gcom,onfmt40AAAAJ,0000-0000-0000-0000
Giovanni Vigna,Univ. of California - Santa Barbara,https://www.cs.ucsb.edu/~vigna,2eM6GocAAAAJ,0000-0002-3422-5369
Giri Narasimhan,Florida International University,http://www.cs.fiu.edu/~giri,Q9PwPo8AAAAJ,0000-0003-0535-4871
Girija Limaye,BITS Pilani-Goa,https://sites.google.com/view/girijalimaye,UNrK3hEAAAAJ,0009-0000-6241-6720
Girish Varma,IIIT Hyderabad,https://www.iiit.ac.in/people/faculty/girish.varma,YLlRCu4AAAAJ,0000-0000-0000-0000
Gisele L. Pappa,UFMG,http://homepages.dcc.ufmg.br/~glpappa,C_0ZLuYAAAAJ,0000-0000-0000-0000
Gisele Lobo Pappa,UFMG,http://homepages.dcc.ufmg.br/~glpappa,C_0ZLuYAAAAJ,0000-0000-0000-0000
Gita Alaghband,University of Colorado - Denver,http://cse.ucdenver.edu/~gita,NOSCHOLARPAGE,0000-0000-0000-0000
Gita Reese Sukthankar,University of Central Florida,http://www.eecs.ucf.edu/~gitars,087P6LMAAAAJ,0000-0000-0000-0000
Gita Sukthankar,University of Central Florida,http://www.eecs.ucf.edu/~gitars,087P6LMAAAAJ,0000-0002-6863-6609
Gitta Domik,Paderborn University,https://cs.uni-paderborn.de/cgvb/personal/gitta-domik-kienegger,HP9yrOkAAAAJ,0000-0000-0000-0000
Gitta Domik-Kienegger,Paderborn University,https://cs.uni-paderborn.de/cgvb/personal/gitta-domik-kienegger,HP9yrOkAAAAJ,0000-0000-0000-0000
Gitta Kutyniok,LMU Munich,https://www.math.lmu.de/~kutyniok,JHs9LssAAAAJ,0000-0001-9738-2487
Giulia Boato,University of Trento,https://webapps.unitn.it/du/en/Persona/PER0000755/Curriculum,_nFMOZ8AAAAJ,0000-0002-0260-9528
Giulia Guidi,Cornell University,https://giuliaguidi.github.io,UZLC4TYAAAAJ,0000-0001-8925-3239
Giuliana Vitiello,University of Salerno,http://www.unisa.it/docenti/giulianavitiello/english/index,NOSCHOLARPAGE,0000-0001-7130-996X
Giuliano Antoniol,Polytechnique Montreal,http://www.antoniol.net,136elhQAAAAJ,0000-0002-7892-9202
Giuliano Casale,Imperial College London,http://wp.doc.ic.ac.uk/gcasale,Os1VLoQAAAAJ,0000-0003-4548-7951
Giulio Antoniol,Polytechnique Montreal,http://www.antoniol.net,136elhQAAAAJ,0000-0000-0000-0000
Giulio Chiribella,University of Hong Kong,https://i.cs.hku.hk/~giulio,4ob0VU4AAAAJ,0000-0002-1339-0656
Giulio Franzese,EURECOM,https://www.eurecom.fr/fr/people/franzese-giulio/publications,kEtx_WwAAAAJ,0000-0003-4244-2053
Giulio Iacucci,University of Helsinki,https://researchportal.helsinki.fi/en/persons/giulio-jacucci,cmpzu9sAAAAJ,0000-0000-0000-0000
Giulio Jacucci,University of Helsinki,https://researchportal.helsinki.fi/en/persons/giulio-jacucci,cmpzu9sAAAAJ,0000-0002-9185-7928
Giulio Malavolta,Bocconi University,https://sites.google.com/view/giuliomalavolta,_pYEarUAAAAJ,0009-0009-9737-0094
Giuseppe A. Di Lucca,University of Sannio,https://www.ding.unisannio.it/persone/docenti/di-lucca,pHMonFwAAAAJ,0000-0000-0000-0000
Giuseppe Antonio Di Lucca,University of Sannio,https://www.ding.unisannio.it/persone/docenti/di-lucca,pHMonFwAAAAJ,0000-0000-0000-0000
Giuseppe Ateniese,George Mason University,https://ateniese.github.io,EyZJ08MAAAAJ,0000-0002-0848-878X
Giuseppe Attardi,University of Pisa,https://www.di.unipi.it/~attardi,p86Ewsi7jXwJ,0000-0000-0000-0000
Giuseppe Caire,TU Berlin,https://www.commit.tu-berlin.de/menue/mitarbeiter/fachgebietsleiter,g66ErTcAAAAJ,0000-0000-0000-0000
Giuseppe Carenini,University of British Columbia,https://www.cs.ubc.ca/~carenini,HNNL22kAAAAJ,0000-0000-0000-0000
Giuseppe Cattaneo,University of Salerno,http://www.di.unisa.it/~roscigno,PKs7M0gAAAAJ,0000-0002-6983-4818
Giuseppe Claudio Guarnera,University of York,https://sites.google.com/view/giuseppe-claudio-guarnera,mC7W90kAAAAJ,0000-0002-7703-5194
Giuseppe De Giacomo,Sapienza University of Rome,http://www.diag.uniroma1.it/degiacomo,Sfo4K0oAAAAJ,0000-0000-0000-0000
Giuseppe Destefanis,Brunel University London,https://www.brunel.ac.uk/people/giuseppe-destefanis,o2KkJXIAAAAJ,0000-0000-0000-0000
Giuseppe Fenza,University of Salerno,https://docenti.unisa.it/021699/home,0C3IjEIAAAAJ,0000-0000-0000-0000
Giuseppe Lipari,CRIStAL,http://cristal.univ-lille.fr/~lipari,rnBRPpQAAAAJ,0000-0002-7544-5309
Giuseppe M. J. Barca,University of Melbourne,https://findanexpert.unimelb.edu.au/profile/1064089-giuseppe-barca,bdx0QCoAAAAJ,0000-0001-5109-4279
Giuseppe Pappalardo,University of Catania,https://www.dmi.unict.it/pappalardo,NOSCHOLARPAGE,0000-0000-0000-0000
Giuseppe Pelagatti,Politecnico di Milano,http://home.deib.polimi.it/pelagatt,NOSCHOLARPAGE,0000-0000-0000-0000
Giuseppe Persiano,University of Salerno,http://www.di.unisa.it/~giuper,wbQQcfQAAAAJ,0000-0001-6579-4807
Giuseppe Pirrò,Sapienza University of Rome,http://wwwusers.di.uniroma1.it/~pirro,3zY1VlIAAAAJ,0000-0002-7499-5798
Giuseppe Polese,University of Salerno,http://docenti.unisa.it/004281/en/curriculum,F2YX_9gAAAAJ,0000-0002-8496-2658
Giuseppe Pozzi,Politecnico di Milano,http://home.deib.polimi.it/pozzi,J50uueMAAAAJ,0000-0002-2828-862X
Giuseppe Prencipe,University of Pisa,http://sbrinz.di.unipi.it,Ven8P3EAAAAJ,0000-0001-5646-7388
Giuseppe Riccardi,University of Trento,http://disi.unitn.it/~riccardi,k9pXsKoAAAAJ,0000-0000-0000-0000
Giuseppe Santucci,Sapienza University of Rome,http://www.diag.uniroma1.it/users/giuseppe%20santucci,_dS6nXMAAAAJ,0000-0003-4350-1123
Gladimir V. G. Baranoski,University of Waterloo,http://www.npsg.uwaterloo.ca/people/gladimir,NOSCHOLARPAGE,0000-0002-9215-2137
Glaucio H. S. Carvalho,Brock University,https://brocku.ca/mathematics-science/computer-science/faculty-staff/glaucio-carvalho,FpsN380AAAAJ,0000-0000-0000-0000
Glen Berseth,University of Montreal,http://www.fracturedplane.com,-WZcuuwAAAAJ,0000-0001-7351-8028
Glen Chou,Georgia Institute of Technology,https://glenchou.github.io,90whi3wAAAAJ,0000-0003-4444-3631
Glencora Borradaile,Oregon State University,http://eecs.oregonstate.edu/people/borradaile-glencora,oJZuq9oAAAAJ,0009-0003-2449-5909
Glenn D. Reinman,Univ. of California - Los Angeles,http://www.cs.ucla.edu/~reinman,59zyQMYAAAAJ,0000-0000-0000-0000
Glenn H. Macewen,Queen’s University,http://research.cs.queensu.ca/home/macewen/shortvitaacad.ps,NOSCHOLARPAGE,0000-0000-0000-0000
Glenn Prescott,University of Kansas,http://www.eecs.ku.edu/people/faculty/prescott,NOSCHOLARPAGE,0000-0000-0000-0000
Glenn Reinman,Univ. of California - Los Angeles,http://www.cs.ucla.edu/~reinman,59zyQMYAAAAJ,0000-0000-0000-0000
Glenn Strong,Trinity College Dublin,https://www.scss.tcd.ie/Glenn.Strong,U0VfQIMAAAAJ,0000-0003-3772-2958
Glenn Tesler,Univ. of California - San Diego,http://www.math.ucsd.edu/~gptesler,NOSCHOLARPAGE,0000-0000-0000-0000
Gloria Mark,Univ. of California - Irvine,http://www.ics.uci.edu/~gmark,aoZCW38AAAAJ,0000-0003-2492-2424
Glynn Winskel,Queen Mary University of London,https://www.qmul.ac.uk/eecs/people/profiles/winskelglynn.html,4G6EhwMAAAAJ,0000-0002-5069-2303
Gobinda G. Chowdhury,University of Strathclyde,https://pureportal.strath.ac.uk/en/persons/gobinda-chowdhury/publications,qmRMHx0AAAAJ,0000-0000-0000-0000
Godmar Back,Virginia Tech,https://people.cs.vt.edu/~gback,WUb-KZ0AAAAJ,0000-0000-0000-0000
Godmar V. Back,Virginia Tech,https://people.cs.vt.edu/~gback,WUb-KZ0AAAAJ,0000-0000-0000-0000
Goetz Botterweck,Trinity College Dublin,https://www.scss.tcd.ie/personnel/botterwg,xsIAZAkAAAAJ,0000-0002-5556-1660
Gokarna Sharma,Kent State University,http://www.cs.kent.edu/~sharma,PnmtA3wAAAAJ,0000-0002-4930-4609
Gokhan Bilgin,Yıldız Technical University,https://www.ce.yildiz.edu.tr/personal/gokhanb?lang=en,xOtyJygAAAAJ,0000-0002-5532-477X
Gokila Dorai,Augusta University,https://www.augusta.edu/faculty/directory/view.php?id=GDORAI,VME6RWsAAAAJ,0000-0001-5825-7034
Gokul Subramanian Ravi,University of Michigan,https://gsravi.engin.umich.edu,fFtGasEAAAAJ,0000-0002-2334-2682
Golden G. Richard III,Louisiana State University,http://cct.lsu.edu/~golden,gq8-LJ8AAAAJ,0000-0000-0000-0000
Golnaz Arastoopour Irgens,Vanderbilt University,https://lab.vanderbilt.edu/live/person/golnaz-arastoopour-irgens,5bJ9ABkAAAAJ,0000-0000-0000-0000
Golnaz Badkobeh,Goldsmiths University of London,https://www.gold.ac.uk/computing/people/badkobeh-golnaz,m4IC_BgAAAAJ,0000-0001-5550-7149
Golnaz Habibi,University of Oklahoma,https://www.ou.edu/coe/cs/people/faculty/golnaz-habibi,hU-LeNEAAAAJ,0000-0002-9130-9323
Golnoush Abaei,RMIT University,https://www.rmit.edu.au/contact/staff-contacts/academic-staff/a/abaei-dr-golnoush,0OjUid0AAAAJ,0000-0002-8916-759X
Gong Cheng 0001,Nanjing University,http://ws.nju.edu.cn/~gcheng,_ncKAiwAAAAJ,0000-0003-3539-7776
Gonzalo Valdes,UC Chile,https://www.ing.uc.cl/academicos-e-investigadores/gonzalo-valdes-ulloa,D_YChT8AAAAJ,0000-0000-0000-0000
Gonçalo N. Tavares,Universidade de Lisboa,https://fenix.tecnico.ulisboa.pt/homepage/ist13269,mRRctaMAAAAJ,0000-0000-0000-0000
Gonçalo Nuno Gomes Tavares,Universidade de Lisboa,https://fenix.tecnico.ulisboa.pt/homepage/ist13269,mRRctaMAAAAJ,0000-0000-0000-0000
Gonçalo Tavares,Universidade de Lisboa,https://fenix.tecnico.ulisboa.pt/homepage/ist13269,mRRctaMAAAAJ,0000-0000-0000-0000
Gopal Gupta 0001,University of Texas at Dallas,http://www.utdallas.edu/~gupta,NOSCHOLARPAGE,0000-0000-0000-0000
Gopal Pandurangan,University of Houston,http://www.uh.edu/nsm/computer-science/news-events/stories/2014/0711-pandurangan.php,xJyMo0MAAAAJ,0000-0001-5833-6592
Gopalakrishnan Srinivasan,IIT Madras,https://www.cse.iitm.ac.in/profile.php?arg=MzEyNQ==,ynJrDpAAAAAJ,0000-0003-2015-8545
Gopalakrishnan Srinivasaraghavan 0001,IIIT Bangalore,http://www.iiitb.ac.in/faculty_page.php?name=GSrinivasaraghavan,NOSCHOLARPAGE,0000-0000-0000-0000
Gopalan Nadathur,University of Minnesota,http://www-users.cs.umn.edu/~gopalan,jpXyNF8AAAAJ,0000-0000-0000-0000
Goran Glavas,University of Würzburg,https://wueaddress.uni-wuerzburg.de/person/134596,Ym0myOwAAAAJ,0000-0002-1301-6314
Goran Nenadic,University of Manchester,http://www.manchester.ac.uk/research/gnenadic/personaldetails,CyTXHuUAAAAJ,0000-0003-0795-5363
Goran Radanovic [SWS],Max Planck Society,https://people.mpi-sws.org/~gradanovic,KBG_JlAAAAAJ,0000-0000-0000-0000
Gordana Dodig Crnkovic,Chalmers/GU,https://www.chalmers.se/en/staff/Pages/gordana-dodig-crnkovic.aspx,bvc5bBsAAAAJ,0000-0000-0000-0000
Gordana Dodig-Crnkovic,Chalmers/GU,https://www.chalmers.se/en/staff/Pages/gordana-dodig-crnkovic.aspx,bvc5bBsAAAAJ,0000-0001-9881-400X
Gordon Beavers,University of Arkansas,http://csce.uark.edu/~gordonb/index,NOSCHOLARPAGE,0000-0000-0000-0000
Gordon Cheng,TU Munich,https://campus.tum.de/tumonline/ee/ui/ca2/app/desktop/#/pl/ui/$ctx/visitenkarte.show_vcard?$ctx=design=ca2;header=max;lang=de&pPersonenGruppe=3&pPersonenId=E0A7569606CE4462,km_K9awAAAAJ,0000-0003-0770-8717
Gordon D. Love,Durham University,https://www.dur.ac.uk/computer.science/staff/profile/?id=246,3xJXtlwAAAAJ,0000-0001-5137-9434
Gordon D. Plotkin,University of Edinburgh,http://homepages.inf.ed.ac.uk/gdp,0KiEfGcAAAAJ,0000-0001-8496-6096
Gordon Fraser 0001,University of Passau,https://www.linkedin.com/in/gordon-fraser-80a7287,PLpOpawAAAAJ,0000-0002-4364-6595
Gordon I. Goodman,Rochester Inst. of Technology,https://www.rit.edu/gccis/gordon-goodman,NOSCHOLARPAGE,0000-0000-0000-0000
Gordon J. Pace,University of Malta,http://www.cs.um.edu.mt/gordon.pace,XtYG-jsAAAAJ,0000-0003-0743-6272
Gordon L. Kindlmann,University of Chicago,http://people.cs.uchicago.edu/~glk,Ky1op0MAAAAJ,0000-0000-0000-0000
Gordon S. Blair,Lancaster University,https://www.lancaster.ac.uk/scc/about-us/people/gordon-blair,TQj5qo0AAAAJ,0000-0001-6212-1906
Gordon S. Novak,University of Texas at Austin,https://www.cs.utexas.edu/users/novak,eHhHOD0AAAAJ,0000-0000-0000-0000
Gordon S. Novak Jr.,University of Texas at Austin,https://www.cs.utexas.edu/users/novak,eHhHOD0AAAAJ,0000-0000-0000-0000
Gordon V. Cormack,University of Waterloo,http://cormack.uwaterloo.ca,wFuZKaUAAAAJ,0000-0002-5890-0293
Gordon Wetzstein,Stanford University,https://stanford.edu/~gordonwz,VOf45S0AAAAJ,0000-0002-9243-6885
Gorkem Serbes,Yıldız Technical University,https://www.ce.yildiz.edu.tr/personal/gorkem?lang=en,96vDpfcAAAAJ,0000-0003-4591-7368
Gorur Narayana Srinivasa Prasanna,IIIT Bangalore,http://www.iiitb.ac.in/faculty_page.php?name=GNSrinivasaPrasanna,NOSCHOLARPAGE,0000-0000-0000-0000
Gosse Bouma,University of Groningen,https://www.let.rug.nl/gosse,sd-w59cAAAAJ,0000-0003-1106-3181
Gottfried Koch,University of Leipzig,http://www.informatik.uni-leipzig.de/vi/webdir/lehrstuhl_vi/wir/arbeitsgruppe.shtml,NOSCHOLARPAGE,0000-0000-0000-0000
Gottfried Vossen,University of Münster,https://www.wi.uni-muenster.de/department/dbis,ABYevP4AAAAJ,0000-0000-0000-0000
Gouhei Tanaka,University of Tokyo,http://www.sat.t.u-tokyo.ac.jp/~gouhei,NOSCHOLARPAGE,0000-0002-6223-4406
Gourab Ghoshal,University of Rochester,http://gghoshal.pas.rochester.edu,_CNYi6MAAAAJ,0000-0001-7593-5626
Gourab Sen Gupta,Massey University,http://seat.massey.ac.nz/g.sengupta,NOSCHOLARPAGE,0000-0000-0000-0000
Gouri Ginde,University of Calgary,https://shaktilab.org,pf18racAAAAJ,0000-0001-7519-3503
Gourinath Banda,IIT Indore,http://cse.iiti.ac.in/faculty.html,k5nOs00AAAAJ,0000-0000-0000-0000
Goutam Paul 0001,ISI Kolkata,https://www.isical.ac.in/~goutam.paul,PbIhVccAAAAJ,0000-0000-0000-0000
Govindarajulu Regeti,IIIT Hyderabad,https://iiit.ac.in/people/faculty/gregeti,TvcR9REAAAAJ,0000-0000-0000-0000
Gowtham Atluri,University of Cincinnati,http://homepages.uc.edu/~atlurigm,tpfik0wAAAAJ,0000-0001-5619-6688
Gowtham Kaki,University of Colorado Boulder,https://gowthamk.github.io,d3JzmN4AAAAJ,0000-0002-4189-3189
Gozde B. Unal,Istanbul Technical University,http://akademi.itu.edu.tr/en/unalgo,soanB6MAAAAJ,0000-0001-5942-8966
Gozde Unal,Istanbul Technical University,http://akademi.itu.edu.tr/en/unalgo,soanB6MAAAAJ,0000-0001-5942-8966
Grace Hui Yang,Georgetown University,http://infosense.cs.georgetown.edu/grace,nafo_HAAAAAJ,0000-0001-6095-8358
Grace Ngai,The Hong Kong Polytechnic Univ.,http://www4.comp.polyu.edu.hk/~csgngai,XDmI44EAAAAJ,0000-0002-2027-168X
Grace Rumantir,Monash University,http://monash.edu/research/explore/en/persons/grace-rumantir(94545a4b-f62b-4a71-96ab-d0b27cb904bd).html,rOMD8K4AAAAJ,0000-0000-0000-0000
Grace W. Rumantir,Monash University,http://monash.edu/research/explore/en/persons/grace-rumantir(94545a4b-f62b-4a71-96ab-d0b27cb904bd).html,rOMD8K4AAAAJ,0000-0000-0000-0000
Graeme G. Shanks,University of Melbourne,http://people.eng.unimelb.edu.au/gshanks,or0dr-4AAAAJ,0000-0000-0000-0000
Graeme Hirst,University of Toronto,http://www.cs.toronto.edu/~gh,VGdVdjwAAAAJ,0000-0001-9482-1042
Graeme Smith,University of Queensland,http://staff.itee.uq.edu.au/smith,HYas6BgAAAAJ,0000-0000-0000-0000
Graham Cormode,University of Warwick,https://warwick.ac.uk/fac/sci/dcs/people/graham_cormode,gpLVKmEAAAAJ,0000-0002-0698-0922
Graham E. Farr,Monash University,https://research.monash.edu/en/persons/graham-farr,NOSCHOLARPAGE,0000-0000-0000-0000
Graham Farr,Monash University,http://www.csse.monash.edu.au/~gfarr,NOSCHOLARPAGE,0000-0000-0000-0000
Graham Horton,University of Magdeburg,http://www.sim.ovgu.de,m_vBaEkAAAAJ,0000-0000-0000-0000
Graham Hutton,University of Nottingham,https://www.nottingham.ac.uk/computerscience/people/graham.hutton,6wDy-sMAAAAJ,0000-0001-9584-5150
Graham J. Williams,Australian National University,https://comp.anu.edu.au/people/graham-williams,08HEV_kAAAAJ,0000-0001-7041-4127
Graham Kemp,Chalmers/GU,https://www.chalmers.se/en/staff/Pages/kemp.aspx,9Olx8xYAAAAJ,0000-0000-0000-0000
Graham Knight,University College London,http://www.cs.ucl.ac.uk/staff/graham_knight,HdunwTkAAAAJ,0000-0000-0000-0000
Graham McDonald,University of Glasgow,https://www.gla.ac.uk/schools/computing/staff/grahammcdonald,0zeJ_AYAAAAJ,0000-0002-1266-5996
Graham N. C. Kirby,University of St Andrews,https://graham.host.cs.st-andrews.ac.uk,_pn1_vgAAAAJ,0000-0002-4422-0190
Graham Neubig,Carnegie Mellon University,http://www.phontron.com,wlosgkoAAAAJ,0000-0000-0000-0000
Graham Roberts,University College London,http://www0.cs.ucl.ac.uk/staff/G.Roberts,NOSCHOLARPAGE,0000-0001-7515-6569
Graham W. Taylor,University of Guelph,https://www.gwtaylor.ca,PUeKU8kAAAAJ,0000-0001-5867-3652
Gramoz Goranci,University of Vienna,https://sites.google.com/view/ggoranci,nWXrBUgAAAAJ,0000-0002-9603-2255
Grant E. Weddell,University of Waterloo,https://cs.uwaterloo.ca/~gweddell,NOSCHOLARPAGE,0000-0000-0000-0000
Grant Ho,University of Chicago,https://cs.uchicago.edu/people/grant-ho,EASHOTUAAAAJ,0009-0002-4216-951X
Grant Robert Schoenebeck,University of Michigan,http://web.eecs.umich.edu/~schoeneb,m4zCAPoAAAAJ,0000-0000-0000-0000
Grant Schoenebeck,University of Michigan,http://web.eecs.umich.edu/~schoeneb,m4zCAPoAAAAJ,0000-0001-6878-0670
Grant Van Horn,Univ. of Massachusetts Amherst,https://gvh.codes,PxYY_nsAAAAJ,0000-0000-0000-0000
Graça Gaspar,Universidade de Lisboa,https://ciencias.ulisboa.pt/perfil/mdgaspar,Y7mExc8AAAAJ,0000-0002-3106-0423
Graçaliz Pereira Dimuro,Federal University of Rio Grande,http://gracaliz.c3.furg.br,bDx8DMEAAAAJ,0000-0000-0000-0000
Greet Vanden Berghe,KU Leuven,https://www.kuleuven.be/wieiswie/en/person/00053376,CepcZIUAAAAJ,0000-0000-0000-0000
Greg Bodwin,University of Michigan,https://bodwin.engin.umich.edu,NWpUSd4AAAAJ,0000-0000-0000-0000
Greg Butler,Concordia University,http://www.cs.concordia.ca/~gregb,K2vSwvQAAAAJ,0000-0000-0000-0000
Greg Byrd,North Carolina State University,https://ece.ncsu.edu/people/gbyrd,lItEsUUAAAAJ,0000-0000-0000-0000
Greg Durrett,New York University,https://gregdurrett.github.io,EpQ_sDEAAAAJ,0000-0002-7061-7298
Greg Ganger,Carnegie Mellon University,https://www.ece.cmu.edu/~ganger,l6oz33MAAAAJ,0000-0000-0000-0000
Greg Gay 0002,Chalmers/GU,http://www.greggay.com,3nwDANgAAAAJ,0000-0000-0000-0000
Greg Hager,Johns Hopkins University,http://www.cs.jhu.edu/~hager,ivApfKcAAAAJ,0000-0000-0000-0000
Greg Hamerly,Baylor University,https://cs.baylor.edu/~hamerly,Gq50a8EAAAAJ,0000-0002-0360-1544
Greg Hooper,University of Queensland,https://www.uq.edu.au/study/course.html?course_code=MMDS7963,gjaNkykAAAAJ,0000-0000-0000-0000
Greg Kuperberg,Univ. of California - Davis,https://www.math.ucdavis.edu/~greg,OrKdXCgAAAAJ,0000-0000-0000-0000
Greg Morrisett [Tech],Cornell University,http://www.cs.cornell.edu/~jgm,Dswus94AAAAJ,0000-0000-0000-0000
Greg Shakhnarovich,TTI Chicago,http://ttic.uchicago.edu/~gregory,YLOz1kgAAAAJ,0000-0000-0000-0000
Greg Speegle,Baylor University,https://www.ecs.baylor.edu/person/dr-greg-speegle,B5KUbnAAAAAJ,0000-0003-1739-0271
Greg Turk,Georgia Institute of Technology,http://www.cc.gatech.edu/~turk,Q_4d9N0AAAAJ,0000-0002-3419-6369
Greg Ver Steeg,Univ. of California - Riverside,https://profiles.ucr.edu/app/home/profile/gregoryv,goLucoIAAAAJ,0000-0000-0000-0000
Greg W. Wasilkowski,University of Kentucky,https://www.cs.uky.edu/~greg,NOSCHOLARPAGE,0000-0000-0000-0000
Greg Wadley,University of Melbourne,http://people.eng.unimelb.edu.au/gwadley,GkWqZe0AAAAJ,0000-0003-4230-3440
Greg Welch,University of Central Florida,https://sreal.ucf.edu/people/welch,9rHaWCYAAAAJ,0000-0002-8243-646X
Gregg Rothermel,North Carolina State University,http://cse.unl.edu/~grother,7XjL07wAAAAJ,0000-0000-0000-0000
Gregor Alexander Schiele,University of Duisburg-Essen,https://www.uni-due.de/es/en/en_gregor_schiele.php,jhSvu1wAAAAJ,0000-0000-0000-0000
Gregor Behnke,University of Amsterdam,https://staff.fnwi.uva.nl/g.behnke,FtAOFkwAAAAJ,0000-0002-1445-9934
Gregor Engels,Paderborn University,http://www.upb.de/cs/engels.html,3AV1TsAAAAAJ,0000-0000-0000-0000
Gregor Kiczales,University of British Columbia,https://www.cs.ubc.ca/~gregor,Odh4GSYAAAAJ,0000-0000-0000-0000
Gregor Leander,Ruhr-University Bochum,http://www.crypto.rub.de/staff/leander.html.en,qv21mtIAAAAJ,0000-0002-2579-8587
Gregor Schiele,University of Duisburg-Essen,https://www.uni-due.de/es/en/en_gregor_schiele.php,jhSvu1wAAAAJ,0000-0003-4266-4828
Gregor Schöner,Ruhr-University Bochum,https://www.ini.rub.de/the_institute/people/gregor-schoner,SND5_8sAAAAJ,0000-0002-4776-9998
Gregor Snelting,Karlsruhe Inst. of Technology,https://pp.info.uni-karlsruhe.de/personhp/gregor_snelting.php,sprhcYcAAAAJ,0000-0000-0000-0000
Gregor V. Bochmann,University of Ottawa,http://www.site.uottawa.ca/~bochmann,NOSCHOLARPAGE,0000-0000-0000-0000
Gregor v. Bochmann,University of Ottawa,http://www.site.uottawa.ca/~bochmann,NOSCHOLARPAGE,0000-0000-0000-0000
Gregor von Bochmann,University of Ottawa,http://www.site.uottawa.ca/~bochmann,NOSCHOLARPAGE,0000-0000-0000-0000
Gregorio Bernabé,University of Murcia,http://webs.um.es/gbernabe/miwiki/doku.php,73XN3L4AAAAJ,0000-0000-0000-0000
Gregorio Martínez Pérez,University of Murcia,http://webs.um.es/gregorio,l1scgGQAAAAJ,0000-0000-0000-0000
Gregorio Robles,Universidad Rey Juan Carlos,http://gsyc.urjc.es/~grex,BhVjp-UAAAAJ,0000-0002-1442-6761
Gregoris Mentzas,NTUA,http://imu.ntua.gr/users/gmentzas,WdybrQYAAAAJ,0000-0000-0000-0000
Gregory B. White,University of Texas at San Antonio,http://www.cs.utsa.edu/facstaff,yT6jxa8AAAAJ,0009-0000-5629-4034
Gregory Bodwin,University of Michigan,https://bodwin.engin.umich.edu,NWpUSd4AAAAJ,0000-0000-0000-0000
Gregory Butler,Concordia University,http://www.cs.concordia.ca/~gregb,K2vSwvQAAAAJ,0000-0000-0000-0000
Gregory D. Abowd,Northeastern University,https://www.khoury.northeastern.edu/people/gregory-abowd,gb8sbdcAAAAJ,0000-0002-3408-587X
Gregory D. Hager,Johns Hopkins University,http://www.cs.jhu.edu/~hager,ivApfKcAAAAJ,0000-0002-6662-9763
Gregory Dudek,McGill University,http://www.cim.mcgill.ca/~dudek,BSORuFoAAAAJ,0000-0001-5040-4925
Gregory F. Lewis,Indiana University,https://kinseyinstitute.org/about/profiles/glewis.php,NOSCHOLARPAGE,0000-0000-0000-0000
Gregory F. Welch,University of Central Florida,https://sreal.ucf.edu/people/welch,9rHaWCYAAAAJ,0000-0002-8243-646X
Gregory Gay 0002,Chalmers/GU,http://www.greggay.com,3nwDANgAAAAJ,0000-0001-6794-9585
Gregory H. Wakefield,University of Michigan,http://mcubed.umich.edu/users/ghw,NOSCHOLARPAGE,0000-0000-0000-0000
Gregory J. E. Rawlins,Indiana University,http://www.cs.indiana.edu/~rawlins,NOSCHOLARPAGE,0000-0000-0000-0000
Gregory J. Stein,George Mason University,https://people.cs.gmu.edu/~gjstein,4djS86UAAAAJ,0000-0000-0000-0000
Gregory J. Zelinsky,Stony Brook University,https://www.stonybrook.edu/commcms/psychology/faculty/faculty_profiles/gzelinsky,5uC1slsAAAAJ,0000-0000-0000-0000
Gregory Kehne,Washington University in St. Louis,https://engineering.washu.edu/faculty/Gregory-Kehne.html,B0mAHYsAAAAJ,0009-0002-3375-5576
Gregory M. P. O'Hare,Trinity College Dublin,https://www.scss.tcd.ie/Gregory.OHare,egeLiWkAAAAJ,0000-0002-5124-1686
Gregory Mentzas,NTUA,http://imu.ntua.gr/users/gmentzas,WdybrQYAAAAJ,0000-0000-0000-0000
Gregory Michael Bodwin,University of Michigan,https://bodwin.engin.umich.edu,NWpUSd4AAAAJ,0000-0000-0000-0000
Gregory Peterson,University of Tennessee,https://www.eecs.utk.edu/people/faculty/gdp,3Zg-7o4AAAAJ,0000-0002-0875-5278
Gregory R. Andrews,University of Arizona,http://www.cs.arizona.edu/~greg,4LCdnkYAAAAJ,0000-0000-0000-0000
Gregory R. Crane,University of Leipzig,http://www.dh.uni-leipzig.de/wo/gregory-crane,NOSCHOLARPAGE,0000-0000-0000-0000
Gregory R. Ganger,Carnegie Mellon University,https://www.ece.cmu.edu/~ganger,l6oz33MAAAAJ,0000-0002-3065-7316
Gregory Ralph Crane,University of Leipzig,http://www.dh.uni-leipzig.de/wo/gregory-crane,NOSCHOLARPAGE,0000-0000-0000-0000
Gregory S. Chirikjian,MBZUAI,https://mbzuai.ac.ae/study/faculty/gregory-chirikjian,qoIuyMoAAAAJ,0000-0003-0542-9028
Gregory S. Fischer,Worcester Polytechnic Institute,http://www.wpi.edu/academics/facultydir/gsf.html,kZFSHy4AAAAJ,0000-0000-0000-0000
Gregory Shakhnarovich,TTI Chicago,http://ttic.uchicago.edu/~gregory,YLOz1kgAAAAJ,0000-0003-4700-9398
Gregory T. Byrd,North Carolina State University,https://ece.ncsu.edu/people/gbyrd,lItEsUUAAAAJ,0000-0003-3647-8738
Gregory Valiant,Stanford University,http://theory.stanford.edu/~valiant,CgItEbQAAAAJ,0000-0001-5523-2974
Gregory W. Wornell,Massachusetts Inst. of Technology,http://allegro.mit.edu/~gww,NOSCHOLARPAGE,0000-0001-9166-4758
Gregory Wadley,University of Melbourne,http://people.eng.unimelb.edu.au/gwadley,GkWqZe0AAAAJ,0000-0000-0000-0000
Gregory Z. Gutin,Royal Holloway Univ. of London,https://pure.royalholloway.ac.uk/portal/en/persons/gregory-gutin_6b1b6d2e-2ebd-4bc0-8d8b-f258381c1f44.html,JR5DwxoAAAAJ,0000-0000-0000-0000
Grigore Rosu,Univ. of Illinois at Urbana-Champaign,https://fsl.cs.illinois.edu/people/grigore-rosu,yxpqbdQAAAAJ,0000-0002-3102-0421
Grigorios Chrysos 0002,University of Wisconsin - Madison,https://grigoris.ece.wisc.edu,1bU041kAAAAJ,0000-0000-0000-0000
Grigorios Loukides,King's College London,https://www.kcl.ac.uk/people/grigorios-loukides,OtmncdQAAAAJ,0000-0003-0888-5061
Grigorios Tsagkatakis,University of Crete,https://users.ics.forth.gr/~greg,VEmEfrMAAAAJ,0000-0001-6498-9450
Grigory Fedyukovich,Florida State University,https://www.cs.princeton.edu/~grigoryf/about.html,dv7u9JgAAAAJ,0000-0003-1727-4043
Gruia Calinescu,Illinois Institute of Technology,https://science.iit.edu/people/faculty/gruia-calinescu,axLpOwwAAAAJ,0000-0002-0925-9524
Gruia-Catalin Roman,University of New Mexico,http://www.cs.unm.edu/directory/faculty-profiles/gruia-catalin-roman.html,NOSCHOLARPAGE,0000-0002-3465-661X
Grzegorz Chrupala,Tilburg University,http://grzegorz.chrupala.me,p6m63xoAAAAJ,0000-0001-9498-6912
Grzegorz Kondrak,University of Alberta,http://webdocs.cs.ualberta.ca/~kondrak,TV3Tl_sAAAAJ,0000-0000-0000-0000
Grzegorz Rozenberg,Leiden University,https://www.universiteitleiden.nl/en/staffmembers/grzegorz-rozenberg#tab-2,uQba_a4AAAAJ,0000-0000-0000-0000
Grzegorz Stachowiak,University of Wroclaw,https://www.ii.uni.wroc.pl/~gst,efpc1oQAAAAJ,0000-0002-3128-4689
Grzegorz W. Wasilkowski,University of Kentucky,https://www.cs.uky.edu/~greg,NOSCHOLARPAGE,0000-0000-0000-0000
Guan-Hua Tu,Michigan State University,http://www.cse.msu.edu/~ghtu,SqZmO1IAAAAJ,0000-0002-2542-4817
Guanbin Li,Sun Yat-sen University,http://guanbinli.com,2A2Bx2UAAAAJ,0000-0002-4805-0926
Guanchu Wang,UNC - Charlotte,https://guanchuwang.github.io/home,_QL5218AAAAJ,0000-0003-3258-762X
Guandong Xu,University of Technology Sydney,https://profiles.uts.edu.au/Guandong.Xu,kcrdCq4AAAAJ,0000-0003-4493-6663
Guanfeng Liu 0001,Macquarie University,http://web.science.mq.edu.au/~gliu,6P6EnQkAAAAJ,0000-0001-8980-4950
Guang Chen 0001,Tongji University,https://www.embodiment.ai,kBhIyv4AAAAJ,0000-0002-7416-592X
Guang Song,Iowa State University,http://www.cs.iastate.edu/people/guang-song,wB7NTEcAAAAJ,0000-0000-0000-0000
Guang Wang 0001,Florida State University,https://guangwang.me,DfHyVboAAAAJ,0000-0002-7739-7945
Guang-Yu Sun 0003,Peking University,http://ceca.pku.edu.cn/en/team.php?action=show&member_id=15,m3f70oYAAAAJ,0000-0000-0000-0000
Guang-Zhong Yang,Imperial College London,http://www.imperial.ac.uk/people/g.z.yang,NOSCHOLARPAGE,0000-0003-4060-4020
Guangchun Luo,UESTC,https://www.is.uestc.edu.cn/teachers.do?id=7308,NOSCHOLARPAGE,0000-0000-0000-0000
Guangdong Bai,City University of Hong Kong,https://baigd.github.io,4TjSSaUAAAAJ,0000-0002-6390-9890
Guanghui Lan,Georgia Institute of Technology,https://sites.gatech.edu/guanghui-lan,l3SflUcAAAAJ,0000-0002-2103-087X
Guanghui Liu 0001,UESTC,http://faculty.uestc.edu.cn/liuguanghui/en/index.htm,AjfD95EAAAAJ,0000-0002-4170-4552
Guanghui Lu,UESTC,https://www.en.scse.uestc.edu.cn/info/1085/1788.htm,NOSCHOLARPAGE,0000-0000-0000-0000
Guanghui Wang 0001,Toronto Metropolitan University,https://www.cs.torontomu.ca/~wangcs,I_5aoAwAAAAJ,0000-0000-0000-0000
Guangjing Wang 0001,University of South Florida,https://guangjing.wang,HizrFb4AAAAJ,0000-0002-9353-9042
Guangliang Yang 0001,Fudan University,https://yang-guangliang.github.io,bh1JfPkAAAAJ,0000-0001-7066-0109
Guangming Lu,Harbin Institute of Technology,http://faculty.hitsz.edu.cn/luguangming,fhwB7UwAAAAJ,0009-0000-4683-7330
Guangming Shi,Xidian University,https://web.xidian.edu.cn/gmshi,11aRt9oAAAAJ,0000-0003-2179-3292
Guangming Tan,Chinese Academy of Sciences,https://people.ucas.ac.cn/~tgm,NOSCHOLARPAGE,0000-0002-6361-5948
Guangmo Amo Tong,University of Delaware,https://udel.edu/~amotong,H6qjh2kAAAAJ,0000-0000-0000-0000
Guangmo Tong,University of Delaware,https://udel.edu/~amotong,H6qjh2kAAAAJ,0000-0003-3247-4019
Guangquan Zhang 0001,University of Technology Sydney,https://www.uts.edu.au/staff/guangquan.zhang,_1RMrhsAAAAJ,0000-0003-3960-0583
Guangtao Xue,Shanghai Jiao Tong University,http://www.cs.sjtu.edu.cn/~xue-gt,vTC9TSQAAAAJ,0000-0002-1617-3593
Guangwen Yang,Tsinghua University,http://www.tsinghua.edu.cn/publish/csen/4623/2010/20101224195554390212530/20101224195554390212530_.html,NOSCHOLARPAGE,0000-0002-8673-8254
Guangwu Xu,Univ. of Wisconsin - Milwaukee,https://uwm.edu/engineering/people/xu-ph-d-guangwu,NOSCHOLARPAGE,0000-0000-0000-0000
Guangyan Zhang,Tsinghua University,http://storage.cs.tsinghua.edu.cn/~zgy,NOSCHOLARPAGE,0000-0002-3480-5902
Guangyu Sun 0003,Peking University,http://ceca.pku.edu.cn/en/team.php?action=show&member_id=15,m3f70oYAAAAJ,0000-0002-7315-6589
Guangzhi Qu,Oakland University,http://www.secs.oakland.edu/~gqu,Etw6t2kAAAAJ,0000-0003-4047-9514
Guangzhong Sun,USTC,http://staff.ustc.edu.cn/~gzsun,sm_uYE8AAAAJ,0000-0002-0794-7681
Guanhong Tao 0001,University of Utah,https://tao.aisec.world,ff7RmjEAAAAJ,0000-0002-4701-1327
Guanhua Chen 0001,SUSTech,https://www.sustech.edu.cn/en/faculties/chenguanhua.html,WUYuQewAAAAJ,0000-0002-5353-9734
Guanhua Yan,Binghamton University,https://www.binghamton.edu/cs/people/ghyan.html,6rPWxsgAAAAJ,0000-0001-7482-4043
Guanjie Zheng,Shanghai Jiao Tong University,https://jhc.sjtu.edu.cn/~gjzheng,jJpqDQIAAAAJ,0000-0001-9033-1652
Guanliang Chen,Monash University,https://research.monash.edu/en/persons/guanliang-chen,NqOqvk0AAAAJ,0000-0002-8236-3133
Guannan Liu,Colorado School of Mines,https://www.linkedin.com/in/guannan-liu-3583b8262,f13rb-IAAAAJ,0000-0000-0000-0000
Guannan Wei 0001,Tufts University,https://engineering.tufts.edu/cs/people/faculty/guannan-wei,b_6L2goAAAAJ,0000-0002-3150-2033
Guanpeng Li,University of Iowa,http://homepage.cs.uiowa.edu/~guanpli,hIoeKKkAAAAJ,0000-0001-7773-7826
Guansong Pang,Singapore Management University,https://scis.smu.edu.sg/faculty/profile/6271/guansong-pang,1ZO7pHkAAAAJ,0000-0002-9877-2716
Guanxiong Sun,Queen's University Belfast,https://pure.qub.ac.uk/en/persons/guanxiong-sun-2,vLk3IzoAAAAJ,0000-0003-1901-9097
Guanya Shi,Carnegie Mellon University,https://www.gshi.me,joR1Z4UAAAAJ,0000-0000-0000-0000
Guanyang Wang,Rutgers University,https://guanyangwang.github.io,fnDzqzIAAAAJ,0000-0001-7471-2869
Guanying Chen,CUHK (SZ),https://guanyingc.github.io,Z2Kv_SsAAAAJ,0000-0002-1273-4752
Guanyun Wang,Zhejiang University,https://design.zju.edu.cn/guanyunlab,WcwWh24AAAAJ,0000-0002-7904-1504
Gudmund Skovbjerg Frandsen,Aarhus University,http://cs.au.dk/~gudmund,bHvSLToAAAAJ,0000-0000-0000-0000
Gudula Rünger,TU Chemnitz,https://www.tu-chemnitz.de/informatik/PI/professur/inhaber/index.php,NOSCHOLARPAGE,0000-0000-0000-0000
Guenole C. M. Silvestre,University College Dublin,https://ieeexplore.ieee.org/author/37281610100,NOSCHOLARPAGE,0000-0000-0000-0000
Guenter Schaefer,TU Ilmenau,https://www.tu-ilmenau.de/telematik/mitarbeiter/prof-guenter-schaefer,xpFu880AAAAJ,0000-0000-0000-0000
Guenther Ruhe,University of Calgary,http://ruhe.cpsc.ucalgary.ca,5nL_z0oAAAAJ,0000-0001-5651-1414
Guevara Noubir,Northeastern University,http://www.ccs.neu.edu/home/noubir,pUaHHjUAAAAJ,0000-0000-0000-0000
Gugan Thoppe,IISc Bangalore,https://www.csa.iisc.ac.in/people/gugan-thoppe,X5zV3s8AAAAJ,0000-0000-0000-0000
Guha Balakrishnan,Rice University,https://profiles.rice.edu/faculty/guha-balakrishnan,CsEOFL8AAAAJ,0000-0001-8703-1368
Gui-Song Xia,Wuhan University,https://cs.whu.edu.cn/info/1019/2878.htm,SAUCVsEAAAAJ,0000-0001-7660-6090
Guido Araujo,UNICAMP,https://guidoaraujo.wordpress.com/guido-araujo-homepage,xjuoV4QAAAAJ,0000-0000-0000-0000
Guido Araújo,UNICAMP,https://guidoaraujo.wordpress.com/guido-araujo-homepage,xjuoV4QAAAAJ,0000-0000-0000-0000
Guido Borghi,Univ. of Modena and Reggio Emilia,https://personale.unimore.it/rubrica/dettaglio/gborghi,81ovlBIAAAAJ,0000-0000-0000-0000
Guido Brunnett,TU Chemnitz,https://www.tu-chemnitz.de/informatik/HomePages/GDV/professurinhaber.php,NOSCHOLARPAGE,0000-0000-0000-0000
Guido Germano 0001,University College London,http://www0.cs.ucl.ac.uk/people/G.Germano.html,8zCKUmoAAAAJ,0000-0003-4441-9842
Guido Kanschat,Heidelberg University,http://simweb.iwr.uni-heidelberg.de/~gkanscha/de,G-HcRDwAAAAJ,0000-0000-0000-0000
Guido Maier,Politecnico di Milano,https://maier.faculty.polimi.it,PLEkIaAAAAAJ,0000-0000-0000-0000
Guido Moerkotte,University of Mannheim,https://www.wim.uni-mannheim.de/moerkotte,LDo3PYQAAAAJ,0009-0007-2729-938X
Guido Salvaneschi,TU Darmstadt,http://www.guidosalvaneschi.com,Hm0V7MUAAAAJ,0000-0002-9324-8894
Guido Schmitz,Royal Holloway Univ. of London,https://pure.royalholloway.ac.uk/en/persons/guido-schmitz,DKhjBT4AAAAJ,0000-0002-3776-5475
Guido Schäfer,University of Amsterdam,https://homepages.cwi.nl/~schaefer,E1jZijwAAAAJ,0000-0002-1923-4902
Guido Tack,Monash University,https://research.monash.edu/en/persons/guido-tack,JHquQGoAAAAJ,0000-0003-3357-6498
Guido Wirtz,University of Bamberg,https://www.uni-bamberg.de/?id=5188,VVmF0ZcAAAAJ,0000-0002-0438-8482
Guiduo Duan,UESTC,https://www.en.scse.uestc.edu.cn/info/1085/1917.htm,NOSCHOLARPAGE,0000-0000-0000-0000
Guiguang Ding,Tsinghua University,http://ise.thss.tsinghua.edu.cn/MIG/dgg.html,B7F3yt4AAAAJ,0000-0003-0137-9975
Guihai Chen,Nanjing University,https://cs.nju.edu.cn/gchen,rqZWbYgAAAAJ,0000-0002-6934-1685
Guihua Duan,Central South University,https://faculty.csu.edu.cn/duanguihua/zh_CN/index/108542/list/index.htm,NOSCHOLARPAGE,0000-0000-0000-0000
Guilhem Jaber,INRIA,https://guilhem.jaber.fr,niksg2gAAAAJ,0000-0000-0000-0000
Guilherme H. Travassos,UFRJ,http://www.cos.ufrj.br/~ght,hn4LDmkAAAAJ,0000-0000-0000-0000
Guilherme Horta Travassos,UFRJ,http://www.cos.ufrj.br/~ght,hn4LDmkAAAAJ,0000-0000-0000-0000
Guilherme P. Telles,UNICAMP,http://www.escience.org.br/guilherme.telles,UVM3F2UAAAAJ,0000-0000-0000-0000
Guilherme Pimentel Telles,UNICAMP,http://www.escience.org.br/guilherme.telles,UVM3F2UAAAAJ,0000-0000-0000-0000
Guilherme Travassos,UFRJ,http://www.cos.ufrj.br/~ght,hn4LDmkAAAAJ,0000-0002-4258-0424
Guiliang Liu,CUHK (SZ),http://guiliang.me,CuMylvEAAAAJ,0000-0000-0000-0000
Guiling Wang,NJIT,https://web.njit.edu/~gwang,PJOGQc4AAAAJ,0000-0000-0000-0000
Guillaume Bellec,TU Wien,https://guillaume.bellec.eu,fSXUVvAAAAAJ,0000-0001-7568-4994
Guillaume Hanrot,Ecole Normale Superieure de Lyon,http://perso.ens-lyon.fr/guillaume.hanrot,NOSCHOLARPAGE,0000-0001-9319-0365
Guillaume Hennequin,University of Cambridge,https://www.eng.cam.ac.uk/profiles/gjeh2,-NkKYYcAAAAJ,0000-0002-7296-6870
Guillaume Lajoie,University of Montreal,https://www.guillaumelajoie.com,ifu_7_0AAAAJ,0000-0000-0000-0000
Guillaume Munch-Maccagnoni,INRIA,https://guillaume.munch.name,NOSCHOLARPAGE,0000-0000-0000-0000
Guillaume Rabusseau,University of Montreal,https://www.iro.umontreal.ca/~grabus,t2i4V4EAAAAJ,0000-0000-0000-0000
Guillaume-Alexandre Bilodeau,Polytechnique Montreal,https://www.polymtl.ca/expertises/en/bilodeau-guillaume-alexandre,OU5TZScAAAAJ,0000-0000-0000-0000
Guillermo A. Pérez 0001,University of Antwerp,https://www.uantwerpen.be/en/staff/guillermoalberto-perez,MP0yUsgAAAAJ,0000-0002-1200-4952
Guillermo Alberto Pérez,University of Antwerp,https://www.uantwerpen.be/en/staff/guillermoalberto-perez,MP0yUsgAAAAJ,0000-0000-0000-0000
Guillermo Gallego 0002,TU Berlin,https://www.eecs.tu-berlin.de/menue/einrichtungen/professuren/professorinnen/gallego/parameter/en,v0_XxF0AAAAJ,0000-0002-2672-9241
Guillermo Gallego Bonet,TU Berlin,https://www.eecs.tu-berlin.de/menue/einrichtungen/professuren/professorinnen/gallego/parameter/en,v0_XxF0AAAAJ,0000-0000-0000-0000
Guillermo Payá Vayá,TU Braunschweig,https://www.tu-braunschweig.de/eis/paya-vaya,uJLGjFUAAAAJ,0000-0000-0000-0000
Guillermo Suarez-Tangil,IMDEA Networks Institute,https://networks.imdea.org/team/imdea-networks-team/people/guillermo-suarez-tangil,182ZkIgAAAAJ,0000-0002-0455-2553
Guiming Luo,Tsinghua University,http://www.thss.tsinghua.edu.cn/publish/soften/3131/2010/20101219105703907330347/20101219105703907330347_.html,NOSCHOLARPAGE,0000-0000-0000-0000
Guiying Li,SUSTech,http://www.liguiying.cn,Pdj79icAAAAJ,0000-0000-0000-0000
Gul Calikli,Chalmers/GU,https://www.chalmers.se/en/staff/Pages/calikli.aspx,lShgfvwAAAAJ,0000-0003-4578-1747
Gul Çalikli,University of Glasgow,https://gulcalikli.github.io,lShgfvwAAAAJ,0000-0000-0000-0000
Gultekin Özsoyoglu,Case Western Reserve University,http://engineering.case.edu/eecs/faculty-staff,NOSCHOLARPAGE,0000-0000-0000-0000
Gunes Acar,Radboud University,https://gunesacar.net,B6yKiPQAAAAJ,0000-0002-1621-8333
Gunhee Kim,Seoul National University,https://vision.snu.ac.kr/gunhee,CiSdOV0AAAAJ,0000-0002-9543-7453
Guni Sharon,Texas A&M University,http://faculty.cse.tamu.edu/guni,Vwx9fo4AAAAJ,0000-0001-9306-369X
Gunilla Borgefors,Uppsala University,http://www.cb.uu.se/~gunilla,cN7GJ1EAAAAJ,0000-0000-0000-0000
Gunilla Kreiss,Uppsala University,https://katalog.uu.se/empinfo/?id=N1-389,NOSCHOLARPAGE,0000-0001-8865-8218
Gunilla Myreteg,Uppsala University,https://katalog.uu.se/empinfo/?id=N1-1002,NOSCHOLARPAGE,0000-0000-0000-0000
Gunjae Koo,Korea University,http://gunjaekoo.com,mjxNeSAAAAAJ,0000-0003-1706-6850
Gunnar Gotshalks,York University,http://www.cse.yorku.ca/~gunnar,NOSCHOLARPAGE,0000-0000-0000-0000
Gunnar Hartvigsen,UiT The Arctic Univ. of Norway,https://uit.no/ansatte/gunnar.hartvigsen,N43ylaEAAAAJ,0000-0001-8771-9867
Gunnar Karlsson,KTH Royal Inst. of Technology,https://www.kth.se/profile/gk,lISeVIEAAAAJ,0000-0002-3704-1338
Gunnar Rätsch,ETH Zurich,http://bmi.inf.ethz.ch/personnel/gunnar-ratsch,tQuQ1FwAAAAJ,0000-0001-5486-8532
Gunnar Stevens,University of Siegen,https://www.wineme.uni-siegen.de/team/stevens,HPQAvPoAAAAJ,0000-0002-7785-5061
Gunnar Teege,Bundeswehr University Munich,http://www.unibw.de/gunnar.teege,NOSCHOLARPAGE,0000-0000-0000-0000
Gunnar Tufte,NTNU,https://www.ntnu.edu/employees/gunnar.tufte,85QJtE0AAAAJ,0000-0000-0000-0000
Gunnar W. Klau,University of Düsseldorf,https://www.cs.hhu.de/lehrstuehle-und-arbeitsgruppen/algorithmische-bioinformatik-prof-dr-gunnar-w-klau/unser-team/team/short-cv-klau.html,2hdYjHkAAAAJ,0000-0002-6340-0090
Gunter Saake,University of Magdeburg,http://www.dbse.ovgu.de,Tggnh5oAAAAJ,0000-0000-0000-0000
Gunwoong Park,Seoul National University,https://sites.google.com/view/gwpark/people,aJRbO7MAAAAJ,0000-0002-2334-205X
Guo Chen 0001,Hunan University,https://1989chenguo.github.io,ouriG7cAAAAJ,0000-0000-0000-0000
Guo Freeman,Clemson University,http://guof.people.clemson.edu,eRQZhUAAAAAJ,0000-0001-5107-7794
Guo Zhang Freeman,Clemson University,http://guof.people.clemson.edu,eRQZhUAAAAAJ,0000-0000-0000-0000
Guo-Hui Lin,University of Alberta,https://webdocs.cs.ualberta.ca/~ghlin,XSgTV7gAAAAJ,0000-0000-0000-0000
Guo-Jie Song,Peking University,http://www.klmp.pku.edu.cn/Faculty/FacultyDetail.aspx?FacultyID=44,a832IIMAAAAJ,0000-0000-0000-0000
Guo-Jun Qi,Westlake University,https://en.westlake.edu.cn/faculty/guojun-qi.html,Nut-uvoAAAAJ,0000-0003-3508-1851
Guo-Zhong Dai,Chinese Academy of Sciences,https://ieeexplore.ieee.org/author/37274248100,NOSCHOLARPAGE,0000-0000-0000-0000
GuoJun Liu,Harbin Institute of Technology,http://homepage.hit.edu.cn/guojun,5MaClO8AAAAJ,0000-0000-0000-0000
Guocheng Liao,Sun Yat-sen University,https://liaogch.github.io,s5ltgw8AAAAJ,0000-0002-3200-6162
Guochuan Zhang,Zhejiang University,https://person.zju.edu.cn/0096209,82yU330AAAAJ,0000-0003-1947-7872
Guodong Guo,West Virginia University,https://www.statler.wvu.edu/faculty-staff/faculty/guodong-guo,f2Y5nygAAAAJ,0000-0001-9583-0055
Guodong Long,University of Technology Sydney,https://www.uts.edu.au/staff/guodong.long,Pl8m7hMAAAAJ,0000-0003-3740-9515
Guodong Zhou,Soochow University,http://web.suda.edu.cn/gdzhou,KELQj9cAAAAJ,0000-0002-7887-5099
Guofei Gu,Texas A&M University,http://faculty.cs.tamu.edu/guofei,SRC3O-4AAAAJ,0000-0003-0630-741X
Guofeng Zhang 0001,Zhejiang University,http://www.cad.zju.edu.cn/home/gfzhang,F0xfpXAAAAAJ,0000-0001-5661-8430
Guohao Dai,Shanghai Jiao Tong University,https://nicsefc.ee.tsinghua.edu.cn/people/GuohaoDai,gz3Tkl0AAAAJ,0000-0003-0849-3252
Guohao Lan,TU Delft,https://guohao.netlify.app,1ebZN5gAAAAJ,0000-0003-2190-9937
Guohong Cao,Pennsylvania State University,http://www.cse.psu.edu/~gxc27,zD5ZfacAAAAJ,0000-0003-2115-7165
Guohong Fu,Soochow University,http://web.suda.edu.cn/ghfu,NOSCHOLARPAGE,0000-0000-0000-0000
Guohui Lin,University of Alberta,https://webdocs.cs.ualberta.ca/~ghlin,XSgTV7gAAAAJ,0000-0000-0000-0000
Guojie Luo,Peking University,http://ceca.pku.edu.cn/guojie,8-mT29YAAAAJ,0000-0003-4932-3655
Guojie Song,Peking University,http://www.klmp.pku.edu.cn/Faculty/FacultyDetail.aspx?FacultyID=44,a832IIMAAAAJ,0000-0001-8295-2520
Guojun Qi,University of Central Florida,http://www.cs.ucf.edu/~gqi,Nut-uvoAAAAJ,0000-0003-3508-1851
Guolei Sun,Nankai University,https://cc.nankai.edu.cn/2021/0323/c13619a572933/page.htm,qd8Blw0AAAAJ,0000-0001-8667-9656
Guoliang He,Wuhan University,http://cs.whu.edu.cn/teacherinfo.aspx?id=207,NOSCHOLARPAGE,0000-0000-0000-0000
Guoliang Jin,North Carolina State University,https://www.csc.ncsu.edu/people/gjin2,Z2-LnXgAAAAJ,0000-0000-0000-0000
Guoliang Li 0001,Tsinghua University,http://dbgroup.cs.tsinghua.edu.cn/ligl,s9n7-fQAAAAJ,0000-0002-1398-0621
Guoliang Xing,Chinese University of Hong Kong,https://staff.ie.cuhk.edu.hk/~glxing,kI5JKs8AAAAJ,0000-0003-1772-7751
Guoliang Xue,Arizona State University,https://optimization.asu.edu,9gBvN78AAAAJ,0000-0002-5833-8894
Guolin Sun,UESTC,https://www.en.scse.uestc.edu.cn/info/1085/1928.htm,NOSCHOLARPAGE,0000-0000-0000-0000
Guomin Yang,Singapore Management University,https://scis.smu.edu.sg/faculty/profile/6571/yang-guomin,4W_pfw8AAAAJ,0000-0002-4949-7738
Guoming Lu,UESTC,https://www.en.scse.uestc.edu.cn/info/1085/2062.htm,ExAwCPEAAAAJ,0000-0000-0000-0000
Guoning Chen,University of Houston,http://www2.cs.uh.edu/~chengu,EVaSxlkAAAAJ,0000-0003-0581-6415
Guoping Qiu,University of Nottingham,https://www.nottingham.ac.uk/computerscience/people/guoping.qiu,pHkKtyMAAAAJ,0000-0002-5877-5648
Guoping Rong,Nanjing University,https://softeng.nju.edu.cn/faculty/GuopingRong/index.html,1KlMNBwAAAAJ,0000-0003-4576-0524
Guoping Wang,Peking University,http://eecs.pku.edu.cn/EN/People/Faculty/Detail/?ID=6058,NOSCHOLARPAGE,0000-0001-7819-0076
Guoqi Xie,Hunan University,http://ecps.cc/~g.xie,Wc_QKeYAAAAJ,0000-0001-6625-0350
Guoqiang Li 0001,Shanghai Jiao Tong University,http://basics.sjtu.edu.cn/~liguoqiang,oylxWusAAAAJ,0000-0001-9005-7112
Guoqing Harry Xu,Univ. of California - Los Angeles,http://www.cs.ucla.edu/~harryxu,DS6rCasAAAAJ,0000-0003-4737-2146
Guoqing Wang 0001,UESTC,https://faculty.uestc.edu.cn/wangguoqing1/zh_CN/index.htm,V08v5OEAAAAJ,0000-0003-1157-0909
Guoqing Xiao 0001,Hunan University,https://guoqingxiao.weebly.com,mlkJijgAAAAJ,0000-0001-5008-4829
Guoqing Xu 0001,Univ. of California - Los Angeles,http://www.cs.ucla.edu/~harryxu,DS6rCasAAAAJ,0000-0000-0000-0000
Guoquan Huang 0001,University of Delaware,https://udel.edu/~ghuang,trMUyZIAAAAJ,0000-0001-9932-0685
Guoquan Wu,Chinese Academy of Sciences,http://people.ucas.edu.cn/~gqwu,eZ6OCCIAAAAJ,0000-0002-9886-4848
Guorong Wu 0001,University of North Carolina,https://www.med.unc.edu/psych/directory/guorong-wu,XVsMB2kAAAAJ,0000-0000-0000-0000
Guosheng Lin,Nanyang Technological University,https://guosheng.github.io,ZudEhvcAAAAJ,0000-0002-0329-7458
Guowei Yang 0001,University of Queensland,https://guoweiyang.github.io,dad9ZL4AAAAJ,0000-0002-1404-4560
Guowu Yang,UESTC,http://en.uestc.edu.cn/index.php?m=content&c=index&a=show&catid=79&id=4773,7k8MMQYAAAAJ,0000-0002-5133-0320
Guoxin Su,University of Wollongong,https://documents.uow.edu.au/~guoxin,S7cDTa8AAAAJ,0000-0002-2087-4894
Guoxing Chen,Shanghai Jiao Tong University,https://donnod.github.io,OnQv6VYAAAAJ,0000-0001-8107-5909
Guoxing Wang,Shanghai Jiao Tong University,https://dmne.sjtu.edu.cn/dmne/faculty/wangguoxing,3A0Na8AAAAAJ,0000-0002-0235-1475
Guoyu Lu,Binghamton University,https://www.binghamton.edu/computer-science/people/profile.html?id=glu4,NOSCHOLARPAGE,0000-0002-2685-5563
Guozhong Dai,Chinese Academy of Sciences,https://ieeexplore.ieee.org/author/37274248100,NOSCHOLARPAGE,0009-0008-3473-7189
Guozhu Meng,Chinese Academy of Sciences,https://impillar.github.io,fpE34K0AAAAJ,0000-0001-6388-2571
Gurdip Singh,George Mason University,https://cs.gmu.edu/directory/detail/169,NOSCHOLARPAGE,0000-0000-0000-0000
Guri Sohi,University of Wisconsin - Madison,http://pages.cs.wisc.edu/~sohi,NOSCHOLARPAGE,0000-0000-0000-0000
Gurindar S. Sohi,University of Wisconsin - Madison,http://pages.cs.wisc.edu/~sohi,NOSCHOLARPAGE,0000-0000-0000-0000
Gurjit S. Randhawa,University of Guelph,https://www.uoguelph.ca/computing/people/gurjit-randhawa,Dm7-5sMAAAAJ,0000-0003-1054-125X
Gurminder Singh,Naval Postgraduate School,http://faculty.nps.edu/gsingh,VP5CMagAAAAJ,0000-0000-0000-0000
Gurpur M. Prabhu,Iowa State University,http://www.cs.iastate.edu/~prabhu,NOSCHOLARPAGE,0000-0000-0000-0000
Gursimran Singh Walia,Augusta University,http://www.gursimransinghwalia.com,X2qEWo0AAAAJ,0000-0000-0000-0000
Gursimran Walia,Augusta University,http://www.gursimransinghwalia.com,X2qEWo0AAAAJ,0000-0000-0000-0000
Gururaj Saileshwar,University of Toronto,https://gururaj-s.github.io,0RnpQFcAAAAJ,0000-0003-3542-2548
Gus G. Xia,MBZUAI,https://mbzuai.ac.ae/study/faculty/dr-gus-xia,h8-nXFcAAAAJ,0000-0000-0000-0000
Gus Xia,MBZUAI,https://mbzuai.ac.ae/study/faculty/dr-gus-xia,h8-nXFcAAAAJ,0000-0003-3629-906X
Gushu Li,University of Pennsylvania,https://sites.google.com/view/gushuli,Po0BT08AAAAJ,0000-0002-6233-0334
Gustavo Alonso,ETH Zurich,https://people.inf.ethz.ch/alonso,fkNjVcIAAAAJ,0000-0002-4396-6695
Gustavo Carneiro 0001,University of Surrey,https://www.surrey.ac.uk/people/gustavo-carneiro,E0TtOWAAAAAJ,0000-0002-5571-6220
Gustavo Carvalho,UFPE,http://www.cin.ufpe.br/~ghpc,e-uGm2UAAAAJ,0000-0000-0000-0000
Gustavo E. A. P. A. Batista,USP-ICMC,http://conteudo.icmc.usp.br/pessoas/gbatista,takZ6KIAAAAJ,0000-0000-0000-0000
Gustavo Enrique De Almeida Prado Alves Batista,USP-ICMC,http://conteudo.icmc.usp.br/pessoas/gbatista,takZ6KIAAAAJ,0000-0000-0000-0000
Gustavo H. M. B. Carneiro,University of Surrey,https://www.surrey.ac.uk/people/gustavo-carneiro,E0TtOWAAAAAJ,0000-0000-0000-0000
Gusz Eiben,VU Amsterdam,http://www.cs.vu.nl/~gusz,NMuDAe0AAAAJ,0000-0000-0000-0000
Guszti Eiben,VU Amsterdam,http://www.cs.vu.nl/~gusz,NMuDAe0AAAAJ,0000-0000-0000-0000
Guttorm Sindre,NTNU,https://www.ntnu.edu/employees/guttorm.sindre,mlcWCCkAAAAJ,0000-0001-5739-8265
Guus Schreiber,VU Amsterdam,http://www.cs.vu.nl/~guus,lRZKdMYAAAAJ,0000-0000-0000-0000
Guy Bois,Polytechnique Montreal,https://www.polymtl.ca/expertises/bois-guy,NOSCHOLARPAGE,0000-0000-0000-0000
Guy Bégin,Université du Québec à Montréal,https://professeurs.uqam.ca/professeur/begin.guy,NOSCHOLARPAGE,0000-0000-0000-0000
Guy E. Blelloch,Carnegie Mellon University,http://www.cs.cmu.edu/~guyb,Z6nLCukAAAAJ,0000-0003-0224-9187
Guy Hoffman,Cornell University,http://guyhoffman.com,ZocLOAMAAAAJ,0000-0002-0404-6159
Guy J. Brown,University of Sheffield,https://www.sheffield.ac.uk/dcs/people/academic/guy-brown,5KOpQLQAAAAJ,0000-0000-0000-0000
Guy Katz,Hebrew University of Jerusalem,http://stanford.edu/~guyk,3nYG5BMAAAAJ,0000-0001-5292-801X
Guy Kindler,Hebrew University of Jerusalem,http://www.cs.huji.ac.il/~gkindler,h0_3SjAAAAAJ,0000-0002-3384-3720
Guy Laban,Ben-Gurion University of the Negev,https://www.guylaban.com,K7-LiJ0AAAAJ,0000-0002-3796-1804
Guy Lapalme,University of Montreal,http://rali.iro.umontreal.ca/lapalme,0fRlG8oAAAAJ,0000-0000-0000-0000
Guy McCusker,University of Bath,http://www.cs.bath.ac.uk/~gam23,kCbGWC4AAAAJ,0000-0002-0305-6398
Guy N. Rothblum,Weizmann Institute of Science,https://www.weizmann.ac.il/pages/search/people?language=english&single=1&person_id=26799,dDsbkAoAAAAJ,0000-0001-5273-6472
Guy Shani,Ben-Gurion University of the Negev,http://www.bgu.ac.il/~shanigu,F2JS3YIAAAAJ,0000-0003-4131-0382
Guy Van den Broeck,Univ. of California - Los Angeles,http://web.cs.ucla.edu/~guyvdb,d0KQ9z0AAAAJ,0000-0003-3434-2503
Guy-Vincent Jourdan,University of Ottawa,http://www.site.uottawa.ca/~gvj,r3ZtMxcAAAAJ,0000-0000-0000-0000
Guylaine Poisson,University of Hawaii at Manoa,http://www.hawaii.edu/hpc/rotm/poisson.html,NOSCHOLARPAGE,0000-0000-0000-0000
Guyue Liu,Peking University,https://grace-liu.github.io/pub.html,9NPX8KMAAAAJ,0009-0001-4933-0276
Guénolé C. M. Silvestre,University College Dublin,https://ieeexplore.ieee.org/author/37281610100,NOSCHOLARPAGE,0000-0000-0000-0000
Gwangsun Kim,POSTECH,https://psal.postech.ac.kr/gkim,OmzyMnsAAAAJ,0000-0001-5749-5794
Gwenaël Joret,Université libre de Bruxelles,http://www.ulb.ac.be/di/algo/gjoret,rEsm1asAAAAJ,0000-0002-7157-6694
Gwenn Englebienne,University of Twente,https://research.utwente.nl/en/persons/b8e217dc-03b1-4a92-9ab6-603b56a15bc7,ZDLQ7vAAAAAJ,0000-0002-3130-2082
Gyeong-Moon Park,Korea University,https://vgi.korea.ac.kr,Sz6rfOMAAAAJ,0000-0003-4011-9981
Gyeongsik Moon,Korea University,https://mks0601.github.io,2f2D258AAAAJ,0000-0003-0610-7936
Gyeongsik Yang,Korea University,https://ss.korea.ac.kr,kuOm7bEAAAAJ,0000-0003-4560-2972
Gymama E. Slaughter,Univ. of Maryland - Baltimore County,http://www.csee.umbc.edu/people/faculty/gymama-slaughter,NOSCHOLARPAGE,0000-0000-0000-0000
Gyungho Lee,Korea University,http://arch.korea.ac.kr,NOSCHOLARPAGE,0000-0000-0000-0000
György Dán,KTH Royal Inst. of Technology,https://www.kth.se/profile/gyuri,NulsX04AAAAJ,0000-0002-4876-0223
György Fazekas,Queen Mary University of London,http://www.eecs.qmul.ac.uk/~gyorgyf,ucCX0ecAAAAJ,0000-0000-0000-0000
György Kalmár,University of Szeged,http://inf.u-szeged.hu/~kalmargy,i4g8nFYAAAAJ,0000-0003-4797-6900
György Turán,University of Illinois at Chicago,http://homepages.math.uic.edu/~gyt,LbDqMpIAAAAJ,0000-0000-0000-0000
Gábor Berend,University of Szeged,http://www.inf.u-szeged.hu/~berendg,JMafrTEAAAAJ,0000-0002-3845-4978
Gábor Csányi,University of Cambridge,https://www.eng.cam.ac.uk/profiles/gc121,q39javYAAAAJ,0000-0002-8180-2034
Gábor N. Sárközy,Worcester Polytechnic Institute,http://www.cs.wpi.edu/~gsarkozy,b2upmIUAAAAJ,0000-0000-0000-0000
Géry Casiez,CRIStAL,http://cristal.univ-lille.fr/~casiez,_l0mjIoAAAAJ,0000-0003-1905-815X
Gökhan Bilgin,Yıldız Technical University,https://www.ce.yildiz.edu.tr/personal/gokhanb?lang=en,xOtyJygAAAAJ,0000-0000-0000-0000
Gökhan Ince,Istanbul Technical University,http://www.gokhanince.com/gi/Default.asp,ffrlx5sAAAAJ,0000-0002-0034-030X
Gökhan Kul,Univ. of Massachusetts Dartmouth,https://www.umassd.edu/directory/gkul,bjuDChoAAAAJ,0000-0001-6467-1979
Göksel Biricik,Yıldız Technical University,https://www.ce.yildiz.edu.tr/personal/goksel?lang=en,NOSCHOLARPAGE,0000-0002-4768-7431
Göktürk Üçoluk,Middle East Technical University,http://user.ceng.metu.edu.tr/~ucoluk,kV5zQBkAAAAJ,0000-0000-0000-0000
Göran Kauermann,LMU Munich,https://www.en.wisostat.statistik.uni-muenchen.de,b4tlea0AAAAJ,0000-0000-0000-0000
Görschwin Fey,Hamburg University of Technology,https://www.tuhh.de/es/ce/people/gfey,83MkY1wAAAAJ,0000-0001-6433-6265
Gösta Grahne,Concordia University,http://www.cs.concordia.ca/~grahne,NOSCHOLARPAGE,0000-0000-0000-0000
Gözde B. Ünal,Istanbul Technical University,http://akademi.itu.edu.tr/en/unalgo,soanB6MAAAAJ,0000-0001-5942-8966
Gül Çalikli,University of Glasgow,https://gulcalikli.github.io,lShgfvwAAAAJ,0000-0003-4578-1747
Gülfem Isiklar,Galatasaray University,https://avesis.gsu.edu.tr/gisiklar,QsiWkyMAAAAJ,0000-0000-0000-0000
Gülfem Isiklar Alptekin,Galatasaray University,https://avesis.gsu.edu.tr/gisiklar,QsiWkyMAAAAJ,0000-0000-0000-0000
Gülfem Işıklar Alptekin,Galatasaray University,https://avesis.gsu.edu.tr/gisiklar,QsiWkyMAAAAJ,0000-0000-0000-0000
Gülsen Eryigit,Istanbul Technical University,http://web.itu.edu.tr/gulsenc,25CpSdkAAAAJ,0000-0000-0000-0000
Günter Kemnitz,TU Clausthal,http://techwww.in.tu-clausthal.de/site/Personen/Index,NOSCHOLARPAGE,0000-0000-0000-0000
Günter Rote,Freie Universitaet Berlin,http://page.mi.fu-berlin.de/rote,NOSCHOLARPAGE,0000-0002-0351-5945
Günter Rudolph,TU Dortmund,http://ls11-www.cs.tu-dortmund.de/people/rudolph,NOSCHOLARPAGE,0000-0003-4223-5257
Günter Schukat,Friedrich Schiller University Jena,http://www.minet.uni-jena.de/www/fakultaet/schukat,NOSCHOLARPAGE,0000-0000-0000-0000
Günter Schäfer,TU Ilmenau,https://www.tu-ilmenau.de/telematik/mitarbeiter/prof-guenter-schaefer,xpFu880AAAAJ,0000-0000-0000-0000
Günther Greiner,University of Erlangen–Nuremberg,https://www.lgdv.tf.fau.de/person/guenther-greiner,NOSCHOLARPAGE,0000-0000-0000-0000
Günther Pernul,University of Regensburg,https://www.uni-regensburg.de/informatik-data-science/wi-pernul/startseite/index.html,Is7RRWYAAAAJ,0000-0003-1338-9003
Günther R. Raidl,TU Wien,https://www.ac.tuwien.ac.at/people/raidl,NOSCHOLARPAGE,0000-0000-0000-0000
Günther Ruhe,University of Calgary,http://ruhe.cpsc.ucalgary.ca,5nL_z0oAAAAJ,0000-0000-0000-0000
Günther Schatter,Bauhaus University Weimar,https://www.uni-weimar.de/de/medien/professuren/medieninformatik/vernetzte-medien/personen/apl-prof-dr-guenther-schatter,NOSCHOLARPAGE,0000-0000-0000-0000
Günther Specht,University of Innsbruck,https://dbis-informatik.uibk.ac.at/specht,Csj85-oAAAAJ,0000-0000-0000-0000
