name,affiliation,homepage,scholarid,orcid
T. C. Nicholas Graham,Queen’s University,http://www.cs.queensu.ca/~graham,urD_r2EAAAAJ,0000-0001-6723-1936
T. Daniel Loveless,Indiana University,https://luddy.indiana.edu/contact/profile/index.html?Daniel_Loveless,HPm-6isAAAAJ,0000-0000-0000-0000
T. Dean Hendrix,Auburn University,http://www.auburn.edu/~hendrtd,NOSCHOLARPAGE,0000-0000-0000-0000
T. E. Starner,Georgia Institute of Technology,http://www.cc.gatech.edu/home/thad,qr8Vo9IAAAAJ,0000-0000-0000-0000
T. Ian Simpson,University of Edinburgh,http://www.inf.ed.ac.uk/people/staff/Ian_Simpson.html,rmKe2dYAAAAJ,0000-0000-0000-0000
T. K. Srikanth,IIIT Bangalore,http://www.iiitb.ac.in/faculty_page.php?name=TKSrikanth,IFuQJy0AAAAJ,0000-0001-6780-6728
T. Kesavadas,University at Albany - SUNY,https://www.albany.edu/research-economic-development/faculty/thenkurussi-kesh-kesavadas,gOOXpw0AAAAJ,0000-0000-0000-0000
T. M. Murali 0001,Virginia Tech,https://bioinformatics.cs.vt.edu/~murali,pdpOwtkAAAAJ,0000-0003-3688-4672
T. Metin Sezgin,Koç University,http://portal.ku.edu.tr/~mtsezgin,54PfvHMAAAAJ,0000-0002-1524-1646
T. N. Tan,Chinese Academy of Sciences,http://english.cas.cn/about_us/administration/administrators/201409/t20140926_128522.html,W-FGd_UAAAAJ,0000-0000-0000-0000
T. N. Vijaykumar,Purdue University,https://engineering.purdue.edu/ECE/People/ptProfile?resource_id=3293,6eun8QkAAAAJ,0000-0001-6624-4372
T. Patrick Martin,Queen’s University,http://www.cs.queensu.ca/home/martin,KgIpvIsAAAAJ,0000-0000-0000-0000
T. Ramakrishnudu,National Inst. of Tech. Warangal,https://wsdc.nitw.ac.in/facultynew/facultyprofile/id/16344,oscHBicAAAAJ,0000-0000-0000-0000
T. S. E. Maibaum,McMaster University,http://www.cas.mcmaster.ca/~maibaum,NOSCHOLARPAGE,0000-0000-0000-0000
T. S. Eugene Ng,Rice University,https://www.cs.rice.edu/~eugeneng,P07ZE9sAAAAJ,0000-0003-2954-0767
T. V. Prabhakar,IIT Kanpur,http://www.cse.iitk.ac.in/users/tvp,vWvglUgAAAAJ,0000-0000-0000-0000
T. Venkatesh,IIT Guwahati,http://www.iitg.ernet.in/t.venkat,yxogbeoAAAAJ,0000-0000-0000-0000
T. Yung Kong,CUNY,http://www.gc.cuny.edu/Page-Elements/Academics-Research-Centers-Initiatives/Doctoral-Programs/Computer-Science/Faculty-Bios/T-Yung-Kong,Hbb5UBgAAAAJ,0000-0000-0000-0000
T. Z. Kalamboukis,AUEB,https://uregister-ldap.aueb.gr/en/faculty/kalamboukis-theodore,NOSCHOLARPAGE,0000-0000-0000-0000
T.-H. Hubert Chan,University of Hong Kong,https://i.cs.hku.hk/~hubert,F8_JP6sAAAAJ,0000-0002-8340-235X
Tachio Terauchi,Waseda University,http://www.f.waseda.jp/terauchi/index.html,-xOKb8sAAAAJ,0000-0001-5305-4916
Tack-Don Han,Yonsei University,https://sites.google.com/site/ysmslys/the-team/professor,9ws32TIAAAAJ,0000-0000-0000-0000
Tadao Murata,University of Illinois at Chicago,https://www.cs.uic.edu/k-Teacher/tadao-murataphd,NOSCHOLARPAGE,0000-0000-0000-0000
Tadao Takaoka,University of Canterbury,http://www.cosc.canterbury.ac.nz/tad.takaoka,M5viz6kAAAAJ,0000-0000-0000-0000
Tadayoshi Kohno,University of Washington,http://homes.cs.washington.edu/~yoshi,s_YDrrgAAAAJ,0000-0002-4899-226X
Tae H. Oh,Rochester Inst. of Technology,https://www.rit.edu/gccis/computingsecurity/people/tom-oh,ugbZoXwAAAAJ,0000-0000-0000-0000
Tae Hee Han,Sungkyunkwan University,https://sites.google.com/view/idealab400525/home,4m_r2psAAAAJ,0000-0001-8508-7536
Tae Hyun Hwang,Vanderbilt University,https://www.hwanglab.org,YCgx9yUAAAAJ,0000-0000-0000-0000
Tae Hyun Kim 0006,Hanyang University,https://sites.google.com/site/lliger9/home,NOSCHOLARPAGE,0000-0000-0000-0000
Tae Hyun Oh,KAIST,https://ami.kaist.ac.kr,dMCBjeIAAAAJ,0000-0003-0468-1571
Tae-Eui Kam,Korea University,http://mailab.korea.ac.kr,y7B2OsUAAAAJ,0000-0000-0000-0000
Tae-Hyuk Ahn,Saint Louis University,https://cs.slu.edu/people/ahn,LzZLPpAAAAAJ,0000-0002-7281-9459
Tae-Hyun Oh,KAIST,https://ami.kaist.ac.kr,dMCBjeIAAAAJ,0000-0003-0468-1571
Tae-Kyun Kim 0001,KAIST,https://sites.google.com/view/tkkim,j2WcLecAAAAJ,0000-0002-7587-6053
Taegyu Kim,Pennsylvania State University,https://tgkim.gitlab.io,XYW3vWEAAAAJ,0000-0003-1023-3417
Taeho Jung,University of Notre Dame,https://sites.nd.edu/taeho-jung,j7wN3bYAAAAJ,0000-0000-0000-0000
Taehwan Kim,UNIST,https://sites.google.com/view/taehwankim,5dGWexcAAAAJ,0009-0002-3336-7848
Taehyun Kim 0002,Seoul National University,https://cse.snu.ac.kr/en/professor/taehyun-kim,xLVkHSAAAAAJ,0000-0003-3532-864X
Taehyun Rhee,University of Melbourne,https://findanexpert.unimelb.edu.au/profile/1084098-taehyun-rhee,q-BjS1gAAAAJ,0000-0002-6150-0637
Taejoon Park,Hanyang University,http://cai.hanyang.ac.kr/sub2_1.php,ijf6dGMAAAAJ,0000-0000-0000-0000
Taejoong Chung,Virginia Tech,https://taejoong.github.io,_0mWbaoAAAAJ,0000-0002-4323-4080
Taekyoung Kwon 0001,Seoul National University,http://mmlab.snu.ac.kr/~tk,ruxWSFsAAAAJ,0000-0000-0000-0000
Taesik Gong,UNIST,https://taesikgong.com,bcmJw7AAAAAJ,0000-0002-8967-3652
Taesoo Kim,Georgia Institute of Technology,https://taesoo.gtisc.gatech.edu,06hgT8gAAAAJ,0000-0002-7440-2067
Taesoo Kwon,Hanyang University,http://calab.hanyang.ac.kr/cgi-bin/home.cgi?node=Taesoo,rHOTTI0AAAAJ,0000-0002-9253-2156
Taesup Kim,Seoul National University,https://www.snu-laal.com/team,7V7yNeoAAAAJ,0009-0005-6056-6836
Taesup Moon,Seoul National University,https://mindlab-snu.github.io/people/pi,lQlioBoAAAAJ,0000-0000-0000-0000
Taeweon Suh,Korea University,http://esca.korea.ac.kr,3Db9vssAAAAJ,0000-0002-6377-5482
Taflan Imre Gündem,Boğaziçi University,https://www.cmpe.boun.edu.tr/~gundem,NOSCHOLARPAGE,0000-0000-0000-0000
Taghi M. Khoshgoftaar,Florida Atlantic University,http://www.cse.fau.edu/~taghi,-PgNSCAAAAAJ,0000-0000-0000-0000
Taghi Mostafavi,UNC - Charlotte,https://webpages.uncc.edu/taghi,NOSCHOLARPAGE,0000-0000-0000-0000
Taho Yang,National Cheng Kung University,http://www.csie.ncku.edu.tw/ncku_csie/depmember/teacherdetail/id/41,R1C6VZYAAAAJ,0000-0000-0000-0000
Tai Sing Lee,Carnegie Mellon University,http://www.cnbc.cmu.edu/~tai,9TAiIIMAAAAJ,0000-0000-0000-0000
Taieb F. Znati,University of Pittsburgh,https://cs.pitt.edu/~znati,UnixVNQAAAAJ,0000-0000-0000-0000
Taieb Znati,University of Pittsburgh,https://cs.pitt.edu/~znati,UnixVNQAAAAJ,0000-0000-0000-0000
Taiji Suzuki,University of Tokyo,http://ibis.t.u-tokyo.ac.jp/suzuki,x8osrBsAAAAJ,0000-0000-0000-0000
Taisong Jin,Xiamen University,https://cs.xmu.edu.cn/info/1009/2169.htm,YoI65-0AAAAJ,0000-0000-0000-0000
Taisook Han,KAIST,https://cs.kaist.ac.kr/people/view?idx=32&kind=faculty&menu=160,NOSCHOLARPAGE,0000-0000-0000-0000
Taisuke Boku,University of Tsukuba,http://www.hpcs.cs.tsukuba.ac.jp/~taisuke/index-e.html,fL8Q3_IAAAAJ,0000-0000-0000-0000
Taisuke Kobayashi,National Inst. of Informatics,https://www.nii.ac.jp/en/faculty/informatics/kobayashi_taisuke,_osNFzIAAAAJ,0000-0000-0000-0000
Taisy Silva Weber,UFRGS,https://www.inf.ufrgs.br/site/docente/taisy-silva-weber,e62RF40AAAAJ,0000-0000-0000-0000
Taiyun Chi,Rice University,https://chilab.info/team,x7UY3lIAAAAJ,0000-0000-0000-0000
Tajana Rosing,Univ. of California - San Diego,http://cseweb.ucsd.edu/~trosing,CeieiIgAAAAJ,0000-0002-6954-997X
Tajana S. Rosing,Univ. of California - San Diego,http://cseweb.ucsd.edu/~trosing,CeieiIgAAAAJ,0000-0000-0000-0000
Tajana Simunic,Univ. of California - San Diego,http://cseweb.ucsd.edu/~trosing,CeieiIgAAAAJ,0000-0002-6954-997X
Tajana Simunic Rosing,Univ. of California - San Diego,http://cseweb.ucsd.edu/~trosing,CeieiIgAAAAJ,0000-0002-6954-997X
Tak Wah Lam,University of Hong Kong,https://i.cs.hku.hk/~twlam,wgvU0B8AAAAJ,0000-0003-4676-8587
Takaaki Ohnishi,University of Tokyo,http://www.canon-igs.org/en/fellows/takaaki_ohnishi.html,NOSCHOLARPAGE,0000-0000-0000-0000
Takafumi Kanamori,Tokyo Institute of Technology,https://sites.google.com/site/tokyotechkanamoritakafumilab/english,NOSCHOLARPAGE,0000-0000-0000-0000
Takahiko Satoh,Keio University,https://sites.google.com/view/satoh-quantum-lab,7sU5XMMAAAAJ,0000-0000-0000-0000
Takahiro Hara,Osaka University,http://www-nishio.ist.osaka-u.ac.jp/~hara,Ly6jrBoAAAAJ,0000-0003-4807-3156
Takahiro Shinagawa,University of Tokyo,https://www.os.is.s.u-tokyo.ac.jp/en/shina,HufXgzQAAAAJ,0000-0002-7016-7696
Takahiro Wada,NAIST,https://sites.google.com/view/humanroboticslab/takahiro-wada?authuser=0,AMyuZtQAAAAJ,0000-0000-0000-0000
Takamitsu Matsubara,NAIST,https://sites.google.com/view/naist-robot-learning-en?authuser=0,RFDSj_0AAAAJ,0000-0000-0000-0000
Takanori Fujiwara,University of Arizona,https://takanori-fujiwara.github.io,7q1y3h0AAAAJ,0000-0002-6382-2752
Takanori Kigawa,Tokyo Institute of Technology,http://kigawa-lab.riken.jp/titech,jSi1DZ0AAAAJ,0000-0003-0146-9719
Takao Onoye,Osaka University,http://www-ise2.ist.osaka-u.ac.jp/~onoye,Ln4-4eAAAAAJ,0000-0000-0000-0000
Takashi Inui,University of Tsukuba,http://www.nlp.mibel.cs.tsukuba.ac.jp/~inui/en,K4kblEwAAAAJ,0000-0000-0000-0000
Takashi Ishida 0002,Tokyo Institute of Technology,http://www.cb.cs.titech.ac.jp/en,kudXipEAAAAJ,0000-0002-9478-3223
Takashi Kobayashi 0001,Tokyo Institute of Technology,http://www.sa.cs.titech.ac.jp/en,QTY3pv0AAAAJ,0000-0000-0000-0000
Takashi Kohno,University of Tokyo,http://www.sat.t.u-tokyo.ac.jp/~kohno,0ls8AgsAAAAJ,0000-0000-0000-0000
Takashi Kurimoto,National Inst. of Informatics,https://www.nii.ac.jp/en/faculty/architecture/kurimoto_takashi,NOSCHOLARPAGE,0000-0000-0000-0000
Takatsune Kumada,Kyoto University,http://www.genome.ist.i.kyoto-u.ac.jp/index.en.html,NOSCHOLARPAGE,0000-0000-0000-0000
Takayasu Matsuo,University of Tokyo,http://www.sr3.t.u-tokyo.ac.jp/~matsuo/eprof.html,NOSCHOLARPAGE,0000-0000-0000-0000
Takayuki Kanda,Kyoto University,http://www.robot.soc.i.kyoto-u.ac.jp/~kanda,BL9EACgAAAAJ,0000-0000-0000-0000
Takayuki Mizuno,National Inst. of Informatics,http://research.nii.ac.jp/~mizuno/en/index.html,RPEVIW0AAAAJ,0000-0000-0000-0000
Takeaki Uno,National Inst. of Informatics,https://www.nii.ac.jp/en/faculty/informatics/uno_takeaki,NOSCHOLARPAGE,0000-0000-0000-0000
Takehito Utsuro,University of Tsukuba,http://nlp.iit.tsukuba.ac.jp/member/utsuro/home.html,NOSCHOLARPAGE,0000-0000-0000-0000
Takenobu Tokunaga,Tokyo Institute of Technology,https://www.cl.c.titech.ac.jp/en/start,NOSCHOLARPAGE,0000-0002-1399-9517
Takeo Igarashi,University of Tokyo,http://www-ui.is.s.u-tokyo.ac.jp/~takeo,2LJJtI8AAAAJ,0000-0002-5495-6441
Takeo Kanade,Carnegie Mellon University,http://www.ri.cmu.edu/people/kanade_takeo.html,LQ87h3sAAAAJ,0000-0000-0000-0000
Takeshi Kurata,University of Tsukuba,https://staff.aist.go.jp/t.kurata/indexj.html,B_UBk6wAAAAJ,0000-0000-0000-0000
Takeshi Naemura,University of Tokyo,http://www.hc.t.u-tokyo.ac.jp/~naemura,NOSCHOLARPAGE,0000-0002-6653-000X
Takeshi Yamada,University of Tsukuba,http://www.mmlab.cs.tsukuba.ac.jp/~takeshi/english,nHCB2CkAAAAJ,0000-0000-0000-0000
Takeyuki Tamura,Kyoto University,http://sunflower.kuicr.kyoto-u.ac.jp/~tamura/index.html.en,OfCjNzEAAAAJ,0000-0000-0000-0000
Taku Hachisu,University of Tsukuba,http://hachisu.net/en/profile,mldMyOsAAAAJ,0000-0001-8462-1282
Taku Komura,University of Hong Kong,https://ai.hku.hk/index.php/people/academic-staff/taku,TApLOhkAAAAJ,0000-0002-2729-5860
Takuji Narumi,University of Tokyo,http://www.u-tokyo.ac.jp/en/people/?id=3953484460,yXOFssEAAAAJ,0000-0002-9010-1491
Takuo Watanabe,Tokyo Institute of Technology,http://www.psg.cs.titech.ac.jp,aFt5gpMAAAAJ,0000-0000-0000-0000
Takuya Maekawa,Osaka University,https://www.ist.osaka-u.ac.jp/english/introduction/professors/multimedia-engineering/multimedia-data-engineering/takuya-maekawa.html,CxP8QCwAAAAJ,0000-0002-7227-580X
Tal August,Univ. of Illinois at Urbana-Champaign,https://talaugust.github.io,DkOW1PwAAAAJ,0000-0001-6726-4009
Tal Linzen,New York University,https://tallinzen.net,5mJDXjoAAAAJ,0000-0000-0000-0000
Tal Malkin,Columbia University,http://www.cs.columbia.edu/~tal,c0yPSEYAAAAJ,0000-0000-0000-0000
Tal Mor,Technion,http://www.cs.technion.ac.il/~talmo,q968fPcAAAAJ,0000-0000-0000-0000
Talal Halabi,Université Laval,https://sites.google.com/view/talalhalabi/?pli=1,3KJuq4IAAAAJ,0000-0000-0000-0000
Talal Rahwan,NYU Abu Dhabi,https://www.trahwan.com,eoBU6GwAAAAJ,0000-0003-0070-0667
Tali Kaufman,Bar-Ilan University,http://cs.biu.ac.il/en/node/650,NOSCHOLARPAGE,0000-0000-0000-0000
Talia Ringer,Univ. of Illinois at Urbana-Champaign,https://dependenttyp.es,JCJzlXsAAAAJ,0000-0003-1854-3321
Tam N. Vu,Dartmouth College,http://mnslab.org/tamvu,ptStzsoAAAAJ,0000-0000-0000-0000
Tam Vu 0001,Dartmouth College,http://mnslab.org/tamvu,ptStzsoAAAAJ,0000-0000-0000-0000
Tamal Das,IIT Dharwad,https://sites.google.com/view/dtamal,WD5ZlJwAAAAJ,0000-0000-0000-0000
Tamal K. Dey,Purdue University,https://www.cs.purdue.edu/homes/tamaldey,k7VhUnAAAAAJ,0000-0000-0000-0000
Tamal Krishna Dey,Purdue University,https://www.cs.purdue.edu/homes/tamaldey,k7VhUnAAAAAJ,0000-0000-0000-0000
Tamar Flash,Weizmann Institute of Science,https://www.weizmann.ac.il/pages/search/people?language=english&single=1&person_id=1389,-p2WHtgAAAAJ,0000-0000-0000-0000
Tamar Schlick,New York University,http://www.biomath.nyu.edu,sM1D6eUAAAAJ,0000-0002-2392-2062
Tamar Shinar,Univ. of California - Riverside,http://www.cs.ucr.edu/~shinar,KibUW1sAAAAJ,0000-0002-1383-9636
Tamara Broderick,Massachusetts Inst. of Technology,http://www.tamarabroderick.com,dPX0wQcAAAAJ,0000-0003-4704-5196
Tamara Carla Bidone,University of Utah,https://www.sci.utah.edu/people/tamarabidone.html,xdW1xscAAAAJ,0000-0000-0000-0000
Tamara Denning,University of Utah,https://www.cs.utah.edu/~tdenning,nSMS5H4AAAAJ,0000-0000-0000-0000
Tamara Lorenz,University of Cincinnati,https://www.artsci.uc.edu/departments/psychology/fac_staff.html?eid=lorenztr,NOSCHOLARPAGE,0000-0002-8567-3559
Tamara Munzner,University of British Columbia,https://www.cs.ubc.ca/~tmm,c2Att08AAAAJ,0000-0002-3294-3869
Tamara R. Sumner,University of Colorado Boulder,http://spot.colorado.edu/~sumner,NScglmAAAAAJ,0000-0000-0000-0000
Tamara Silbergleit Lehman,University of Colorado Boulder,https://experts.colorado.edu/display/fisid_165649,jCEU45cAAAAJ,0000-0000-0000-0000
Tamara Sumner,University of Colorado Boulder,http://spot.colorado.edu/~sumner,NScglmAAAAAJ,0000-0000-0000-0000
Tamas Hausel,IST Austria,https://ist.ac.at/research/research-groups/hausel-group,o2Bj63wAAAAJ,0000-0000-0000-0000
Tamer A. ElBatt,American University in Cairo,https://www.aucegypt.edu/fac/tamerel-batt,5w0QmjUAAAAJ,0000-0000-0000-0000
Tamer AbuHmed,Sungkyunkwan University,https://infolab.skku.edu,pLC4l6YAAAAJ,0000-0001-9232-4843
Tamer Abuhmed,Sungkyunkwan University,https://infolab.skku.edu,pLC4l6YAAAAJ,0000-0000-0000-0000
Tamer Elsayed,Qatar University,http://www.qu.edu.qa/engineering/computer/faculty/TamerElsayed.php,ekS-yPIAAAAJ,0000-0001-5786-4668
Tamer Kahveci,University of Florida,http://www.cise.ufl.edu/~tamer,xG9XC2MAAAAJ,0000-0000-0000-0000
Tamer Nadeem,Virginia Commonwealth University,https://egr.vcu.edu/directory/tamer.nadeem,0ltdcO4AAAAJ,0000-0003-3249-1978
Tamim Asfour,Karlsruhe Inst. of Technology,http://h2t.anthropomatik.kit.edu,65bIT4oAAAAJ,0000-0003-4879-7680
Tamir Hazan,Technion,https://ie.technion.ac.il/~tamir.hazan/tamir.html,fqi186AAAAAJ,0000-0000-0000-0000
Tamjidul Hoque,University of New Orleans,http://new.uno.edu/profile/faculty/tamjidul_hoque,8tQmDZQAAAAJ,0000-0000-0000-0000
Tamma Bheemarjuna Reddy,IIT Hyderabad,http://www.iith.ac.in/~tbr,FYHCD2kAAAAJ,0000-0000-0000-0000
Tamás Budavári,Johns Hopkins University,https://engineering.jhu.edu/ams/faculty/tamas-budavari,VoyeryMAAAAJ,0000-0000-0000-0000
Tamás Vinkó,University of Szeged,http://www.inf.u-szeged.hu/~tvinko,XZFOFSwAAAAJ,0000-0002-3724-4725
Tanaya Guha,University of Warwick,https://warwick.ac.uk/fac/sci/dcs/people/tanaya_guha,GljtiSUAAAAJ,0000-0000-0000-0000
Tandy J. Warnow,Univ. of Illinois at Urbana-Champaign,https://tandy.cs.illinois.edu,pPB_WK0AAAAJ,0000-0001-7717-3514
Tangming Yuan,University of York,https://www-users.cs.york.ac.uk/~tommy,1fzy4fsAAAAJ,0000-0000-0000-0000
Tanima Dutta,IIT (BHU) Varanasi,http://www.iitbhu.ac.in/cse/index.php/people/faculty.html,ofERjawAAAAJ,0000-0000-0000-0000
Tanir Ozcelebi,TU Eindhoven,http://www.win.tue.nl/~tozceleb,3ryI7iEAAAAJ,0000-0001-7092-5998
Tanir Özçelebi,TU Eindhoven,http://www.win.tue.nl/~tozceleb,3ryI7iEAAAAJ,0000-0000-0000-0000
Tanja Käser,EPFL,https://people.epfl.ch/tanja.kaeser/?lang=en,Uexe7SkAAAAJ,0000-0003-0672-0415
Tanja Mitrovic,University of Canterbury,http://www.cosc.canterbury.ac.nz/tanja.mitrovic,qIf7b10AAAAJ,0000-0000-0000-0000
Tanja Schultz,University of Bremen,https://www.uni-bremen.de/csl/team/mitarbeiter/prof-dr-ing-tanja-schultz,CupDmmcAAAAJ,0000-0002-9809-7028
Tankurt Acarman,Galatasaray University,https://avesis.gsu.edu.tr/tacarman,NOSCHOLARPAGE,0000-0000-0000-0000
Tanmay Bhowmik,Mississippi State University,http://web.cse.msstate.edu/~tbhowmik/index.htm,pat4_roAAAAJ,0000-0000-0000-0000
Tanmay T. Verlekar,BITS Pilani-Goa,https://www.bits-pilani.ac.in/goa/tanmayv/profile,CFkxQ6cAAAAJ,0000-0000-0000-0000
Tanmay Tulsidas Verlekar,BITS Pilani-Goa,https://www.bits-pilani.ac.in/goa/tanmayv/profile,CFkxQ6cAAAAJ,0000-0000-0000-0000
Tanmoy Chakraborty 0002,IIT Delhi,https://tanmoychak.com,C5S9JnIAAAAJ,0000-0002-0210-0369
Tanmoy Kundu 0001,IIIT Delhi,https://tanmoy1040.wixsite.com/researchprofile,uaR6OVIAAAAJ,0000-0002-3076-0145
Tanu Malik,DePaul University,http://www.cdm.depaul.edu/Faculty-and-Staff/Pages/faculty-info.aspx?fid=1328,ZvYwdsUAAAAJ,0000-0000-0000-0000
Tanushree Mitra,University of Washington,http://faculty.washington.edu/tmitra,5q_BkVAAAAAJ,0000-0002-9507-6192
Tanya Goyal,Cornell University,https://tagoyal.github.io,w72MSFoAAAAJ,0000-0000-0000-0000
Tanya Plotkin,Bar-Ilan University,http://cs.biu.ac.il/en/node/648,NOSCHOLARPAGE,0000-0000-0000-0000
Tanya Y. Berger-Wolf,Ohio State University,https://cse.osu.edu/people/berger-wolf.1,Hq28JM0AAAAJ,0000-0001-7610-1412
Tanzeem Choudhury [Tech],Cornell University,http://www.cs.cornell.edu/~tanzeem,NOSCHOLARPAGE,0000-0000-0000-0000
Tanzima Hashem,BUET,https://sites.google.com/site/tanzimahashem,0wGw0ocAAAAJ,0000-0003-1288-5785
Tanzima Z. Islam,Texas State University,https://www.tanzimaislam.com,q56uneAAAAAJ,0000-0003-2877-5871
Tanzima Zerin Islam,Texas State University,https://www.tanzimaislam.com,q56uneAAAAAJ,0000-0003-2877-5871
Tao A. Xiang,University of Surrey,http://www.eecs.qmul.ac.uk/~txiang,MeS5d4gAAAAJ,0000-0000-0000-0000
Tao Chen 0001,Loughborough University,https://www.lboro.ac.uk/departments/compsci/staff/academic-teaching/tao-chen,K4teyvoAAAAJ,0000-0001-5025-5472
Tao Dai 0001,Shenzhen University,https://csse.szu.edu.cn/en/pages/user/index?id=1204,MqJNdaAAAAAJ,0000-0003-0594-6404
Tao Du 0001,Tsinghua University,https://iiis.tsinghua.edu.cn/en/People/Faculty/DuTao.htm,HPw27CYAAAAJ,0000-0001-7337-7667
Tao Gu 0001,Macquarie University,https://taogu.site,YfeWvwYAAAAJ,0000-0002-1350-6639
Tao Guan,HUST,http://faculty.hust.edu.cn/guantao1/en/index.htm,gVNLbIQAAAAJ,0000-0000-0000-0000
Tao Gui,Fudan University,https://guitaowufeng.github.io,BrOLQdwAAAAJ,0000-0000-0000-0000
Tao Guo 0004,Shenzhen University,https://cocogt96.github.io,MiN1cegAAAAJ,0000-0002-4571-079X
Tao Hou 0001,University of North Texas,https://tao-hou.com,cKkxsIsAAAAJ,0000-0000-0000-0000
Tao Huang 0005,BUPT,https://sklnst.bupt.edu.cn/content/content.php?p=4_44_125,RWqQ6sMAAAAJ,0000-0001-6760-3197
Tao Huang 0020,Shanghai Jiao Tong University,https://taohuang.info,jkcRdBgAAAAJ,0000-0000-0000-0000
Tao Jiang 0001,Univ. of California - Riverside,http://www.cs.ucr.edu/~jiang,XUhsCZwAAAAJ,0000-0003-3833-4498
Tao Jin 0001,Tsinghua University,http://www.thss.tsinghua.edu.cn/publish/soften/3131/2016/20160223084251549706366/20160223084251549706366_.html,oX_I1ogAAAAJ,0000-0000-0000-0000
Tao Ju 0001,Washington University in St. Louis,https://www.cs.wustl.edu/~taoju,80AO9mkAAAAJ,0000-0002-1848-1012
Tao Li 0022,Nankai University,https://cc.nankai.edu.cn/2021/0323/c13619a548882/page.htm,FWamm4sAAAAJ,0000-0000-0000-0000
Tao Lin 0004,Westlake University,https://www.westlake.edu.cn/about/faculty/CONTACT_Members/202206/t20220620_20992.shtml,QE9pa_cAAAAJ,0000-0002-3246-6935
Tao Liu 0001,Renmin University of China,http://info.ruc.edu.cn/academic_professor.php?teacher_id=46,CU5OeFIAAAAJ,0000-0000-0000-0000
Tao Ni 0003,KAUST,https://www.kaust.edu.sa/en/study/faculty/tao-ni,keLkPuMAAAAJ,0000-0003-0671-3020
Tao Shu,Auburn University,https://www.eng.auburn.edu/directory/tzs0058,WZyghX0AAAAJ,0000-0002-0173-2559
Tao Wang 0004,Peking University,http://ceca.pku.edu.cn/wangtao,g_EWCQkAAAAJ,0000-0003-4310-4056
Tao Wang 0012,Simon Fraser University,https://www.sfu.ca/computing/people/faculty/tao-wang.html,6r3AEG8AAAAJ,0000-0000-0000-0000
Tao Wang 0026,University of North Texas,https://tao-wang.com,L29tef0AAAAJ,0000-0000-0000-0000
Tao Xiang 0002,University of Surrey,http://www.eecs.qmul.ac.uk/~txiang,MeS5d4gAAAAJ,0000-0000-0000-0000
Tao Xie 0001,Peking University,https://taoxiease.github.io,DhhH9J4AAAAJ,0000-0002-6731-216X
Tao Yang 0009,Univ. of California - Santa Barbara,http://www.cs.ucsb.edu/~tyang,NOSCHOLARPAGE,0000-0003-1902-3387
Tao Yu 0009,University of Hong Kong,https://taoyds.github.io,5_Fn5CIAAAAJ,0000-0001-9939-2216
Tao Yue 0002,Beihang University,https://scse.buaa.edu.cn/info/1078/10993.htm,zTDRGDcAAAAJ,0000-0003-3262-5577
Tao Zhang,New York Tech,https://site.nyit.edu/bio/tzhang,9cMiSg4AAAAJ,0000-0000-0000-0000
Tao Zhang 0001,MUST,https://cszhangtao.github.io,eMfANKoAAAAJ,0000-0002-6272-4069
Tao Zhou 0001,UESTC,http://www.bigdata-research.org/people/faculty/4.html,MXgWgmEAAAAJ,0000-0003-0561-2316
Taolue Chen 0001,Birkbeck University of London,https://www.dcs.bbk.ac.uk/about/people/academic-staff/taolue-chen,Qv_-WU4AAAAJ,0000-0002-5993-1665
Tapan K. Saha,University of Queensland,http://researchers.uq.edu.au/researcher/83,v6njRnAAAAAJ,0000-0000-0000-0000
Tapan Kumar Saha,University of Queensland,http://researchers.uq.edu.au/researcher/83,v6njRnAAAAAJ,0000-0000-0000-0000
Tapas Pandit,Plaksha University,https://plaksha.edu.in/faculty-details/dr-tapas-pandit,Bbfs_B8AAAAJ,0000-0000-0000-0000
Tapio Elomaa,Tampere University,https://www.tuni.fi/en/tapio-elomaa,v_krQFEAAAAJ,0000-0000-0000-0000
Tapio Lokki,Aalto University,https://users.aalto.fi/~ktlokki,vz4vC1cAAAAJ,0000-0001-7700-1448
Tapomayukh Bhattacharjee,Cornell University,http://www.tapomayukh.com,X1zsXTgAAAAJ,0000-0000-0000-0000
Tapti Palit,Univ. of California - Davis,https://cs.ucdavis.edu/people/tapti-palit,lJqQKlQAAAAJ,0009-0006-4602-7171
Tara Capel,University of Edinburgh,http://www.inf.ed.ac.uk/people/staff/Tara_Capel.html,qxDHolMAAAAJ,0000-0003-3260-0644
Tara Javidi,Univ. of California - San Diego,https://tjavidi.eng.ucsd.edu,G5Sg9DEAAAAJ,0000-0001-7112-1043
Tara Salman,Texas Tech University,https://www.depts.ttu.edu/cs/faculty/tara_salman/index.php,esbaYMQAAAAJ,0000-0000-0000-0000
Tarek ElFouly,Qatar University,http://www.qu.edu.qa/engineering/computer/faculty/tarek.php,fItzV6EAAAAJ,0000-0000-0000-0000
Tarek Elfouly,Qatar University,http://www.qu.edu.qa/engineering/computer/faculty/tarek.php,fItzV6EAAAAJ,0000-0000-0000-0000
Tarek F. Abdelzaher,Univ. of Illinois at Urbana-Champaign,http://web.engr.illinois.edu/~zaher,cA28Zs0AAAAJ,0000-0003-3883-7220
Tarek M. El-Fouly,Qatar University,http://www.qu.edu.qa/engineering/computer/faculty/tarek.php,fItzV6EAAAAJ,0000-0000-0000-0000
Tarek M. Elfouly,Qatar University,http://www.qu.edu.qa/engineering/computer/faculty/tarek.php,fItzV6EAAAAJ,0000-0000-0000-0000
Tarek Mohamed El-Fouly,Qatar University,http://www.qu.edu.qa/engineering/computer/faculty/tarek.php,fItzV6EAAAAJ,0000-0000-0000-0000
Tarek Ould Bachir,Polytechnique Montreal,https://www.polymtl.ca/expertises/ould-bachir-tarek,C7XqsUkAAAAJ,0000-0000-0000-0000
Tarek S. Abdelrahman,University of Toronto,http://www.eecg.toronto.edu/~tsa,Tp5qZjsAAAAJ,0000-0000-0000-0000
Taridzo Fred Chomutare,UiT The Arctic Univ. of Norway,https://uit.no/ansatte/taridzo.chomutare,hvvIje5YhtYC,0000-0000-0000-0000
Tariq Andersen,University of Copenhagen,http://www.di.ku.dk/english/staff/?pure=en/persons/353044,FMtPAZ0AAAAJ,0000-0000-0000-0000
Tariq Ehsan Elahi,University of Edinburgh,http://www.inf.ed.ac.uk/people/staff/Tariq_Elahi.html,Q53Pqs0AAAAJ,0000-0000-0000-0000
Tariq Elahi,University of Edinburgh,http://www.inf.ed.ac.uk/people/staff/Tariq_Elahi.html,Q53Pqs0AAAAJ,0000-0001-7559-8383
Tariq Iqbal,University of Virginia,https://www.tiqbal.com,t_ndTI4AAAAJ,0000-0000-0000-0000
Tariq O. Andersen,University of Copenhagen,http://www.di.ku.dk/english/staff/?pure=en/persons/353044,FMtPAZ0AAAAJ,0000-0002-9342-5520
Tariq Osman Andersen,University of Copenhagen,http://www.di.ku.dk/english/staff/?pure=en/persons/353044,FMtPAZ0AAAAJ,0000-0000-0000-0000
Tarlochan S. Sidhu,Ontario Tech University,https://engineering.ontariotechu.ca/people/ecse/index.php,PZ1YMWUAAAAJ,0000-0000-0000-0000
Taro Maeda,Osaka University,https://www.ist.osaka-u.ac.jp/english/introduction/professors/bioinformatic-engineering/human-information-engineering/taro-maeda.html,NOSCHOLARPAGE,0000-0000-0000-0000
Taro Sekiyama,National Inst. of Informatics,https://www.nii.ac.jp/en/faculty/architecture/sekiyama_taro,zkiGvKQAAAAJ,0000-0001-9286-230X
Taro Watanabe,NAIST,https://sites.google.com/site/tarowtnb,zsEEy7kAAAAJ,0000-0000-0000-0000
Tarun Mangla,IIT Delhi,https://tarunmangla.github.io,IP0EwogAAAAJ,0000-0001-9016-9931
Taskin Padir,Northeastern University,https://coe.northeastern.edu/people/padir-taskin,7QCFyaYAAAAJ,0000-0000-0000-0000
Taslima Akter,University of Texas at San Antonio,https://sciences.utsa.edu/faculty/profiles/akter-taslima.html,bpTbgjoAAAAJ,0000-0000-0000-0000
Tasmina Islam,King's College London,https://www.kcl.ac.uk/people/tasmina-islam,NOSCHOLARPAGE,0000-0000-0000-0000
Tasos Kyrillidis,Rice University,http://akyrillidis.github.io,TEGzkZMAAAAJ,0000-0000-0000-0000
Tat Wing Chim,University of Hong Kong,https://i.cs.hku.hk/~twchim,NOSCHOLARPAGE,0000-0000-0000-0000
Tat Yung Kong,CUNY,http://www.gc.cuny.edu/Page-Elements/Academics-Research-Centers-Initiatives/Doctoral-Programs/Computer-Science/Faculty-Bios/T-Yung-Kong,Hbb5UBgAAAAJ,0000-0000-0000-0000
Tat-Jen Cham,Nanyang Technological University,https://www3.ntu.edu.sg/home/astjcham,Lx3X7W0AAAAJ,0000-0001-5264-2572
Tat-Jun Chin,Adelaide University,http://cs.adelaide.edu.au/~tjchin,WyqGF10AAAAJ,0000-0003-2423-9342
Tat-Seng Chua,National University of Singapore,http://www.comp.nus.edu.sg/~chuats,Z9DWCBEAAAAJ,0000-0001-6097-7807
Tatiana Landesberger von Antburg,University of Cologne,https://visva.cs.uni-koeln.de,63UiPj0AAAAJ,0000-0000-0000-0000
Tatjana Chavdarova,Politecnico di Milano,https://chavdarova.github.io,76HdZDQAAAAJ,0000-0002-6795-4576
Tatjana Petrov,University of Konstanz,http://www.tatjanapetrov.info,wTjUgd8AAAAJ,0000-0000-0000-0000
Tatsuki Kuribayashi,MBZUAI,https://mbzuai.ac.ae/study/faculty/tatsuki-kuribayashi,-bqmkaAAAAAJ,0000-0001-7762-5576
Tatsunori B. Hashimoto,Stanford University,https://thashim.github.io,5ygiTwsAAAAJ,0000-0000-0000-0000
Tatsunori Benjamin Hashimoto,Stanford University,https://thashim.github.io,5ygiTwsAAAAJ,0000-0000-0000-0000
Tatsunori Hashimoto,Stanford University,https://thashim.github.io,5ygiTwsAAAAJ,0000-0000-0000-0000
Tatsuo Nakajima,Waseda University,https://waseda.pure.elsevier.com/en/persons/tatsuo-nakajima,hVxdgeYAAAAJ,0000-0002-5116-2128
Tatsuya Akutsu,Kyoto University,http://www.bic.kyoto-u.ac.jp/takutsu/members/takutsu,IwippccAAAAJ,0000-0001-9763-797X
Tatsuya Harada,University of Tokyo,http://www.mi.t.u-tokyo.ac.jp/harada,k8rlJ8AAAAAJ,0000-0002-3712-3691
Tatsuya Kawahara,Kyoto University,http://sap.ist.i.kyoto-u.ac.jp/members/kawahara,o3AmlFYAAAAJ,0000-0002-2686-2296
Tauhidur Rahman,Univ. of California - San Diego,https://www.tauhidurrahman.com,mc9BzYwAAAAJ,0000-0003-1981-6395
Tawanna Dillahunt,University of Michigan,http://www.tawannadillahunt.com,qPpuKe4AAAAJ,0000-0000-0000-0000
Tawanna R. Dillahunt,University of Michigan,http://www.tawannadillahunt.com,qPpuKe4AAAAJ,0000-0002-1155-8507
Taylan Cemgil,Boğaziçi University,https://www.cmpe.boun.edu.tr/~cemgil,X3ZFZ7AAAAAJ,0000-0000-0000-0000
Taylor Berg-Kirkpatrick,Univ. of California - San Diego,http://cseweb.ucsd.edu/~tberg,mN6_BKAAAAAJ,0000-0002-1283-4075
Taylor Johnson,Vanderbilt University,http://www.TaylorTJohnson.com,MdTkXNYAAAAJ,0000-0000-0000-0000
Taylor T. Johnson,Vanderbilt University,http://www.TaylorTJohnson.com,MdTkXNYAAAAJ,0000-0001-8021-9923
Te Taka Keegan,University of Waikato,http://www.cms.waikato.ac.nz/people/tetaka,qo3DLSkAAAAJ,0000-0000-0000-0000
Te-Yen Wu,Florida State University,http://teyenwu.com,TMrlaiUAAAAJ,0000-0003-3977-9093
Teck Khim Ng,National University of Singapore,https://www.comp.nus.edu.sg/~ngtk,NOSCHOLARPAGE,0000-0000-0000-0000
Ted Brekken,Oregon State University,http://eecs.oregonstate.edu/people/brekken-ted,NOSCHOLARPAGE,0000-0000-0000-0000
Ted Briscoe,MBZUAI,https://mbzuai.ac.ae/study/faculty/ted-briscoe,qNP6lAwAAAAJ,0000-0000-0000-0000
Ted Herman,University of Iowa,http://homepage.cs.uiowa.edu/~herman,89vejUwAAAAJ,0000-0000-0000-0000
Ted Huffmire,Naval Postgraduate School,http://faculty.nps.edu/tdhuffmi,HiqW7EoAAAAJ,0000-0000-0000-0000
Ted Taekyoung Kwon,Seoul National University,http://mmlab.snu.ac.kr/~tk,ruxWSFsAAAAJ,0000-0002-7795-0077
Teemu Roos,University of Helsinki,https://www.cs.helsinki.fi/u/ttonteri,js9H6osAAAAJ,0000-0001-9470-3759
Tegan Brennan,Stevens Institute of Technology,https://web.stevens.edu/facultyprofile/?id=2427,8eatomMAAAAJ,0000-0000-0000-0000
Teh Ying Wah,University of Malaya,https://umexpert.um.edu.my/tehyw,2igo-mwAAAAJ,0000-0000-0000-0000
Tei-Wei Kuo,National Taiwan University,https://www.csie.ntu.edu.tw/~ktw,gBuHlIQAAAAJ,0000-0003-1974-0394
Tej Chajed,University of Wisconsin - Madison,https://www.chajed.io,el9e4FUAAAAJ,0000-0002-9889-4828
Tejas Gokhale,Univ. of Maryland - Baltimore County,https://www.tejasgokhale.com,_ILTlEwAAAAJ,0000-0002-5593-2804
Tejasvi Anand,Oregon State University,http://eecs.oregonstate.edu/people/anand-tejasvi,CKVSMxcAAAAJ,0000-0000-0000-0000
Telikepalli Kavitha,Tata Inst. of Fundamental Research,http://www.tcs.tifr.res.in/~kavitha,NOSCHOLARPAGE,0000-0000-0000-0000
Temiloluwa O. Prioleau,Dartmouth College,https://www.t-prioleau.com,D0YdmxwAAAAJ,0000-0000-0000-0000
Temiloluwa Prioleau,Dartmouth College,https://www.t-prioleau.com,D0YdmxwAAAAJ,0000-0001-6750-202X
Tempestt J. Neal,University of South Florida,http://www.cse.usf.edu/~tjneal,GopCh2QAAAAJ,0000-0000-0000-0000
Temuulen Sankey,Northern Arizona University,https://nau.edu/cefns/natsci/seses/faculty/teki-sankey,3zszVGYAAAAJ,0000-0000-0000-0000
Ten-Hwang Lai,Ohio State University,http://web.cse.ohio-state.edu/~lai,NOSCHOLARPAGE,0000-0000-0000-0000
Teng Han,Chinese Academy of Sciences,http://teng-han.com,kHKwQ9gAAAAJ,0000-0001-8857-8787
Tengfei Ma 0001,Stony Brook University,https://sites.google.com/site/matf0123,9OvNakkAAAAJ,0000-0002-1086-529X
Tengjiao Wang 0003,Peking University,http://eecs.pku.edu.cn/EN/People/Faculty/Detail/?ID=6003,NOSCHOLARPAGE,0000-0000-0000-0000
Tengyang Xie,University of Wisconsin - Madison,https://tengyangxie.github.io,rlmROVsAAAAJ,0000-0000-0000-0000
Tengyu Ma 0001,Stanford University,http://ai.stanford.edu/~tengyuma,i38QlUwAAAAJ,0000-0000-0000-0000
Teodora Baluta,Georgia Institute of Technology,https://teobaluta.github.io,HXcs2NIAAAAJ,0000-0003-3655-9810
Teofilo F. Gonzalez,Univ. of California - Santa Barbara,http://www.cs.ucsb.edu/~teo,bCTAqq4AAAAJ,0000-0000-0000-0000
Teofilo de Campos,Universidade de Brasília,http://cic.unb.br/~teodecampos,dMZCMp0AAAAJ,0000-0001-6172-0229
Tera L. Reynolds,Univ. of Maryland - Baltimore County,http://www.terareynolds.com,Zw7cp4UAAAAJ,0000-0001-7536-5504
Terence Sim,National University of Singapore,https://www.comp.nus.edu.sg/~tsim,AdEsZwsAAAAJ,0000-0002-0198-094X
Terence Soule,University of Idaho,http://www.uidaho.edu/engr/departments/cs/our-people/faculty/terry-soule,6W8ZAs4AAAAJ,0000-0000-0000-0000
Teresa A. Dahlberg,Syracuse University,https://chancellor.syr.edu/university-leadership-2/chancellors-council/teresa-dahlberg,NOSCHOLARPAGE,0000-0000-0000-0000
Teresa Bernarda Ludermir,UFPE,http://www.cin.ufpe.br/~tbl,w-tKJOwAAAAJ,0000-0000-0000-0000
Teresa Chambel,Universidade de Lisboa,https://ciencias.ulisboa.pt/perfil/mtchambel,Gvmh4NQAAAAJ,0000-0000-0000-0000
Teresa Hirzle,University of Copenhagen,https://di.ku.dk/english/staff/vip/researchers_hcc/?pure=en/persons/745346,TRtAj1wAAAAJ,0000-0002-7909-7639
Teresa K. Attwood,University of Manchester,https://www.research.manchester.ac.uk/portal/teresa.k.attwood.html,KxmNAYIAAAAJ,0000-0003-2409-4235
Teresa Maria Sa Ferreira Vazão Vasques,Universidade de Lisboa,https://fenix.tecnico.ulisboa.pt/homepage/ist12922,NOSCHOLARPAGE,0000-0000-0000-0000
Teresa Maria Vazão,Universidade de Lisboa,https://fenix.tecnico.ulisboa.pt/homepage/ist12922,NOSCHOLARPAGE,0000-0000-0000-0000
Teresa Mendes de Almeida,Universidade de Lisboa,https://sotis.tecnico.ulisboa.pt/researcher/ist13143,TWs2MCUAAAAJ,0000-0000-0000-0000
Teresa Romão,Universidade NOVA de Lisboa,http://www-ctp.di.fct.unl.pt/~tir,lMXOPKQAAAAJ,0000-0002-3678-5626
Teresita Limoanco,De La Salle University,https://www.dlsu.edu.ph/colleges/ccs/faculty-profile/single/?id=32742696123&command=GETPROFILE,HzJ_T8QAAAAJ,0000-0000-0000-0000
Tereza Klimosová,Ecole Normale Superieure de Lyon,http://iuuk.mff.cuni.cz/~tereza,NOSCHOLARPAGE,0000-0000-0000-0000
Terng-Yin Hsu,National Chiao Tung University,https://www.cs.nctu.edu.tw/members/detail/tyhsu,NOSCHOLARPAGE,0000-0000-0000-0000
Terra Blevins,Northeastern University,https://blvns.github.io,CLr80zMAAAAJ,0009-0001-9473-1888
Terrance E. Boult,UCCS,http://www.cs.uccs.edu/~tboult,fF1B7mAAAAAJ,0000-0001-5007-2529
Terrence J. Sejnowski,Univ. of California - San Diego,http://biology.ucsd.edu/research/faculty/tsejnowski,m1qAiOUAAAAJ,0000-0000-0000-0000
Terrence S. T. Mak,University of Southampton,https://www.ecs.soton.ac.uk/people/tsm3g15,TdSU6G8AAAAJ,0000-0000-0000-0000
Terrence W. K. Mak,Monash University,https://research.monash.edu/en/persons/terrence-mak,1BXyE1EAAAAJ,0000-0002-8804-7852
Terri K. Attwood,University of Manchester,https://www.research.manchester.ac.uk/portal/teresa.k.attwood.html,KxmNAYIAAAAJ,0000-0003-2409-4235
Terry Fancott,Concordia University,https://www.concordia.ca/faculty/terry-fancott.html,NOSCHOLARPAGE,0000-0000-0000-0000
Terry Harvey,University of Delaware,https://www.eecis.udel.edu/~harvey,NOSCHOLARPAGE,0000-0000-0000-0000
Terry R. Payne,University of Liverpool,https://www.liverpool.ac.uk/computer-science/staff/terry-payne,MrkZ_v0AAAAJ,0000-0002-0106-8731
Terry Ryan,Claremont Graduate University,https://www.cgu.edu/people/terry-ryan,_pC9kysAAAAJ,0000-0000-0000-0000
Terry Soule,University of Idaho,http://www.uidaho.edu/engr/departments/cs/our-people/faculty/terry-soule,6W8ZAs4AAAAJ,0000-0000-0000-0000
Teruhito Kanazawa,National Inst. of Informatics,https://www.nii.ac.jp/en/faculty/digital_content/kanazawa_teruhito,NOSCHOLARPAGE,0000-0000-0000-0000
Teruki Honma,Tokyo Institute of Technology,http://www.clst.riken.jp/en/science/labs/ssb/biof/sbmd,NOSCHOLARPAGE,0000-0000-0000-0000
Tesca Fitzgerald,Yale University,https://cpsc.yale.edu/people/tesca-fitzgerald,UTmj6K4AAAAJ,0000-0003-0867-0546
Teseo Schneider,University of Victoria,http://web.uvic.ca/~teseo,DC4stPEAAAAJ,0000-0002-5969-636X
Tessa Berg,Heriot-Watt University,https://www.hw.ac.uk/staff/uk/macs/tessa-berg.htm,IYZRM98AAAAJ,0000-0000-0000-0000
Tessa Verhoef,Leiden University,https://sites.google.com/view/tessa-verhoef/home,PyQX978AAAAJ,0000-0002-1219-3730
Tet Hin Yeap,University of Ottawa,https://engineering.uottawa.ca/eecs/people/yeap-tet,NOSCHOLARPAGE,0000-0000-0000-0000
Tetsunari Inamura,National Inst. of Informatics,http://www.iir.nii.ac.jp/lab/index-e,PjIlL0kAAAAJ,0000-0000-0000-0000
Tetsuo Shibuya,University of Tokyo,https://www.hgc.jp/~tshibuya,NOSCHOLARPAGE,0000-0003-1514-5766
Tetsuya Sakai,Waseda University,http://sakailab.com/tetsuya,vi56gz4AAAAJ,0000-0002-6720-963X
Tetsuya Sakurai,University of Tsukuba,http://www.cs.tsukuba.ac.jp/~sakurai/index.html,9gqMviwAAAAJ,0000-0003-2046-8973
Tevfik Bultan,Univ. of California - Santa Barbara,http://www.cs.ucsb.edu/~bultan,eq4egiwAAAAJ,0000-0003-2993-1215
Tevfik Kosar,University at Buffalo,https://cse.buffalo.edu/~tkosar,fUBhhRAAAAAJ,0000-0002-5600-6706
Tevfik Metin Sezgin,Koç University,http://portal.ku.edu.tr/~mtsezgin,54PfvHMAAAAJ,0000-0000-0000-0000
Teófilo E. de Campos,Universidade de Brasília,http://cic.unb.br/~teodecampos,dMZCMp0AAAAJ,0000-0000-0000-0000
Teófilo Emídio de Campos,Universidade de Brasília,http://cic.unb.br/~teodecampos,dMZCMp0AAAAJ,0000-0001-6172-0229
Thad E. Starner,Georgia Institute of Technology,http://www.cc.gatech.edu/home/thad,qr8Vo9IAAAAJ,0000-0000-0000-0000
Thad Starner,Georgia Institute of Technology,http://www.cc.gatech.edu/home/thad,qr8Vo9IAAAAJ,0000-0001-8442-7842
Thai Le,Indiana University,https://lethaiq.github.io,Fd8K7kAAAAAJ,0000-0001-9632-6870
Thai Son Hoang,University of Southampton,https://www.ecs.soton.ac.uk/people/tsh2n14,mDYOIacAAAAJ,0000-0000-0000-0000
Thai Son Mai,Queen's University Belfast,https://pure.qub.ac.uk/en/persons/thai-son-mai,NOSCHOLARPAGE,0000-0000-0000-0000
Thair M. Hamtini,University of Jordan,http://online-journals.org/index.php/i-jet/search/authors/view?firstName=Thair&middleName=M.&lastName=Hamtini&affiliation=The%20University%20of%20Jordan&country=JO,_lnxDq8AAAAJ,0000-0000-0000-0000
Thaleia Dimitra Doudali,IMDEA Software Institute,https://thaleia-dimitradoudali.github.io,JVJSy4wAAAAJ,0000-0002-3197-839X
Thamar Solorio,MBZUAI,https://mbzuai.ac.ae/study/faculty/thamar-solorio,Gmjwy-IAAAAJ,0000-0002-3541-9405
Thambipillai Srikanthan,Nanyang Technological University,https://dr.ntu.edu.sg/cris/rp/rp00841,NOSCHOLARPAGE,0000-0000-0000-0000
Thanapong Suwanasri,KMUTNB,https://tggs.kmutnb.ac.th/assoc-prof-dr-ing-thanapong-suwanasri,QoeZIvIAAAAJ,0000-0000-0000-0000
Thanassis Tiropanis,University of Southampton,https://www.ecs.soton.ac.uk/people/at1o07,T0MK3pUAAAAJ,0000-0002-6195-2852
Thang Duc Bui,Australian National University,https://comp.anu.edu.au/people/thang-bui,SVq3y1sAAAAJ,0000-0000-0000-0000
Thang Hoang,Virginia Tech,https://website.cs.vt.edu/people/faculty/thang-hoang.html,VCjqqogAAAAJ,0000-0003-2229-3863
Thang N. Dinh,Virginia Commonwealth University,http://www.people.vcu.edu/~tndinh,M5W9tuUAAAAJ,0000-0003-4847-8356
Thangavel Murugan,UAEU,https://www.uaeu.ac.ae/en/cit/profile.shtml?email=murugan_t@uaeu.ac.ae,5ZqOT0UAAAAJ,0000-0000-0000-0000
Thanh Hong Nguyen,University of Oregon,https://ix.cs.uoregon.edu/~thanhhng,6fpZnQIAAAAJ,0000-0002-8466-1724
Thanh Tam Nguyen,Griffith University,https://experts.griffith.edu.au/33388-thanh-tam-nguyen,NeJMcjYAAAAJ,0000-0002-2586-7757
Thanh Thieu,Oklahoma State University,https://computerscience.okstate.edu/faculty-bios/thanh-thieu,NOSCHOLARPAGE,0000-0002-4926-9292
Thanh Trung Huynh,VinUniversity,https://thanhtrunghuynh93.github.io,s536Zc0AAAAJ,0000-0000-0000-0000
Thanh-Toan Do,Monash University,https://research.monash.edu/en/persons/toan-do,nihSW_QAAAAJ,0000-0002-6249-0848
ThanhVu H. Nguyen,George Mason University,https://roars.dev,TLcVQ-MAAAAJ,0000-0000-0000-0000
ThanhVu Nguyen,George Mason University,https://roars.dev,TLcVQ-MAAAAJ,0000-0002-4255-4592
Thanuja D. Ambegoda,University of Moratuwa,https://thanuja.ambegoda.staff.uom.lk,DJYcqxMAAAAJ,0000-0000-0000-0000
Tharindu Ranasinghe,Lancaster University,https://www.lancaster.ac.uk/scc/about-us/people/tharindu-ranasinghe,9t7WhIIAAAAJ,0000-0003-3207-3821
Thatchaphol Saranurak,University of Michigan,https://sites.google.com/site/thsaranurak,y2A2tQgAAAAJ,0000-0001-8386-7168
Theerawit Wilaiprasitporn,VISTEC,https://www.researchgate.net/profile/Theerawit_Wilaiprasitporn,U-L-iGIAAAAJ,0000-0000-0000-0000
Thein Than Tun,Open University UK,http://stem.open.ac.uk/people/ttt23-0,Sg6iTHsAAAAJ,0000-0000-0000-0000
Themis Panayiotopoulos,University of Piraeus,https://www.unipi.gr/unipi/en/themisp.html,NOSCHOLARPAGE,0000-0000-0000-0000
Thenkurussi Kesavadas,University at Albany - SUNY,https://www.albany.edu/research-economic-development/faculty/thenkurussi-kesh-kesavadas,gOOXpw0AAAAJ,0000-0000-0000-0000
Theo Damoulas,University of Warwick,https://warwick.ac.uk/fac/sci/dcs/people/theo_damoulas,sRg-VkwAAAAJ,0000-0000-0000-0000
Theo Gevers,University of Amsterdam,https://staff.fnwi.uva.nl/th.gevers,yqsvxQgAAAAJ,0000-0002-1190-5492
Theo P. van der Weide,Radboud University,http://www.cs.ru.nl/~tvdw/index.php,Gji06GEAAAAJ,0000-0000-0000-0000
Theo Tryfonas,University of Bristol,http://www.bris.ac.uk/engineering/people/theo-tryfonas/index.html,NOSCHOLARPAGE,0000-0000-0000-0000
Theo Ungerer,University of Augsburg,https://www.uni-augsburg.de/de/fakultaet/fai/informatik/prof/embsys/team/prof-dr-theo-ungerer,NOSCHOLARPAGE,0000-0000-0000-0000
Theodora A. Varvarigou,NTUA,https://www.ece.ntua.gr/en/staff/60,kueSeb4AAAAJ,0000-0000-0000-0000
Theodora Chaspari,University of Colorado Boulder,https://www.colorado.edu/cs/theodora-chaspari,po1Qa-MAAAAJ,0000-0002-7603-8633
Theodora Koulouri,Brunel University London,https://www.brunel.ac.uk/people/theodora-koulouri2,lOELX4UAAAAJ,0000-0000-0000-0000
Theodore Brown,CUNY,https://www.gc.cuny.edu/Page-Elements/Academics-Research-Centers-Initiatives/Doctoral-Programs/Computer-Science/Faculty-Bios/Theodore-Brown,76febtwAAAAJ,0000-0000-0000-0000
Theodore K. Apostolopoulos,AUEB,http://ieeexplore.ieee.org/document/4114886,WTg8mXoAAAAJ,0000-0000-0000-0000
Theodore Kalamboukis,AUEB,https://uregister-ldap.aueb.gr/en/faculty/kalamboukis-theodore,NOSCHOLARPAGE,0000-0000-0000-0000
Theodore Kim,Yale University,https://cpsc.yale.edu/people/theodore-kim,lZnLhCcAAAAJ,0000-0002-1131-8685
Theodore P. Pavlic,Arizona State University,https://search.asu.edu/profile/1995237,UAmGg-cAAAAJ,0000-0002-7073-6932
Theodore Raphan,CUNY,http://www.sci.brooklyn.cuny.edu/~raphan,oUle-6cAAAAJ,0000-0000-0000-0000
Theodore S. Norvell,Memorial Univ. of Newfoundland,https://www.mun.ca/engineering/about/people/theodoresnorvell.php,OueQTQ4AAAAJ,0000-0000-0000-0000
Theodore S. Rappaport,New York University,http://wireless.engineering.nyu.edu/tedrappaport,aLOSzWwAAAAJ,0000-0001-7449-9957
Theodore Ted S. Rappaport,New York University,http://wireless.engineering.nyu.edu/tedrappaport,aLOSzWwAAAAJ,0000-0000-0000-0000
Theodore Tryfonas,University of Bristol,http://www.bris.ac.uk/engineering/people/theo-tryfonas/index.html,NOSCHOLARPAGE,0000-0000-0000-0000
Theodoros Damoulas,University of Warwick,https://warwick.ac.uk/fac/sci/dcs/people/theo_damoulas,sRg-VkwAAAAJ,0000-0000-0000-0000
Theodoros Papatheodorou,Goldsmiths University of London,https://www.gold.ac.uk/computing/people/papatheodorou-theodoros,NOSCHOLARPAGE,0000-0000-0000-0000
Theoharis Theoharis,University of Athens,http://www.di.uoa.gr/eng/staff/1000,DajYvPUAAAAJ,0000-0000-0000-0000
Theophilus A. Benson,Carnegie Mellon University,https://www.andrew.cmu.edu/user/theophib,55B-xqUAAAAJ,0000-0002-5855-8811
Theophilus Benson,Carnegie Mellon University,https://www.andrew.cmu.edu/user/theophib,55B-xqUAAAAJ,0000-0002-5855-8811
Theresa Rienmüller,Graz University of Technology,https://www.tugraz.at/institute/hce/institut/team,GPPaSdoAAAAJ,0000-0000-0000-0000
Theresa Steinbach,DePaul University,http://www.cdm.depaul.edu/about/Pages/People/facultyinfo.aspx?fid=156,NOSCHOLARPAGE,0000-0000-0000-0000
Therese Biedl,University of Waterloo,https://cs.uwaterloo.ca/~biedl,gjNeD8cAAAAJ,0000-0000-0000-0000
Therese Graversen,IT University of Copenhagen,https://pure.itu.dk/portal/da/persons/therese-graversen(1578b20c-b5d0-466f-b114-2582529ddc53).html,Q5A51XMAAAAJ,0000-0000-0000-0000
Thiab R. Taha,University of Georgia,http://cobweb.cs.uga.edu/~thiab,K1c26H0AAAAJ,0000-0000-0000-0000
Thiago A. S. Pardo,USP-ICMC,http://conteudo.icmc.usp.br/pessoas/taspardo,J4kg7ZYAAAAJ,0000-0000-0000-0000
Thiago Alexandre Salgueiro Pardo,USP-ICMC,http://conteudo.icmc.usp.br/pessoas/taspardo,J4kg7ZYAAAAJ,0000-0000-0000-0000
Thiago D. Simão,TU Eindhoven,https://tdsimao.github.io,uEq4AMUAAAAJ,0000-0002-3568-9464
Thiago F. Noronha,UFMG,http://homepages.dcc.ufmg.br/~tfn,9HUwdVkAAAAJ,0000-0000-0000-0000
Thiago Ferreira Noronha,UFMG,http://homepages.dcc.ufmg.br/~tfn,9HUwdVkAAAAJ,0000-0000-0000-0000
Thibault Langlois,Universidade de Lisboa,https://ciencias.ulisboa.pt/perfil/tnlanglois,1MHDJwkAAAAJ,0000-0002-0931-3316
Thibaut Vidal,PUC-RIO,http://www-di.inf.puc-rio.br/~vidalt/en/teaching-thibaut-vidal.html,qbO0xwUAAAAJ,0000-0000-0000-0000
Thiemo Voigt,Uppsala University,https://katalog.uu.se/empinfo/?id=N2-279,xSXvpjEAAAAJ,0000-0002-2586-8573
Thien Huu Nguyen,University of Oregon,http://ix.cs.uoregon.edu/~thien,Da2FhegAAAAJ,0000-0003-3768-4736
Thierry Coquand,Chalmers/GU,https://www.chalmers.se/en/staff/Pages/thierry-coquand.aspx,NOSCHOLARPAGE,0000-0000-0000-0000
Thierry Eude,Université Laval,http://www2.ift.ulaval.ca/~eude,PiQPl64AAAAJ,0000-0000-0000-0000
Thierry Fournel,Université Jean Monnet,https://laboratoirehubertcurien.univ-st-etienne.fr/en/teams/image-science-computer-vision/seminars/by-lab-researchers/seminar-by-thierry-fournel.html,NOSCHOLARPAGE,0000-0000-0000-0000
Thierry Gautier,Ecole Normale Superieure de Lyon,http://www.ens-lyon.fr/lecole/nous-connaitre/annuaire/thierry-gautier,ecU8PLEAAAAJ,0009-0001-8020-872X
Thierry Lépine,Université Jean Monnet,https://www.facebook.com/Universite.Jean.Monnet.Saint.Etienne/photos/a.270548162964178.88971.224373240915004/1063394287012891,NOSCHOLARPAGE,0000-0000-0000-0000
Thierry Massart,Université libre de Bruxelles,http://www.ulb.ac.be/di/verif/tmassart,ErCr960AAAAJ,0000-0000-0000-0000
Thierry Peynot,Queensland Univ. of Technology,https://research.qut.edu.au/qcr/people/thierry-peynot,S47ydIgAAAAJ,0000-0000-0000-0000
Thijs van Ede,University of Twente,https://research.utwente.nl/en/persons/349c2ece-aa67-4897-8f72-ff608db33c85,tb8_7jEAAAAJ,0000-0000-0000-0000
Thilo Womelsdorf,Vanderbilt University,https://accl.psy.vanderbilt.edu/people/team,iIofoscAAAAJ,0000-0000-0000-0000
Thinh Nguyen,Oregon State University,http://eecs.oregonstate.edu/people/nguyen-thinh,9flSED8AAAAJ,0000-0000-0000-0000
Thirimachos Bourlai,West Virginia University,https://www.statler.wvu.edu/faculty-staff/faculty/thirimachos-bourlai,vBn6I3sAAAAJ,0000-0000-0000-0000
Thivya Kandappu,Singapore Management University,https://scis.smu.edu.sg/faculty/profile/541/thivya-kandappu,M3gdduIAAAAJ,0000-0002-4279-2830
Thom W. Frühwirth,University of Ulm,http://www.informatik.uni-ulm.de/pm/fileadmin/pm/home/fruehwirth,5vyOl7IAAAAJ,0000-0000-0000-0000
Thomas A. DeFanti,University of Illinois at Chicago,https://www.cs.uic.edu/~tom,NOSCHOLARPAGE,0000-0000-0000-0000
Thomas A. Goldstein,Univ. of Maryland - College Park,https://www.cs.umd.edu/~tomg,KmSuVtgAAAAJ,0000-0000-0000-0000
Thomas A. Henzinger,IST Austria,http://pub.ist.ac.at/~tah,jpgplxUAAAAJ,0000-0002-2985-7724
Thomas A. Horan,Claremont Graduate University,https://www.redlands.edu/study/schools-and-centers/business/staff/thomas-horan,2aFmaaAAAAAJ,0000-0000-0000-0000
Thomas A. Lasko,Vanderbilt University,https://www.vumc.org/dbmi/person/thomas-lasko-md-phd,Ibzfs-kAAAAJ,0000-0000-0000-0000
Thomas A. Runkler,TU Munich,https://www7.in.tum.de/~runkler,9ulZrB8AAAAJ,0000-0002-5465-198X
Thomas Abeel,TU Delft,http://www.abeel.be,eCS5_oAAAAAJ,0000-0002-7205-7431
Thomas Andreas Meyer,University of Cape Town,https://people.cs.uct.ac.za/~tmeyer,Ua2MNSoAAAAJ,0000-0003-2204-6969
Thomas B. Schön,Uppsala University,http://user.it.uu.se/~thosc112/index.html,NOSCHOLARPAGE,0000-0001-5183-234X
Thomas Bauschert,TU Chemnitz,https://www.tu-chemnitz.de/etit/kn/kn.php,NOSCHOLARPAGE,0000-0000-0000-0000
Thomas Beckers 0001,Vanderbilt University,https://engineering.vanderbilt.edu/bio/?pid=thomas-beckers,WBA4xBcAAAAJ,0000-0000-0000-0000
Thomas Begin,Ecole Normale Superieure de Lyon,http://perso.ens-lyon.fr/thomas.begin,YJS1hw0AAAAJ,0000-0000-0000-0000
Thomas Berlage,RWTH Aachen University,https://dbis.rwth-aachen.de/dbis/index.php/user/berlage,NOSCHOLARPAGE,0000-0000-0000-0000
Thomas Bewley,Univ. of California - San Diego,http://fccr.ucsd.edu/Bewley.html,NOSCHOLARPAGE,0000-0000-0000-0000
Thomas Bläsius,Karlsruhe Inst. of Technology,https://scale.iti.kit.edu/people/thomasblaesius,aP1JR-IAAAAJ,0000-0003-2450-744X
Thomas Bolander,DTU,https://www.compute.dtu.dk/english,NOSCHOLARPAGE,0000-0003-1551-1703
Thomas Bourgeat,EPFL,https://vca.epfl.ch,TfqlAzIAAAAJ,0000-0002-8468-8409
Thomas Brox,University of Freiburg,https://lmb.informatik.uni-freiburg.de/people/brox/index.en.html,0VAe-TQAAAAJ,0000-0000-0000-0000
Thomas Buchmann,University of Bayreuth,http://www.ai1.uni-bayreuth.de/en/team/Buchmann_Thomas/index.php,LU0mmcUAAAAJ,0000-0000-0000-0000
Thomas Burkhardt,University of Koblenz-Landau,https://www.uni-koblenz-landau.de/de/koblenz/fb4/ifm/agburkhardt/team/thomas-burkhardt/thomas-burkhardt,NOSCHOLARPAGE,0000-0000-0000-0000
Thomas Bäck,Leiden University,https://www.universiteitleiden.nl/en/staffmembers/thomas-back#tab-2,x7LEID0AAAAJ,0000-0001-6768-1478
Thomas C. Eskridge,Florida Institute of Technology,http://fit.academia.edu/ThomasCEskridge,ViQDZUkAAAAJ,0000-0000-0000-0000
Thomas C. Henderson,University of Utah,https://users.cs.utah.edu/~tch,NOSCHOLARPAGE,0000-0000-0000-0000
Thomas C. Nicholas Graham,Queen’s University,http://www.cs.queensu.ca/~graham,urD_r2EAAAAJ,0000-0000-0000-0000
Thomas C. Shermer,Simon Fraser University,http://www.cs.sfu.ca/~shermer,NOSCHOLARPAGE,0000-0000-0000-0000
Thomas Chatain,Ecole Normale Superieure de Cachan,http://www.lsv.ens-cachan.fr/~chatain,NOSCHOLARPAGE,0000-0000-0000-0000
Thomas Courtade,Univ. of California - Berkeley,https://people.eecs.berkeley.edu/~courtade,xRmmtzIAAAAJ,0000-0000-0000-0000
Thomas D. Kühne,TU Dresden,https://tu-dresden.de/ing/informatik/die-fakultaet/institute-und-professuren-1,raXD8AIAAAAJ,0000-0000-0000-0000
Thomas D. LaToza,George Mason University,https://cs.gmu.edu/~tlatoza,200KNLAAAAAJ,0000-0002-9564-3337
Thomas D. Nielsen,Aalborg University,http://people.cs.aau.dk/~tdn,6fWF0CgAAAAJ,0000-0000-0000-0000
Thomas Dandekar,University of Würzburg,https://www.biozentrum.uni-wuerzburg.de/bioinfo/research/groups/funct-genomics-systems-biology/people/thomas-dandekar,bQR_Kc8AAAAJ,0000-0003-1886-7625
Thomas Dreier,Karlsruhe Inst. of Technology,http://www.zar.kit.edu/591.php?ID=3,NOSCHOLARPAGE,0000-0000-0000-0000
Thomas Durieux,TU Delft,https://durieux.me,CoUKVbUAAAAJ,0000-0002-1996-6134
Thomas Dyhre Nielsen,Aalborg University,http://people.cs.aau.dk/~tdn,6fWF0CgAAAAJ,0000-0002-4823-6341
Thomas E. Anderson,University of Washington,http://www.cs.washington.edu/people/faculty/tom,MYqlcPgAAAAJ,0009-0004-2951-0343
Thomas Eisenbarth 0001,University of Lübeck,https://www.its.uni-luebeck.de/mitarbeiterinnen/thomas-eisenbarth.html,N8DdWJwAAAAJ,0000-0003-1116-6973
Thomas Eiter,TU Wien,http://www.kr.tuwien.ac.at/staff/eiter,X1L03cIAAAAJ,0000-0000-0000-0000
Thomas Emrys Williams,Colorado School of Mines,http://inside.mines.edu/~twilliams,NOSCHOLARPAGE,0000-0000-0000-0000
Thomas Engel 0001,University of Luxembourg,http://wwwen.uni.lu/snt/people/thomas_engel,KeoQQEcAAAAJ,0000-0002-7374-3927
Thomas Ertl,University of Stuttgart,http://www.vis.uni-stuttgart.de/~ertl,qFQ9jHkAAAAJ,0000-0003-4019-2505
Thomas F. Fairgrieve,University of Toronto,http://www.cs.toronto.edu/~tff,NOSCHOLARPAGE,0000-0000-0000-0000
Thomas F. J.-M. Pasquier,University of British Columbia,https://tfjmp.org,TplQGj4AAAAJ,0000-0001-6876-1306
Thomas F. La Porta,Pennsylvania State University,http://www.cse.psu.edu/~tfl12,t-FPWNgAAAAJ,0000-0000-0000-0000
Thomas F. Melham,University of Oxford,http://www.cs.ox.ac.uk/tom.melham/home.html,AdBqkbIAAAAJ,0000-0000-0000-0000
Thomas F. Stahovich,Univ. of California - Riverside,https://smarttools.engr.ucr.edu,uRJtCOwAAAAJ,0000-0000-0000-0000
Thomas F. Wenisch,University of Michigan,https://web.eecs.umich.edu/~twenisch,MJ5G4xgAAAAJ,0000-0000-0000-0000
Thomas Fahringer,University of Innsbruck,http://dps.uibk.ac.at/~tf,ZXg8fYAAAAAJ,0000-0003-4293-1228
Thomas Franke,University of Lübeck,https://www.imis.uni-luebeck.de/de/institut/team/thomas-franke,zQZf-msAAAAJ,0000-0000-0000-0000
Thomas Friedetzky,Durham University,https://www.dur.ac.uk/computer.science/staff/profile/?id=1163,NOSCHOLARPAGE,0000-0000-0000-0000
Thomas Fritz 0001,University of Zurich,http://www.ifi.uzh.ch/seal/people/fritz.html,wofy5LkAAAAJ,0000-0002-1834-6240
Thomas G. Fevens,Concordia University,http://www.cs.concordia.ca/~fevens,NOSCHOLARPAGE,0000-0000-0000-0000
Thomas G. Moher,University of Illinois at Chicago,https://www.evl.uic.edu/moher/Tom_Moher/Home.html,NOSCHOLARPAGE,0000-0000-0000-0000
Thomas Gilray,Washington State University,https://thomas.gilray.org,0rjE8o4AAAAJ,0000-0002-0393-8542
Thomas Girke,Univ. of California - Riverside,http://girke.bioinformatics.ucr.edu,QjoDLv4AAAAJ,0000-0003-0710-3777
Thomas Goldstein,Univ. of Maryland - College Park,https://www.cs.umd.edu/~tomg,KmSuVtgAAAAJ,0000-0000-0000-0000
Thomas Grechenig,TU Wien,https://www.big.tuwien.ac.at/people/tgrechenig,NOSCHOLARPAGE,0000-0000-0000-0000
Thomas Gärtner 0001,TU Wien,https://informatics.tuwien.ac.at/people/thomas-gaertner,sOI8QyoAAAAJ,0000-0001-5985-9213
Thomas Hain,University of Sheffield,https://www.sheffield.ac.uk/dcs/people/academic/thomas-hain,x03kgyEAAAAJ,0000-0003-0939-3464
Thomas Haines,Australian National University,https://comp.anu.edu.au/people/thomas-haines,bbt2PloAAAAJ,0000-0000-0000-0000
Thomas Hamelryck,University of Copenhagen,https://di.ku.dk/english/staff/vip/researchers_pltc/?pure=en/persons/271052,YoTlzjkAAAAJ,0000-0003-2917-3602
Thomas Hartvigsen,University of Virginia,https://www.tomhartvigsen.com,rIjeeRsAAAAJ,0000-0000-0000-0000
Thomas Heinis,Imperial College London,http://wp.doc.ic.ac.uk/theinis,yJ998VYAAAAJ,0000-0002-7470-2123
Thomas Hofmann 0001,ETH Zurich,http://www.da.inf.ethz.ch/people/ThomasHofmann,T3hAyLkAAAAJ,0009-0007-1270-7053
Thomas Hou,Virginia Tech,https://ece.vt.edu/people/profile/hou.html,qvAW3VQAAAAJ,0000-0000-0000-0000
Thomas Huckle,TU Munich,http://www5.in.tum.de/wiki/index.php/Univ.-Prof._Dr._Thomas_Huckle,dFz7v40AAAAJ,0000-0000-0000-0000
Thomas Hupperich,University of Münster,https://www.wi.uni-muenster.de/de/institut/it-security/personen/thomas-hupperich,p5c2P1MAAAAJ,0000-0002-4981-9522
Thomas Hurtut,Polytechnique Montreal,http://www.professeurs.polymtl.ca/thomas.hurtut,uMNNCawAAAAJ,0000-0000-0000-0000
Thomas Höllt,TU Delft,http://graphics.tudelft.nl/thomas-hollt,7lsHJfkAAAAJ,0000-0001-8125-1650
Thomas J. Naughton,Maynooth University,https://www.maynoothuniversity.ie/faculty-science-engineering/our-people/thomas-naughton,A3S71cAAAAAJ,0000-0000-0000-0000
Thomas J. Palmeri,Vanderbilt University,https://www.vanderbilt.edu/psychological_sciences/bio/thomas-palmeri,HWF8o_kAAAAJ,0000-0000-0000-0000
Thomas Jaki,University of Regensburg,https://www.uni-regensburg.de/informatik-data-science/computational-statistics/startseite/index.html,hg4yUCoAAAAJ,0000-0000-0000-0000
Thomas James Z. Tiam-Lee,De La Salle University,https://www.dlsu.edu.ph/colleges/ccs/faculty-profile/single/?id=32665788831&command=GETPROFILE,_LmluKUAAAAJ,0000-0000-0000-0000
Thomas Jansen 0001,Aberystwyth University,https://www.aber.ac.uk/en/cs/staff-profiles/listing/profile/thj10,eXdrAtQAAAAJ,0000-0000-0000-0000
Thomas K. Huckle,TU Munich,http://www5.in.tum.de/wiki/index.php/Univ.-Prof._Dr._Thomas_Huckle,dFz7v40AAAAJ,0000-0000-0000-0000
Thomas Kesselheim,University of Bonn,http://tcs.cs.uni-bonn.de/doku.php?id=staff:thomaskesselheim,etneny8C6icJ,0000-0002-9420-9424
Thomas Keßelheim,University of Bonn,http://tcs.cs.uni-bonn.de/doku.php?id=staff:thomaskesselheim,etneny8C6icJ,0000-0000-0000-0000
Thomas Kirste,University of Rostock,http://cpr.uni-rostock.de/resolve/id/cpr_person_00001930,pyu5sAsAAAAJ,0000-0000-0000-0000
Thomas Kosch,Humboldt University of Berlin,https://www.informatik.hu-berlin.de/de/forschung/gebiete/hci/team/tkosch,7Qltw6YAAAAJ,0000-0001-6300-9035
Thomas Kühne 0001,Victoria University of Wellington,http://ecs.victoria.ac.nz/Main/ThomasKuehne,2oKrVJ4AAAAJ,0000-0002-7674-2209
Thomas L. Griffiths 0001,Princeton University,https://cocosci.princeton.edu/tom/index.php,UAwKvEsAAAAJ,0000-0002-5138-7255
Thomas L. Martin,Virginia Tech,https://www.ece.vt.edu/people/profile/martin.html,EeCXZgsAAAAJ,0000-0000-0000-0000
Thomas L. Sterling,Indiana University,https://www.soic.indiana.edu/all-people/profile.html?profile_id=303,t4BXt2EAAAAJ,0000-0000-0000-0000
Thomas La Porta,Pennsylvania State University,http://www.cse.psu.edu/~tfl12,t-FPWNgAAAAJ,0000-0003-1295-4461
Thomas Lawrence Sterling,Indiana University,https://www.soic.indiana.edu/all-people/profile.html?profile_id=303,t4BXt2EAAAAJ,0000-0000-0000-0000
Thomas LeBlanc,University of Miami,http://welcome.miami.edu/about-um/university-leadership/officers/thomas-leblanc/index.html,w9AzbYwAAAAJ,0000-0000-0000-0000
Thomas Lengauer [INF],Max Planck Society,https://bioinf.mpi-inf.mpg.de/homepage/index.php?account=lengauer,NOSCHOLARPAGE,0000-0000-0000-0000
Thomas Liebig,TU Dortmund,https://www-ai.cs.tu-dortmund.de/PERSONAL/liebig.html,s3ZpEYIAAAAJ,0000-0000-0000-0000
Thomas Lippert,Goethe University Frankfurt,https://www.fz-juelich.de/SharedDocs/Personen/IAS/JSC/EN/staff/lippert_th.html,t3n_G-8AAAAJ,0000-0000-0000-0000
Thomas Ludwig 0002,University of Hamburg,https://wr.informatik.uni-hamburg.de/people/thomas_ludwig,1hYJMgsAAAAJ,0000-0000-0000-0000
Thomas Lukasiewicz,TU Wien,https://informatics.tuwien.ac.at/people/thomas-lukasiewicz,arjucpEAAAAJ,0000-0000-0000-0000
Thomas M. Conte,Georgia Institute of Technology,https://www.ece.gatech.edu/faculty-staff-directory/thomas-m-conte,FzBDS4gAAAAJ,0000-0001-7037-2377
Thomas M. Deserno,TU Braunschweig,https://plri.de/mitarbeiter/thomas-deserno,NOSCHOLARPAGE,0000-0000-0000-0000
Thomas M. Howard,University of Rochester,http://www.ece.rochester.edu/people/faculty/howard_tom,IvuuU14AAAAJ,0000-0000-0000-0000
Thomas M. Watson,University of Memphis,https://www.memphis.edu/accolades/college-awards/ecra.php,NOSCHOLARPAGE,0000-0000-0000-0000
Thomas Magedanz,TU Berlin,https://www.av.tu-berlin.de/menue/team/prof_dr_thomas_magedanz,1O7zChEAAAAJ,0000-0000-0000-0000
Thomas Martin Deserno,TU Braunschweig,https://plri.de/mitarbeiter/thomas-deserno,NOSCHOLARPAGE,0000-0000-0000-0000
Thomas Martin Lehmann,TU Braunschweig,https://plri.de/mitarbeiter/thomas-deserno,NOSCHOLARPAGE,0000-0000-0000-0000
Thomas Martinetz,University of Lübeck,https://www.inb.uni-luebeck.de/mitarbeiter/mitarbeiter/professoren/107.html,0-tDtUIAAAAJ,0000-0000-0000-0000
Thomas Meyer 0002,University of Cape Town,https://people.cs.uct.ac.za/~tmeyer,Ua2MNSoAAAAJ,0000-0003-2204-6969
Thomas Neele,TU Eindhoven,https://tneele.com,sDEqN78AAAAJ,0000-0001-6117-9129
Thomas Neumann 0001,TU Munich,https://db.in.tum.de/~neumann,xSDfDpsAAAAJ,0000-0001-5787-142X
Thomas Noll,RWTH Aachen University,https://moves.rwth-aachen.de/people/noll,KOrTdxMAAAAJ,0000-0000-0000-0000
Thomas Nolte,Mälardalen University,http://www.es.mdh.se/staff/48-Thomas_Nolte,vKIlvHIAAAAJ,0000-0000-0000-0000
Thomas Nowotny,University of Sussex,http://www.sussex.ac.uk/informatics/people/peoplelists/person/206151,W3T-i5AAAAAJ,0000-0000-0000-0000
Thomas Olsson 0002,Tampere University,https://www.tuni.fi/en/thomas-olsson,_4wz2YAAAAAJ,0000-0002-1106-2544
Thomas Otani,Naval Postgraduate School,http://faculty.nps.edu/vitae/cgi-bin/vita.cgi?p=display_vita&id=1023567704,NOSCHOLARPAGE,0000-0000-0000-0000
Thomas P. Hayes,University at Buffalo,https://cse.buffalo.edu/~thayes2,RsicLQsAAAAJ,0009-0003-2718-572X
Thomas P. Jensen,University of Copenhagen,https://di.ku.dk/english/staff/vip/researchers_pltc/?pure=en/persons/120287,AAe9c3sAAAAJ,0000-0000-0000-0000
Thomas Peters,University of Connecticut,http://www.engr.uconn.edu/~tpeters,krcH9ZQAAAAJ,0000-0000-0000-0000
Thomas Peyrin,Nanyang Technological University,https://thomaspeyrin.github.io/web,JUXrVDIAAAAJ,0000-0002-2690-9197
Thomas Pietrzak,CRIStAL,http://www.thomaspietrzak.com,cxgDLYkAAAAJ,0000-0002-2013-7253
Thomas Ploetz,Georgia Institute of Technology,https://www.cc.gatech.edu/people/thomas-ploetz,kM95eWgAAAAJ,0000-0002-1243-7563
Thomas Plötz,Georgia Institute of Technology,https://www.cc.gatech.edu/people/thomas-ploetz,kM95eWgAAAAJ,0000-0002-1243-7563
Thomas Pock,Graz University of Technology,https://www.tugraz.at/institute/icg/research/team-pock/people/pock,FwNaHxQAAAAJ,0000-0001-6120-1058
Thomas R. Bewley,Univ. of California - San Diego,http://fccr.ucsd.edu/Bewley.html,NOSCHOLARPAGE,0000-0000-0000-0000
Thomas R. Fischer,Washington State University,http://www.eecs.wsu.edu/~fischer,S76z6YoAAAAJ,0000-0000-0000-0000
Thomas R. Gross,ETH Zurich,http://www.lst.inf.ethz.ch/people/personal-pages/trg.html,NOSCHOLARPAGE,0000-0000-0000-0000
Thomas R. Ioerger,Texas A&M University,http://faculty.cs.tamu.edu/ioerger,OfcXtoIAAAAJ,0000-0000-0000-0000
Thomas Ranner,University of Leeds,https://eps.leeds.ac.uk/computing/staff/643/dr-thomas-ranner,dS8Hj_AAAAAJ,0000-0000-0000-0000
Thomas Rauber,University of Bayreuth,http://www.ai2.uni-bayreuth.de/de/team/Rauber_Thomas,NOSCHOLARPAGE,0000-0000-0000-0000
Thomas Ristenpart [Tech],University of Toronto,https://www.cs.toronto.edu/~ristenpart/,MGVrVSIAAAAJ,0000-0000-0000-0000
Thomas Rose 0001,RWTH Aachen University,https://dbis.rwth-aachen.de/dbis/index.php/user/rose,dR-qbA4AAAAJ,0000-0000-0000-0000
Thomas Rothvoss,University of Washington,https://www.math.washington.edu/~rothvoss,Ad-hkLEAAAAJ,0009-0007-8314-0963
Thomas Rothvoß,University of Washington,https://www.math.washington.edu/~rothvoss,Ad-hkLEAAAAJ,0000-0000-0000-0000
Thomas S. E. Maibaum,McMaster University,http://www.cas.mcmaster.ca/~maibaum,NOSCHOLARPAGE,0000-0000-0000-0000
Thomas Sauerwald,University of Cambridge,https://www.cl.cam.ac.uk/~tms41,lidwLWIAAAAJ,0000-0002-0882-283X
Thomas Schmid 0002,University of Utah,https://faculty.utah.edu/u0729347-Thomas_Schmid/biography/index.hml,puOEoqoAAAAJ,0000-0000-0000-0000
Thomas Schneider 0002,University of Bremen,http://www.informatik.uni-bremen.de/~schneidt,A_iFXiQAAAAJ,0000-0000-0000-0000
Thomas Schneider 0003,TU Darmstadt,https://www.thomaschneider.de,E31PR1oAAAAJ,0000-0001-8090-1316
Thomas Schultz 0001,University of Bonn,https://cg.cs.uni-bonn.de/de/mitarbeiter/prof-dr-thomas-schultz,XDbkpmUAAAAJ,0000-0000-0000-0000
Thomas Schwarz,Univ. of California - Santa Cruz,http://www.ssrc.ucsc.edu/person/tschwarz.html,BF_pzdoAAAAJ,0000-0000-0000-0000
Thomas Schwentick,TU Dortmund,https://ls1-www.cs.tu-dortmund.de/de/kontakt-thomas-schwentick,fC1PD_8AAAAJ,0000-0000-0000-0000
Thomas Seidl 0001,LMU Munich,http://www.dbs.ifi.lmu.de/cms/personen/professoren/seidl/index.html,0fOi9KkAAAAJ,0000-0002-4861-1412
Thomas Serre,Brown University,https://serre-lab.clps.brown.edu/person/thomas-serre,kZlPW4wAAAAJ,0000-0000-0000-0000
Thomas Sewell,UNSW,https://www.unsw.edu.au/staff/thomas-sewell,Vn0Acv0AAAAJ,0000-0002-4891-0797
Thomas Sfikopoulos,University of Athens,http://www.di.uoa.gr/eng/staff/1158,NOSCHOLARPAGE,0000-0000-0000-0000
Thomas Shrimpton,University of Florida,https://cise.ufl.edu/~teshrim,2Nz2U0kAAAAJ,0000-0001-8131-5634
Thomas Sikora,TU Berlin,https://www.nue.tu-berlin.de/menue/mitarbeiterinnen/prof_dr_ing_thomas_sikora,2kr3tg0AAAAJ,0000-0000-0000-0000
Thomas Sjöland,KTH Royal Inst. of Technology,https://www.kth.se/profile/sjoland,P_QG1MEAAAAJ,0000-0000-0000-0000
Thomas Slawig,University of Kiel,https://www.algopt.informatik.uni-kiel.de/de/team/prof.-dr.-thomas-slawig,NOSCHOLARPAGE,0000-0000-0000-0000
Thomas Stephen Edward Maibaum,McMaster University,http://www.cas.mcmaster.ca/~maibaum,NOSCHOLARPAGE,0000-0000-0000-0000
Thomas Strohmer,Univ. of California - Davis,https://cs.ucdavis.edu/directory/thomas-strohmer,NOSCHOLARPAGE,0000-0000-0000-0000
Thomas Sturm 0001 [INF],Max Planck Society,https://science.thomas-sturm.de,zc1k_1wAAAAJ,0000-0000-0000-0000
Thomas Stützle,Université libre de Bruxelles,https://iridia.ulb.ac.be/~stuetzle,OrODXkAAAAAJ,0000-0000-0000-0000
Thomas T. Hildebrandt,University of Copenhagen,http://www.diku.dk/Ansatte/?pure=da/persons/350259,g3QnDU0AAAAJ,0000-0002-7435-5563
Thomas Thorne,University of Surrey,https://www.surrey.ac.uk/people/tom-thorne,o0MPrIwAAAAJ,0000-0002-7396-5116
Thomas Tran,University of Ottawa,http://www.site.uottawa.ca/~ttran,PlpKfYgAAAAJ,0000-0000-0000-0000
Thomas Trappenberg,Dalhousie University,https://www.dal.ca/faculty/computerscience/faculty-staff/thomas-trappenberg.html,EwkaTYEAAAAJ,0000-0000-0000-0000
Thomas Troels Hildebrandt,University of Copenhagen,http://www.diku.dk/Ansatte/?pure=da/persons/350259,g3QnDU0AAAAJ,0000-0000-0000-0000
Thomas Vantroys,CRIStAL,https://www.cristal.univ-lille.fr/profil/vantroys,cBzELssAAAAJ,0000-0000-0000-0000
Thomas Vidick,EPFL,https://www.epfl.ch/labs/qcc,IGDs4HwAAAAJ,0000-0002-6405-365X
Thomas W. Kelsey,University of St Andrews,https://tom.host.cs.st-andrews.ac.uk,8Pg1AnYAAAAJ,0000-0000-0000-0000
Thomas W. Price,North Carolina State University,https://people.engr.ncsu.edu/twprice/website,v6zJ_8cAAAAJ,0000-0001-9375-2292
Thomas W. Reps,University of Wisconsin - Madison,http://pages.cs.wisc.edu/~reps,pwhyTq0AAAAJ,0000-0002-5676-9949
Thomas W. Sederberg,Brigham Young University,https://cs.byu.edu/faculty/tom,mveYvw8AAAAJ,0000-0000-0000-0000
Thomas Walter 0002,University of Tübingen,https://uni-tuebingen.de/en/faculties/faculty-of-science/departments/computer-science/lehrstuehle/informationsdienste/team/thomas-walter,NOSCHOLARPAGE,0000-0000-0000-0000
Thomas Watson 0001,University of Memphis,https://www.memphis.edu/cs/people/faculty_pages/thomas-watson.php,8H9erioAAAAJ,0000-0000-0000-0000
Thomas Wiegand 0001,TU Berlin,https://www.ic.tu-berlin.de/menue/leitung,VnF9QNgAAAAJ,0000-0000-0000-0000
Thomas Wies,New York University,http://cs.nyu.edu/wies,IzLlyzsAAAAJ,0000-0003-4051-5968
Thomas Wilke,University of Kiel,https://www.theorie.informatik.uni-kiel.de/de/team/thomas-wilke,hu_TR4wAAAAJ,0000-0000-0000-0000
Thomas William Price,North Carolina State University,https://people.engr.ncsu.edu/twprice/website,v6zJ_8cAAAAJ,0000-0000-0000-0000
Thomas Young,University of Canterbury,https://www.cosc.canterbury.ac.nz/thomas.young,NOSCHOLARPAGE,0000-0000-0000-0000
Thomas Zacharias 0001,University of Glasgow,https://www.gla.ac.uk/schools/computing/staff/thomaszacharias,h72OZv8AAAAJ,0000-0002-5022-8543
Thomas Zeume,Ruhr-University Bochum,https://informatik.rub.de/zeume,NOSCHOLARPAGE,0000-0002-5186-7507
Thomas Zimmermann 0001,Univ. of California - Irvine,https://thomas-zimmermann.com,5zvbpooAAAAJ,0000-0003-4905-1469
Thomas Zinner,TU Berlin,https://www.inet.tu-berlin.de/menue/people/prof/zinner0/parameter/de,JWHwP_cAAAAJ,0000-0000-0000-0000
Thomas van Dijk,TU Eindhoven,https://tvd.win.tue.nl/about,Br_eIBkAAAAJ,0000-0000-0000-0000
Thore Husfeldt,IT University of Copenhagen,https://thorehusfeldt.com,wLSsxpAAAAAJ,0000-0000-0000-0000
Thorsten Altenkirch,University of Nottingham,https://www.nottingham.ac.uk/computerscience/people/thorsten.altenkirch,EHksJkUAAAAJ,0000-0002-6582-5025
Thorsten Berger,Ruhr-University Bochum,https://www.chalmers.se/en/staff/Pages/bergert.aspx,2-YjsDsAAAAJ,0000-0002-3870-5167
Thorsten Eisenhofer,CISPA Helmholtz Center,https://cispa.de/de/people/c01thei,PyPLDisAAAAJ,0000-0002-4706-260X
Thorsten Grosch,TU Clausthal,https://www.ifi-gdpm.tu-clausthal.de/ueber-uns/personen/leitung/prof-dr-thorsten-grosch,oiN-Nx4AAAAJ,0000-0000-0000-0000
Thorsten Herfet,Saarland University,http://www.nt.uni-saarland.de/en/people/staff/thorsten-herfet,EE1ftG4AAAAJ,0000-0000-0000-0000
Thorsten Holz [SP],Max Planck Society,https://www.mpi-sp.org/holz,tv2HR38AAAAJ,0000-0000-0000-0000
Thorsten Joachims,Cornell University,http://www.cs.cornell.edu/people/tj,5tk1PV8AAAAJ,0000-0003-3654-3683
Thorsten M. Buzug,University of Lübeck,https://www.imt.uni-luebeck.de/institute/staff/thorsten-m-buzug.html,BmU3oeYAAAAJ,0000-0000-0000-0000
Thorsten Staake,University of Bamberg,https://www.uni-bamberg.de/eesys/team/prof-dr-thorsten-staake,js-mvgoAAAAJ,0000-0000-0000-0000
Thorsten Strufe,Karlsruhe Inst. of Technology,https://ps.tm.kit.edu/members_101.php,-2ilOF4AAAAJ,0000-0002-8723-9692
Thorsten Thormählen,University of Marburg,https://www.uni-marburg.de/fb12/arbeitsgruppen/grafikmultimedia/team/thormae,NOSCHOLARPAGE,0000-0000-0000-0000
Thoudam Doren Singh,National Inst. of Tech. Silchar,http://cs.nits.ac.in/doren,2HwvOqkAAAAJ,0000-0000-0000-0000
Thrasyvoulos Spyropoulos,EURECOM,http://www.eurecom.fr/~spyropou,WVLr6NYAAAAJ,0000-0000-0000-0000
Thu D. Nguyen,Rutgers University,https://www.cs.rutgers.edu/~tdnguyen,sm9xJEkAAAAJ,0000-0003-2843-1796
Thu Duc Nguyen,Rutgers University,https://www.cs.rutgers.edu/~tdnguyen,sm9xJEkAAAAJ,0000-0000-0000-0000
Théo Mary,Ecole Normale Superieure de Lyon,http://www.ens-lyon.fr/annuaire/m-theo-mary--300431.kjsp?RH=ENS-LYON,pHWyVsAAAAAJ,0000-0001-9949-4634
Tiago C. Ferreto,PUC-RS,http://www.inf.pucrs.br/~ferreto,1_-2-2UAAAAJ,0000-0000-0000-0000
Tiago Coelho Ferreto,PUC-RS,http://www.inf.pucrs.br/~ferreto,1_-2-2UAAAAJ,0000-0000-0000-0000
Tiago Ferreto,PUC-RS,http://www.inf.pucrs.br/~ferreto,1_-2-2UAAAAJ,0000-0000-0000-0000
Tiago João Guerreiro,Universidade de Lisboa,http://www.di.fc.ul.pt/~tjvg,mo6UPuIAAAAJ,0000-0000-0000-0000
Tiago João Vieira Guerreiro,Universidade de Lisboa,http://www.di.fc.ul.pt/~tjvg,mo6UPuIAAAAJ,0000-0000-0000-0000
Tiago Prince Sales,University of Twente,https://research.utwente.nl/en/persons/491cd8e2-0f93-4330-be4d-75eb0c3cab04,bfaMR2YAAAAJ,0000-0000-0000-0000
Tian Guo 0001,Worcester Polytechnic Institute,https://web.cs.wpi.edu/~tian,vDzUD84AAAAJ,0000-0003-0060-2266
Tian Han 0001,Stevens Institute of Technology,https://hthth0801.github.io,Qtvu5t4AAAAJ,0000-0000-0000-0000
Tian He 0001,University of Minnesota,http://www-users.cs.umn.edu/~tianhe,hc1m_BQAAAAJ,0000-0002-8113-1170
Tian Li 0005,University of Chicago,https://cs.uchicago.edu/people/tian-li,8JWoJrAAAAAJ,0000-0000-0000-0000
Tian Liu 0001,Peking University,http://eecs.pku.edu.cn/EN/People/Faculty/Detail/?ID=6074,vkptH_oAAAAJ,0000-0000-0000-0000
Tian Tan 0001,Nanjing University,https://silverbullettt.bitbucket.io,WHymFGEAAAAJ,0009-0009-3792-1237
Tian Xie 0001,Utah State University,https://www.usu.edu/cs/directory/faculty/xie-tian,EjC2EkgAAAAJ,0000-0003-1309-6091
Tian Zhang 0001,Nanjing University,https://cs.nju.edu.cn/zhangtian,1oipMX4AAAAJ,0000-0003-0104-2731
Tian Zhao 0002,Univ. of Wisconsin - Milwaukee,http://jiangxi.cs.uwm.edu,NOSCHOLARPAGE,0000-0000-0000-0000
Tian-Long Chen 0001,University of North Carolina,https://tianlong-chen.github.io,LE3ctn0AAAAJ,0000-0000-0000-0000
Tianbao Yang,Texas A&M University,http://people.tamu.edu/~tianbao-yang,BCxFU0EAAAAJ,0000-0002-7858-5438
Tianbo Wang 0001,Beihang University,https://cst.buaa.edu.cn/info/1112/2749.htm,Mba_uU0AAAAJ,0000-0000-0000-0000
Tianfan Fu,Nanjing University,https://futianfan.github.io,KPQ49w4AAAAJ,0000-0002-5574-2541
Tianfang Yao,Shanghai Jiao Tong University,http://bcmi.sjtu.edu.cn/~yaotianfang,NOSCHOLARPAGE,0000-0000-0000-0000
Tianhao Wang 0001,University of Virginia,https://tianhao.wang,TkgyXGwAAAAJ,0000-0002-9017-7947
Tianhong Dai,University of Aberdeen,https://www.abdn.ac.uk/people/tianhong.dai,9apiamkAAAAJ,0000-0001-8904-1551
Tianjia Shao,Zhejiang University,http://tianjiashao.com,NOSCHOLARPAGE,0000-0001-5485-3752
Tianlong Chen 0001,University of North Carolina,https://tianlong-chen.github.io,LE3ctn0AAAAJ,0000-0001-7774-8197
Tianmin Shu,Johns Hopkins University,https://www.tshu.io,YT_ffdwAAAAJ,0000-0000-0000-0000
Tianming Liu 0001,University of Georgia,http://cobweb.cs.uga.edu/~tliu,92RPXm0AAAAJ,0000-0000-0000-0000
Tianpei Yang,Nanjing University,https://tianpeiyang.github.io,WPRygosAAAAJ,0000-0002-5497-7146
Tianqi Chen 0001,Carnegie Mellon University,https://tqchen.com,7nlvOMQAAAAJ,0000-0002-5744-3940
Tianqing Zhu,City University of Macau,https://fds.cityu.edu.mo/en/members/336,GnO_d7UAAAAJ,0000-0003-3411-7947
Tianren Liu,Peking University,https://liutianren.com,K5FZmOkAAAAJ,0009-0007-8697-2327
Tianshi Chen 0001,CUHK (SZ),https://sds.cuhk.edu.cn/en/teacher/265,CO48-XMAAAAJ,0000-0000-0000-0000
Tianshi Li 0001,Northeastern University,https://tianshili.me,FzBd1YYAAAAJ,0000-0003-0877-5727
Tianshu Qu,Peking University,http://www.cis.pku.edu.cn/auditory/Staff/Dr.Qu.html,WztllNMAAAAJ,0000-0000-0000-0000
Tianshu Yu 0001,CUHK (SZ),https://mypage.cuhk.edu.cn/academics/yutianshu,MTHO7DsAAAAJ,0000-0000-0000-0000
Tianwei Zhang 0004,Nanyang Technological University,https://personal.ntu.edu.sg/tianwei.zhang,9vpiYDIAAAAJ,0000-0001-6595-6650
Tianxi Ji,Texas Tech University,http://www.myweb.ttu.edu/tiji,oWXZWPoAAAAJ,0000-0002-9083-5452
Tianxiang Gao,DePaul University,https://gaotx-cs.github.io,iNLlIbQAAAAJ,0000-0000-0000-0000
Tianxiao Zhang,CUNY,https://www.csi.cuny.edu/campus-directory/tianxiao-zhang,7Ooy4ZEAAAAJ,0000-0000-0000-0000
Tianxing He,Tsinghua University,https://iiis.tsinghua.edu.cn/en/People/Faculty/HeTianxing.htm,egmfjjwAAAAJ,0009-0008-6383-0307
Tianxing Li 0001,Michigan State University,http://cse.msu.edu/~litianx2,fsnA2skAAAAJ,0000-0003-0808-2285
Tianyi Zhang 0001,Purdue University,https://tianyi-zhang.github.io,zGo44SQAAAAJ,0000-0002-5468-9347
Tianyi Zhang 0008,Nanjing University,https://zhangty12.github.io,I-EtSTMAAAAJ,0000-0003-3407-3307
Tianyi Zhou 0001,Univ. of Maryland - College Park,https://www.umiacs.umd.edu/people/tianyizh,OKvgizMAAAAJ,0000-0001-5348-0632
Tianyin Xu,Univ. of Illinois at Urbana-Champaign,https://tianyin.github.io,h5ZyE5wAAAAJ,0000-0003-4443-8170
Tianyu Jiang 0001,University of Cincinnati,https://jiangtianyu.com,c9cpQeAAAAAJ,0009-0003-6019-2075
Tianyu Li 0001,University of Wisconsin - Madison,https://tli2.github.io,L6t806cAAAAJ,0000-0003-2531-8253
Tianyu Wang 0009,Shenzhen University,https://csse.szu.edu.cn/en/pages/user/index?id=1307,gBF7lsIAAAAJ,0000-0000-0000-0000
Tianyu Zhang 0001,University of Iowa,https://cs.uiowa.edu/people/tianyu-zhang,dvUBe30AAAAJ,0000-0003-1969-2855
Tianyue Zheng,SUSTech,https://www.sustech.edu.cn/en/faculties/zhengtianyue.html,A-YvDJgAAAAJ,0000-0002-2826-6498
Tianyun Zhang,Cleveland State University,http://cis.csuohio.edu/~t.zhang,DpeIOjEAAAAJ,0000-0002-2475-6414
Tianzheng Wang 0001,Simon Fraser University,http://www.cs.sfu.ca/~tzwang,tACpr20AAAAJ,0000-0003-0965-9592
Tianzhu Zhang 0001,USTC,http://staff.ustc.edu.cn/~tzzhang,9sCGe-gAAAAJ,0000-0003-1856-9564
Tiark Rompf,Purdue University,http://tiarkrompf.github.io,L8zhVsMAAAAJ,0000-0002-2068-3238
Tiberiu Popa,Concordia University,https://users.encs.concordia.ca/~stpopa,jqyGDykAAAAJ,0000-0003-2223-4476
Tibor Bosse,VU Amsterdam,http://www.few.vu.nl/~tbosse,i3GnP80AAAAJ,0000-0000-0000-0000
Tibor Gyimóthy,University of Szeged,https://gyimothy.sed.hu,kT_qmvMAAAAJ,0000-0002-2123-7387
Tibor Jager,University of Wuppertal,https://itsc.uni-wuppertal.de/en/staff/prof-dr-ing-tibor-jager.html,2fW3HisAAAAJ,0000-0002-3205-7699
Tichakorn Wongpiromsarn,Iowa State University,https://faculty.sites.iastate.edu/nok,oclUWQEAAAAJ,0000-0000-0000-0000
Tie-Jun Zhao,Harbin Institute of Technology,http://homepage.hit.edu.cn/zhaotiejun,NOSCHOLARPAGE,0000-0000-0000-0000
Tiefu Zhao,UNC - Charlotte,https://ece.charlotte.edu/directory/dr-tiefu-zhao-phd,lW9UEL0AAAAJ,0000-0000-0000-0000
Tiejun Huang 0001,Peking University,http://idm.pku.edu.cn/tjhuang,knvEK4AAAAAJ,0000-0002-4234-6099
Tiejun Ma,University of Edinburgh,http://www.inf.ed.ac.uk/people/staff/Tiejun_Ma.html,NOSCHOLARPAGE,0000-0000-0000-0000
Tiejun Zhao,Harbin Institute of Technology,http://homepage.hit.edu.cn/zhaotiejun,NOSCHOLARPAGE,0000-0003-4659-4935
Tieke He,Nanjing University,https://hetieke.cn,1HMCHIAAAAAJ,0000-0001-9649-1796
Tien D. Bui,Concordia University,http://www.cs.concordia.ca/~bui,1609q00AAAAJ,0000-0000-0000-0000
Tien Dai Bui,Concordia University,http://www.cs.concordia.ca/~bui,1609q00AAAAJ,0000-0000-0000-0000
Tien Mai,Singapore Management University,https://sis.smu.edu.sg/faculty/profile/167371/MAI-Anh-Tien,5TgvaiwAAAAJ,0000-0000-0000-0000
Tien N. Nguyen,University of Texas at Dallas,http://www.utdallas.edu/~tien.n.nguyen,l4QhOVoAAAAJ,0009-0006-7962-6090
Tien Tuan Anh Dinh,SUTD,http://istd.sutd.edu.sg/people/faculty/dinh-tien-tuan-anh,224X-HoAAAAJ,0000-0002-8158-3636
Tien-Fu Chen,National Chiao Tung University,http://www.cs.nctu.edu.tw/~tfchen,coZE3XcAAAAJ,0000-0000-0000-0000
Tien-Tsin Wong,Monash University,https://research.monash.edu/en/persons/tien-tsin-wong,05U81tIAAAAJ,0000-0002-7792-9307
Tieniu Tan,Nanjing University,https://www.nju.edu.cn/en/info/2292/4261.htm,W-FGd_UAAAAJ,0000-0003-4054-5649
Tieyun Qian,Wuhan University,https://cs.whu.edu.cn/info/1019/2852.htm,zoDVBPAAAAAJ,0000-0003-4667-5794
Tiffany Bao,Arizona State University,https://www.tiffanybao.com,mOraMN8AAAAJ,0000-0001-6424-0001
Tiffany Barnes,North Carolina State University,https://www.csc.ncsu.edu/people/tmbarnes,2hemeGMAAAAJ,0000-0002-6500-9976
Tiffany D. Do,Drexel University,https://drexel.edu/cci/about/directory/D/Do-Tiffany-D,91XQQMkAAAAJ,0000-0003-3323-4586
Tiffany Li,Stevens Institute of Technology,https://www.stevens.edu/profile/wli69,OihjiqkAAAAJ,0000-0000-0000-0000
Tiffany M. Barnes,North Carolina State University,https://www.csc.ncsu.edu/people/tmbarnes,2hemeGMAAAAJ,0000-0000-0000-0000
Tiffany Tseng,Columbia University,https://tifftseng.com,n2VLT40AAAAJ,0000-0000-0000-0000
Tijana Milenkovic,University of Notre Dame,http://www3.nd.edu/~tmilenko,QrS2y5sAAAAJ,0000-0000-0000-0000
Tijl Grootswagers,Western Sydney University,https://www.westernsydney.edu.au/staff_profiles/WSU/doctor_tijl_grootswagers,TNI8FOoAAAAJ,0000-0000-0000-0000
Tijs Slaats,University of Copenhagen,http://diku.dk/english/staff/?pure=en/persons/561613,c9fu-JIAAAAJ,0000-0000-0000-0000
Tijs van der Storm,CWI,http://homepages.cwi.nl/~storm,yJ5PAekAAAAJ,0000-0000-0000-0000
Till Bretschneider,University of Warwick,https://warwick.ac.uk/fac/sci/dcs/people/till_bretschneider,mzMt1IAAAAAJ,0000-0002-5317-603X
Till Miltzow,Utrecht University,https://sites.google.com/view/miltzow/home,y8ae9ZYAAAAJ,0000-0000-0000-0000
Till Mossakowski,University of Magdeburg,http://theo.cs.ovgu.de,0dpSgpQAAAAJ,0000-0000-0000-0000
Till Tantau,University of Lübeck,http://www.tcs.uni-luebeck.de/de/mitarbeiter/tantau,NOSCHOLARPAGE,0000-0000-0000-0000
Tillman Weyde,City University of London,https://www.city.ac.uk/people/academics/tillman-weyde,DUgCliAAAAAJ,0000-0000-0000-0000
Tillmann Miltzow,Utrecht University,https://sites.google.com/view/miltzow/home,y8ae9ZYAAAAJ,0000-0000-0000-0000
Tilman Dingler,University of Melbourne,https://findanexpert.unimelb.edu.au/profile/814587-tilman-dingler,9l4xysIAAAAJ,0000-0001-6180-7033
Tilmann Rabl,Hasso Plattner Institute,https://hpi.de/das-hpi/personen/professoren/prof-dr-tilmann-rabl.html,BQvUJuYAAAAJ,0009-0009-3335-8045
Tilo Burghardt,University of Bristol,http://www.cs.bris.ac.uk/~burghard,lqM244QAAAAJ,0000-0000-0000-0000
Tilo Böhmann,University of Hamburg,https://www.inf.uni-hamburg.de/en/inst/ab/itmc/team/boehmann.html,xGzSaOUAAAAJ,0000-0000-0000-0000
Tim A. C. Willemse,TU Eindhoven,http://www.win.tue.nl/~timw,URsjU7oAAAAJ,0000-0003-3049-7962
Tim A. Majchrzak,Ruhr-University Bochum,https://informatik.rub.de/majchrzak,9lxp7-QAAAAJ,0000-0000-0000-0000
Tim Althoff,University of Washington,http://www.timalthoff.com,yc4nBNgAAAAJ,0000-0003-4793-2289
Tim Andersen,Boise State University,https://www.boisestate.edu/coen-cs/people/faculty/tim-andersen,aN4U3pAAAAAJ,0000-0000-0000-0000
Tim B. Dyrby,DTU,https://www.compute.dtu.dk/english,NOSCHOLARPAGE,0000-0000-0000-0000
Tim Baarslag,Utrecht University,https://homepages.cwi.nl/~baarslag,Ic5t92AAAAAJ,0000-0002-1662-3910
Tim Baldwin,MBZUAI,https://mbzuai.ac.ae/study/faculty/timothy-baldwin,wjBD1dkAAAAJ,0000-0000-0000-0000
Tim Beißbarth,University of Göttingen,http://bioinformatics.umg.eu,xKN6zUsAAAAJ,0000-0001-6509-2143
Tim Bell,University of Canterbury,http://www.cosc.canterbury.ac.nz/tim.bell,NOSCHOLARPAGE,0000-0000-0000-0000
Tim Bjørn Dyrby,DTU,https://www.compute.dtu.dk/english,NOSCHOLARPAGE,0000-0000-0000-0000
Tim Blackwell,Goldsmiths University of London,https://www.gold.ac.uk/computing/staff/t-blackwell,NOSCHOLARPAGE,0000-0000-0000-0000
Tim Brecht,University of Waterloo,https://cs.uwaterloo.ca/~brecht,74nBKe8AAAAJ,0000-0000-0000-0000
Tim Chen,University of Technology Sydney,https://www.uts.edu.au/staff/tim.chen,UgJAkMgAAAAJ,0000-0000-0000-0000
Tim Chen 0001,University of Technology Sydney,https://www.uts.edu.au/staff/tim.chen,UgJAkMgAAAAJ,0000-0000-0000-0000
Tim D. Barfoot,University of Toronto,http://asrl.utias.utoronto.ca/~tdb,N_vPIhoAAAAJ,0000-0000-0000-0000
Tim Dwyer,Monash University,https://research.monash.edu/en/persons/tim-dwyer,cOEUhBAAAAAJ,0000-0002-9076-9571
Tim Erhan Güneysu,Ruhr-University Bochum,http://www.seceng.rub.de/chair/staff/gueneysu,QrXiIS0AAAAJ,0000-0000-0000-0000
Tim Fernando,Trinity College Dublin,https://www.scss.tcd.ie/Tim.Fernando,NOSCHOLARPAGE,0000-0000-0000-0000
Tim Finin,Univ. of Maryland - Baltimore County,http://umbc.edu/~finin,p5oWQ0AAAAAJ,0000-0002-6593-1792
Tim French,University of Western Australia,http://uwa.edu.au/people/tim.french,zcqX-AgAAAAJ,0000-0000-0000-0000
Tim French 0001,University of Western Australia,http://uwa.edu.au/people/tim.french,zcqX-AgAAAAJ,0000-0000-0000-0000
Tim Güneysu,Ruhr-University Bochum,http://www.seceng.rub.de/chair/staff/gueneysu,QrXiIS0AAAAJ,0000-0002-3293-4989
Tim Hopkins,University of Kent,https://www.cs.kent.ac.uk/people/staff/trh,_Anf3acAAAAJ,0000-0000-0000-0000
Tim Kovacs,University of Bristol,http://www.cs.bris.ac.uk/~kovacs,pil1zQsAAAAJ,0000-0000-0000-0000
Tim Kraska,Massachusetts Inst. of Technology,https://people.csail.mit.edu/kraska,biuxbRsAAAAJ,0009-0003-2414-2759
Tim Landgraf,Freie Universitaet Berlin,https://www.mi.fu-berlin.de/inf/groups/ag-ki/members/Professoren/Tim_Landgraf.html,ChX0opIAAAAJ,0000-0003-4951-5235
Tim Littler,Queen's University Belfast,https://www.qub.ac.uk/schools/eeecs/Connect/Staff/BusinessCard/?name=t.littler,ebzTOKsAAAAJ,0000-0000-0000-0000
Tim McInerney,Toronto Metropolitan University,https://www.scs.torontomu.ca/~tmcinern,4jp8rwgAAAAJ,0000-0000-0000-0000
Tim Menzies,North Carolina State University,http://menzies.us,7htTUTgmLtUC,0000-0002-5040-3196
Tim Merritt,Aalborg University,http://www.ixd.net,RBhmAmkAAAAJ,0000-0000-0000-0000
Tim Miller 0001,University of Melbourne,http://people.eng.unimelb.edu.au/tmiller,D3m499MAAAAJ,0000-0003-4908-6063
Tim Mitchell,CUNY,https://www.gc.cuny.edu/people/tim-mitchell,vIquuwsAAAAJ,0000-0000-0000-0000
Tim Muller,University of Nottingham,https://www.nottingham.ac.uk/computerscience/people/tim.muller,2zh4Yw0AAAAJ,0000-0000-0000-0000
Tim Newman,University of Alabama - Huntsville,http://www.cs.uah.edu/~tnewman,KkN7DMIAAAAJ,0000-0000-0000-0000
Tim Oates 0001,Univ. of Maryland - Baltimore County,http://www.csee.umbc.edu/people/faculty/tim-oates,NOSCHOLARPAGE,0000-0000-0000-0000
Tim Ophelders,TU Eindhoven,https://tophelde.win.tue.nl,ZuCEOPMAAAAJ,0000-0000-0000-0000
Tim P. Kelly,University of York,https:/www-users.cs.york.ac.uk/~tpk,cNeDb_8AAAAJ,0000-0000-0000-0000
Tim Robert Merritt,Aalborg University,http://www.ixd.net,RBhmAmkAAAAJ,0000-0002-7851-7339
Tim Roughgarden,Columbia University,http://timroughgarden.org,0lcJYs8AAAAJ,0000-0002-7163-8306
Tim Sherwood,Univ. of California - Santa Barbara,https://www.cs.ucsb.edu/~sherwood,nLuHfy4AAAAJ,0000-0000-0000-0000
Tim Storer,University of Glasgow,http://www.dcs.gla.ac.uk/~tws,vxlepBgAAAAJ,0000-0000-0000-0000
Tim W. Nattkemper,Bielefeld University,http://ekvv.uni-bielefeld.de/pers_publ/publ/PersonDetail.jsp?personId=11602,8SR1jMcAAAAJ,0000-0002-7986-1158
Tim Weitzel,University of Bamberg,https://www.uni-bamberg.de/isdl/team/weitzel-prof-dr-tim,C9geoz8AAAAJ,0000-0000-0000-0000
Tim Weninger,University of Notre Dame,https://www3.nd.edu/~tweninge,V1js0MUAAAAJ,0000-0003-3164-2615
Tim Weyrich,University College London,http://www.cs.ucl.ac.uk/staff/t.weyrich,pUB0nnwhGVAC,0000-0002-4322-8844
Tim Wilhelm Nattkemper,Bielefeld University,http://ekvv.uni-bielefeld.de/pers_publ/publ/PersonDetail.jsp?personId=11602,8SR1jMcAAAAJ,0000-0000-0000-0000
Timo Gerkmann,University of Hamburg,https://www.inf.uni-hamburg.de/en/inst/ab/sp/people/gerkmann.html,X0WjZyMAAAAJ,0000-0002-8678-4699
Timo Hämäläinen 0001,Tampere University,https://www.tuni.fi/en/timo-hamalainen,0LwiaY8AAAAJ,0000-0002-7867-0800
Timo Hönig,Ruhr-University Bochum,https://www4.cs.fau.de/~thoenig,546Ya50AAAAJ,0000-0000-0000-0000
Timo Kehrer,Humboldt University of Berlin,https://www.informatik.hu-berlin.de/de/forschung/gebiete/mse,WJw1SK0AAAAJ,0000-0002-2582-5557
Timo Ropinski,University of Ulm,https://www.uni-ulm.de/in/mi/institut/mitarbeiter/tr,FuY-lbcAAAAJ,0000-0002-7857-5512
Timothy A. Davis 0001,Texas A&M University,http://faculty.cse.tamu.edu/davis,gNMqz_4AAAAJ,0000-0000-0000-0000
Timothy A. Gonsalves,IIT Mandi,http://www.cse.iitm.ac.in/~tag,NOSCHOLARPAGE,0000-0000-0000-0000
Timothy Baldwin,MBZUAI,https://mbzuai.ac.ae/study/faculty/timothy-baldwin,wjBD1dkAAAAJ,0000-0000-0000-0000
Timothy Bourke,Ecole Normale Superieure,http://www.di.ens.fr/~bourke,XOi6VWwAAAAJ,0000-0003-0601-4182
Timothy Bretl,Univ. of Illinois at Urbana-Champaign,http://bretl.csl.illinois.edu,ab_0lGcAAAAJ,0000-0000-0000-0000
Timothy C. Bell,University of Canterbury,http://www.cosc.canterbury.ac.nz/tim.bell,NOSCHOLARPAGE,0000-0000-0000-0000
Timothy C. Lethbridge,University of Ottawa,http://www.site.uottawa.ca/~tcl,PQ9tLbUAAAAJ,0000-0001-9410-2056
Timothy Cribbin,Brunel University London,https://www.brunel.ac.uk/people/timothy-cribbin,YElMutkmjUoJ,0000-0000-0000-0000
Timothy D. Barfoot,University of Toronto,http://asrl.utias.utoronto.ca/~tdb,N_vPIhoAAAAJ,0000-0000-0000-0000
Timothy J. Ellis,Nova Southeastern University,https://cec.nova.edu/faculty/ellis.html,NOSCHOLARPAGE,0000-0000-0000-0000
Timothy J. Hickey,Brandeis University,http://www.cs.brandeis.edu/~tim,APFVA6sAAAAJ,0000-0002-4583-686X
Timothy J. Norman,University of Southampton,https://www.ecs.soton.ac.uk/people/tjn1f15,8Rt0X9AAAAAJ,0000-0002-6387-4034
Timothy J. O'Donnell,McGill University,https://mcqll.org/people/odonnell.timothy,iYjXhYwAAAAJ,0000-0000-0000-0000
Timothy L. Andersen,Boise State University,https://www.boisestate.edu/coen-cs/people/faculty/tim-andersen,aN4U3pAAAAAJ,0000-0000-0000-0000
Timothy Lethbridge,University of Ottawa,http://www.site.uottawa.ca/~tcl,PQ9tLbUAAAAJ,0000-0001-9410-2056
Timothy M. Chan,Univ. of Illinois at Urbana-Champaign,http://tmc.web.engr.illinois.edu,CiesWGcAAAAJ,0000-0000-0000-0000
Timothy M. Hospedales,University of Edinburgh,http://homepages.inf.ed.ac.uk/thospeda,nHhtvqkAAAAJ,0000-0003-4867-7486
Timothy M. Jones 0001,University of Cambridge,https://www.cl.cam.ac.uk/~tmj32,qnn3-gMAAAAJ,0000-0002-4114-7661
Timothy McCarthy,Maynooth University,https://www.maynoothuniversity.ie/faculty-science-engineering/our-people/tim-mccarthy,fP6aKNEAAAAJ,0000-0000-0000-0000
Timothy Merritt,Aalborg University,http://www.ixd.net,RBhmAmkAAAAJ,0000-0000-0000-0000
Timothy Merritt 0001,Aalborg University,http://www.ixd.net,RBhmAmkAAAAJ,0000-0002-7851-7339
Timothy Oates 0001,Univ. of Maryland - Baltimore County,http://www.csee.umbc.edu/people/faculty/tim-oates,NOSCHOLARPAGE,0000-0000-0000-0000
Timothy Robert Merritt,Aalborg University,http://www.ixd.net,RBhmAmkAAAAJ,0000-0000-0000-0000
Timothy Roscoe,ETH Zurich,http://people.inf.ethz.ch/troscoe,NOSCHOLARPAGE,0000-0002-8298-1126
Timothy Savage,Trinity College Dublin,https://www.scss.tcd.ie/Tim.Savage,FzzpC90AAAAJ,0000-0000-0000-0000
Timothy Sherwood,Univ. of California - Santa Barbara,https://www.cs.ucsb.edu/~sherwood,nLuHfy4AAAAJ,0000-0002-6550-6075
Timothy Stewart French,University of Western Australia,http://uwa.edu.au/people/tim.french,zcqX-AgAAAAJ,0000-0000-0000-0000
Timothy Storer,University of Glasgow,http://www.dcs.gla.ac.uk/~tws,vxlepBgAAAAJ,0000-0000-0000-0000
Timothy W. Bickmore,Northeastern University,http://www.ccs.neu.edu/home/bickmore,x9kzObUAAAAJ,0000-0002-2676-9788
Timothy W. Finin,Univ. of Maryland - Baltimore County,http://umbc.edu/~finin,p5oWQ0AAAAAJ,0000-0000-0000-0000
Timothy Wiley,RMIT University,https://www.rmit.edu.au/contact/staff-contacts/academic-staff/w/wiley-dr-timothy,LhqZdy0AAAAJ,0000-0002-5424-2537
Timothy Wood 0001,George Washington University,https://www.seas.gwu.edu/timothy-wood,gZnLi9sAAAAJ,0000-0002-6728-4197
Timothy Yuen,University of Texas at San Antonio,https://sciences.utsa.edu/faculty/profiles/yuen-timothy.html,sL2TTk8AAAAJ,0000-0000-0000-0000
Timothy Zhu,Pennsylvania State University,https://sites.psu.edu/timothyz,EhCg54EAAAAJ,0000-0001-8394-8953
Tin Chi Nguyen,University of Nevada,https://www.cse.unr.edu/~tinn,WRyPP80AAAAJ,0000-0001-8001-9470
Tin Lok James Ng,Trinity College Dublin,https://www.scss.tcd.ie/personnel/ngja,a2ahoJIAAAAJ,0000-0002-4405-4911
Tin Lun Lam,CUHK (SZ),https://myweb.cuhk.edu.cn/tllam,YdOL0KUAAAAJ,0000-0002-6363-1446
Tin Nguyen,University of Nevada,https://www.cse.unr.edu/~tinn,WRyPP80AAAAJ,0000-0000-0000-0000
Tin Nguyen 0001,University of Nevada,https://www.cse.unr.edu/~tinn,WRyPP80AAAAJ,0000-0001-8001-9470
Tina Eliassi-Rad,Northeastern University,http://www.ccis.northeastern.edu/people/tina-eliassi-rad,TXb5Ym8AAAAJ,0000-0000-0000-0000
Ting Bai,BUPT,https://tbbaby.github.io/baiting_index.html,1mQvSPkAAAAJ,0000-0000-0000-0000
Ting Chen 0002,UESTC,https://www.scse.uestc.edu.cn/info/1081/11931.htm,nkjaN4QAAAAJ,0000-0001-9165-8331
Ting Dang,University of Melbourne,https://findanexpert.unimelb.edu.au/profile/1065466-ting-dang,Sb1Pj4sAAAAJ,0000-0003-3806-1493
Ting He 0001,Pennsylvania State University,https://www.eecs.psu.edu/departments/directory-detail-g.aspx?q=tzh58,g9yS74gAAAAJ,0000-0003-1070-7483
Ting Hu 0001,Memorial Univ. of Newfoundland,https://www.mun.ca/computerscience/people/tingh.php,ikLwqLwAAAAJ,0000-0000-0000-0000
Ting Liu 0001,Harbin Institute of Technology,http://ir.hit.edu.cn/~tliu,zyMJ1V0AAAAJ,0009-0007-1999-2600
Ting Liu 0002,Xi'an Jiaotong University,http://gr.xjtu.edu.cn/web/tingliu/4,vcG2mn8AAAAJ,0000-0002-7600-0934
Ting Su 0001,East China Normal University,http://tingsu.github.io,GHPWI7oAAAAJ,0000-0003-1628-9796
Ting Wang 0006,Stony Brook University,https://alps-lab.github.io,cwcBTegAAAAJ,0000-0003-4927-5833
Ting Yu 0001,MBZUAI,https://mbzuai.ac.ae/study/faculty/ting-yu,pHMIJG8AAAAJ,0000-0002-7054-5773
Ting Zhong,UESTC,http://www.is.uestc.edu.cn/teachers.do?id=1093,NOSCHOLARPAGE,0000-0002-8163-3146
Ting Zhu 0001,Ohio State University,https://engineering.osu.edu/people/zhu.3445,BXp6PIIAAAAJ,0000-0000-0000-0000
Ting-Chi Wang,National Tsing Hua University,http://www.cs.nthu.edu.tw/~tcwang,yZfRvvoAAAAJ,0000-0002-3435-0418
Ting-Chuen Pong,HKUST,https://www.cse.ust.hk/faculty/tcpong,NOSCHOLARPAGE,0000-0002-1699-8587
Ting-Hao (Kenneth) Huang,Pennsylvania State University,https://crowd.ist.psu.edu,ldctlS4AAAAJ,0000-0001-7021-4627
Ting-Jung Chang,National Chiao Tung University,https://tingjung.github.io,UJbo7AgAAAAJ,0000-0000-0000-0000
Ting-Ting Hwang,National Tsing Hua University,http://www.cs.nthu.edu.tw/~tingting,NOSCHOLARPAGE,0000-0000-0000-0000
Ting-Zhu Huang,Univ. of Maryland - Baltimore County,http://www.csee.umbc.edu/~zt,H7El-ZkAAAAJ,0000-0000-0000-0000
Tingfang Wu,Soochow University,http://web.suda.edu.cn/tfwu,6YpW-EEAAAAJ,0000-0001-8137-2436
Tinghuan Chen,CUHK (SZ),https://mypage.cuhk.edu.cn/academics/chentinghuan,gZcc-RQAAAAJ,0000-0002-9195-6619
Tingjian Ge,University of Massachusetts Lowell,http://www.cs.uml.edu/~ge,NOSCHOLARPAGE,0000-0003-2225-8291
Tingjun Chen,Duke University,https://tingjunchen.com,RPmhP24AAAAJ,0000-0002-5717-5755
Tingru Cui,University of Melbourne,https://findanexpert.unimelb.edu.au/profile/864434-tingru-cui,D28Mdh8AAAAJ,0000-0000-0000-0000
Tingting Han 0001,Birkbeck University of London,https://www.dcs.bbk.ac.uk/about/people/academic-staff/tingting,NOSCHOLARPAGE,0000-0000-0000-0000
Tingting Jiang 0001,Peking University,http://www.idm.pku.edu.cn/staff/jiangtingting,p6RJZj0AAAAJ,0000-0002-5372-0656
Tingting Mu,University of Manchester,https://www.research.manchester.ac.uk/portal/tingting.mu.html,dOG10IUAAAAJ,0000-0001-6315-3432
Tingting Yu 0001,University of Connecticut,https://tingting-yu.scholar.uconn.edu,vcg-v-IAAAAJ,0000-0002-9461-4251
Tingyu Cheng,University of Notre Dame,https://engineering.nd.edu/faculty/tingyu-cheng,_mLdZS8AAAAJ,0000-0002-2398-2348
Tingzhu Huang,Univ. of Maryland - Baltimore County,http://www.csee.umbc.edu/~zt,H7El-ZkAAAAJ,0000-0000-0000-0000
Tino Weinkauf,KTH Royal Inst. of Technology,https://www.kth.se/profile/weinkauf,ZS5iEecAAAAJ,0000-0002-1498-9062
Tinoosh Mohsenin,Johns Hopkins University,https://eehpc.ece.jhu.edu,9grfK9gAAAAJ,0000-0001-5551-2124
Tiow Seng Tan,National University of Singapore,http://www.comp.nus.edu.sg/~tants,lQJFHbIAAAAJ,0000-0000-0000-0000
Tirthak Patel,Rice University,https://profiles.rice.edu/faculty/tirthak-patel,tHR-61EAAAAJ,0000-0003-3127-5931
Tiziana Calamoneri,Sapienza University of Rome,http://wwwusers.di.uniroma1.it/~calamo,qfO36wAAAAJ,0000-0000-0000-0000
Tiziana Catarci,Sapienza University of Rome,http://www.diag.uniroma1.it/users/tiziana%20catarci,K2jKdVMAAAAJ,0000-0002-3578-1121
Tiziano De Matteis,VU Amsterdam,https://tizianodematteis.github.io,3AMQ3mQAAAAJ,0000-0002-9158-6849
Tiziano Piccardi,Johns Hopkins University,https://piccardi.me,hj-gvXIAAAAJ,0000-0001-9314-1440
Tjark Weber,Uppsala University,http://user.it.uu.se/~tjawe125,NOSCHOLARPAGE,0000-0000-0000-0000
Toacy C. Oliveira,UFRJ,http://www.cos.ufrj.br/~toacy,A7IW50MAAAAJ,0000-0000-0000-0000
Toacy Cavalcante de Oliveira,UFRJ,http://www.cos.ufrj.br/~toacy,A7IW50MAAAAJ,0000-0000-0000-0000
Tobias Andersen,DTU,https://www.compute.dtu.dk/english,NOSCHOLARPAGE,0000-0000-0000-0000
Tobias Bollenbach,IST Austria,https://ist.ac.at/research/research-groups/bollenbach-group,NOSCHOLARPAGE,0000-0000-0000-0000
Tobias Dürschmid,Univ. of California - Los Angeles,https://tobiasduerschmid.github.io,tmE8FjQAAAAJ,0000-0001-8612-1767
Tobias Fischer 0001,Queensland Univ. of Technology,https://research.qut.edu.au/qcr/people/tobias-fischer,eq46ylAAAAAJ,0000-0003-2183-017X
Tobias Friedrich 0001,Hasso Plattner Institute,https://hpi.de/en/research/research-groups/algorithm-engineering,vxfzU6IAAAAJ,0000-0003-0076-6308
Tobias Glasmachers,Ruhr-University Bochum,https://www.ini.rub.de/the_institute/people/tobias-glasmachers,U8S86d4AAAAJ,0000-0000-0000-0000
Tobias Grosser,University of Cambridge,https://www.cst.cam.ac.uk/people/tcg40,c_PWJQEAAAAJ,0000-0003-3874-6003
Tobias Hossfeld,University of Würzburg,http://www.comnet.informatik.uni-wuerzburg.de/team/mitarbeiter/hossfeld,AdGp9e0AAAAJ,0000-0000-0000-0000
Tobias Hoßfeld,University of Würzburg,http://www.comnet.informatik.uni-wuerzburg.de/team/mitarbeiter/hossfeld,AdGp9e0AAAAJ,0000-0000-0000-0000
Tobias Höllerer,Univ. of California - Santa Barbara,http://www.cs.ucsb.edu/~holl,008lr2cAAAAJ,0000-0002-6240-0291
Tobias Kaupp,THWS,https://robotik.thws.de/team/professoren,auMQ1JQAAAAJ,0000-0003-3017-5816
Tobias Knopp,Hamburg University of Technology,https://www.tuhh.de/ibi/people/tobias-knopp-head-of-institute.html,5gpkOBAAAAAJ,0000-0000-0000-0000
Tobias Kohn,Karlsruhe Inst. of Technology,https://cse.iti.kit.edu/team_kohnt.php,L0DHzYYAAAAJ,0000-0002-9251-8944
Tobias Kramer,University of Koblenz-Landau,https://www.uni-koblenz-landau.de/de/koblenz/fb4/ifm/mud/team/tobias-kraemer,19ZQCsMAAAAJ,0000-0000-0000-0000
Tobias Kuhn,VU Amsterdam,http://www.tkuhn.org,26_NNqEAAAAJ,0000-0000-0000-0000
Tobias Langlotz,Aarhus University,https://www.au.dk/tobias.langlotz@cs.au.dk,2KnwGqUAAAAJ,0000-0003-1275-2026
Tobias Meisen,University of Wuppertal,https://www.tmdt.uni-wuppertal.de/de/team/tobias-meisen-prof-dr-ing.html,fSmbntoAAAAJ,0000-0002-1969-559X
Tobias Nipkow,TU Munich,http://www.in.tum.de/~nipkow,lv19c_cAAAAJ,0000-0003-0730-515X
Tobias Ritschel 0001,University College London,http://www0.cs.ucl.ac.uk/people/T.Ritschel.html,KP_UI7sAAAAJ,0009-0006-4660-7790
Tobias Scheffer,University of Potsdam,https://www.uni-potsdam.de/en/cs-ml/staff/contacts/scheffer,UjV0M9QAAAAJ,0000-0000-0000-0000
Tobias Schreck,Graz University of Technology,https://www.tugraz.at/institute/cgv/schreck,9cJsSIIAAAAJ,0000-0003-0778-8665
Tobias Weinzierl,Durham University,https://www.dur.ac.uk/computer.science/staff/profile/?id=12329,pRrvub4AAAAJ,0000-0000-0000-0000
Tobias Wrigstad,Uppsala University,http://wrigstad.com,EfO5KRQAAAAJ,0000-0002-4269-5408
Toby C. Murray,University of Melbourne,http://people.eng.unimelb.edu.au/tobym,Bd8pZGgAAAAJ,0000-0000-0000-0000
Toby Jia-Jun Li,University of Notre Dame,https://cse.nd.edu/faculty/toby-jia-jun-li,qCUO0kAAAAJ,0000-0001-7902-7625
Toby Murray,University of Melbourne,http://people.eng.unimelb.edu.au/tobym,Bd8pZGgAAAAJ,0000-0002-8271-0289
Toby P. Breckon,Durham University,https://www.dur.ac.uk/computer.science/staff/profile/?id=11955,9hpHb44AAAAJ,0000-0003-1666-7590
Toby S. Cubitt,University College London,http://www.dr-qubit.org,3b-ny5YAAAAJ,0000-0002-5087-9346
Toby Walsh,UNSW,http://www.cse.unsw.edu.au/~tw,oOQ6x0IAAAAJ,0000-0000-0000-0000
Todd A. Brun,University of Southern California,http://www-bcf.usc.edu/~tbrun,0WBCi1AAAAAJ,0000-0000-0000-0000
Todd A. Proebsting,University of Arizona,http://proebsting.cs.arizona.edu,pWZ7c4MAAAAJ,0000-0000-0000-0000
Todd C. Mowry,Carnegie Mellon University,http://www.cs.cmu.edu/~tcm,MYsIXF4AAAAJ,0000-0003-4076-5684
Todd D. Millstein,Univ. of California - Los Angeles,http://www.cs.ucla.edu/~todd,u_tOExoAAAAJ,0000-0002-2031-1514
Todd D. Murphey,Northwestern University,https://www.mccormick.northwestern.edu/research-faculty/directory/profiles/murphey-todd.html,73NFiiMAAAAJ,0000-0003-2262-8176
Todd Eavis,Concordia University,https://www.concordia.ca/faculty/todd-eavis.html,IukO3bIAAAAJ,0000-0000-0000-0000
Todd F. Dupont,University of Chicago,http://people.cs.uchicago.edu/~dupont,BCRISEEAAAAJ,0000-0000-0000-0000
Todd J. Treangen,Rice University,https://sites.google.com/view/treangen/home,N5irv88AAAAJ,0000-0002-3760-564X
Todd M. Austin,University of Michigan,http://web.eecs.umich.edu/~taustin,B8O_SVkAAAAJ,0000-0002-0181-0852
Todd Wareham,Memorial Univ. of Newfoundland,https://www.mun.ca/computerscience/people/harold.php,NOSCHOLARPAGE,0000-0000-0000-0000
Todor P. Stefanov,Leiden University,https://liacs.leidenuniv.nl/~stefanovtp,dCZyI18AAAAJ,0000-0001-6006-9366
Tok Wang Ling,National University of Singapore,http://www.comp.nus.edu.sg/~lingtw,UftrQocAAAAJ,0000-0000-0000-0000
Tolga Ayav,Izmir Institute of Technology,http://ceng.iyte.edu.tr/people/tolga-ayav,Pt9GoVgAAAAJ,0000-0003-1426-5694
Tolga Birdal,Imperial College London,https://tolgabirdal.github.io,_Bxd5ggAAAAJ,0000-0001-7915-7964
Tolga Can,Middle East Technical University,http://user.ceng.metu.edu.tr/~tcan,5U97BEwAAAAJ,0000-0002-5532-0154
Tolga Ovatman,Istanbul Technical University,http://web.itu.edu.tr/ovatman,WIzmCCYAAAAJ,0000-0000-0000-0000
Tolga Tasdizen,University of Utah,http://www.sci.utah.edu/~tolga,qcydYi8AAAAJ,0000-0000-0000-0000
Tom A. Rodden,University of Nottingham,https://www.nottingham.ac.uk/computerscience/people/tom.rodden,gWbK0A0AAAAJ,0000-0000-0000-0000
Tom Altman,University of Colorado - Denver,http://www.ucdenver.edu/academics/colleges/Engineering/Programs/Computer-Science-and-Engineering/faculty/Pages/TomAltman.aspx,NOSCHOLARPAGE,0000-0000-0000-0000
Tom Arodz,Virginia Commonwealth University,http://www.people.vcu.edu/~tarodz,UXlsAbwAAAAJ,0000-0000-0000-0000
Tom Chandler,Monash University,https://research.monash.edu/en/persons/thomas-chandler,XYDk2ncAAAAJ,0000-0000-0000-0000
Tom Chothia,University of Birmingham,https://www.birmingham.ac.uk/staff/profiles/computer-science/academic-staff/chothia-tom.aspx,7LdBBpMAAAAJ,0000-0000-0000-0000
Tom Claassen,Radboud University,https://www.ru.nl/english/people/claassen-t,WpOKcPMAAAAJ,0000-0000-0000-0000
Tom Conte 0001,Georgia Institute of Technology,https://www.ece.gatech.edu/faculty-staff-directory/thomas-m-conte,FzBDS4gAAAAJ,0000-0000-0000-0000
Tom Deakin,University of Bristol,https://research-information.bris.ac.uk/en/persons/tom-deakin,LWc0z_kAAAAJ,0000-0000-0000-0000
Tom Denison,Monash University,http://monash.edu/research/explore/en/persons/tom-denison(b15ffe81-ebae-4da8-b490-c5a6b77d2d90).html,BzNBhvAAAAAJ,0000-0000-0000-0000
Tom Drummond,University of Melbourne,https://findanexpert.unimelb.edu.au/profile/198786-tom-drummond,6sWGL5wAAAAJ,0000-0001-8204-5904
Tom Fairgrieve,University of Toronto,http://www.cs.toronto.edu/~tff,NOSCHOLARPAGE,0000-0000-0000-0000
Tom Fletcher,University of Virginia,https://engineering.virginia.edu/faculty/tom-fletcher,7pRRhkkAAAAJ,0000-0000-0000-0000
Tom Friedetzky,Durham University,https://www.dur.ac.uk/computer.science/staff/profile/?id=1163,NOSCHOLARPAGE,0000-0002-1299-5514
Tom Goldstein,Univ. of Maryland - College Park,https://www.cs.umd.edu/~tomg,KmSuVtgAAAAJ,0000-0000-0000-0000
Tom Griffiths 0001,Princeton University,https://cocosci.princeton.edu/tom/index.php,UAwKvEsAAAAJ,0000-0000-0000-0000
Tom Gross,University of Bamberg,https://www.uni-bamberg.de/hci/team/tom-gross,YcxiFvMAAAAJ,0000-0000-0000-0000
Tom Gur,University of Cambridge,https://www.cst.cam.ac.uk/people/tg508,edMuHPUAAAAJ,0000-0001-7864-7013
Tom H. MacFarland,Nova Southeastern University,https://cec.nova.edu/faculty/macfarland.html,NOSCHOLARPAGE,0000-0000-0000-0000
Tom Henderson,University of Utah,http://www.cs.utah.edu/~tch,khCvByoAAAAJ,0000-0000-0000-0000
Tom Heskes,Radboud University,https://www.cs.ru.nl/~tomh,3jUymSMAAAAJ,0000-0002-3398-5235
Tom Holvoet,KU Leuven,https://distrinet.cs.kuleuven.be/people/tom,Cps1ee8AAAAJ,0000-0003-1304-3467
Tom Hope,Hebrew University of Jerusalem,https://www.cs.huji.ac.il/~tomhope,9aJWRBgAAAAJ,0000-0003-1232-3635
Tom J. Viering,TU Delft,https://www.tudelft.nl/ewi/over-de-faculteit/afdelingen/intelligent-systems/pattern-recognition-bioinformatics/pattern-recognition-bioinformatics/people/tom-viering,kDKHudMAAAAJ,0000-0000-0000-0000
Tom Jenkins,IT University of Copenhagen,https://pure.itu.dk/portal/da/persons/tom-jenkins,Al_wa1oAAAAJ,0000-0001-6135-410X
Tom Julian Viering,TU Delft,https://www.tudelft.nl/ewi/over-de-faculteit/afdelingen/intelligent-systems/pattern-recognition-bioinformatics/pattern-recognition-bioinformatics/people/tom-viering,kDKHudMAAAAJ,0000-0000-0000-0000
Tom Kelly,University of Leeds,https://eps.leeds.ac.uk/computing/staff/1545/dr-tom-kelly,MzDoKg8AAAAJ,0000-0002-6575-3682
Tom Kelsey,University of St Andrews,https://tom.host.cs.st-andrews.ac.uk,8Pg1AnYAAAAJ,0000-0000-0000-0000
Tom La Porta,Pennsylvania State University,http://www.cse.psu.edu/~tfl12,t-FPWNgAAAAJ,0000-0000-0000-0000
Tom Lenaerts,Université libre de Bruxelles,http://www.ulb.ac.be/di/map/tlenaert/Home_Tom_Lenaerts/Welcome.html,xpVAdlAAAAAJ,0000-0003-3645-1455
Tom M. Heskes,Radboud University,https://www.cs.ru.nl/~tomh,3jUymSMAAAAJ,0000-0000-0000-0000
Tom M. Mitchell,Carnegie Mellon University,http://www.cs.cmu.edu/~tom,_ZVyA_gAAAAJ,0000-0000-0000-0000
Tom Maibaum,McMaster University,http://www.cas.mcmaster.ca/~maibaum,NOSCHOLARPAGE,0000-0000-0000-0000
Tom Melham,University of Oxford,http://www.cs.ox.ac.uk/tom.melham/home.html,AdBqkbIAAAAJ,0000-0002-2462-2782
Tom Michael Mitchell,Carnegie Mellon University,http://www.cs.cmu.edu/~tom,_ZVyA_gAAAAJ,0000-0000-0000-0000
Tom Moher,University of Illinois at Chicago,https://www.evl.uic.edu/moher/Tom_Moher/Home.html,NOSCHOLARPAGE,0000-0000-0000-0000
Tom Rodden,University of Nottingham,https://www.nottingham.ac.uk/computerscience/people/tom.rodden,gWbK0A0AAAAJ,0000-0000-0000-0000
Tom S. F. Haines,University of Bath,http://thaines.com,jg2HJ7QAAAAJ,0000-0000-0000-0000
Tom Schrijvers,KU Leuven,https://people.cs.kuleuven.be/~tom.schrijvers,JVXShtsAAAAJ,0000-0001-8771-5559
Tom Shrimpton,University of Florida,https://cise.ufl.edu/~teshrim,2Nz2U0kAAAAJ,0000-0000-0000-0000
Tom Verhoeff,TU Eindhoven,http://www.win.tue.nl/~wstomv,Dz6KASIAAAAJ,0000-0000-0000-0000
Tom Weidong Cai,University of Sydney,https://sydney.edu.au/engineering/about/our-people/academic-staff/tom-cai.html,N8qTc2AAAAAJ,0000-0000-0000-0000
Tom Williams 0001,Colorado School of Mines,http://inside.mines.edu/~twilliams,NOSCHOLARPAGE,0000-0000-0000-0000
Tom Yeh,University of Colorado Boulder,http://tomyeh.info,mDNhPjAAAAAJ,0000-0003-0227-9781
Tom van Dijk,University of Twente,https://www.tvandijk.nl,bzOQ-aQAAAAJ,0000-0002-0772-3821
Tomas Olovsson,Chalmers/GU,https://www.chalmers.se/en/staff/Pages/tomas-olovsson.aspx,NOSCHOLARPAGE,0000-0000-0000-0000
Tomas Petricek 0001,Charles University,http://tomasp.net,WrTuTOcAAAAJ,0000-0002-7242-2208
Tomas Sauer,University of Passau,http://www.fim.uni-passau.de/en/digital-image-processing,cav6AS8AAAAJ,0000-0000-0000-0000
Tomas Sokoler,IT University of Copenhagen,https://pure.itu.dk/portal/da/persons/tomas-sokoler,3yhKwbUAAAAJ,0000-0000-0000-0000
Tomas Trescak,Western Sydney University,https://www.westernsydney.edu.au/marcs/about/our_people/researchers/tomas_trescak,BNkNq8YAAAAJ,0000-0000-0000-0000
Tomaso Aste,University College London,http://www.cs.ucl.ac.uk/staff/tomaso_aste,27pUbTUAAAAJ,0000-0000-0000-0000
Tomasz Arodz,Virginia Commonwealth University,http://www.people.vcu.edu/~tarodz,UXlsAbwAAAAJ,0000-0000-0000-0000
Tomasz Gogacz,University of Wroclaw,http://www.ii.uni.wroc.pl/~gogo,Tj8exFgAAAAJ,0000-0000-0000-0000
Tomasz Imielinski,Rutgers University,https://www.cs.rutgers.edu/~imielins,fEYp6hEAAAAJ,0000-0002-3252-2829
Tomasz Jurdzinski,University of Wroclaw,https://www.ii.uni.wroc.pl/~tju,iCHaLw0AAAAJ,0000-0003-1908-9458
Tomasz Kazana,University of Warsaw,http://www.crypto.edu.pl/Kazana,r0mZYagAAAAJ,0000-0000-0000-0000
Tomasz P. Michalak,University of Warsaw,http://tomaszmichalak.net,YgykRA0AAAAJ,0000-0002-5288-0324
Tomasz Pawel Michalak,University of Warsaw,http://tomaszmichalak.net,YgykRA0AAAAJ,0000-0000-0000-0000
Tomasz Radzik,King's College London,https://www.kcl.ac.uk/people/tomasz-radzik,7yAUDgoAAAAJ,0000-0002-7776-5461
Tomasz Walen,University of Warsaw,http://www.mimuw.edu.pl/~walen,MFuTWXYAAAAJ,0000-0002-7369-3309
Tomer Galanti,Texas A&M University,https://tomergalanti.github.io,ut_ISVIAAAAJ,0000-0000-0000-0000
Tomer Koren,Tel Aviv University,https://tomerkoren.github.io,wGG1voYAAAAJ,0000-0000-0000-0000
Tomer Michaeli,Technion,https://tomer.net.technion.ac.il,n2EbR2cAAAAJ,0000-0003-0525-8054
Tomer Shlomi,Technion,http://www.cs.technion.ac.il/~tomersh,NOSCHOLARPAGE,0000-0000-0000-0000
Tomi Janhunen,Tampere University,https://www.tuni.fi/en/tomi-janhunen,M84ghWAAAAAJ,0000-0000-0000-0000
Tomi Männistö,University of Helsinki,https://www.cs.helsinki.fi/u/tomimann,ZSX8_ToAAAAJ,0000-0000-0000-0000
Tommaso Caselli,University of Groningen,https://www.rug.nl/staff/t.caselli,fxQvP_QAAAAJ,0000-0003-2936-0256
Tommaso Cucinotta,Scuola Superiore Sant'Anna,http://retis.sssup.it/~tommaso,5KhC3CEAAAAJ,0000-0002-0362-0657
Tommaso d'Orsi,Bocconi University,https://tommasodorsi.github.io,OL6EahoAAAAJ,0009-0008-9808-6354
Tommi Mikkonen,University of Helsinki,https://researchportal.helsinki.fi/en/persons/tommi-mikkonen,Y2F-AWAAAAAJ,0000-0002-8540-9918
Tommi S. Jaakkola,Massachusetts Inst. of Technology,https://people.csail.mit.edu/tommi,NOSCHOLARPAGE,0000-0000-0000-0000
Tommie Meyer,University of Cape Town,https://people.cs.uct.ac.za/~tmeyer,Ua2MNSoAAAAJ,0000-0000-0000-0000
Tommy Dang,Texas Tech University,http://www.myweb.ttu.edu/tnhondan,B1b-yVAAAAAJ,0000-0000-0000-0000
Tommy Kaplan,Hebrew University of Jerusalem,http://www.cs.huji.ac.il/~tommy,Zqqw2FQAAAAJ,0000-0002-1892-5461
Tomoaki Otsuki,Keio University,https://www.ohtsuki.ics.keio.ac.jp/home,f1MnkCIAAAAJ,0000-0000-0000-0000
Tomofumi Yuki,Ecole Normale Superieure de Lyon,http://perso.ens-lyon.fr/tomofumi.yuki,SV9UUhYAAAAJ,0000-0002-5737-6178
Tomohiro Mashita,Osaka University,https://www.ist.osaka-u.ac.jp/english/introduction/professors/information-systems-engineering/integrated-media-environment/tomohiro-mashita.html,HuUarfEAAAAJ,0000-0000-0000-0000
Tomohiro Nagashima,Saarland University,https://tomonag.org,oc_P_rsAAAAJ,0000-0000-0000-0000
Tomohiro Tanikawa,University of Tokyo,http://www.cyber.t.u-tokyo.ac.jp,NOSCHOLARPAGE,0000-0002-9647-9380
Tomohiro Yoneda,National Inst. of Informatics,https://www.nii.ac.jp/en/faculty/architecture/yoneda_tomohiro,NOSCHOLARPAGE,0000-0000-0000-0000
Tomomi Matsui,Tokyo Institute of Technology,http://tomomi.my.coocan.jp/welcomeE.html,6lYy6-QAAAAJ,0000-0003-0106-0980
Tomoyuki Takahata,University of Tokyo,http://www.leopard.t.u-tokyo.ac.jp/~takahata,NOSCHOLARPAGE,0000-0003-4657-5902
Tomás Brázdil,Masaryk University,https://www.muni.cz/en/people/4074,4Mp6OSYAAAAJ,0000-0000-0000-0000
Tomás Bures,Charles University,https://d3s.mff.cuni.cz/people/tomasbures,V5ILAxAAAAAJ,0000-0003-3622-9918
Tomás García Ferrari,University of Waikato,http://www.cms.waikato.ac.nz/people/tomasgf,U5v_QA0AAAAJ,0000-0000-0000-0000
Tomás Krajník,Czech Technical University,http://labe.felk.cvut.cz/~tkrajnik,Qv3nqgsAAAAJ,0000-0002-4408-7916
Tomás Lozano-Pérez,Massachusetts Inst. of Technology,http://people.csail.mit.edu/tlp,NOSCHOLARPAGE,0000-0000-0000-0000
Tomás Martínek,Brno University of Technology,https://www.fit.vut.cz/person/martinto,HtiXIxoAAAAJ,0000-0003-3118-8475
Tomás Pajdla,Czech Technical University,https://people.ciirc.cvut.cz/~pajdla,gnR4zf8AAAAJ,0000-0000-0000-0000
Tomás Pitner,Masaryk University,https://www.muni.cz/en/people/94,bX-cpaoAAAAJ,0000-0000-0000-0000
Tomás Svoboda,Czech Technical University,http://cmp.felk.cvut.cz/~svoboda,ec4ZOF0AAAAJ,0000-0002-7184-1785
Tomás Vojnar,Masaryk University,https://www.muni.cz/en/people/134390,YbSGwKwAAAAJ,0000-0002-2746-8792
Tomáš Bureš,Charles University,https://d3s.mff.cuni.cz/people/tomasbures,V5ILAxAAAAAJ,0000-0000-0000-0000
Tona Henderson,Rochester Inst. of Technology,https://www.rit.edu/gccis/igm/tona-henderson,NOSCHOLARPAGE,0000-0000-0000-0000
Tong Geng,University of Rochester,https://www.tonytgeng.com,1B_nk28AAAAJ,0000-0002-3644-2922
Tong Li 0013,Hunan University,https://tong89.github.io/tongli.github.io,0AYNIiAAAAAJ,0000-0002-4343-703X
Tong Li 0014,Renmin University of China,http://info.ruc.edu.cn/jsky/szdw/ajxjgcx/jsjkxyjsx1/fjs2/f37f06a19ae342ca9b31b9dcab7b6d69.htm,Kjay1aEAAAAJ,0000-0002-6805-9565
Tong Lin,Peking University,http://www.cis.pku.edu.cn/faculty/vision/lintong/default.htm,NOSCHOLARPAGE,0009-0008-3907-9402
Tong Lu 0002,Nanjing University,https://cs.nju.edu.cn/lutong,mgqhQGkAAAAJ,0000-0000-0000-0000
Tong Shu,University of North Texas,https://computerscience.engineering.unt.edu/people/faculty/tong-shu,UzhVWU0AAAAJ,0000-0001-8617-1772
Tong Xu 0001,USTC,http://staff.ustc.edu.cn/~tongxu,2pYJyYUAAAAJ,0000-0003-4246-5386
Tong Yang 0003,Peking University,https://yangtonghome.github.io,zYDaX-4AAAAJ,0000-0003-2402-5854
Tong Zhang 0001,HKUST,http://tongzhang-ml.org,LurWtuYAAAAJ,0000-0002-5511-2558
Tong Zhao 0001,Peking University,http://net.pku.edu.cn/~zt,NOSCHOLARPAGE,0000-0000-0000-0000
Tong-Yee Lee,National Cheng Kung University,http://www.csie.ncku.edu.tw/ncku_csie/depmember/teacherdetail/id/8,V3PTB98AAAAJ,0000-0001-6699-2944
Tongliang Liu,University of Sydney,https://www.sydney.edu.au/engineering/about/our-people/academic-staff/tongliang-liu.html,EiLdZ_YAAAAJ,0000-0002-9640-6472
Tongwei Ren,Nanjing University,https://software.nju.edu.cn//rentw/index.html,WtnXVHoAAAAJ,0000-0000-0000-0000
Tongyang Li,Peking University,https://www.tongyangli.com,ny0ZgiQAAAAJ,0000-0002-0338-413X
Toni Cortes,Polytechnic Univ. of Catalonia,https://personals.ac.upc.edu/toni/AcademicHome.html,PHj5T20AAAAJ,0000-0002-2537-8937
Toni Juan,Polytechnic Univ. of Catalonia,https://personals.ac.upc.edu/antonioj,QhSK1VMAAAAJ,0000-0000-0000-0000
Toni Kazic,University of Missouri,https://engineering.missouri.edu/faculty/toni-kazic,NOSCHOLARPAGE,0000-0000-0000-0000
Toni Lasilla,University of Leeds,https://eps.leeds.ac.uk/computing/staff/1542/dr-toni-lassila,aPCz3uwAAAAJ,0000-0000-0000-0000
Toni Mancini,Sapienza University of Rome,http://tmancini.di.uniroma1.it,uNjmJHUAAAAJ,0000-0003-3355-2170
Toniann Pitassi,Columbia University,https://www.cs.toronto.edu/~toni,NOSCHOLARPAGE,0000-0002-8668-2174
Tony F. Chan,KAUST,https://www.kaust.edu.sa/en/study/faculty/tony-chan,UO7McmEAAAAJ,0000-0001-6196-2068
Tony Fan-Cheong Chan,KAUST,https://www.kaust.edu.sa/en/study/faculty/tony-chan,UO7McmEAAAAJ,0000-0000-0000-0000
Tony Field,Imperial College London,http://wp.doc.ic.ac.uk/ajf,rn3Lg2wAAAAJ,0000-0000-0000-0000
Tony Givargis,Univ. of California - Irvine,https://www.ics.uci.edu/~givargis,bt2wk9EAAAAJ,0000-0002-1608-9324
Tony He,University of Technology Sydney,https://www.uts.edu.au/staff/tony.he1,x2Q5BscAAAAJ,0000-0000-0000-0000
Tony Hirst,Open University UK,http://stem.open.ac.uk/people/ajh59,NOSCHOLARPAGE,0000-0000-0000-0000
Tony Hosking,Australian National University,https://cs.anu.edu.au/people/tony-hosking,5LINiuEAAAAJ,0000-0000-0000-0000
Tony J. Prescott,University of Sheffield,https://www.sheffield.ac.uk/dcs/people/academic/tony-prescott,u2T4wjgAAAAJ,0000-0003-4927-5390
Tony Kusalik,University of Saskatchewan,http://artsandscience.usask.ca/profile/AKusalik,NOSCHOLARPAGE,0000-0000-0000-0000
Tony Lindeberg,KTH Royal Inst. of Technology,https://www.kth.se/profile/tony,uySrc0MAAAAJ,0000-0002-9081-2170
Tony Nowatzki,Univ. of California - Los Angeles,http://www.cs.ucla.edu/~tjn,1hLMcNsAAAAJ,0000-0001-8483-3824
Tony P. Pridmore,University of Nottingham,https://www.nottingham.ac.uk/computerscience/people/tony.pridmore,vRAO44AAAAAJ,0000-0002-9485-1978
Tony Quek,SUTD,http://people.sutd.edu.sg/~tonyquek,0o1tkokAAAAJ,0000-0000-0000-0000
Tony R. Martinez,Brigham Young University,http://axon.cs.byu.edu/~martinez,R1JyT9AAAAAJ,0000-0000-0000-0000
Tony Russell-Rose,Goldsmiths University of London,https://www.gold.ac.uk/computing/staff/t-russell-rose,bqqQnxgAAAAJ,0000-0000-0000-0000
Tony Simons 0001,University of Sheffield,https://www.sheffield.ac.uk/dcs/people/academic/anthony-simons,25x8D34AAAAJ,0000-0000-0000-0000
Tony Sloane,Macquarie University,https://researchers.mq.edu.au/en/persons/anthony-sloane,Rje58OMAAAAJ,0000-0000-0000-0000
Tony Smith,University of Waikato,http://www.cms.waikato.ac.nz/people/tcs,mSp4V_4AAAAJ,0000-0000-0000-0000
Tony Tan,National Taiwan University,https://www.csie.ntu.edu.tw/~tonytan,NOSCHOLARPAGE,0009-0005-8341-2004
Tony Veale,University College Dublin,https://people.ucd.ie/tony.veale,i8nJh5YAAAAJ,0000-0003-2375-1811
Tony Wauters,KU Leuven,https://people.cs.kuleuven.be/~tony.wauters,moTbWMUAAAAJ,0000-0000-0000-0000
Tony White,Carleton University,https://carleton.ca/scs/people/tony-white,EkUL_2kAAAAJ,0000-0000-0000-0000
Tony Wirth,University of Sydney,https://www.sydney.edu.au/engineering/about/our-people/academic-staff/anthony-wirth.html,qVuN4MIAAAAJ,0000-0000-0000-0000
Toomas Krips,University of Tartu,https://cs.ut.ee/en/node/105299,iCoofgoAAAAJ,0000-0000-0000-0000
Toon Calders,University of Antwerp,https://www.uantwerpen.be/en/staff/toon-calders,CcqxbMkAAAAJ,0000-0000-0000-0000
Tor Helleseth,University of Bergen,http://www.ii.uib.no/~torh,NOSCHOLARPAGE,0000-0000-0000-0000
Tor M. Aamodt,University of British Columbia,https://www.ece.ubc.ca/~aamodt,zCsB5XsAAAAJ,0000-0003-1161-692X
Tor-Arne Schmidt Nordmo,UiT The Arctic Univ. of Norway,https://uit.no/ansatte/tor-arne.s.nordmo,NOSCHOLARPAGE,0000-0000-0000-0000
Torben Amtoft,Kansas State University,http://cis.ksu.edu/~tamtoft,NOSCHOLARPAGE,0009-0007-3273-7495
Torben Amtoft Hansen,Kansas State University,http://cis.ksu.edu/~tamtoft,NOSCHOLARPAGE,0000-0000-0000-0000
Torben Bach Pedersen,Aalborg University,http://people.cs.aau.dk/~tbp,XGzPuKEAAAAJ,0000-0002-1615-777X
Torben Hagerup,University of Augsburg,https://thiserver.informatik.uni-augsburg.de/personen/hagerup.html,NOSCHOLARPAGE,0000-0000-0000-0000
Torben Weis,University of Duisburg-Essen,https://www.vs.uni-due.de/mitarbeiter_weis.shtml,f2gnBw0AAAAJ,0000-0000-0000-0000
Torben Æ. Mogensen,University of Copenhagen,http://www.diku.dk/~torbenm,vjvvUioAAAAJ,0000-0000-0000-0000
Torben Ægidius Mogensen,University of Copenhagen,http://www.diku.dk/~torbenm,vjvvUioAAAAJ,0000-0000-0000-0000
Tore Brox-Larsen,UiT The Arctic Univ. of Norway,https://uit.no/ansatte/tore.larsen,NOSCHOLARPAGE,0000-0000-0000-0000
Tore Risch,Uppsala University,http://user.it.uu.se/~torer,NOSCHOLARPAGE,0000-0000-0000-0000
Torleiv Kløve,University of Bergen,http://www.ii.uib.no/~torleiv/engelsk.html,NOSCHOLARPAGE,0000-0000-0000-0000
Torsten Braun,University of Bern,http://www.iam.unibe.ch/~braun,eL8OzgIAAAAJ,0000-0001-5968-7108
Torsten Eymann,University of Bayreuth,https://www.bwl7.uni-bayreuth.de/de/team/eymann_torsten/index.php,_3iS3B8AAAAJ,0000-0000-0000-0000
Torsten Grust,University of Tübingen,https://db.inf.uni-tuebingen.de/team/TorstenGrust.html,8z0TuC0AAAAJ,0000-0000-0000-0000
Torsten Hoefler,ETH Zurich,https://htor.inf.ethz.ch,DdBvcBEAAAAJ,0000-0002-1333-9797
Torsten Höfler,ETH Zurich,https://htor.inf.ethz.ch,DdBvcBEAAAAJ,0000-0000-0000-0000
Torsten Ingo Braun,University of Bern,http://www.iam.unibe.ch/~braun,eL8OzgIAAAAJ,0000-0000-0000-0000
Torsten Muetze,University of Warwick,https://warwick.ac.uk/fac/sci/dcs/people/torsten_mutze,9232pxwAAAAJ,0000-0000-0000-0000
Torsten Möller,University of Vienna,https://cs.univie.ac.at/torsten.moeller,3cGVmqsAAAAJ,0000-0003-1192-0710
Torsten Mütze,University of Warwick,https://warwick.ac.uk/fac/sci/dcs/people/torsten_mutze,9232pxwAAAAJ,0000-0000-0000-0000
Torsten Sattler,Czech Technical University,https://tsattler.github.io,jzx6_ZIAAAAJ,0000-0001-9760-4553
Torsten Schaub,University of Potsdam,https://www.cs.uni-potsdam.de/wv/people/torsten,XknBv7MAAAAJ,0000-0002-7456-041X
Torsten Suel,New York University,http://engineering.nyu.edu/~suel,eQUn8ugAAAAJ,0000-0002-8324-980X
Torsten Söderström,Uppsala University,http://user.it.uu.se/~ts,NOSCHOLARPAGE,0000-0000-0000-0000
Torsten Ueckerdt,Karlsruhe Inst. of Technology,https://i11www.iti.kit.edu/members/torsten_ueckerdt/index,QWbu1vAAAAAJ,0000-0002-0645-9715
Torsten W. Kuhlen,RWTH Aachen University,http://www.vr.rwth-aachen.de/person/1,O9ywg_UAAAAJ,0000-0003-2144-4367
Torsten Wolfgang Kuhlen,RWTH Aachen University,http://www.vr.rwth-aachen.de/person/1,O9ywg_UAAAAJ,0000-0003-2144-4367
Torsten Zesch,University of Duisburg-Essen,https://www.ltl.uni-due.de/team/torsten-zesch,vWeDs00AAAAJ,0000-0002-9678-3825
Toru Ishida,Kyoto University,http://www.ai.soc.i.kyoto-u.ac.jp/~ishida,x11Wp_sAAAAJ,0000-0000-0000-0000
Toshiaki Murofushi,Tokyo Institute of Technology,http://www.fz.dis.titech.ac.jp/~murofusi,NOSCHOLARPAGE,0000-0000-0000-0000
Toshiharu Sugawara,Waseda University,http://www.isl.cs.waseda.ac.jp/~sugawara/index-j.html,NOSCHOLARPAGE,0000-0002-9271-4507
Toshihiko Yamasaki,University of Tokyo,https://www.hal.t.u-tokyo.ac.jp/~yamasaki/index-e.html,rE9iY5MAAAAJ,0000-0002-1784-2314
Toshio Aoyagi,Kyoto University,http://wwwfs.acs.i.kyoto-u.ac.jp/~aoyagi/DATA/TOP.html,NOSCHOLARPAGE,0000-0000-0000-0000
Toshio Endo,Tokyo Institute of Technology,http://www.el.gsic.titech.ac.jp/~endo/index.html.en,xP3NeMEAAAAJ,0000-0001-7297-6211
Toshiya Hachisuka,University of Waterloo,https://cs.uwaterloo.ca/~thachisu,SPK8lekAAAAJ,0000-0003-0284-3776
Toshiyuki Amagasa,University of Tsukuba,http://www.kde.cs.tsukuba.ac.jp/~amagasa/hikifarm/home/?IndexE,L4hdfUUAAAAJ,0000-0003-0595-2230
Toshiyuki Nakata,University of Tokyo,http://www.ms.u-tokyo.ac.jp/~toshi,wXZ9Ym4AAAAJ,0000-0000-0000-0000
Toshiyuki Tanaka,Kyoto University,http://www-adsys.sys.i.kyoto-u.ac.jp/tt/Tanaka-e.html,J_bqd7EAAAAJ,0000-0000-0000-0000
Tova Milo,Tel Aviv University,http://www.math.tau.ac.il/~milo,X1-ovCkAAAAJ,0000-0002-8566-8821
Tovi Grossman,University of Toronto,http://www.tovigrossman.com,EZgkJ3sAAAAJ,0000-0002-0494-5373
Toygar Akgün,TOBB ETÜ,https://www.etu.edu.tr/en/bolum/computer-engineering/akademik-kadro?l=1#toygar-akgun,zJskGBsAAAAJ,0000-0001-9674-938X
Toyoaki Nishida,Kyoto University,https://www.ii.ist.i.kyoto-u.ac.jp/?page_id=181&lang=en,yBpGoLMAAAAJ,0000-0000-0000-0000
Tracey Ho,California Inst. of Technology,http://www.its.caltech.edu/~tho,bI2zeOUAAAAJ,0000-0000-0000-0000
Tracy Anne Hammond,Texas A&M University,http://srl.tamu.edu,NOSCHOLARPAGE,0000-0001-7272-0507
Tracy Camp,Colorado School of Mines,http://www.mines.edu/~tcamp,8TyIlFgAAAAJ,0000-0000-0000-0000
Tracy Hall,Lancaster University,https://www.lancaster.ac.uk/scc/about-us/people/tracy-hall,TPQhlqgAAAAJ,0000-0002-2728-9014
Tracy Hammond,Texas A&M University,http://srl.tamu.edu,NOSCHOLARPAGE,0000-0001-7272-0507
Tracy Larrabee,Univ. of California - Santa Cruz,https://www.soe.ucsc.edu/people/larrabee,NOSCHOLARPAGE,0000-0000-0000-0000
Tran Cao Son,New Mexico State University,http://www.cs.nmsu.edu/~tson,7jKj_NcAAAAJ,0000-0000-0000-0000
Tran Trung Duy,PTIT,http://www.trantrungduy.edu.vn,9sVDBIoAAAAJ,0000-0000-0000-0000
Travis Atkison,The University of Alabama,http://atkison.cs.ua.edu,NOSCHOLARPAGE,0000-0000-0000-0000
Travis D. Breaux,Carnegie Mellon University,https://www.cs.cmu.edu/~breaux,SjiG_ZsAAAAJ,0000-0001-7127-8155
Travis Desell,Rochester Inst. of Technology,http://http://tdesell.cs.und.edu,K9xdZDkAAAAJ,0000-0000-0000-0000
Travis J. Desell,Rochester Inst. of Technology,http://http://tdesell.cs.und.edu,K9xdZDkAAAAJ,0000-0000-0000-0000
Trent Jaeger,Univ. of California - Riverside,http://www.trentjaeger.com,JS8aznIAAAAJ,0000-0002-4964-1170
Trevor Alexander Brown,University of Waterloo,http://www.cs.toronto.edu/~tabrown,MaSuaDkAAAAJ,0000-0000-0000-0000
Trevor Anthony Cohn,University of Melbourne,http://people.eng.unimelb.edu.au/tcohn,FCom398AAAAJ,0000-0000-0000-0000
Trevor Bonjour,Univ. of California - San Diego,https://profiles.ucsd.edu/trevor.bonjour,FeINO6AAAAAJ,0000-0000-0000-0000
Trevor Brown 0001,University of Waterloo,http://www.cs.toronto.edu/~tabrown,MaSuaDkAAAAJ,0000-0002-0074-1031
Trevor Cohn,University of Melbourne,http://people.eng.unimelb.edu.au/tcohn,FCom398AAAAJ,0000-0003-4363-1673
Trevor Darrell,Univ. of California - Berkeley,https://people.eecs.berkeley.edu/~trevor,bh-uRFMAAAAJ,0000-0001-5453-8533
Trevor E. Carlson,National University of Singapore,https://www.comp.nus.edu.sg/~tcarlson,bUK5DP4AAAAJ,0000-0001-8742-134X
Trevor Erik Carlson,National University of Singapore,https://www.comp.nus.edu.sg/~tcarlson,bUK5DP4AAAAJ,0000-0000-0000-0000
Trevor I. Fenner,Birkbeck University of London,https://www.dcs.bbk.ac.uk/about/people/academic-staff/trevor,NOSCHOLARPAGE,0000-0000-0000-0000
Trevor L. McDonell,Utrecht University,https://tmcdonell.github.io,v6l6VB8AAAAJ,0000-0001-7806-9751
Trey Ideker,Univ. of California - San Diego,https://idekerlab.ucsd.edu,KnAit3cAAAAJ,0000-0002-1708-8454
Trey Woodlief,College of William and Mary,https://treywoodlief.com,HKheGDcAAAAJ,0000-0001-9803-8303
Tri Dao,Princeton University,https://www.cs.princeton.edu/people/profile/td8762,NQRw0bQAAAAJ,0000-0000-0000-0000
Tricha Anjali,IIIT Bangalore,http://www.iiitb.ac.in/faculty_page.php?name=TrichaAnjali,Xxqp1TUAAAAJ,0000-0000-0000-0000
Trienko L. Grobler,Stellenbosch University,http://www.cs.sun.ac.za/people/academic,R-voJbEAAAAJ,0000-0000-0000-0000
Trienko Lups Grobler,Stellenbosch University,http://www.cs.sun.ac.za/people/academic,R-voJbEAAAAJ,0000-0000-0000-0000
Trilce Estrada,University of New Mexico,http://www.cs.unm.edu/~estrada/trilce/pmwiki.php,pwzksPcAAAAJ,0000-0001-7743-8754
Trinabh Gupta,Univ. of California - Santa Barbara,https://www.cs.ucsb.edu/~trinabh,U37HVOcAAAAJ,0000-0001-6276-2164
Tristan Braud,HKUST,https://facultyprofiles.hkust.edu.hk/profiles.php?profile=tristan-camille-braud-braudt,ZOZtoQUAAAAJ,0000-0002-9571-0544
Tristan Caulfield,University College London,https://iris.ucl.ac.uk/iris/browse/profile?upi=TCAUL00,WN-vzZ8AAAAJ,0000-0002-7039-6472
Tristan Cazenave,Université Paris Dauphine,https://www.lamsade.dauphine.fr/~cazenave,FLamzMUAAAAJ,0000-0003-4669-9374
Tristan Glatard,Concordia University,http://scholar.google.fr/citations?user=HpsswVgAAAAJ,HpsswVgAAAAJ,0000-0000-0000-0000
Tristan Henderson,University of St Andrews,https://tnhh.org,D7ogj-kAAAAJ,0000-0002-5028-9047
Troels Bjerre Lund,IT University of Copenhagen,http://www.itu.dk/people/trbj,2tOriSoAAAAJ,0000-0000-0000-0000
Troels Bjerre Sørensen,IT University of Copenhagen,http://www.itu.dk/people/trbj,2tOriSoAAAAJ,0000-0000-0000-0000
Troels Henriksen,University of Copenhagen,https://di.ku.dk/english/staff/vip/researchers_pltc/?pure=en/persons/304977,ZRnriNQAAAAJ,0000-0002-1195-9722
Trond Aalberg,NTNU,https://www.ntnu.edu/employees/trondaal,8UTZJ0wAAAAJ,0000-0000-0000-0000
Trond Steihaug,University of Bergen,http://www.ii.uib.no/~trond,NOSCHOLARPAGE,0000-0000-0000-0000
Trong Nghia Hoang,Washington State University,https://school.eecs.wsu.edu/faculty/profile/?nid=trongnghia.hoang,E-kZZeQAAAAJ,0000-0002-9175-6246
Troy Bruggemann,Queensland Univ. of Technology,https://research.qut.edu.au/qcr/people/troy-bruggemann,WcumWs8AAAAJ,0000-0000-0000-0000
Troy Lee,University of Technology Sydney,https://www.uts.edu.au/staff/troy.lee,iSjOah4AAAAJ,0000-0000-0000-0000
Troy McDaniel,Arizona State University,https://search.asu.edu/profile/286669,jn0yx4QAAAAJ,0000-0000-0000-0000
Trung Q. Duong,Queen's University Belfast,https://www.qub.ac.uk/schools/eeecs/Connect/Staff/BusinessCard/?name=trung.q.duong,PwsDdmEAAAAJ,0000-0000-0000-0000
Trung Quang Duong,Queen's University Belfast,https://www.qub.ac.uk/schools/eeecs/Connect/Staff/BusinessCard/?name=trung.q.duong,PwsDdmEAAAAJ,0000-0000-0000-0000
Truong Nghiem,Northern Arizona University,https://nau.edu/siccs/faculty,ELMp9FMAAAAJ,0000-0003-4841-3800
Truong X. Nghiem,Northern Arizona University,https://nau.edu/siccs/faculty,ELMp9FMAAAAJ,0000-0003-4841-3800
Tsaipei Wang,National Chiao Tung University,http://www.cis.nctu.edu.tw/~wangts,NOSCHOLARPAGE,0000-0000-0000-0000
Tsang Ing Ren,UFPE,https://lattes.cnpq.br/3084134533707587,TdlHZ0kAAAAJ,0000-0000-0000-0000
Tse-Hsun (Peter) Chen,Concordia University,http://petertsehsun.github.io,gUBD7x0AAAAJ,0000-0003-4027-0905
Tse-Hsun Chen,Concordia University,http://petertsehsun.github.io,gUBD7x0AAAAJ,0000-0003-4027-0905
Tse-Hsun Peter Chen,Concordia University,http://petertsehsun.github.io,gUBD7x0AAAAJ,0000-0003-4027-0905
Tsi-Ui Ik,National Chiao Tung University,http://people.cs.nctu.edu.tw/~yi,NOSCHOLARPAGE,0000-0001-6432-9161
Tsu-Han Chen,Cornell University,https://www.ece.cornell.edu/people/profile.cfm?netid=tc345,NOSCHOLARPAGE,0000-0000-0000-0000
Tsu-Jae King Liu,Univ. of California - Berkeley,https://www.eecs.berkeley.edu/~tking,lMUmE_UAAAAJ,0000-0000-0000-0000
Tsuhan Chen,National University of Singapore,http://www.nus.edu.sg/about/management/chen-tsuhan,syCMBRIAAAAJ,0000-0003-3951-7931
Tsui-Wei Weng,Univ. of California - San Diego,https://lilyweng.github.io,v8GM4xoAAAAJ,0000-0000-0000-0000
Tsung-Chi Lin,NJIT,https://www.lintsungchi.com,9gCMg9cAAAAJ,0000-0000-0000-0000
Tsung-Hui Chang,CUHK (SZ),https://myweb.cuhk.edu.cn/changtsunghui/Home,FilDDCUAAAAJ,0000-0000-0000-0000
Tsung-Wei Huang,University of Wisconsin - Madison,https://tsung-wei-huang.github.io/team,ibeirYQAAAAJ,0000-0001-9768-3378
Tsung-Wei Ke,National Taiwan University,https://twke18.github.io,WTEFsHMAAAAJ,0000-0003-1315-3834
Tsung-Yi Ho,Chinese University of Hong Kong,https://www.cse.cuhk.edu.hk/people/faculty/tsung-yi-ho,TRDUYkAAAAAJ,0000-0001-7348-5625
Tsuyoshi Murata,Tokyo Institute of Technology,http://www.net.c.titech.ac.jp/index.html,NOSCHOLARPAGE,0000-0002-3818-7830
Tsvi Kopelowitz,Bar-Ilan University,https://sites.google.com/site/kopelot,P83OkWUAAAAJ,0000-0000-0000-0000
Tsz Chiu Kwok,SUFE,http://itcs.shufe.edu.cn/tckwok,579buxIAAAAJ,0000-0000-0000-0000
Tsz Hon Yuen,Monash University,https://research.monash.edu/en/persons/john-yuen,aVLlo-gAAAAJ,0000-0002-0629-6792
Tsz Nam Chan,Shenzhen University,https://edisonchan-szu.github.io,b2AOUEEAAAAJ,0000-0001-5851-7967
Tsz-Chiu Au,Texas State University,https://chiuau.github.io,2CTRfewAAAAJ,0009-0004-6137-1056
Tsì-Uí Ik,National Chiao Tung University,http://people.cs.nctu.edu.tw/~yi,NOSCHOLARPAGE,0000-0000-0000-0000
Tu Minh Phuong,PTIT,https://sites.google.com/view/tmphuong,yJvNgd4AAAAJ,0000-0001-6415-228X
Tu Vu,Virginia Tech,https://tuvllms.github.io,tOevwEEAAAAJ,0009-0009-5241-1972
Tuan M. V. Le,New Mexico State University,https://sites.google.com/site/vmtuanle,dkt80HIAAAAJ,0000-0000-0000-0000
Tuba Yavuz,University of Florida,http://www.tuba.ece.ufl.edu,NOSCHOLARPAGE,0000-0000-0000-0000
Tuba Yavuz-Kahveci,University of Florida,http://www.tuba.ece.ufl.edu,NOSCHOLARPAGE,0000-0000-0000-0000
Tucker Hermans,University of Utah,http://www.cs.utah.edu/~thermans,VbMNUXoAAAAJ,0000-0000-0000-0000
Tudor Dumitras,Univ. of Maryland - College Park,http://users.umiacs.umd.edu/~tdumitra,f6terwoAAAAJ,0000-0000-0000-0000
Tue Herlau,DTU,https://www.compute.dtu.dk/english,NOSCHOLARPAGE,0000-0000-0000-0000
Tugkan Tuglular,Izmir Institute of Technology,http://ceng.iyte.edu.tr/people/tugkan-tuglular,5FyBmLkAAAAJ,0000-0000-0000-0000
Tugrulcan Elmas,University of Edinburgh,http://www.inf.ed.ac.uk/people/staff/Tj_Elmas.html,0oyamTsAAAAJ,0000-0000-0000-0000
Tuhin Chakrabarty,Stony Brook University,https://www.cs.stonybrook.edu/people/faculty/tuhinchakrabarty,HCmFuo8AAAAJ,0009-0003-9120-4526
Tulika Mitra,National University of Singapore,http://www.comp.nus.edu.sg/~tulika,ajeWJ4UAAAAJ,0000-0003-4136-4188
Tullio Vardanega,University of Padova,https://www.math.unipd.it/~tullio,arxht7cAAAAJ,0000-0002-0089-0889
Tun Lu,Fudan University,http://cscw.fudan.edu.cn/%E7%A7%91%E7%A0%94%E9%98%9F%E4%BC%8D/%E6%95%99%E5%B8%88%E5%8F%8A%E5%8D%9A%E5%A3%AB%E5%90%8E/%E5%8D%A2%E6%9A%BE,VYEL_GQAAAAJ,0000-0002-6633-4826
Tuna Tugcu,Boğaziçi University,http://www.cmpe.boun.edu.tr/~tugcu,aN_VUtQAAAAJ,0000-0000-0000-0000
Tunca Dogan,Hacettepe University,http://yunus.hacettepe.edu.tr/~tuncadogan,tHnMNPEAAAAJ,0000-0002-1298-9763
Tunga Gungor,Boğaziçi University,https://www.cmpe.boun.edu.tr/~gungort,oymuGoYAAAAJ,0000-0000-0000-0000
Tunga Güngör,Boğaziçi University,https://www.cmpe.boun.edu.tr/~gungort,oymuGoYAAAAJ,0000-0001-9448-9422
Tuo Zhao,Georgia Institute of Technology,https://www2.isye.gatech.edu/~tzhao80,EJXN6tYAAAAJ,0000-0000-0000-0000
Tuomas Aura,Aalto University,https://people.aalto.fi/new/tuomas.aura,izj4P5gAAAAJ,0000-0003-1648-8875
Tuomas Sandholm,Carnegie Mellon University,http://www.cs.cmu.edu/~sandholm,0DpK1EMAAAAJ,0000-0001-8861-9366
Tuomas Virtanen,Tampere University,https://www.tuni.fi/en/tuomas-virtanen,hRjwVoMAAAAJ,0000-0000-0000-0000
Turgay Korkmaz,University of Texas at San Antonio,http://www.cs.utsa.edu/~korkmaz,yBuIVfIAAAAJ,0000-0000-0000-0000
Tushar Jain,IIT Mandi,http://faculty.iitmandi.ac.in/~tushar,RPol2lkAAAAJ,0000-0002-9261-803X
Tushar Krishna,Georgia Institute of Technology,http://tusharkrishna.ece.gatech.edu,P__ztgcAAAAJ,0000-0001-5738-6942
Tushar M. Jois,CUNY,https://www.gc.cuny.edu/people/tushar-jois,GKbceiUAAAAJ,0000-0002-2740-8407
Tushar Sharma 0001,Dalhousie University,http://www.tusharma.in,VHjAIe8AAAAJ,0000-0002-0538-052X
Tuukka Ruotsalo,University of Copenhagen,https://di.ku.dk/english/staff/?pure=en/persons/679001,Dwj2B9EAAAAJ,0000-0002-2203-4928
Tuvi Etzion,Technion,http://www.cs.technion.ac.il/people/etzion,dnM-TsAAAAAJ,0000-0000-0000-0000
Tyge Tiessen,DTU,https://orbit.dtu.dk/en/persons/jens-tyge-tiessen,W_qU3EYAAAAJ,0000-0003-1189-9528
Tyler Derr,Vanderbilt University,https://tylersnetwork.github.io,et6IhFcAAAAJ,0000-0002-0080-5998
Tyler Moore 0001,University of Tulsa,https://tylermoore.ens.utulsa.edu,JtTsVAkAAAAJ,0000-0002-8771-8191
Tyler Sorensen 0001,Univ. of California - Santa Cruz,https://users.soe.ucsc.edu/~tsorensen,Ax7ebzoAAAAJ,0000-0003-1646-7935
Tyler W. Moore,University of Tulsa,https://tylermoore.ens.utulsa.edu,JtTsVAkAAAAJ,0000-0000-0000-0000
Tyrone E. Duncan,University of Kansas,https://www.math.ku.edu/people/faculty/duncan.html,NOSCHOLARPAGE,0000-0000-0000-0000
Tze Sing Eugene Ng,Rice University,https://www.cs.rice.edu/~eugeneng,P07ZE9sAAAAJ,0000-0000-0000-0000
Tze-Yun Leong,National University of Singapore,https://www.comp.nus.edu.sg/~leongty,GJXdZuwAAAAJ,0000-0000-0000-0000
Tzipora Halevi,CUNY,https://thalevi.github.io,LgwWoI0AAAAJ,0000-0000-0000-0000
Tzonelih Hwang,National Cheng Kung University,http://www.csie.ncku.edu.tw/ncku_csie/depmember/teacherdetail/id/4,NOSCHOLARPAGE,0000-0000-0000-0000
Tzu-Chien Hsiao,National Chiao Tung University,https://sites.google.com/site/labview704/About-Us/TC,JPMrsz0AAAAJ,0000-0000-0000-0000
Tzu-Mao Li,Univ. of California - San Diego,https://people.csail.mit.edu/tzumao,Y7MCOdYAAAAJ,0000-0001-5443-470X
Tõnu Tamme,University of Tartu,http://www.ut.ee/en/tonu-tamme,076eOUoAAAAJ,0000-0000-0000-0000
Tülay Adali,Univ. of Maryland - Baltimore County,http://www.csee.umbc.edu/~adali,KgjUnawAAAAJ,0000-0000-0000-0000
