name,affiliation,homepage,scholarid,orcid
B. Aditya Prakash,Georgia Institute of Technology,http://www.cc.gatech.edu/~badityap,C-NftTgAAAAJ,0000-0002-3252-455X
B. B. Amberker,National Inst. of Tech. Warangal,https://wsdc.nitw.ac.in/facultynew/facultyprofile/id/16334,Nf686AUAAAAJ,0000-0000-0000-0000
B. Berk Üstündag,Istanbul Technical University,http://akademi.itu.edu.tr/bustundag,JJY3eIEAAAAJ,0000-0000-0000-0000
B. Chandrasekaran 0002,VU Amsterdam,https://balakrishnanc.github.io,wDjUEMMAAAAJ,0000-0000-0000-0000
B. David Saunders,University of Delaware,https://www.eecis.udel.edu/~saunders,U-0PM_cAAAAJ,0000-0000-0000-0000
B. G. Kim,University of Massachusetts Lowell,http://www.cs.uml.edu/~kim,ujXxdMIAAAAJ,0000-0000-0000-0000
B. John Oommen,Carleton University,http://www.scs.carleton.ca/~oommen,E5TiDR4AAAAJ,0000-0002-5105-1575
B. Prabhakaran 0001,University of Texas at Dallas,http://www.utdallas.edu/~praba,4yki88YAAAAJ,0000-0000-0000-0000
B. R. Badrinath,Rutgers University,http://www.cs.rutgers.edu/~badri,ZuCDNqwAAAAJ,0000-0000-0000-0000
B. S. Manjunath,Univ. of California - Santa Barbara,https://vision.ece.ucsb.edu/people/bs-manjunath,wRYM4qgAAAAJ,0000-0000-0000-0000
B. Srivathsan,CMI,http://www.cmi.ac.in/~sri,2SMNivQAAAAJ,0000-0003-2666-0691
B. Uma Shankar,ISI Kolkata,https://www.isical.ac.in/~uma,qE04IkQAAAAJ,0000-0000-0000-0000
B. V. Raghavendra Rao,IIT Madras,http://www.cse.iitm.ac.in/~bvrr,jFu4ljYAAAAJ,0000-0000-0000-0000
Baba C. Vemuri,University of Florida,https://www.cise.ufl.edu/~vemuri,1fEZ_osAAAAJ,0000-0002-1400-5844
Babak A. Farshchian,NTNU,https://www.ntnu.edu/employees/babak.farshchian,fGgCWqgAAAAJ,0000-0000-0000-0000
Babak Falsafi,EPFL,http://parsa.epfl.ch/~falsafi,LaNEuBUAAAAJ,0000-0001-5916-8068
Babak Hassibi,California Inst. of Technology,https://www.babak.caltech.edu,1XoZPhEAAAAJ,0000-0000-0000-0000
Babak Parkhideh,UNC - Charlotte,https://ece.charlotte.edu/directory/dr-babak-parkhideh-phd,JLhP3oAAAAJ,0000-0000-0000-0000
Babak Salimi,Univ. of California - San Diego,https://bsalimi.github.io,C8hpXkAAAAJ,0000-0001-8763-8354
Bach Le,University of Melbourne,https://findanexpert.unimelb.edu.au/profile/853277-bach-le,AUJWzE8AAAAJ,0000-0001-5044-1582
Badal Soni,National Inst. of Tech. Silchar,http://cs.nits.ac.in/badal,QjXhGYsAAAAJ,0000-0002-9617-9468
Badri Nath,Rutgers University,http://www.cs.rutgers.edu/~badri,ZuCDNqwAAAAJ,0000-0003-3249-1900
Badrinath Roysam,University of Houston,http://www.ee.uh.edu/faculty/roysam,JL4E0ZoAAAAJ,0000-0002-8310-1389
Badri N. Vellambi,University of Cincinnati,https://researchdirectory.uc.edu/p/vellambn,1J6LSSIAAAAJ,0000-0000-0000-0000
Badrul H. Chowdhury,UNC - Charlotte,https://ece.charlotte.edu/directory/dr-badrul-chowdhury-phd,03NaljoAAAAJ,0000-0000-0000-0000
Baek-Young Choi,Missouri S&T,https://www.choiby.net,Ce0nO6wAAAAJ,0000-0003-4449-2425
Bahar Asgari,Univ. of Maryland - College Park,https://www.umiacs.umd.edu/people/baharasgari,19grMJMAAAAJ,0000-0003-2305-9892
Baharak Rastegari,University of Southampton,https://www.ecs.soton.ac.uk/people/br1e18,C2wWMqsAAAAJ,0000-0002-0985-573X
Baharan Mirzasoleiman,Univ. of California - Los Angeles,https://cs.stanford.edu/~baharanm,x63j7HEAAAAJ,0000-0000-0000-0000
Bahareh Afshari,Chalmers/GU,https://www.chalmers.se/en/staff/Pages/bahareh-afshari.aspx,NOSCHOLARPAGE,0000-0003-1511-1208
Bahman Javadi,Western Sydney University,https://staff.cdms.westernsydney.edu.au/~bjavadi,GS-qMD4AAAAJ,0000-0003-2351-9801
Bahman Kalantari,Rutgers University,http://www.cs.rutgers.edu/~kalantar,NOSCHOLARPAGE,0000-0000-0000-0000
Bahri Atay Ozgovde,Galatasaray University,https://avesis.gsu.edu.tr/aozgovde,obp2euEAAAAJ,0000-0000-0000-0000
Bahtijar Vogel,Malmö University,https://mau.se/en/persons/bahtijar.vogel,o69gtKwAAAAJ,0000-0001-6708-5983
Bai Wang 0001,BUPT,https://scs.bupt.edu.cn/info/1088/1313.htm,s5INMX8AAAAJ,0000-0000-0000-0000
Bai Xue 0001,Chinese Academy of Sciences,https://lcs.ios.ac.cn/~xuebai/index.html,N3KuaXwAAAAJ,0000-0001-9717-846X
Baihua Li,Loughborough University,https://www.lboro.ac.uk/departments/compsci/staff/academic-teaching/baihua-li,sQT_ID0AAAAJ,0000-0002-4930-7690
Baihua Zheng,Singapore Management University,https://sis.smu.edu.sg/faculty/profile/9643/ZHENG-Baihua,o5k9wxUAAAAJ,0000-0001-9792-9171
Baile Chen,ShanghaiTech University,https://faculty.sist.shanghaitech.edu.cn/faculty/chenbl/#about,QeDfSjAAAAAJ,0000-0002-3265-5787
Bailin Deng,Cardiff University,https://www.cardiff.ac.uk/people/view/598849-deng-bailin,zNXnH-UAAAAJ,0000-0002-0158-7670
Baiquan Su,BUPT,https://teacher.bupt.edu.cn/subaiquan/zh_CN/index.htm,E9Q_OuMAAAAJ,0000-0002-8703-3918
Baishakhi Ray,Columbia University,http://rayb.info,VaAEb5YAAAAJ,0000-0003-3406-5235
Bakh Khoussainov,UESTC,https://bakh-tcs.github.io,qQv6KckAAAAJ,0000-0002-7522-1241
Bakhadyr Khoussainov,UESTC,https://bakh-tcs.github.io,qQv6KckAAAAJ,0000-0000-0000-0000
Baki Cakici,IT University of Copenhagen,https://pure.itu.dk/portal/en/persons/baki-cakici(b614ac6f-eefa-44a3-8b9a-092b88d86d37).html,0UVuv_0AAAAJ,0000-0000-0000-0000
Bala Kalyanasundaram,Georgetown University,http://people.cs.georgetown.edu/~kalyan,NOSCHOLARPAGE,0000-0000-0000-0000
Bala Kameshwar Poolla,Univ. of California - Berkeley,https://www2.eecs.berkeley.edu/Faculty/Homepages/poolla.html,_Bjrr5AAAAAJ,0000-0001-6081-6747
Bala Srinivasan,Monash University,http://monash.edu/research/explore/en/persons/balasubramaniam-srinivasan(6a75b48c-6276-4090-90c9-0d784c16c78d).html,NOSCHOLARPAGE,0000-0000-0000-0000
Balagopal Komarath,IIT Gandhinagar,https://iitgn.ac.in/faculty/cse/balagopal,NOSCHOLARPAGE,0000-0000-0000-0000
Balajee Vamanan,University of Illinois at Chicago,https://www.cs.uic.edu/~balajee,GKvAsQMAAAAJ,0000-0002-7581-6624
Balaji Palanisamy,University of Pittsburgh,http://www.sis.pitt.edu/bpalan,aA2WomkAAAAJ,0000-0002-0282-0913
Balaji Parthasarathy,IIIT Bangalore,http://citapp.iiitb.ac.in/staff-members/balaji-parthasarathy,cbrHE1YAAAAJ,0000-0000-0000-0000
Balaji Prabhakar,Stanford University,http://web.stanford.edu/~balaji,TyPF9V4AAAAJ,0009-0006-3106-8720
Balaji Raghavachari,University of Texas at Dallas,https://www.utdallas.edu/~rbk,NOSCHOLARPAGE,0000-0000-0000-0000
Balakrishnan Chandrasekaran 0002,VU Amsterdam,https://balakrishnanc.github.io,wDjUEMMAAAAJ,0000-0002-5582-1223
Balakrishnan Prabhakaran,University of Texas at Dallas,http://www.utdallas.edu/~praba,4yki88YAAAAJ,0000-0000-0000-0000
Balakrishnan Prabhakaran 0001,University of Texas at Dallas,http://www.utdallas.edu/~praba,4yki88YAAAAJ,0000-0000-0000-0000
Balaprakasa Rao Killi,National Inst. of Tech. Warangal,https://wsdc.nitw.ac.in/facultynew/facultyprofile/id/17028,zpYxy98AAAAJ,0000-0000-0000-0000
Balaraman Ravindran,IIT Madras,http://www.cse.iitm.ac.in/~ravi,nGUcGrYAAAAJ,0000-0002-5364-7639
Balasubramaniam Srinivasan,Monash University,http://monash.edu/research/explore/en/persons/balasubramaniam-srinivasan(6a75b48c-6276-4090-90c9-0d784c16c78d).html,NOSCHOLARPAGE,0000-0000-0000-0000
Balasubramanian Raman,IIT Roorkee,http://www.iitr.ac.in/departments/CSE/pages/Home+Departments_and_Centres+Mathematics+People+Faculty+Balasubramanian_R_.html,QU2O6JMAAAAJ,0000-0000-0000-0000
Balbir Barn,Middlesex University,http://www.cs.mdx.ac.uk/people/balbir-barn,2Sw7gb4AAAAJ,0000-0002-7251-5033
Balbir S. Barn,Middlesex University,http://www.cs.mdx.ac.uk/people/balbir-barn,2Sw7gb4AAAAJ,0000-0002-7251-5033
Balder ten Cate,University of Amsterdam,https://staff.fnwi.uva.nl/b.d.tencate,DeFaEH8AAAAJ,0000-0002-2538-5846
Balwinder Sodhi,IIT Ropar,http://www.iitrpr.ac.in/sodhi,NOSCHOLARPAGE,0000-0000-0000-0000
Bamshad Mobasher,DePaul University,http://facweb.cs.depaul.edu/mobasher,VxhX6sAAAAAJ,0000-0001-9701-9178
Banafsheh Rekabdar,Portland State University,https://www.pdx.edu/profile/banafsheh-rekabdar,hjwSKrIAAAAJ,0009-0008-0871-5752
Banchhanidhi Dash,KIIT Bhubaneswar,https://cse.kiit.ac.in/profiles/banchhanidhi-dash,B85i66EAAAAJ,0000-0000-0000-0000
Bangalore S. Manjunath,Univ. of California - Santa Barbara,https://vision.ece.ucsb.edu/people/bs-manjunath,wRYM4qgAAAAJ,0000-0000-0000-0000
Bangti Jin,University College London,http://www0.cs.ucl.ac.uk/staff/B.Jin,8Axgx3wAAAAJ,0000-0002-3775-9155
Banu Diri,Yıldız Technical University,https://www.ce.yildiz.edu.tr/personal/banud?lang=en,GUQMy2UAAAAJ,0000-0002-6652-4339
Bao-Gang Hu,Chinese Academy of Sciences,http://people.ucas.ac.cn/~hubaogang,Npo7kokAAAAJ,0000-0002-6916-5394
Bao-Liang Lu,Shanghai Jiao Tong University,http://bcmi.sjtu.edu.cn/~blu,709il6EAAAAJ,0000-0001-8359-0058
Bao-Shuh Paul Lin,National Yang Ming Chiao Tung University,http://bplin.eic.nycu.edu.tw,lS1WwSwAAAAJ,0000-0000-0000-0000
Baobao Chang,Peking University,http://icl.pku.edu.cn/members/chbb,NOSCHOLARPAGE,0000-0000-0000-0000
Baochun Li,University of Toronto,http://iqua.ece.toronto.edu/bli,rkb3_FgAAAAJ,0000-0003-2404-0974
Baogang Wei,Zhejiang University,http://mypage.zju.edu.cn/wbg,NOSCHOLARPAGE,0000-0000-0000-0000
Baojiang Cui,BUPT,https://scss.bupt.edu.cn/info/1063/1140.htm,NOSCHOLARPAGE,0000-0000-0000-0000
Baojiang Zhong,Soochow University,http://scst.suda.edu.cn/11250/list.htm,NOSCHOLARPAGE,0000-0000-0000-0000
Baolin Yin,Beihang University,http://scse.buaa.edu.cn/info/1037/2909.htm,NOSCHOLARPAGE,0000-0000-0000-0000
Baoliu Ye,Nanjing University,https://cs.nju.edu.cn/yebl,BlbNI_sAAAAJ,0000-0003-1065-449X
Baoquan Chen,Peking University,https://cfcs.pku.edu.cn/baoquan,iHWtrEAAAAAJ,0000-0003-4702-036X
Baotian Hu,Harbin Institute of Technology,http://faculty.hitsz.edu.cn/hubaotian,5NiJ1VoAAAAJ,0000-0001-7490-684X
Baowen Xu,Nanjing University,https://cs.nju.edu.cn/xubaowen,NOSCHOLARPAGE,0000-0001-7743-1296
Baoxiang Wang 0001,CUHK (SZ),http://bxiangwang.github.io,cQe4OeYAAAAJ,0000-0002-2997-0970
Baoxin Li,University of Illinois at Chicago,https://cs.uic.edu/faculty-staff/department-head,swnPphoAAAAJ,0000-0000-0000-0000
Baoyuan Wu,CUHK (SZ),https://sites.google.com/site/baoyuanwu2015/home,JNTG1KoAAAAJ,0000-0003-2183-5990
Bapi Chatterjee,IIIT Delhi,https://iiitd.ac.in/bapi,ILI-_h4AAAAJ,0000-0002-2742-4028
Bapi Raju Surampudi,IIIT Hyderabad,https://www.iiit.ac.in/people/faculty/rajubapi,bbSYyiAAAAAJ,0000-0003-2204-0890
Baptiste Jeudy,Université Jean Monnet,http://perso.univ-st-etienne.fr/jeudbapt,NOSCHOLARPAGE,0009-0000-8126-2608
Bara Buhnova,Masaryk University,https://www.muni.cz/en/people/39394,3J7jHK4AAAAJ,0000-0000-0000-0000
Barak A. Pearlmutter,Maynooth University,https://golconda.cs.nuim.ie/~barak,AxFrw0sAAAAJ,0000-0003-0521-4553
Barath Raghavan,University of Southern California,https://raghavan.usc.edu,Ikz6_Y0AAAAJ,0000-0003-3862-2983
Barbara Bruno,Karlsruhe Inst. of Technology,https://sarai.iar.kit.edu/21_58.php,KjYT8rwAAAAJ,0000-0003-0953-7173
Barbara Cutler,Rensselaer Polytechnic Institute,http://www.cs.rpi.edu/~cutler,NOSCHOLARPAGE,0000-0000-0000-0000
Barbara Di Eugenio,University of Illinois at Chicago,https://www.cs.uic.edu/DiEugenio,I4TkqC0AAAAJ,0000-0003-1706-2577
Barbara Dunin-Keplicz,University of Warsaw,https://www.mimuw.edu.pl/~keplicz,F5KWrrkAAAAJ,0000-0000-0000-0000
Barbara Gallina,Mälardalen University,http://www.es.mdh.se/staff/308-Barbara_Gallina,hkqid-wAAAAJ,0000-0000-0000-0000
Barbara H. Liskov,Massachusetts Inst. of Technology,https://www.csail.mit.edu/user/971,NOSCHOLARPAGE,0000-0000-0000-0000
Barbara Hammer,Bielefeld University,https://www.techfak.uni-bielefeld.de/~bhammer,1d3OxaUAAAAJ,0000-0002-0935-5591
Barbara J. Grosz,Harvard University,http://grosz.seas.harvard.edu,NOSCHOLARPAGE,0000-0000-0000-0000
Barbara König 0001,University of Duisburg-Essen,http://www.ti.inf.uni-due.de/en/people/koenig,bcM7IuEAAAAJ,0000-0002-4193-2889
Barbara Leporini,University of Pisa,https://di.unipi.it/en/people/#a028302,nW57-3kAAAAJ,0000-0003-2469-9648
Barbara Liskov,Massachusetts Inst. of Technology,https://www.csail.mit.edu/user/971,NOSCHOLARPAGE,0000-0000-0000-0000
Barbara M. Chapman,Stony Brook University,https://www.cs.stonybrook.edu/people/faculty/BarbaraChapman,2ZHGNCUAAAAJ,0000-0000-0000-0000
Barbara Mary Chapman,Stony Brook University,https://www.cs.stonybrook.edu/people/faculty/BarbaraChapman,2ZHGNCUAAAAJ,0000-0000-0000-0000
Barbara Masucci,University of Salerno,http://www.di.unisa.it/~masucci,Fd3T9wsAAAAJ,0000-0002-1570-8576
Barbara Paech,Heidelberg University,https://se.ifi.uni-heidelberg.de/people/barbara_paech.html,NOSCHOLARPAGE,0000-0000-0000-0000
Barbara Pernici,Politecnico di Milano,http://home.deib.polimi.it/pernici,r-f9TQEAAAAJ,0000-0002-2034-9774
Barbara Plank,LMU Munich,https://www.cis.lmu.de/personen/professoren/bplank/index.html,5nGlwIQAAAAJ,0000-0000-0000-0000
Barbara Poblete,Universidad de Chile,https://www.dcc.uchile.cl/barbara_poblete,eZBFWGEAAAAJ,0000-0002-7669-645X
Barbara Sabitzer,JKU Linz,https://www.jku.at/linz-school-of-education/ueber-uns/team/mint/sabitzer-barbara,woWR6uAAAAAJ,0000-0000-0000-0000
Barbara Webb,University of Edinburgh,http://homepages.inf.ed.ac.uk/bwebb,UwCeZUMAAAAJ,0000-0002-8336-6926
Barbara Weber,DTU,https://www.compute.dtu.dk/english,NOSCHOLARPAGE,0000-0002-6004-4860
Barbora Buhnova,Masaryk University,https://www.muni.cz/en/people/39394,3J7jHK4AAAAJ,0000-0003-4205-101X
Barbora Kozlíková,Masaryk University,https://www.muni.cz/en/people/60850,0hMZracAAAAJ,0000-0003-0045-0872
Barbora Zimmerová,Masaryk University,https://www.muni.cz/en/people/39394,3J7jHK4AAAAJ,0000-0000-0000-0000
Barend Beekhuizen,University of Toronto,https://www.cs.toronto.edu/~barend,VAWZLg8AAAAJ,0000-0000-0000-0000
Baris Akgün,Koç University,https://mysite.ku.edu.tr/baakgun,5sL0xZ4AAAAJ,0000-0002-4079-6889
Baris Kasikci,University of Washington,http://www.bariskasikci.org,y5J0h7gAAAAJ,0000-0001-6122-8998
Bariş Akgün,Koç University,https://mysite.ku.edu.tr/baakgun,5sL0xZ4AAAAJ,0000-0000-0000-0000
Barna Saha,Univ. of California - San Diego,https://barnasaha.net,BsmjRdoAAAAJ,0000-0002-6494-3839
Barnaby Martin,Durham University,https://www.dur.ac.uk/computer.science/staff/profile/?id=15258,NOSCHOLARPAGE,0000-0002-4642-8614
Barrett Ens,University of British Columbia,https://cmps.ok.ubc.ca/about/contact/barrett-ens,HDnP1eoAAAAJ,0000-0001-6695-4809
Barrett R. Bryant,University of North Texas,http://www.cse.unt.edu/~bryant,hMCK39sAAAAJ,0000-0000-0000-0000
Barry A. T. Brown,University of Copenhagen,https://di.ku.dk/english/staff/?pure=en/persons/742081,F59wGKwAAAAJ,0000-0002-9710-6607
Barry Brown 0001,University of Copenhagen,https://di.ku.dk/english/staff/?pure=en/persons/742081,F59wGKwAAAAJ,0000-0002-9710-6607
Barry Devereux,Queen's University Belfast,https://www.qub.ac.uk/schools/eeecs/Connect/Staff/BusinessCard/?name=b.devereux,AuyNOI4AAAAJ,0000-0000-0000-0000
Barry J. Devereux,Queen's University Belfast,https://www.qub.ac.uk/schools/eeecs/Connect/Staff/BusinessCard/?name=b.devereux,AuyNOI4AAAAJ,0000-0000-0000-0000
Barry Jay,University of Technology Sydney,https://www.uts.edu.au/staff/barry.jay,Ml9nDYQAAAAJ,0000-0000-0000-0000
Barry McCollum,Queen's University Belfast,https://www.qub.ac.uk/schools/eeecs/Connect/Staff/BusinessCard/?name=b.mccollum,LJCwMOEAAAAJ,0000-0000-0000-0000
Barry Porter,Lancaster University,https://www.lancaster.ac.uk/scc/about-us/people/barry-porter,bzBKAYwAAAAJ,0000-0001-8376-736X
Barry Smith 0001,University at Buffalo,http://ontology.buffalo.edu/smith,icGNWj4AAAAJ,0000-0000-0000-0000
Barry Smyth,University College Dublin,https://people.ucd.ie/barry.smyth,UxqudeoAAAAJ,0000-0000-0000-0000
Bart De Decker,KU Leuven,https://people.cs.kuleuven.be/~bart.dedecker/index.html,6_505coAAAAJ,0000-0000-0000-0000
Bart Demoen,KU Leuven,https://people.cs.kuleuven.be/~bart.demoen,NFqnq4wAAAAJ,0000-0000-0000-0000
Bart Goethals,University of Antwerp,https://www.uantwerpen.be/en/staff/bart-goethals,Zd1tXp8AAAAJ,0000-0001-9327-9554
Bart Jacobs 0001,Radboud University,http://www.cs.ru.nl/B.Jacobs,c2b9xloAAAAJ,0000-0000-0000-0000
Bart Jacobs 0002,KU Leuven,https://distrinet.cs.kuleuven.be/people/bartj,kCLViEMAAAAJ,0000-0002-3605-249X
Bart M. P. Jansen,TU Eindhoven,https://www.win.tue.nl/~bjansen,h8FEAYMAAAAJ,0000-0001-8204-1268
Bart Mennink,Radboud University,http://www.cs.ru.nl/~bmennink/index.php,GGXH-b0AAAAJ,0000-0001-6679-1878
Bart P. F. Jacobs,Radboud University,http://www.cs.ru.nl/B.Jacobs,c2b9xloAAAAJ,0000-0000-0000-0000
Bart P. Knijnenburg,Clemson University,http://www.usabart.nl,6z6j91UAAAAJ,0000-0003-1341-0669
Bart Piet Knijnenburg,Clemson University,http://www.usabart.nl,6z6j91UAAAAJ,0000-0003-1341-0669
Bart Preneel,KU Leuven,https://homes.esat.kuleuven.be/~preneel,omio-RsAAAAJ,0000-0003-2005-9651
Bart Selman,Cornell University,http://www.cs.cornell.edu/selman,pJ28HA0AAAAJ,0000-0000-0000-0000
Bart de Keijzer,King's College London,https://www.kcl.ac.uk/people/bart-de-keijzer,JnVqd-oAAAAJ,0000-0000-0000-0000
Bartek Blaszczyszyn,Ecole Normale Superieure,http://www.di.ens.fr/~blaszczy,NOSCHOLARPAGE,0000-0000-0000-0000
Bartek Klin,University of Oxford,https://www.cs.ox.ac.uk/people/bartek.klin,0-UFxOQAAAAJ,0000-0001-5793-7425
Bartlomiej Blaszczyszyn,Ecole Normale Superieure,http://www.di.ens.fr/~blaszczy,NOSCHOLARPAGE,0000-0000-0000-0000
Barton C. Massey,Portland State University,https://web.cecs.pdx.edu/~bart,wA0ftz8AAAAJ,0000-0000-0000-0000
Barton P. Miller,University of Wisconsin - Madison,http://pages.cs.wisc.edu/~bart,dywFuRMAAAAJ,0000-0000-0000-0000
Bartosz Krawczyk,Rochester Inst. of Technology,https://www.rit.edu/directory/bxkcis-bartosz-krawczyk,0GrFcZsAAAAJ,0000-0000-0000-0000
Bartosz Wilczynski,University of Warsaw,http://regulomics.mimuw.edu.pl/~bartek,3mwGEMIAAAAJ,0000-0000-0000-0000
Baruch Awerbuch,Johns Hopkins University,http://www.cs.jhu.edu/~baruch/home.html,NOSCHOLARPAGE,0000-0000-0000-0000
Baruch Schieber,NJIT,https://cs.njit.edu/faculty/sbar,58Yv3zUAAAAJ,0009-0006-5750-2177
Barun Gorain,IIT Bhilai,https://sites.google.com/site/barungorainiitg/home,ng3AuxIAAAAJ,0000-0000-0000-0000
Barzan Mozafari,University of Michigan,http://web.eecs.umich.edu/~mozafari,HHd7uewAAAAJ,0000-0002-3581-3875
Bas Luttik,TU Eindhoven,http://www.win.tue.nl/~luttik,mwYLD4QAAAAJ,0000-0000-0000-0000
Bas Spitters,Aarhus University,https://cs.au.dk/~spitters,Pm70TvUAAAAJ,0000-0002-2802-0973
Basabdatta Sen Bhattacharya,BITS Pilani-Goa,https://sites.google.com/site/bsenbhattacharya,M2PFto0AAAAJ,0000-0000-0000-0000
Basel A. Mahafzah,University of Jordan,http://eacademic.ju.edu.jo/b.mahafzah,cjUfPpUAAAAJ,0000-0000-0000-0000
Basel Halak,University of Southampton,https://www.ecs.soton.ac.uk/people/bh1m10,2PifIaUAAAAJ,0000-0003-3470-7226
Basem Shihada,KAUST,https://www.kaust.edu.sa/en/study/faculty/basem-shihada,337BjqEAAAAJ,0000-0003-4434-4334
Bashar Ahmad Nuseibeh,Open University UK,http://stem.open.ac.uk/people/ban25,aUQ8O9gAAAAJ,0000-0000-0000-0000
Bashar Alhafni,MBZUAI,https://mbzuai.ac.ae/study/faculty/bashar-alhafni,DFkVNJwAAAAJ,0000-0000-0000-0000
Bashar Nuseibeh,Open University UK,http://stem.open.ac.uk/people/ban25,aUQ8O9gAAAAJ,0000-0002-3476-053X
Bashima Islam,Worcester Polytechnic Institute,https://users.wpi.edu/~bislam,Ft_8Ju8AAAAJ,0000-0002-1917-054X
Bashir I. Morshed,Texas Tech University,https://www.myweb.ttu.edu/bmorshed,cffXbcgAAAAJ,0000-0000-0000-0000
Bashir M. Al-Hashimi,University of Southampton,https://www.ecs.soton.ac.uk/people/bmah,lD6SIMIAAAAJ,0000-0000-0000-0000
Basima Elshqeirat,University of Jordan,http://eacademic.ju.edu.jo/b.shoqurat,jDBrG0oAAAAJ,0000-0000-0000-0000
Basit Shafiq,LUMS,http://web.lums.edu.pk/~basit,ImR86jUAAAAJ,0000-0000-0000-0000
Bassam H. Hammo,University of Jordan,http://www.springer.com/cda/content/document/cda_downloaddocument/Special_Issue_ANLP_IJST+mj.docx?SGWID=0-0-45-1487362-p35682019,a5nuQFEAAAAJ,0000-0000-0000-0000
Bassam Hammo,University of Jordan,http://www.springer.com/cda/content/document/cda_downloaddocument/Special_Issue_ANLP_IJST+mj.docx?SGWID=0-0-45-1487362-p35682019,a5nuQFEAAAAJ,0000-0002-5270-7409
Bassem Alhalabi,Florida Atlantic University,http://www.eng.fau.edu/directory/faculty/alhalabi,O72412cAAAAJ,0000-0000-0000-0000
Bastiaan Heeren,Utrecht University,http://www.open.ou.nl/bhr,A_vVgqgAAAAJ,0000-0001-6647-6130
Bastiaan Kleijn,Victoria University of Wellington,http://ecs.victoria.ac.nz/Main/BastiaanKleijn,zvVsKLgAAAAJ,0000-0000-0000-0000
Bastian Goldluecke,University of Konstanz,https://www.cvia.uni-konstanz.de/personen/prof-dr-bastian-goldluecke,r6HOvnoAAAAJ,0000-0003-3427-4029
Bastian Goldlücke,University of Konstanz,https://www.cvia.uni-konstanz.de/personen/prof-dr-bastian-goldluecke,r6HOvnoAAAAJ,0000-0000-0000-0000
Bastian Leibe,RWTH Aachen University,http://www.vision.rwth-aachen.de/person/1,ZcULDB0AAAAJ,0000-0003-4225-0051
Bastian Rieck,University of Fribourg,https://bastian.rieck.me,La7zuKQAAAAJ,0000-0003-4335-0302
Bastin Tony Roy Savarimuthu,University of Otago,https://www.otago.ac.nz/school-of-computing/our-people/tony-savarimuthu,0__bwK0AAAAJ,0000-0003-3213-6319
Battista Biggio,University of Cagliari,https://battistabiggio.github.io,OoUIOYwAAAAJ,0000-0001-7752-509X
Bayu Anggorojati,Monash University Indonesia,https://www.monash.edu/indonesia/about/academic-staff/bayu-anggorojati,c_9_R7wAAAAJ,0000-0003-4580-1162
Beat D. Brüderlin,TU Ilmenau,https://www.tu-ilmenau.de/gdv/mitarbeiter/prof-beat-bruederlin,NOSCHOLARPAGE,0000-0000-0000-0000
Beata Konikowska,IPI PAN,https://ipipan.waw.pl/instytut/pracownicy/beata-konikowska,EIJSiIIAAAAJ,0000-0001-8188-8344
Beata Stahre,Chalmers/GU,https://www.chalmers.se/en/staff/Pages/beata-wastberg.aspx,NOSCHOLARPAGE,0000-0000-0000-0000
Beata Stahre Wästberg,Chalmers/GU,https://www.chalmers.se/en/staff/Pages/beata-wastberg.aspx,NOSCHOLARPAGE,0000-0000-0000-0000
Beate Bollig,TU Dortmund,https://ls2-www.cs.tu-dortmund.de/grav/de/grav_files/people/bollig,NOSCHOLARPAGE,0000-0000-0000-0000
Beatrice M. Ombuki,Brock University,http://www.cosc.brocku.ca/~bombuki,NOSCHOLARPAGE,0000-0000-0000-0000
Beatrice M. Ombuki-Berman,Brock University,http://www.cosc.brocku.ca/~bombuki,NOSCHOLARPAGE,0000-0000-0000-0000
Beatriz Otero,Polytechnic Univ. of Catalonia,http://directori.upc.edu/directori/dadesPersona.jsp?id=1003427,DYV7AzEAAAAJ,0000-0000-0000-0000
Beatriz Pérez-Sánchez,University of A Coruña,https://pdi.udc.es/en/File/Pdi/TS32G,NOSCHOLARPAGE,0000-0000-0000-0000
Bechir Hamdaoui,Oregon State University,http://eecs.oregonstate.edu/~hamdaoui,GRjhMD8AAAAJ,0000-0000-0000-0000
Beddhu Murali,University of Southern Mississippi,https://www.usm.edu/computing/faculty/beddhu-murali,NOSCHOLARPAGE,0000-0000-0000-0000
Bedrich Benes,Purdue University,https://cs.purdue.edu/homes/bbenes,2VvQrz0AAAAJ,0000-0002-5293-2112
Beena Ahmed,Texas A&M at Qatar,https://www.qatar.tamu.edu/programs/ecen/faculty-and-staff/dr.-beena-ahmed,giTayZwAAAAJ,0000-0000-0000-0000
Beenish Moalla Chaudhry,Univ. of Louisiana - Lafayette,https://people.cmix.louisiana.edu/chaudhry,fQ92dqkAAAAJ,0000-0000-0000-0000
Begüm Demir,TU Berlin,https://www.rsim.tu-berlin.de/menue/team/prof_dr_beguem_demir,zq4kgCAAAAAJ,0000-0000-0000-0000
Behnam Malakooti,Case Western Reserve University,http://engineering.case.edu/eecs/faculty-staff,ICngR3sAAAAJ,0000-0000-0000-0000
Behnaz Ghoraani,Florida Atlantic University,http://www.eng.fau.edu/directory/faculty/ghoraani,ssLvFH8AAAAJ,0000-0003-0075-7663
Behrooz A. Shirazi,Washington State University,https://school.eecs.wsu.edu/people/faculty/behrooz-a-shirazi,NOSCHOLARPAGE,0000-0000-0000-0000
Behrooz Minaei,IUST,http://ce.iust.ac.ir/content/544/Dr.-Behrouz-Minaei,M8tgU-wAAAAJ,0000-0000-0000-0000
Behrooz Minaei-Bidgoli,IUST,http://ce.iust.ac.ir/content/544/Dr.-Behrouz-Minaei,M8tgU-wAAAAJ,0000-0000-0000-0000
Behrouz Minaei,IUST,http://ce.iust.ac.ir/content/544/Dr.-Behrouz-Minaei,M8tgU-wAAAAJ,0000-0000-0000-0000
Behrouz Minaei-Bidgoli,IUST,http://ce.iust.ac.ir/content/544/Dr.-Behrouz-Minaei,M8tgU-wAAAAJ,0000-0002-9327-7345
Behrouz Touri,Univ. of Illinois at Urbana-Champaign,https://behrouztouri.web.illinois.edu,W1BHaOwAAAAJ,0000-0000-0000-0000
Behzad Abdolmaleki,University of Sheffield,https://sites.google.com/view/behzad-abdolmaleki/home,he03TMsAAAAJ,0009-0008-8335-2787
Bei Hui,UESTC,https://www.is.uestc.edu.cn/teachers.do?id=1083,NOSCHOLARPAGE,0000-0000-0000-0000
Bei Wang 0001,University of Utah,http://www.sci.utah.edu/~beiwang,x-P4MtQAAAAJ,0000-0002-9240-0700
Bei Yu 0001,Chinese University of Hong Kong,http://www.cse.cuhk.edu.hk/~byu,dK-URsEAAAAJ,0000-0001-6406-4810
Beibei Wang 0002,Nanjing University,https://wangningbei.github.io,ZfeakdQAAAAJ,0000-0001-8943-8364
Beichuan Zhang 0001,University of Arizona,https://www.cs.arizona.edu/~bzhang,NOSCHOLARPAGE,0009-0001-5333-8465
Beihong Jin,Chinese Academy of Sciences,http://work.iscas.ac.cn/index.php/Jinbeihong/index/index,NOSCHOLARPAGE,0000-0003-3683-4034
Beijun Shen,Shanghai Jiao Tong University,https://base.sjtu.edu.cn/~bjshen,wnq7SiQAAAAJ,0000-0001-8370-3956
Beiyu Lin,University of Oklahoma,https://beiyulincs.github.io,hou6waAAAAAJ,0000-0000-0000-0000
Beki Grinter,Georgia Institute of Technology,http://www.cc.gatech.edu/~beki/Beki.html,PNalJ58AAAAJ,0000-0000-0000-0000
Bela Gipp,University of Göttingen,https://gipplab.org,No2ot2YAAAAJ,0000-0001-6522-3019
Belgin Ergenc,Izmir Institute of Technology,http://ceng.iyte.edu.tr/people/belgin-ergenc,e00LSrIAAAAJ,0000-0001-6193-9853
Belgin Ergenç,Izmir Institute of Technology,http://ceng.iyte.edu.tr/people/belgin-ergenc,e00LSrIAAAAJ,0000-0000-0000-0000
Belgin Ergenç Bostanoglu,Izmir Institute of Technology,http://ceng.iyte.edu.tr/people/belgin-ergenc,e00LSrIAAAAJ,0000-0000-0000-0000
Belgin Ozakar,Izmir Institute of Technology,http://ceng.iyte.edu.tr/people/belgin-ergenc,e00LSrIAAAAJ,0000-0000-0000-0000
Bella Bose,Oregon State University,http://eecs.oregonstate.edu/people/bose-bella,NOSCHOLARPAGE,0009-0009-4992-3184
Belén Masiá,Universidad de Zaragoza,http://webdiis.unizar.es/~bmasia,d10sXc8AAAAJ,0000-0003-0060-7278
Ben Bergen 0001,Univ. of California - San Diego,https://pages.ucsd.edu/~bkbergen,pJ8u7AQAAAAJ,0000-0002-9395-9151
Ben Carterette,University of Delaware,http://ir.cis.udel.edu/~carteret,2Y4R04EAAAAJ,0000-0001-9538-047X
Ben Choi 0002,Louisiana Tech University,http://www2.latech.edu/~choi,NOSCHOLARPAGE,0000-0000-0000-0000
Ben Fisch,Yale University,https://cpsc.yale.edu/people/ben-fisch,oADIQ9YAAAAJ,0009-0007-1154-2277
Ben Glocker,Imperial College London,http://wp.doc.ic.ac.uk/bglocker,g_HtjLIAAAAJ,0000-0002-4897-9356
Ben Greenman,University of Utah,https://users.cs.utah.edu/~blg,3A9hNTEAAAAJ,0000-0001-7078-9287
Ben H. H. Juurlink,TU Berlin,https://www.aes.tu-berlin.de/menue/mitarbeiterinnen/prof_dr_ben_juurlink,i27KRcYAAAAJ,0000-0000-0000-0000
Ben Hardekopf,Univ. of California - Santa Barbara,http://www.cs.ucsb.edu/~benh,NOSCHOLARPAGE,0009-0008-1199-6129
Ben He,Chinese Academy of Sciences,http://www.icip.org.cn/team/heben,EmTFUdQAAAAJ,0000-0000-0000-0000
Ben Hermann,TU Dortmund,https://sse.cs.tu-dortmund.de/team/ben-hermann,r5ZMp3MAAAAJ,0000-0001-9848-2017
Ben Kao,University of Hong Kong,https://www.cs.hku.hk/index.php/people/academic-staff/kao,TwSParMAAAAJ,0000-0002-0501-9435
Ben Kenwright,Heriot-Watt University,https://researchportal.hw.ac.uk/en/persons/benjamin-kenwright,n2Rwo-EAAAAJ,0000-0000-0000-0000
Ben Langmead,Johns Hopkins University,http://www.cs.jhu.edu/~langmea,2JMaTKsAAAAJ,0000-0003-2437-1976
Ben Lee,Oregon State University,http://web.engr.oregonstate.edu/~benl/Ben_Lee/Welcome.html,Rsx5uzAAAAAJ,0000-0000-0000-0000
Ben Leong,National University of Singapore,https://www.comp.nus.edu.sg/~bleong,kLMAXGgAAAAJ,0000-0003-1738-5958
Ben Li,University of Manitoba,http://www.cs.umanitoba.ca/~lipakc,NOSCHOLARPAGE,0000-0000-0000-0000
Ben Matthews,University of Queensland,http://researchers.uq.edu.au/researcher/646,A-fovxUAAAAJ,0000-0003-1128-729X
Ben Recht,Univ. of California - Berkeley,http://www.eecs.berkeley.edu/~brecht,a_dbdxAAAAAJ,0000-0000-0000-0000
Ben Reichardt,University of Southern California,http://www-bcf.usc.edu/~breichar,BEGRf_EAAAAJ,0000-0000-0000-0000
Ben Samuel,University of New Orleans,https://www.uno.edu/profile/faculty/ben_samuel,hFboSPEAAAAJ,0009-0001-6561-8712
Ben Stephenson,University of Calgary,http://www.ucalgary.ca/~bdstephe,oIsadHAAAAAJ,0000-0001-9402-3024
Ben Stock,CISPA Helmholtz Center,https://people.cispa.io/ben.stock,_hDa-5wAAAAJ,0000-0001-9659-0700
Ben W. Reichardt,University of Southern California,http://www-bcf.usc.edu/~breichar,BEGRf_EAAAAJ,0000-0000-0000-0000
Ben Watson 0001,North Carolina State University,https://www.csc.ncsu.edu/people/bwatson,yfYYAMQAAAAJ,0000-0000-0000-0000
Ben Y. Zhao,University of Chicago,http://people.cs.uchicago.edu/~ravenben,cYReSuEAAAAJ,0009-0003-8909-0494
Ben Zhou,Arizona State University,https://search.asu.edu/profile/5107148,sO2ro4kAAAAJ,0009-0007-2550-217X
Benedikt Ahrens,TU Delft,https://benediktahrens.gitlab.io,hdr4g6UAAAAJ,0000-0002-6786-4538
Benedikt Bollig,Ecole Normale Superieure de Cachan,http://www.lsv.ens-cachan.fr/~bollig,dhayPjwAAAAJ,0000-0000-0000-0000
Benedikt Bünz,New York University,http://crypto.stanford.edu/~buenz,Hj82r7MAAAAJ,0000-0003-2082-4480
Beng Chin Ooi,National University of Singapore,http://www.comp.nus.edu.sg/~ooibc,9560QjYAAAAJ,0000-0003-4446-1100
Bengt Carlsson,Uppsala University,http://www.it.uu.se/katalog/bc,WY1FerUAAAAJ,0000-0000-0000-0000
Bengt J. Nilsson,Malmö University,https://mau.se/en/persons/bengt.nilsson.ts,aToIZSMAAAAJ,0000-0000-0000-0000
Bengt Jonsson 0001,Uppsala University,http://user.it.uu.se/~bengt,idIfuU4AAAAJ,0000-0001-7897-601X
Bengt L. Sandblad,Uppsala University,http://user.it.uu.se/~bengts,NOSCHOLARPAGE,0000-0000-0000-0000
Benjamin A. Carterette,University of Delaware,http://ir.cis.udel.edu/~carteret,2Y4R04EAAAAJ,0000-0001-9538-047X
Benjamin Adam Raichel,University of Texas at Dallas,http://www.utdallas.edu/~bar150630,5rk8uWIAAAAJ,0000-0000-0000-0000
Benjamin Allen Watson,North Carolina State University,https://www.csc.ncsu.edu/people/bwatson,yfYYAMQAAAAJ,0000-0000-0000-0000
Benjamin Belzer,Washington State University,http://www.eecs.wsu.edu/~belzer,NOSCHOLARPAGE,0000-0001-9419-9281
Benjamin Berg,University of North Carolina,https://cs.unc.edu/person/benjamin-berg,YbfjoRMAAAAJ,0000-0002-4147-6860
Benjamin Blankertz,TU Berlin,http://www.user.tu-berlin.de/blanker,BQitzAIAAAAJ,0000-0000-0000-0000
Benjamin Bustos,Universidad de Chile,http://www.uchile.cl/portafolio-academico/impresion.jsf?username=bustos,NOSCHOLARPAGE,0000-0002-3955-361X
Benjamin C. Jantzen,Virginia Tech,https://www.ratiocination.org,QESiHhcAAAAJ,0000-0000-0000-0000
Benjamin C. Lee,University of Pennsylvania,https://www.cis.upenn.edu/~leebcc/index.html,4Tnj6PcAAAAJ,0000-0001-5615-3338
Benjamin C. M. Kao,University of Hong Kong,https://www.cs.hku.hk/index.php/people/academic-staff/kao,TwSParMAAAAJ,0000-0000-0000-0000
Benjamin C. Pierce,University of Pennsylvania,http://www.cis.upenn.edu/~bcpierce,2kkddh0AAAAJ,0000-0001-7839-1636
Benjamin David Van Durme,Johns Hopkins University,http://www.cs.jhu.edu/~vandurme,wIujAJoAAAAJ,0000-0000-0000-0000
Benjamin De Leener,Polytechnique Montreal,https://neuro.polymtl.ca/team/faculty/benjamin-de-leener.html,hXOe8XkAAAAJ,0000-0000-0000-0000
Benjamin Delaware,Purdue University,https://www.cs.purdue.edu/homes/bendy,VS21MfgAAAAJ,0000-0002-1016-6261
Benjamin Dowling,King's College London,https://www.kcl.ac.uk/people/benjamin-dowling,gm6du7UAAAAJ,0000-0003-3234-6527
Benjamin E. Ujcich,Georgetown University,https://personal.benujcich.georgetown.domains,cb0qEdoAAAAJ,0009-0001-3433-9972
Benjamin Eugenio Bustos Cárdenas,Universidad de Chile,http://www.uchile.cl/portafolio-academico/impresion.jsf?username=bustos,NOSCHOLARPAGE,0000-0000-0000-0000
Benjamin Eysenbach,Princeton University,https://www.cs.princeton.edu/people/profile/eysenbach,DRnOvU8AAAAJ,0009-0000-7136-6307
Benjamin F. Goldberg,New York University,http://cs.nyu.edu/goldberg,eTVTXOgAAAAJ,0000-0000-0000-0000
Benjamin Fish,University of Michigan,http://ben.fish,ZHWyQWAAAAAJ,0000-0000-0000-0000
Benjamin Fuller 0001,University of Connecticut,http://benjamin-fuller.uconn.edu,7wXWIdUAAAAJ,0000-0001-6450-0088
Benjamin Goldberg 0001,New York University,http://cs.nyu.edu/goldberg,eTVTXOgAAAAJ,0000-0000-0000-0000
Benjamin Golub,Northwestern University,https://bengolub.net,Qozc9X0AAAAJ,0009-0002-6743-8018
Benjamin I. P. Rubinstein,University of Melbourne,http://www.bipr.net,hMG_gR4AAAAJ,0000-0002-2947-6980
Benjamin J. Belzer,Washington State University,http://www.eecs.wsu.edu/~belzer,NOSCHOLARPAGE,0000-0000-0000-0000
Benjamin J. Blalock,University of Tennessee,http://web.eecs.utk.edu/~bblalock,NOSCHOLARPAGE,0000-0000-0000-0000
Benjamin J. Lengerich,University of Wisconsin - Madison,https://stat.wisc.edu/staff/lengerich-benjamin,a1Ck1CMAAAAJ,0000-0000-0000-0000
Benjamin J. Raphael,Princeton University,https://www.cs.princeton.edu/people/profile/braphael,GhvZjJUAAAAJ,0000-0003-1274-048X
Benjamin Johnston,University of Technology Sydney,https://www.uts.edu.au/staff/benjamin.johnston,NOSCHOLARPAGE,0000-0000-0000-0000
Benjamin Kenwright,Heriot-Watt University,https://researchportal.hw.ac.uk/en/persons/benjamin-kenwright,n2Rwo-EAAAAJ,0000-0000-0000-0000
Benjamin L. Ruddell,Northern Arizona University,https://nau.edu/siccs/faculty/benjamin-ruddell,W1fB5OcAAAAJ,0000-0000-0000-0000
Benjamin Leiding,TU Clausthal,https://www.isse.tu-clausthal.de/ueber-uns/team-neu/institutsverwaltung/prof-dr-benjamin-leiding,7h-k_HoAAAAJ,0000-0000-0000-0000
Benjamin Lok,University of Florida,http://www.lokben.com,QclQnxIAAAAJ,0000-0002-1190-3729
Benjamin Lucien Kaminski,Saarland University,https://quave.cs.uni-saarland.de/benjamin-kaminski,KEt1bfkAAAAJ,0000-0001-5185-2324
Benjamin M. Glocker,Imperial College London,http://wp.doc.ic.ac.uk/bglocker,g_HtjLIAAAAJ,0000-0000-0000-0000
Benjamin M. Gyori,Northeastern University,https://www.khoury.northeastern.edu/people/benjamin-gyori,kH9LOHMAAAAJ,0000-0001-9439-5346
Benjamin M. Marlin,Univ. of Massachusetts Amherst,https://groups.cs.umass.edu/marlin,ey960FIAAAAJ,0000-0002-2626-3410
Benjamin Moseley,Carnegie Mellon University,http://www.andrew.cmu.edu/user/moseleyb,qq-SXN8AAAAJ,0000-0001-8162-017X
Benjamin Noack,University of Magdeburg,https://www.ams.ovgu.de/Research.html,PmRJJN4AAAAJ,0000-0000-0000-0000
Benjamin Peherstorfer,New York University,https://cims.nyu.edu/~pehersto,C81WhlkAAAAJ,0000-0000-0000-0000
Benjamin Raichel,University of Texas at Dallas,http://www.utdallas.edu/~bar150630,5rk8uWIAAAAJ,0000-0001-6584-4843
Benjamin Recht,Univ. of California - Berkeley,http://www.eecs.berkeley.edu/~brecht,a_dbdxAAAAAJ,0000-0000-0000-0000
Benjamin Ricaud,UiT The Arctic Univ. of Norway,https://en.uit.no/ansatte/person?p_document_id=741975,muGuSyoAAAAJ,0000-0002-7611-4448
Benjamin Risse,University of Münster,https://www.uni-muenster.de/Informatik.AGRisse/people/risse.shtml,NOSCHOLARPAGE,0000-0001-5691-4029
Benjamin Rivière,New York University,https://sites.google.com/view/riviere-robot-lab/home,8A-sI8MAAAAJ,0000-0000-0000-0000
Benjamin Rossman,Duke University,https://users.cs.duke.edu/~br148,NOSCHOLARPAGE,0009-0001-0247-5208
Benjamin Roth 0001,University of Vienna,https://informatik.univie.ac.at/Benjamin.Roth,hz5AsE0AAAAJ,0000-0000-0000-0000
Benjamin Schäfer,Karlsruhe Inst. of Technology,https://www.iai.kit.edu/2154_4101.php,mHhhUBQAAAAJ,0000-0003-1607-9748
Benjamin Stock,CISPA Helmholtz Center,https://people.cispa.io/ben.stock,_hDa-5wAAAAJ,0000-0000-0000-0000
Benjamin Tag,UNSW,https://www.unsw.edu.au/staff/benjamin-tag,a_w_NqMAAAAJ,0000-0002-7831-2632
Benjamin Tan 0001,University of Calgary,https://www.unassuming.info,GOjr_RAAAAAJ,0000-0002-7642-3638
Benjamin Thomas Langmead,Johns Hopkins University,http://www.cs.jhu.edu/~langmea,2JMaTKsAAAAJ,0000-0000-0000-0000
Benjamin Van Durme,Johns Hopkins University,http://www.cs.jhu.edu/~vandurme,wIujAJoAAAAJ,0000-0003-4328-4288
Benjamin W. Fuller,University of Connecticut,http://benjamin-fuller.uconn.edu,7wXWIdUAAAAJ,0000-0000-0000-0000
Benjamin W. Wah,Chinese University of Hong Kong,https://wah.cse.cuhk.edu.hk,WL8igVEAAAAJ,0000-0000-0000-0000
Benjamin Wan-Sang Wah,Chinese University of Hong Kong,https://wah.cse.cuhk.edu.hk,WL8igVEAAAAJ,0000-0000-0000-0000
Benjamin Watson 0001,North Carolina State University,https://www.csc.ncsu.edu/people/bwatson,yfYYAMQAAAAJ,0000-0002-3758-7357
Benjamin Weyers,University of Trier,https://www.uni-trier.de/index.php?id=68465,L7JClToAAAAJ,0000-0003-4785-708X
Benjamín Bustos,Universidad de Chile,http://www.uchile.cl/portafolio-academico/impresion.jsf?username=bustos,NOSCHOLARPAGE,0000-0000-0000-0000
Bennett A. Landman,Vanderbilt University,https://engineering.vanderbilt.edu/bio/?pid=bennett-landman,tmTcH0QAAAAJ,0000-0000-0000-0000
Benno Stabernack,University of Potsdam,https://www.uni-potsdam.de/de/aess/mitarbeiter/mitarbeiter,NOSCHOLARPAGE,0000-0000-0000-0000
Benno Stein 0001,Bauhaus University Weimar,https://www.uni-weimar.de/en/media/chairs/computer-science-department/webis/people/stein,NOSCHOLARPAGE,0000-0001-9033-2217
Benny Akesson,University of Amsterdam,https://akesson.nl,pQC-OOkAAAAJ,0000-0003-2949-2080
Benny Chor,Tel Aviv University,http://www.tau.ac.il/~bchor,cXTKzbMAAAAJ,0000-0000-0000-0000
Benny George Kenkireth,IIT Guwahati,http://www.iitg.ernet.in/ben,NOSCHOLARPAGE,0000-0000-0000-0000
Benny Kimelfeld,Technion,http://www.cs.technion.ac.il/people/bennyk,bxSK7o8AAAAJ,0000-0002-7156-1572
Benny Pinkas,Bar-Ilan University,http://www.pinkas.net,tpMNnPwAAAAJ,0000-0002-9053-3024
Benny Van Houdt,University of Antwerp,https://www.uantwerpen.be/en/staff/benny-vanhoudt,jAwVTPEAAAAJ,0000-0002-5955-8493
Benoit Baudry,KTH Royal Inst. of Technology,https://www.kth.se/profile/baudry,oP4UxPkAAAAJ,0000-0002-4015-4640
Benoit M. Dawant,Vanderbilt University,http://engineering.vanderbilt.edu/bio/benoit-dawant,I_N__-QAAAAJ,0000-0000-0000-0000
Benoît Baudry,KTH Royal Inst. of Technology,https://www.kth.se/profile/baudry,oP4UxPkAAAAJ,0000-0000-0000-0000
Benoît Libert,Ecole Normale Superieure de Lyon,http://perso.ens-lyon.fr/benoit.libert,kRpKU4IAAAAJ,0000-0000-0000-0000
Bent Flyvbjerg,IT University of Copenhagen,https://pure.itu.dk/portal/en/persons/bent-flyvbjerg(598de448-af84-43c8-9147-6134a63c9b3c).html,79htA7gAAAAJ,0000-0000-0000-0000
Bent Thomsen,Aalborg University,http://people.cs.aau.dk/~bt,mhyMmZoAAAAJ,0000-0002-5853-7973
Bentley J. Oakes,Polytechnique Montreal,https://bentleyjoakes.github.io,x9H9H4QAAAAJ,0000-0000-0000-0000
Benyou Wang,CUHK (SZ),https://wabyking.github.io/old.html,Jk4vJU8AAAAJ,0000-0002-1501-9914
Benyuan Liu,University of Massachusetts Lowell,http://www.cs.uml.edu/~bliu,s2n1-HMAAAAJ,0000-0000-0000-0000
Beomjoon Kim,KAIST,https://beomjoonkim.github.io,dw3rEwgAAAAJ,0000-0000-0000-0000
Beomseok Nam,Sungkyunkwan University,http://dicl.skku.edu,odY_sCUAAAAJ,0000-0000-0000-0000
Berk Canberk,Istanbul Technical University,http://bcrg.itu.edu.tr,q3ueClIAAAAJ,0000-0000-0000-0000
Berk Ustun,Univ. of California - San Diego,https://www.berkustun.com,6z_XWYcAAAAJ,0000-0001-5188-3155
Berk Ustundag,Istanbul Technical University,http://akademi.itu.edu.tr/bustundag,JJY3eIEAAAAJ,0000-0001-8143-9434
Berk Çalli,Worcester Polytechnic Institute,https://www.wpi.edu/people/faculty/bcalli,HxJTHvMAAAAJ,0000-0003-0742-5231
Berk Üstündag,Istanbul Technical University,http://akademi.itu.edu.tr/bustundag,JJY3eIEAAAAJ,0000-0000-0000-0000
Berna Özkale,TU Munich,https://campus.tum.de/tumonline/ee/ui/ca2/app/desktop/#/pl/ui/$ctx/visitenkarte.show_vcard?$ctx=design=ca2;header=max;lang=de&pPersonenGruppe=3&pPersonenId=932D1F13AF8CFE22,ksas5JoAAAAJ,0000-0000-0000-0000
Bernadette Farias Lóscio,UFPE,https://www.cin.ufpe.br/~bfl,NOSCHOLARPAGE,0000-0000-0000-0000
Bernard Carré,CRIStAL,https://www.cristal.univ-lille.fr/profil/carre,NOSCHOLARPAGE,0000-0000-0000-0000
Bernard Chazelle,Princeton University,https://www.cs.princeton.edu/~chazelle,C1VwgssAAAAJ,0000-0000-0000-0000
Bernard D. Frischer,Indiana University,http://frischer.org,NOSCHOLARPAGE,0000-0000-0000-0000
Bernard F. Schutz,Cardiff University,https://www.cardiff.ac.uk/people/view/102415-schutz-bernard,NOSCHOLARPAGE,0000-0000-0000-0000
Bernard Fortz,Université libre de Bruxelles,http://homepages.ulb.ac.be/~bfortz,YaOdoooAAAAJ,0000-0002-2355-8926
Bernard Gendron,University of Montreal,https://www.iro.umontreal.ca/~gendron,GZ8UOVsAAAAJ,0000-0000-0000-0000
Bernard Ghanem,KAUST,https://www.kaust.edu.sa/en/study/faculty/bernard-ghanem,rVsGTeEAAAAJ,0000-0002-5534-587X
Bernard L. Menezes,IIT Bombay,https://www.cse.iitb.ac.in/~bernard,NOSCHOLARPAGE,0000-0000-0000-0000
Bernard Mans,Macquarie University,https://researchers.mq.edu.au/en/persons/bernard-mans,SAbvfFYAAAAJ,0000-0001-7897-2043
Bernard Marie Chazelle,Princeton University,https://www.cs.princeton.edu/~chazelle,C1VwgssAAAAJ,0000-0000-0000-0000
Bernard Menezes,IIT Bombay,https://www.cse.iitb.ac.in/~bernard,NOSCHOLARPAGE,0000-0000-0000-0000
Bernard Mérialdo,EURECOM,http://www.eurecom.fr/en/people/merialdo-bernard,GhCcwsoAAAAJ,0000-0000-0000-0000
Bernard Paul Tiddeman,Aberystwyth University,https://www.aber.ac.uk/en/cs/staff-profiles/listing/profile/bpt,pQHTi7UAAAAJ,0000-0000-0000-0000
Bernard Ries,University of Fribourg,https://www.unifr.ch/inf/dsor/en/group/people/185432/ecfa2,LxefYbYAAAAJ,0000-0000-0000-0000
Bernard Tiddeman,Aberystwyth University,https://www.aber.ac.uk/en/cs/staff-profiles/listing/profile/bpt,pQHTi7UAAAAJ,0000-0001-7570-1192
Bernard Wong 0001,University of Waterloo,https://cs.uwaterloo.ca/~bernard,1MgxnKcAAAAJ,0000-0000-0000-0000
Bernardino Arcay Varela,University of A Coruña,https://pdi.udc.es/en/File/Pdi/FY79E,NOSCHOLARPAGE,0000-0000-0000-0000
Bernardo Cuenca Grau,University of Oxford,http://www.cs.ox.ac.uk/people/bernardo.cuencagrau,THu1uZMAAAAJ,0000-0000-0000-0000
Bernardo David,IT University of Copenhagen,http://www.bmdavid.com,NOSCHOLARPAGE,0000-0000-0000-0000
Bernardo Ferreira,Universidade de Lisboa,https://ciencias.ulisboa.pt/en/perfil/blferreira,M_bf0BIAAAAJ,0000-0002-6956-0968
Bernardo Machado David,IT University of Copenhagen,https://www.bmdavid.com,tZghE0kAAAAJ,0000-0000-0000-0000
Bernardo Magri,University of Manchester,https://bernardomagri.eu,B3FerDQAAAAJ,0000-0003-4537-7023
Bernardo Pereira Nunes,Australian National University,https://comp.anu.edu.au/people/bernardo-nunes,bPVrW_UAAAAJ,0000-0000-0000-0000
Bernardo Toninho,Universidade NOVA de Lisboa,http://ctp.di.fct.unl.pt/~btoninho,LqQoVtgAAAAJ,0000-0002-0746-7514
Bernardo Wagner,University of Hannover,https://www.rts.uni-hannover.de/wagner2.html,na17zFkAAAAJ,0000-0000-0000-0000
Bernardus Juurlink,TU Berlin,https://www.aes.tu-berlin.de/menue/mitarbeiterinnen/prof_dr_ben_juurlink,i27KRcYAAAAJ,0000-0000-0000-0000
Bernd Becker 0001,University of Freiburg,http://www2.informatik.uni-freiburg.de/~becker,blhIc7MAAAAJ,0000-0003-4031-3258
Bernd Bickel,IST Austria,https://ist.ac.at/research/research-groups/bickel-group,Bt-QKXYAAAAJ,0000-0001-6511-9385
Bernd Bischl,LMU Munich,https://www.slds.stat.uni-muenchen.de,s34UckkAAAAJ,0000-0000-0000-0000
Bernd Bruegge,TU Munich,https://wwwbruegge.informatik.tu-muenchen.de/lehrstuhl_1/people/52-professor,io5O8OUAAAAJ,0000-0000-0000-0000
Bernd Brügge,TU Munich,https://wwwbruegge.informatik.tu-muenchen.de/lehrstuhl_1/people/52-professor,io5O8OUAAAAJ,0000-0000-0000-0000
Bernd Burgstaller,Yonsei University,https://elc.yonsei.ac.kr/people.htm,NOSCHOLARPAGE,0000-0002-0374-8853
Bernd Dammann,DTU,https://www.compute.dtu.dk/english,NOSCHOLARPAGE,0000-0000-0000-0000
Bernd E. Wolfinger,University of Hamburg,http://www.informatik.uni-hamburg.de/TKRN/world/staff/bew/bew.htm,NOSCHOLARPAGE,0000-0000-0000-0000
Bernd Finkbeiner,CISPA Helmholtz Center,https://www.react.uni-saarland.de/people/finkbeiner.html,mSwHrYMAAAAJ,0000-0002-4280-8441
Bernd Fischer 0002,Stellenbosch University,http://www.cs.sun.ac.za/~bfischer,m51BXiwAAAAJ,0000-0002-1815-218X
Bernd Freisleben,University of Marburg,https://www.uni-marburg.de/fb12/arbeitsgruppen/verteilte_systeme/mitarbeiter/freisleb,C2B7s-EAAAAJ,0000-0002-7205-8389
Bernd Froehlich 0001,Bauhaus University Weimar,https://www.uni-weimar.de/en/media/chairs/computer-science-department/vr/people/17882,xkrZ7MYAAAAJ,0000-0002-9439-1959
Bernd Fröhlich 0001,Bauhaus University Weimar,https://www.uni-weimar.de/en/media/chairs/computer-science-department/vr/people/17882,xkrZ7MYAAAAJ,0000-0002-9439-1959
Bernd Gärtner,ETH Zurich,http://people.inf.ethz.ch/gaertner,NOSCHOLARPAGE,0000-0000-0000-0000
Bernd Heinrich,University of Regensburg,https://www.uni-regensburg.de/informatik-data-science/wi-heinrich/team/prof-bernd-heinrich/index.html,NOSCHOLARPAGE,0000-0000-0000-0000
Bernd Hellingrath,University of Münster,https://www.wi.uni-muenster.de/de/institut/logistik/personen/bernd-hellingrath,NOSCHOLARPAGE,0000-0000-0000-0000
Bernd Jähne,Heidelberg University,https://www.iup.uni-heidelberg.de/de/bernd-jaehne,5vANGgcAAAAJ,0000-0000-0000-0000
Bernd Ludwig,University of Regensburg,https://www.uni-regensburg.de/sprache-literatur-kultur/informationswissenschaft/mitarbeiter/bernd-ludwig/index.html,OvOGKVAAAAAJ,0000-0003-3599-2081
Bernd Meyer 0001,Monash University,https://research.monash.edu/en/persons/bernd-meyer,9rl-K3IAAAAJ,0000-0000-0000-0000
Bernd Sturmfels,Univ. of California - Berkeley,https://math.berkeley.edu/~bernd,5zTUNsQAAAAJ,0000-0000-0000-0000
Bernd-Christian Renner,Hamburg University of Technology,https://www.tuhh.de/smartport/team/christian-renner.html,ONg4SKoAAAAJ,0000-0002-6936-6444
Bernd-Holger Schlingloff,Humboldt University of Berlin,http://www2.informatik.hu-berlin.de/svt,NOSCHOLARPAGE,0000-0001-9601-157X
Bernhard Bauer,University of Augsburg,https://www.uni-augsburg.de/de/fakultaet/fai/informatik/prof/swtpvs/team/bernhard-bauer,d9b5tgMAAAAJ,0000-0000-0000-0000
Bernhard Beckert,Karlsruhe Inst. of Technology,http://formal.iti.kit.edu/~beckert,5BPKfQIAAAAJ,0000-0002-9672-3291
Bernhard E. Boser,Univ. of California - Berkeley,https://people.eecs.berkeley.edu/~boser,NHIpV98AAAAJ,0000-0000-0000-0000
Bernhard Egger 0002,Seoul National University,https://csap.snu.ac.kr/bernhard,g-ZpvTIAAAAJ,0000-0002-6645-6161
Bernhard Haeupler,INSAIT,https://insait.ai/prof-bernhard-haeupler,hIq09eUAAAAJ,0000-0003-3381-0459
Bernhard Hengst,UNSW,http://www.cse.unsw.com/~bernhardh,NOSCHOLARPAGE,0000-0000-0000-0000
Bernhard Höfle,Heidelberg University,https://www.geog.uni-heidelberg.de/en/people-at-the-institute/prof-dr-bernhard-hofle,ApMMuegAAAAJ,0000-0001-5849-1461
Bernhard Jenny,Monash University,https://research.monash.edu/en/persons/bernhard-jenny,lzATdR0AAAAJ,0000-0001-6101-6100
Bernhard Jung 0001,TU Freiberg,https://tu-freiberg.de/user/645,NOSCHOLARPAGE,0000-0003-1415-1347
Bernhard K. Aichernig,Graz University of Technology,http://aichernig.blogspot.com,O6dEPWYAAAAJ,0000-0002-3484-5584
Bernhard Kainz,Imperial College London,http://www.imperial.ac.uk/people/b.kainz,Igxq-YEAAAAJ,0000-0002-7813-5023
Bernhard Mitschang,University of Stuttgart,https://www.ipvs.uni-stuttgart.de/abteilungen/as/abteilung/mitarbeiter/bernhard.mitschang,zRbR5b8AAAAJ,0000-0003-0809-9159
Bernhard Nebel,University of Freiburg,http://www2.informatik.uni-freiburg.de/~nebel,4MhUHPcAAAAJ,0000-0002-6833-6323
Bernhard Neumair,Karlsruhe Inst. of Technology,http://www.scc.kit.edu/personen/bernhard.neumair.php,MHlS1MEAAAAJ,0000-0000-0000-0000
Bernhard Pfahringer,University of Waikato,http://www.cs.waikato.ac.nz/~bernhard,PEv3OQUAAAAJ,0000-0002-3732-5787
Bernhard Preim,University of Magdeburg,http://isgwww.cs.uni-magdeburg.de/visualisierung/wiki,iz7UUN4AAAAJ,0000-0001-9826-9478
Bernhard Reus,University of Sussex,http://www.sussex.ac.uk/informatics/people/peoplelists/person/115097,NOSCHOLARPAGE,0000-0002-5807-856X
Bernhard Rinner,University of Klagenfurt,https://bernhardrinner.com,7pTtU9sAAAAJ,0000-0000-0000-0000
Bernhard Rumpe,RWTH Aachen University,http://www.se-rwth.de/~rumpe,nED1C7QAAAAJ,0000-0002-2147-1966
Bernhard Schmitzer,University of Göttingen,http://ot.cs.uni-goettingen.de,v1VYsRcAAAAJ,0000-0002-6146-8833
Bernhard Scholz,University of Sydney,https://www.sydney.edu.au/engineering/about/our-people/academic-staff/bernhard-scholz.html,0z6_oNEAAAAJ,0000-0002-7672-7359
Bernhard Schölkopf [IS],Max Planck Society,https://is.mpg.de/~bs,DZ-fHPgAAAAJ,0000-0000-0000-0000
Bernhard Seeger,University of Marburg,https://www.uni-marburg.de/de/fb12/arbeitsgruppen/dbs/team/personenseiten/bernhard-seeger,Nc_AL5UAAAAJ,0000-0000-0000-0000
Bernhard Sick,University of Kassel,https://www.uni-kassel.de/eecs/de/fachgebiete/ies/personen/bernhard-sick.html,sGAKnroAAAAJ,0000-0001-9467-656X
Bernhard Steffen,TU Dortmund,http://ls5-www.cs.tu-dortmund.de/cms/de/mitarbeiter/prof/Bernhard_Steffen.html,YFGsf1YAAAAJ,0000-0001-9619-1558
Bernhard Thalheim,University of Kiel,https://www.is.informatik.uni-kiel.de/thalheim,lkH3h9gAAAAJ,0000-0000-0000-0000
Bernhard Thomaszewski,ETH Zurich,https://inf.ethz.ch/people/person-detail.MTcwMTMx.TGlzdC8zMDQsLTg3NDc3NjI0MQ==.html,IDw2HJAAAAAJ,0000-0001-8086-7664
Bernhard Westfechtel,University of Bayreuth,http://www.ai1.uni-bayreuth.de/en/team/Westfechtel_Bernhard/index.php,8eJ_bFcAAAAJ,0000-0000-0000-0000
Bernhard Wicht,University of Hannover,https://www.ims.uni-hannover.de/wicht.html?&no_cache=1,xfI3NpoAAAAJ,0000-0003-0066-2955
Bernhard Y. Renard,Hasso Plattner Institute,https://hpi.de/en/research/research-groups/data-analytics-and-computational-statistics,YeSos8AAAAAJ,0000-0003-4589-9809
Bernie Tiddeman,Aberystwyth University,https://www.aber.ac.uk/en/cs/staff-profiles/listing/profile/bpt,pQHTi7UAAAAJ,0000-0000-0000-0000
Bernt Schiele [INF],Max Planck Society,https://www.mpi-inf.mpg.de/departments/computer-vision-and-multimodal-computing/people/bernt-schiele,z76PBfYAAAAJ,0000-0000-0000-0000
Berrin A. Yanikoglu,Sabancı University,http://people.sabanciuniv.edu/berrin,CyWTeecAAAAJ,0000-0001-7403-7592
Bert Arnrich,Hasso Plattner Institute,https://hpi.de/en/research/research-groups/digital-health-connected-healthcare,GGtsB6kAAAAJ,0000-0001-8380-7667
Bert Kappen,Radboud University,http://www.snn.ru.nl/~bertk,JSkBINwAAAAJ,0000-0000-0000-0000
Bertha Guijarro-Berdiñas,University of A Coruña,https://pdi.udc.es/en/File/Pdi/L249E,4uEW-IoAAAAJ,0000-0000-0000-0000
Berthe Y. Choueiry,University of Nebraska,http://cse.unl.edu/~choueiry,NOSCHOLARPAGE,0000-0000-0000-0000
Berthier A. Ribeiro-Neto,UFMG,http://homepages.dcc.ufmg.br/~berthier,JMkfK0sAAAAJ,0000-0000-0000-0000
Bertil Gustafsson,Uppsala University,http://www.it.uu.se/katalog/bertil,NOSCHOLARPAGE,0000-0000-0000-0000
Bertil Schmidt,University of Mainz,https://www.staff.uni-mainz.de/schmi033,fUxQceoAAAAJ,0000-0003-2597-8331
Bertram Ludäscher,Univ. of Illinois at Urbana-Champaign,https://ischool.illinois.edu/people/bertram-ludascher,nYx9xasAAAAJ,0000-0000-0000-0000
Bertrand Cambou,Northern Arizona University,https://nau.edu/siccs/faculty/bertrand-cambou,NOSCHOLARPAGE,0000-0000-0000-0000
Beryl Plimmer,University of Auckland,https://www.cs.auckland.ac.nz/people/b-plimmer,16CrO58AAAAJ,0000-0000-0000-0000
Bessam Abdulrazak,Université de Sherbrooke,https://www.usherbrooke.ca/informatique/personnel/corps-professoral/professeurs/bessam-abdulrazak,moRsZ2kAAAAJ,0000-0002-5468-0190
Beta Ziliani,Universidad Nacional de Córdoba,https://people.mpi-sws.org/~beta,zPeBksEAAAAJ,0000-0001-7071-6010
Beth A. Plale,Indiana University,http://www.cs.indiana.edu/~plale,CyGvFJkAAAAJ,0000-0003-2164-8132
Beth Mynatt,Northeastern University,https://www.khoury.northeastern.edu/people/elizabeth-mynatt,l7nsfT4AAAAJ,0000-0000-0000-0000
Beth Plale,Indiana University,http://www.cs.indiana.edu/~plale,CyGvFJkAAAAJ,0000-0003-2164-8132
Betsy DiSalvo,Georgia Institute of Technology,http://betsydisalvo.com,BXEDBDUAAAAJ,0000-0003-1804-7387
Betsy James DiSalvo,Georgia Institute of Technology,http://betsydisalvo.com,NOSCHOLARPAGE,0000-0003-1804-7387
Bettina Berendt,TU Berlin,https://www.eecs.tu-berlin.de/menue/einrichtungen/professuren/professorinnen/berendt/parameter/en,NOSCHOLARPAGE,0000-0000-0000-0000
Bettina Grün,JKU Linz,https://www.jku.at/institut-fuer-angewandte-statistik/ueber-uns/team/assoz-univ-profin-dipl-ingin-drin-bettina-gruen,Tl-eVmoAAAAJ,0000-0001-7265-4773
Bettina Kemme,McGill University,http://www.cs.mcgill.ca/~kemme,vLbmweYAAAAJ,0000-0003-4694-4923
Bettina Rolke,University of Tübingen,https://fit.uni-tuebingen.de/Portfolio/Details?id=495,NOSCHOLARPAGE,0000-0000-0000-0000
Bettina Schnor,University of Potsdam,https://www.cs.uni-potsdam.de/~schnor,NOSCHOLARPAGE,0000-0000-0000-0000
Bettina Speckmann,TU Eindhoven,http://www.win.tue.nl/~speckman,NOSCHOLARPAGE,0000-0002-8514-7858
Betty H. C. Cheng,Michigan State University,http://www.cse.msu.edu/~chengb,qABYFOIAAAAJ,0000-0001-9825-5359
Beverly A. Sanders,University of Florida,https://www.cise.ufl.edu/people/faculty/sanders,NOSCHOLARPAGE,0000-0000-0000-0000
Beverly Sanders,University of Florida,https://www.cise.ufl.edu/people/faculty/sanders,NOSCHOLARPAGE,0000-0000-0000-0000
Bhabatosh Chanda,ISI Kolkata,https://www.isical.ac.in/~chanda,Ku-LgdUAAAAJ,0000-0000-0000-0000
Bhagirath Narahari,George Washington University,https://www.seas.gwu.edu/~narahari,NOSCHOLARPAGE,0000-0002-9181-7627
Bharat Adsul,IIT Bombay,https://www.cse.iitb.ac.in/~adsul,bZhCDxIAAAAJ,0000-0002-0292-6670
Bharat Jayaraman,University at Buffalo,https://www.cse.buffalo.edu/faculty/bharat,MwIL3roAAAAJ,0000-0000-0000-0000
Bharat K. Bhargava,Purdue University,https://www.cs.purdue.edu/people/bb,rhLst94AAAAJ,0000-0000-0000-0000
Bharat Kumar Bhargava,Purdue University,https://www.cs.purdue.edu/people/bb,rhLst94AAAAJ,0000-0000-0000-0000
Bharat M. Deshpande,BITS Pilani-Goa,https://www.bits-pilani.ac.in/goa/bmd/Profile,dEH3K6UAAAAJ,0000-0000-0000-0000
Bharath Hariharan,Cornell University,http://home.bharathh.info,TpglobcAAAAJ,0000-0002-2309-4703
Bhargab B. Bhattacharya,IIT Kharagpur,https://www.isical.ac.in/~bhargab,udxFQnwAAAAJ,0000-0002-5890-2483
Bhargav Narayanan,Rutgers University,https://sites.math.rutgers.edu/~narayanan,LRN9H2sAAAAJ,0000-0000-0000-0000
Bharti,University of Delhi,http://people.du.ac.in/~bharti,4OuoFtAAAAAJ,0000-0000-0000-0000
Bharti Rana,University of Delhi,http://people.du.ac.in/~bharti,4OuoFtAAAAAJ,0000-0000-0000-0000
Bhaskar DasGupta,University of Illinois at Chicago,https://www.cs.uic.edu/~dasgupta,V6ddZSkAAAAJ,0000-0000-0000-0000
Bhaskar Krishnamachari,University of Southern California,http://ceng.usc.edu/~bkrishna,JHJozAYAAAAJ,0000-0002-9994-9931
Bhaskar Mukhoty,IIT Delhi,https://sites.google.com/view/bhaskar-mukhoty,lJglnOQAAAAJ,0000-0002-8594-980X
Bhaskaran Raman,IIT Bombay,https://www.cse.iitb.ac.in/~br/webpage,qj3IRU8AAAAJ,0000-0000-0000-0000
Bhavana Kanukurthi,IISc Bangalore,http://www.csa.iisc.ac.in/~bhavana,QYNU5jMAAAAJ,0000-0001-7519-4477
Bhavani M. Thuraisingham,University of Texas at Dallas,http://www.utdallas.edu/~bhavani.thuraisingham,o_xUNWkAAAAJ,0000-0000-0000-0000
Bhavani Thuraisingham,University of Texas at Dallas,http://www.utdallas.edu/~bhavani.thuraisingham,o_xUNWkAAAAJ,0000-0003-4653-2080
Bheemarjuna Reddy Tamma,IIT Hyderabad,http://www.iith.ac.in/~tbr,FYHCD2kAAAAJ,0000-0002-4056-7963
Bhiksha Raj,Carnegie Mellon University,http://www.cs.cmu.edu/~bhiksha,IWcGY98AAAAJ,0000-0000-0000-0000
Bhiksha Ramakrishnan,Carnegie Mellon University,https://www.cs.cmu.edu/directory/bhikshar,NOSCHOLARPAGE,0000-0003-0038-5513
Bhojan Anand,National University of Singapore,http://www.comp.nus.edu.sg/~bhojan,FDxsgEgAAAAJ,0000-0001-8105-1739
Bhubaneswar Mishra,New York University,https://cs.nyu.edu/mishra,kXVBr20AAAAJ,0000-0000-0000-0000
Bhujanga Chakrabarti,Victoria University of Wellington,http://sms.victoria.ac.nz/Main/BhujangaChakrabarti,3VT_IZEAAAAJ,0000-0000-0000-0000
Bhuvan Urgaonkar,Pennsylvania State University,http://www.cse.psu.edu/~buu1,ZoI6hPwAAAAJ,0000-0003-3495-6345
Bhuvana Krishnaswamy,University of Wisconsin - Madison,https://uwconnect.ece.wisc.edu,1Hn1s1sAAAAJ,0009-0005-6057-8159
Bhuwan Dhingra,Duke University,http://www.cs.cmu.edu/~bdhingra,SLISZFAAAAAJ,0000-0002-6874-9515
Biagio Cosenza,University of Salerno,http://cosenza.eu,gQCXas8AAAAJ,0000-0002-8869-6705
Bianca Schroeder,University of Toronto,http://www.cs.toronto.edu/~bianca,TW4Th98AAAAJ,0000-0003-3289-1824
Bianca Schröder,University of Toronto,http://www.cs.toronto.edu/~bianca,TW4Th98AAAAJ,0000-0000-0000-0000
Bianca Trinkenreich,Colorado State University,https://biancatrink.github.io,3nF0RuMAAAAJ,0000-0001-7302-6082
Biao Chen 0001,Syracuse University,http://comlab.ecs.syr.edu/people/bchen,653GqXUAAAAJ,0000-0000-0000-0000
Biao Hou,Xidian University,https://web.xidian.edu.cn/houbiao,bstmPikAAAAJ,0000-0002-1996-186X
Biao Leng,Beihang University,http://scse.buaa.edu.cn/info/1024/2975.htm,zQqJW3gAAAAJ,0000-0003-3588-5622
Biao Qin,Renmin University of China,http://info.ruc.edu.cn/academic_professor.php?teacher_id=31,NOSCHOLARPAGE,0000-0000-0000-0000
Biaoshuai Tao,Shanghai Jiao Tong University,https://jhc.sjtu.edu.cn/~bstao,F65i6zcAAAAJ,0000-0003-4098-844X
Bidyut Gupta,SIU Carbondale,https://www.cs.siu.edu/gupta,NOSCHOLARPAGE,0000-0000-0000-0000
Bihuan Chen 0001,Fudan University,https://chenbihuan.github.io,Cz-4wl0AAAAJ,0000-0001-7238-7492
Biing-Feng Wang,National Tsing Hua University,http://clark.cs.nthu.edu.tw/advisor.php,NOSCHOLARPAGE,0000-0000-0000-0000
Bijan Parsia,University of Manchester,http://www.cs.man.ac.uk/~bparsia,UBcjZigAAAAJ,0000-0000-0000-0000
Bijaya Adhikari,University of Iowa,https://cs.uiowa.edu/people/bijaya-adhikari,lfRiJ8YAAAAJ,0000-0001-8409-8073
Bijaya Karki,Louisiana State University,https://www.lsu.edu/science/geology/people/faculty/karki.php,PVKPY-IAAAAJ,0000-0000-0000-0000
Bijoy Chand Chatterjee,South Asian University,https://www.bijoycc.site,mYKBDyYAAAAJ,0000-0002-9363-9289
Biju K. Raveendran,BITS Pilani-Goa,https://www.bits-pilani.ac.in/goa/biju/profile,wpRpGpwAAAAJ,0000-0000-0000-0000
Bikramjit Banerjee,University of Southern Mississippi,https://www.usm.edu/computing/faculty/bikramjit-banerjee,WHs9gMMAAAAJ,0000-0000-0000-0000
Bilal Khan,CUNY,https://www.gc.cuny.edu/Page-Elements/Academics-Research-Centers-Initiatives/Doctoral-Programs/Computer-Science/Faculty-Bios/Bilal-Khan,uOBB1tEAAAAJ,0000-0001-7426-0292
Bilal Zafar,Ruhr-University Bochum,https://informatik.rub.de/zafar,keWdp0AAAAAJ,0000-0000-0000-0000
Bilel Derbel,CRIStAL,https://www.cristal.univ-lille.fr/profil/derbel,NOSCHOLARPAGE,0000-0000-0000-0000
Bilge Mutlu,University of Wisconsin - Madison,http://pages.cs.wisc.edu/~bilge,VGr54BoAAAAJ,0000-0002-9456-1495
Bill Aiello,University of British Columbia,https://www.cs.ubc.ca/people/bill-aiello,7gbCeoEAAAAJ,0000-0000-0000-0000
Bill Barrett,Brigham Young University,https://cs.byu.edu/faculty/barrett,yLWfq68AAAAJ,0000-0000-0000-0000
Bill Byrne,University of Cambridge,https://www.eng.cam.ac.uk/profiles/wjb31,BVUcMU4AAAAJ,0000-0003-1896-4492
Bill Campbell,University of Massachusetts Boston,https://www.umb.edu/academics/csm/faculty_staff/bill_campbell,ekic9BkAAAAJ,0000-0000-0000-0000
Bill Carroll,University of Texas at Arlington,http://ranger.uta.edu/~carroll,b77CHHoAAAAJ,0000-0000-0000-0000
Bill Chu,UNC - Charlotte,https://cci.charlotte.edu/people/bill-chu,NOSCHOLARPAGE,0000-0000-0000-0000
Bill Fefferman,University of Chicago,http://www.billfefferman.com,EBIByAIAAAAJ,0000-0002-9627-0210
Bill Freeman,Massachusetts Inst. of Technology,https://billf.mit.edu,0zZnyMEAAAAJ,0000-0002-2231-7995
Bill Gropp,Univ. of Illinois at Urbana-Champaign,http://wgropp.cs.illinois.edu,vB96fX8AAAAJ,0000-0003-2905-3029
Bill Grosky,University of Michigan-Dearborn,https://umdearborn.edu/users/wgrosky,jGsRPo8AAAAJ,0000-0000-0000-0000
Bill Hamilton 0001,New Mexico State University,https://www.cs.nmsu.edu/plexlab/people/bill,W7jbeOwAAAAJ,0000-0003-3594-6624
Bill Hoff,Colorado School of Mines,http://inside.mines.edu/~whoff,XvoGQx4AAAAJ,0000-0000-0000-0000
Bill Howe,University of Washington,https://faculty.washington.edu/billhowe,dQ-x9NQAAAAJ,0000-0001-8588-8472
Bill Keller,University of Sussex,http://www.sussex.ac.uk/informatics/people/peoplelists/person/1463,go6vIr0AAAAJ,0000-0001-7781-7703
Bill Lin 0001,Univ. of California - San Diego,http://cwcserv.ucsd.edu/~billlin,j3geh3QAAAAJ,0000-0003-0965-7247
Bill P. Buckles,University of North Texas,http://www.cse.unt.edu/~bbuckles,4TYgrZ8AAAAJ,0000-0000-0000-0000
Bill Rogers,University of Waikato,http://www.cms.waikato.ac.nz/people/coms0108,RP4Z1UQAAAAJ,0000-0000-0000-0000
Bill Roscoe,University of Oxford,http://www.cs.ox.ac.uk/bill.roscoe,miixtKcAAAAJ,0000-0000-0000-0000
Bill Scherlis,Carnegie Mellon University,http://www.cs.cmu.edu/~wls,F6LzqwMAAAAJ,0000-0000-0000-0000
Bill Smart,Oregon State University,http://people.oregonstate.edu/~smartw,sWCpXFgAAAAJ,0000-0000-0000-0000
Bill Stackpole,Rochester Inst. of Technology,https://www.rit.edu/gccis/computingsecurity/people/bill-stackpole,z-ALk7QAAAAJ,0000-0000-0000-0000
Bill Tomlinson,Univ. of California - Irvine,http://www.ics.uci.edu/~wmt,-jW6ADwAAAAJ,0000-0002-8386-4730
Bill Wang,Massey University,http://www.massey.ac.nz/massey/learning/colleges/college-of-sciences/staff-list.cfm?stref=059250,u9TbFb0AAAAJ,0000-0000-0000-0000
Billy Bob Brumley,Rochester Inst. of Technology,https://www.rit.edu/directory/bbbics-billy-brumley,7QX0AQYAAAAJ,0000-0001-9160-0463
Bimal Kumar Roy,ISI Kolkata,https://www.isical.ac.in/~bimal,NOSCHOLARPAGE,0000-0000-0000-0000
Bimal Viswanath,Virginia Tech,https://people.cs.vt.edu/vbimal,bu1SCOuD_CMC,0000-0002-6559-9689
Bin Chen 0011,Harbin Institute of Technology,http://faculty.hitsz.edu.cn/BinChen,Yl0wv7AAAAAJ,0000-0000-0000-0000
Bin Chen 0019,University of Melbourne,https://findanexpert.unimelb.edu.au/profile/1087324-bin-chen,SZXv0AIAAAAJ,0000-0003-3022-1931
Bin Cui 0001,Peking University,http://net.pku.edu.cn/~cuibin,IJAU8KoAAAAJ,0000-0003-1681-4677
Bin Guo 0001,NWPU,http://www.guob.org,VC6N2iQAAAAJ,0000-0001-6097-2467
Bin Jiang 0006,Hunan University,http://csee.hnu.edu.cn/people/jiangbin,NOSCHOLARPAGE,0000-0000-0000-0000
Bin Li 0006,Yangzhou University,https://xxgcxy.yzu.edu.cn/info/1020/4049.htm,NOSCHOLARPAGE,0000-0001-8500-9917
Bin Li 0015,Fudan University,http://homepage.fudan.edu.cn/binli/zh,8t97oL8AAAAJ,0000-0002-9633-0033
Bin Liang 0002,Renmin University of China,http://info.ruc.edu.cn/academic_professor.php?teacher_id=27,NOSCHOLARPAGE,0000-0002-4818-7164
Bin Liu 0001,Tsinghua University,http://s-router.cs.tsinghua.edu.cn/~liubin,NOSCHOLARPAGE,0000-0002-8588-8744
Bin Luo 0003,Nanjing University,https://cs.nju.edu.cn/58/1c/c2639a153628/page.htm,NOSCHOLARPAGE,0000-0002-7609-4838
Bin Ma 0002,University of Waterloo,https://cs.uwaterloo.ca/~binma,f-eL6DYAAAAJ,0000-0000-0000-0000
Bin Mu,Tongji University,https://sse.tongji.edu.cn/Data/View/2814,NOSCHOLARPAGE,0000-0000-0000-0000
Bin Ren 0002,College of William and Mary,https://www.cs.wm.edu/~bren,9Uqwy4UAAAAJ,0000-0002-4116-5237
Bin Sheng 0001,Shanghai Jiao Tong University,https://www.cs.sjtu.edu.cn/PeopleDetail.aspx?id=81,unORJQ8AAAAJ,0000-0001-8678-2784
Bin Wang 0004,Chinese Academy of Sciences,http://people.ucas.ac.cn/~wangbin,tDajnHEAAAAJ,0000-0001-7577-229X
Bin Wang 0017,Central South University,https://faculty.csu.edu.cn/wangbin1/zh_CN/index.htm,NOSCHOLARPAGE,0000-0000-0000-0000
Bin Wu 0001,BUPT,https://scs.bupt.edu.cn/info/1088/1314.htm,qCf-504AAAAJ,0000-0000-0000-0000
Bin Xiao 0001,The Hong Kong Polytechnic Univ.,https://www4.comp.polyu.edu.hk/~csbxiao,yFLW6jgAAAAJ,0000-0003-4223-8220
Bin Xu 0001,Tsinghua University,http://keg.cs.tsinghua.edu.cn/persons/xubin,h-BY2wgAAAAJ,0000-0000-0000-0000
Bin Yang 0002,Aalborg University,http://people.cs.aau.dk/~byang,qjBQhoUAAAAJ,0000-0002-1658-1079
Bin Yang 0009,University of Stuttgart,https://www.iss.uni-stuttgart.de/institut/team/Yang-00004,sm9O9OYAAAAJ,0000-0000-0000-0000
Bin Yao 0002,Shanghai Jiao Tong University,http://www.cs.sjtu.edu.cn/~yaobin,XIIa8VMAAAAJ,0000-0002-6478-4209
Bin Yu 0001,Univ. of California - Berkeley,https://www.stat.berkeley.edu/~binyu/Site/Welcome.html,xT19Jc0AAAAJ,0000-0002-8888-4060
Bin Zhang 0042,MBZUAI,https://mbzuai.ac.ae/study/faculty/bin-zhang,lFl6evoAAAAJ,0000-0001-8835-8370
Binay Bhattacharya,Simon Fraser University,http://www.cs.sfu.ca/~anoop,NOSCHOLARPAGE,0000-0000-0000-0000
Binay K. Bhattacharya,Simon Fraser University,http://www.cs.sfu.ca/~anoop,NOSCHOLARPAGE,0000-0000-0000-0000
Binbin Chen 0001,SUTD,https://istd.sutd.edu.sg/people/faculty/binbin-chen,42U2zXcAAAAJ,0000-0002-9584-0082
Binbin Xie,University of Texas at Arlington,https://www.uta.edu/academics/faculty/profile?username=xieb,lgl21ZgAAAAJ,0000-0001-8484-0362
Bing Bing Zhou,University of Sydney,https://www.sydney.edu.au/engineering/about/our-people/academic-staff/bing-zhou.html,ALdAcfcAAAAJ,0000-0002-5405-6419
Bing Chu,University of Southampton,https://www.ecs.soton.ac.uk/people/bc1d11,NOSCHOLARPAGE,0000-0000-0000-0000
Bing Li 0010,Wuhan University,https://cs.whu.edu.cn/info/1019/2946.htm,TgB8tuYAAAAJ,0000-0002-2165-2636
Bing Liu 0001,University of Illinois at Chicago,https://www.cs.uic.edu/~liub,Kt1bjZoAAAAJ,0000-0000-0000-0000
Bing Mao 0001,Nanjing University,https://www.usenix.org/conference/usenixsecurity17/speaker-or-organizer/bing-mao-nanjing-university,4HAkmwcAAAAJ,0000-0002-7066-2144
Bing Mao 0002,Shenzhen University,https://www.researchgate.net/profile/Bing-Mao-3,epwbmd4AAAAJ,0000-0000-0000-0000
Bing Qin 0001,Harbin Institute of Technology,http://ir.hit.edu.cn/~qinb,LKnCub0AAAAJ,0000-0002-2543-5604
Bing Su 0001,Renmin University of China,http://ai.ruc.edu.cn/academicfaculty/fea218174a6e493a99cfcebdc7dfe6c4.htm,d3g2VJQAAAAJ,0000-0000-0000-0000
Bing Wang 0001,University of Connecticut,http://www.engr.uconn.edu/~bing,HvNdFJcAAAAJ,0000-0002-7632-6512
Bing Xie,Peking University,http://sei.pku.edu.cn/~xiebing,f66ae1YAAAAJ,0000-0002-5409-4378
Bing Xue 0001,Victoria University of Wellington,https://ecs.victoria.ac.nz/Main/BingXue,htnpub8AAAAJ,0000-0000-0000-0000
Bing Zeng,UESTC,http://faculty.uestc.edu.cn/cengbing/en/index.htm,s-kUGYQAAAAJ,0000-0000-0000-0000
Bing-Yu Chen 0004,National Taiwan University,http://graphics.im.ntu.edu.tw/~robin,8UC5dY4AAAAJ,0000-0003-0169-7682
Bingfeng Zhou,Peking University,http://www.icst.pku.edu.cn/index.php?s=/Home/Article/detail/id/556.html,JZEz0LMAAAAJ,0000-0000-0000-0000
Binghui Wang,Illinois Institute of Technology,http://wangbinghui.net,SoOztcEAAAAJ,0000-0001-5616-060X
Bingkai Lin,Nanjing University,https://sites.google.com/site/bingkai314159,7jXU6JMAAAAJ,0000-0002-3444-6380
Bingpeng Ma,Chinese Academy of Sciences,http://people.ucas.edu.cn/~bpma,fClDLgMAAAAJ,0000-0001-8984-205X
Bingquan Liu,Harbin Institute of Technology,http://homepage.hit.edu.cn/liubingquan,NOSCHOLARPAGE,0000-0000-0000-0000
Bingsheng He,National University of Singapore,http://www.comp.nus.edu.sg/~hebs,RogYLKYAAAAJ,0000-0001-8618-4581
Bingsheng Zhang,Zhejiang University,https://person.zju.edu.cn/en/bingsheng,QnOeC4IAAAAJ,0000-0002-2320-9582
Bingxing Fang,Harbin Institute of Technology,http://faculty.hitsz.edu.cn/fangbinxing,NOSCHOLARPAGE,0000-0000-0000-0000
Bingyao Li,Univ. of California - Riverside,https://libingyao.github.io,HnyRsm8AAAAJ,0000-0002-6281-6799
Bingyu Chen 0004,National Taiwan University,http://graphics.im.ntu.edu.tw/~robin,8UC5dY4AAAAJ,0000-0003-0169-7682
Bingzhe Li,University of Texas at Dallas,https://libingzheren.github.io,Jhf8Y4AAAAAJ,0000-0002-5815-9706
Binh T. Nguyen,VinUniversity,https://tbng.github.io,6rpHj_YAAAAJ,0000-0000-0000-0000
Binhai Zhu,Montana State University,https://www.cs.montana.edu/bhz,BAzWR-UAAAAJ,0000-0000-0000-0000
Binhang Yuan,HKUST,https://cse.hkust.edu.hk/admin/people/faculty/profile/biyuan,TflKxcIAAAAJ,0000-0002-3188-2769
Binxing Fang,Harbin Institute of Technology,http://faculty.hitsz.edu.cn/fangbinxing,NOSCHOLARPAGE,0000-0000-0000-0000
Binyu Zang,Shanghai Jiao Tong University,https://ipads.se.sjtu.edu.cn/zh/pub/members/binyu_zang,m3noS0AAAAAJ,0000-0002-1968-7645
Bipin C. Desai,Concordia University,http://www.cs.concordia.ca/~bcdesai,NOSCHOLARPAGE,0000-0002-9142-7928
Biplab Banerjee,IIT Roorkee,http://www.iitr.ac.in/departments/CSE/pages/People+Biplab_Banerjee.html,0q-fdykAAAAJ,0000-0001-8371-8138
Biplav Srivastava,University of South Carolina,https://sites.google.com/site/biplavsrivastava,mPC6wp4AAAAJ,0000-0002-7292-3838
Bir Bhanu,Univ. of California - Riverside,http://vislab.ucr.edu/PEOPLE/BIR_BHANU,AhRGIcwAAAAJ,0000-0001-8971-6416
Bireswar Das,IIT Gandhinagar,http://www.iitgn.ac.in/faculty/comp/bireswar.htm,RcBEsucAAAAJ,0000-0002-3758-4033
Birgit Endrass,University of Würzburg,https://www.informatik.uni-wuerzburg.de/sia/team/prof-dr-birgit-lugrin,x6LNQoAAAAAJ,0000-0000-0000-0000
Birgit Grohe,Chalmers/GU,https://www.chalmers.se/en/staff/Pages/grohe.aspx,NOSCHOLARPAGE,0000-0000-0000-0000
Birgit Lugrin,University of Würzburg,https://www.informatik.uni-wuerzburg.de/sia/team/prof-dr-birgit-lugrin,x6LNQoAAAAAJ,0000-0000-0000-0000
Birgit Penzenstadler,Chalmers/GU,https://www.chalmers.se/en/staff/Pages/birgit.aspx,TNoA6ZMAAAAJ,0000-0000-0000-0000
Birgit Pröll,JKU Linz,https://www.jku.at/en/faw/about-us/team/birgit-proell,NOSCHOLARPAGE,0000-0000-0000-0000
Birgit Vogtenhuber,Graz University of Technology,http://www.ist.tugraz.at/vogtenhuber,NOSCHOLARPAGE,0000-0002-7166-4467
Birgitta König-Ries,Friedrich Schiller University Jena,http://fusion.cs.uni-jena.de/fusion,DbusQz8AAAAJ,0000-0002-2382-9722
Birhanu Eshete,University of Michigan-Dearborn,https://umdearborn.edu/users/birhanu,DVLQDSoAAAAJ,0000-0002-2549-4030
Birna van Riemsdijk,University of Twente,https://research.utwente.nl/en/persons/maria-birna-van-riemsdijk,PnxGeHMAAAAJ,0000-0000-0000-0000
Birte Glimm,University of Ulm,https://www.uni-ulm.de/in/ki/inst/staff/birte-glimm,hymHrFcAAAAJ,0000-0000-0000-0000
Birte Kehr,University of Regensburg,https://www.rcii.de/forschung/forschergruppen-klinische-kooperationsgruppen-emerging-strategies/ag-algorithmische-bioinformatik,eFJKGe4AAAAJ,0000-0002-3417-7504
Bistra Dilkina,University of Southern California,https://viterbi.usc.edu/directory/faculty/Dilkina/Bistra,1jjyaBYAAAAJ,0000-0002-6784-473X
Bistra N. Dilkina,University of Southern California,https://viterbi.usc.edu/directory/faculty/Dilkina/Bistra,1jjyaBYAAAAJ,0000-0000-0000-0000
Biswabandan Panda,IIT Bombay,https://www.cse.iitb.ac.in/~biswa,ZGZkHzcAAAAJ,0009-0007-0468-9414
Biswajit Mishra,DAIICT,http://intranet.daiict.ac.in/~biswajitmishra,xmVV6WcAAAAJ,0000-0000-0000-0000
Biswajit Purkayastha,National Inst. of Tech. Silchar,http://cs.nits.ac.in/biswajit,J7oXZYkAAAAJ,0000-0000-0000-0000
Biswanath Dey,National Inst. of Tech. Silchar,http://cs.nits.ac.in/bdey,38RH3kAAAAJ,0000-0000-0000-0000
Biswanath Mukherjee,Univ. of California - Davis,https://faculty.engineering.ucdavis.edu/mukherjee,ytXtLjkAAAAJ,0000-0000-0000-0000
Bivas Mitra,IIT Kharagpur,http://cse.iitkgp.ac.in/~bivasm,mQ57itUAAAAJ,0000-0003-4668-8771
Biwei Huang,Univ. of California - San Diego,https://biweihuang.com,hTRCBCgAAAAJ,0000-0000-0000-0000
Bixio Rimoldi,EPFL,https://people.epfl.ch/bixio.rimoldi,SsEHa6cAAAAJ,0000-0000-0000-0000
Bjarne K. Ersbøll,DTU,https://www.compute.dtu.dk/english,NOSCHOLARPAGE,0000-0000-0000-0000
Bjarne Kjær Ersbøll,DTU,https://www.compute.dtu.dk/english,NOSCHOLARPAGE,0000-0003-1262-7890
Bjoern Andres,TU Dresden,https://mlcv.inf.tu-dresden.de,3Bfgs9cAAAAJ,0000-0001-5036-9162
Bjoern H. Menze,TU Munich,http://people.csail.mit.edu/menze,Kv2QrQgAAAAJ,0000-0003-4136-5690
Bjoern Hartmann,Univ. of California - Berkeley,https://people.eecs.berkeley.edu/~bjoern,aZMY6_UAAAAJ,0000-0002-0693-0829
Bjoern Holger Menze,TU Munich,http://people.csail.mit.edu/menze,Kv2QrQgAAAAJ,0000-0000-0000-0000
Bjoern M. Eskofier,University of Erlangen–Nuremberg,https://www.mad.tf.fau.de/person/bjoern-eskofier,7ems5nYAAAAJ,0000-0000-0000-0000
Björn Andres,TU Dresden,https://mlcv.inf.tu-dresden.de,3Bfgs9cAAAAJ,0000-0001-5036-9162
Björn B. Brandenburg [SWS],Max Planck Society,http://www.mpi-sws.org/~bbb,xRuGtp4AAAAJ,0000-0000-0000-0000
Björn Bernhard Brandenburg [SWS],Max Planck Society,http://www.mpi-sws.org/~bbb,xRuGtp4AAAAJ,0000-0000-0000-0000
Björn E. Ottersten,University of Luxembourg,http://wwwen.uni.lu/snt/people/bjoern_ottersten,OAWYhh0AAAAJ,0000-0000-0000-0000
Björn Franke,University of Edinburgh,http://homepages.inf.ed.ac.uk/bfranke,Y6aTqRQAAAAJ,0000-0002-1219-8523
Björn H. Menze,TU Munich,http://people.csail.mit.edu/menze,Kv2QrQgAAAAJ,0000-0000-0000-0000
Björn Hartmann,Univ. of California - Berkeley,https://people.eecs.berkeley.edu/~bjoern,aZMY6_UAAAAJ,0000-0002-0693-0829
Björn Hein,Karlsruhe Inst. of Technology,http://rob.ipr.kit.edu/mitarbeiter_106.php,NOSCHOLARPAGE,0000-0001-9569-5201
Björn Hof,IST Austria,https://ist.ac.at/research/research-groups/hof-group,tytU38QAAAAJ,0000-0000-0000-0000
Björn Lisper,Mälardalen University,http://www.idt.mdh.se/~blr01,sk_3rz0AAAAJ,0000-0000-0000-0000
Björn M. Eskofier,University of Erlangen–Nuremberg,https://www.mad.tf.fau.de/person/bjoern-eskofier,7ems5nYAAAAJ,0000-0002-0417-0336
Björn Ommer,LMU Munich,https://ommer-lab.com/people/ommer,zWbvIUcAAAAJ,0000-0000-0000-0000
Björn Regnell,Lund University,http://cs.lth.se/bjorn-regnell,W37CtAwAAAAJ,0000-0000-0000-0000
Björn Ross,University of Edinburgh,http://www.inf.ed.ac.uk/people/staff/Bjorn_Ross.html,RQ2zK8QAAAAJ,0000-0003-2717-3705
Björn Scheuermann 0001,TU Darmstadt,https://www.kom.tu-darmstadt.de,NOSCHOLARPAGE,0000-0002-1133-1775
Björn Victor,Uppsala University,http://www.it.uu.se/katalog/victor,ipxE33cAAAAJ,0000-0003-0174-9032
Björn W. Schuller,Imperial College London,https://www.doc.ic.ac.uk/~bschulle,TxKNCSoAAAAJ,0000-0002-6478-8699
Björn Waske,University of Osnabrück,https://www.uni-osnabrueck.de/universitaet/personensuche/personendetails.html?module=TemplatePersondetails&target=15852&source=14776&config_id=182d4abe417c9851aacad4acd6e0df1b&range_id=studip&username=bwaske,dWjh5LEAAAAJ,0000-0000-0000-0000
Björn Þór Jónsson 0001,IT University of Copenhagen,http://www.itu.dk/people/bjth,syXaq1IAAAAJ,0000-0000-0000-0000
Bjørn Sand Jensen,University of Glasgow,https://www.gla.ac.uk/schools/computing/staff/bjornjensen,sa4OOmUAAAAJ,0000-0000-0000-0000
Blaine A. Price,Open University UK,http://stem.open.ac.uk/people/bp5,txHHqGQAAAAJ,0000-0002-2247-9804
Blair Archibald,University of Glasgow,https://www.gla.ac.uk/schools/computing/staff/blairarchibald,8i6CAKEAAAAJ,0000-0003-3699-6658
Blair D. Sullivan,University of Utah,https://www.cs.utah.edu/~sullivan/#!/about,oZBtvZMAAAAJ,0000-0001-7720-6208
Blair Nonnecke,University of Guelph,https://www.uoguelph.ca/computing/people/blair-nonnecke,73-woeEAAAAJ,0000-0000-0000-0000
Blaise Tine,Univ. of California - Los Angeles,https://blaisetine.github.io,HxCaIqwAAAAJ,0000-0000-0000-0000
Blaise-Pascal Tine,Univ. of California - Los Angeles,https://blaisetine.github.io,HxCaIqwAAAAJ,0000-0000-0000-0000
Blanca Rodríguez,University of Oxford,http://www.cs.ox.ac.uk/people/blanca.rodriguez,qYidL6sAAAAJ,0000-0000-0000-0000
Blase Ur,University of Chicago,http://www.blaseur.com,3Xql0fwAAAAJ,0000-0001-9365-3155
Blayne E. Mayfield,Oklahoma State University,http://cs.okstate.edu/%7Ebem,NOSCHOLARPAGE,0000-0000-0000-0000
Blesson Varghese,Queen's University Belfast,https://www.qub.ac.uk/schools/eeecs/Connect/Staff/BusinessCard/?name=b.varghese,2JoDRIMAAAAJ,0000-0001-8392-832X
Bo An 0001,Nanyang Technological University,https://www3.ntu.edu.sg/home/boan,CvdNmi0AAAAJ,0000-0002-7064-7438
Bo Chen 0018,UESTC,https://www.is.uestc.edu.cn/teachers.do?id=1061,NOSCHOLARPAGE,0000-0000-0000-0000
Bo Cheng 0001,BUPT,https://int.bupt.edu.cn/content/content.php?p=6_16_134,C57XAcEAAAAJ,0000-0003-2160-2839
Bo Dai 0001,Georgia Institute of Technology,https://bo-dai.github.io,TIKl_foAAAAJ,0000-0000-0000-0000
Bo Dai 0006,UESTC,https://www.scse.uestc.edu.cn/info/1081/11208.htm,NOSCHOLARPAGE,0000-0000-0000-0000
Bo Du 0001,Wuhan University,https://cs.whu.edu.cn/info/1019/2892.htm,Shy1gnMAAAAJ,0000-0002-0059-8458
Bo Fang,University of Texas at Arlington,https://www.uta.edu/academics/faculty/profile?user=bo.fang,50k_hl8AAAAJ,0000-0000-0000-0000
Bo Friis Nielsen,DTU,https://www.compute.dtu.dk/english,NOSCHOLARPAGE,0000-0000-0000-0000
Bo Han 0001,George Mason University,https://bohan00.github.io,BhRa314AAAAJ,0000-0001-7042-3322
Bo Han 0003,Hong Kong Baptist University,https://bhanml.github.io,nTNjqHwAAAAJ,0000-0002-9226-0461
Bo Hui 0001,University of Tulsa,https://bohui.herokuapp.com,cdwA-5IAAAAJ,0000-0000-0000-0000
Bo Ji 0001,Virginia Tech,http://people.cs.vt.edu/boji,9ILgtvAAAAAJ,0000-0003-0149-7509
Bo Jiang 0003,Shanghai Jiao Tong University,https://jhc.sjtu.edu.cn/~bjiang,WxAIZtMAAAAJ,0000-0001-6711-4342
Bo Lang,Beihang University,http://scse.buaa.edu.cn/info/1078/2660.htm,NOSCHOLARPAGE,0000-0000-0000-0000
Bo Li 0001,HKUST,https://www.cse.ust.hk/~bli,BMkV-YoAAAAJ,0000-0003-2955-750X
Bo Li 0005,Beihang University,https://scse.buaa.edu.cn/info/1078/11964.htm,CvjqOuwAAAAJ,0000-0000-0000-0000
Bo Li 0037,The Hong Kong Polytechnic Univ.,https://www4.comp.polyu.edu.hk/~bo2li,JsT0JNYAAAAJ,0000-0001-7500-8355
Bo Liu 0001,University of Technology Sydney,https://profiles.uts.edu.au/Bo.Liu,Ixcq78YAAAAJ,0000-0002-3603-6617
Bo Liu 0006,Auburn University,https://liubo-cs.github.io,8MliTo4AAAAJ,0000-0000-0000-0000
Bo Liu 0034,SUAT,https://csce.suat-sz.edu.cn/info/1011/1314.htm,ZJMO78sAAAAJ,0000-0000-0000-0000
Bo Luo,University of Kansas,http://www.ittc.ku.edu/~bluo,roY9L1oAAAAJ,0000-0001-8196-2436
Bo Mao,Xiamen University,http://astl.xmu.edu.cn,XHT9YtEAAAAJ,0000-0000-0000-0000
Bo Ou,Hunan University,http://csee.hnu.edu.cn/people/oubo,o81gbSQAAAAJ,0000-0001-6936-9955
Bo Qin,Renmin University of China,http://info.ruc.edu.cn/jsky/szdw/ajxjgcx/jsjkxyjsx1/fjs2/3e3cc02fc39a4abcb0c9777658ed528e.htm,Dww7dnsAAAAJ,0000-0000-0000-0000
Bo Ren 0003,Nankai University,https://cc.nankai.edu.cn/2021/0323/c13619a572934/page.htm,9qm5OcYAAAAJ,0000-0001-8179-9122
Bo Sheng,University of Massachusetts Boston,http://www.cs.umb.edu/~shengbo,Dt5oPoMAAAAJ,0000-0001-5958-8935
Bo Tang 0016,SUSTech,https://faculty.sustech.edu.cn/tangb3,og0Jsq4AAAAJ,0000-0001-8424-0092
Bo Waggoner,University of Colorado Boulder,https://www.bowaggoner.com,Y_Ieu7EAAAAJ,0000-0002-1366-1065
Bo Wang 0044,University of Toronto,https://wanglab.ml/people.html,37FDILIAAAAJ,0000-0002-9620-3413
Bo Wu 0002,Colorado School of Mines,https://inside.mines.edu/~bwu,E-2t4EQAAAAJ,0009-0001-1696-4272
Bo Yan 0001,Fudan University,http://homepage.fudan.edu.cn/boyan,NOSCHOLARPAGE,0000-0000-0000-0000
Bo Yang 0001,University of Jinan,https://ai.ujn.edu.cn/info/1042/1075.htm,NOSCHOLARPAGE,0000-0000-0000-0000
Bo Yang 0011,UESTC,https://www.en.scse.uestc.edu.cn/info/1085/1772.htm,H2Oo_MkAAAAJ,0000-0000-0000-0000
Bo Yang 0027,The Hong Kong Polytechnic Univ.,https://yang7879.github.io,VqUAqz8AAAAJ,0000-0002-2419-4140
Bo Yuan 0005,Rochester Inst. of Technology,http://byuan.csec.rit.edu,utrtn3cAAAAJ,0000-0000-0000-0000
Bo Yuan 0006,SUSTech,https://faculty.sustech.edu.cn/yuanb,MAdS9ZsAAAAJ,0000-0001-9899-8961
Bo Zhang 0010,Tsinghua University,http://www.tsinghua.edu.cn/publish/csen/4623/2010/20101226104412516277601/20101226104412516277601_.html,NOSCHOLARPAGE,0000-0002-1566-3275
Bo Zhao 0019,Aalto University,https://www.aalto.fi/en/people/bo-zhao,R6igYYYAAAAJ,0000-0002-0768-3444
Bo Zhu 0002,Georgia Institute of Technology,https://faculty.cc.gatech.edu/~bozhu,LM_HjvIAAAAJ,0000-0002-1392-0928
Bo-Ting Yang,University of Regina,http://www.cs.uregina.ca/People/Profiles/BotingYang.html,NOSCHOLARPAGE,0000-0000-0000-0000
Bo-yong Park,Korea University,https://www.caminlab.com/more-boyong,aKQWfWYAAAAJ,0000-0001-7096-337X
Boaz Barak,Harvard University,http://www.boazbarak.org,XGiiygQAAAAJ,0000-0002-4053-8927
Boaz Ben-Moshe,Ariel University,http://www.ariel.ac.il/sites/bmboaz,EqqHg3MAAAAJ,0000-0002-1580-5421
Boaz Nadler,Weizmann Institute of Science,https://www.weizmann.ac.il/pages/search/people?language=english&single=1&person_id=29639,N3Jj5_cAAAAJ,0000-0002-9777-4576
Bob Coecke,University of Oxford,http://www.cs.ox.ac.uk/bob.coecke,fO17CXgAAAAJ,0000-0002-5310-8723
Bob De Schutter,Northeastern University,https://www.bobdeschutter.be,6Imct_kAAAAJ,0000-0000-0000-0000
Bob Edmison,Virginia Tech,http://people.cs.vt.edu/~kedmison,lIZFlMUAAAAJ,0000-0002-5861-1029
Bob Fields,Middlesex University,http://www.cs.mdx.ac.uk/people/bob-fields,DrLWtAYAAAAJ,0000-0003-1117-1844
Bob Fisher,University of Edinburgh,http://homepages.inf.ed.ac.uk/rbf,LigYduEAAAAJ,0000-0000-0000-0000
Bob J. Wielinga,VU Amsterdam,http://wm.cs.vu.nl,NOSCHOLARPAGE,0000-0000-0000-0000
Bob Kummerfeld,University of Sydney,https://www.sydney.edu.au/engineering/about/our-people/academic-staff/bob-kummerfeld.html,STyZ33MAAAAJ,0000-0002-6046-6393
Bob P. Weems,University of Texas at Arlington,http://ranger.uta.edu/~weems,NOSCHOLARPAGE,0000-0000-0000-0000
Bob Williamson,University of Tübingen,https://uni-tuebingen.de/en/197812,G4MBruQAAAAJ,0000-0000-0000-0000
Bob Zhang 0001,University of Macau,https://www.fst.um.edu.mo/people/bobzhang,dlZuABAAAAAJ,0000-0003-2497-9519
Bobak J. Mortazavi,Texas A&M University,http://faculty.cse.tamu.edu/bobakm,TOAg4GkAAAAJ,0000-0000-0000-0000
Bobak Jack Mortazavi,Texas A&M University,http://faculty.cse.tamu.edu/bobakm,TOAg4GkAAAAJ,0000-0000-0000-0000
Bobak Mortazavi,Texas A&M University,http://faculty.cse.tamu.edu/bobakm,TOAg4GkAAAAJ,0000-0000-0000-0000
Bobby Bhattacharjee,Univ. of Maryland - College Park,http://www.cs.umd.edu/~bobby,NOSCHOLARPAGE,0000-0000-0000-0000
Bobby Bodenheimer,Vanderbilt University,https://engineering.vanderbilt.edu/bio/?pid=robert-bodenheimer,hI4XguUAAAAJ,0000-0002-0616-5936
Bobby Schnabel,University of Colorado Boulder,https://www.colorado.edu/cs/bobby-schnabel,NOSCHOLARPAGE,0000-0000-0000-0000
Bodhisatwa Mazumdar,IIT Indore,http://cse.iiti.ac.in/faculty.html,ea-e9TwAAAAJ,0000-0003-1883-4639
Bodo Rosenhahn,University of Hannover,http://www.tnt.uni-hannover.de/staff/rosenhahn,qq3TxtcAAAAJ,0000-0000-0000-0000
Bodo Urban,University of Rostock,https://www.igd.fraunhofer.de/institut/ueber-uns/alumni/bodo-urban,NOSCHOLARPAGE,0000-0003-4968-4506
Bogdan Carbunar,Florida International University,https://users.cs.fiu.edu/~carbunar,B7BCFdoAAAAJ,0000-0000-0000-0000
Bogdan Dit,Boise State University,https://www.boisestate.edu/coen-cs/people/faculty/bogdan-dit,txY2NHUAAAAJ,0000-0000-0000-0000
Bogdan Korel,Illinois Institute of Technology,https://science.iit.edu/people/faculty/bogdan-korel,NOSCHOLARPAGE,0000-0001-7334-3731
Bogdan S. Chlebus,Augusta University,https://www.augusta.edu/faculty/directory/view.php?id=BCHLEBUS,_JWhZSAAAAAJ,0000-0003-4884-941X
Bogdan Savchynskyy,Heidelberg University,https://hci.iwr.uni-heidelberg.de/vislearn/people/bogdan,nvycljAAAAAJ,0000-0000-0000-0000
Bogdan Simion,University of Toronto,http://www.cs.toronto.edu/~bogdan,NOSCHOLARPAGE,0000-0002-2554-8705
Bogdan Vasilescu,Carnegie Mellon University,http://bvasiles.github.io,bcXjlqYAAAAJ,0000-0003-4418-5783
Bogdan Warinschi,University of Bristol,http://people.cs.bris.ac.uk/~bogdan,kS0oatgAAAAJ,0000-0000-0000-0000
Boguslaw Obara,Durham University,https://www.dur.ac.uk/computer.science/staff/profile/?id=10591,lg9xfisAAAAJ,0000-0003-4084-7778
Bohan Zhuang,Zhejiang University,https://bohanzhuang.github.io,DFuDBBwAAAAJ,0000-0002-0074-0303
Bohyung Han,Seoul National University,http://cvlab.snu.ac.kr/~bhhan,9aaeCToAAAAJ,0000-0000-0000-0000
Boi Faltings,EPFL,http://liawww.epfl.ch/~faltings,X21nbgcAAAAJ,0000-0000-0000-0000
Bojan Cukic,UNC - Charlotte,https://cci.uncc.edu/directory/bojan-cukic,B7N812UAAAAJ,0000-0001-7130-9054
Bolei Zhou,Univ. of California - Los Angeles,https://boleizhou.github.io,9D4aG8AAAAAJ,0000-0003-4030-0684
Boleslaw K. Szymanski,Rensselaer Polytechnic Institute,http://www.cs.rpi.edu/~szymansk,2OJOZTUAAAAJ,0000-0002-0307-6743
Bolette S. Pedersen,University of Copenhagen,https://nors.ku.dk/english/staff/?pure=en/persons/134967,NOSCHOLARPAGE,0000-0000-0000-0000
Bolette Sandford Pedersen,University of Copenhagen,https://nors.ku.dk/english/staff/?pure=en/persons/134967,NOSCHOLARPAGE,0000-0000-0000-0000
Bolong Zeng,Washington State University,https://school.eecs.wsu.edu/people/faculty/bolong-zeng,kp0baVYAAAAJ,0000-0000-0000-0000
Bolong Zheng,HUST,http://faculty.hust.edu.cn/BOLONGZHENG/en/index.htm,kp0baVYAAAAJ,0000-0001-8639-4570
Bon K. Sy,CUNY,https://www.gc.cuny.edu/Page-Elements/Academics-Research-Centers-Initiatives/Doctoral-Programs/Computer-Science/Faculty-Bios/Bon-K-Sy,GLjNiI4AAAAJ,0000-0000-0000-0000
Bongki Moon,Seoul National University,http://dbs.snu.ac.kr/bkmoon,Uk9v1BQAAAAJ,0000-0001-9382-8306
Bongshin Lee,Yonsei University,https://bongshiny.com,IozWtK0AAAAJ,0000-0002-4217-627X
Bongwon Suh,Seoul National University,https://hcclab.notion.site/People-b1fbe2d8119044e9bfe0c532abba9c4c,-nlhtEkAAAAJ,0000-0001-5610-9265
Bonita Sharif,University of Nebraska,https://www.shbonita.me,2WeXBokAAAAJ,0000-0002-5178-7160
Bonnie A. Nardi,Univ. of California - Irvine,http://www.artifex.org/~bonnie,hwc6A1MAAAAJ,0000-0000-0000-0000
Bonnie Berger,Massachusetts Inst. of Technology,https://people.csail.mit.edu/bab,qMOS01AAAAAJ,0000-0002-2724-7228
Bonnie J. Dorr,University of Florida,https://www.cise.ufl.edu/~bonniejdorr,jSjEWosAAAAJ,0000-0003-4356-5813
Bonnie MacKay,Dalhousie University,https://web.cs.dal.ca/~bmackay,fqtL2yMAAAAJ,0000-0000-0000-0000
Boon Thau Loo,University of Pennsylvania,http://www.cis.upenn.edu/~boonloo,HF2G3LAAAAAJ,0000-0002-4757-1746
Boqing Gong,Boston University,https://boqinggong.github.io,lv9ZeVUAAAAJ,0000-0003-3915-5977
Bor-Yuh Evan Chang,University of Colorado Boulder,http://www.cs.colorado.edu/~bec,wg3lXyYAAAAJ,0000-0002-1954-0774
Bora Uçar,Ecole Normale Superieure de Lyon,http://www.siam.org/meetings/csc14,lIthkfMAAAAJ,0000-0002-4960-3545
Boriana Koleva,University of Nottingham,https://www.nottingham.ac.uk/computerscience/people/b.koleva,W0bH9IQAAAAJ,0000-0003-4605-4242
Boriana Koleva-Hopkin,University of Nottingham,https://www.nottingham.ac.uk/computerscience/people/b.koleva,W0bH9IQAAAAJ,0000-0000-0000-0000
Boriana N. Koleva,University of Nottingham,https://www.nottingham.ac.uk/computerscience/people/b.koleva,W0bH9IQAAAAJ,0000-0003-4605-4242
Boris A. Trakhtenbrot,Tel Aviv University,https://en-exact-sciences.tau.ac.il/profile/trakhte,NOSCHOLARPAGE,0000-0000-0000-0000
Boris Aronov,New York University,http://engineering.nyu.edu/people/boris-aronov,q82gOawAAAAJ,0000-0003-3110-4702
Boris D. Kudryashov,University of Tartu,https://www.etis.ee/cv/Boris.Kudryashov,peVVfO0AAAAJ,0000-0000-0000-0000
Boris Düdder,University of Copenhagen,https://di.ku.dk/english/staff/vip/?pure=en/persons/575423,0ic62YwAAAAJ,0000-0002-0241-7729
Boris Glavic,University of Illinois at Chicago,https://www.cs.uic.edu/~bglavic/dbgroup/members/bglavic.html,lCdBR8cAAAAJ,0000-0003-2887-2452
Boris Grot,University of Edinburgh,http://homepages.inf.ed.ac.uk/bgrot,1DXXeSMAAAAJ,0000-0001-6525-0762
Boris Houska,ShanghaiTech University,http://faculty.sist.shanghaitech.edu.cn/faculty/boris,FetRI5cAAAAJ,0000-0000-0000-0000
Boris Konev,University of Liverpool,http://www.csc.liv.ac.uk/~konev,W0VU0J8AAAAJ,0000-0002-6507-0494
Boris Motik,University of Oxford,https://www.cs.ox.ac.uk/boris.motik,gKlqqSEAAAAJ,0000-0000-0000-0000
Boris Neubert,Karlsruhe Inst. of Technology,http://cg.ivd.kit.edu/neubert/index.php,t1h8g_8AAAAJ,0000-0000-0000-0000
Boris Skoric,TU Eindhoven,https://www.tue.nl/en/university/departments/mathematics-and-computer-science/the-department/staff/detail/ep/e/d/ep-uid/20088020,NOSCHOLARPAGE,0000-0000-0000-0000
Boris Stilman,University of Colorado - Denver,http://www.ucdenver.edu/academics/colleges/Engineering/Programs/Computer-Science-and-Engineering/faculty/Pages/BorisStilman.aspx,NOSCHOLARPAGE,0000-0000-0000-0000
Borivoje Nikolic,Univ. of California - Berkeley,https://www2.eecs.berkeley.edu/Faculty/Homepages/nikolic.html,QEqPllIAAAAJ,0000-0003-2324-1715
Borko Furht,Florida Atlantic University,http://www.cse.fau.edu/~borko,z1BEGM8AAAAJ,0000-0002-3584-9659
Borzoo Bonakdarpour,Michigan State University,http://www.cse.msu.edu/~borzoo,T_hw6kcAAAAJ,0000-0003-1800-5419
Borzoo Rassouli,University of Essex,https://www.essex.ac.uk/people/rasso29502/borzoo-rassouli,Zw05NOsAAAAJ,0000-0002-1171-8507
Bosheng Song,Hunan University,http://csee.hnu.edu.cn/people/songbosheng,n2szdRoAAAAJ,0000-0002-1479-5399
Boting Yang,University of Regina,http://www.cs.uregina.ca/People/Profiles/BotingYang.html,NOSCHOLARPAGE,0000-0000-0000-0000
Boubakeur Boufama,University of Windsor,http://www.uwindsor.ca/science/computerscience/1059/dr-boubakeur-boufama,-xk1C0cAAAAJ,0000-0003-0117-5614
Boubakeur Boufama-Seddik,University of Windsor,http://www.uwindsor.ca/science/computerscience/1059/dr-boubakeur-boufama,-xk1C0cAAAAJ,0000-0000-0000-0000
Boudewijn F. van Dongen,TU Eindhoven,https://www.tue.nl/en/university/departments/mathematics-and-computer-science/the-department/staff/detail/ep/e/d/ep-uid/19981149,vSPKumwAAAAJ,0000-0000-0000-0000
Boudewijn Frans van Dongen,TU Eindhoven,https://www.tue.nl/en/university/departments/mathematics-and-computer-science/the-department/staff/detail/ep/e/d/ep-uid/19981149,vSPKumwAAAAJ,0000-0000-0000-0000
Boudewijn P. F. Lelieveldt,TU Delft,https://www.tudelft.nl/ewi/over-de-faculteit/afdelingen/intelligent-systems/pattern-recognition-bioinformatics/computer-vision-lab/people/boudewijn-lelieveldt,NOSCHOLARPAGE,0000-0001-8269-7603
Boulbaba Ben Amor,CRIStAL,https://sites.google.com/site/bbenamorshomepage1,8kGJcCIAAAAJ,0000-0002-4176-9305
Bowen Weng,Iowa State University,https://www.cs.iastate.edu/people/bowen-weng-0,cP_aqlgAAAAJ,0000-0002-7868-9747
Bowen Xu,North Carolina State University,https://www.bowenxu.me,tLWbczIAAAAJ,0000-0002-1006-8493
Boxin Shi,Peking University,http://www.shiboxin.com,K1LjZxcAAAAJ,0000-0001-6749-0364
Boyana Norris,University of Oregon,https://ix.cs.uoregon.edu/~norris,prJFPwUAAAAJ,0000-0001-5811-9731
"Boyang ""Albert"" Li",Nanyang Technological University,http://boyangli.org,QwL4z2UAAAAJ,0000-0002-6230-2376
Boyang Li 0001,Nanyang Technological University,http://boyangli.org,QwL4z2UAAAAJ,0000-0002-6230-2376
Boyang Wang,University of Cincinnati,https://researchdirectory.uc.edu/p/wang2ba,bKUDk2AAAAAJ,0000-0001-8973-2328
Boyuan Chen 0001,Duke University,http://boyuanchen.com,5DBpY6EAAAAJ,0000-0000-0000-0000
Bracha Shapira,Ben-Gurion University of the Negev,http://www.ise.bgu.ac.il/bws/home,1biUWpIAAAAJ,0000-0003-4943-9324
Brad A. Myers,Carnegie Mellon University,http://www.cs.cmu.edu/~bam,E1cp_aYAAAAJ,0000-0002-4769-0219
Brad Karp,University College London,http://www0.cs.ucl.ac.uk/staff/B.Karp,KmXVOQkAAAAJ,0000-0002-7587-5034
Brad T. Vander Zanden,University of Tennessee,http://web.eecs.utk.edu/~bvz,NOSCHOLARPAGE,0000-0000-0000-0000
Bradford Campbell,University of Virginia,https://engineering.virginia.edu/faculty/brad-campbell,MLx5TCQAAAAJ,0000-0002-4103-8107
Bradford Gregory John Heap,UNSW,http://www.cse.unsw.edu.au/~bradfordh,gz14Sq8AAAAJ,0000-0000-0000-0000
Bradley A. Malin,Vanderbilt University,https://hiplab.mc.vanderbilt.edu/people/malin,Kf97-EkAAAAJ,0000-0003-3040-5175
Bradley Alexander,Adelaide University,https://cs.adelaide.edu.au/~brad,-9PWueoAAAAJ,0000-0000-0000-0000
Bradley Hayes,University of Colorado Boulder,http://www.bradhayes.info,rU_-c5oAAAAJ,0000-0000-0000-0000
Bradley J. Alexander,Adelaide University,https://cs.adelaide.edu.au/~brad,-9PWueoAAAAJ,0000-0000-0000-0000
Bradley James Alexander,Adelaide University,https://cs.adelaide.edu.au/~brad,-9PWueoAAAAJ,0000-0000-0000-0000
Bradley Reaves,North Carolina State University,https://bradreaves.net,0Ugq1JgAAAAJ,0000-0001-7902-1821
Bradley T. Vander Zanden,University of Tennessee,http://web.eecs.utk.edu/~bvz,NOSCHOLARPAGE,0000-0000-0000-0000
Brahim Bensaou,HKUST,https://www.cse.ust.hk/~csbb,aQblKVwAAAAJ,0000-0000-0000-0000
Brahim Chaib-draa,Université Laval,http://www2.ift.ulaval.ca/~chaib,NOSCHOLARPAGE,0000-0001-7615-5154
Brahim Medjahed,University of Michigan-Dearborn,https://umdearborn.edu/users/brahim,fDjntaAAAAAJ,0000-0000-0000-0000
Brais Cancela,University of A Coruña,https://pdi.udc.es/en/File/Pdi/9Y9SH,kFjVlJIAAAAJ,0000-0002-2295-4142
Brajendra Panda,University of Arkansas,http://csce.uark.edu/~bpanda,NOSCHOLARPAGE,0000-0000-0000-0000
Bram Adams,Queen’s University,https://mcislab.github.io,XS9QH_UAAAAJ,0000-0001-7213-4006
Bram van Ginneken,Radboud University,http://www.diagnijmegen.nl/index.php/Bram_van_Ginneken,O1j6_MsAAAAJ,0000-0003-2028-8972
Brandon Bennett,University of Leeds,https://eps.leeds.ac.uk/computing/staff/121/dr-brandon-bennett,ZjXF2ckAAAAJ,0000-0000-0000-0000
Brandon Dixon,The University of Alabama,http://dixon.cs.ua.edu,NOSCHOLARPAGE,0000-0000-0000-0000
Brandon Lucia,Carnegie Mellon University,http://brandonlucia.com,a9T7i5QAAAAJ,0000-0003-4130-1099
Brandon M. Booth,University of Memphis,https://www.memphis.edu/cs/people/faculty_pages/brandon-booth.php,Qr-gySYAAAAJ,0000-0000-0000-0000
Brandon Reagen,New York University,https://engineering.nyu.edu/faculty/brandon-reagen,cO2uYoAAAAAJ,0000-0002-1932-2750
Branislav Bosanský,Czech Technical University,https://sites.google.com/site/bbosansky,jltCTOwAAAAJ,0000-0000-0000-0000
Branislav Bošanský,Czech Technical University,https://sites.google.com/site/bbosansky,jltCTOwAAAAJ,0000-0000-0000-0000
Brendan A. Juba,Washington University in St. Louis,https://www.cse.wustl.edu/~bjuba,5wppdUoAAAAJ,0000-0000-0000-0000
Brendan David-John,Virginia Tech,https://brendandavidjohn.app,YFxRRDUAAAAJ,0000-0003-3292-1130
Brendan J. Frey,University of Toronto,http://www.psi.toronto.edu/~frey,RjQ7YnMAAAAJ,0000-0000-0000-0000
Brendan John,Virginia Tech,https://brendandavidjohn.app,YFxRRDUAAAAJ,0000-0003-3292-1130
Brendan Juba,Washington University in St. Louis,https://www.cse.wustl.edu/~bjuba,5wppdUoAAAAJ,0000-0001-6542-833X
Brendan McCane,University of Otago,http://www.cs.otago.ac.nz/staffpriv/mccane,7WMqe3AAAAAJ,0000-0001-8055-3331
Brendan Mumey,Montana State University,https://www.cs.montana.edu/directory/1524423/brendan-mumey,gw5eQs8AAAAJ,0000-0001-7151-2124
Brendan O'Connor 0001,Univ. of Massachusetts Amherst,http://brenocon.com,V4LXxrQAAAAJ,0000-0000-0000-0000
Brendan Saltaformaggio,Georgia Institute of Technology,https://saltaformaggio.ece.gatech.edu,1GsJvtwAAAAJ,0000-0001-5859-6925
Brendan T. O'Connor 0001,Univ. of Massachusetts Amherst,http://brenocon.com,V4LXxrQAAAAJ,0000-0000-0000-0000
Brendan Tangney,Trinity College Dublin,https://www.scss.tcd.ie/Brendan.Tangney,2dpb3zYAAAAJ,0000-0001-5586-9289
Brenden M. Lake,Princeton University,https://www.cs.princeton.edu/~bl8144,vspmOX8AAAAJ,0000-0000-0000-0000
Brenna Argall,Northwestern University,http://www.eecs.northwestern.edu/~argall,nhpEPFgAAAAJ,0000-0002-4280-8492
Brenna D. Argall,Northwestern University,http://www.eecs.northwestern.edu/~argall,nhpEPFgAAAAJ,0000-0000-0000-0000
Breno Alexandro Ferreira de Miranda,UFPE,https://cin.ufpe.br/~bafm,jp9fGhsAAAAJ,0000-0000-0000-0000
Breno Miranda,UFPE,https://cin.ufpe.br/~bafm,jp9fGhsAAAAJ,0000-0001-9608-9393
Brent Adams,Brigham Young University,https://animation.byu.edu/content/faculty,NOSCHOLARPAGE,0000-0000-0000-0000
Brent ByungHoon Kang,KAIST,http://gsis.kaist.ac.kr/cysec/brentkang/brentkang,_hF51IMAAAAJ,0000-0001-8984-1006
Brent E. Harrison,University of Kentucky,https://www.engr.uky.edu/directory/harrison-brent,JUAIpDcAAAAJ,0000-0000-0000-0000
Brent Edward Harrison,University of Kentucky,https://www.engr.uky.edu/directory/harrison-brent,JUAIpDcAAAAJ,0000-0000-0000-0000
Brent Harrison,University of Kentucky,https://www.engr.uky.edu/directory/harrison-brent,JUAIpDcAAAAJ,0000-0002-1301-5928
Brent J. Hecht,Northwestern University,http://www.brenthecht.com,6IinLVUAAAAJ,0000-0002-7955-0202
Brent R. Waters,University of Texas at Austin,https://www.cs.utexas.edu/~bwaters,VEKxHOAAAAAJ,0000-0000-0000-0000
Brent Seales,University of Kentucky,https://www.cs.uky.edu/people/faculty/bseales,jk09W8sAAAAJ,0000-0000-0000-0000
Bret Michael 0001,Naval Postgraduate School,http://faculty.nps.edu/vitae/cgi-bin/vita.cgi?p=display_vita&id=1023567701,JYxa6eYAAAAJ,0000-0000-0000-0000
Brett A. Becker,University College Dublin,https://people.ucd.ie/brett.becker,GlnJXAwAAAAJ,0000-0003-1446-647X
Brett A. McKinney,University of Tulsa,http://insilico.utulsa.edu,3M1gxVsAAAAJ,0000-0002-9494-8833
Brett J. Borghetti,Air Force Inst. of Technology,https://www.afit.edu/BIOS/bio.cfm?facID=18,Z6vGQasAAAAJ,0000-0000-0000-0000
Brian A. Barsky,Univ. of California - Berkeley,http://www.cs.berkeley.edu/~barsky,NOSCHOLARPAGE,0000-0000-0000-0000
Brian A. Malloy,Clemson University,http://www.brianmalloy.com,NOSCHOLARPAGE,0000-0000-0000-0000
Brian A. Smith,Columbia University,https://ceal.cs.columbia.edu/people,u7-V5WoAAAAJ,0000-0000-0000-0000
Brian Beckage,University of Vermont,http://www.uvm.edu/~bbeckage,NOSCHOLARPAGE,0000-0000-0000-0000
Brian Borowski,Stevens Institute of Technology,https://web.stevens.edu/facultyprofile/?id=2063,NOSCHOLARPAGE,0000-0000-0000-0000
Brian Bullins,Purdue University,https://www.cs.purdue.edu/people/faculty/bbullins.html,PCUwf-8AAAAJ,0000-0000-0000-0000
Brian C. Dean,Clemson University,https://people.cs.clemson.edu/~bcdean,QCL2MLcAAAAJ,0000-0000-0000-0000
Brian C. Keegan,University of Colorado Boulder,http://www.colorado.edu/cmci/people/information-science/brian-c-keegan,zkxrDS8AAAAJ,0000-0002-7793-398X
Brian C. Lovell,University of Queensland,http://staff.itee.uq.edu.au/lovell,gXiGxcMAAAAJ,0000-0001-6722-1754
Brian C. Nelson,Arizona State University,https://webapp4.asu.edu/directory/person/841981,R0PhbAYAAAAJ,0000-0000-0000-0000
Brian Curless,University of Washington,http://homes.cs.washington.edu/~curless,tlh8i7gAAAAJ,0000-0002-0095-5400
Brian D. Davison 0001,Lehigh University,http://www.cse.lehigh.edu/~brian,wk3PBXn5pgoJ,0000-0002-9326-3648
Brian D. Noble,University of Michigan,http://www.engin.umich.edu/college/about/people/profiles/k-to-o/brian-noble,U0Ps_DwAAAAJ,0000-0000-0000-0000
Brian D. Ziebart,University of Illinois at Chicago,https://www.cs.uic.edu/Ziebart,_JjIgGcAAAAJ,0000-0000-0000-0000
Brian Demsky,Univ. of California - Irvine,http://plrg.eecs.uci.edu,NOSCHOLARPAGE,0000-0003-1210-3130
Brian Dorn,University of Nebraska - Omaha,https://www.unomaha.edu/college-of-information-science-and-technology/about/faculty-staff/brian-dorn.php,9xYR_5YAAAAJ,0000-0002-7957-452X
Brian E. Chapman,University of Melbourne,https://findanexpert.unimelb.edu.au/profile/869156-brian-chapman,9kThKXkAAAAJ,0000-0000-0000-0000
Brian J. Ross,Brock University,http://www.cosc.brocku.ca/~bross,NOSCHOLARPAGE,0000-0000-0000-0000
Brian Kan-Wing Mak,HKUST,https://www.cse.ust.hk/~mak,Zx8p8RsAAAAJ,0000-0000-0000-0000
Brian Keegan,University of Colorado Boulder,http://www.colorado.edu/cmci/people/information-science/brian-c-keegan,zkxrDS8AAAAJ,0000-0002-7793-398X
Brian Kulis,Boston University,http://people.bu.edu/bkulis,okcbLqoAAAAJ,0000-0002-1704-3838
Brian L. Curless,University of Washington,http://homes.cs.washington.edu/~curless,tlh8i7gAAAAJ,0000-0000-0000-0000
Brian Logan 0001,University of Aberdeen,https://www.abdn.ac.uk/people/brian.logan,tnSWU68AAAAJ,0000-0003-0648-7107
Brian M. Tomaszewski,Rochester Inst. of Technology,https://people.rit.edu/bmtski,hcIpln4AAAAJ,0000-0000-0000-0000
Brian Mac Namee,University College Dublin,https://people.ucd.ie/brian.macnamee,rZ3_vb0AAAAJ,0000-0000-0000-0000
Brian MacNamee,University College Dublin,https://people.ucd.ie/brian.macnamee,rZ3_vb0AAAAJ,0000-0000-0000-0000
Brian Mak,HKUST,https://www.cse.ust.hk/~mak,Zx8p8RsAAAAJ,0000-0001-6787-5555
Brian Murphy,CUNY,http://www.baruch.cuny.edu/wsas/academics/history/bmurphy.htm,d9mX-Q4AAAAJ,0000-0000-0000-0000
Brian Neil Levine,Univ. of Massachusetts Amherst,https://people.cs.umass.edu/~brian,oHbIF48AAAAJ,0000-0003-2262-0617
Brian Nielsen,Aalborg University,http://people.cs.aau.dk/~bnielsen,iAgWGgwAAAAJ,0000-0002-0935-2104
Brian Noble,University of Michigan,http://www.engin.umich.edu/college/about/people/profiles/k-to-o/brian-noble,U0Ps_DwAAAAJ,0000-0003-4109-9011
Brian P. Bailey,Univ. of Illinois at Urbana-Champaign,https://cs.illinois.edu/directory/profile/bpbailey,eiqD0hoAAAAJ,0000-0000-0000-0000
Brian Ricks,University of Nebraska - Omaha,https://www.unomaha.edu/college-of-information-science-and-technology/about/faculty-staff/brian-ricks.php,S-C6lf0AAAAJ,0000-0000-0000-0000
Brian S. Logan 0001,University of Aberdeen,https://www.abdn.ac.uk/people/brian.logan,tnSWU68AAAAJ,0000-0000-0000-0000
Brian Scassellati,Yale University,http://www.cs.yale.edu/~scaz,0jSdqoEAAAAJ,0000-0002-7671-7759
Brian Summa,Tulane University,http://www.cs.tulane.edu/~bsumma,QKJVjcIAAAAJ,0000-0002-5794-3355
Brian V. Funt,Simon Fraser University,http://www.cs.sfu.ca/~funt,tXuVUYMAAAAJ,0000-0003-3525-9197
Brian W. Kernighan,Princeton University,https://www.cs.princeton.edu/~bwk,Add33R8AAAAJ,0000-0000-0000-0000
Brian Y. Chen,Lehigh University,http://www.cse.lehigh.edu/~chen,CrqkG-4AAAAJ,0000-0000-0000-0000
Brian Y. Lim,National University of Singapore,http://www.brianlim.net,_bza0AoAAAAJ,0000-0002-0543-2414
Briana B. Morrison,University of Virginia,https://www.brianamorrison.net,XXLOcBcAAAAJ,0000-0003-4260-4278
Briane Paul Samson,De La Salle University,https://brianesamson.com,oUJrZ_sAAAAJ,0000-0002-0253-452X
Briane Paul V. Samson,De La Salle University,https://brianesamson.com,oUJrZ_sAAAAJ,0000-0002-0253-452X
Brice Ménard,Johns Hopkins University,https://physics-astronomy.jhu.edu/directory/brice-menard,vZdmdM8AAAAJ,0000-0003-3164-6974
Bridget T. McInnes,Virginia Commonwealth University,http://www.people.vcu.edu/~btmcinnes,dWRneN0AAAAJ,0000-0000-0000-0000
Brighten Godfrey,Univ. of Illinois at Urbana-Champaign,http://pbg.cs.illinois.edu,D2K-ADYAAAAJ,0009-0003-2930-1982
Brigitte Jaumard,Concordia University,http://users.encs.concordia.ca/~bjaumard,Bn0YLtAAAAAJ,0000-0003-3443-4918
Brigitte Pientka,McGill University,http://www.cs.mcgill.ca/~bpientka,SX7AzekAAAAJ,0000-0002-2549-4276
Brijesh Dongol,University of Surrey,https://brijeshdongol.github.io,fjA_2-cAAAAJ,0000-0003-0446-3507
Brink van der Merwe,Stellenbosch University,http://www.cs.sun.ac.za/~abvdm,TKlHqnMAAAAJ,0000-0000-0000-0000
Brit Ross Winthereik,IT University of Copenhagen,https://orbit.dtu.dk/en/persons/brit-ross-winthereik,5GnrpCoAAAAJ,0000-0002-1837-2385
Brit Youngmann,Technion,https://brity.cswp.cs.technion.ac.il,we97sTwAAAAJ,0000-0002-0031-5550
Britta Hale,Naval Postgraduate School,http://faculty.nps.edu/haleb,N4UcUI0AAAAJ,0000-0003-1131-2109
Britta Wrede,Bielefeld University,http://aiweb.techfak.uni-bielefeld.de/user/bwrede,VL0ejs0AAAAJ,0000-0003-1424-472X
Brittany A. Duncan,University of Nebraska,http://cse.unl.edu/~bduncan,nuaqmtQAAAAJ,0000-0002-7289-8273
Brittany A. Erickson,University of Oregon,https://ix.cs.uoregon.edu/~bae,NOSCHOLARPAGE,0000-0001-9457-8572
Brittany Johnson,George Mason University,https://cs.gmu.edu/~johnsonb,H91EcrsAAAAJ,0000-0002-0271-9647
Brittany Terese Fasy,Montana State University,https://www.cs.montana.edu/brittany,oiTuXgIAAAAJ,0000-0003-1908-0154
Bruce A. Draper,Colorado State University,http://www.cs.colostate.edu/~draper,jTiRFi8AAAAJ,0000-0000-0000-0000
Bruce A. Reed,McGill University,http://cgm.cs.mcgill.ca/~breed,ki4fG10AAAAJ,0000-0000-0000-0000
Bruce A. Scharlau,University of Aberdeen,https://www.abdn.ac.uk/people/b.scharlau,LvjQQdAAAAAJ,0000-0000-0000-0000
Bruce Gooch,Texas A&M University,https://engineering.tamu.edu/cse/people/gooch-bruce,KAgv5asAAAAJ,0000-0000-0000-0000
Bruce H. Krogh,Carnegie Mellon University,https://www.ece.cmu.edu/directory/details/89,s4yZTp4AAAAJ,0000-0000-0000-0000
Bruce Hartpence,Rochester Inst. of Technology,http://www.brucehartpence.com,uvcXwjIAAAAJ,0000-0000-0000-0000
Bruce J. MacLennan,University of Tennessee,http://web.eecs.utk.edu/~mclennan,A14DflkAAAAJ,0000-0000-0000-0000
Bruce M. Kapron,University of Victoria,http://www.cs.uvic.ca/~bmkapron,CCXustMAAAAJ,0000-0002-3295-543X
Bruce M. Maggs,Duke University,https://users.cs.duke.edu/~bmm,Gwrwxa0AAAAJ,0000-0000-0000-0000
Bruce MacDowell Maggs,Duke University,https://users.cs.duke.edu/~bmm,Gwrwxa0AAAAJ,0000-0000-0000-0000
Bruce N. Walker,Georgia Institute of Technology,http://sonify.psych.gatech.edu/~walkerb,xY3zIEAAAAAJ,0000-0000-0000-0000
Bruce R. Childers,University of Pittsburgh,https://www.cs.pitt.edu/~childers,NOSCHOLARPAGE,0000-0000-0000-0000
Bruce R. Maxim,University of Michigan-Dearborn,https://www-personal.umd.umich.edu/~bmaxim,KN8ZOBIAAAAJ,0000-0002-0979-7787
Bruce Randall Donald,Duke University,https://www.cs.duke.edu/brd,TkayRqQAAAAJ,0000-0000-0000-0000
Bruce S. Gardiner,University of Western Australia,http://biomed.csse.uwa.edu.au/people_bruce.php,C3DocZEAAAAJ,0000-0000-0000-0000
Bruce Scharlau,University of Aberdeen,https://www.abdn.ac.uk/people/b.scharlau,LvjQQdAAAAAJ,0000-0003-4646-5973
Bruce Tidor,Massachusetts Inst. of Technology,http://mit.edu/tidor,0YlwI5MAAAAJ,0000-0000-0000-0000
Bruce W. Char,Drexel University,http://drexel.edu/cci/contact/Faculty/Char-Bruce,SMGY4jUAAAAJ,0000-0000-0000-0000
Bruce W. Porter,University of Texas at Austin,https://www.cs.utexas.edu/users/porter,k5c56_wAAAAJ,0000-0000-0000-0000
Bruno A. Gaëta,UNSW,https://research.unsw.edu.au/people/dr-bruno-andre-gaeta,7BDBTt0AAAAJ,0000-0000-0000-0000
Bruno A. N. Travençolo,UFU,http://www.ppgco.facom.ufu.br/pt-br/pessoas/bruno-augusto-nassif-travencolo,EK0RFxgAAAAJ,0000-0000-0000-0000
Bruno Augusto Nassif Travençolo,UFU,http://www.ppgco.facom.ufu.br/pt-br/pessoas/bruno-augusto-nassif-travencolo,EK0RFxgAAAAJ,0000-0000-0000-0000
Bruno B. P. Cafeo,UFMS,https://www.facom.ufms.br/~cafeo,FRfEKzcAAAAJ,0000-0000-0000-0000
Bruno Barbieri Pontes Cafeo,UFMS,https://www.facom.ufms.br/~cafeo,FRfEKzcAAAAJ,0000-0000-0000-0000
Bruno Bauwens,HSE University,https://www.hse.ru/en/org/persons/160550073,rbLAvAsAAAAJ,0000-0002-6138-0591
Bruno Beaufils,CRIStAL,https://ext.boulgour.com/lifl/beaufils,LgU7J9YAAAAJ,0000-0000-0000-0000
Bruno Bodin,National University of Singapore,https://www.comp.nus.edu.sg/~bruno,yySZFKoAAAAJ,0000-0002-8762-7513
Bruno C. d. S. Oliveira,University of Hong Kong,https://i.cs.hku.hk/~bruno,cB-6X3gAAAAJ,0000-0002-1846-7210
Bruno C. da Silva 0001,Univ. of Massachusetts Amherst,https://people.cs.umass.edu/~bsilva,eskJDVUAAAAJ,0000-0000-0000-0000
Bruno Carpentieri,University of Salerno,http://www.unisa.it/docenti/brunocarpentieri/en/index,szK8H3oAAAAJ,0000-0000-0000-0000
Bruno Castro da Silva,Univ. of Massachusetts Amherst,https://people.cs.umass.edu/~bsilva,eskJDVUAAAAJ,0000-0000-0000-0000
Bruno Ciciani,Sapienza University of Rome,http://www.diag.uniroma1.it/users/bruno%20ciciani,S92TrTEAAAAJ,0000-0000-0000-0000
Bruno Crispo,University of Trento,http://disi.unitn.it/~crispo,exvMi3YAAAAJ,0000-0002-1252-8465
Bruno César dos Santos Oliveira,University of Hong Kong,https://i.cs.hku.hk/~bruno,cB-6X3gAAAAJ,0000-0000-0000-0000
Bruno Emanuel Martins,Universidade de Lisboa,http://web.ist.utl.pt/bruno.g.martins,VQMUt8kAAAAJ,0000-0000-0000-0000
Bruno Emanuel da Graça Martins,Universidade de Lisboa,http://web.ist.utl.pt/bruno.g.martins,VQMUt8kAAAAJ,0000-0000-0000-0000
Bruno F. M. Ribeiro,Purdue University,https://www.cs.purdue.edu/homes/ribeirob,KIEleCsAAAAJ,0000-0000-0000-0000
Bruno F. Ribeiro,Purdue University,https://www.cs.purdue.edu/homes/ribeirob,KIEleCsAAAAJ,0000-0002-3527-6192
Bruno Feijó,PUC-RIO,http://www.icad.puc-rio.br/bfeijo,XnyRAcIAAAAJ,0000-0000-0000-0000
Bruno Lang,University of Wuppertal,https://www.ai.uni-wuppertal.de/de/angewandte-informatik/personen/prof-bruno-lang.html,NOSCHOLARPAGE,0000-0000-0000-0000
Bruno Loff,Universidade de Lisboa,https://ciencias.ulisboa.pt/en/perfil/bsbarreto,tQ26LDwAAAAJ,0000-0001-7562-457X
Bruno M. Nogueira 0001,UFMS,https://www.facom.ufms.br/~bruno,Its8CZUAAAAJ,0000-0000-0000-0000
Bruno Macchiavello,Universidade de Brasília,http://cic.unb.br/~bruno,MJXV64EAAAAJ,0000-0000-0000-0000
Bruno Magalhães Nogueira 0001,UFMS,https://www.facom.ufms.br/~bruno,Its8CZUAAAAJ,0000-0000-0000-0000
Bruno Martins 0001,Universidade de Lisboa,http://web.ist.utl.pt/bruno.g.martins,VQMUt8kAAAAJ,0000-0002-3856-2936
Bruno Ribeiro 0001,Purdue University,https://www.cs.purdue.edu/homes/ribeirob,KIEleCsAAAAJ,0000-0002-3527-6192
Bruno Salvy,Ecole Normale Superieure de Lyon,http://www.ens-lyon.fr/annuaire/m-salvy-bruno-158166.kjsp?RH=ENS-LYON,nFkhlrAAAAAJ,0000-0000-0000-0000
Bruno Sinopoli,Carnegie Mellon University,https://users.ece.cmu.edu/~brunos,zZO9qG4AAAAJ,0000-0001-5778-4879
Bruno Yun,University of Aberdeen,https://www.abdn.ac.uk/people/bruno.yun,QrOqsP4AAAAJ,0000-0001-9370-3917
Bryan A. Plummer,Boston University,https://bryanplummer.com,329B_BEAAAAJ,0000-0002-7074-3219
Bryan C. Ward,Vanderbilt University,https://my.vanderbilt.edu/bryancward,20aP08UAAAAJ,0000-0001-7168-6693
Bryan David Minor,Washington State University,https://school.eecs.wsu.edu/people/faculty/bryan-minor,0g7f1_YAAAAJ,0000-0000-0000-0000
Bryan Ford,EPFL,http://www.brynosaurus.com,TwyzQP4AAAAJ,0000-0002-0528-3033
Bryan Hooi,National University of Singapore,https://www.comp.nus.edu.sg/~bhooi,ErEL3bgAAAAJ,0000-0002-5645-1754
Bryan Kian Hsiang Low,National University of Singapore,http://www.comp.nus.edu.sg/~lowkh/research.html,2P-Q09UAAAAJ,0000-0000-0000-0000
Bryan Ng,Victoria University of Wellington,https://ecs.victoria.ac.nz/Main/BryanNg,OypvS8QAAAAJ,0000-0000-0000-0000
Bryan Pardo,Northwestern University,https://bryan-pardo.github.io,vxEKYqsAAAAJ,0000-0002-1427-6492
Bryan Parno,Carnegie Mellon University,https://www.andrew.cmu.edu/user/bparno,kTTBpJkAAAAJ,0000-0002-9113-1684
Bryan S. Kim,Syracuse University,https://sites.google.com/view/bryansjkim,axFOJtEAAAAJ,0000-0002-3689-3985
Bryan S. Morse,Brigham Young University,http://morse.cs.byu.edu,yOyREHoAAAAJ,0000-0003-1012-9847
Bryan Suk Joon Kim,Syracuse University,https://sites.google.com/view/bryansjkim,axFOJtEAAAAJ,0000-0000-0000-0000
Bryan Suk Kim,Syracuse University,https://sites.google.com/view/bryansjkim,axFOJtEAAAAJ,0000-0002-3689-3985
Brygg Ullmer,Clemson University,https://people.computing.clemson.edu/~bullmer,JxG7a6sAAAAJ,0000-0003-0925-2303
Bu-Sung Lee,Nanyang Technological University,https://dr.ntu.edu.sg/cris/rp/rp00531,TyytTfQAAAAJ,0000-0001-7828-7900
Bud Mishra,New York University,https://cs.nyu.edu/mishra,kXVBr20AAAAJ,0000-0000-0000-0000
Budi Arief,University of Kent,https://www.cs.kent.ac.uk/people/staff/ba284,bSZk250AAAAJ,0000-0002-1830-1587
Bugra Çaskurlu,TOBB ETÜ,http://bugracaskurlu.etu.edu.tr,yLgnAu0AAAAJ,0000-0000-0000-0000
Bui Quang Minh,Australian National University,https://cecs.anu.edu.au/people/minh-bui,UI0xN_QAAAAJ,0000-0002-5535-6560
Bulat Ibragimov,University of Copenhagen,https://di.ku.dk/english/staff/vip/researchers_image/?pure=en/persons/644987,IPQZ4bkAAAAJ,0000-0001-8540-0684
Bumsub Ham,Yonsei University,https://cvlab.yonsei.ac.kr,agL5G5wAAAAJ,0000-0002-3443-8161
Bundit Laekhanukit,SUFE,http://cs.mcgill.ca/~blaekh,vmemchMAAAAJ,0000-0002-4476-8914
Buntarou Shizuki,University of Tsukuba,https://www.iplab.cs.tsukuba.ac.jp/~shizuki/index-e.html,lXG_jWEAAAAJ,0000-0002-7784-3765
Burak Berk Üstündag,Istanbul Technical University,http://akademi.itu.edu.tr/bustundag,JJY3eIEAAAAJ,0000-0000-0000-0000
Burak Kurkcu,Hacettepe University,http://web.cs.hacettepe.edu.tr/~bkurkcu,IRcDIOwAAAAJ,0000-0000-0000-0000
Burcu Kulahcioglu Ozkan,TU Delft,https://burcuku.github.io/home,HwPJzFMAAAAJ,0000-0002-7038-165X
Burkay Genç,Hacettepe University,http://burkay.tk,w-pGWs4AAAAJ,0000-0000-0000-0000
Burkhard C. Wünsche,University of Auckland,https://www.cs.auckland.ac.nz/~burkhard,pgBZIHYAAAAJ,0000-0002-8013-4118
Burkhard Claus Wünsche,University of Auckland,https://www.cs.auckland.ac.nz/~burkhard,pgBZIHYAAAAJ,0000-0000-0000-0000
Burkhard Freitag,University of Passau,http://www.im.uni-passau.de,NOSCHOLARPAGE,0000-0000-0000-0000
Burkhard Morgenstern,University of Göttingen,http://gobics.de,IiGchZoAAAAJ,0000-0000-0000-0000
Burkhard Rost,TU Munich,https://www.rostlab.org,BP3ofxcAAAAJ,0000-0003-0179-8424
Burkhard Stiller,University of Zurich,http://www.csg.uzh.ch/staff/stiller.html,NOSCHOLARPAGE,0000-0000-0000-0000
Burkhard Wuensche,University of Auckland,https://www.cs.auckland.ac.nz/~burkhard,pgBZIHYAAAAJ,0000-0002-8013-4118
Burkhard Wünsche,University of Auckland,https://www.cs.auckland.ac.nz/~burkhard,pgBZIHYAAAAJ,0000-0002-8013-4118
Burton Rosenberg,University of Miami,http://www.cs.miami.edu/~burt,NOSCHOLARPAGE,0000-0000-0000-0000
Buru Chang,Korea University,https://lilab.korea.ac.kr,5Qa2Uw0AAAAJ,0000-0002-7595-9035
Buser Say,Monash University,https://research.monash.edu/en/persons/buser-say,2PIZ6xUAAAAJ,0000-0003-2822-5909
Buzhou Tang,Harbin Institute of Technology,http://faculty.hitsz.edu.cn/tangbuzhou,5oGXsxUAAAAJ,0000-0003-0271-8246
Buğra Çaşkurlu,TOBB ETÜ,http://bugracaskurlu.etu.edu.tr,yLgnAu0AAAAJ,0000-0000-0000-0000
Byonghyo Shim,Seoul National University,https://isl.snu.ac.kr/members_1/professor,pL1HDE8AAAAJ,0000-0001-5051-1763
Byoung-Tak Zhang,Seoul National University,https://bi.snu.ac.kr/~btzhang,sYTUOu8AAAAJ,0000-0001-9890-0389
Byoungyoung Lee,Seoul National University,https://lifeasageek.github.io,AoDgrKIAAAAJ,0000-0001-7746-0572
Byrav Ramamurthy,University of Nebraska,http://cse.unl.edu/~byrav,Moj2TLMAAAAJ,0000-0002-4104-7513
Byron Boots,University of Washington,https://homes.cs.washington.edu/~bboots,kXB8FBoAAAAJ,0000-0000-0000-0000
Byron C. Wallace,Northeastern University,http://www.byronwallace.com,KTzRHmwAAAAJ,0000-0000-0000-0000
Byron Choi,Hong Kong Baptist University,http://www.comp.hkbu.edu.hk/~bchoi,S6L1eOMAAAAJ,0000-0002-8381-336X
Byron J. Gao,Texas State University,http://cs.txstate.edu/~jg66,HwB09lAAAAAJ,0000-0000-0000-0000
Byron J. Williams,Mississippi State University,http://www.fsnhp.msstate.edu/docs/staff/Byron%20%20Williams%20CV%20July%202012%20.pdf,t4bGLWUAAAAJ,0000-0000-0000-0000
Byung Guk Kim,University of Massachusetts Lowell,https://www.uml.edu/Sciences/computer-science/faculty/kim-byung-guk.aspx,FkDwvF0AAAAJ,0000-0000-0000-0000
Byung Ro Moon,Seoul National University,http://soar.snu.ac.kr/members,N_9XjY4AAAAJ,0000-0000-0000-0000
Byung Seub Lee,University of Vermont,http://www.uvm.edu/~cems/?Page=employee/profile.php&SM=employee/_employeemenu.html&EmID=195,NOSCHOLARPAGE,0000-0000-0000-0000
Byung-Cheol Min,Indiana University,https://luddy.indiana.edu/contact/profile/index.html?byung-cheol_min,eiAeSiAAAAAJ,0000-0001-6458-4365
Byung-Chul Tak,Kyungpook National University,http://sites.google.com/view/knudiscolab,-wM1-88AAAAJ,0000-0000-0000-0000
Byung-Gon Chun,Seoul National University,https://bgchun.wordpress.com,hwnskpoAAAAJ,0000-0002-9863-7186
Byung-Guk Kim,University of Massachusetts Lowell,https://www.uml.edu/Sciences/computer-science/faculty/kim-byung-guk.aspx,NOSCHOLARPAGE,0000-0000-0000-0000
Byung-Jun Lee 0001,Korea University,https://dmlab.korea.ac.kr,FwoohI4AAAAJ,0000-0002-0684-607X
Byung-Ro Moon,Seoul National University,http://soar.snu.ac.kr/members,N_9XjY4AAAAJ,0000-0000-0000-0000
Byungchul Tak,Kyungpook National University,http://sites.google.com/view/knudiscolab,-wM1-88AAAAJ,0000-0002-8204-6816
Byunghyun Jang,University of Mississippi,http://www.olemiss.edu/people/bjang,NOSCHOLARPAGE,0000-0000-0000-0000
Byungjoo Lee,Yonsei University,https://esports.yonsei.ac.kr/Professor-2,b9we1fYAAAAJ,0009-0003-1547-9923
Bárbara Poblete,Universidad de Chile,https://www.dcc.uchile.cl/barbara_poblete,eZBFWGEAAAAJ,0000-0000-0000-0000
Béchir Ktari,Université Laval,http://www2.ift.ulaval.ca/~ktari,NOSCHOLARPAGE,0009-0009-7633-9901
