name,affiliation,homepage,scholarid,orcid
Y. C. Tay,National University of Singapore,http://www.math.nus.edu.sg/~mattyc,qAalyGsAAAAJ,0000-0000-0000-0000
Y. Charlie Hu,Purdue University,https://engineering.purdue.edu/~ychu,r1Z8YhQAAAAJ,0000-0002-1136-9909
Y. Murat Erten,Izmir Institute of Technology,http://ceng.iyte.edu.tr/people/murat-erten,XY_kpWgAAAAJ,0000-0000-0000-0000
Y. N. Srikant,IISc Bangalore,http://www.csa.iisc.ac.in/~srikant,NOSCHOLARPAGE,0000-0000-0000-0000
Y. Narahari,IISc Bangalore,http://www.csa.iisc.ac.in/~hari,NOSCHOLARPAGE,0000-0000-0000-0000
Y. Raghu Reddy,IIIT Hyderabad,http://faculty.iiit.ac.in/~raghu.reddy,NOSCHOLARPAGE,0000-0000-0000-0000
Y. Tsiatouhas,University of Ioannina,https://cs.uoi.gr/~tsiatouhas,gHsE8pYAAAAJ,0009-0006-3922-7351
Y. Y. Yao,University of Regina,http://www.cs.uregina.ca/People/Profiles/YiyuYao.html,_aL0fcQAAAAJ,0000-0000-0000-0000
YE CAI,Shenzhen University,https://csse.szu.edu.cn/en/pages/user/index?id=551,5EFHwPkAAAAJ,0000-0000-0000-0000
Ya Zhang 0002,Shanghai Jiao Tong University,https://mediabrain.sjtu.edu.cn/yazhang,pbjw9sMAAAAJ,0000-0002-5390-9053
Ya'akov (Kobi) Gal,Ben-Gurion University of the Negev,http://www.ise.bgu.ac.il/engineering/PersonalWebSite1main.aspx?id=djueVuMe,lNHuLiQAAAAJ,0000-0001-7187-8572
Ya'akov Gal,Ben-Gurion University of the Negev,http://www.ise.bgu.ac.il/engineering/PersonalWebSite1main.aspx?id=djueVuMe,lNHuLiQAAAAJ,0000-0001-7187-8572
Ya-Ping Lin,Hunan University,http://csee.hnu.edu.cn/people/linyaping,NOSCHOLARPAGE,0000-0000-0000-0000
Ya-Wen Chen,University of Otago,http://www.cs.otago.ac.nz/staff/Yawen_Chen,LyxsVekAAAAJ,0000-0000-0000-0000
Ya-sha Wang,Peking University,http://sei.pku.edu.cn/~wangys/index.htm,NOSCHOLARPAGE,0000-0000-0000-0000
Yaacov Yesha,Univ. of Maryland - Baltimore County,http://www.csee.umbc.edu/people/faculty/yaacov-yesha,NOSCHOLARPAGE,0000-0000-0000-0000
Yadati Narahari,IISc Bangalore,http://www.csa.iisc.ac.in/~hari,NOSCHOLARPAGE,0000-0000-0000-0000
Yadong Mu,Peking University,http://www.muyadong.com,Fqqx4HsAAAAJ,0000-0001-7815-3750
Yadran Eterovic,UC Chile,https://www.ing.uc.cl/academicos-e-investigadores/yadran-francisco-eterovic-solano,NOSCHOLARPAGE,0000-0000-0000-0000
Yadu Vasudev,IIT Madras,https://yaduvasudev.github.io,CkNu_zAAAAAJ,0000-0001-7918-7194
Yael Amsterdamer,Bar-Ilan University,https://u.cs.biu.ac.il/~amstery,70iHzEUAAAAJ,0000-0001-8032-9962
Yael Tauman Kalai,Massachusetts Inst. of Technology,https://www.eecs.mit.edu/people/yael-kalai,cPDxYXMAAAAJ,0009-0002-9406-7734
Yafei Dai,Peking University,http://eecs.pku.edu.cn/EN/People/Faculty/Detail/?ID=5999,VSvWlvkAAAAJ,0000-0000-0000-0000
Yafeng Yin 0002,Nanjing University,https://yafengnju.github.io,v5CGgS8AAAAJ,0000-0002-9497-6244
Yagiz Aksoy,Simon Fraser University,https://www.cs.sfu.ca/~yagiz,AC445kUAAAAJ,0000-0002-1495-0491
Yagmur Güçlütürk,Radboud University,https://www.ru.nl/english/people/gucluturk-y,X2vDok4AAAAJ,0000-0000-0000-0000
Yahong Han,Tianjin University,https://cic.tju.edu.cn/faculty/hanyahong/index.html,t4283loAAAAJ,0000-0003-2768-1398
Yahui Sun 0001,Renmin University of China,https://yahuisun.github.io,SbEGWMkAAAAJ,0000-0003-3730-8538
Yahya M. Tashtoush,JUST,http://www.just.edu.jo/eportfolio/Pages/Default.aspx?email=yahya-t,7lMW0DYAAAAJ,0000-0000-0000-0000
Yair Amir,Johns Hopkins University,http://www.cs.jhu.edu/~yairamir,NOSCHOLARPAGE,0000-0000-0000-0000
Yair Bartal,Hebrew University of Jerusalem,http://www.cs.huji.ac.il/~yair,eCXP24kAAAAJ,0000-0000-0000-0000
Yair Carmon,Tel Aviv University,https://www.cs.tau.ac.il/~ycarmon,kTKmpT0AAAAJ,0000-0000-0000-0000
Yair Levy,Nova Southeastern University,http://scis.nova.edu/~levyy,P3LuC5kAAAAJ,0000-0000-0000-0000
Yair Weiss,Hebrew University of Jerusalem,http://www.cs.huji.ac.il/~yweiss,9DXQi8gAAAAJ,0000-0000-0000-0000
Yair Zick,Univ. of Massachusetts Amherst,https://people.cs.umass.edu/~yzick,m0PW6DQAAAAJ,0000-0002-0635-6230
Yajin Zhou,Zhejiang University,http://yajin.org,N1oeOPwAAAAJ,0000-0001-7610-4736
Yajing Xu,BUPT,http://www.pris.net.cn/introduction/teacher/xuyajing,NOSCHOLARPAGE,0000-0002-0887-4445
Yajun Ha,ShanghaiTech University,http://faculty.sist.shanghaitech.edu.cn/faculty/hayj,ibr_W_AAAAAJ,0000-0003-4244-5916
Yakir Vizel,Technion,https://csaws.cs.technion.ac.il/~yvizel/publications,kiAJxGsAAAAJ,0000-0002-5655-1667
Yakov Babichenko,Technion,https://web.iem.technion.ac.il/en/people/userprofile/yakovbab.html,xTcVwpsAAAAJ,0000-0002-6970-1601
Yakov Nekrich,Michigan Technological University,https://www.mtu.edu/cs/department/people/faculty/nekrich,XS3z1rkAAAAJ,0000-0003-3771-5088
Yakun Sophia Shao,Univ. of California - Berkeley,https://people.eecs.berkeley.edu/~ysshao,YoSGjoUAAAAJ,0000-0003-1811-5407
Yalan Ye,UESTC,https://www.en.scse.uestc.edu.cn/info/1085/1916.htm,xuUM18QAAAAJ,0000-0000-0000-0000
Yali Amit,University of Chicago,https://galton.uchicago.edu/~amit,NOSCHOLARPAGE,0000-0000-0000-0000
Yali Du 0001,King's College London,https://www.kcl.ac.uk/people/yali-du,WMlPkOoAAAAJ,0000-0001-5683-2621
Yalin Bastanlar,Izmir Institute of Technology,http://ceng.iyte.edu.tr/people/yalin-bastanlar,3WTNhHYAAAAJ,0000-0000-0000-0000
Yalin Wang 0001,Arizona State University,http://gsl.lab.asu.edu,F4tTgLQAAAAJ,0000-0002-6241-735X
Yalong Yang 0001,Georgia Institute of Technology,https://vis.yalongyang.com,B2Qy_xAAAAAJ,0000-0001-9414-9911
Yamuna Prasad,IIT Jammu,https://www.iitjammu.ac.in/computer_science_engineering/faculty-list/~yamunaprasad,k0I5a_YAAAAJ,0000-0000-0000-0000
Yan (Michael) Zhang,Peking University,http://www.cis.pku.edu.cn/faculty/system/zhangyan,NOSCHOLARPAGE,0000-0000-0000-0000
Yan Cai 0001,Chinese Academy of Sciences,http://lcs.ios.ac.cn/~yancai,QotyxBEAAAAJ,0000-0002-4768-0272
Yan Chen 0004,Northwestern University,http://www.cs.northwestern.edu/~ychen,98iA_ooAAAAJ,0000-0003-4103-1498
Yan Chen 0007,UESTC,http://faculty.uestc.edu.cn/cyan,NOSCHOLARPAGE,0000-0002-3227-4562
Yan Chen 0033,Virginia Tech,https://chensivan.github.io,UOv-ce4AAAAJ,0000-0002-1646-6935
Yan Gu 0001,Univ. of California - Riverside,https://www.cs.ucr.edu/~ygu,BmshmX8AAAAJ,0000-0002-4392-4022
Yan Hu,SUSTech,https://faculty.sustech.edu.cn/?p=36047&tagid=liuj&cat=2&iscss=1&snapid=1&orderby=date,NOSCHOLARPAGE,0000-0002-8435-6586
Yan Huang 0001,Indiana University,http://homes.soic.indiana.edu/yh33,aKpQjaQAAAAJ,0000-0000-0000-0000
Yan Huang 0002,University of North Texas,http://www.cse.unt.edu/~huangyan,dRc-rTAAAAAJ,0000-0002-0575-0156
Yan Lei,Chongqing University,http://www.cse.cqu.edu.cn/info/2096/4505.htm,_QW1K7UAAAAJ,0000-0003-4504-6806
Yan Leng,University of Texas at Austin,https://yleng.github.io/www,WfU3qjQAAAAJ,0000-0002-7084-2700
Yan Li 0018,Claremont Graduate University,https://www.cgu.edu/people/yan-li,NOSCHOLARPAGE,0000-0000-0000-0000
Yan Liu 0002,University of Southern California,https://sites.google.com/view/yanliu-ai/home,UUKLPMYAAAAJ,0000-0002-7055-9518
Yan Long 0002,University of Virginia,https://yanlong.site,1OHEpEsAAAAJ,0000-0002-3429-7127
Yan Meng 0001,Shanghai Jiao Tong University,https://yan4meng.github.io,NOSCHOLARPAGE,0000-0001-5445-0347
Yan Qiu Chen,Fudan University,http://www.cs.fudan.edu.cn/en/?page_id=1781,NOSCHOLARPAGE,0000-0000-0000-0000
Yan Shoshitaishvili,Arizona State University,http://www.yancomm.net,ff1RkwcAAAAJ,0000-0001-8832-1789
Yan Solihin,University of Central Florida,https://sites.google.com/view/arpers,sUQFclgAAAAJ,0000-0002-8863-941X
Yan Song 0003,USTC,https://github.com/synlp,MsRp7g0AAAAJ,0000-0002-2849-2962
Yan Sun 0010,Shanghai Jiao Tong University,http://www.se.sjtu.edu.cn/teacher/teacherdetail.aspx?id=24,NOSCHOLARPAGE,0000-0000-0000-0000
Yan Tong,University of South Carolina,http://www.cse.sc.edu/~tongy,tY9bQTkAAAAJ,0000-0000-0000-0000
Yan Wang 0002,Macquarie University,http://web.science.mq.edu.au/~yanwang,3h6_oVEAAAAJ,0000-0002-5344-1884
Yan Wang 0003,Temple University,https://www.binghamton.edu/cs/people/ywang.html,NOSCHOLARPAGE,0000-0002-3984-6973
Yan Wang 0015,Sichuan University,https://cs.scu.edu.cn/info/1283/17268.htm,f6FgQ_bXEb4C,0000-0000-0000-0000
Yan Xiao 0002,Sun Yat-sen University,https://yanxiao6.github.io,rSL_uscAAAAJ,0000-0002-2563-083X
Yan Xiong 0001,USTC,http://dsxt.ustc.edu.cn/zj_ywjs.asp?zzid=709,X08c_CQAAAAJ,0000-0000-0000-0000
Yan Yan,University of Guelph,https://www.uoguelph.ca/computing/people/yan-yan,98NFoK8AAAAJ,0000-0003-0680-5806
Yan Yan 0002,University of Illinois at Chicago,https://tomyan555.github.io,zhi-j1wAAAAJ,0000-0002-7618-119X
Yan Yan 0006,Washington State University,http://iemppu.github.io,A6co_BAAAAAJ,0000-0000-0000-0000
Yan Zhang 0003,Western Sydney University,https://www.westernsydney.edu.au/staff_profiles/WSU/professor_yan_zhang,_9aQ1i8AAAAJ,0000-0000-0000-0000
Yan Zhang 0004,Peking University,http://www.cis.pku.edu.cn/faculty/system/zhangyan,NOSCHOLARPAGE,0000-0002-5336-7100
Yan Zheng 0002,Tianjin University,https://yanzzzzz.github.io,tJuhd1kAAAAJ,0000-0003-2741-058X
Yan-Bin Jia,Iowa State University,http://www.cs.iastate.edu/~jia,9f4Pek0AAAAJ,0000-0002-0384-6058
Yan-Ning Zhang 0001,NWPU,https://teacher.nwpu.edu.cn/m/en/1999000059.html,NOSCHOLARPAGE,0000-0000-0000-0000
Yan-Qing Zhang 0001,Georgia State University,https://grid.cs.gsu.edu/zhang,NOSCHOLARPAGE,0000-0000-0000-0000
Yan-Ran Li 0001,Shenzhen University,https://csse.szu.edu.cn/en/pages/user/index?id=522,Zj5pYwQAAAAJ,0000-0000-0000-0000
Yan-Wen Guo 0001,Nanjing University,https://cs.nju.edu.cn/ywguo,NOSCHOLARPAGE,0000-0000-0000-0000
Yana Bromberg,Emory University,https://bromberglab.org,aL6XtIUAAAAJ,0000-0002-8351-0844
Yana Safonova,Pennsylvania State University,https://sites.google.com/view/yana-safonova/about,v1DsRLMAAAAJ,0000-0002-9634-4216
Yanai Elazar,Bar-Ilan University,https://yanaiela.github.io,7p_Ce8kAAAAJ,0000-0000-0000-0000
Yanan Sun 0001,Sichuan University,https://yn-sun.github.io,kqErKX4AAAAJ,0000-0001-8991-7592
Yanbing Yang,Sichuan University,https://cs.scu.edu.cn/info/1286/13600.htm,qpLuOggAAAAJ,0000-0000-0000-0000
Yanbo Fan,Nanjing University,https://sites.google.com/site/yanbofan0124,OlOqHyUAAAAJ,0000-0002-8530-485X
Yanchun Sun,Peking University,http://sei.pku.edu.cn/~sunyc,NOSCHOLARPAGE,0000-0002-4756-6445
Yanchun Zhang,Fudan University,http://homepage.fudan.edu.cn/yanchunzhang,Z6oy0YIAAAAJ,0000-0000-0000-0000
Yancy Diaz-Mercado,Univ. of Maryland - College Park,https://www.cs.umd.edu/people/yancy,h9Gpe0MAAAAJ,0000-0003-0288-0112
Yanfang (Fanny) Ye,University of Notre Dame,https://engineering.nd.edu/faculty/yanfang-fanny-ye,egjr888AAAAJ,0000-0000-0000-0000
Yanfang Ye 0001,University of Notre Dame,https://engineering.nd.edu/faculty/yanfang-fanny-ye,egjr888AAAAJ,0000-0002-6038-2173
Yanfei Zhong,Wuhan University,http://rsidea.whu.edu.cn/zhongyanfei.htm,Fm7XZ5AAAAAJ,0000-0000-0000-0000
Yanfu Zhang,College of William and Mary,https://yaz91.github.io,ZPBYEngAAAAJ,0000-0002-0183-925X
Yang Cai 0001,Yale University,https://cpsc.yale.edu/people/yang-cai,HMa4vcYAAAAJ,0000-0002-5426-1324
Yang Cao 0001,Virginia Tech,http://people.cs.vt.edu/~ycao,EFD4OrIAAAAJ,0000-0000-0000-0000
Yang Cao 0011,Tokyo Institute of Technology,https://yangcao88.github.io,S-p4DFMAAAAJ,0000-0002-6424-8633
Yang Cao 0012,University of Edinburgh,http://www.inf.ed.ac.uk/people/staff/Yang_Cao.html,3vLLv9UAAAAJ,0000-0001-7984-3219
Yang Chen 0001,Fudan University,https://chenyang03.wordpress.com,O6tge4UAAAAJ,0000-0003-4749-3060
Yang Cindy Yi,Virginia Tech,https://www.yangyi.ece.vt.edu,ceRq6DEAAAAJ,0000-0000-0000-0000
Yang Deng 0002,Singapore Management University,https://dengyang17.github.io,OshWT3UAAAAJ,0000-0002-8122-5943
Yang Feng 0003,Nanjing University,https://fengyang-nju.github.io,FaMWKcsAAAAJ,0000-0002-7477-3642
Yang Gao 0001,Nanjing University,https://cs.nju.edu.cn/gaoyang,k0jjQo8AAAAJ,0000-0001-8886-2569
Yang Gao 0021,Royal Holloway Univ. of London,https://pure.royalholloway.ac.uk/portal/en/persons/yang-gao(6a837f7f-07f6-4ac8-b0c7-d6d444016d2f).html,AwoB-SwAAAAJ,0000-0000-0000-0000
Yang Gao 0029,Tsinghua University,https://iiis.tsinghua.edu.cn/en/People/Faculty/GaoYang.htm,bo0P2qYAAAAJ,0000-0000-0000-0000
Yang Hao 0001,Queen Mary University of London,http://www.eecs.qmul.ac.uk/~yang,W6hvCOAAAAAJ,0000-0000-0000-0000
Yang Hua 0001,Queen's University Belfast,https://www.qub.ac.uk/schools/eeecs/Connect/Staff/BusinessCard/?name=y.hua,N0tFi8MAAAAJ,0000-0001-5536-503X
Yang Li 0183,Iowa State University,https://www.cs.iastate.edu/people/yang-li,mes7IkwAAAAJ,0000-0002-9052-9308
Yang Liu 0003,Nanyang Technological University,https://www3.ntu.edu.sg/home/yangliu,NOSCHOLARPAGE,0000-0001-7300-9215
Yang Liu 0005,Tsinghua University,http://nlp.csai.tsinghua.edu.cn/~ly,NOSCHOLARPAGE,0000-0002-3087-242X
Yang Liu 0007,Hong Kong Baptist University,http://www.comp.hkbu.edu.hk/~csygliu,NOSCHOLARPAGE,0009-0002-3147-7496
Yang Liu 0018,Univ. of California - Santa Cruz,http://www.yliuu.com,jKrIVCIAAAAJ,0000-0001-8420-6011
Yang Liu 0039,Harbin Institute of Technology,http://faculty.hitsz.edu.cn/liuyang,j1bxjYgAAAAJ,0000-0003-2486-5765
Yang Liu 0084,Sun Yat-sen University,https://yangliu9208.github.io/home,l0z2QNQAAAAJ,0000-0000-0000-0000
Yang Long 0001,Durham University,https://www.dur.ac.uk/computer.science/staff/profile/?id=18350,IrkuknEAAAAJ,0000-0002-2445-6112
Yang Lu 0009,Xiamen University,https://jasonyanglu.github.io,r7r4FGwAAAAJ,0000-0002-3497-9611
Yang P. Liu,Carnegie Mellon University,https://yangpliu.github.io,LrHm5cgAAAAJ,0000-0001-6717-0539
Yang Richard Yang,Yale University,http://www.cs.yale.edu/~yry,AQ6AppgAAAAJ,0000-0000-0000-0000
Yang Shi 0002,Tongji University,https://sse.tongji.edu.cn/Data/View/2818,NOSCHOLARPAGE,0000-0000-0000-0000
Yang Shi 0003,Yangzhou University,https://xxgcxy.yzu.edu.cn/info/1021/6436.htm,IVBmWfAAAAAJ,0000-0000-0000-0000
Yang Shi 0004,Utah State University,https://www.usu.edu/cs/directory/faculty/shi-yang,w9nxvo4AAAAJ,0000-0001-6486-4340
Yang Shi 0007,Tongji University,https://xiaoyangtao.github.io,PjSFGZwAAAAJ,0000-0002-1065-4038
Yang Song 0001,UNSW,https://cgi.cse.unsw.edu.au/~ysong,7u3M9hMAAAAJ,0000-0003-1283-1672
Yang Wang 0002,University of Technology Sydney,https://profiles.uts.edu.au/Yang.Wang,NOSCHOLARPAGE,0000-0002-6815-0879
Yang Wang 0003,Concordia University,https://users.encs.concordia.ca/~wayang,2PBM-osAAAAJ,0000-0001-9447-1791
Yang Wang 0005,Univ. of Illinois at Urbana-Champaign,https://yangwang.ischool.illinois.edu,bN-ipRAAAAAJ,0000-0003-3641-8241
Yang Wang 0009,Ohio State University,https://cse.osu.edu/people/wang.7564,NOSCHOLARPAGE,0000-0002-9721-4923
Yang Wang 0015,USTC,https://di.ustc.edu.cn/_upload/tpl/15/71/5489/template5489/PersonalSite/index.html,RJj2XXUAAAAJ,0000-0002-6079-7053
Yang Xiang,Zhejiang University,http://mypage.zju.edu.cn/yxiang,NOSCHOLARPAGE,0009-0003-5991-4739
Yang Xiang 0004,University of Guelph,https://www.uoguelph.ca/computing/people/yang-xiang,r71D60UAAAAJ,0000-0000-0000-0000
Yang Xiao 0001,The University of Alabama,http://yangxiao.cs.ua.edu,HSxTENAAAAAJ,0000-0000-0000-0000
Yang Xiao 0010,University of Kentucky,https://yang-sec.github.io,BiVROyUAAAAJ,0000-0000-0000-0000
Yang Xu 0010,Fudan University,https://yangxu.info,CRVN2jwAAAAJ,0000-0002-0958-8547
Yang Xu 0023,University of Toronto,https://www.cs.toronto.edu/~yangxu,bbfGi6sAAAAJ,0000-0000-0000-0000
Yang Yang 0002,UESTC,http://cfm.uestc.edu.cn/~yangyang,PVv2xDYAAAAJ,0000-0002-5070-4511
Yang Yang 0009,Zhejiang University,http://yangy.org,NOSCHOLARPAGE,0000-0002-5058-4417
Yang Yang 0030,Shanghai Jiao Tong University,https://yangy09.github.io,-PN_6coAAAAJ,0000-0001-5720-773X
Yang Yi 0002,Virginia Tech,https://www.yangyi.ece.vt.edu,ceRq6DEAAAAJ,0000-0002-1354-0204
Yang You 0001,National University of Singapore,https://www.comp.nus.edu.sg/~youy,jF4dPZwAAAAJ,0000-0003-2816-4384
Yang Young Lu,University of Waterloo,https://batmen-lab.github.io,C4CLJQgAAAAJ,0000-0000-0000-0000
Yang Yu 0001,Nanjing University,http://lamda.nju.edu.cn/yuy,PG2lDSwAAAAJ,0009-0008-6824-1480
Yang Yu 0008,Tsinghua University,http://iiis.tsinghua.edu.cn/zh/yuy,NOSCHOLARPAGE,0000-0003-0120-0648
Yang Yu 0027,Sun Yat-sen University,https://www.scholat.com/yuyang.en,cRRC6vcAAAAJ,0000-0000-0000-0000
Yang Zhang 0012,Shenzhen University,https://csse.szu.edu.cn/en/pages/user/index?id=1195,y5n4mnEAAAAJ,0000-0000-0000-0000
Yang Zhang 0016,CISPA Helmholtz Center,https://yangzhangalmo.github.io,Xeb2888AAAAJ,0000-0003-3612-7348
Yang Zhang 0040,National University of Singapore,https://www.comp.nus.edu.sg/cs/people/zhangy,MtBs-kMAAAAJ,0000-0002-2739-1916
Yang Zhao 0014,Shenzhen University,https://orcid.org/0000-0003-2066-1992,c__OdBoAAAAJ,0000-0000-0000-0000
Yang Zheng 0001,Univ. of California - San Diego,https://zhengy09.github.io,hm5XrmoAAAAJ,0000-0003-1545-231X
Yang Zhou 0001,Auburn University,http://eng.auburn.edu/users/yangzhou,yvE8Po0AAAAJ,0000-0001-7839-4933
Yang Zhou 0007,Shenzhen University,https://zhouyangvcc.github.io,9oXvA2IAAAAJ,0000-0002-8921-312X
Yang Zhou 0008,Univ. of California - Davis,https://yangzhou1997.github.io,c3KgJJ8AAAAJ,0000-0002-3082-7872
Yang-Quan Chen,Univ. of California - Merced,https://sites.ucmerced.edu/yqchen,RDEIRbcAAAAJ,0000-0000-0000-0000
Yang-Yang Li,Xidian University,http://see.xidian.edu.cn/iiip/html/keyanduiwu/2009/0820/faculty/yyli,LmGCX80AAAAJ,0000-0000-0000-0000
YangQuan Chen,Univ. of California - Merced,https://sites.ucmerced.edu/yqchen,RDEIRbcAAAAJ,0000-0000-0000-0000
Yangdong Deng,Tsinghua University,http://www.thss.tsinghua.edu.cn/publish/soften/3131/2014/20140115102144786540201/20140115102144786540201_.html,NOSCHOLARPAGE,0000-0002-8257-693X
Yangdong Steve Deng,Tsinghua University,http://www.thss.tsinghua.edu.cn/publish/soften/3131/2014/20140115102144786540201/20140115102144786540201_.html,NOSCHOLARPAGE,0000-0000-0000-0000
Yangfan Zhou,Fudan University,http://www.y-droid.com,qPcorFEAAAAJ,0000-0000-0000-0000
Yangfeng Ji,University of Virginia,https://engineering.virginia.edu/faculty/yangfeng-ji,pg02-e8AAAAJ,0000-0000-0000-0000
Yanggon Kim,Towson University,https://www.towson.edu/fcsm/departments/computerinfosci/facultystaff/ykim.html,NOSCHOLARPAGE,0009-0009-6165-6234
Yangguang Tian,University of Surrey,https://www.surrey.ac.uk/people/yangguang-tian,x477g7cAAAAJ,0000-0002-6624-5380
Yanghee Choi,Seoul National University,http://mmlab.snu.ac.kr/~yhchoi,Xm_UZdkAAAAJ,0000-0000-0000-0000
Yanghua Xiao,Fudan University,http://www.cs.fudan.edu.cn/?page_id=2098,odFW4FoAAAAJ,0000-0001-8403-9591
Yanghui Rao,Sun Yat-sen University,https://cse.sysu.edu.cn/teacher/RaoYanghui,qg7gv20AAAAJ,0000-0000-0000-0000
Yangming Li,Rochester Inst. of Technology,https://people.rit.edu/ymliee,NRMhdgAAAAJ,0000-0002-9794-8054
Yangming Zhao,Nanjing University,https://nju-zhaoym.github.io/home,5_gP3W8AAAAJ,0000-0000-0000-0000
Yangqiu Song,HKUST,https://www.cse.ust.hk/~yqsong,MdQZ-q8AAAAJ,0000-0002-7818-6090
Yangquan Chen,Univ. of California - Merced,https://sites.ucmerced.edu/yqchen,RDEIRbcAAAAJ,0000-0002-7422-5988
Yangsheng Xu,CUHK (SZ),https://sse.cuhk.edu.cn/en/faculty/xuyangsheng,NOSCHOLARPAGE,0000-0000-0000-0000
Yangyang Li 0001,Xidian University,https://web.xidian.edu.cn/yyli,LmGCX80AAAAJ,0000-0000-0000-0000
Yangyong Zhu,Fudan University,http://www.cs.fudan.edu.cn/?page_id=2083,NOSCHOLARPAGE,0000-0002-6258-0747
Yanhe Zhu,Harbin Institute of Technology,http://homepage.hit.edu.cn/zhuyanhe,mfH80WAAAAAJ,0000-0000-0000-0000
Yanhong A. Liu,Stony Brook University,http://www3.cs.stonybrook.edu/~liu,pM_GZxcAAAAJ,0000-0000-0000-0000
Yanhong Annie Liu,Stony Brook University,http://www3.cs.stonybrook.edu/~liu,pM_GZxcAAAAJ,0000-0000-0000-0000
Yanhua Li,Worcester Polytechnic Institute,http://www.wpi.edu/~yli15,ICOWtt0AAAAJ,0000-0001-8972-503X
Yanhua Yu,BUPT,https://scs.bupt.edu.cn/info/1089/1792.htm,-MZ0MsEAAAAJ,0000-0002-4137-2420
Yani Ioannou,University of Calgary,https://www.calgaryml.com,Qy9yv44AAAAJ,0000-0002-9797-5888
Yani Xue,Brunel University London,https://www.brunel.ac.uk/people/yani-xue1,yIWHROcAAAAJ,0000-0000-0000-0000
Yanif Ahmad,Johns Hopkins University,http://www.cs.jhu.edu/~yanif,BtpxluIAAAAJ,0000-0000-0000-0000
Yanina Shkel,EPFL,https://theory.epfl.ch/yanina,ftwTvDoAAAAJ,0000-0000-0000-0000
Yaniv Romano,Technion,https://sites.google.com/view/yaniv-romano,L_m67ywAAAAJ,0000-0000-0000-0000
Yanjie Dong,Shenzhen University,http://www.ece.ubc.ca/~ydong16,8eOcJfcAAAAJ,0000-0000-0000-0000
Yanjie Fu,Arizona State University,http://yanjiefu.com,OSArex4AAAAJ,0000-0002-1767-8024
Yanjie Jiang,Tianjin University,https://jiangyanjie.github.io,0QJPJP0AAAAJ,0000-0001-6404-9143
Yanjing Li,University of Chicago,http://people.cs.uchicago.edu/~yanjingl,V-VpTSIAAAAJ,0000-0003-0124-0463
Yanjun Han,New York University,https://yanjunhan2021.github.io/index.html,hdTDzlQAAAAJ,0000-0000-0000-0000
Yanjun Qi,University of Virginia,https://www.cs.virginia.edu/yanjun,eXKdSu0AAAAJ,0000-0000-0000-0000
Yanjun Wu,Chinese Academy of Sciences,http://people.ucas.ac.cn/~wuyanjun,hQoP0nkAAAAJ,0000-0002-1823-0459
Yankai Lin 0001,Renmin University of China,https://linyankai.github.io,j8K1FqEAAAAJ,0000-0000-0000-0000
Yankui Sun,Tsinghua University,http://www.cs.tsinghua.edu.cn/publish/csen/4623/2010/20101224172326748763790/20101224172326748763790_.html,NOSCHOLARPAGE,0000-0000-0000-0000
Yanli Ji,UESTC,https://www.en.scse.uestc.edu.cn/info/1085/1910.htm,aGbEdhEAAAAJ,0000-0000-0000-0000
Yanlin Wang 0001,Sun Yat-sen University,https://yanlin.info,xSCoImAAAAAJ,0000-0001-7761-7269
Yanlin Weng,Zhejiang University,http://www.cs.zju.edu.cn/chinese/redir.php?catalog_id=22284&object_id=116229,NOSCHOLARPAGE,0000-0001-5223-4253
Yanlong Huang,University of Leeds,https://eps.leeds.ac.uk/computing/staff/8178/dr-yanlong-huang,eLMldDoAAAAJ,0009-0001-8900-8564
Yanmin Qian,Shanghai Jiao Tong University,https://x-lance.sjtu.edu.cn/en/members/yanmin-qian,guG9lxgAAAAJ,0000-0000-0000-0000
Yanmin Zhu 0006,Shanghai Jiao Tong University,http://www.cs.sjtu.edu.cn/~yzhu,onGydcgAAAAJ,0000-0001-6406-4992
Yann Chevaleyre,Université Paris Dauphine,https://www.lamsade.dauphine.fr/~ychevaleyre,SF6g8p4AAAAJ,0000-0000-0000-0000
Yann Secq,CRIStAL,http://www.lifl.fr/~ysecq,Kk7Bg3cAAAAJ,0000-0000-0000-0000
Yann-Gaël Guéhéneuc,Concordia University,https://www.ptidej.net/Members/guehenyg,_VV4cZYAAAAJ,0000-0000-0000-0000
Yanni Sun,Michigan State University,https://www.egr.msu.edu/people/profile/yannisun,NOSCHOLARPAGE,0000-0003-1373-8023
Yannic Maus,Graz University of Technology,https://academia.yannicmaus.de,GwluKiMAAAAJ,0000-0003-4062-6991
Yannic Noller,Ruhr-University Bochum,https://yannicnoller.github.io,FPtbo2oAAAAJ,0000-0002-9318-8027
Yannick Forster 0002,INRIA,https://yforster.de,yT74SZQAAAAJ,0000-0002-8676-9819
Yannick Zakowski,INRIA,https://cambium.inria.fr/~yzakowsk,WR3yOasAAAAJ,0000-0003-4585-6470
Yanning Shen,Univ. of California - Irvine,https://sites.google.com/uci.edu/yanning-shen,MfzntAIAAAAJ,0000-0002-7333-893X
Yanning Zhang 0001,NWPU,https://teacher.nwpu.edu.cn/m/en/1999000059.html,NOSCHOLARPAGE,0000-0002-2977-8057
Yannis Cotronis,University of Athens,http://www.di.uoa.gr/eng/staff/1022,9IbOFmMAAAAJ,0000-0000-0000-0000
Yannis E. Ioannidis,University of Athens,http://www.madgik.di.uoa.gr/people/yannis,MIfpzUQAAAAJ,0000-0002-1705-8247
Yannis Goulermas,University of Liverpool,http://pcwww.liv.ac.uk/~goulerma/web_site_files/Yannis_Site/About_Me.html,pYnXjN4AAAAJ,0000-0000-0000-0000
Yannis Kotidis,AUEB,http://www.db-net.aueb.gr/kotidis,ykqoK38AAAAJ,0000-0000-0000-0000
Yannis Smaragdakis,University of Athens,https://yanniss.github.io,XCJuXcgAAAAJ,0000-0002-0499-0182
Yannis Stylianou,University of Crete,https://www.csd.uoc.gr/CSD/index.jsp?custom=yannis_stylianou&lang=en,6ZSjpdwAAAAJ,0000-0000-0000-0000
Yannis Theodoridis,University of Piraeus,http://www.unipi.gr/faculty/ytheod,1f5twhoAAAAJ,0000-0003-2589-7881
Yannis Tzitzikas,University of Crete,http://users.ics.forth.gr/~tzitzik,J_QgqGsAAAAJ,0000-0001-8847-2130
Yannis Velegrakis,Utrecht University,https://velgias.github.com,FI1rYesAAAAJ,0000-0001-6332-0296
Yanping Xiang,UESTC,https://www.scse.uestc.edu.cn/info/1081/11972.htm,NOSCHOLARPAGE,0000-0000-0000-0000
Yanqing Zhang 0001,Georgia State University,https://grid.cs.gsu.edu/zhang,NOSCHOLARPAGE,0000-0000-0000-0000
Yanqiu Huang,University of Twente,https://research.utwente.nl/en/persons/12485d5b-9f01-41e8-bdc6-05c15bb49407,h9I1OOoAAAAJ,0000-0000-0000-0000
Yanqiu Wu 0002,Macquarie University,https://sites.google.com/nyu.edu/yanqiu-autumn-wu/home,o0SrljAAAAAJ,0000-0000-0000-0000
Yansheng Li 0001,Wuhan University,http://jszy.whu.edu.cn/liyansheng/zh_CN/index.htm,wn9hc6UAAAAJ,0000-0000-0000-0000
Yansong Feng 0002,Peking University,https://sites.google.com/site/ysfeng/home,67qAw_wAAAAJ,0000-0000-0000-0000
Yansong Zhang,Renmin University of China,http://info.ruc.edu.cn/jsky/szdw/ajxjgcx/jsjkxyjsx1/fjs2/72bb878a55934728a0c504a8a96cc116.htm,NOSCHOLARPAGE,0000-0000-0000-0000
Yantao Li 0001,Chongqing University,http://www.cs.cqu.edu.cn/info/1331/7307.htm,Y1n0rz4AAAAJ,0000-0000-0000-0000
Yantao Shen 0001,University of Nevada,https://www.unr.edu/ebme/people/yantao-shen,NOSCHOLARPAGE,0000-0000-0000-0000
Yanting Guo,Shenzhen University,https://rr25782556.jzfkw.cn,H1oGOaAAAAAJ,0000-0000-0000-0000
Yanwei Fu 0001,Fudan University,https://yanweifu.github.io,Vg54TcsAAAAJ,0000-0002-6595-6893
Yanwen Guo 0001,Nanjing University,https://cs.nju.edu.cn/ywguo,NOSCHOLARPAGE,0000-0002-7605-5206
Yanxi Liu 0001,Pennsylvania State University,http://www.cse.psu.edu/~yul11,qYcG-q0AAAAJ,0000-0000-0000-0000
Yanxiang He,Wuhan University,http://cs.whu.edu.cn/teacherinfo.aspx?id=300,M6RsyXMAAAAJ,0000-0000-0000-0000
Yanxue Jia,Illinois Institute of Technology,https://www.iit.edu/directory/people/yanxue-jia,lOLhpwgAAAAJ,0000-0002-3425-2885
Yanyan Jiang 0001,Nanjing University,http://ics.nju.edu.cn/~jyy,4HxZiEcAAAAJ,0000-0001-7651-9560
Yanyan Lan,Chinese Academy of Sciences,http://www.bigdatalab.ac.cn/~lanyanyan,mNfCP3gAAAAJ,0000-0000-0000-0000
Yanyan Liang 0001,MUST,https://fie.must.edu.mo/id-1444/person/view/id-484.html,-LEgoWMAAAAJ,0000-0000-0000-0000
Yanyan Shen,Shanghai Jiao Tong University,http://www.cs.sjtu.edu.cn/~shen-yy,ZuxS2kkAAAAJ,0000-0001-8364-3674
Yanyan Xu 0002,Shanghai Jiao Tong University,http://humnetlab.berkeley.edu/~yxu,4A8N4PMAAAAJ,0000-0001-5429-3177
Yanyan Zhao,Harbin Institute of Technology,http://ir.hit.edu.cn/~yanyan,mEdfAYoAAAAJ,0000-0000-0000-0000
Yanyan Zhuang,UCCS,http://www.cs.uccs.edu/~yzhuang,jIgMxhEAAAAJ,0000-0002-8407-0801
Yanyong Zhang,USTC,http://staff.ustc.edu.cn/~yanyongz,qfbPQ1YAAAAJ,0000-0001-9046-798X
Yanyun Qu,Xiamen University,https://quyanyun.xmu.edu.cn/Publication.htm,idiP90sAAAAJ,0000-0002-8926-4162
Yanzhao Wu 0001,Florida International University,https://yanzhaowu.me,ZANfMywAAAAJ,0000-0001-8761-5486
Yanzhen Zou,Peking University,http://sei.pku.edu.cn/~zouyz/index.htm,NOSCHOLARPAGE,0000-0000-0000-0000
Yanzhi Ren,UESTC,https://faculty.uestc.edu.cn/renyanzhi/zh_CN/index/276702/list/index.htm,NOSCHOLARPAGE,0000-0002-2286-1384
Yanzhi Wang 0001,Northeastern University,https://www.khoury.northeastern.edu/people/yanzhi-wang,a7akgIEAAAAJ,0000-0002-3024-7990
Yao Guo 0001,Peking University,http://sei.pku.edu.cn/~yaoguo,hhqHJpMAAAAJ,0000-0001-5064-5286
Yao Li 0006,University of Central Florida,https://yaoliusa.weebly.com,7njgCKIAAAAJ,0000-0001-5662-0784
Yao Liang,IUPUI,https://science.iupui.edu/people/liang-yao,Pkod5TQAAAAJ,0000-0000-0000-0000
Yao Liu 0007,University of South Florida,http://www.cse.usf.edu/~yliu,gaDVuHsAAAAJ,0009-0001-6406-8421
Yao Ma 0001,Rensselaer Polytechnic Institute,https://yaoma24.github.io,wf9TTOIAAAAJ,0000-0002-4985-8724
Yao Qiang,Oakland University,https://qiangyao1988.github.io,8ADcg38AAAAJ,0000-0003-2995-3385
Yao Qin 0001,Univ. of California - Santa Barbara,https://yaoqin1.github.io,GdqNkxEAAAAJ,0000-0000-0000-0000
Yao Shen,Shanghai Jiao Tong University,https://www.cs.sjtu.edu.cn/~yshen,NOSCHOLARPAGE,0000-0000-0000-0000
Yao Xie 0002,Georgia Institute of Technology,https://www2.isye.gatech.edu/~yxie77,qvYp8ZQAAAAJ,0000-0001-6777-2951
Yao Yao 0008,Nanjing University,https://yoyo000.github.io,MGxaDVEAAAAJ,0000-0001-9866-4291
Yao Zhao 0001,Beijing Jiaotong University,https://faculty.bjtu.edu.cn/5900,474TbQYAAAAJ,0000-0002-8581-9554
Yao-Yi Chiang,University of Minnesota,https://yaoyichi.github.io,Xf3M93cAAAAJ,0000-0002-8923-0130
Yaobin Shen,Xiamen University,https://sites.google.com/view/yaobin,HbIs1I0AAAAJ,0000-0002-9549-4538
Yaochu Jin,Westlake University,https://www.westlake.edu.cn/faculty/yaochu-jin.html,B5WAkz4AAAAJ,0000-0003-1100-0631
Yaochun Shen,University of Liverpool,https://liverpool.ac.uk/electrical-engineering-and-electronics/staff/yaochun-shen,2oPuJqQAAAAJ,0000-0000-0000-0000
Yaodong Huang,Shenzhen University,https://yd-huang.net.cn,89sEUTYAAAAJ,0000-0000-0000-0000
Yaodong Yang 0001,Peking University,https://www.yangyaodong.com,6yL0xw8AAAAJ,0000-0001-8132-5613
Yaohang Li,Old Dominion University,http://www.cs.odu.edu/~yaohang,1ID1p54AAAAJ,0009-0000-3147-4303
Yaohui Jin,Shanghai Jiao Tong University,http://front.sjtu.edu.cn/~jinyh/index.html,H_7_oVcAAAAJ,0000-0001-6158-6277
Yaojie Lu 0001,Chinese Academy of Sciences,https://luyaojie.github.io,s0mCSI0AAAAJ,0000-0002-5842-7715
Yaojing Yang,Dartmouth College,https://sites.google.com/site/yangyaoqingcmu,LYvugWgAAAAJ,0000-0000-0000-0000
Yaoliang Yu,University of Waterloo,https://cs.uwaterloo.ca/~y328yu,zbXIQMsAAAAJ,0000-0000-0000-0000
Yaonan Wang 0001,Hunan University,http://robotics.hnu.edu.cn/info/1071/1157.htm,NOSCHOLARPAGE,0000-0002-0519-6458
Yaoqing (Lamar) Yang,Dartmouth College,https://sites.google.com/site/yangyaoqingcmu,LYvugWgAAAAJ,0000-0000-0000-0000
Yaoqing Yang,Dartmouth College,https://sites.google.com/site/yangyaoqingcmu,LYvugWgAAAAJ,0000-0001-9908-5531
Yaorong Ge,UNC - Charlotte,https://cci.charlotte.edu/people/yaorong-ge,eC8fISIAAAAJ,0000-0000-0000-0000
Yaoxue Zhang,Tsinghua University,http://media.cs.tsinghua.edu.cn/~zyxe,NOSCHOLARPAGE,0000-0001-6717-461X
Yaoyao Liu 0001,Univ. of Illinois at Urbana-Champaign,https://yaoyaoliu.web.illinois.edu,Qi2PSmEAAAAJ,0000-0002-5316-3028
Yapeng Tian,University of Texas at Dallas,http://www.yapengtian.com,lxCqdpoAAAAJ,0000-0003-1423-4513
Yaping Lin,Hunan University,http://csee.hnu.edu.cn/people/linyaping,NOSCHOLARPAGE,0000-0000-0000-0000
Yaqian Long,Shenzhen University,https://ieeexplore.ieee.org/author/37086502577,triu-OgAAAAJ,0000-0000-0000-0000
Yaqian Zhou 0001,Fudan University,http://www.cs.fudan.edu.cn/?page_id=2319###,NOSCHOLARPAGE,0000-0000-0000-0000
Yarin Gal,University of Oxford,http://www.cs.ox.ac.uk/people/yarin.gal,SIayDoQAAAAJ,0000-0000-0000-0000
Yaron Lipman,Weizmann Institute of Science,https://www.weizmann.ac.il/pages/search/people?language=english&single=1&person_id=41941,vyteiT4AAAAJ,0000-0000-0000-0000
Yarui Peng,University of Arkansas,https://sites.uark.edu/yrpeng,IjBaWWcAAAAJ,0000-0002-8550-2063
Yasaman Ghasempour,Princeton University,https://ece.princeton.edu/people/yasaman-ghasempour,quQkP9UAAAAJ,0000-0002-4494-499X
Yasamin Nazari,VU Amsterdam,https://www.cs.jhu.edu/~ynazari,_oz7yccAAAAJ,0000-0003-1315-9355
Yasar Safkan,Özyeğin University,https://cs.ozyegin.edu.tr/en/faculty/yasarsafkan,NOSCHOLARPAGE,0000-0000-0000-0000
Yasemin Acar,Paderborn University,https://yaseminacar.de,cdFkUdcAAAAJ,0000-0001-7167-7383
Yaser Jararweh,JUST,http://www.just.edu.jo/eportfolio/Pages/Default.aspx?email=yijararweh,EXKxa6UAAAAJ,0000-0000-0000-0000
Yaser M. Khamayseh,JUST,http://www.just.edu.jo/eportfolio/Pages/Default.aspx?email=yaser,UNE8oKUAAAAJ,0000-0000-0000-0000
Yaser P. Fallah,University of Central Florida,https://www.ece.ucf.edu/person/yaser-p-fallah,Pni_ugMAAAAJ,0000-0000-0000-0000
Yaser Pourmohammadi,University of Central Florida,https://www.ece.ucf.edu/person/yaser-p-fallah,Pni_ugMAAAAJ,0000-0000-0000-0000
Yaser Pourmohammadi Fallah,University of Central Florida,https://www.ece.ucf.edu/person/yaser-p-fallah,Pni_ugMAAAAJ,0000-0000-0000-0000
Yaser S. Abu-Mostafa,California Inst. of Technology,https://work.caltech.edu,NOSCHOLARPAGE,0000-0000-0000-0000
Yash Sinha,BITS Pilani,https://www.bits-pilani.ac.in/pilani/yash-sinha,Ey5HIeQAAAAJ,0000-0003-0477-5236
Yash Vasavada,DAIICT,http://www.daiict.ac.in/daiict/people/faculty.html,9KkhfBgAAAAJ,0000-0000-0000-0000
Yasha Wang,Peking University,http://sei.pku.edu.cn/~wangys/index.htm,NOSCHOLARPAGE,0000-0002-8026-9688
Yashar Ganjali,University of Toronto,http://www.cs.toronto.edu/~yganjali,9btkXOgAAAAJ,0000-0000-0000-0000
Yashar Moshfeghi,University of Strathclyde,https://pureportal.strath.ac.uk/en/persons/yashar-moshfeghi/publications,BaFcnWIAAAAJ,0000-0003-4186-1088
Yashaswi Verma,IIT Jodhpur,https://sites.google.com/view/yashaswiverma,xVdj0xUAAAAJ,0000-0003-2317-2641
Yashvardhan Sharma,BITS Pilani,http://www.bits-pilani.ac.in/pilani/yash/profile,xonk7AwAAAAJ,0000-0000-0000-0000
Yashwant K. Malaiya,Colorado State University,http://www.cs.colostate.edu/~malaiya,y2fSlecAAAAJ,0000-0000-0000-0000
Yasir Mahmood 0004,UAEU,https://www.uaeu.ac.ae/en/cit/profile.shtml?email=yasir.mahmood@uaeu.ac.ae,mf4iWqkAAAAJ,0000-0000-0000-0000
Yasir Mehmood,LUMS,https://lums.edu.pk/lums_employee/4841,_Ur63fwAAAAJ,0000-0000-0000-0000
Yasir Zaki,NYU Abu Dhabi,http://yasirzaki.net,oqyq_gQAAAAJ,0000-0001-8078-6944
Yasmeen George,Monash University,https://research.monash.edu/en/persons/yasmeen-george,URHQRGwAAAAJ,0000-0000-0000-0000
Yasmeen M. George,Monash University,https://research.monash.edu/en/persons/yasmeen-george,URHQRGwAAAAJ,0000-0000-0000-0000
Yasmine Kotturi,Univ. of Maryland - Baltimore County,https://ykotturi.github.io,MWlEp18AAAAJ,0000-0001-6201-7922
Yasoda Jayaweera,Brunel University London,https://www.brunel.ac.uk/people/yasoda-jayaweera1,Wk0vwA0AAAAJ,0000-0000-0000-0000
Yasser Shekofteh,Shahid Beheshti University,https://facultymembers.sbu.ac.ir/shekofteh,9iMasqcAAAAJ,0000-0000-0000-0000
Yasser Shoukry,Univ. of California - Irvine,https://rcpsl.eng.uci.edu/yshoukry,KRXEPKAAAAAJ,0000-0002-8224-8477
Yasuhiko Minamide,Tokyo Institute of Technology,http://sv.c.titech.ac.jp/minamide/index.en.html,NOSCHOLARPAGE,0000-0000-0000-0000
Yasuhiko Nakashima,NAIST,http://archlab.naist.jp,Tp_fVdEAAAAJ,0000-0002-9457-5061
Yasuhiro Mukaigawa,NAIST,http://omilab.naist.jp/~mukaigawa,vWuuPa8AAAAJ,0000-0001-8689-3724
Yasuko Matsubara,Osaka University,https://www.dm.sanken.osaka-u.ac.jp/~yasuko,Y1ZfsAwAAAAJ,0000-0003-3566-7721
Yasuo Kuniyoshi,University of Tokyo,http://www.isi.imi.i.u-tokyo.ac.jp/en,hOjZ1ZcAAAAJ,0000-0000-0000-0000
Yasuo Okabe,Kyoto University,https://www.net.ist.i.kyoto-u.ac.jp/ja,Y4AUoowAAAAJ,0000-0000-0000-0000
Yasushi Sakurai,Osaka University,http://www.dm.sanken.osaka-u.ac.jp/~yasushi/index.html,yeKnVr0AAAAJ,0000-0001-7258-2642
Yasushi Shinjo,University of Tsukuba,http://www.cs.tsukuba.ac.jp/~yas,IkaonwkAAAAJ,0000-0000-0000-0000
Yasushi Yagi,Osaka University,http://www.am.sanken.osaka-u.ac.jp,byuA_UEAAAAJ,0000-0000-0000-0000
Yasutaka Furukawa,Simon Fraser University,https://www.cs.sfu.ca/~furukawa,wCxzFrMAAAAJ,0009-0006-9775-4512
Yasuyuki Matsushita,Osaka University,http://www-infobiz.ist.osaka-u.ac.jp/en/member/matsushita,eomC7sIAAAAJ,0000-0002-1935-4752
Yat Chiu Law,Chinese University of Hong Kong,http://www.cse.cuhk.edu.hk/~yclaw,NOSCHOLARPAGE,0000-0000-0000-0000
Yatin A. Manerkar,University of Michigan,https://web.eecs.umich.edu/~manerkar,Hhae_8YAAAAJ,0000-0002-6954-2292
Yatish Turakhia,Univ. of California - San Diego,https://turakhia.ucsd.edu,_01FX8cAAAAJ,0000-0001-5600-2900
Yau-Hwang Kuo,National Cheng Kung University,http://www.csie.ncku.edu.tw/ncku_csie/depmember/teacherdetail/id/5,NOSCHOLARPAGE,0000-0000-0000-0000
Yawen Chen,University of Otago,http://www.cs.otago.ac.nz/staff/Yawen_Chen,LyxsVekAAAAJ,0000-0002-0368-2006
Yaxing Wang,Nankai University,https://cc.nankai.edu.cn/2021/0323/c13620a549966/page.htm,6CsB8k0AAAAJ,0009-0006-4528-2963
Yaxing Yao,Johns Hopkins University,https://www.cs.jhu.edu/~yaxing,zt8mnzgAAAAJ,0009-0008-7900-9265
Yaxiong Xie,University at Buffalo,https://cse.buffalo.edu/~yaxiongx,ByqnKOkAAAAJ,0000-0003-4258-6655
Yayun Du,Vanderbilt University,https://engineering.vanderbilt.edu/bio/?pid=yayun-du,LPwbf4kAAAAJ,0000-0001-5361-0783
Yazhou Ren 0001,UESTC,https://www.en.scse.uestc.edu.cn/info/1085/1902.htm,M7Ocw0YAAAAJ,0000-0001-7705-4603
Yazhou Tu,Auburn University,https://eng.auburn.edu/directory/yzt0065,6pQf_mkAAAAJ,0000-0000-0000-0000
Yazmín Angélica Ibáñez-García,Cardiff University,https://www.cardiff.ac.uk/people/view/1418353-ibanez-garcia-yazmin,7ag8h6sAAAAJ,0000-0000-0000-0000
Yazmín Ibáñez-García,Cardiff University,https://www.cardiff.ac.uk/people/view/1418353-ibanez-garcia-yazmin,7ag8h6sAAAAJ,0000-0000-0000-0000
Ye Duan,Clemson University,https://duanye.org,lJvwEx8AAAAJ,0000-0002-1166-7703
Ye Jin Choi 0001,Stanford University,https://yejinc.github.io,vhP-tlcAAAAJ,0000-0000-0000-0000
Ye Pan,Shanghai Jiao Tong University,https://jhc.sjtu.edu.cn/people/members/faculty/ye-pan.html,dhf9mQAAAAJ,0000-0002-1447-6806
Ye Shi 0001,ShanghaiTech University,http://faculty.sist.shanghaitech.edu.cn/faculty/shiye,gMqbZPUAAAAJ,0000-0003-2302-4980
Ye Xia 0001,University of Florida,http://www.cise.ufl.edu/~yx1,z0k6V4gAAAAJ,0000-0000-0000-0000
Ye Yuan 0010,McMaster University,https://ireneyeyuan.me,04QgtrUAAAAJ,0000-0003-2988-5001
Ye Zhao 0002,Georgia Institute of Technology,https://www.me.gatech.edu/faculty/zhao,YkWi5xoAAAAJ,0000-0000-0000-0000
Ye Zhao 0003,Kent State University,http://www.cs.kent.edu/~zhao,NOSCHOLARPAGE,0000-0000-0000-0000
Yedid Hoshen,Hebrew University of Jerusalem,http://www.cs.huji.ac.il/~ydidh,6y1-qS4AAAAJ,0000-0000-0000-0000
Yedidyah Langsam,CUNY,http://eilat.sci.brooklyn.cuny.edu,ahb9YKgAAAAJ,0000-0000-0000-0000
Yee-Hong Yang,University of Alberta,https://webdocs.cs.ualberta.ca/~yang,dDNv_sAAAAAJ,0000-0002-7194-3327
Yefeng Zheng 0001,Westlake University,https://en.westlake.edu.cn/faculty/yefeng-zheng.html,vAIECxgAAAAJ,0000-0003-2195-2847
Yeh-Ching Chung,CUHK (SZ),http://www.cs.nthu.edu.tw/~ychung,NOSCHOLARPAGE,0000-0002-8704-9821
Yehan Ma,Shanghai Jiao Tong University,https://jhc.sjtu.edu.cn/~yehanma,0VhWiMsAAAAJ,0000-0002-8595-1619
Yehia El-khatib,Lancaster University,https://www.lancaster.ac.uk/scc/about-us/people/yehia-elkhatib,ZDbuOE4AAAAJ,0000-0003-4639-436X
Yehia Elkhatib,Lancaster University,https://www.lancaster.ac.uk/scc/about-us/people/yehia-elkhatib,ZDbuOE4AAAAJ,0000-0003-4639-436X
Yehoshua Perl,NJIT,http://cs.njit.edu/people/perl,jVLGHGQAAAAJ,0000-0000-0000-0000
Yehoshua Sagiv,Hebrew University of Jerusalem,http://www.huji.ac.il/dataj/controller/ihoker/MOP-STAFF_LINK?sno=5007961&Save_t=,NOSCHOLARPAGE,0000-0000-0000-0000
Yehuda Afek,Tel Aviv University,https://www.cs.tau.ac.il/~afek,pYasE5oAAAAJ,0000-0000-0000-0000
Yehuda Lindell,Bar-Ilan University,https://u.cs.biu.ac.il/~lindell,7JK9h1MAAAAJ,0000-0002-8176-690X
Yeim-Kuan Chang,National Cheng Kung University,http://www.csie.ncku.edu.tw/ncku_csie/depmember/teacherdetail/id/16,NOSCHOLARPAGE,0000-0000-0000-0000
Yejin Choi 0001,Stanford University,https://yejinc.github.io,vhP-tlcAAAAJ,0000-0003-3032-5378
Yelena Yesha,Univ. of Maryland - Baltimore County,http://www.csee.umbc.edu/people/faculty/yelena-yesha,3aj4AM4AAAAJ,0000-0000-0000-0000
Yen Cheung,Monash University,http://monash.edu/research/explore/en/persons/yen-cheung(03ed496d-982b-4da4-9c55-d7a238cae46f).html,y0gdUU4AAAAJ,0000-0000-0000-0000
Yen-Huan Li,National Taiwan University,https://sites.google.com/site/yenhuanli/home,Mqz_yhAAAAAJ,0000-0000-0000-0000
Yen-Jen Oyang,National Taiwan University,http://ah.ntu.edu.tw/web/Teacher!one.action?tid=2141,NOSCHOLARPAGE,0000-0000-0000-0000
Yen-Ling Kuo,University of Virginia,https://yenlingkuo.com,pNkyRs4AAAAJ,0000-0002-6433-6713
Yen-Yu Lin,National Chiao Tung University,https://sites.google.com/site/yylinweb,9RhFbpwAAAAJ,0000-0002-7183-6070
Yeong-Gil Shin,Seoul National University,http://cglab.snu.ac.kr/yshin.htm,EhRwlToAAAAJ,0000-0000-0000-0000
Yeong-Tae Song,Towson University,https://www.towson.edu/fcsm/departments/computerinfosci/facultystaff/ysong.html,NOSCHOLARPAGE,0000-0000-0000-0000
Yepang Liu 0001,SUSTech,http://cse.sustech.edu.cn/faculty/~liuyp,azupdzkAAAAJ,0000-0001-8147-8126
Yeray Barrios Fleitas,University of Twente,https://people.utwente.nl/y.d.c.barriosfleitas,ApMmtcEAAAAJ,0000-0000-0000-0000
Yeshaiahu Fainman,Univ. of California - San Diego,https://cns.ucsd.edu/yeshaiyahu-shaya-fainman,oJwZRiYAAAAJ,0000-0000-0000-0000
Yevgeni Berzak,Technion,http://people.csail.mit.edu/berzak/index.html,QOGvpS8AAAAJ,0000-0003-4474-1727
Yevgeniy Dodis,New York University,http://www.cs.nyu.edu/~dodis,3yPEc4YAAAAJ,0000-0003-1013-6318
Yevgeniy Vorobeychik,Washington University in St. Louis,http://vorobeychik.com,ptI-HHkAAAAJ,0000-0003-2471-5345
Yevgeny Seldin,University of Copenhagen,http://www.diku.dk/Ansatte/?pure=da/persons/500475,fpWsD9oAAAAJ,0000-0003-3152-4635
Yew-Soon Ong,Nanyang Technological University,https://www3.ntu.edu.sg/home/asysong,h9oWOsEAAAAJ,0000-0002-4480-169X
Yexiang Xue,Purdue University,https://www.cs.purdue.edu/people/faculty/yexiang,3jJAvruHOWYC,0000-0000-0000-0000
Yezhou Yang,Arizona State University,https://yezhouyang.engineering.asu.edu,k2suuZgAAAAJ,0000-0003-0126-8976
Yezid Donoso,Universidad de los Andes,https://profesores.virtual.uniandes.edu.co/ydonoso/es/inicio,Razvs2MAAAAJ,0000-0000-0000-0000
Yezid Donoso Meisel,Universidad de los Andes,https://profesores.virtual.uniandes.edu.co/ydonoso/es/inicio,Razvs2MAAAAJ,0000-0000-0000-0000
Yi Chen 0013,CUHK (SZ),https://sse.cuhk.edu.cn/en/faculty/chenyi,_LzdWjwAAAAJ,0000-0000-0000-0000
Yi Ding 0003,UESTC,https://www.is.uestc.edu.cn/teachers.do?id=1082,qvi1rjUAAAAJ,0000-0000-0000-0000
Yi Ding 0010,Georgia State University,https://cas.gsu.edu/profile/yi-ding,SmPIO90AAAAJ,0000-0000-0000-0000
Yi Ding 0011,University of Texas at Dallas,https://yi-ding.me,umiRGkUAAAAJ,0000-0002-1226-341X
Yi Fang 0006,NYU Abu Dhabi,https://nyuad.nyu.edu/en/academics/divisions/engineering/faculty/yi-fang.html,j-cyhzwAAAAJ,0000-0001-9427-3883
Yi Gao 0001,Zhejiang University,http://mypage.zju.edu.cn/gaoyi,oyKWoTkAAAAJ,0000-0001-7897-5965
Yi Guan,Harbin Institute of Technology,http://homepage.hit.edu.cn/guanyi,eApBCQYAAAAJ,0000-0001-6057-9243
Yi Guo 0001,Western Sydney University,https://www.westernsydney.edu.au/staff_profiles/WSU/associate_professor_yi_guo,SgHH96EAAAAJ,0000-0002-8050-5388
Yi He 0007,College of William and Mary,https://yhe15.people.wm.edu,DKqpGaUAAAAJ,0000-0002-5357-6623
Yi Hong 0006,Shanghai Jiao Tong University,https://cs.sjtu.edu.cn/~yihong,16OATcwAAAAJ,0000-0000-0000-0000
Yi Huang 0001,University of Liverpool,https://liverpool.ac.uk/electrical-engineering-and-electronics/staff/yi-huang,sJ3GXrUAAAAJ,0000-0001-7774-1024
Yi Jin 0001,Beijing Jiaotong University,https://faculty.bjtu.edu.cn/8497,NQAenU0AAAAJ,0000-0001-8408-3816
Yi Li 0008,Nanyang Technological University,https://personal.ntu.edu.sg/yi_li,B61QIUIAAAAJ,0000-0003-4562-8208
Yi Lin 0006,Sichuan University,https://sculyi.github.io,7RapKRUAAAAJ,0000-0000-0000-0000
Yi Liu 0059,Stony Brook University,https://www.cs.stonybrook.edu/people/faculty/yiliu,3-yC1aIAAAAJ,0000-0000-0000-0000
Yi Ma 0001,Univ. of California - Berkeley,https://people.eecs.berkeley.edu/~yima,XqLiBQMAAAAJ,0000-0000-0000-0000
Yi Mei 0001,Victoria University of Wellington,https://ecs.victoria.ac.nz/Main/YiMei,luucmLwAAAAJ,0000-0000-0000-0000
Yi Pan 0001,Georgia State University,https://grid.cs.gsu.edu/pan,2F-jTfEAAAAJ,0000-0002-2766-3096
Yi Peng 0001,UESTC,http://www.mgmt.uestc.edu.cn/Document/TeacherList?Id=894,0WkOMQYAAAAJ,0000-0000-0000-0000
Yi R. Fung 0001,HKUST,https://cse.hkust.edu.hk/admin/people/faculty/profile/yrfung,eUae2K0AAAAJ,0000-0000-0000-0000
Yi Shang,University of Missouri,https://engineering.missouri.edu/faculty/yi-shang,o-xM3oMAAAAJ,0000-0001-7771-4034
Yi Sheng,University of South Florida,https://www.usf.edu/ai-cybersecurity-computing/people/faculty/yi_sheng.aspx,SN69Jk0AAAAJ,0000-0002-4652-805X
Yi Wang 0003,Shenzhen University,http://www.escience.cn/people/yiwangszu/index.html,OPm4f_cAAAAJ,0000-0002-5773-3817
Yi Wu 0013,Tsinghua University,https://iiis.tsinghua.edu.cn/en/People/Faculty/WuYi.htm,dusV5HMAAAAJ,0000-0001-9057-5817
Yi Wu 0020,University of Oklahoma,https://ywu960702.github.io,0dxhJ04AAAAJ,0009-0006-3120-3769
Yi Xiao 0004,Hunan University,http://design.hnu.edu.cn/info/1023/5773.htm,NOSCHOLARPAGE,0000-0002-4018-994X
Yi Yang 0001,Zhejiang University,https://person.zju.edu.cn/yiyang,RMSuNFwAAAAJ,0000-0000-0000-0000
Yi Yu 0001,National Inst. of Informatics,http://research.nii.ac.jp/~yiyu,oqxXhPsAAAAJ,0000-0000-0000-0000
Yi Zhang 0001,Univ. of California - Santa Cruz,http://www.soe.ucsc.edu/~yiz,oyH8KMcAAAAJ,0000-0003-4299-1511
Yi Zhang 0042,University of Technology Sydney,https://www.uts.edu.au/staff/yi.zhang,Eu4GKM8AAAAJ,0000-0000-0000-0000
Yi Zhou 0010,Hunan University,https://sites.google.com/view/zhouyi-joey/home,_21IqnsAAAAJ,0000-0003-3201-8873
Yi Zhou 0016,UESTC,https://sites.google.com/view/yi-zhou,8MvNCXAAAAAJ,0000-0002-9023-4374
Yi Zhou 0017,Texas A&M University,https://sites.google.com/site/yizhouhomepage,4fK8bYIAAAAJ,0009-0004-1406-1661
Yi Zhou 0019,Cardiff University,https://jodiechou.github.io,3BdddIMAAAAJ,0000-0001-7009-8515
Yi Zhou 0021,Hunan University,https://sites.google.com/view/zhouyi-joey/home,_21IqnsAAAAJ,0000-0000-0000-0000
Yi Zhu 0006,Yangzhou University,https://xxgcxy.yzu.edu.cn/info/1021/8193.htm,jSfAPUwAAAAJ,0000-0000-0000-0000
Yi-Bing Lin,National Chiao Tung University,http://liny.csie.nctu.edu.tw,NOSCHOLARPAGE,0000-0000-0000-0000
Yi-Chao Chen 0001,Shanghai Jiao Tong University,https://yichao0319.github.io,LdNIR90AAAAJ,0000-0003-0782-4953
Yi-Cheng Tu,University of South Florida,http://www.csee.usf.edu/~tuy,J7QqD2IAAAAJ,0000-0000-0000-0000
Yi-Chieh Lee,National University of Singapore,https://www.yclee.net,6_ecKdsAAAAJ,0000-0002-5484-6066
Yi-Fei Pu,Sichuan University,https://cs.scu.edu.cn/info/1288/13622.htm,NOSCHOLARPAGE,0000-0000-0000-0000
Yi-Jen Chiang,New York University,http://engineering.nyu.edu/people/yi-jen-chiang,ZcDNvvEAAAAJ,0000-0001-7822-6200
Yi-Jun Chang,National University of Singapore,https://sites.google.com/a/umich.edu/yi-jun-chang,JhoyupQAAAAJ,0000-0002-0109-2432
Yi-Jun Yang,Xi'an Jiaotong University,http://gr.xjtu.edu.cn/web/yangyijun/english,NOSCHOLARPAGE,0000-0000-0000-0000
Yi-Ke Guo,Imperial College London,http://www.imperial.ac.uk/people/y.guo,-0q6cIYAAAAJ,0000-0002-3075-2161
Yi-King Choi,University of Hong Kong,https://i.cs.hku.hk/~ykchoi,NOSCHOLARPAGE,0000-0001-7668-7599
Yi-Ling Chen,Harvard University,http://yiling.seas.harvard.edu,Q8vaKmUAAAAJ,0000-0000-0000-0000
Yi-Ping Hung,National Taiwan University,https://www.csie.ntu.edu.tw/~hung,gUYquw0AAAAJ,0000-0000-0000-0000
Yi-Ping You,National Chiao Tung University,http://people.cs.nctu.edu.tw/~ypyou,puMjxwUAAAAJ,0000-0002-4455-3147
Yi-Shan Tsai,Monash University,https://research.monash.edu/en/persons/yi-shan-tsai,AfzuNksAAAAJ,0000-0001-8967-5327
Yi-Shin Chen,National Tsing Hua University,http://www.yishin.net,0pm_SDoAAAAJ,0000-0000-0000-0000
Yi-Ting Chen 0001,National Chiao Tung University,https://sites.google.com/site/yitingchen0524,8tRH7RMAAAAJ,0000-0000-0000-0000
Yi-Xian Yang,BUPT,https://scss.bupt.edu.cn/info/1063/1153.htm,NOSCHOLARPAGE,0000-0000-0000-0000
Yi-Xin Chen 0001,Washington University in St. Louis,https://engineering.washu.edu/faculty/Yixin-Chen.html,NByrsK0AAAAJ,0000-0000-0000-0000
Yi-Zhe Song,University of Surrey,http://www.eecs.qmul.ac.uk/~yzs,irZFP_AAAAAJ,0000-0001-5908-3275
Yi-ling Chen,Harvard University,http://yiling.seas.harvard.edu,Q8vaKmUAAAAJ,0000-0000-0000-0000
Yian Ma,Univ. of California - San Diego,https://sites.google.com/view/yianma/home,OkOGR_8AAAAJ,0000-0000-0000-0000
Yiannis Aloimonos,Univ. of Maryland - College Park,http://www.cfar.umd.edu/~yiannis,7QmEsOwAAAAJ,0000-0000-0000-0000
Yiannis Cotronis,University of Athens,http://www.di.uoa.gr/eng/staff/1022,9IbOFmMAAAAJ,0000-0000-0000-0000
Yiannis Giannakopoulos,University of Glasgow,https://www.gla.ac.uk/schools/computing/staff/yiannisgiannakopoulos,YtYCHGIAAAAJ,0000-0003-2382-1779
Yiannis Koutis,NJIT,https://web.njit.edu/~ikoutis,ONXC8_gAAAAJ,0000-0000-0000-0000
Yiannis Rekleitis,University of South Carolina,http://www.cse.sc.edu/~yiannisr,KjfpioYAAAAJ,0000-0000-0000-0000
Yiannis Tselekounis,Royal Holloway Univ. of London,https://www.yiannistselekounis.com,FvBTv6wAAAAJ,0000-0000-0000-0000
Yibiao Yang,Nanjing University,https://yangyibiao.github.io,-7PoE6MAAAAJ,0000-0003-1153-2013
Yibo Lin,Peking University,http://yibolin.com.cn,155hQCcAAAAJ,0000-0002-0977-2774
Yichao Yan,Shanghai Jiao Tong University,https://daodaofr.github.io,ZPHMMRkAAAAJ,0000-0003-3209-8965
Yicheng Tu,University of South Florida,http://www.csee.usf.edu/~tuy,J7QqD2IAAAAJ,0000-0002-4062-2694
Yichong Zhou,University of Macau,https://www.fst.um.edu.mo/people/yicongzhou,Fe5Ru58AAAAJ,0000-0000-0000-0000
Yici Cai,Tsinghua University,http://www.tsinghua.edu.cn/publish/csen/4623/2010/20101224172730980195531/20101224172730980195531_.html,NOSCHOLARPAGE,0000-0000-0000-0000
Yidong Li,Beijing Jiaotong University,https://faculty.bjtu.edu.cn/8408,3PagRQEAAAAJ,0000-0003-2965-6196
Yifan Chen 0004,Hong Kong Baptist University,https://ychen-stat-ml.github.io,SEzd12oAAAAJ,0000-0000-0000-0000
Yifan Liu 0001,Adelaide University,https://researchers.adelaide.edu.au/profile/yifan.liu04,ksQ4JnQAAAAJ,0000-0002-2746-8186
Yifan Sun 0001,Stony Brook University,https://www.cs.stonybrook.edu/people/faculty/YifanSun,o3fSb1YAAAAJ,0000-0003-2475-3843
Yifan Sun 0002,College of William and Mary,https://syifan.github.io,LZg-kGAAAAAJ,0000-0003-3532-6521
Yifan Wang 0012,University of Hawaii at Manoa,https://wyfunique.github.io,dPDowWYAAAAJ,0000-0000-0000-0000
Yifan Zhang 0002,Binghamton University,http://www.cs.binghamton.edu/~zhangy,sPZZB4UAAAAJ,0000-0000-0000-0000
Yifan Zhu 0020,University of Illinois at Chicago,https://cs.uic.edu/profiles/zhu-yifan,eyWZo6EAAAAJ,0000-0000-0000-0000
Yifeng Chen,Peking University,http://eecs.pku.edu.cn/EN/People/Faculty/Detail/?ID=6054,NOSCHOLARPAGE,0000-0002-2392-8472
Yifeng Li 0001,Brock University,https://sites.google.com/view/yifengli,HTE-3E4AAAAJ,0000-0000-0000-0000
Yifeng Zheng,Harbin Institute of Technology,http://faculty.hitsz.edu.cn/zhengyifeng,QtAO6K0AAAAJ,0000-0000-0000-0000
Yiguang Liu,Sichuan University,https://cs.scu.edu.cn/info/1279/17788.htm,kVRocB4AAAAJ,0000-0000-0000-0000
Yih-Chun Hu,Univ. of Illinois at Urbana-Champaign,https://www.ece.illinois.edu/directory/profile/yihchun,VvvjMCgAAAAJ,0000-0000-0000-0000
Yih-Fang Huang,University of Notre Dame,http://www3.nd.edu/~huang,NOSCHOLARPAGE,0000-0000-0000-0000
Yih-Lang Li,National Chiao Tung University,http://people.cs.nctu.edu.tw/~ylli,NOSCHOLARPAGE,0000-0002-6441-2392
Yihan Sun 0001,Univ. of California - Riverside,https://www.cs.cmu.edu/~yihans,E5aLeuYAAAAJ,0000-0002-3212-0934
Yihong Gong,Xi'an Jiaotong University,https://gr.xjtu.edu.cn/web/ygong,x2xdU7gAAAAJ,0000-0000-0000-0000
Yihua Huang 0001,Nanjing University,http://ws.nju.edu.cn/people/yhhuang,NOSCHOLARPAGE,0000-0003-1806-0936
Yijia Chen 0001,Shanghai Jiao Tong University,http://basics.sjtu.edu.cn/~chen,pBqhBdoAAAAJ,0000-0000-0000-0000
Yijian Wu,Fudan University,http://homepage.fudan.edu.cn/wuyijian,NOSCHOLARPAGE,0000-0001-9290-2068
Yijie Han,Univ. of Missouri - Kansas City,http://h.web.umkc.edu/hanyij/html/index.htm,NOSCHOLARPAGE,0000-0000-0000-0000
Yijie Mao,ShanghaiTech University,http://faculty.sist.shanghaitech.edu.cn/faculty/maoyj,PZtdokoAAAAJ,0000-0000-0000-0000
Yijie Wang 0004,Indiana University,https://wyjhxq.github.io,rloap-cAAAAJ,0000-0000-0000-0000
Yijun Wang 0002,Hunan University,http://csee.hnu.edu.cn/people/wangyijun,NOSCHOLARPAGE,0000-0002-3372-8167
Yijun Yu,Open University UK,http://stem.open.ac.uk/people/yy66,E5Z63aUAAAAJ,0000-0002-7154-8570
Yike Guo,HKUST,https://facultyprofiles.hkust.edu.hk/profiles.php?profile=yike-guo-yikeguo,-0q6cIYAAAAJ,0009-0005-8401-282X
Yikun Ban,Beihang University,https://www.banyikun.com,oGa-XpMAAAAJ,0000-0003-3035-4849
Yile Wang 0001,Shenzhen University,https://ylwangy.github.io,v1YnW6gAAAAJ,0000-0000-0000-0000
Yilei Chen 0001,Tsinghua University,https://iiis.tsinghua.edu.cn/en/People/Faculty/ChenYilei.htm,mJkYl8MAAAAJ,0000-0000-0000-0000
Yili Ren,University of South Florida,https://yiliren.github.io,qk1kc00AAAAJ,0000-0003-4029-6945
Yiling Chen,Harvard University,http://yiling.seas.harvard.edu,Q8vaKmUAAAAJ,0000-0000-0000-0000
Yiling Chen 0001,Harvard University,http://yiling.seas.harvard.edu,Q8vaKmUAAAAJ,0000-0002-0166-594X
Yiling Lou,Univ. of Illinois at Urbana-Champaign,https://yilinglou.github.io,FTf12C0AAAAJ,0000-0002-4066-3365
Yilu Liu,University of Tennessee,http://www.eecs.utk.edu/people/faculty/liu,NOSCHOLARPAGE,0000-0000-0000-0000
Yilun Du,Harvard University,https://seas.harvard.edu/person/yilun-du,GRMMc_MAAAAJ,0000-0001-6792-5946
Yimeng Feng,Macquarie University,https://researchers.mq.edu.au/en/persons/yimeng-feng,etRah1cAAAAJ,0000-0002-3605-6829
Yimian Dai,Nankai University,https://cc.nankai.edu.cn/2021/0323/c13620a574113/page.htm,y5Ov6VAAAAAJ,0000-0003-1052-2489
Yimin Chen 0004,University of Massachusetts Lowell,https://ianchen88.github.io,T6qIjCYAAAAJ,0000-0000-0000-0000
Yimin Yang,Xidian University,https://web.xidian.edu.cn/ymyang,RqH1weAAAAAJ,0000-0000-0000-0000
Yiming Hu,University of Cincinnati,http://www.ece.uc.edu/~yhu,NOSCHOLARPAGE,0000-0000-0000-0000
Yiming Jiang 0001,Hunan University,http://robotics.hnu.edu.cn/info/1071/1790.htm,NOSCHOLARPAGE,0000-0000-0000-0000
Yiming Miao,CUHK (SZ),https://sds.cuhk.edu.cn/en/teacher/451,uKUBH38AAAAJ,0000-0000-0000-0000
Yiming Qian,University of Manitoba,https://yi-ming-qian.github.io,2xMfNpMAAAAJ,0000-0002-1795-2038
Yiming Tang 0002,Rochester Inst. of Technology,https://yiming-tang-cs.github.io,yQd3GgoAAAAJ,0000-0003-2378-8972
Yiming Xiao,Concordia University,http://www.healthx-lab.ca,ELHjilEAAAAJ,0000-0000-0000-0000
Yiming Yang,Carnegie Mellon University,http://www.cs.cmu.edu/~./yiming,MlZq4XwAAAAJ,0000-0003-1359-0364
Yiming Zeng 0001,Binghamton University,https://www.binghamton.edu/computer-science/people/profile.html?id=yimingz,GigWLioAAAAJ,0000-0000-0000-0000
Yiming Zhang 0003,Xiamen University,http://nicexlab.com/zym.htm,c_EpscEAAAAJ,0000-0001-6450-8485
Yin Li 0003,University of Wisconsin - Madison,https://www.biostat.wisc.edu/~yli,_y-8nrcAAAAJ,0000-0003-4173-9453
Yin Pan,Rochester Inst. of Technology,https://www.rit.edu/gccis/computingsecurity/people/yin-pan,SHJ98SkAAAAJ,0009-0005-2080-9522
Yin Tat Lee,University of Washington,http://yintat.com,nwHfwCIAAAAJ,0000-0002-4692-5442
Yin Yang 0002,University of Utah,https://yangzzzy.github.io,-z2_nggAAAAJ,0000-0001-7645-5931
Yin Zhang 0001,University of Texas at Austin,https://www.cs.utexas.edu/~yzhang,DSEH8XsAAAAJ,0000-0000-0000-0000
Yin Zhang 0010,CUHK (SZ),https://sds.cuhk.edu.cn/teacher/57,NOSCHOLARPAGE,0000-0000-0000-0000
Yinan Jing,Fudan University,http://www.cs.fudan.edu.cn/?page_id=1848,NOSCHOLARPAGE,0000-0002-1169-8032
Yincheng Jin,Binghamton University,https://www.binghamton.edu/computer-science/people/profile.html?id=yjin5,eRQgxJEAAAAJ,0000-0002-1812-4234
Ying Cai,Iowa State University,http://www.cs.iastate.edu/~yingcai,N3Jc1zMAAAAJ,0000-0000-0000-0000
Ying Cao 0001,ShanghaiTech University,http://www.ying-cao.com,uFjhoxYAAAAJ,0000-0002-9288-3167
Ying Gao 0006,Beihang University,https://shi.buaa.edu.cn/gaoying/zh_CN/index.htm,SFHMnYIAAAAJ,0000-0001-8992-651X
Ying He 0001,Nanyang Technological University,https://www3.ntu.edu.sg/home/yhe,sVf_tdoAAAAJ,0000-0002-6749-4485
Ying He 0006,Shenzhen University, https://csse.szu.edu.cn/en/pages/user/index?id=958,N0U7s7AAAAAJ,0000-0000-0000-0000
Ying Liu 0012,Texas Tech University,https://www.depts.ttu.edu/cs/faculty/ying_liu,VirWf_EAAAAJ,0000-0000-0000-0000
Ying Lu 0002,University of Nebraska,http://cse.unl.edu/~ylu,9PW-tPAAAAAJ,0000-0000-0000-0000
Ying Tai,Nanjing University,https://tyshiwo.github.io,NKaiUasAAAAJ,0000-0002-4665-6852
Ying Tan 0002,Peking University,http://www.cis.pku.edu.cn/faculty/system/tanying/TYBiograph.htm,PjNxSPsAAAAJ,0000-0001-8243-4731
Ying Wah Teh,University of Malaya,https://umexpert.um.edu.my/tehyw,2igo-mwAAAAJ,0000-0000-0000-0000
Ying Wang 0001,Chinese Academy of Sciences,https://wangying-ict.github.io,5LoFPSQAAAAJ,0000-0001-5172-4736
Ying Wei 0001,Zhejiang University,https://wei-ying.net,5UpFdKsAAAAJ,0000-0003-1662-4443
Ying Wen 0001,Shanghai Jiao Tong University,https://yingwen.io,_A1CxG8AAAAJ,0000-0003-1247-2382
Ying Wu 0001,Northwestern University,http://users.ece.northwestern.edu/~yingwu,zAlz89wAAAAJ,0000-0000-0000-0000
Ying Wu 0006,Nankai University,https://cc.nankai.edu.cn/2021/0323/c13620a549964/page.htm,pR47HBUAAAAJ,0000-0000-0000-0000
Ying Zhang 0001,University of Technology Sydney,https://www.uts.edu.au/staff/ying.zhang,9LTwX4cAAAAJ,0000-0002-2674-1638
Ying Zhang 0004,University of Rhode Island,https://zhanglab.github.io,hlzYdm4AAAAJ,0000-0000-0000-0000
Ying Zhang 0040,Tongji University,https://sse.tongji.edu.cn/Data/View/2841,NOSCHOLARPAGE,0000-0001-7887-6510
Ying Zhao 0001,Central South University,https://faculty.csu.edu.cn/zhaoying,hYtDoKwAAAAJ,0000-0002-4200-5200
Ying Zhao 0006,Tsinghua University,http://www.cs.tsinghua.edu.cn/publish/csen/4623/2010/20101225001316118539247/20101225001316118539247_.html,_gluXdYAAAAJ,0000-0000-0000-0000
Ying Zhou,University of Sydney,https://www.sydney.edu.au/engineering/about/our-people/academic-staff/ying-zhou.html,d_Mq8TYAAAAJ,0000-0002-2062-4924
Ying Zhu 0007,Ontario Tech University,https://engineering.ontariotechu.ca/people/ecse/ying.zhu.php,wOFUwYIAAAAJ,0000-0000-0000-0000
Ying Zou 0001,Queen’s University,https://www.ece.queensu.ca/people/Y-Zou,pCYlknMAAAAJ,0000-0002-5335-0261
Ying-Dar Jason Lin,National Chiao Tung University,http://speed.cis.nctu.edu.tw/~ydlin,6ZzMxhsAAAAJ,0000-0000-0000-0000
Ying-Dar Lin,National Chiao Tung University,http://speed.cis.nctu.edu.tw/~ydlin,6ZzMxhsAAAAJ,0000-0000-0000-0000
Ying-Ping Chen,National Chiao Tung University,http://www.cs.nctu.edu.tw/~ypchen,5Fb9380AAAAJ,0000-0000-0000-0000
Ying-li Tian,CUNY,http://www-ee.ccny.cuny.edu/wwwn/yltian/home.html,aAWeB4wAAAAJ,0000-0003-4458-360X
Yingbin Liang,Ohio State University,https://sites.google.com/view/yingbinliang/home,lGgLAiIAAAAJ,0000-0000-0000-0000
Yingbo Liu,Tsinghua University,http://ise.thss.tsinghua.edu.cn/~liuyingbo,NOSCHOLARPAGE,0000-0000-0000-0000
Yingcai Wu,Zhejiang University,http://www.ycwu.org,2eQFlqsAAAAJ,0000-0002-1119-3237
Yingcheng Sun,UNC - Greensboro,https://yingchengsun.github.io/academic,VCxrWbsAAAAJ,0000-0000-0000-0000
Yingfei Xiong 0001,Peking University,http://sei.pku.edu.cn/~xiongyf04,kiG3fBsAAAAJ,0000-0001-8991-747X
Yinghuan Shi,Nanjing University,http://cs.nju.edu.cn/shiyh,m6BKDUMAAAAJ,0000-0000-0000-0000
Yinghui Wu 0001,Case Western Reserve University,https://yinghwu.github.io,9u7wNjUAAAAJ,0000-0003-3991-5155
Yingjie Lao,Tufts University,https://engineering.tufts.edu/cs/people/faculty/yingjie-lao,2xGfsD8AAAAJ,0000-0002-9413-2455
Yingjie Xia,Zhejiang University,http://mypage.zju.edu.cn/xiayingjie,lWN9EjkAAAAJ,0000-0000-0000-0000
Yingjie Zhou,Sichuan University,https://cs.scu.edu.cn/info/1286/15957.htm,_cjTRjsAAAAJ,0000-0000-0000-0000
Yingjiu Li,University of Oregon,https://cs.uoregon.edu/profile/yingjiul,Z4ReDEMAAAAJ,0000-0000-0000-0000
Yinglun Zhu,Univ. of California - Riverside,https://yinglunz.com,9cboKEYAAAAJ,0000-0000-0000-0000
Yingmin Tang,Peking University,http://www.icst.pku.edu.cn/cscl?page_id=22,NOSCHOLARPAGE,0000-0000-0000-0000
Yingquan Zhao,Tianjin University,https://yingquanzhao.github.io/Home.html,zJqPVyYAAAAJ,0000-0003-2998-1052
Yingshu Li 0001,Georgia State University,https://grid.cs.gsu.edu/yli,sgiysmUAAAAJ,0000-0002-1906-7112
Yingwei Luo,Peking University,http://gis.pku.edu.cn/lab/people/lyw.htm,NOSCHOLARPAGE,0000-0002-7903-0717
Yingxia Shao,BUPT,https://shaoyx.github.io,h6gVF8YAAAAJ,0000-0002-8559-2628
Yingxue Zhang 0002,Binghamton University,https://www.binghamton.edu/computer-science/people/profile.html?id=yzhang42,8rVes9sAAAAJ,0000-0002-0947-1875
Yingyan (Celine) Lin,Georgia Institute of Technology,https://eiclab.scs.gatech.edu,dio8IesAAAAJ,0000-0001-5946-203X
Yingying Wang 0004,McMaster University,https://www.eng.mcmaster.ca/cas/faculty/dr-yingying-wang,unmhsbEAAAAJ,0000-0000-0000-0000
Yingying Zhu 0001,Shenzhen University,https://ieeexplore.ieee.org/author/37089262588,X_aB1kAAAAAJ,0000-0002-3475-6186
Yingying Zhu 0004,University of Texas at Arlington,https://zyy123jy.github.io/My-Web-Sites,PMjtni8AAAAJ,0000-0000-0000-0000
Yingyu Liang,University of Hong Kong,https://yingyuliang.github.io,_RVvnS4AAAAJ,0000-0000-0000-0000
Yingzhen Li,Imperial College London,http://yingzhenli.net/home/en/?page_id=345,gcfs8N8AAAAJ,0000-0000-0000-0000
Yingzhen Yang,Arizona State University,https://search.asu.edu/profile/3520440,36vh2hgAAAAJ,0000-0000-0000-0000
Yinjun Wu,Peking University,https://wuyinjun-1993.github.io,m3iZm6kAAAAJ,0000-0000-0000-0000
Yinlong Liu,City University of Macau,https://fds.cityu.edu.mo/en/members/411,qspzHRgAAAAJ,0000-0002-6468-8233
Yinlong Xu,USTC,http://en.nhpcc.ustc.edu.cn/Peoples_9/201107/t20110701_115017.html,NOSCHOLARPAGE,0000-0001-9586-0561
Yinpeng Dong,Tsinghua University,https://dongyp13.github.io,6_4ad84AAAAJ,0000-0000-0000-0000
Yinqian Zhang,SUSTech,http://yinqian.org,C7htwEIAAAAJ,0000-0002-7585-1075
Yinqiang Zheng,University of Tokyo,https://www.ai.u-tokyo.ac.jp/ja/members/yqzheng,JD-5DKcAAAAJ,0000-0001-7434-5069
Yinsheng Li,Fudan University,http://www.cs.fudan.edu.cn/?page_id=1869###,NOSCHOLARPAGE,0000-0000-0000-0000
Yintong Huo,Singapore Management University,https://yintonghuo.github.io,NP1JgCAAAAAJ,0009-0006-8798-5667
Yinxi Liu,Rochester Inst. of Technology,https://yinxi.site,GLEONSkAAAAJ,0000-0002-8054-474X
Yinxing Xue,USTC,http://dsxt.ustc.edu.cn/zj_js.asp?zzid=6495,-niwrOIAAAAJ,0000-0002-2979-7151
Yinzhi Cao,Johns Hopkins University,https://www.cs.jhu.edu/~yzcao,0jBP_aEAAAAJ,0000-0002-9618-4830
Yiorgos Tsiatouhas,University of Ioannina,https://cs.uoi.gr/~tsiatouhas,gHsE8pYAAAAJ,0009-0006-3922-7351
Yipeng Huang 0001,Rutgers University,https://yipenghuang.com,7uWRWXwAAAAJ,0000-0003-3171-6901
Yipeng Qin,Cardiff University,https://www.cardiff.ac.uk/people/view/1508897-qin-yipeng,ojgWPpgAAAAJ,0000-0002-1551-9126
Yipeng Zhou,Macquarie University,https://sites.google.com/site/yipenghomepage,uv95RgUAAAAJ,0000-0003-1533-0865
Yiping Ke,Nanyang Technological University,https://dr.ntu.edu.sg/cris/rp/rp00908,30Fp0YYAAAAJ,0000-0001-9473-3202
Yiqiang Chen 0001,Chinese Academy of Sciences,http://rcpc.ict.ac.cn/YiqiangChen,LC3SwhEAAAAJ,0000-0002-8407-0780
Yiqiao Zhong,University of Wisconsin - Madison,https://pages.stat.wisc.edu/~zhong35,in8fQ10AAAAJ,0000-0000-0000-0000
Yiqiu Dong,DTU,https://www.compute.dtu.dk/english,NOSCHOLARPAGE,0000-0000-0000-0000
Yiqun Chen,Johns Hopkins University,https://yiqunchen.github.io,wXvfG6wAAAAJ,0000-0000-0000-0000
Yiqun Liu 0001,Tsinghua University,http://www.thuir.cn/group/~yqliu,NOSCHOLARPAGE,0000-0002-0140-4512
Yiqun Wang 0001,Chongqing University,https://sites.google.com/view/yiqun-wang/home,g55eWKgAAAAJ,0000-0003-1942-5597
Yiran Chen 0001,Duke University,https://ece.duke.edu/faculty/yiran-chen,3G-nnjMAAAAJ,0000-0002-1486-8412
Yisen Wang 0001,Peking University,https://sites.google.com/site/csyisenwang,uMWPDboAAAAJ,0000-0000-0000-0000
Yishay Mansour,Tel Aviv University,http://www.tau.ac.il/~mansour,OEJUgwkAAAAJ,0000-0001-6891-2645
Yisong Chen,Peking University,http://eecs.pku.edu.cn/EN/People/Faculty/Detail/?ID=6080,NOSCHOLARPAGE,0000-0002-3406-7751
Yisong Yue,California Inst. of Technology,http://www.yisongyue.com,tEk4qo8AAAAJ,0000-0000-0000-0000
Yisu Remy Wang,Univ. of California - Los Angeles,https://remy.wang,leLJqREAAAAJ,0000-0002-6887-9395
Yitao Liang,Peking University,https://zero-lab-pku.github.io/personwise/liangyitao,KVzR1XEAAAAJ,0000-0000-0000-0000
Yiting Xia [INF],Max Planck Society,https://sites.google.com/view/yitingxia,Bv6mG6EAAAAJ,0000-0000-0000-0000
Yitong Wang,Fudan University,http://dataology.fudan.edu.cn/85/89/c4601a34185/page.htm,NOSCHOLARPAGE,0009-0006-1373-4427
Yitong Yin,Nanjing University,http://tcs.nju.edu.cn/yinyt/Yitong_Yin_homepage.html,IV49eb4AAAAJ,0000-0001-9204-7794
Yitzhak (Tsahi) Birk,Technion,http://birk.eew.technion.ac.il,NOSCHOLARPAGE,0000-0000-0000-0000
Yitzhak Birk,Technion,http://birk.eew.technion.ac.il,NOSCHOLARPAGE,0000-0001-7754-1970
Yiu-Kai Dennis Ng,Brigham Young University,https://faculty.cs.byu.edu/~ng/ng.html,HhIElBEAAAAJ,0000-0000-0000-0000
Yiu-Kai Ng,Brigham Young University,https://faculty.cs.byu.edu/~ng/ng.html,HhIElBEAAAAJ,0000-0000-0000-0000
Yiu-Ming Cheung,Hong Kong Baptist University,http://www.comp.hkbu.edu.hk/~ymc,VM7FCvUAAAAJ,0000-0001-7629-4648
Yiu-Wing Leung,Hong Kong Baptist University,http://www.comp.hkbu.edu.hk/~ywleung,NOSCHOLARPAGE,0000-0000-0000-0000
Yiu-ming Cheung,Hong Kong Baptist University,http://www.comp.hkbu.edu.hk/~ymc,VM7FCvUAAAAJ,0000-0001-7629-4648
Yiwei Lyu 0002,Texas A&M University,https://engineering.tamu.edu/cse/profiles/lyu-yiwei.html,jGNvKs8AAAAJ,0000-0000-0000-0000
Yiwei Wang 0001,Univ. of California - Merced,https://engineering.ucmerced.edu/content/yiwei-wang,Sh9QvBkAAAAJ,0000-0001-5921-2575
Yiwen Hu 0002,Univ. of Maryland - Baltimore County,https://yiwenhu556.github.io,VBSpve4AAAAJ,0000-0002-8790-5579
Yixian Yang,BUPT,https://scss.bupt.edu.cn/info/1063/1153.htm,NOSCHOLARPAGE,0000-0000-0000-0000
Yixiang Fang,CUHK (SZ),https://sds.cuhk.edu.cn/en/teacher/431,tArifqQAAAAJ,0000-0002-5047-8593
Yixin Cao 0001,The Hong Kong Polytechnic Univ.,http://www4.comp.polyu.edu.hk/~csycao,vnVm31kAAAAJ,0000-0000-0000-0000
Yixin Cao 0002,Singapore Management University,https://scis.smu.edu.sg/faculty/profile/6241/yixin-cao,CnhTvdoAAAAJ,0000-0001-7157-6961
Yixin Chen 0001,Washington University in St. Louis,https://engineering.washu.edu/faculty/Yixin-Chen.html,NByrsK0AAAAJ,0000-0002-3704-4432
Yixin Sun,University of Virginia,https://www.cs.princeton.edu/~yixins,ov72AA4AAAAJ,0000-0001-6650-4373
Yixin Tao,SUFE,http://simecv.sufe.edu.cn/page.aspx?id=74,YQQ_K8YAAAAJ,0000-0002-0573-1369
Yixin Zhu 0001,Peking University,https://yzhu.io,qG9l6JEAAAAJ,0000-0001-7024-1545
Yixin Zou [SP],Max Planck Society,https://yixinzou.github.io,3sEYZIEAAAAJ,0000-0000-0000-0000
Yixiong Liang,Central South University,https://faculty.csu.edu.cn/yxliang/zh_CN/index/28438/list/index.htm,-7M32PIAAAAJ,0000-0003-0407-5838
Yixu Song,Tsinghua University,http://www.cs.tsinghua.edu.cn/publish/csen/4623/2010/20101225165331425678035/20101225165331425678035_.html,NOSCHOLARPAGE,0000-0000-0000-0000
Yixuan He,Arizona State University,https://sherylhyx.github.io,SWme_nYAAAAJ,0000-0002-5990-0658
Yixuan Janice Zhang,College of William and Mary,http://zjanice.github.io,NJJJ45AAAAAJ,0000-0000-0000-0000
Yixuan Li 0001,University of Wisconsin - Madison,https://pages.cs.wisc.edu/~sharonli,QSTd1oUAAAAJ,0000-0003-3479-4323
Yixuan Zhang 0001,College of William and Mary,http://zjanice.github.io,NJJJ45AAAAAJ,0000-0002-7412-4669
Yiyi Zhou,Xiamen University,https://informatics.xmu.edu.cn/info/1019/21489.htm,w3_2ep0AAAAJ,0000-0000-0000-0000
Yiying Tong,Michigan State University,http://www.cse.msu.edu/~ytong,2Dz330cAAAAJ,0000-0002-7929-4333
Yiying Zhang 0005,Univ. of California - San Diego,https://cseweb.ucsd.edu/~yiying,5AWXENIAAAAJ,0000-0002-6563-9484
Yiyu Chen 0001,TU Delft,https://www.lydiaychen.com,xXu_fMcAAAAJ,0000-0000-0000-0000
Yiyu Shi 0001,University of Notre Dame,https://engineering.nd.edu/faculty/yiyu-shi,LrjbEkIAAAAJ,0000-0002-6788-9823
Yiyu Yao,University of Regina,http://www.cs.uregina.ca/People/Profiles/YiyuYao.html,_aL0fcQAAAAJ,0000-0000-0000-0000
Yizhai Zhang,NWPU,https://teacher.nwpu.edu.cn/en/zhangyizhai.html,NOSCHOLARPAGE,0000-0000-0000-0000
Yizhen Lao,Hunan University,https://yizhenlao.github.io,OhPsgH0AAAAJ,0000-0002-6284-1724
Yizheng Chen 0001,Univ. of Maryland - College Park,https://surrealyz.github.io,dxz-lQYAAAAJ,0000-0000-0000-0000
Yizheng Zhao,Nanjing University,https://ai.nju.edu.cn/zhaoyizheng,M3KkzOcAAAAJ,0009-0004-7762-8573
Yizhong Liu,Beihang University,https://cst.buaa.edu.cn/info/1112/4273.htm,8PXwE_MAAAAJ,0000-0002-6129-3260
Yizhong Wang,University of Texas at Austin,https://yizhong-wang.com,y5zpqdAAAAAJ,0000-0003-0964-3849
Yizhou Sun,Univ. of California - Los Angeles,http://web.cs.ucla.edu/~yzsun,TQgOjK0AAAAJ,0000-0003-1812-6843
Yizhou Wang 0001,Peking University,https://cfcs.pku.edu.cn/wangyizhou,NOSCHOLARPAGE,0000-0001-9888-6409
Yizhou Yu,University of Hong Kong,https://i.cs.hku.hk/~yzyu,e38fTZQAAAAJ,0000-0002-0470-5548
Yizhou Zhang 0001,University of Waterloo,https://cs.uwaterloo.ca/~yizhou,8n7ZcbwAAAAJ,0000-0002-8206-4694
Yizong Cheng,University of Cincinnati,https://researchdirectory.uc.edu/p/chengy,NOSCHOLARPAGE,0000-0000-0000-0000
Yllka Velaj,University of Vienna,cs.univie.ac.at/yllka.velaj,l_9eGgEAAAAJ,0000-0002-5734-271X
Ymir Vigfusson,Emory University,https://ymsir.com,y2YkcWkAAAAJ,0000-0000-0000-0000
Yngve Dahl,NTNU,https://www.ntnu.edu/employees/yngveda,mlyhLO0AAAAJ,0000-0002-5524-4278
Yo-Sub Han,Yonsei University,http://toc.yonsei.ac.kr/~emmous,yDOh26sAAAAJ,0000-0000-0000-0000
Yoav Artzi [Tech],Cornell University,http://yoavartzi.com,XuQW7ogAAAAJ,0000-0000-0000-0000
Yoav Etsion,Technion,https://yoav.net.technion.ac.il,NxHFDlAAAAAJ,0009-0000-5543-7136
Yoav Freund,Univ. of California - San Diego,https://cseweb.ucsd.edu/~yfreund,NFdG-GMAAAAJ,0000-0000-0000-0000
Yoav Goldberg,Bar-Ilan University,https://www.cs.bgu.ac.il/~yoavg/uni,0rskDKgAAAAJ,0000-0002-6497-829X
Yoav Levine,Tel Aviv University,https://en-exact-sciences.tau.ac.il/profile/levine.yoav_64,rVQo4JIAAAAJ,0000-0000-0000-0000
Yoav Y. Schechner,Technion,http://webee.technion.ac.il/people/yoav,IOkk2uAAAAAJ,0000-0002-4022-7037
Yodsawalai Chodpathumwan,KMUTNB,https://tggs.kmutnb.ac.th/?page_id=2947,4K13tqIAAAAJ,0000-0000-0000-0000
Yogatheesan Varatharajah,University of Minnesota,https://sites.google.com/view/yoga-personal/home,XwL4dBgAAAAJ,0000-0000-0000-0000
Yogendra Meena,University of Delhi,https://cs.du.ac.in/faculty,7QbZ0sMAAAAJ,0000-0000-0000-0000
Yogesh Kumar Meena,IIT Gandhinagar,https://iitgn.ac.in/faculty/cse/yogesh,5xxepFkAAAAJ,0000-0000-0000-0000
Yogesh L. Simmhan,IISc Bangalore,https://cds.iisc.ac.in/faculty/simmhan,HIOx9E0AAAAJ,0000-0003-4140-7774
Yogesh S. Rawat,University of Central Florida,https://www.crcv.ucf.edu/person/rawat,D_JvEcwAAAAJ,0000-0000-0000-0000
Yogesh Simmhan,IISc Bangalore,https://cds.iisc.ac.in/faculty/simmhan,HIOx9E0AAAAJ,0000-0003-4140-7774
Yogesh Singh Rawat,University of Central Florida,https://www.crcv.ucf.edu/person/rawat,D_JvEcwAAAAJ,0000-0000-0000-0000
Yohan Jo,Seoul National University,https://yohanjo.github.io/lab.html,xp3LGRQAAAAJ,0000-0000-0000-0000
Yohei Seki,University of Tsukuba,https://trios.tsukuba.ac.jp/researcher/0000002520,f65jursAAAAJ,0000-0000-0000-0000
Yoichi Ochiai,University of Tsukuba,https://digitalnature.slis.tsukuba.ac.jp/2018/09/yoichi-ochiai,obhH0jkAAAAJ,0000-0002-4690-5724
Yoichi Sato,University of Tokyo,http://www.hci.iis.u-tokyo.ac.jp/~ysato,VEUW-qIAAAAJ,0000-0000-0000-0000
Yoko Yamaguchi,University of Tokyo,http://www.dei.brain.riken.jp/?page_id=143&lang=en,gcd_PJwAAAAJ,0000-0000-0000-0000
Yolanda A. Rankin,Emory University,https://computerscience.emory.edu/people/index.html,RxcQjoYAAAAJ,0000-0002-3201-4613
Yolanda Becerra 0001,Polytechnic Univ. of Catalonia,http://people.ac.upc.edu/yolandab,pbjpZnBQp8oC,0000-0000-0000-0000
Yolanda Becerra Fontal,Polytechnic Univ. of Catalonia,http://people.ac.upc.edu/yolandab,pbjpZnBQp8oC,0000-0000-0000-0000
Yolande A. A. Strengers,Monash University,https://research.monash.edu/en/persons/yolande-strengers,TOHQTvIAAAAJ,0000-0002-5664-621X
Yolande Berbers,KU Leuven,https://distrinet.cs.kuleuven.be/people/yolande,cjTQU8oAAAAJ,0000-0000-0000-0000
Yonatan Aumann,Bar-Ilan University,http://cs.biu.ac.il/en/node/636,0BI-noIAAAAJ,0000-0000-0000-0000
Yonatan Belinkov,Technion,http://www.cs.technion.ac.il/~belinkov,K-6ujU4AAAAJ,0000-0002-6280-5045
Yonatan Bisk,Carnegie Mellon University,https://yonatanbisk.com,bWoGh8UAAAAJ,0000-0000-0000-0000
Yonathan Efroni,Tel Aviv University,https://en-exact-sciences.tau.ac.il/profile/jonat8,pfTInEgAAAAJ,0000-0000-0000-0000
Yong Chen 0001,Texas Tech University,http://www.myweb.ttu.edu/yonchen,PHVKUhEAAAAJ,0000-0002-9961-9051
Yong Chiang Tay,National University of Singapore,http://www.math.nus.edu.sg/~mattyc,qAalyGsAAAAJ,0000-0000-0000-0000
Yong Cui 0001,Tsinghua University,http://www.tsinghua.edu.cn/publish/csen/4623/2010/20101223231342918741150/20101223231342918741150_.html,5isoO_QAAAAJ,0000-0002-5171-739X
Yong Deng,UESTC,http://en.uestc.edu.cn/index.php?m=content&c=index&a=show&catid=79&id=5320,8voeILsAAAAJ,0000-0000-0000-0000
Yong Jae Lee,University of Wisconsin - Madison,https://pages.cs.wisc.edu/~yongjaelee,4GTpCxcAAAAJ,0000-0001-9863-1270
Yong Jeong Yi,Sungkyunkwan University,https://sco.skku.edu/sco/professor/professor.do?mode=view&perId=LZStrE4KQtg6gNgKmBuBLEB3A7ANgIYAUByGA1ACwBGYA5gLxVA%20&,CAC4mjcAAAAJ,0000-0000-0000-0000
Yong Li 0008,Tsinghua University,http://fi.ee.tsinghua.edu.cn/~liyong,kmgzPeQAAAAJ,0000-0003-0811-462X
Yong Liao,UESTC,https://www.is.uestc.edu.cn/teachers.do?id=1069,NOSCHOLARPAGE,0000-0000-0000-0000
Yong Liu 0002,BUPT,https://teacher.bupt.edu.cn/yongliu/zh_CN/index.htm,9Z4RbA8AAAAJ,0000-0000-0000-0000
Yong Liu 0007,Zhejiang University,https://person.zju.edu.cn/en/yongliu#924823,qYcgBbEAAAAJ,0009-0000-8133-5686
Yong Liu 0018,Renmin University of China,https://iie-liuyong.github.io,vVhmzbAAAAAJ,0000-0002-6739-621X
Yong Luo 0002,Wuhan University,https://cs.whu.edu.cn/info/1019/2856.htm,zb1oVGIAAAAJ,0000-0002-2296-6370
Yong Man Ro,KAIST,http://ivylab.kaist.ac.kr/base/people/people1.php,IPzfF7cAAAAJ,0000-0001-5306-6853
Yong Meng Teo,National University of Singapore,http://www.comp.nus.edu.sg/~teoym,NOSCHOLARPAGE,0000-0002-3391-2941
Yong Qi,Xi'an Jiaotong University,http://gr.xjtu.edu.cn/web/qiy,LgZ0DxkAAAAJ,0000-0002-7682-5653
Yong Suk Choi,Hanyang University,http://ai.hanyang.ac.kr/member,NOSCHOLARPAGE,0000-0000-0000-0000
Yong Tang,UESTC,https://www.scse.uestc.edu.cn/info/1081/11281.htm,NOSCHOLARPAGE,0000-0000-0000-0000
Yong Wang 0021,Nanyang Technological University,https://dr.ntu.edu.sg/entities/person/Wang-Yong,ux1ii1gAAAAJ,0000-0002-0092-0793
Yong Wang 0028,UESTC,https://www.en.scse.uestc.edu.cn/info/1085/1927.htm,NOSCHOLARPAGE,0000-0000-0000-0000
Yong Xia 0001,NWPU,https://teacher.nwpu.edu.cn/en/yongxia.html,Usw1jeMAAAAJ,0000-0000-0000-0000
Yong Xiang 0002,Tsinghua University,http://www.cs.tsinghua.edu.cn/publish/csen/4623/2010/20101224195501579371325/20101224195501579371325_.html,YySlI2oAAAAJ,0000-0000-0000-0000
Yong Xu 0001,Harbin Institute of Technology,http://faculty.hitsz.edu.cn/xuyong,zOVgYQYAAAAJ,0000-0003-0530-2123
Yong Yu 0001,Shanghai Jiao Tong University,https://apex.sjtu.edu.cn/members/yyu,-84M1m0AAAAJ,0000-0003-0281-8271
Yong Zhang,UNC - Charlotte,https://ece.charlotte.edu/directory/dr-yong-zhang-phd,p7-nPv8AAAAJ,0000-0000-0000-0000
Yong Zhao 0009,UESTC,https://www.en.scse.uestc.edu.cn/info/1085/1897.htm,3mixb94AAAAJ,0000-0000-0000-0000
Yong Zhou 0006,ShanghaiTech University,https://faculty.sist.shanghaitech.edu.cn/faculty/zhouyong/Index.html,8bpAwKcAAAAJ,0000-0000-0000-0000
Yong-Jin Liu 0001,Tsinghua University,http://media.cs.tsinghua.edu.cn/en/liuyj,GNDtwWQAAAAJ,0000-0001-5774-1916
Yong-Jun Xu 0001,Chinese Academy of Sciences,http://english.ict.cas.cn/people/scien/bln/202303/t20230320_328532.html,l34KxTYAAAAJ,0000-0000-0000-0000
Yong-Lae Park,Seoul National University,https://softrobotics.snu.ac.kr,kBsTE7AAAAAJ,0000-0000-0000-0000
Yong-Liang Yang 0002,University of Bath,http://www.yongliangyang.net,v2etATwAAAAJ,0000-0002-8071-5756
Yong-Lu Li 0001,Shanghai Jiao Tong University,https://dirtyharrylyl.github.io,UExAaVgAAAAJ,0000-0003-0478-0692
Yong-Sheng Chen,National Chiao Tung University,http://www.cs.nctu.edu.tw/~yschen,kUCM_aEAAAAJ,0000-0000-0000-0000
Yong-Yeol Ahn,Indiana University,http://yongyeol.com,US7OSNgAAAAJ,0000-0002-4352-4301
Yong-chuan Tang,Zhejiang University,http://mypage.zju.edu.cn/yongchuan,NOSCHOLARPAGE,0000-0000-0000-0000
YongJun Xu 0001,Chinese Academy of Sciences,http://english.ict.cas.cn/people/scien/bln/202303/t20230320_328532.html,l34KxTYAAAAJ,0000-0000-0000-0000
Yongbing Zhang 0002,Harbin Institute of Technology,http://faculty.hitsz.edu.cn/zhangyongbing,0KlvTEYAAAAJ,0000-0000-0000-0000
Yongcai Wang,Renmin University of China,https://yongcaiwang.github.io/about,ZOHWbl8AAAAJ,0000-0002-4197-2258
Yongchao Xu,Wuhan University,https://cs.whu.edu.cn/info/1019/2496.htm,ArIg7-0AAAAJ,0009-0006-1878-604X
Yongchuan Tang,Zhejiang University,http://mypage.zju.edu.cn/yongchuan,NOSCHOLARPAGE,0000-0000-0000-0000
Yongdae Kim,KAIST,https://syssec.kaist.ac.kr/~yongdaek,hLVtE9cAAAAJ,0000-0003-4879-1262
Yongdai Kim,Seoul National University,https://idea.snu.ac.kr/yongdai-kim,-HdSc74AAAAJ,0000-0000-0000-0000
Yongdong Zhang 0001,USTC,https://scispace.com/authors/yongdong-zhang-3upzvrwhzk,hxGs4ukAAAAJ,0000-0002-1151-1792
Yongfei Zhang,Beihang University,http://scse.buaa.edu.cn/info/1038/3014.htm,5nKXtoUAAAAJ,0000-0002-5080-1733
Yongfeng Zhang 0003,Rutgers University,http://yongfeng.me,A66WefUAAAAJ,0000-0003-2633-8555
Yongfu Li 0002,Shanghai Jiao Tong University,https://bicasl-en.sjtu.edu.cn/info/1019/1058.htm,NOSCHOLARPAGE,0000-0002-6322-8614
Yonggang Wen 0001,Nanyang Technological University,https://www3.ntu.edu.sg/home/ygwen,byeygOkAAAAJ,0000-0002-2751-5114
Yongge Wang 0001,UNC - Charlotte,https://cci.charlotte.edu/people/yongge-wang,GZtrefYAAAAJ,0000-0002-1403-2922
Yongguo Liu,UESTC,https://www.is.uestc.edu.cn/teachers.do?id=1038,NOSCHOLARPAGE,0000-0000-0000-0000
Yonghao Gu,BUPT,https://gyh-bupt.github.io,NOSCHOLARPAGE,0000-0000-0000-0000
Yonghe Liu,University of Texas at Arlington,https://www.uta.edu/profiles/yonghe-liu,NOSCHOLARPAGE,0000-0000-0000-0000
Yonghong Tian 0001,Peking University,https://cs.pku.edu.cn/info/1227/2017.htm,fn6hJx0AAAAJ,0000-0002-2978-5935
Yonghong Yan 0001,UNC - Charlotte,https://passlab.github.io/yanyh,5gWChxIAAAAJ,0000-0000-0000-0000
Yonghwi Kwon 0001,Univ. of Maryland - College Park,https://yonghwi-kwon.github.io,YK3KT3kAAAAJ,0000-0002-0021-2850
Yongjian Fu 0001,Cleveland State University,https://academic.csuohio.edu/fuy,NOSCHOLARPAGE,0000-0000-0000-0000
Yongjian Liao,UESTC,https://www.is.uestc.edu.cn/teachers.do?id=9730,NOSCHOLARPAGE,0000-0000-0000-0000
Yongjie Zheng,Univ. of Missouri - Kansas City,https://sce.umkc.edu/about/directory/name/yongjie-zheng-ph-d,ckWCzGQAAAAJ,0000-0000-0000-0000
Yongjin Liu 0001,Tsinghua University,http://media.cs.tsinghua.edu.cn/en/liuyj,GNDtwWQAAAAJ,0000-0000-0000-0000
Yongjoo Park,Univ. of Illinois at Urbana-Champaign,https://yongjoopark.com,Pd7IdigAAAAJ,0000-0003-3786-6214
Yongju Lee,Kyungpook National University,http://dbms.knu.ac.kr,Eo7HrZEAAAAJ,0000-0000-0000-0000
Yongjun Liao,Ecole Normale Superieure de Lyon,http://www.ens-lyon.fr/annuaire/mme-yongjun-liao--269058.kjsp?RH=ENS-LYON-FR-ANNUAIRE,NOSCHOLARPAGE,0000-0000-0000-0000
Yongjun Park 0001,Yonsei University,https://sites.google.com/view/asolabysu/home/professor?authuser=0,5aYuqTkAAAAJ,0000-0003-3725-0380
Yongjun Xu 0001,Chinese Academy of Sciences,http://english.ict.cas.cn/people/scien/bln/202303/t20230320_328532.html,l34KxTYAAAAJ,0000-0001-6647-0986
Yongjune Kim 0001,POSTECH,https://iil.postech.ac.kr,WPKrXEoAAAAJ,0000-0003-0120-3750
Yongkai Huo,Shenzhen University,http://futuremedia.szu.edu.cn/peopleYongkaiHuo.html,JPB4uaIAAAAJ,0000-0000-0000-0000
Yongkun Li 0001,USTC,http://staff.ustc.edu.cn/~ykli,7TK6AVcAAAAJ,0000-0002-3743-8511
Yongle Zhang,Purdue University,https://www.cs.purdue.edu/homes/yonglezh,bqROsSsAAAAJ,0000-0000-0000-0000
Yongli Ren,RMIT University,https://www.rmit.edu.au/contact/staff-contacts/academic-staff/r/ren-dr-yongli,ZZl7bW8AAAAJ,0000-0002-3137-9653
Yongliang Yang 0002,University of Bath,http://www.yongliangyang.net,v2etATwAAAAJ,0000-0002-8071-5756
Yongluan Zhou,University of Copenhagen,http://diku.dk/english/staff/?pure=en/persons/590429,Tqh1RIkAAAAJ,0000-0002-7578-8117
Yongmei Liu 0001,Sun Yat-sen University,https://ymliu-sysu.github.io,jE9F9JoAAAAJ,0000-0000-0000-0000
Yongmin Li 0001,Brunel University London,http://people.brunel.ac.uk/~csstyyl,R5dedx0AAAAJ,0000-0003-1668-2440
Yongmin Zhang,Central South University,https://faculty.csu.edu.cn/ymzhang/zh_CN/index.htm,nC72zmwAAAAJ,0000-0003-4484-3483
Yongpan Zou,Shenzhen University,https://yongpanzou.github.io,RO4w5pAAAAAJ,0000-0000-0000-0000
Yongqiang Tian 0001,Monash University,https://yqtian.com,51iYgNAAAAAJ,0000-0003-1644-2965
Yongqiang zhao,NWPU,https://teacher.nwpu.edu.cn/m/en/2001000069.html,FsJyR8QAAAAJ,0000-0000-0000-0000
Yongshan Ding 0001,Yale University,https://seas.yale.edu/faculty-research/faculty-directory/yongshan-ding,pIFh3c0AAAAJ,0000-0002-2338-1315
Yongsheng Bai,Indiana State University,http://isu.indstate.edu/ybai2,NOSCHOLARPAGE,0000-0000-0000-0000
Yongsheng Gao 0001,Griffith University,https://experts.griffith.edu.au/19112-yongsheng-gao,IqazXu4AAAAJ,0000-0002-5382-5351
Yongsu Park,Hanyang University,http://securitylab.hanyang.ac.kr/wiki/index.php/PROFESSOR,NOSCHOLARPAGE,0000-0000-0000-0000
Yongtae Kim,Kyungpook National University,https://scholar.google.com/citations?user=Nhfl_i8AAAAJ,Nhfl_i8AAAAJ,0000-0000-0000-0000
Yongtao Wang,Peking University,http://www.icst.pku.edu.cn/cpdp/index.php/research-team/11-wangyongtao,Zna90HQAAAAJ,0000-0000-0000-0000
Yongwang Zhao,Zhejiang University,https://person.zju.edu.cn/zhaoyw,NOSCHOLARPAGE,0000-0002-2284-1383
Yongwei Wu 0001,Tsinghua University,http://madsys.cs.tsinghua.edu.cn/~yongweiwu,ld3axtkAAAAJ,0000-0002-6651-7032
Yongxin Tong,Beihang University,http://sites.nlsde.buaa.edu.cn/~yxtong,aeCHfDIAAAAJ,0000-0002-5598-0312
Yongxin Yang,Queen Mary University of London,https://yang.ac,F7PtrL8AAAAJ,0000-0000-0000-0000
Yongyi Mao,University of Ottawa,http://www.site.uottawa.ca/~yymao,jM5l70wAAAAJ,0000-0001-5298-5778
Yongyong Chen,Harbin Institute of Technology,http://faculty.hitsz.edu.cn/chenyongyong,ny2mn-cAAAAJ,0000-0003-1970-1993
Yongzhen Huang,Chinese Academy of Sciences,http://www.cripac.ia.ac.cn/irds/People/yzhuang.html,OH7-k7oAAAAJ,0000-0003-4389-9805
Yongzhi Cao,Peking University,http://eecs.pku.edu.cn/EN/People/Faculty/Detail/?ID=6066,VEhLdikAAAAJ,0000-0001-9517-7332
Yoni Zohar,Bar-Ilan University,https://u.cs.biu.ac.il/~zoharyo1,WMHRQ-8AAAAJ,0000-0002-2972-6695
Yonina C. Eldar,Weizmann Institute of Science,https://www.weizmann.ac.il/pages/search/people?language=english&single=1&person_id=67601,vyX6kpwAAAAJ,0000-0000-0000-0000
YooJung Choi 0001,Arizona State University,https://yoojungchoi.github.io,VCtamFwAAAAJ,0009-0009-8102-4170
Yoohwan Kim,University of Nevada Las Vegas,http://www.egr.unlv.edu/~yoohwan,AnCg3JwAAAAJ,0000-0000-0000-0000
Yoon Chae,University of Texas at Arlington,https://www.uta.edu/academics/faculty/profile?user=yoon.chae,9YY6CokAAAAJ,0009-0000-7140-1889
Yoon Kim,Massachusetts Inst. of Technology,https://people.csail.mit.edu/yoonkim,n_ts4eYAAAAJ,0009-0003-8583-6324
Yoon-Joon Lee,KAIST,http://dbserver.kaist.ac.kr/~yjlee,SyDaXFAAAAAJ,0000-0000-0000-0000
Yoonsang Lee 0001,Hanyang University,https://sites.google.com/view/cgrlab/people,s_lHZHsAAAAJ,0000-0002-0579-5987
Yoonsik Cheon,University of Texas - El Paso,http://www.cs.utep.edu/cheon,NOSCHOLARPAGE,0000-0000-0000-0000
Yoonsuck Choe,Texas A&M University,http://faculty.cs.tamu.edu/choe,nFb_T4wAAAAJ,0000-0000-0000-0000
Yoram Moses,Technion,http://moses.eew.technion.ac.il,X90c-SYAAAAJ,0000-0001-5549-1781
Yoseph Barash,University of Pennsylvania,https://www.biociphers.org/yosephb,NOSCHOLARPAGE,0000-0003-3005-5048
Yoshiaki Fukazawa,Waseda University,http://fuka.info.waseda.ac.jp/~fukazawa/index.html,NOSCHOLARPAGE,0000-0003-0196-2108
Yoshiharu Kohayakawa,USP,http://www.ime.usp.br/~yk,EC6p9kIAAAAJ,0000-0001-7841-157X
Yoshihide Yoshimoto,University of Tokyo,http://www.s.u-tokyo.ac.jp/en/people/yoshimoto_yoshihide,NOSCHOLARPAGE,0000-0000-0000-0000
Yoshihiko Gotoh,University of Sheffield,https://www.sheffield.ac.uk/dcs/people/academic/yoshi-gotoh,I13A1g0AAAAJ,0000-0000-0000-0000
Yoshihiko Hasegawa,University of Tokyo,http://www.i.u-tokyo.ac.jp/edu/course/ice/members_e.shtml,NOSCHOLARPAGE,0000-0000-0000-0000
Yoshihiko Nakamura,MBZUAI,https://mbzuai.ac.ae/study/faculty/yoshihiko-nakamura,gkFd-RcAAAAJ,0000-0001-7162-5102
Yoshihiro Kanamori,University of Tsukuba,http://kanamori.cs.tsukuba.ac.jp,VBbbbrAAAAAJ,0000-0003-2843-1729
Yoshihiro Kawahara,University of Tokyo,http://kawahara.akg.t.u-tokyo.ac.jp,id0WgmwAAAAJ,0000-0002-0310-2577
Yoshihiro Kuroda,University of Tsukuba,https://www.lelab.jp/%E3%83%A1%E3%83%B3%E3%83%90%E3%83%BC/%E7%95%A5%E6%AD%B4,Q5Hmc_oAAAAJ,0000-0003-4511-8195
Yoshihiro Miyake,Tokyo Institute of Technology,http://www.myk.dis.titech.ac.jp/2007hp/index.html,NOSCHOLARPAGE,0000-0000-0000-0000
Yoshiki Higo,Osaka University,https://sdl.ist.osaka-u.ac.jp/~higo/wordpress,FtXOWgMAAAAJ,0000-0002-8278-8975
Yoshiko Wakabayashi,USP,http://www.ime.usp.br/~yw,m_ljtMkAAAAJ,0000-0000-0000-0000
Yoshimasa Nakamura,Kyoto University,http://www-is.amp.i.kyoto-u.ac.jp/ynaka/index-e.html,NOSCHOLARPAGE,0009-0001-1684-721X
Yoshimasa Tsuruoka,University of Tokyo,http://www.logos.ic.i.u-tokyo.ac.jp/~tsuruoka,J2CkFngAAAAJ,0000-0002-0707-1077
Yoshimitsu Aoki,Keio University,https://aoki-medialab.jp/aokiyoshimitsu-en,fd_IY8AAAAAJ,0000-0001-7361-0027
Yoshinari Kameda,University of Tsukuba,http://www.kameda-lab.org/index-e.html,YaVcM9cAAAAJ,0000-0000-0000-0000
Yoshinobu Sato,NAIST,http://icb-lab.naist.jp/members/yoshi/index-J.html,FxzEZcwAAAAJ,0000-0000-0000-0000
Yoshio Matsumoto,University of Tsukuba,https://staff.aist.go.jp/yoshio.matsumoto/profile/biography_e.html,dXvBoPYAAAAJ,0000-0000-0000-0000
Yoshishige Tsuchiya,University of Southampton,https://www.ecs.soton.ac.uk/people/yt1p07,uRUnvtcAAAAJ,0000-0000-0000-0000
Yoshitaka Ushiku,University of Tokyo,http://www.mi.t.u-tokyo.ac.jp/ushiku,kxUld9MAAAAJ,0000-0002-9014-1389
Yoshito Ohta,Kyoto University,http://www.bode.amp.i.kyoto-u.ac.jp/member/yoshito_ohta/research-en.html,NOSCHOLARPAGE,0000-0000-0000-0000
Yoshiyuki Kabashima,Tokyo Institute of Technology,http://www.sp.dis.titech.ac.jp/~kaba/index_e.html,NLBZuoEAAAAJ,0000-0000-0000-0000
Yoshiyuki Sankai,University of Tsukuba,https://trios.tsukuba.ac.jp/researcher/0000001020,lhQsG-MAAAAJ,0000-0000-0000-0000
Yoshua Bengio,University of Montreal,http://www.iro.umontreal.ca/~bengioy,kukA0LcAAAAJ,0000-0000-0000-0000
Yosi Ben-Asher,University of Haifa,http://cs.haifa.ac.il/~yosi,4szBC0IAAAAJ,0000-0000-0000-0000
Yossef Oren,Ben-Gurion University of the Negev,https://iss.oy.ne.ro,_V9NAX8AAAAJ,0000-0002-0423-802X
Yossi Adi,Hebrew University of Jerusalem,https://www.cs.huji.ac.il/~adiyoss,4W-HuYYAAAAJ,0000-0000-0000-0000
Yossi Arjevani,Hebrew University of Jerusalem,https://www.cs.huji.ac.il/w~yossia,mgVLJ8MAAAAJ,0000-0000-0000-0000
Yossi Azar,Tel Aviv University,http://www.cs.tau.ac.il/~azar,ShzSUnwAAAAJ,0000-0002-5097-8993
Yossi Gil,Technion,http://www.cs.technion.ac.il/~yogi,NOSCHOLARPAGE,0000-0001-5430-7452
Yossi Gilad,Hebrew University of Jerusalem,https://www.cs.huji.ac.il/~yossigi,J2P_wDYAAAAJ,0000-0003-3475-8322
Yossi Matias,Tel Aviv University,http://www.math.tau.ac.il/~matias,IwSe1-MAAAAJ,0000-0003-3960-6002
Yossi Oren,Ben-Gurion University of the Negev,https://iss.oy.ne.ro,_V9NAX8AAAAJ,0000-0002-0423-802X
Yotam I. Gingold,George Mason University,http://cs.gmu.edu/~ygingold,lFh34ncAAAAJ,0000-0002-5381-2104
You Chen 0001,Vanderbilt University,https://www.vumc.org/dbmi/person/you-chen-phd-famia,c-pOkPEAAAAJ,0000-0000-0000-0000
Youcef Saad,University of Minnesota,http://www-users.cs.umn.edu/~saad,90qiDCwAAAAJ,0000-0000-0000-0000
Youcheng Sun,MBZUAI,https://mbzuai.ac.ae/study/faculty/youcheng-sun,Qbb5pBUAAAAJ,0000-0002-1893-6259
Youhei Akimoto,University of Tsukuba,https://sites.google.com/site/youheiakimotospage,m7OXdsUAAAAJ,0000-0000-0000-0000
Youhuan Li,Hunan University,http://csee.hnu.edu.cn/people/liyouhuan,HY5UGSwAAAAJ,0000-0002-0650-0458
Youhui Zhang,Tsinghua University,http://www.cs.tsinghua.edu.cn/publish/csen/4623/2010/20101225001041770110054/20101225001041770110054_.html,NOSCHOLARPAGE,0000-0003-2333-3580
Youjian Zhao,Tsinghua University,http://www.tsinghua.edu.cn/publish/csen/4623/2010/20101224200728346539633/20101224200728346539633_.html,NOSCHOLARPAGE,0000-0001-9841-1796
Youjin Shin,The Catholic University of Korea,https://sites.google.com/view/yjshin,4LTh460AAAAJ,0000-0001-9046-3145
Youjip Won,KAIST,http://oslab.kaist.ac.kr/professor-youjip-won,qy7uO-UAAAAJ,0000-0000-0000-0000
Youki Kadobayashi,NAIST,https://iplab.naist.jp/members/youki,NOSCHOLARPAGE,0000-0000-0000-0000
Youlong Wu,ShanghaiTech University,https://faculty.sist.shanghaitech.edu.cn/faculty/wyl,aL1CARIAAAAJ,0000-0000-0000-0000
Youmin Chen,Shanghai Jiao Tong University,https://chenyoumin1993.github.io,mzdyg24AAAAJ,0000-0003-4171-4299
Youming Qiao,University of Technology Sydney,https://www.uts.edu.au/staff/youming.qiao,rfr7X5IAAAAJ,0000-0003-4334-1449
Youn-Long Steve Lin,National Tsing Hua University,http://www.cs.nthu.edu.tw/~ylin,jYgzZWIAAAAJ,0000-0000-0000-0000
Young Cao,Virginia Tech,http://people.cs.vt.edu/~ycao,EFD4OrIAAAAJ,0000-0000-0000-0000
Young Choon Lee,Macquarie University,http://web.science.mq.edu.au/~yclee,Kuno2i4AAAAJ,0000-0001-8560-6199
Young Geun Kim,Korea University,https://casl.korea.ac.kr,EUSG2kcAAAAJ,0000-0000-0000-0000
Young Hee Lee,KAIST,http://pbg.kaist.ac.kr,vZXxTu0AAAAJ,0000-0000-0000-0000
Young Ik Eom,Sungkyunkwan University,http://dclab.skku.ac.kr/xe,h_H0EVQAAAAJ,0000-0001-6141-8054
Young Kun-Ko,Pennsylvania State University,https://youngkunko.github.io,IKUWKs0AAAAJ,0000-0000-0000-0000
Young Min Kim 0001,Seoul National University,https://3d.snu.ac.kr/members,TjYQs-AAAAAJ,0000-0002-6735-8539
Young-Joo Suh,POSTECH,http://monet.postech.ac.kr/yjsuh,MW-4uU4AAAAJ,0000-0000-0000-0000
Young-Kyoon Suh,Kyungpook National University,https://sites.google.com/view/yksuh,MTygvIsAAAAJ,0000-0003-3124-2566
Young-Woo Kwon 0001,Kyungpook National University,http://sslab.knu.ac.kr,ld-VWe8AAAAJ,0000-0003-0625-8232
Young-joo Shin,Korea University,https://css.korea.ac.kr,Db9Vqw4AAAAJ,0000-0003-4831-7392
Young-ri Choi,UNIST,http://ychoi.unist.ac.kr,NOSCHOLARPAGE,0000-0003-4391-4470
Youngbin Im,UNIST,https://ybim.github.io,oktgJK8AAAAJ,0000-0000-0000-0000
Youngchul Sung,KAIST,https://sites.google.com/view/youngchulsung,-9D2k3UAAAAJ,0000-0000-0000-0000
Younghun Chae,Kent State University,https://www.kent.edu/cs/younghun-chae,5INt75sAAAAJ,0000-0000-0000-0000
Younghyun Kim 0001,Purdue University,https://wisest.ece.wisc.edu/staff/kim-younghyun,ac0WJaEAAAAJ,0000-0002-5287-9235
Youngjae Yu,Yonsei University,https://yj-yu.github.io/home,WDO24ZYAAAAJ,0000-0002-5867-0782
Youngjin Kwon,KAIST,https://sites.google.com/view/yjkwon/home,HvcmnF8AAAAJ,0000-0001-5602-2397
Youngjoon Hong,Seoul National University,https://www.youngjoonhong.com/publication,eNJaZ-EAAAAJ,0000-0000-0000-0000
Youngjoong Ko,Sungkyunkwan University,https://nlp.skku.edu,VQeFpwsAAAAJ,0000-0002-0241-9193
Youngjung Uh,Yonsei University,https://sites.google.com/site/youngjunguh,BWBGrEEAAAAJ,0000-0001-8173-3334
Youngki Lee 0001,Seoul National University,https://youngkilee.blogspot.com,Ltw2N1QAAAAJ,0000-0002-1319-7071
Youngmoon Lee,Hanyang University,https://sites.google.com/umich.edu/youngmoonlee/home,Dvc4avsAAAAJ,0000-0002-6393-2994
Youngsok Kim,Yonsei University,https://youngsok.github.io,ukhi3-QAAAAJ,0000-0002-1015-9969
Youngsu Cha,Korea University,https://sites.google.com/site/givemong,MuIwWhgAAAAJ,0000-0000-0000-0000
Youngwoon Lee,Yonsei University,https://youngwoon.github.io,CDPa3AgAAAAJ,0000-0000-0000-0000
Yousef Saad,University of Minnesota,http://www-users.cs.umn.edu/~saad,90qiDCwAAAAJ,0000-0002-8614-5360
Yousef Y. Al Hammadi,UAEU,https://www.uaeu.ac.ae/en/cit/profile.shtml?email=y.alhammadi@uaeu.ac.ae,y6E3rP0AAAAJ,0000-0000-0000-0000
Yousra Aafer,University of Waterloo,https://cs.uwaterloo.ca/~yaafer,sx3vhoMAAAAJ,0000-0000-0000-0000
Youssef Iraqi,Mohammed VI Polytechnic University,https://cc.um6p.ma/people/Youssef.IRAQI,0LdsuWgAAAAJ,0000-0000-0000-0000
Youssef Saab,University of Missouri,https://engineering.missouri.edu/faculty/youssef-saab,NOSCHOLARPAGE,0000-0000-0000-0000
Yousung Jung,Seoul National University,https://micc.snu.ac.kr/professor,y8D-JCAAAAAJ,0000-0000-0000-0000
Youtao Zhang,University of Pittsburgh,https://cs.pitt.edu/~zhangyt,zvbUOD8AAAAJ,0000-0001-8425-8743
Youwei Zhuo,Peking University,https://www.youwei.xyz,fkWfL3UAAAAJ,0000-0002-1557-2613
Youyi Zheng,Zhejiang University,http://www.cad.zju.edu.cn/home/zyy/index.html,7gA-o6gAAAAJ,0000-0002-9120-9592
Youyou Lu,Tsinghua University,http://storage.cs.tsinghua.edu.cn/~lu,ZWEasbEAAAAJ,0000-0002-6214-5390
Yova Kementchedjhieva,MBZUAI,https://mbzuai.ac.ae/study/faculty/yova-kementchedjhieva,Br-FqfIAAAAJ,0000-0000-0000-0000
Yu Cao 0002,University of Massachusetts Lowell,https://www.uml.edu/Sciences/computer-science/faculty/Cao-Yu.aspx,mbnBXEwAAAAJ,0000-0000-0000-0000
Yu Charlie Hu,Purdue University,https://engineering.purdue.edu/~ychu,r1Z8YhQAAAAJ,0000-0000-0000-0000
Yu Chen 0039,National University of Singapore,https://sites.google.com/view/chenyu94,vuH-jZIAAAAJ,0000-0000-0000-0000
Yu Cheng 0001,Chinese University of Hong Kong,https://ych133.github.io,ORPxbV4AAAAJ,0000-0000-0000-0000
Yu Cheng 0002,Brown University,http://cs.brown.edu/people/ycheng79,lVoOIv4AAAAJ,0000-0002-0019-2570
Yu David Liu,Binghamton University,http://www.cs.binghamton.edu/~davidl,_KCqeIEAAAAJ,0000-0002-2768-3898
Yu F. Mong,City University of Hong Kong,https://www.cs.cityu.edu.hk/profile/csymong.html,NOSCHOLARPAGE,0000-0000-0000-0000
Yu Feng 0001,Univ. of California - Santa Barbara,http://fredfeng.github.io,urQ9fNgAAAAJ,0000-0003-1000-1229
Yu Feng 0007,Shanghai Jiao Tong University,https://yufenguofr.github.io,APlmoG8AAAAJ,0000-0002-2192-5737
Yu Fu 0010,University of Central Florida,https://www.cs.ucf.edu/person/yufu,EuXCJ08AAAAJ,0000-0001-5076-6299
Yu Hong,Soochow University,http://nlp.suda.edu.cn/~hong/index.html,NOSCHOLARPAGE,0009-0004-1831-7652
Yu Hu 0001,Chinese Academy of Sciences,http://teacher.ucas.ac.cn/~huyu,VPA-MkkAAAAJ,0000-0001-8818-4075
Yu Hua 0001,HUST,https://csyhua.github.io,jjvTZT8AAAAJ,0000-0001-7730-3796
Yu Huang 0002,Nanjing University,https://cs.nju.edu.cn/yuhuang,UWquqLIAAAAJ,0000-0001-8921-036X
Yu Huang 0013,HUST,http://faculty.hust.edu.cn/HuangYu/en/index.htm,Vkg-noYAAAAJ,0000-0002-3927-1102
Yu Huang 0015,Vanderbilt University,https://yuhuang-lab.github.io,ngLMhbIAAAAJ,0000-0003-2730-5077
Yu Jiang 0001,Tsinghua University,https://sites.google.com/site/jiangyu198964/home,NOSCHOLARPAGE,0000-0003-0955-503X
Yu Kong 0001,Michigan State University,https://www.egr.msu.edu/~yukong,wXA8nb4AAAAJ,0000-0001-6271-4082
Yu Lei 0001,University of Texas at Arlington,http://ranger.uta.edu/~ylei,YG60wS4AAAAJ,0000-0002-1069-5980
Yu Li 0006,Chinese University of Hong Kong,https://liyu95.com,8YHZx-AAAAAJ,0000-0002-3664-6722
Yu Li 0007,Zhejiang University,http://liyu.one,M0zhrM8AAAAJ,0000-0000-0000-0000
Yu Long 0001,Shanghai Jiao Tong University,https://www.facebook.com/public/Long-Yu/school/Shanghai-Jiao-Tong-University-109235979095677,p1rD-B0AAAAJ,0000-0002-6575-4458
Yu Meng 0001,University of Virginia,https://yumeng5.github.io,mzRRX3QAAAAJ,0000-0003-2554-2888
Yu Mong,City University of Hong Kong,https://www.cs.cityu.edu.hk/profile/csymong.html,NOSCHOLARPAGE,0000-0000-0000-0000
Yu Qiao 0001,Chinese Academy of Sciences,http://mmlab.siat.ac.cn/yuqiao/index.html,gFtI-8QAAAAJ,0000-0002-1889-2567
Yu Su 0001,Ohio State University,https://cse.osu.edu/people/su.809,rIh5OqoAAAAJ,0000-0000-0000-0000
Yu Sun 0001,University of Toronto,https://sun.mie.utoronto.ca/bio,U3w720cAAAAJ,0000-0001-7895-0741
Yu Sun 0004,University of South Florida,http://www.cse.usf.edu/~yusun,n5G2xkIAAAAJ,0000-0000-0000-0000
Yu Tian 0001,University of Central Florida,https://yutianyt.com,knptLuEAAAAJ,0000-0001-5533-7506
Yu Wang 0003,Temple University,https://cis.temple.edu/~yu,ouPBv-wAAAAJ,0000-0003-3511-0288
Yu Wang 0093,Nanjing University,https://itwoi.github.io,OZRduO0AAAAJ,0000-0002-7216-6929
Yu Wang 0160,University of Oregon,https://yuwang0103.github.io,XPCmiz4AAAAJ,0000-0001-6908-508X
Yu Wu 0011,Wuhan University,https://yu-wu.net,23SZHUwAAAAJ,0000-0002-1680-8253
Yu Xiang 0001,University of Texas at Dallas,https://yuxng.github.io,9cZUlEYAAAAJ,0000-0000-0000-0000
Yu Yang 0010,Lehigh University,https://www.yyang.site,-jvY0w8AAAAJ,0000-0003-1627-5503
Yu Yin 0001,Case Western Reserve University,https://yin-yu.github.io,pY0_YNcAAAAJ,0000-0002-9588-5854
Yu Yokoi,National Inst. of Informatics,https://www.nii.ac.jp/en/faculty/informatics/yokoi_yu,NOSCHOLARPAGE,0000-0000-0000-0000
Yu Yu 0001,Shanghai Jiao Tong University,http://yuyu.hk,lpRkCB4AAAAJ,0000-0002-9278-4521
Yu Zang,Xiamen University,https://asc.xmu.edu.cn/t/zangyu,C6yF-0gAAAAJ,0000-0000-0000-0000
Yu Zhang 0006,SUSTech,http://cse.sustech.edu.cn/faculty/~zhangy,jaRS5w4AAAAJ,0000-0003-1100-4835
Yu Zhang 0027,HUST,http://faculty.hust.edu.cn/ZhangYu/zh_CN/index.htm,NOSCHOLARPAGE,0000-0003-0718-8045
Yu Zhang 0030,Harbin Institute of Technology,http://homepage.hit.edu.cn/yzhang,yyG8xWcAAAAJ,0000-0003-2040-5059
Yu Zhang 0036,Harbin Institute of Technology,http://homepage.hit.edu.cn/zhangyu145,HmQlB2UAAAAJ,0000-0003-2040-5059
Yu Zhang 0039,HUST,http://faculty.hust.edu.cn/zhangyu1234/en/more/2359266/jsjjgd/index.htm,NOSCHOLARPAGE,0000-0000-0000-0000
Yu Zhang 0044,Texas A&M University,https://yuzhimanhua.github.io,N0PrmgIAAAAJ,0000-0003-0540-6758
Yu Zhang 0055,Arizona State University,https://search.asu.edu/profile/2206334,n0uRPLgAAAAJ,0000-0000-0000-0000
Yu Zhang 0094,Boise State University,https://www.boisestate.edu/coen-cs/people/faculty/yu-zhang,9OegmjMAAAAJ,0000-0000-0000-0000
Yu Zhao,University of Cincinnati,https://researchdirectory.uc.edu/p/zhao3y3,jr-yACYAAAAJ,0000-0001-7776-3178
Yu Zhou 0027,Shenzhen University,https://yzhouszu.github.io,7i308qgAAAAJ,0000-0000-0000-0000
Yu Zhuang,Texas Tech University,https://www.depts.ttu.edu/cs/faculty/yu_zhuang,N3w8SZEAAAAJ,0000-0000-0000-0000
Yu-Bin Yang,Nanjing University,https://cs.nju.edu.cn/yangyubin,kLOKBgUAAAAJ,0000-0000-0000-0000
Yu-Chee Tseng,National Chiao Tung University,https://sites.google.com/site/yc0405,BvZeOPIAAAAJ,0000-0001-6551-0720
Yu-Cheng Tu 0001,University of Auckland,https://unidirectory.auckland.ac.nz/profile/ytu001,163V6g0AAAAJ,0000-0001-7284-7081
Yu-Chun (Grace) Yen,National Chiao Tung University,https://gracetfg2.github.io,neA0_u8AAAAJ,0000-0002-5442-6934
Yu-Gang Jiang 0001,Fudan University,http://www.yugangjiang.info,f3_FP8AAAAAJ,0000-0002-1907-8567
Yu-Kai Wang,University of Technology Sydney,https://www.uts.edu.au/staff/yukai.wang,n0Zxoa4AAAAJ,0000-0001-8390-2664
Yu-Kun Lai,Cardiff University,https://www.cardiff.ac.uk/people/view/118139-lai-yukun,0i-Nzv0AAAAJ,0000-0002-2094-5680
Yu-Lun Liu 0001,National Chiao Tung University,https://yulunalexliu.github.io,gliihzoAAAAJ,0000-0002-7561-6884
Yu-Ping Wang 0001,Tsinghua University,http://cg.cs.tsinghua.edu.cn/os/people/~yuping/index.html,AdCVXc8AAAAJ,0000-0003-4129-7704
Yu-Ru Lin,University of Pittsburgh,http://www.yurulin.com,9EeqDSEAAAAJ,0000-0002-8497-3015
Yu-Shen Liu,Tsinghua University,https://yushen-liu.github.io,Vo4ZHu0AAAAJ,0000-0001-7305-1915
Yu-Shuen Wang,National Chiao Tung University,http://www.cs.nctu.edu.tw/~yushuen,AKeIOxIAAAAJ,0000-0003-2550-2990
Yu-Sung Wu,National Chiao Tung University,http://www.cs.nctu.edu.tw/~ysw,NOSCHOLARPAGE,0000-0002-9219-4804
Yu-Tai Ching,National Chiao Tung University,https://www.cs.nctu.edu.tw/members/detail/ytc,Gne6kXkAAAAJ,0000-0000-0000-0000
Yu-Wing Tai,Dartmouth College,https://yuwingtai.github.io,nFhLmFkAAAAJ,0000-0002-3148-0380
Yu-Xiong Wang,Univ. of Illinois at Urbana-Champaign,https://yxw.web.illinois.edu,T_Q-xDkAAAAJ,0000-0003-4414-0198
Yuan Fang 0001,Singapore Management University,https://sis.smu.edu.sg/faculty/profile/156391/FANG-Yuan,XkBJjPUAAAAJ,0000-0002-4265-5289
Yuan Feng 0001,University of Technology Sydney,https://www.uts.edu.au/staff/yuan.feng,iJD-WFUAAAAJ,0000-0002-3097-3896
Yuan He 0004,Tsinghua University,http://www.greenorbs.org/people/heyuan,5ojW7_UAAAAJ,0000-0002-6676-4009
Yuan Hong 0001,University of Connecticut,https://yhongcs.github.io,KJuZW2wAAAAJ,0000-0003-4095-4506
Yuan Huang 0002,Sun Yat-sen University,https://huangyuan-hy.github.io,6qdsl0kAAAAJ,0000-0002-9548-0208
Yuan Jiang 0001,Nanjing University,http://lamda.nju.edu.cn/jiangy,Qp_v9woAAAAJ,0000-0000-0000-0000
Yuan Luo 0001,Northwestern University,https://labs.feinberg.northwestern.edu/luolab/index.html,txsHQx4AAAAJ,0000-0003-0195-7456
Yuan Luo 0002,Middlesex University,https://www.mdx.ac.uk/about-us/our-people/staff-directory/profile/luo-yuan-roger,NOSCHOLARPAGE,0000-0000-0000-0000
Yuan Luo 0003,Shanghai Jiao Tong University,http://www.cs.sjtu.edu.cn/en/PeopleDetail.aspx?id=155,NOSCHOLARPAGE,0000-0000-0000-0000
Yuan Luo 0005,CUHK (SZ),http://yuanluo.info,NOSCHOLARPAGE,0000-0000-0000-0000
Yuan Tang,Fudan University,http://people.csail.mit.edu/yuantang,kC2YD14AAAAJ,0000-0001-5243-233X
Yuan Tian 0001,Univ. of California - Los Angeles,https://www.ytian.info,ja0GtqgAAAAJ,0000-0002-6435-564X
Yuan Tian 0008,Queen’s University,http://sophiaytian.com,wX4le_QAAAAJ,0000-0000-0000-0000
Yuan Wu 0001,University of Macau,https://www.fst.um.edu.mo/people/yuanwu,H1bxY_4AAAAJ,0000-0000-0000-0000
Yuan Xie 0001,HKUST,https://seng.hkust.edu.hk/about/people/faculty/yuan-xie,dK2ZuDcAAAAJ,0000-0003-2093-1788
Yuan Yao 0001,Nanjing University,https://cs.nju.edu.cn/yuanyao,vUvt8JYAAAAJ,0000-0002-6913-6542
Yuan Yuan 0001,NWPU,https://teacher.nwpu.edu.cn/m/en/2018010291.html,NOSCHOLARPAGE,0000-0000-0000-0000
Yuan Zhang 0004,Nanjing University,http://cosec.nju.edu.cn/#index.php/members/yuan-zhang,ZBV1qlMAAAAJ,0000-0000-0000-0000
Yuan Zhang 0006,UESTC,https://www.en.scse.uestc.edu.cn/info/1085/2006.htm,7rWSrzsAAAAJ,0000-0000-0000-0000
Yuan Zhang 0009,Fudan University,https://yuanxzhang.github.io,ZEgzyZcAAAAJ,0000-0003-0726-9996
Yuan Zhou 0007,Tsinghua University,https://ymsc.tsinghua.edu.cn/en/info/1032/2511.htm,j4Fshz0AAAAJ,0009-0008-1706-6539
Yuan-Fang Li,Monash University,https://research.monash.edu/en/persons/yuan-fang-li,wufXO1kAAAAJ,0000-0003-4651-2821
Yuan-Fang Wang,Univ. of California - Santa Barbara,http://www.cs.ucsb.edu/~yfwang,9177npMAAAAJ,0000-0000-0000-0000
Yuan-Shun Dai,UESTC,http://www.scse.uestc.edu.cn:8080/teacherteam-english/teacher/view.html?id=44,DRCdhcwAAAAJ,0000-0000-0000-0000
Yuanbo Xu,Jilin University,https://ccst.jlu.edu.cn/info/1192/19975.htm,VvS9eysAAAAJ,0000-0000-0000-0000
Yuanchao Liu,Harbin Institute of Technology,http://homepage.hit.edu.cn/ycliu,NOSCHOLARPAGE,0000-0000-0000-0000
Yuanchao Xu 0001,Univ. of California - Santa Cruz,https://yuanchaoxu6.github.io,kIvi43wAAAAJ,0000-0003-4165-9138
Yuanchun Shi,Tsinghua University,http://media.cs.tsinghua.edu.cn/en/shiyc,NOSCHOLARPAGE,0000-0003-2273-6927
Yuanfang Cai,Drexel University,https://www.cs.drexel.edu/~yfcai,14rruLUAAAAJ,0000-0000-0000-0000
Yuanfeng Zhou,Shandong University,http://www.en.sc.sdu.edu.cn/info/1027/1152.htm,zJNjKEcAAAAJ,0000-0001-6950-3261
Yuangong Sun,University of Jinan,https://math.ujn.edu.cn/info/1140/1096.htm,NOSCHOLARPAGE,0000-0000-0000-0000
Yuanhao Wei,University of British Columbia,https://yuanhaow.github.io,_vDg69AAAAAJ,0000-0002-5176-0961
Yuanjie Li,Tsinghua University,http://yuanjiel.com,CuhB7CMAAAAJ,0000-0001-5931-3894
Yuankai Huo,Vanderbilt University,https://my.vanderbilt.edu/huolab,WRxmxNgAAAAJ,0000-0000-0000-0000
Yuankai Luo,Nanjing University,https://luoyk1999.github.io,33f_QqAAAAAJ,0000-0003-3844-7214
Yuankai Qi,Macquarie University,https://sites.google.com/site/yuankiqi,mLqg5hYAAAAJ,0000-0003-4312-5682
Yuanlin Zhang 0002,Texas Tech University,https://www.depts.ttu.edu/cs/faculty/yuanlin_zhang,1W7pOqkAAAAJ,0000-0000-0000-0000
Yuanming Shi,ShanghaiTech University,https://faculty.sist.shanghaitech.edu.cn/faculty/shiym/home.html,362l5HAAAAAJ,0000-0000-0000-0000
Yuanqi Su,Xi'an Jiaotong University,http://gr.xjtu.edu.cn/web/yuanqisu,hXQYvl8AAAAJ,0000-0000-0000-0000
Yuanqing Zheng,The Hong Kong Polytechnic Univ.,http://www4.comp.polyu.edu.hk/~csyqzheng,dX8YgiQAAAAJ,0000-0003-3096-687X
Yuanshun Dai,UESTC,http://www.scse.uestc.edu.cn:8080/teacherteam-english/teacher/view.html?id=44,DRCdhcwAAAAJ,0000-0000-0000-0000
Yuanxiang Li,Wuhan University,http://cs.whu.edu.cn/teacherinfo.aspx?id=222,NOSCHOLARPAGE,0000-0000-0000-0000
Yuanyuan (YY) Zhou,Univ. of California - San Diego,https://cseweb.ucsd.edu/~yyzhou,rWl0U0oAAAAJ,0000-0000-0000-0000
Yuanyuan Feng,University of Vermont,http://www.yuanyuanfeng.com,XjkbPSwAAAAJ,0000-0000-0000-0000
Yuanyuan Lei 0001,University of Florida,https://sites.google.com/view/yuanyuan-lei,gJENFUQAAAAJ,0000-0002-9753-8071
Yuanyuan Liu 0001,Xidian University,https://web.xidian.edu.cn/yyliu,1Lmf5EgAAAAJ,0000-0001-8646-8533
Yuanyuan Shi,Univ. of California - San Diego,https://yyshi.eng.ucsd.edu,kQyQ_vwAAAAJ,0009-0001-0791-015X
Yuanyuan Yang 0001,Stony Brook University,https://www.cs.stonybrook.edu/people/faculty/YuanyuanYang,sPDAJ7MAAAAJ,0000-0001-7296-9222
Yuanyuan Yuan,Tsinghua University,https://yuanyuan-yuan.github.io,wnhU3KoAAAAJ,0000-0002-3053-8923
Yuanyuan Zhang 0002,Shanghai Jiao Tong University,http://yyjess.com,JmYcSzkAAAAJ,0000-0002-6682-2264
Yuanyuan Zhou 0001,Univ. of California - San Diego,https://cseweb.ucsd.edu/~yyzhou,rWl0U0oAAAAJ,0000-0003-4760-7208
Yuanzhe Yao,UESTC,https://www.is.uestc.edu.cn/teachers.do?id=1124,NOSCHOLARPAGE,0000-0000-0000-0000
Yuanzhi Li,Carnegie Mellon University,https://web.stanford.edu/~yuanzhil,NOSCHOLARPAGE,0000-0002-4604-0468
Yuanzhu Peter Chen,Memorial Univ. of Newfoundland,https://www.mun.ca/computerscience/people/yzchen.php,N1cMtxwAAAAJ,0000-0000-0000-0000
Yubao Wu,Georgia State University,http://cs.gsu.edu/profile/yubao-wu,Ussl738AAAAJ,0000-0001-9356-8508
Yubei Chen,Univ. of California - Davis,https://cs.ucdavis.edu/directory/yubei-chen,WeyLqFUAAAAJ,0000-0002-8930-3512
Yubin Xia,Shanghai Jiao Tong University,https://ipads.se.sjtu.edu.cn/yubin_xia,jHYNM6QAAAAJ,0000-0001-6558-5298
Yubin Yang,Nanjing University,https://cs.nju.edu.cn/yangyubin,kLOKBgUAAAAJ,0000-0000-0000-0000
Yubo Tao,Zhejiang University,http://www.cad.zju.edu.cn/home/ybtao,NOSCHOLARPAGE,0000-0002-2283-6437
Yucel Yemez,Koç University,http://network.ku.edu.tr/~yyemez,12csu04AAAAJ,0000-0000-0000-0000
Yuchao Dai,NWPU,https://teacher.nwpu.edu.cn/m/en/2017010207.html,fddAbqsAAAAJ,0000-0000-0000-0000
Yuchen Cui,Univ. of California - Los Angeles,https://yuchencui.cc,qQz2cm8AAAAJ,0000-0001-7417-1222
Yuchen Li 0001,Singapore Management University,https://sis.smu.edu.sg/faculty/profile/153986/LI-Yuchen,M4DWiJUAAAAJ,0000-0001-9646-291X
Yuchen Liu 0001,North Carolina State University,https://yuchen-sh.github.io,B0m2kgQAAAAJ,0000-0001-7505-9718
Yuchen Mao 0001,Zhejiang University,https://person.zju.edu.cn/maoyc,igtemMUAAAAJ,0000-0002-1075-344X
Yuchen Zhong,City University of Macau,https://fds.cityu.edu.mo/en/members/302,IVVfHXEAAAAJ,0009-0007-8103-4315
Yucheng Lu 0003,NYU Shanghai,https://www.yucheng-lu.me,FsBgPhQAAAAJ,0000-0000-0000-0000
Yuchong Hu,HUST,http://yuchonghu.com,JeYz1SUAAAAJ,0000-0003-1265-7141
Yuchou Chang,Univ. of Massachusetts Dartmouth,https://www.umassd.edu/directory/ychang1,QRmnPmAAAAAJ,0000-0000-0000-0000
Yuchun Ma,Tsinghua University,http://www.cs.tsinghua.edu.cn/publish/csen/4623/2010/20101224001648255401152/20101224001648255401152_.html,NOSCHOLARPAGE,0009-0009-1767-0100
Yudong Chen 0001,University of Wisconsin - Madison,https://pages.cs.wisc.edu/~yudongchen,ze5rCdwAAAAJ,0000-0000-0000-0000
Yue Cao 0002,Lancaster University,https://www.lancaster.ac.uk/scc/about-us/people/yue-cao,NOSCHOLARPAGE,0000-0000-0000-0000
Yue Cheng 0001,University of Virginia,http://tddg.github.io,TMGwBH0AAAAJ,0000-0003-1695-4864
Yue Dai 0005,Illinois Institute of Technology,https://www.iit.edu/directory/people/yue-dai,f3zYpYwAAAAJ,0000-0003-4436-0991
Yue Ding 0001,Shanghai Jiao Tong University,https://www.cs.sjtu.edu.cn/PeopleDetail.aspx?id=469,wwNa3wMAAAAJ,0000-0002-2911-1244
Yue Dong 0002,Univ. of California - Riverside,https://yuedongcs.github.io,WYkn4loAAAAJ,0000-0003-2161-8566
Yue Duan,Singapore Management University,https://scis.smu.edu.sg/faculty/profile/7421/duan-yue,q3rLf5kAAAAJ,0000-0003-1049-9645
Yue Gao 0002,Tsinghua University,http://www.gaoyue.org,UTDfWocAAAAJ,0000-0002-4971-590X
Yue Gao 0005,Shanghai Jiao Tong University,https://gaoyue.sjtu.edu.cn,jlweMD8AAAAJ,0000-0000-0000-0000
Yue He 0001,Renmin University of China,https://heyuethu.github.io,W6bptDYAAAAJ,0009-0009-1536-1179
Yue Huang 0001,Xiamen University,https://huangyue05.github.io,smxgn4YAAAAJ,0000-0002-8315-7972
Yue Jiang 0002,University of Utah,https://yuejiang-nj.github.io,KkdOIRoAAAAJ,0000-0003-0022-6512
Yue Li 0006,Nanjing University,https://yuelee.bitbucket.io,i1f0dbkAAAAJ,0009-0009-1285-2298
Yue Li 0013,Nankai University,http://cc-backend.nankai.edu.cn/teachers/introduce/liyue,NOSCHOLARPAGE,0000-0000-0000-0000
Yue Ning 0001,Stevens Institute of Technology,https://yue-ning.github.io,mVR8ROsAAAAJ,0000-0002-1227-440X
Yue Qi,Beihang University,http://scse.buaa.edu.cn/info/1078/2661.htm,NOSCHOLARPAGE,0000-0001-9304-1933
Yue Wang 0041,University of Southern California,https://yuewang.xyz,v-AEFIEAAAAJ,0000-0000-0000-0000
Yue Wang 0068,University of Central Florida,https://www.cs.ucf.edu/person/yue-wang,ndMi_z8AAAAJ,0009-0001-9786-052X
Yue Xiao 0007,College of William and Mary,https://sites.google.com/view/yue-xiao/bio?authuser=0,dFg329IAAAAJ,0009-0005-7945-464X
Yue Zhang 0004,Westlake University,https://frcchang.github.io,6hA7WmUAAAAJ,0000-0002-5214-2268
Yue Zhang 0009,Oregon State University,http://eecs.oregonstate.edu/people/zhang-yue,NOSCHOLARPAGE,0000-0002-8467-2781
Yue Zhang 0025,Shandong University,https://yue.zyueinfosec.com,2RpZGTYAAAAJ,0000-0002-7786-0231
Yue Zhao 0016,University of Southern California,https://yzhao062.github.io,zoGDYsoAAAAJ,0000-0003-3401-4921
Yue-Zhi Zhou,Tsinghua University,http://media.cs.tsinghua.edu.cn/~ns/eng/zyz/zhouyz.html,NOSCHOLARPAGE,0000-0000-0000-0000
Yuebin Bai,Beihang University,http://scse.buaa.edu.cn/info/1078/2662.htm,NOSCHOLARPAGE,0000-0002-2544-3989
Yuede Ji,University of Texas at Arlington,https://yuede.github.io,1-GjVYgAAAAJ,0000-0002-2419-6592
Yuedong Yang,Sun Yat-sen University,https://biomed.nscc-gz.cn,AfjwTKoAAAAJ,0000-0002-6782-2813
Yueguo Chen,Renmin University of China,http://info.ruc.edu.cn/academic_professor.php?teacher_id=23,NOSCHOLARPAGE,0000-0000-0000-0000
Yuehui Chen,University of Jinan,https://cilab.ujn.edu.cn/abouus/Prof__Yuehui_CHEN.htm,NOSCHOLARPAGE,0000-0000-0000-0000
Yuejie Zhang,Fudan University,http://www.cs.fudan.edu.cn/?page_id=5518###,NOSCHOLARPAGE,0000-0000-0000-0000
Yuekang Li,UNSW,https://www.unsw.edu.au/staff/yuekang-li,tuJEDb4AAAAJ,0000-0003-4382-0757
Yueling Che,Shenzhen University,https://csse.szu.edu.cn/en/pages/user/index?id=590,9eCCIjoAAAAJ,0000-0000-0000-0000
Yueling Zhang,East China Normal University,https://faculty.ecnu.edu.cn/_s43/zyl2_23207/main.psp,-g6QrssAAAAJ,0000-0002-5290-5691
Yueming Lyu,Nanjing University,https://yueming6568.github.io,TxuK84wAAAAJ,0000-0000-0000-0000
Yueming Wu 0001,HUST,https://wu-yueming.github.io,ArOiBx4AAAAJ,0000-0002-1515-3558
Yuen-Tak Yu,City University of Hong Kong,https://www.cs.cityu.edu.hk/~ytyu,NOSCHOLARPAGE,0000-0000-0000-0000
Yuepeng Wang 0001,Simon Fraser University,https://www.cs.sfu.ca/~yuepeng,SMln4gEAAAAJ,0000-0003-3370-2431
Yueqi Chen 0001,University of Colorado Boulder,http://cusecurity.cs.colorado.edu/yueqichen,JpxHgWQAAAAJ,0009-0007-4205-3273
Yueting Zhuang,Zhejiang University,http://mypage.zju.edu.cn/0089133,1RD7UJAAAAAJ,0000-0000-0000-0000
Yuexin Ma,ShanghaiTech University,http://yuexinma.me/aboutme.html,DIsP7rUAAAAJ,0000-0001-7237-988X
Yuezhi Zhou,Tsinghua University,http://media.cs.tsinghua.edu.cn/~ns/eng/zyz/zhouyz.html,NOSCHOLARPAGE,0000-0000-0000-0000
Yufei Ding 0001,Univ. of California - San Diego,https://picassolab.squarespace.com/yufei,ZuNK2XkAAAAJ,0000-0002-8716-5793
Yufei Tang,Florida Atlantic University,http://faculty.eng.fau.edu/tangy,tkzHKDoAAAAJ,0000-0000-0000-0000
Yufei Tao 0001,Chinese University of Hong Kong,http://www.cse.cuhk.edu.hk/~taoyf,3FmJBHkAAAAJ,0000-0003-3883-5452
Yufeng J. Tseng,National Taiwan University,https://www.cmdm.tw,prXvyPUAAAAJ,0000-0002-8461-6181
Yufeng Jane Tseng,National Taiwan University,https://www.cmdm.tw,prXvyPUAAAAJ,0000-0002-8461-6181
Yufeng Li 0008,Nanjing University,http://lamda.nju.edu.cn/liyf,5iQDMtUAAAAJ,0000-0002-7727-4304
Yufeng Wu,University of Connecticut,http://www.engr.uconn.edu/~ywu,9PWUX9QAAAAJ,0000-0003-4988-3521
Yufeng Zhang 0001,Hunan University,http://csee.hnu.edu.cn/people/zhangyufeng,z9UfxQkAAAAJ,0000-0001-6082-4501
Yugang Jiang 0001,Fudan University,http://www.yugangjiang.info,f3_FP8AAAAAJ,0000-0000-0000-0000
Yuguang Fang,City University of Hong Kong,https://www.cs.cityu.edu.hk/~yugufang,dJgRKmwAAAAJ,0000-0002-1079-3871
Yuguang Wang 0001,Shanghai Jiao Tong University,https://yuguangwang.github.io,cMSEByAAAAAJ,0000-0002-7450-0273
Yugyung Lee,Univ. of Missouri - Kansas City,http://sce2.umkc.edu/csee/leeyu,BwE_CWcAAAAJ,0000-0000-0000-0000
Yuh-Dauh Lyuu,National Taiwan University,https://www.csie.ntu.edu.tw/~lyuu,NOSCHOLARPAGE,0000-0000-0000-0000
Yuh-Jyh Hu,National Chiao Tung University,http://www.cis.nctu.edu.tw/chinese/doc/people/ShortIntro/yhu.htm,NOSCHOLARPAGE,0000-0000-0000-0000
Yuh-Min Chen,National Cheng Kung University,http://www.csie.ncku.edu.tw/ncku_csie/depmember/teacherdetail/id/39,NOSCHOLARPAGE,0000-0000-0000-0000
Yuhan Luo,City University of Hong Kong,https://yuhanlolo.github.io/me,TyPGkP8AAAAJ,0000-0000-0000-0000
Yuhang Song 0001,Nanjing University,https://atollab.com,cyd3EsgAAAAJ,0000-0002-7999-0291
Yuhang Zhao 0001,University of Wisconsin - Madison,https://www.yuhangz.com,yeNjTZUAAAAJ,0000-0003-3686-695X
Yuhao Wang 0005,Tsinghua University,https://iiis.tsinghua.edu.cn/en/People/Faculty/WangYuhao.htm,WMcDjQEAAAAJ,0000-0000-0000-0000
Yuhao Zhang 0001,Shanghai Jiao Tong University,http://www.zyhwtc.com,KORd9DEAAAAJ,0000-0001-9330-1926
Yuhao Zhu 0001,University of Rochester,http://www.yuhaozhu.com,gyvpAroAAAAJ,0000-0002-2802-0578
Yuheng Bu,Univ. of California - Santa Barbara,https://buyuheng.github.io,1jPQEVMAAAAJ,0000-0002-3479-4553
Yuhong Feng,Shenzhen University,https://yuhongf.github.io,29WXQ_sAAAAJ,0000-0000-0000-0000
Yuhong Guo,Carleton University,https://carleton.ca/scs/people/yuhong-guo,Q7VKnRYAAAAJ,0000-0002-7621-342X
Yuhong Nan,Sun Yat-sen University,https://nanyuhong.github.io,tkE-vsEAAAAJ,0000-0001-9597-9888
Yuhong Yan,Concordia University,http://users.encs.concordia.ca/~yuhong,1LOd4w4AAAAJ,0000-0000-0000-0000
Yuhua Li 0001,Cardiff University,https://www.cardiff.ac.uk/people/view/1063589-li-yuhua,33T8CtwAAAAJ,0000-0003-2913-4478
Yuhui Shi 0001,SUSTech,https://faculty.sustech.edu.cn/shiyh,xSvAHWgAAAAJ,0000-0002-8840-723X
Yuichi Hayashi,NAIST,https://researchmap.jp/0x884,lZ5t84cAAAAJ,0000-0000-0000-0000
Yuichi Yoshida,National Inst. of Informatics,https://www.nii.ac.jp/en/faculty/informatics/yoshida_yuichi,EIXTG_UAAAAJ,0009-0009-6139-2320
Yuichiro Yoshikawa,Osaka University,https://sites.google.com/a/irl.sys.es.osaka-u.ac.jp/top-en/home/member,NOSCHOLARPAGE,0000-0000-0000-0000
Yuji Matsumoto 0001,NAIST,https://www.riken.jp/en/research/labs/aip/goalorient_tech/knowl_acqui/index.html,GWmahLMAAAAJ,0000-0000-0000-0000
Yujian Gan,Queen's University Belfast,https://pure.qub.ac.uk/en/persons/yujian-gan,pnu9u2UAAAAJ,0000-0000-0000-0000
Yujie Tang,Dalhousie University,https://web.cs.dal.ca/~yujiet,VhWYfm8AAAAJ,0000-0000-0000-0000
Yujuan Tan,Chongqing University,http://www.cs.cqu.edu.cn/info/1322/4635.htm,jBiymw0AAAAJ,0000-0002-9055-5389
Yujun Cai,University of Queensland,https://about.uq.edu.au/experts/47997,TE7lbQwAAAAJ,0000-0002-0993-4024
Yujun Yan,Dartmouth College,https://sites.google.com/umich.edu/yujunyan/home,5TQUP58AAAAJ,0000-0003-3776-4293
Yuk Ying Chung,University of Sydney,https://www.sydney.edu.au/engineering/about/our-people/academic-staff/vera-chung.html,bxURGE4AAAAJ,0000-0002-3158-9650
Yukang Yan,University of Rochester,http://yukangyan.info,AXGtrecAAAAJ,0000-0001-7515-3755
Yuke Wang,Rice University,https://profiles.rice.edu/faculty/yuke-wang,4c-GXS0AAAAJ,0000-0003-1634-8549
Yuke Zhu,University of Texas at Austin,https://www.cs.utexas.edu/~yukez,mWGyYMsAAAAJ,0000-0000-0000-0000
Yuki Arase,Osaka University,http://www-bigdata.ist.osaka-u.ac.jp/ja/home,uoL1Wr0AAAAJ,0000-0000-0000-0000
Yuki Endo 0001,University of Tsukuba,http://www.cgg.cs.tsukuba.ac.jp/~endo/index_en.html,NOSCHOLARPAGE,0000-0001-5132-3350
Yuki Hashimoto,University of Tsukuba,https://sites.google.com/site/yhrips,NOSCHOLARPAGE,0000-0000-0000-0000
Yukino Baba,University of Tsukuba,http://yukinobaba.jp,6vT7zVEAAAAJ,0000-0001-5310-9841
Yukiyasu Kamitani,Kyoto University,http://kamitani-lab.ist.i.kyoto-u.ac.jp,m5wNiJ4AAAAJ,0000-0000-0000-0000
Yukui Luo,Univ. of Massachusetts Dartmouth,https://www.yukuiluo.com,sOWfQKEAAAAJ,0000-0002-5852-4195
Yulan He 0001,King's College London,https://www.kcl.ac.uk/people/yulan-he,SP9r32UAAAAJ,0000-0003-3948-5845
Yulei Sui,UNSW,https://research.unsw.edu.au/people/associate-professor-yulei-sui,wGHqq1cAAAAJ,0000-0002-9510-6574
Yulei Wu,University of Exeter,http://emps.exeter.ac.uk/computer-science/staff/yw433,NOSCHOLARPAGE,0000-0000-0000-0000
Yulia Cherdantseva,Cardiff University,https://www.cardiff.ac.uk/people/view/118119-cherdantseva-yulia,W_CRsMsAAAAJ,0000-0000-0000-0000
Yulia Gryaditskaya,University of Surrey,https://yulia.gryaditskaya.com,cBB96b4AAAAJ,0000-0002-1951-6475
Yulia Timofeeva,University of Warwick,https://warwick.ac.uk/fac/sci/dcs/people/y_timofeeva,ICL9ZiwAAAAJ,0000-0000-0000-0000
Yulia Tsvetkov,University of Washington,https://homes.cs.washington.edu/~yuliats,SEDPkrsAAAAJ,0000-0002-4634-7128
Yuliang Zheng 0001,University of Alabama - Birmingham,https://www.uab.edu/cas/news/announcements/item/5394-dr-yuliang-zheng-named-new-chair-of-department-of-computer-and-information-sciences,f2y_I24AAAAJ,0000-0002-9815-9727
Yuliya Babovich,University of Nebraska - Omaha,https://www.unomaha.edu/college-of-information-science-and-technology/about/faculty-staff/yuliya-lierler.php,KlTD9RQAAAAJ,0000-0000-0000-0000
Yuliya Babovich-Lierler,University of Nebraska - Omaha,https://www.unomaha.edu/college-of-information-science-and-technology/about/faculty-staff/yuliya-lierler.php,KlTD9RQAAAAJ,0000-0000-0000-0000
Yuliya Lierler,University of Nebraska - Omaha,https://www.unomaha.edu/college-of-information-science-and-technology/about/faculty-staff/yuliya-lierler.php,KlTD9RQAAAAJ,0000-0000-0000-0000
Yulong Ding,SUSTech,https://scholar.google.com/citations?hl=zh-CN&user=mVUJ_w0AAAAJ,mVUJ_w0AAAAJ,0000-0000-0000-0000
Yulong Shen,Xidian University,https://web.xidian.edu.cn/ylshen,G2lp_8kAAAAJ,0000-0000-0000-0000
Yulu Yang,Nankai University,https://cc.nankai.edu.cn/2021/0323/c13619a548863/page.htm,NOSCHOLARPAGE,0000-0000-0000-0000
Yulun Zhang 0001,Shanghai Jiao Tong University,https://yulunzhang.com,ORmLjWoAAAAJ,0000-0002-2288-5079
Yumei Huo,CUNY,http://www.cs.csi.cuny.edu/~yumei,zpwr3EEAAAAJ,0000-0000-0000-0000
Yumeng Yang,ShanghaiTech University,http://faculty.sist.shanghaitech.edu.cn/faculty/yangym/index.html,xB1T3WwAAAAJ,0000-0000-0000-0000
Yuming Zhou,Nanjing University,https://cs.nju.edu.cn/zhouyuming,NOSCHOLARPAGE,0000-0002-4645-2526
Yun Bai 0001,Western Sydney University,https://www.westernsydney.edu.au/staff_profiles/WSU/associate_professor_yun_bai,NOSCHOLARPAGE,0000-0000-0000-0000
Yun Chen 0007,SUFE,https://yunc.me,vXd0JQMAAAAJ,0000-0002-3563-7592
Yun Fu 0001,Northeastern University,http://www1.ece.neu.edu/~yunfu,h-JEcQ8AAAAJ,0000-0002-5098-2853
Yun Huang 0003,Univ. of Illinois at Urbana-Champaign,https://ischool.illinois.edu/people/yun-huang,QgHcQBsAAAAJ,0000-0003-0399-8032
Yun Kuen Cheung,Australian National University,https://comp.anu.edu.au/people/yun-kuen-marco-cheung,7rlVH7gAAAAJ,0000-0002-9280-0149
Yun Li 0010,Yangzhou University,https://xxgcxy.yzu.edu.cn/info/1020/4050.htm,NOSCHOLARPAGE,0000-0002-7628-0358
Yun Liang 0001,Peking University,https://ericlyun.github.io,Ltp8loUAAAAJ,0000-0002-9076-7998
Yun Lin 0001,Shanghai Jiao Tong University,http://linyun.info,fk93YOIAAAAJ,0000-0001-8255-0118
Yun Liu 0011,Nankai University,https://cc.nankai.edu.cn/2021/0323/c13619a572841/page.htm,UB3doCoAAAAJ,0000-0001-6143-0264
Yun Lu 0001,University of Victoria,https://yunlupage.wordpress.com,NOSCHOLARPAGE,0000-0002-0098-0577
Yun Ma 0002,Peking University,https://www.ai.pku.edu.cn/info/1138/2064.htm,1hnJ3TgAAAAJ,0000-0001-7866-4075
Yun S. Song,Univ. of California - Berkeley,http://www.eecs.berkeley.edu/~yss,NOSCHOLARPAGE,0000-0000-0000-0000
Yun Sing Koh,University of Auckland,https://www.cs.auckland.ac.nz/~yunsing,0L38IrAAAAAJ,0000-0001-7256-4049
Yun William Yu,Carnegie Mellon University,https://yunwilliamyu.net,h9r7yWkAAAAJ,0000-0002-8275-9576
Yun Wu 0003,Queen's University Belfast,https://pure.qub.ac.uk/en/persons/yun-wu-2,E232JgIAAAAJ,0000-0000-0000-0000
Yun Xiong,Fudan University,http://www.cs.fudan.edu.cn/?page_id=1979,NOSCHOLARPAGE,0000-0002-8575-5415
Yun Zhang 0019,UESTC,https://sise.uestc.edu.cn/info/1037/9605.htm,B5qqiukAAAAJ,0000-0000-0000-0000
Yun-Gyung Cheong,Sungkyunkwan University,https://inglab.github.io,yhfGHeIAAAAJ,0000-0000-0000-0000
Yun-Heh Chen-Burger,Heriot-Watt University,https://researchportal.hw.ac.uk/en/persons/yun-heh-chen-burger,GKiqYxoAAAAJ,0000-0000-0000-0000
Yun-Heh Jessica Chen-Burger,Heriot-Watt University,https://researchportal.hw.ac.uk/en/persons/yun-heh-chen-burger,GKiqYxoAAAAJ,0000-0000-0000-0000
Yun-Hong Wang 0001,Beihang University,http://irip.buaa.edu.cn/yhwang,0ez7lA0AAAAJ,0000-0000-0000-0000
Yun-Hui Liu 0001,Chinese University of Hong Kong,https://www.cse.cuhk.edu.hk/people/faculty/yunhui-liu,NOSCHOLARPAGE,0000-0002-3625-6679
Yun-Nung Chen,National Taiwan University,https://www.csie.ntu.edu.tw/~yvchen,jQLg-_UAAAAJ,0000-0000-0000-0000
Yun-hui Liu 0001,Chinese University of Hong Kong,https://www.cse.cuhk.edu.hk/people/faculty/yunhui-liu,NOSCHOLARPAGE,0000-0000-0000-0000
Yunan Chen,Univ. of California - Irvine,http://www.ics.uci.edu/~yunanc,QjbgoY8AAAAJ,0000-0000-0000-0000
Yunan Luo,Georgia Institute of Technology,https://faculty.cc.gatech.edu/~yunan,N8RBFoAAAAAJ,0000-0001-7728-6412
Yunan Yang,Cornell University,https://yunany.github.io,Db_1B18AAAAJ,0000-0001-7238-7978
Yunbo Rao,UESTC,http://www.raoyunbo.cn,NOSCHOLARPAGE,0000-0000-0000-0000
Yunbo Wang,Shanghai Jiao Tong University,https://wyb15.github.io,C8bGfr0AAAAJ,0000-0002-6215-8888
Yunbo Zhang,Rochester Inst. of Technology,http://www.willyunbozhang.com,jJ5svmIAAAAJ,0009-0009-3612-1203
Yunchao Wei,Beijing Jiaotong University,https://weiyc.github.io,qL9Csv0AAAAJ,0000-0002-2812-8781
Yuncheng Wu,Renmin University of China,https://lemonviv.github.io,4sF6Gw4AAAAJ,0000-0002-1436-3916
Yuncong Hu,Shanghai Jiao Tong University,https://huyuncong.com,3rPkR0YAAAAJ,0000-0002-8338-3507
Yunfang Wu,Peking University,http://icl.pku.edu.cn/members/wuyf/default.htm,NOSCHOLARPAGE,0000-0000-0000-0000
Yunfeng Wu,Xiamen University,http://mirel.xmu.edu.cn/wu,R-ngj74AAAAJ,0000-0000-0000-0000
Yung H. Tsin,University of Windsor,http://www.uwindsor.ca/science/computerscience/1025/dr-yung-h-tsin,NOSCHOLARPAGE,0000-0000-0000-0000
Yung Yi,KAIST,http://lanada.kaist.ac.kr/~yi,DESZt8wAAAAJ,0000-0000-0000-0000
Yung-Hsiang Lu,Purdue University,https://engineering.purdue.edu/ECE/People/profile?resource_id=3355,aORND2cAAAAJ,0000-0002-5491-7661
Yung-Ju Chang,National Chiao Tung University,http://people.cs.nctu.edu.tw/~armuro,KRQlQOIAAAAJ,0000-0001-6956-3459
Yung-Nien Sun,National Cheng Kung University,http://www.csie.ncku.edu.tw/ncku_csie/depmember/teacherdetail/id/3,NOSCHOLARPAGE,0000-0000-0000-0000
Yung-Yu Chuang,National Taiwan University,https://www.csie.ntu.edu.tw/~cyy,uSS3FwQAAAAJ,0000-0002-1383-0017
Yungang Bao,Chinese Academy of Sciences,http://asg.ict.ac.cn/baoyg,F2vVbs8AAAAJ,0000-0001-6565-5276
Yunhai Tong,Peking University,http://www.cis.pku.edu.cn/faculty/system/tongyunhai/tongyunhai.htm,NOSCHOLARPAGE,0000-0001-8735-2516
Yunhai Wang,Renmin University of China,http://www.yunhaiwang.net,ngPMK7QAAAAJ,0000-0003-0059-6580
Yunhao Liu 0001,Tsinghua University,https://people.gix.tsinghua.edu.cn/yunhao,hon00PIAAAAJ,0000-0001-8052-9200
Yunhao Yuan 0001,Yangzhou University,https://teacher.yzu.edu.cn/YYH9/en/more/393619/jsjjgd/index.htm,RTJh0WAAAAAJ,0000-0000-0000-0000
Yunhe Feng,University of North Texas,https://computerscience.engineering.unt.edu/people/faculty/yunhe-feng,E7hCUPgAAAAJ,0000-0001-6577-227X
Yunhe Pan,Zhejiang University,http://mypage.zju.edu.cn/panyunhe,NOSCHOLARPAGE,0000-0000-0000-0000
Yunheung Paek,Seoul National University,http://sor.snu.ac.kr/document/professors,lQ6E5F0AAAAJ,0000-0002-6412-2926
Yunho Oh,Korea University,https://yunho-oh.github.io,Bh0k83sAAAAJ,0000-0001-6442-3705
Yunhong Wang 0001,Beihang University,http://irip.buaa.edu.cn/yhwang,0ez7lA0AAAAJ,0000-0001-8001-2703
Yunhuai Liu,Peking University,http://www.yunhuai.net/Yunhuai.htm,fsaThecAAAAJ,0000-0002-1180-8078
Yunhui Guo,University of Texas at Dallas,https://yunhuiguo.github.io,BxIXuZYAAAAJ,0000-0002-2623-7554
Yunhui Liu 0001,Chinese University of Hong Kong,https://www.cse.cuhk.edu.hk/people/faculty/yunhui-liu,NOSCHOLARPAGE,0000-0002-3625-6679
Yuni Xia,IUPUI,http://cs.iupui.edu/~yxia,NOSCHOLARPAGE,0000-0000-0000-0000
Yunja Choi,Kyungpook National University,http://sselab.dothome.co.kr/wordpress/index.php/yunjachoi,_m9BfuwAAAAJ,0000-0002-6300-1364
Yunjiang Lou,Harbin Institute of Technology,http://faculty.hitsz.edu.cn/louyunjiang,8Ulrn3cAAAAJ,0000-0001-8203-7795
Yunjun Gao,Zhejiang University,http://mypage.zju.edu.cn/gaoyj_cn,NOSCHOLARPAGE,0000-0003-3816-8450
Yunlei Zhao,Fudan University,http://www.cs.fudan.edu.cn/?page_id=2655###,NOSCHOLARPAGE,0000-0000-0000-0000
Yunlong Mao,Nanjing University,https://ylmao.github.io,sT2tWUoAAAAJ,0000-0001-9024-9544
Yunming Xiao,CUHK (SZ),https://sds.cuhk.edu.cn/en/teacher/2127,orO8ymwAAAAJ,0000-0002-4913-4881
Yunming Ye,Harbin Institute of Technology,http://faculty.hitsz.edu.cn/yeyunming,NOSCHOLARPAGE,0000-0002-1807-8581
Yunong Zhang,Sun Yat-sen University,http://yss.sysu.edu.cn/node/376,o7Wj-9sAAAAJ,0000-0000-0000-0000
Yunpeng Chai,Renmin University of China,http://info.ruc.edu.cn/en/faculty_detail.php?id=42,KzsOokYAAAAJ,0000-0002-3286-9259
Yunpeng Li 0001,University of Surrey,https://www.surrey.ac.uk/people/yunpeng-li,JzyKdRUAAAAJ,0000-0003-4798-541X
Yunqiang Yin,UESTC,http://www.mgmt.uestc.edu.cn/Document/TeacherList?Id=946,NOSCHOLARPAGE,0000-0000-0000-0000
Yunquan Zhang,Chinese Academy of Sciences,https://people.ucas.ac.cn/~zyq,Cxg_yNoAAAAJ,0000-0001-7520-9640
Yunsu Kim 0001,POSTECH,https://yunsukim.me,hFCU45kAAAAJ,0000-0000-0000-0000
Yuntao Wang 0001,Tsinghua University,http://pi.cs.tsinghua.edu.cn/lab/people/YuntaoWang,kHpwoAUAAAAJ,0000-0002-4249-8893
Yuntian Deng,University of Waterloo,https://yuntiandeng.com,tk0e5lYAAAAJ,0000-0001-5280-8974
Yunus Emre Selçuk,Yıldız Technical University,https://www.ce.yildiz.edu.tr/personal/yunus?lang=en,BnvP05kAAAAJ,0000-0000-0000-0000
Yunwen Lei,University of Birmingham,https://www.birmingham.ac.uk/staff/profiles/computer-science/academic-staff/lei-yunwen.aspx,g3dg0rsAAAAJ,0000-0002-5383-467X
Yunxin Zhao,University of Missouri,https://engineering.missouri.edu/faculty/yunxin-zhao,NOSCHOLARPAGE,0000-0000-0000-0000
Yunzhu Li,Columbia University,https://yunzhuli.github.io,WlA92lcAAAAJ,0000-0000-0000-0000
Yupeng Hu,Hunan University,http://www.yphu.cn/publications,NOSCHOLARPAGE,0009-0002-8349-1513
Yupeng Zhang 0001,Univ. of Illinois at Urbana-Champaign,https://zhangyp.web.illinois.edu,nLnKIikAAAAJ,0000-0000-0000-0000
Yuping Wang 0001,Tsinghua University,http://cg.cs.tsinghua.edu.cn/os/people/~yuping/index.html,AdCVXc8AAAAJ,0000-0000-0000-0000
Yuqi Chen 0001,ShanghaiTech University,https://yuqichen94.github.io,51itJEEAAAAJ,0000-0003-2988-6012
Yuqi Fang,Nanjing University,https://yqfang9199.github.io,P1KB8GEAAAAJ,0000-0002-8769-496X
Yuqian Wu,Peking University,http://www.icst.pku.edu.cn/audioLab/researchgroup.htm,NOSCHOLARPAGE,0000-0000-0000-0000
Yuqing Kong,Peking University,https://cfcs.pku.edu.cn/yuqkong,U5k-29kAAAAJ,0000-0002-5901-3004
Yuqun Zhang,SUSTech,https://faculty.sustech.edu.cn/zhangyq,pPyNyusAAAAJ,0000-0002-1499-5729
Yuri Boykov,University of Waterloo,https://cs.uwaterloo.ca/~yboykov,h6_PdYsAAAAJ,0000-0000-0000-0000
Yuri Frota,UFF,http://www2.ic.uff.br/~yuri,fTsmjYkAAAAJ,0000-0000-0000-0000
Yuri Gloumakov,University of Connecticut,https://www.ee.uconn.edu/yuri-gloumakov,XMVtscAAAAAJ,0000-0000-0000-0000
Yuri Kalnishkan,Royal Holloway Univ. of London,https://pure.royalholloway.ac.uk/portal/en/persons/yuri-kalnishkan_caa6d523-960f-4092-b49a-b5757cba4a9d.html,PDsTkmoAAAAJ,0000-0000-0000-0000
Yuri Pritykin,Princeton University,https://www.cs.princeton.edu/~pritykin,Arx56RkJBrYC,0000-0000-0000-0000
Yuri Rabinovich,University of Haifa,https://cs.haifa.ac.il/~yuri,sgH6VuwAAAAJ,0000-0000-0000-0000
Yuriy Brun,Univ. of Massachusetts Amherst,https://people.cs.umass.edu/~brun,YVfr3wwAAAAJ,0000-0003-3027-7986
Yuru Pei,Peking University,http://www.cis.pku.edu.cn/vision/Visual&Robot/people/pei%20yuru/pyr.htm,NOSCHOLARPAGE,0000-0000-0000-0000
Yury Makarychev,TTI Chicago,http://ttic.uchicago.edu/~yury,W4Y0jUIAAAAJ,0000-0003-3114-3947
Yury Polyanskiy,Massachusetts Inst. of Technology,http://www.mit.edu/~ypol,NOSCHOLARPAGE,0000-0000-0000-0000
Yusen Li,Nankai University,https://cc.nankai.edu.cn/2021/0323/c13619a548881/page.htm,4EJ9aekAAAAJ,0000-0001-6623-350X
Yuseok Jeon,Korea University,https://s2-lab.github.io,jiWJfWkAAAAJ,0000-0002-9461-6652
Yusheng Ji,National Inst. of Informatics,https://klab.nii.ac.jp,3EK_RaQAAAAJ,0000-0003-4364-8491
Yushun Dong,Florida State University,https://www.cs.fsu.edu/department/faculty/dong,_QUhuOMAAAAJ,0000-0001-7504-6159
Yusu Wang 0001,Univ. of California - San Diego,http://yusu.belkin-wang.org,L7jhqMIAAAAJ,0000-0000-0000-0000
Yusuf Murat Erten,Izmir Institute of Technology,http://ceng.iyte.edu.tr/people/murat-erten,XY_kpWgAAAAJ,0000-0000-0000-0000
Yusuf Sahillioglu,Middle East Technical University,http://user.ceng.metu.edu.tr/~ys,1bu8cjoAAAAJ,0000-0002-7997-4232
Yusuf Yaslan,Istanbul Technical University,https://web.itu.edu.tr/yyaslan,0GSCY28AAAAJ,0000-0001-8038-948X
Yusuke Komiyama,National Inst. of Informatics,https://www.nii.ac.jp/en/faculty/digital_content/komiyama_yusuke,EUUHxcwAAAAJ,0000-0000-0000-0000
Yusuke Miyao,University of Tokyo,https://mynlp.github.io/en,NOSCHOLARPAGE,0000-0000-0000-0000
Yusung Kim 0001,Sungkyunkwan University,https://csi-skku.github.io,xGbTgpoAAAAJ,0000-0002-9306-8738
Yuta Asano,National Inst. of Informatics,https://www.nii.ac.jp/en/faculty/digital_content/asano_yuta,2ghZ1bUAAAAJ,0000-0002-0898-7802
Yuta Itoh 0001,Tokyo Institute of Technology,http://www.ar.c.titech.ac.jp,Di_mQ08AAAAJ,0000-0002-5901-797X
Yuta Nakashima,Osaka University,https://www.n-yuta.jp,LNvd0VQAAAAJ,0000-0000-0000-0000
Yuta Sugiura,Keio University,https://lclab.org/people/yutasugiura,ZlK1mVsAAAAJ,0000-0003-3735-4809
Yutaka Akiyama,Tokyo Institute of Technology,http://www.bi.cs.titech.ac.jp/web/top_en.html,NOSCHOLARPAGE,0000-0003-2863-8703
Yutaka Ishikawa,National Inst. of Informatics,https://www.syssoft.nii.ac.jp,NOSCHOLARPAGE,0000-0003-2286-9770
Yutaka Satoh,University of Tsukuba,https://staff.aist.go.jp/yu.satou,NOSCHOLARPAGE,0000-0002-0638-0855
Yutao Ma,Wuhan University,http://cs.whu.edu.cn/teacherinfo.aspx?id=206,_92TyiIAAAAJ,0000-0003-4239-2009
Yutao Qi,Xidian University,https://web.xidian.edu.cn/qiyutao,F7mTF4kAAAAJ,0000-0000-0000-0000
Yutian Tang,University of Glasgow,https://www.chrisyttang.org,cgdLmTUAAAAJ,0000-0001-5677-4564
Yuting Chen 0001,Shanghai Jiao Tong University,https://ddst.sjtu.edu.cn/MemberDetail.aspx?id=5,2AjR92EAAAAJ,0000-0002-4128-8966
Yuting Wang 0001,Shanghai Jiao Tong University,https://jhc.sjtu.edu.cn/~yutingwang,MsWaAjcAAAAJ,0000-0003-3990-2418
Yutong Wang 0002,Illinois Institute of Technology,https://www.iit.edu/directory/people/yutong-wang,GH7ryE4AAAAJ,0000-0000-0000-0000
Yutong Xie 0001,MBZUAI,https://mbzuai.ac.ae/study/faculty/yutong-xie,ddDL9HMAAAAJ,0000-0002-6644-1250
Yuval Dagan,Tel Aviv University,https://en-exact-sciences.tau.ac.il/profile/ydagan,X91gWisAAAAJ,0000-0002-7940-4002
Yuval Elovici,Ben-Gurion University of the Negev,https://cyber.bgu.ac.il/yuval,ruZDm9QAAAAJ,0000-0002-9641-128X
Yuval Emek,Technion,https://yemek.net.technion.ac.il,q2WvHtkAAAAJ,0000-0002-3123-3451
Yuval Filmus,Technion,https://yuvalfilmus.cs.technion.ac.il,TFvs8NgAAAAJ,0000-0000-0000-0000
Yuval Ishai,Technion,http://www.cs.technion.ac.il/~yuvali,zc920lAAAAAJ,0009-0009-4096-6305
Yuval Kochman,Hebrew University of Jerusalem,http://www.cs.huji.ac.il/~yuvalko,gNoj8SkAAAAJ,0000-0000-0000-0000
Yuval Peled,Hebrew University of Jerusalem,https://www.cs.huji.ac.il/~yuvalp02,l5OiPlcAAAAJ,0000-0000-0000-0000
Yuval Pinter,Ben-Gurion University of the Negev,https://www.cs.bgu.ac.il/~pintery,aYAcXccAAAAJ,0000-0003-3174-1621
Yuval Rabani,Hebrew University of Jerusalem,http://www.cs.huji.ac.il/~yrabani/Yuval_Rabani/Yuval_Rabani.html,vTigGywAAAAJ,0000-0001-7772-2544
Yuval Tamir,Univ. of California - Los Angeles,http://www.cs.ucla.edu/~tamir,NOSCHOLARPAGE,0009-0007-1266-4815
Yuval Yarom,Ruhr-University Bochum,https://yuval.yarom.org,gUnKl-cAAAAJ,0000-0003-0401-4197
Yuvraj Agarwal,Carnegie Mellon University,http://www.synergylabs.org/yuvraj,H4UeZ2MAAAAJ,0000-0001-9304-6080
Yuvraj Patel,University of Edinburgh,https://homepages.inf.ed.ac.uk/ypatel,NOSCHOLARPAGE,0000-0000-0000-0000
Yuxi Fu,Shanghai Jiao Tong University,http://basics.sjtu.edu.cn/~yuxi,NOSCHOLARPAGE,0000-0000-0000-0000
Yuxi Sun 0002,Shenzhen University,https://sunyuxi.github.io,cz7Qel0AAAAJ,0000-0000-0000-0000
Yuxia Wang 0003,INSAIT,https://insait.ai/dr-yuxia-wang,8MshEYoAAAAJ,0000-0000-0000-0000
Yuxia Zhang,Beijing Institute of Technology,https://yuxiazhang-bit.github.io,lsYskbsAAAAJ,0000-0002-9371-5931
Yuxiang Wang 0003,Univ. of California - San Diego,https://cseweb.ucsd.edu/~yuxiangw,HGNZ1fkAAAAJ,0000-0000-0000-0000
Yuxin Chen 0001,University of Chicago,https://yuxinchen.org,-k1N7HAAAAAJ,0000-0000-0000-0000
Yuxin Chen 0002,University of Pennsylvania,https://statistics.wharton.upenn.edu/profile/yuxinc,RtNVud4AAAAJ,0000-0000-0000-0000
Yuxin Deng,SUFE,https://scai.sufe.edu.cn/dyx,anobfigAAAAJ,0000-0003-0753-418X
Yuxin Ma,SUSTech,http://cse.sustech.edu.cn/faculty/~mayx,tD4jh9sAAAAJ,0009-0001-4763-8015
Yuxin Peng,Peking University,http://www.icst.pku.edu.cn/mipl/yuxinpeng,mFsXPNYAAAAJ,0000-0000-0000-0000
Yuxin Su 0001,Sun Yat-sen University,https://yxsu.github.io,IrNImLsAAAAJ,0000-0002-3338-8561
Yuyan Bao,Augusta University,https://yuyanbao.github.io,PIIByJAAAAAJ,0000-0002-3832-3134
Yuyao Zhang,ShanghaiTech University,https://sist.shanghaitech.edu.cn/sist_en/2020/0814/c7582a54827/page.htm,gIE0JTAAAAAJ,0009-0009-4632-7934
Yuyin Zhou,Univ. of California - Santa Cruz,https://yuyinzhou.github.io,eiqVLC0AAAAJ,0000-0003-2232-9563
Yuying Li 0001,University of Waterloo,https://cs.uwaterloo.ca/~yuying,Ye3jjOQAAAAJ,0000-0000-0000-0000
Yuyu Wang 0001,UESTC,https://www.is.uestc.edu.cn/teachers.do?id=9681,NOSCHOLARPAGE,0000-0002-1198-1903
Yuzhang Shang,University of Central Florida,https://www.ucf.edu/expert/yuzhang-shang,6ZPL5E0AAAAJ,0000-0000-0000-0000
Yuzhe Tang,Syracuse University,http://ecs.syr.edu/faculty/yuzhe,Svln274AAAAJ,0000-0002-8911-106X
Yuzhen Ye,Indiana University,http://mendel.informatics.indiana.edu/~yye/lab,fH_ea0kAAAAJ,0000-0003-3707-3185
Yuzhong Qu,Nanjing University,http://ws.nju.edu.cn/~yzqu,NOSCHOLARPAGE,0000-0003-2777-8149
Yuzhou Chen,Temple University,https://yuzhouguangc.github.io/yuzhou,4HVVIr0AAAAJ,0000-0001-7945-7940
Yuzhuo Fu,Shanghai Jiao Tong University,https://dmne.sjtu.edu.cn/dmne/faculty/fuyuzhuo,NOSCHOLARPAGE,0000-0000-0000-0000
Yvan Peter,CRIStAL,http://cristal.univ-lille.fr/~peter,LM3OsaIAAAAJ,0000-0002-1145-357X
Yves Caniou,Ecole Normale Superieure de Lyon,http://graal.ens-lyon.fr/~ycaniou,NOSCHOLARPAGE,0000-0000-0000-0000
Yves Le Traon,University of Luxembourg,http://wwwen.uni.lu/recherche/fstc/computer_science_and_communications_research_unit/members/yves_le_traon,Wr0JrioAAAAJ,0000-0002-1045-4861
Yves Lespérance,York University,http://eecs.lassonde.yorku.ca/faculty/yves-lesperance,NOSCHOLARPAGE,0000-0000-0000-0000
Yves Robert,Ecole Normale Superieure de Lyon,http://graal.ens-lyon.fr/~yrobert,V-Aa0moAAAAJ,0000-0003-2361-055X
Yves Roggeman,Université libre de Bruxelles,http://www.ulb.ac.be/di/scsi/yrogge,NOSCHOLARPAGE,0000-0000-0000-0000
Yves Roos,CRIStAL,https://www.cristal.univ-lille.fr/profil/yroos,Bnsty4EAAAAJ,0000-0000-0000-0000
Yves-Alexandre de Montjoye,Imperial College London,https://www.imperial.ac.uk/computing/people/academic-staff,LVJtdoEAAAAJ,0000-0002-2559-5616
Yves-Stan Le Cornec,Ecole Normale Superieure de Lyon,http://www.ens-lyon.fr/m-yves-stan-le-cornec--318140.kjsp?RH=ENS-LYON-FR-CHERCHEU,NOSCHOLARPAGE,0000-0000-0000-0000
Yvette Graham,Trinity College Dublin,https://www.scss.tcd.ie/~ygraham,_iRbvFYAAAAJ,0000-0000-0000-0000
Yvo Desmedt,University of Texas at Dallas,http://www.utdallas.edu/~Yvo.Desmedt,NOSCHOLARPAGE,0000-0002-6679-7484
Yvonne Coady,University of Victoria,http://www.cs.uvic.ca/~ycoady,Z4GOmPMAAAAJ,0000-0000-0000-0000
Yvonne Dittrich,IT University of Copenhagen,https://pure.itu.dk/portal/en/persons/yvonne-dittrich(f2136570-f73c-446f-9fb0-6d9e461e2124).html,K6o-8eEAAAAJ,0000-0003-4757-3394
Yvonne Margaret Howard,University of Southampton,https://www.ecs.soton.ac.uk/people/ymhoward,NOSCHOLARPAGE,0000-0000-0000-0000
Yvonne Rogers,University College London,https://uclic.ucl.ac.uk/people/yvonne-rogers,qzcYcEAAAAAJ,0000-0001-7612-0234
Yücel Saygin,Sabancı University,http://people.sabanciuniv.edu/ysaygin,2hVUXWMAAAAJ,0000-0000-0000-0000
Yücel Yemez,Koç University,http://network.ku.edu.tr/~yyemez,12csu04AAAAJ,0000-0000-0000-0000
